source_ref,field,confidence,development_confidence,organisation_name,town_city,county,region,industry,route,sub_route,candidate_url,evidence_url,verification_evidence,development_current_value,development_action,verification_status,reason_code,production_target_sponsor_id
non-healthcare-company-websites-all-sectors.csv:61:website,website,high,high,Leeds Buddhist Vihara Trust,Leeds,West Yorkshire,Yorkshire and the Humber,,Worker,Tier 2 Ministers of Religion,https://www.leedsbuddhistvihara.org/,https://www.leedsbuddhistvihara.org/,,https://www.leedsbuddhistvihara.org/,promote_high_blank,,baseline_safe_auto_resolve,
non-healthcare-company-websites-all-sectors.csv:95:website,website,high,high,LESSEL LIMITED,London,,,,Worker,Scale-up,https://www.lessel.co.uk/,https://www.lessel.co.uk/,,https://www.lessel.co.uk/,promote_high_blank,,baseline_safe_auto_resolve,
non-healthcare-company-websites-all-sectors.csv:209:website,website,high,high,LogicMonitor UK Limited,London,,,,Worker,Global Business Mobility: Senior or Specialist Worker,https://www.logicmonitor.com/,https://www.logicmonitor.com/,,https://www.logicmonitor.com/,promote_high_blank,,baseline_safe_auto_resolve,
non-healthcare-company-websites-all-sectors.csv:269:website,website,high,high,London Sivan Kovil Trust,London,,,,Worker,Tier 2 Ministers of Religion,https://www.londonsivankovil.org.uk/,https://www.londonsivankovil.org.uk/,,https://www.londonsivankovil.org.uk/,promote_high_blank,,baseline_safe_auto_resolve,
non-healthcare-company-websites-all-sectors.csv:274:website,website,high,high,London Spirit (The Hundred) Limited,LONDON,,,,Worker,Skilled Worker,https://www.londonspirit.com/,https://www.londonspirit.com/,,https://www.londonspirit.com/,promote_high_blank,,baseline_safe_auto_resolve,
non-healthcare-company-websites-all-sectors.csv:297:website,website,high,high,Lord Wandsworth College,Hook,Hampshire,South East,,Temporary Worker,Charity Worker,https://www.lordwandsworth.org/,https://www.lordwandsworth.org/,,https://www.lordwandsworth.org/,promote_high_blank,,baseline_safe_auto_resolve,
non-healthcare-company-websites-all-sectors.csv:324:website,website,high,high,LSI Education,London,,,,Worker,Global Business Mobility: Senior or Specialist Worker,https://www.lsi.edu/,https://www.lsi.edu/en/,,https://www.lsi.edu/,promote_high_blank,,baseline_safe_auto_resolve,
non-healthcare-company-websites-all-sectors.csv:336:website,website,high,high,Lucy Cavendish College,Cambridge,Cambridgeshire,East of England,,Temporary Worker,Charity Worker,https://www.lucy.cam.ac.uk/,https://www.lucy.cam.ac.uk/,,https://www.lucy.cam.ac.uk/,promote_high_blank,,baseline_safe_auto_resolve,
non-healthcare-company-websites-all-sectors.csv:497:website,website,high,high,Maritime Insights & Intelligence Limited t/a Lloyd's List Intelligence,London,,,,Worker,Global Business Mobility: Senior or Specialist Worker,https://www.lloydslistintelligence.com/,https://www.lloydslistintelligence.com/,,https://www.lloydslistintelligence.com/,promote_high_blank,,baseline_safe_auto_resolve,
non-healthcare-company-websites-all-sectors.csv:548:website,website,high,high,Maxis GBN,London,,,,Worker,Skilled Worker,https://maxis-gbn.com/,https://maxis-gbn.com/,,https://maxis-gbn.com/,promote_high_blank,,baseline_safe_auto_resolve,
non-healthcare-company-websites-all-sectors.csv:565:website,website,high,high,McCann Erickson Advertising Ltd,London,,,,Worker,Skilled Worker,https://mccann.com/,https://mccann.com/,,https://mccann.com/,promote_high_blank,,baseline_safe_auto_resolve,
non-healthcare-company-websites-all-sectors.csv:712:website,website,high,high,MILAP FESTIVAL TRUST,LIVERPOOL,,,,Worker,Skilled Worker,https://milap.co.uk/,https://milap.co.uk/,,https://milap.co.uk/,promote_high_blank,,baseline_safe_auto_resolve,
non-healthcare-company-websites-all-sectors.csv:943:website,website,high,high,Muslim World League London Office Trust,London,,,,Worker,Tier 2 Ministers of Religion,https://www.mwllo.org.uk/,https://www.mwllo.org.uk/,,https://www.mwllo.org.uk/,promote_high_blank,,baseline_safe_auto_resolve,
non-healthcare-company-websites-all-sectors.csv:1055:website,website,high,high,NEC Europe Ltd,Uxbridge,,,,Worker,Global Business Mobility: Senior or Specialist Worker,https://uk.nec.com/,https://uk.nec.com/,,https://uk.nec.com/,promote_high_blank,,baseline_safe_auto_resolve,
non-healthcare-company-websites-all-sectors.csv:1111:website,website,high,high,New School Represents Limited,London,,,,Temporary Worker,Creative Worker,https://www.newschoolrepresents.com/,https://www.newschoolrepresents.com/,,https://www.newschoolrepresents.com/,promote_high_blank,,baseline_safe_auto_resolve,
non-healthcare-company-websites-all-sectors.csv:1120:website,website,high,high,NEWBOLD COLLEGE,BRACKNELL,BERKSHIRE,South East,,Worker,Tier 2 Ministers of Religion,https://www.newbold.ac.uk/,https://www.newbold.ac.uk/,,https://www.newbold.ac.uk/,promote_high_blank,,baseline_safe_auto_resolve,
non-healthcare-company-websites-all-sectors.csv:1176:website,website,high,high,Nightingale Hammerson,London,Choose a County,,,Worker,Skilled Worker,https://nightingalehammerson.org/,https://nightingalehammerson.org/,,https://nightingalehammerson.org/,promote_high_blank,,baseline_safe_auto_resolve,
non-healthcare-company-websites-all-sectors.csv:1198:website,website,high,high,Nityo Infotech Ltd,Reading,Berkshire,South East,,Worker,Global Business Mobility: Senior or Specialist Worker,https://www.nityo.com/,https://www.nityo.com/,,https://www.nityo.com/,promote_high_blank,,baseline_safe_auto_resolve,
non-healthcare-company-websites-all-sectors.csv:1222:website,website,high,high,Nord Anglia Education Ltd,London,,,,Worker,Skilled Worker,https://www.nordangliaeducation.com/,https://www.nordangliaeducation.com/,,https://www.nordangliaeducation.com/,promote_high_blank,,baseline_safe_auto_resolve,
non-healthcare-company-websites-all-sectors.csv:1264:website,website,high,high,Norwich School,Norwich,Norfolk,East of England,,Worker,Skilled Worker,https://www.norwich-school.org.uk/,https://www.norwich-school.org.uk/,,https://www.norwich-school.org.uk/,promote_high_blank,,baseline_safe_auto_resolve,
non-healthcare-company-websites-all-sectors.csv:1272:website,website,high,high,Nottingham Playhouse Trust Ltd,Nottingham,,,,Temporary Worker,Creative Worker,https://nottinghamplayhouse.co.uk/,https://nottinghamplayhouse.co.uk/,,https://nottinghamplayhouse.co.uk/,promote_high_blank,,baseline_safe_auto_resolve,
non-healthcare-company-websites-all-sectors.csv:1284:website,website,high,high,Novidea Limited,London,,,,Worker,Global Business Mobility: Senior or Specialist Worker,https://novidea.com/,https://novidea.com/en-us/,,https://novidea.com/,promote_high_blank,,baseline_safe_auto_resolve,
non-healthcare-company-websites-all-sectors.csv:1327:website,website,high,high,Oak Hill Theological College,London,,,,Temporary Worker,Religious Worker,https://www.oakhill.ac.uk/,https://www.oakhill.ac.uk/,,https://www.oakhill.ac.uk/,promote_high_blank,,baseline_safe_auto_resolve,
non-healthcare-company-websites-all-sectors.csv:1332:website,website,high,high,OAKHAM SCHOOL,OAKHAM,RUTLAND,East Midlands,,Temporary Worker,Charity Worker,https://www.oakham.rutland.sch.uk/,https://www.oakham.rutland.sch.uk/,,https://www.oakham.rutland.sch.uk/,promote_high_blank,,baseline_safe_auto_resolve,
non-healthcare-company-websites-all-sectors.csv:1349:website,website,high,high,OCCA House Ltd,Oxford,Oxfordshire,South East,,Temporary Worker,Religious Worker,https://theocca.org/,https://theocca.org/,,https://theocca.org/,promote_high_blank,,baseline_safe_auto_resolve,
non-healthcare-company-websites-all-sectors.csv:1397:website,website,high,high,Pattern Trading Ltd,London,London,London,,Worker,Global Business Mobility: Senior or Specialist Worker,https://uk.pattern.com/,https://uk.pattern.com/,,https://uk.pattern.com/,promote_high_blank,,baseline_safe_auto_resolve,
non-healthcare-company-websites-all-sectors.csv:1433:website,website,high,high,Pentland Brands plc,London,,,,Worker,Global Business Mobility: Senior or Specialist Worker,https://pentlandbrands.com/,https://pentlandbrands.com/,,https://pentlandbrands.com/,promote_high_blank,,baseline_safe_auto_resolve,
non-healthcare-company-websites-all-sectors.csv:1435:website,website,high,high,Penumbra Asset Finance (UK) Limited,London,,,,Worker,Skilled Worker,https://www.penumbra.finance/,https://www.penumbra.finance/,,https://www.penumbra.finance/,promote_high_blank,,baseline_safe_auto_resolve,
non-healthcare-company-websites-all-sectors.csv:1453:website,website,high,high,Personal Computer Music Ltd,London,,,,Temporary Worker,Creative Worker,https://market.pcmusic.info/,https://market.pcmusic.info/,,https://market.pcmusic.info/,promote_high_blank,,baseline_safe_auto_resolve,
non-healthcare-company-websites-all-sectors.csv:1465:website,website,high,high,PGIM FINANCIAL LIMITED,LONDON,,,,Worker,Global Business Mobility: Senior or Specialist Worker,https://www.pgim.com/,https://www.pgim.com/us/en/institutional,,https://www.pgim.com/,promote_high_blank,,baseline_safe_auto_resolve,
non-healthcare-company-websites-all-sectors.csv:1543:website,website,high,high,Planful UK Limited,London,,,,Worker,Global Business Mobility: Senior or Specialist Worker,https://planful.com/,https://planful.com/,,https://planful.com/,promote_high_blank,,baseline_safe_auto_resolve,
non-healthcare-company-websites-all-sectors.csv:1544:website,website,high,high,Planit Software Testing,Reading,,,,Worker,Global Business Mobility: Senior or Specialist Worker,https://www.planit.com/,https://www.planit.com/,,https://www.planit.com/,promote_high_blank,,baseline_safe_auto_resolve,
non-healthcare-company-websites-all-sectors.csv:1705:website,website,high,high,Ziehl-Abegg UK Ltd,Chelmsford,Essex,East of England,,Worker,Global Business Mobility: Senior or Specialist Worker,https://www.ziehl-abegg.com/,https://www.ziehl-abegg.com/,,https://www.ziehl-abegg.com/,promote_high_blank,,baseline_safe_auto_resolve,
non-healthcare-company-websites-all-sectors.csv:1852:website,website,high,high,Om Saravanabhava Seva Trust,LONDON,,,,Temporary Worker,Charity Worker,https://www.sharavanababa.org/,https://www.sharavanababa.org/,,https://www.sharavanababa.org/,promote_high_blank,,baseline_safe_auto_resolve,
non-healthcare-company-websites-all-sectors.csv:2001:website,website,high,high,OXFORD KOREAN CHURCH,OXFORD,,,,Worker,Tier 2 Ministers of Religion,https://www.oxfordkoreanchurch.org/,https://www.oxfordkoreanchurch.org/,,https://www.oxfordkoreanchurch.org/,promote_high_blank,,baseline_safe_auto_resolve,
non-healthcare-company-websites-all-sectors.csv:2006:website,website,high,high,OXFORD ONLINE SCHOOL LTD,Oxford,,,,Worker,Skilled Worker,https://www.oxfordonlineschool.org/,https://www.oxfordonlineschool.org/,,https://www.oxfordonlineschool.org/,promote_high_blank,,baseline_safe_auto_resolve,
non-healthcare-company-websites-all-sectors.csv:2283:website,website,high,high,Realeyes Data Services Limited,London,,,,Worker,Global Business Mobility: Senior or Specialist Worker,https://realeyes.ai/,https://realeyes.ai/,,https://realeyes.ai/,promote_high_blank,,baseline_safe_auto_resolve,
non-healthcare-company-websites-all-sectors.csv:2285:website,website,high,high,Reality Church London,London,,,,Worker,Tier 2 Ministers of Religion,https://www.realitychurch.london/,https://www.realitychurch.london/,,https://www.realitychurch.london/,promote_high_blank,,baseline_safe_auto_resolve,
non-healthcare-company-websites-all-sectors.csv:2296:website,website,high,high,Red Engineering Design Ltd,London,,,,Worker,Global Business Mobility: Senior or Specialist Worker,https://www.red-eng.com/,https://www.red-eng.com/,,https://www.red-eng.com/,promote_high_blank,,baseline_safe_auto_resolve,
non-healthcare-company-websites-all-sectors.csv:2308:website,website,high,high,"Redeemed Christian Church of God, Victory Assembly",Sheffield,South Yorkshire,Yorkshire and the Humber,,Temporary Worker,Religious Worker,https://www.victory-assembly.org/,https://www.victory-assembly.org/,,https://www.victory-assembly.org/,promote_high_blank,,baseline_safe_auto_resolve,
non-healthcare-company-websites-all-sectors.csv:2309:website,website,high,high,Redeemer Croydon Trust,Croydon,Surrey,South East,,Temporary Worker,Religious Worker,https://redeemercroydon.org/,https://redeemercroydon.org/,,https://redeemercroydon.org/,promote_high_blank,,baseline_safe_auto_resolve,
non-healthcare-company-websites-all-sectors.csv:2326:website,website,high,high,Refeyn Limited,Oxford,Oxfordshire,South East,,Worker,Skilled Worker,https://refeyn.com/,https://refeyn.com/,,https://refeyn.com/,promote_high_blank,,baseline_safe_auto_resolve,
non-healthcare-company-websites-all-sectors.csv:2371:website,website,high,high,RESINEX UK LIMITED,BUCKINGHAMSHIRE,,,,Temporary Worker,Global Business Mobility: Graduate Trainee,https://resinex.com/,https://resinex.com/el-GB,,https://resinex.com/,promote_high_blank,,baseline_safe_auto_resolve,
non-healthcare-company-websites-all-sectors.csv:2762:website,website,high,high,SBS Financial Software UK Ltd,Sheffield,,,,Worker,Skilled Worker,https://sbs-software.com/,https://sbs-software.com/,,https://sbs-software.com/,promote_high_blank,,baseline_safe_auto_resolve,
non-healthcare-company-websites-all-sectors.csv:2793:website,website,high,high,Scott Health & Safety Limited,Skelmersdale,Lancashire,North West,,Worker,Global Business Mobility: Senior or Specialist Worker,https://www.scottsafety.uk/,https://www.scottsafety.uk/,,https://www.scottsafety.uk/,promote_high_blank,,baseline_safe_auto_resolve,
non-healthcare-company-websites-all-sectors.csv:2814:website,website,high,high,SEAH WIND LTD,"Middlesbrough,",,,,Worker,Global Business Mobility: Senior or Specialist Worker,https://www.seahwind.com/,https://www.seahwind.com/,,https://www.seahwind.com/,promote_high_blank,,baseline_safe_auto_resolve,
non-healthcare-company-websites-all-sectors.csv:2903:website,website,high,high,Shaily  Innovations Ltd,Brentford,London  Middlesex,,,Worker,Global Business Mobility: Senior or Specialist Worker,https://shaily.co.uk/,https://shaily.co.uk/,,https://shaily.co.uk/,promote_high_blank,,baseline_safe_auto_resolve,
non-healthcare-company-websites-all-sectors.csv:2943:website,website,high,high,SHIA JAFARI MASHAYAKHI MOMIN JAMAT,Leicester,,,,Temporary Worker,Religious Worker,https://www.sjmmj.org/,https://www.sjmmj.org/,,https://www.sjmmj.org/,promote_high_blank,,baseline_safe_auto_resolve,
non-healthcare-company-websites-all-sectors.csv:3577:website,website,high,high,McDermott Marine Construction Limited,London,,,Construction,Worker,Skilled Worker,https://www.mcdermott.com/,https://www.mcdermott.com/,,https://www.mcdermott.com/,promote_high_blank,,baseline_safe_auto_resolve,
non-healthcare-company-websites-all-sectors.csv:3977:website,website,high,high,Ward and Burke Construction Ltd,London,,,Construction,Worker,Global Business Mobility: Senior or Specialist Worker,https://www.wardandburke.com/,https://www.wardandburke.com/,,https://www.wardandburke.com/,promote_high_blank,,baseline_safe_auto_resolve,
non-healthcare-company-websites-all-sectors.csv:4034:website,website,high,high,Abertay University,Dundee,Tayside,,Education,Worker,Skilled Worker,https://www.abertay.ac.uk/,https://www.abertay.ac.uk/,,https://www.abertay.ac.uk/,promote_high_blank,,baseline_safe_auto_resolve,
non-healthcare-company-websites-all-sectors.csv:4117:website,website,high,high,Bath Spa University,Bath,,,Education,Temporary Worker,Creative Worker,https://www.bathspa.ac.uk/,https://www.bathspa.ac.uk/,,https://www.bathspa.ac.uk/,promote_high_blank,,baseline_safe_auto_resolve,
non-healthcare-company-websites-all-sectors.csv:4150:website,website,high,high,Blackheath High School GDST,London,,,Education,Temporary Worker,Creative Worker,https://www.blackheathhighschool.gdst.net/,https://www.blackheathhighschool.gdst.net/,,https://www.blackheathhighschool.gdst.net/,promote_high_blank,,baseline_safe_auto_resolve,
non-healthcare-company-websites-all-sectors.csv:4208:website,website,high,high,Cambridge University Boat Club,Cambridge,,,Education,Worker,International Sportsperson,https://cubc.org.uk/,https://cubc.org.uk/,,https://cubc.org.uk/,promote_high_blank,,baseline_safe_auto_resolve,
non-healthcare-company-websites-all-sectors.csv:4225:website,website,high,high,Carfax Educational Consultants Limited,Wantage,,,Education,Worker,Skilled Worker,https://www.carfax-education.com/,https://www.carfax-education.com/,,https://www.carfax-education.com/,promote_high_blank,,baseline_safe_auto_resolve,
non-healthcare-company-websites-all-sectors.csv:4277:website,website,high,high,College of Optometrists,London,,,Education,Worker,Skilled Worker,https://www.college-optometrists.org/,https://www.college-optometrists.org/,,https://www.college-optometrists.org/,promote_high_blank,,baseline_safe_auto_resolve,
non-healthcare-company-websites-all-sectors.csv:4375:website,website,high,high,"Ellison Institute of Technology, Oxford Limited",Littlemore,Oxford,,Education,Worker,Skilled Worker,https://eit.org/,https://eit.org/,,https://eit.org/,promote_high_blank,,baseline_safe_auto_resolve,
non-healthcare-company-websites-all-sectors.csv:4384:website,website,high,high,Equa Multi Academy Trust,DEVIZES,,,Education,Temporary Worker,Charity Worker,https://www.equamead.org/,https://www.equamead.org/,,https://www.equamead.org/,promote_high_blank,,baseline_safe_auto_resolve,
non-healthcare-company-websites-all-sectors.csv:4407:website,website,high,high,Florida State University International Programs Association UK,London,,,Education,Worker,Global Business Mobility: Senior or Specialist Worker,https://international.fsu.edu/,https://international.fsu.edu/,,https://international.fsu.edu/,promote_high_blank,,baseline_safe_auto_resolve,
non-healthcare-company-websites-all-sectors.csv:4428:website,website,high,high,Gemological Institute of America London (GIA England t/a GIA London),London,,,Education,Worker,Global Business Mobility: Senior or Specialist Worker,https://www.gia.edu/,https://www.gia.edu/,,https://www.gia.edu/,promote_high_blank,,baseline_safe_auto_resolve,
non-healthcare-company-websites-all-sectors.csv:4480:website,website,high,high,Heriot-Watt University,EDINBURGH,,,Education,Worker,Skilled Worker,https://www.hw.ac.uk/,https://www.hw.ac.uk/,,https://www.hw.ac.uk/,promote_high_blank,,baseline_safe_auto_resolve,
non-healthcare-company-websites-all-sectors.csv:4623:website,website,high,high,Leeds Trinity University,Leeds,West Yorkshire,Yorkshire and the Humber,Education,Worker,Skilled Worker,https://www.leedstrinity.ac.uk/,https://www.leedstrinity.ac.uk/,,https://www.leedstrinity.ac.uk/,promote_high_blank,,baseline_safe_auto_resolve,
non-healthcare-company-websites-all-sectors.csv:4683:website,website,high,high,London Metropolitan University,London,,,Education,Temporary Worker,Creative Worker,https://www.londonmet.ac.uk/,https://www.londonmet.ac.uk/,,https://www.londonmet.ac.uk/,promote_high_blank,,baseline_safe_auto_resolve,
non-healthcare-company-websites-all-sectors.csv:4687:website,website,high,high,London School of Commerce (A Division of St.Piran's School (GB) Limited,London,,,Education,Worker,Global Business Mobility: Senior or Specialist Worker,https://www.lsclondon.co.uk/,https://www.lsclondon.co.uk/,,https://www.lsclondon.co.uk/,promote_high_blank,,baseline_safe_auto_resolve,
non-healthcare-company-websites-all-sectors.csv:4814:website,website,high,high,Northern School of Contemporary Dance,Leeds,,,Education,Temporary Worker,Creative Worker,https://www.nscd.ac.uk/,https://www.nscd.ac.uk/,,https://www.nscd.ac.uk/,promote_high_blank,,baseline_safe_auto_resolve,
non-healthcare-company-websites-all-sectors.csv:4872:website,website,high,high,London and South East University Group,Greenwich,Greater London,London,Education,Temporary Worker,Government Authorised Exchange,https://www.gre.ac.uk/,https://www.gre.ac.uk/,,https://www.gre.ac.uk/,promote_high_blank,,baseline_safe_auto_resolve,
non-healthcare-company-websites-all-sectors.csv:4997:website,website,high,high,Sheffield Hallam University,Sheffield,South Yorkshire,Yorkshire and the Humber,Education,Worker,Skilled Worker,https://www.shu.ac.uk/,https://www.shu.ac.uk/,,https://www.shu.ac.uk/,promote_high_blank,,baseline_safe_auto_resolve,
non-healthcare-company-websites-all-sectors.csv:5123:website,website,high,high,TEIKYO UNIVERSITY OF JAPAN IN DURHAM,DURHAM,DURHAM,North East,Education,Worker,Global Business Mobility: Senior or Specialist Worker,https://www.teikyouniversitydurham.com/,https://www.teikyouniversitydurham.com/,,https://www.teikyouniversitydurham.com/,promote_high_blank,,baseline_safe_auto_resolve,
non-healthcare-company-websites-all-sectors.csv:5162:website,website,high,high,The Glasgow School of Art,Glasgow,,,Education,Temporary Worker,Creative Worker,https://www.gsa.ac.uk/,https://www.gsa.ac.uk/,,https://www.gsa.ac.uk/,promote_high_blank,,baseline_safe_auto_resolve,
non-healthcare-company-websites-all-sectors.csv:5170:website,website,high,high,The Institute of Ismaili Studies,London,,,Education,Temporary Worker,Government Authorised Exchange,https://www.iis.ac.uk/,https://www.iis.ac.uk/,,https://www.iis.ac.uk/,promote_high_blank,,baseline_safe_auto_resolve,
non-healthcare-company-websites-all-sectors.csv:5186:website,website,high,high,The London School of Economics and Political Science,London,,,Education,Temporary Worker,Government Authorised Exchange,https://www.lse.ac.uk/,https://www.lse.ac.uk/,,https://www.lse.ac.uk/,promote_high_blank,,baseline_safe_auto_resolve,
non-healthcare-company-websites-all-sectors.csv:5192:website,website,high,high,The Master and Fellows of Emmanuel College in the University of Cambridge,Cambridge,,,Education,Worker,Skilled Worker,https://www.emma.cam.ac.uk/,https://www.emma.cam.ac.uk/,,https://www.emma.cam.ac.uk/,promote_high_blank,,baseline_safe_auto_resolve,
non-healthcare-company-websites-all-sectors.csv:5199:website,website,high,high,The Old Station Nursery Ltd,Faringdon,,,Education,Worker,Global Business Mobility: Senior or Specialist Worker,https://www.theoldstationnursery.co.uk/,https://www.theoldstationnursery.co.uk/,,https://www.theoldstationnursery.co.uk/,promote_high_blank,,baseline_safe_auto_resolve,
non-healthcare-company-websites-all-sectors.csv:5233:website,website,high,high,The United World College of the Atlantic Ltd,LLANTWIT MAJOR,,,Education,Temporary Worker,Charity Worker,https://www.uwcatlantic.org/,https://www.uwcatlantic.org/,,https://www.uwcatlantic.org/,promote_high_blank,,baseline_safe_auto_resolve,
non-healthcare-company-websites-all-sectors.csv:5297:website,website,high,high,UK COLLEGE OF BUSINESS AND COMPUTING LTD,London,,,Education,Worker,Global Business Mobility: Senior or Specialist Worker,https://ukcbc.ac.uk/,https://ukcbc.ac.uk/,,https://ukcbc.ac.uk/,promote_high_blank,,baseline_safe_auto_resolve,
non-healthcare-company-websites-all-sectors.csv:5301:website,website,high,high,Universities and Colleges Christian Fellowship,Oxford,,,Education,Worker,Tier 2 Ministers of Religion,https://www.uccf.org.uk/,https://www.uccf.org.uk/,,https://www.uccf.org.uk/,promote_high_blank,,baseline_safe_auto_resolve,
non-healthcare-company-websites-all-sectors.csv:5319:website,website,high,high,University of Bath,Bath,Bath and North East Somerset,South West,Education,Worker,Skilled Worker,https://www.bath.ac.uk/,https://www.bath.ac.uk/,,https://www.bath.ac.uk/,promote_high_blank,,baseline_safe_auto_resolve,
non-healthcare-company-websites-all-sectors.csv:5340:website,website,high,high,University of Chester,Chester,Cheshire,North West,Education,Worker,Skilled Worker,https://www.chester.ac.uk/,https://www.chester.ac.uk/,,https://www.chester.ac.uk/,promote_high_blank,,baseline_safe_auto_resolve,
non-healthcare-company-websites-all-sectors.csv:5342:website,website,high,high,University of Chicago Booth School of Business,London,,,Education,Worker,Global Business Mobility: Senior or Specialist Worker,https://www.chicagobooth.edu/,https://www.chicagobooth.edu/,,https://www.chicagobooth.edu/,promote_high_blank,,baseline_safe_auto_resolve,
non-healthcare-company-websites-all-sectors.csv:5371:website,website,high,high,University of Exeter,Exeter,Devon,South West,Education,Worker,Skilled Worker,https://www.exeter.ac.uk/,https://www.exeter.ac.uk/,,https://www.exeter.ac.uk/,promote_high_blank,,baseline_safe_auto_resolve,
non-healthcare-company-websites-all-sectors.csv:5386:website,website,high,high,University of Hull,Hull,,,Education,Worker,Skilled Worker,https://www.hull.ac.uk/,https://www.hull.ac.uk/,,https://www.hull.ac.uk/,promote_high_blank,,baseline_safe_auto_resolve,
non-healthcare-company-websites-all-sectors.csv:5389:website,website,high,high,University of Kent,Canterbury,Kent,South East,Education,Worker,Skilled Worker,https://jobs.kent.ac.uk/,https://jobs.kent.ac.uk/,,https://jobs.kent.ac.uk/,promote_high_blank,,baseline_safe_auto_resolve,
non-healthcare-company-websites-all-sectors.csv:5399:website,website,high,high,University of Lincoln,Lincoln,Lincolnshire,East Midlands,Education,Temporary Worker,Government Authorised Exchange,https://www.lincoln.ac.uk/,https://www.lincoln.ac.uk/,,https://www.lincoln.ac.uk/,promote_high_blank,,baseline_safe_auto_resolve,
non-healthcare-company-websites-all-sectors.csv:5409:website,website,high,high,University of Nottingham,Nottingham,,,Education,Worker,Skilled Worker,https://www.nottingham.ac.uk/,https://www.nottingham.ac.uk/,,https://www.nottingham.ac.uk/,promote_high_blank,,baseline_safe_auto_resolve,
non-healthcare-company-websites-all-sectors.csv:5416:website,website,high,high,University of Plymouth,Plymouth,Devon,South West,Education,Temporary Worker,Government Authorised Exchange,https://www.plymouth.ac.uk/,https://www.plymouth.ac.uk/,,https://www.plymouth.ac.uk/,promote_high_blank,,baseline_safe_auto_resolve,
non-healthcare-company-websites-all-sectors.csv:5431:website,website,high,high,University of St Mark & St John,Plymouth,Devon,South West,Education,Temporary Worker,Government Authorised Exchange,https://www.marjon.ac.uk/,https://www.marjon.ac.uk/,,https://www.marjon.ac.uk/,promote_high_blank,,baseline_safe_auto_resolve,
non-healthcare-company-websites-all-sectors.csv:5442:website,website,high,high,University of Sunderland,Sunderland,Tyne and Wear,North East,Education,Worker,Skilled Worker,https://www.sunderland.ac.uk/,https://www.sunderland.ac.uk/,,https://www.sunderland.ac.uk/,promote_high_blank,,baseline_safe_auto_resolve,
non-healthcare-company-websites-all-sectors.csv:5459:website,website,high,high,University of the West of Scotland,Paisley,,,Education,Worker,Skilled Worker,https://www.uws.ac.uk/,https://www.uws.ac.uk/,,https://www.uws.ac.uk/,promote_high_blank,,baseline_safe_auto_resolve,
non-healthcare-company-websites-all-sectors.csv:5465:website,website,high,high,University of Wales Trinity Saint David - Lampeter Campus,Lampeter,Ceredigion,Wales,Education,Temporary Worker,Government Authorised Exchange,https://www.uwtsd.ac.uk/,https://www.uwtsd.ac.uk/,,https://www.uwtsd.ac.uk/,promote_high_blank,,baseline_safe_auto_resolve,
non-healthcare-company-websites-all-sectors.csv:5468:website,website,high,high,University of Warwick,Coventry,,,Education,Temporary Worker,Creative Worker,https://warwick.ac.uk/,https://warwick.ac.uk/,,https://warwick.ac.uk/,promote_high_blank,,baseline_safe_auto_resolve,
non-healthcare-company-websites-all-sectors.csv:5471:website,website,high,high,University of Westminster,London,,,Education,Worker,Skilled Worker,https://www.westminster.ac.uk/,https://www.westminster.ac.uk/,,https://www.westminster.ac.uk/,promote_high_blank,,baseline_safe_auto_resolve,
non-healthcare-company-websites-all-sectors.csv:5481:website,website,high,high,US-UK Educational Commission (US-UK Fulbright Commission),London,,,Education,Worker,Skilled Worker,https://www.fulbright.org.uk/,https://www.fulbright.org.uk/,,https://www.fulbright.org.uk/,promote_high_blank,,baseline_safe_auto_resolve,
non-healthcare-company-websites-all-sectors.csv:5528:website,website,high,high,York St John University,YORK,,,Education,Worker,Skilled Worker,https://www.yorksj.ac.uk/,https://www.yorksj.ac.uk/,,https://www.yorksj.ac.uk/,promote_high_blank,,baseline_safe_auto_resolve,
non-healthcare-company-websites-all-sectors.csv:5760:website,website,high,high,Geosec Ground Engineering Ltd,London,,,Engineering,Worker,Global Business Mobility: Senior or Specialist Worker,https://www.geosec.co.uk/,https://www.geosec.co.uk/,,https://www.geosec.co.uk/,promote_high_blank,,baseline_safe_auto_resolve,
non-healthcare-company-websites-all-sectors.csv:5793:website,website,high,high,Guidance Automation,Leicester,,,Engineering,Worker,Global Business Mobility: Senior or Specialist Worker,https://www.guidanceautomation.com/,https://www.guidanceautomation.com/,,https://www.guidanceautomation.com/,promote_high_blank,,baseline_safe_auto_resolve,
non-healthcare-company-websites-all-sectors.csv:5895:website,website,high,high,LIA AEROSPACE LTD,Stockton-on-Tees,,,Engineering,Worker,Skilled Worker,https://lia-aerospace.com/,https://lia-aerospace.com/,,https://lia-aerospace.com/,promote_high_blank,,baseline_safe_auto_resolve,
non-healthcare-company-websites-all-sectors.csv:5906:website,website,high,high,Magellan Aerospace (UK) Ltd,Wrexham,,,Engineering,Worker,Global Business Mobility: Senior or Specialist Worker,https://magellan.aero/,https://magellan.aero/,,https://magellan.aero/,promote_high_blank,,baseline_safe_auto_resolve,
non-healthcare-company-websites-all-sectors.csv:6078:website,website,high,high,Shelbourne Reynolds Engineering Ltd,Bury St. Edmunds,Suffolk,East of England,Engineering,Worker,Skilled Worker,https://www.shelbourne.com/,https://www.shelbourne.com/,,https://www.shelbourne.com/,promote_high_blank,,baseline_safe_auto_resolve,
non-healthcare-company-websites-all-sectors.csv:6083:website,website,high,high,Simon Carves Engineering Ltd,Manchester,,,Engineering,Worker,Skilled Worker,https://ecigrouponline.com/,https://ecigrouponline.com/,,https://ecigrouponline.com/,promote_high_blank,,baseline_safe_auto_resolve,
non-healthcare-company-websites-all-sectors.csv:6098:website,website,high,high,Sojitz Aerospace Corporation,London,,,Engineering,Worker,Global Business Mobility: Senior or Specialist Worker,https://www.sojitz-aero.com/,https://www.sojitz-aero.com/,,https://www.sojitz-aero.com/,promote_high_blank,,baseline_safe_auto_resolve,
non-healthcare-company-websites-all-sectors.csv:6238:website,website,high,high,Acorn Insurance and Financial Services Limited,Liverpool,Merseyside,North West,Finance,Worker,Global Business Mobility: Senior or Specialist Worker,https://www.acorninsure.co.uk/,https://www.acorninsure.co.uk/,,https://www.acorninsure.co.uk/,promote_high_blank,,baseline_safe_auto_resolve,
non-healthcare-company-websites-all-sectors.csv:6394:website,website,high,high,Blackburn Diocesan Board of Finance Ltd,Blackburn,Lancashire,North West,Finance,Temporary Worker,Religious Worker,https://blackburn.anglican.org/,https://blackburn.anglican.org/,,https://blackburn.anglican.org/,promote_high_blank,,baseline_safe_auto_resolve,
non-healthcare-company-websites-all-sectors.csv:6397:website,website,high,high,BlackRock Investment Management (UK) Limited,London,,,Finance,Worker,Global Business Mobility: Senior or Specialist Worker,https://careers.blackrock.com/,https://careers.blackrock.com/,,https://careers.blackrock.com/,promote_high_blank,,baseline_safe_auto_resolve,
non-healthcare-company-websites-all-sectors.csv:6520:website,website,high,high,Creation Financial Services Limited,Solihull,,,Finance,Worker,Global Business Mobility: Senior or Specialist Worker,https://www.creation.co.uk/,https://www.creation.co.uk/,,https://www.creation.co.uk/,promote_high_blank,,baseline_safe_auto_resolve,
non-healthcare-company-websites-all-sectors.csv:6528:website,website,high,high,Crown Agents Bank Ltd,London,,,Finance,Worker,Skilled Worker,https://www.crownagentsbank.com/,https://www.crownagentsbank.com/,,https://www.crownagentsbank.com/,promote_high_blank,,baseline_safe_auto_resolve,
non-healthcare-company-websites-all-sectors.csv:6538:website,website,high,high,"DBS Bank Ltd, London Branch",London,,,Finance,Worker,Skilled Worker,https://www.dbs.com/,https://www.dbs.com/default.page,,https://www.dbs.com/,promote_high_blank,,baseline_safe_auto_resolve,
non-healthcare-company-websites-all-sectors.csv:6548:website,website,high,high,Diocese of Derby )diocesan Board of Finance Limited,Derby,Derbyshire,East Midlands,Finance,Temporary Worker,Religious Worker,https://derby.anglican.org/,https://derby.anglican.org/en/,,https://derby.anglican.org/,promote_high_blank,,baseline_safe_auto_resolve,
non-healthcare-company-websites-all-sectors.csv:6585:website,website,high,high,Eurobank Private Bank Luxembourg S.A London Branch,London,,,Finance,Worker,Global Business Mobility: Senior or Specialist Worker,https://www.eurobankpb.lu/,https://www.eurobankpb.lu/,,https://www.eurobankpb.lu/,promote_high_blank,,baseline_safe_auto_resolve,
non-healthcare-company-websites-all-sectors.csv:6598:website,website,high,high,FCMB Bank (UK) Limited,London,,,Finance,Worker,Skilled Worker,https://fcmbuk.com/,https://fcmbuk.com/,,https://fcmbuk.com/,promote_high_blank,,baseline_safe_auto_resolve,
non-healthcare-company-websites-all-sectors.csv:6624:website,website,high,high,FirstRand Bank Ltd (London Branch),London,,,Finance,Worker,Global Business Mobility: Senior or Specialist Worker,https://www.rmb.co.uk/,https://www.rmb.co.uk/,,https://www.rmb.co.uk/,promote_high_blank,,baseline_safe_auto_resolve,
non-healthcare-company-websites-all-sectors.csv:6677:website,website,high,high,GUARANTY TRUST BANK (UK) LIMITED,LONDON,,,Finance,Worker,Global Business Mobility: Senior or Specialist Worker,https://www.gtbankuk.com/,https://www.gtbankuk.com/,,https://www.gtbankuk.com/,promote_high_blank,,baseline_safe_auto_resolve,
non-healthcare-company-websites-all-sectors.csv:6691:website,website,high,high,Hanson Asset Management Limited,London,,,Finance,Worker,Global Business Mobility: Senior or Specialist Worker,https://www.hansonam.com/,https://www.hansonam.com/,,https://www.hansonam.com/,promote_high_blank,,baseline_safe_auto_resolve,
non-healthcare-company-websites-all-sectors.csv:6722:website,website,high,high,ICBC Standard Bank PLC,London,,,Finance,Worker,Global Business Mobility: Senior or Specialist Worker,https://www.icbcstandardbank.com/,https://www.icbcstandardbank.com/,,https://www.icbcstandardbank.com/,promote_high_blank,,baseline_safe_auto_resolve,
non-healthcare-company-websites-all-sectors.csv:6830:website,website,high,high,LHV Bank Limited,London,,,Finance,Worker,Global Business Mobility: Senior or Specialist Worker,https://www.lhv.com/,https://www.lhv.com/,,https://www.lhv.com/,promote_high_blank,,baseline_safe_auto_resolve,
non-healthcare-company-websites-all-sectors.csv:6838:website,website,high,high,Lloyds Bank plc,London,,,Finance,Worker,Global Business Mobility: Senior or Specialist Worker,https://www.lloydsbank.com/,https://www.lloydsbank.com/,,https://www.lloydsbank.com/,promote_high_blank,,baseline_safe_auto_resolve,
non-healthcare-company-websites-all-sectors.csv:6851:website,website,high,high,LUXOFT FINANCIAL SERVICES UK LIMITED,London,,,Finance,Worker,Skilled Worker,https://www.luxoft.com/,https://www.luxoft.com/,,https://www.luxoft.com/,promote_high_blank,,baseline_safe_auto_resolve,
non-healthcare-company-websites-all-sectors.csv:6899:website,website,high,high,Mitsubishi UFJ Asset Management (UK) Ltd.,London,,,Finance,Worker,Skilled Worker,https://www.uk.am.mufg.jp/,https://www.uk.am.mufg.jp/,,https://www.uk.am.mufg.jp/,promote_high_blank,,baseline_safe_auto_resolve,
non-healthcare-company-websites-all-sectors.csv:6921:website,website,high,high,"MUFG Bank, Ltd.",London,,,Finance,Temporary Worker,Global Business Mobility: Graduate Trainee,https://www.mufgemea.com/,https://www.mufgemea.com/,,https://www.mufgemea.com/,promote_high_blank,,baseline_safe_auto_resolve,
non-healthcare-company-websites-all-sectors.csv:6933:website,website,high,high,NATIONAL BANK OF EGYPT (UK) LIMITED,LONDON,,,Finance,Worker,Global Business Mobility: Senior or Specialist Worker,https://www.nbeuk.com/,https://www.nbeuk.com/,,https://www.nbeuk.com/,promote_high_blank,,baseline_safe_auto_resolve,
non-healthcare-company-websites-all-sectors.csv:6937:website,website,high,high,National Counties Building Society,Epsom,,,Finance,Worker,Skilled Worker,https://www.ncbs.co.uk/,https://www.ncbs.co.uk/,,https://www.ncbs.co.uk/,promote_high_blank,,baseline_safe_auto_resolve,
non-healthcare-company-websites-all-sectors.csv:6957:website,website,high,high,Nomura Asset Management UK Limited,London,,,Finance,Worker,Global Business Mobility: Senior or Specialist Worker,https://www.nomura-asset.co.uk/,https://www.nomura-asset.co.uk/,,https://www.nomura-asset.co.uk/,promote_high_blank,,baseline_safe_auto_resolve,
non-healthcare-company-websites-all-sectors.csv:6975:website,website,high,high,ODE Asset Management Limited,Great Yarmouth,,,Finance,Worker,Global Business Mobility: Senior or Specialist Worker,https://www.ode-ltd.co.uk/,https://www.ode-ltd.co.uk/,,https://www.ode-ltd.co.uk/,promote_high_blank,,baseline_safe_auto_resolve,
non-healthcare-company-websites-all-sectors.csv:7003:website,website,high,high,PNC Financial Services UK Ltd,Haywards Heath,West Sussex,South East,Finance,Worker,Skilled Worker,https://www.pnc.com/,https://www.pnc.com/en/personal-banking.html,,https://www.pnc.com/,promote_high_blank,,baseline_safe_auto_resolve,
non-healthcare-company-websites-all-sectors.csv:7015:website,website,high,high,Prepaid Financial Services Limited,London,,,Finance,Worker,Global Business Mobility: Senior or Specialist Worker,https://prepaidfinancialservices.com/,https://prepaidfinancialservices.com/,,https://prepaidfinancialservices.com/,promote_high_blank,,baseline_safe_auto_resolve,
non-healthcare-company-websites-all-sectors.csv:7029:website,website,high,high,Creation Consumer Finance Limited,Solihull,West Midlands,West Midlands,Finance,Worker,Global Business Mobility: Senior or Specialist Worker,https://www.creation.co.uk/,https://www.creation.co.uk/,,https://www.creation.co.uk/,promote_high_blank,,baseline_safe_auto_resolve,
non-healthcare-company-websites-all-sectors.csv:7112:website,website,high,high,RSA Insurance Group Limited,London,,,Finance,Worker,Skilled Worker,https://www.rsainsurance.co.uk/,https://www.rsainsurance.co.uk/,,https://www.rsainsurance.co.uk/,promote_high_blank,,baseline_safe_auto_resolve,
non-healthcare-company-websites-all-sectors.csv:7159:website,website,high,high,SILPHIUM ASSET MANAGEMENT LIMITED,LONDON,,,Finance,Worker,Skilled Worker,https://www.silphium.com/,https://www.silphium.com/,,https://www.silphium.com/,promote_high_blank,,baseline_safe_auto_resolve,
non-healthcare-company-websites-all-sectors.csv:7165:website,website,high,high,SiriusPoint International Insurance Corporation,London,,,Finance,Worker,Global Business Mobility: Senior or Specialist Worker,https://www.siriuspt.com/,https://www.siriuspt.com/,,https://www.siriuspt.com/,promote_high_blank,,baseline_safe_auto_resolve,
non-healthcare-company-websites-all-sectors.csv:7171:website,website,high,high,Slate Asset Management (Europe) Limited,London,,,Finance,Worker,Global Business Mobility: Senior or Specialist Worker,https://www.slateam.com/,https://www.slateam.com/,,https://www.slateam.com/,promote_high_blank,,baseline_safe_auto_resolve,
non-healthcare-company-websites-all-sectors.csv:7210:website,website,high,high,Starz Mortgage Capital Ltd,London,,,Finance,Worker,Skilled Worker,https://www.starzrealestate.com/,https://www.starzrealestate.com/,,https://www.starzrealestate.com/,promote_high_blank,,baseline_safe_auto_resolve,
non-healthcare-company-websites-all-sectors.csv:7261:website,website,high,high,The Lincoln Diocesan Trust and Board of Finance Ltd,Lincoln,Lincolnshire,East Midlands,Finance,Temporary Worker,Religious Worker,https://www.lincoln.anglican.org/,https://www.lincoln.anglican.org/,,https://www.lincoln.anglican.org/,promote_high_blank,,baseline_safe_auto_resolve,
non-healthcare-company-websites-all-sectors.csv:7277:website,website,high,high,Tokio Marine Kiln Insurance Services Ltd,London,,,Finance,Worker,Global Business Mobility: Senior or Specialist Worker,https://www.tmkiln.com/,https://www.tmkiln.com/,,https://www.tmkiln.com/,promote_high_blank,,baseline_safe_auto_resolve,
non-healthcare-company-websites-all-sectors.csv:7283:website,website,high,high,Toyota Financial Services (UK) PLC,Epsom,Surrey,South East,Finance,Worker,Global Business Mobility: Senior or Specialist Worker,https://www.toyota.co.uk/,https://www.toyota.co.uk/,,https://www.toyota.co.uk/,promote_high_blank,,baseline_safe_auto_resolve,
non-healthcare-company-websites-all-sectors.csv:7308:website,website,high,high,U.S. Bank Europe DAC,London,,,Finance,Worker,Global Business Mobility: Senior or Specialist Worker,https://www.usbank.eu/,https://www.usbank.eu/,,https://www.usbank.eu/,promote_high_blank,,baseline_safe_auto_resolve,
non-healthcare-company-websites-all-sectors.csv:7320:website,website,high,high,United Bank for Africa (UK) Limited,LONDON,,,Finance,Worker,Skilled Worker,https://www.ubauk.com/,https://www.ubauk.com/,,https://www.ubauk.com/,promote_high_blank,,baseline_safe_auto_resolve,
non-healthcare-company-websites-all-sectors.csv:7322:website,website,high,high,United Insurance Brokers Limited,London,,,Finance,Worker,Skilled Worker,https://www.uib.co.uk/,https://www.uib.co.uk/,,https://www.uib.co.uk/,promote_high_blank,,baseline_safe_auto_resolve,
non-healthcare-company-websites-all-sectors.csv:7375:website,website,high,high,Westpac Banking Corporation,London,,,Finance,Worker,Global Business Mobility: Senior or Specialist Worker,https://www.westpac.com.au/,https://www.westpac.com.au/,,https://www.westpac.com.au/,promote_high_blank,,baseline_safe_auto_resolve,
non-healthcare-company-websites-all-sectors.csv:7581:website,website,high,high,"Cravath, Swaine & Moore LLP",London,,,Legal & Professional,Worker,Global Business Mobility: Senior or Specialist Worker,https://www.cravath.com/,https://www.cravath.com/,,https://www.cravath.com/,promote_high_blank,,baseline_safe_auto_resolve,
non-healthcare-company-websites-all-sectors.csv:7604:website,website,high,high,Fulcrum Asset Management LLP,London,,,Legal & Professional,Worker,Skilled Worker,https://fulcrumasset.com/,https://fulcrumasset.com/,,https://fulcrumasset.com/,promote_high_blank,,baseline_safe_auto_resolve,
non-healthcare-company-websites-all-sectors.csv:7610:website,website,high,high,"Greenberg Traurig, LLP",London,,,Legal & Professional,Worker,Global Business Mobility: Senior or Specialist Worker,https://www.gtlaw.com/,https://www.gtlaw.com/,,https://www.gtlaw.com/,promote_high_blank,,baseline_safe_auto_resolve,
non-healthcare-company-websites-all-sectors.csv:7640:website,website,high,high,Mariana UFP LLP,London,,,Legal & Professional,Worker,Global Business Mobility: Senior or Specialist Worker,https://marianaufp.com/,https://marianaufp.com/,,https://marianaufp.com/,promote_high_blank,,baseline_safe_auto_resolve,
non-healthcare-company-websites-all-sectors.csv:7649:website,website,high,high,Moore Kingston Smith LLP,London,,,Legal & Professional,Worker,Skilled Worker,https://mooreks.co.uk/,https://mooreks.co.uk/,,https://mooreks.co.uk/,promote_high_blank,,baseline_safe_auto_resolve,
non-healthcare-company-websites-all-sectors.csv:7690:website,website,high,high,TSG Consumer UK LLP,London,,,Legal & Professional,Worker,Skilled Worker,https://www.tsgconsumer.com/,https://www.tsgconsumer.com/,,https://www.tsgconsumer.com/,promote_high_blank,,baseline_safe_auto_resolve,
non-healthcare-company-websites-all-sectors.csv:8004:website,website,high,high,Azule Energy Holdings Limited,London,,,Other,Worker,Global Business Mobility: Senior or Specialist Worker,https://www.azule-energy.com/,https://www.azule-energy.com/,,https://www.azule-energy.com/,preserve_existing_same,,baseline_safe_auto_resolve,
non-healthcare-company-websites-all-sectors.csv:8006:website,website,high,high,Azuma Foods UK Ltd.,London,,,Other,Worker,Global Business Mobility: Senior or Specialist Worker,https://azumafoods.co.uk/,https://azumafoods.co.uk/,,https://azumafoods.co.uk/,preserve_existing_same,,baseline_safe_auto_resolve,
non-healthcare-company-websites-all-sectors.csv:8010:website,website,high,high,Azura Advisors UK Ltd,London,,,Other,Worker,Global Business Mobility: Senior or Specialist Worker,https://www.azura.com/,https://www.azura.com/,,https://www.azura.com/,preserve_existing_same,,baseline_safe_auto_resolve,
non-healthcare-company-websites-all-sectors.csv:8012:website,website,high,high,AZURA PARTNERS LTD,LONDON,,,Other,Worker,Skilled Worker,https://www.azura.com/,https://www.azura.com/,,https://www.azura.com/,preserve_existing_same,,baseline_safe_auto_resolve,
non-healthcare-company-websites-all-sectors.csv:9025:website,website,high,high,ABS Europe Limited,London,,,Other,Worker,Global Business Mobility: Senior or Specialist Worker,https://www.abs-group.com/,https://www.abs-group.com/,,https://www.abs-group.com/,preserve_existing_same,,baseline_safe_auto_resolve,
non-healthcare-company-websites-all-sectors.csv:9060:website,website,high,high,Academy Music Group,London,,,Other,Temporary Worker,Creative Worker,https://www.academymusicgroup.com/,https://www.academymusicgroup.com/,,https://www.academymusicgroup.com/,promote_high_blank,,baseline_safe_auto_resolve,
non-healthcare-company-websites-all-sectors.csv:9858:website,website,high,high,Ascom,Lichfield,Staffordshire,West Midlands,Other,Worker,Skilled Worker,https://career.ascom.com/,https://career.ascom.com/,,https://career.ascom.com/,promote_high_blank,,baseline_safe_auto_resolve,
non-healthcare-company-websites-all-sectors.csv:9933:website,website,high,high,ATHENEUM LIMITED,London,,,Other,Worker,Global Business Mobility: Senior or Specialist Worker,https://www.atheneum.ai/,https://www.atheneum.ai/,,https://www.atheneum.ai/,promote_high_blank,,baseline_safe_auto_resolve,
non-healthcare-company-websites-all-sectors.csv:9994:website,website,high,high,Axiom Manufacturing Services Limited,Newbridge,Caerphilly,Wales,Other,Worker,Global Business Mobility: Senior or Specialist Worker,https://www.axiom-ms.com/,https://www.axiom-ms.com/,,https://www.axiom-ms.com/,promote_high_blank,,baseline_safe_auto_resolve,
non-healthcare-company-websites-all-sectors.csv:10020:website,website,high,high,Babcock & Wilcox Volund Limited,London,,,Other,Worker,Global Business Mobility: Senior or Specialist Worker,https://www.babcock.com/,https://www.babcock.com/,,https://www.babcock.com/,promote_high_blank,,baseline_safe_auto_resolve,
non-healthcare-company-websites-all-sectors.csv:10109:website,website,high,high,BCG Global Specialty Businesses,London,,,Other,Worker,Skilled Worker,https://www.bcg.com/,https://www.bcg.com/,,https://www.bcg.com/,promote_high_blank,,baseline_safe_auto_resolve,
non-healthcare-company-websites-all-sectors.csv:10259:website,website,high,high,Billon Financial Ltd,London,,,Other,Worker,Global Business Mobility: Senior or Specialist Worker,https://billongroup.com/,https://billongroup.com/,,https://billongroup.com/,promote_high_blank,,baseline_safe_auto_resolve,
non-healthcare-company-websites-all-sectors.csv:10274:website,website,high,high,BIRDLIFE INTERNATIONAL,CAMBRIDGE,EAST ANGLIA,,Other,Temporary Worker,Charity Worker,https://www.birdlife.org/,https://www.birdlife.org/,,https://www.birdlife.org/,promote_high_blank,,baseline_safe_auto_resolve,
non-healthcare-company-websites-all-sectors.csv:10278:website,website,high,high,Birmingham Buddhist Vihara Trust,Birmingham,West Midlands,West Midlands,Other,Temporary Worker,Religious Worker,https://birminghambuddhistvihara.org/,https://birminghambuddhistvihara.org/,,https://birminghambuddhistvihara.org/,promote_high_blank,,baseline_safe_auto_resolve,
non-healthcare-company-websites-all-sectors.csv:10282:website,website,high,high,Birmingham Christian College,Birmingham,,,Other,Worker,Skilled Worker,https://bccoll.ac.uk/,https://bccoll.ac.uk/,,https://bccoll.ac.uk/,promote_high_blank,,baseline_safe_auto_resolve,
non-healthcare-company-websites-all-sectors.csv:10290:website,website,high,high,Birmingham Roman Catholic Diocese,Birmingham,West Midlands,West Midlands,Other,Worker,Skilled Worker,https://www.birminghamdiocese.org.uk/,https://www.birminghamdiocese.org.uk/,,https://www.birminghamdiocese.org.uk/,promote_high_blank,,baseline_safe_auto_resolve,
non-healthcare-company-websites-all-sectors.csv:10543:website,website,high,high,Bristol Music Trust,Bristol,,,Other,Temporary Worker,Creative Worker,https://bristolbeacon.org/,https://bristolbeacon.org/,,https://bristolbeacon.org/,promote_high_blank,,baseline_safe_auto_resolve,
non-healthcare-company-websites-all-sectors.csv:10632:website,website,high,high,Business Sweden Business Support Office UK branch,London,,,Other,Worker,Global Business Mobility: Senior or Specialist Worker,https://www.business-sweden.com/,https://www.business-sweden.com/,,https://www.business-sweden.com/,promote_high_blank,,baseline_safe_auto_resolve,
non-healthcare-company-websites-all-sectors.csv:10718:website,website,high,high,Canterbury Diocesan Board of Finance,Canterbury,Kent,South East,Other,Temporary Worker,Religious Worker,https://www.canterburydiocese.org/,https://www.canterburydiocese.org/,,https://www.canterburydiocese.org/,promote_high_blank,,baseline_safe_auto_resolve,
non-healthcare-company-websites-all-sectors.csv:10737:website,website,high,high,Caramel Rock,London,,,Other,Worker,Skilled Worker,https://caramelrock.com/,https://caramelrock.com/,,https://caramelrock.com/,promote_high_blank,,baseline_safe_auto_resolve,
non-healthcare-company-websites-all-sectors.csv:10769:website,website,high,high,CARMELITE PRIORY - OXFORD (The Friends of Whitefriars Oxford Trust),Oxford,Oxfordshire,South East,Other,Temporary Worker,Religious Worker,https://www.carmelite.uk.net/,https://www.carmelite.uk.net/,,https://www.carmelite.uk.net/,promote_high_blank,,baseline_safe_auto_resolve,
non-healthcare-company-websites-all-sectors.csv:10858:website,website,high,high,Ceva Animal Health Limited,Wooburn Green,Buckinghamshire,South East,Other,Worker,Global Business Mobility: Senior or Specialist Worker,https://www.ceva.co.uk/,https://www.ceva.co.uk/,,https://www.ceva.co.uk/,promote_high_blank,,baseline_safe_auto_resolve,
non-healthcare-company-websites-all-sectors.csv:10946:website,website,high,high,"CHRIST APOSTOLIC CHURCH, GRACE AND TRUTH MINISTRY, BIRMINGHAM",WALSALL,,,Public Services,Worker,Tier 2 Ministers of Religion,https://www.gtmbirmingham.com/,https://www.gtmbirmingham.com/,,https://www.gtmbirmingham.com/,promote_high_blank,,baseline_safe_auto_resolve,
non-healthcare-company-websites-all-sectors.csv:13020:website,website,high,high,BLACKWATER TECH LTD,London,,,Technology,Worker,Global Business Mobility: Senior or Specialist Worker,https://blackwater.tech/,https://blackwater.tech/,,https://blackwater.tech/,preserve_existing_same,,baseline_safe_auto_resolve,
non-healthcare-company-websites-all-sectors.csv:13120:website,website,high,high,China Telecom (Europe) Ltd.,London,,,Technology,Worker,Global Business Mobility: Senior or Specialist Worker,https://www.chinatelecomeurope.com/,https://www.chinatelecomeurope.com/,,https://www.chinatelecomeurope.com/,promote_high_blank,,baseline_safe_auto_resolve,
non-healthcare-company-websites-all-sectors.csv:13130:website,website,high,high,CLASS TECHNOLOGY SOLUTIONS LTD,Horsham,West Sussex,South East,Technology,Worker,Skilled Worker,https://www.class-technology.co.uk/,https://www.class-technology.co.uk/,,https://www.class-technology.co.uk/,promote_high_blank,,baseline_safe_auto_resolve,
non-healthcare-company-websites-all-sectors.csv:13158:website,website,high,high,Commonwealth Telecommunications Organisation,London,,,Technology,Temporary Worker,International Agreement,https://www.cto.int/,https://www.cto.int/,,https://www.cto.int/,promote_high_blank,,baseline_safe_auto_resolve,
non-healthcare-company-websites-all-sectors.csv:13172:website,website,high,high,Cov Tech Ltd,Coventry,,,Technology,Worker,Skilled Worker,https://www.covtech.co.uk/,https://www.covtech.co.uk/,,https://www.covtech.co.uk/,promote_high_blank,,baseline_safe_auto_resolve,
non-healthcare-company-websites-all-sectors.csv:13233:website,website,high,high,DIGITAL TRANSFORMATION CAPITAL PARTNERS UK LIMITED,London,,,Technology,Worker,Global Business Mobility: Senior or Specialist Worker,https://www.dtcp.capital/,https://www.dtcp.capital/,,https://www.dtcp.capital/,promote_high_blank,,baseline_safe_auto_resolve,
non-healthcare-company-websites-all-sectors.csv:13306:website,website,high,high,Epsilon Telecommunications Ltd,London,,,Technology,Worker,Skilled Worker,https://epsilontel.com/,https://epsilontel.com/,,https://epsilontel.com/,promote_high_blank,,baseline_safe_auto_resolve,
non-healthcare-company-websites-all-sectors.csv:13359:website,website,high,high,Flexera Software Limited,Risley,Warrington,North West,Technology,Worker,Global Business Mobility: Senior or Specialist Worker,https://www.flexera.com/,https://www.flexera.com/,,https://www.flexera.com/,promote_high_blank,,baseline_safe_auto_resolve,
non-healthcare-company-websites-all-sectors.csv:13467:website,website,high,high,Hi Tech Solutions and Consulting Ltd,Suffolk,,,Technology,Worker,Global Business Mobility: Senior or Specialist Worker,https://hi-tech.co.uk/,https://hi-tech.co.uk/,,https://hi-tech.co.uk/,promote_high_blank,,baseline_safe_auto_resolve,
non-healthcare-company-websites-all-sectors.csv:13479:website,website,high,high,HJS Emission Technology Limited,Swindon,,,Technology,Worker,Skilled Worker,https://hjs-emission.co.uk/,https://hjs-emission.co.uk/,,https://hjs-emission.co.uk/,promote_high_blank,,baseline_safe_auto_resolve,
non-healthcare-company-websites-all-sectors.csv:13791:website,website,high,high,"NEC Telecom MODUS, Ltd",Leatherhead,Surrey,South East,Technology,Worker,Global Business Mobility: Senior or Specialist Worker,https://careers.nec.com/,https://careers.nec.com/,,https://careers.nec.com/,promote_high_blank,,baseline_safe_auto_resolve,
non-healthcare-company-websites-all-sectors.csv:13830:website,website,high,high,Novatum Tech Limited,London,,,Technology,Worker,Skilled Worker,https://novatumtech.uk/,https://novatumtech.uk/en,,https://novatumtech.uk/,promote_high_blank,,baseline_safe_auto_resolve,
non-healthcare-company-websites-all-sectors.csv:13956:website,website,high,high,Open Box Software Limited,Rochester,Kent,South East,Technology,Worker,Global Business Mobility: Senior or Specialist Worker,https://www.openboxsoftware.com/,https://www.openboxsoftware.com/home,,https://www.openboxsoftware.com/,promote_high_blank,,baseline_safe_auto_resolve,
non-healthcare-company-websites-all-sectors.csv:13961:website,website,high,high,Options Technology Limited,London,,,Technology,Worker,Global Business Mobility: Senior or Specialist Worker,https://www.options-it.com/,https://www.options-it.com/,,https://www.options-it.com/,promote_high_blank,,baseline_safe_auto_resolve,
non-healthcare-company-websites-all-sectors.csv:14010:website,website,high,high,Quorum Cyber Security Limited,Edinburgh,,,Technology,Worker,Global Business Mobility: Senior or Specialist Worker,https://www.quorumcyber.com/,https://www.quorumcyber.com/,,https://www.quorumcyber.com/,promote_high_blank,,baseline_safe_auto_resolve,
non-healthcare-company-websites-all-sectors.csv:14027:website,website,high,high,Red Gate Software Ltd,Cambridge,Cambridgeshire,East of England,Technology,Worker,Global Business Mobility: Senior or Specialist Worker,https://www.red-gate.com/,https://www.red-gate.com/,,https://www.red-gate.com/,promote_high_blank,,baseline_safe_auto_resolve,
non-healthcare-company-websites-all-sectors.csv:14080:website,website,high,high,Sahaj Software Solutions UK Limited,London,,,Technology,Worker,Global Business Mobility: Senior or Specialist Worker,https://sahaj.ai/,https://sahaj.ai/,,https://sahaj.ai/,promote_high_blank,,baseline_safe_auto_resolve,
non-healthcare-company-websites-all-sectors.csv:14174:website,website,high,high,Sofyne Active Technology Ltd,London,,,Technology,Worker,Global Business Mobility: Senior or Specialist Worker,https://sofynetech.com/,https://sofynetech.com/,,https://sofynetech.com/,promote_high_blank,,baseline_safe_auto_resolve,
non-healthcare-company-websites-all-sectors.csv:14328:website,website,high,high,Trio Motion Technology Limited,Tewkesbury,,,Technology,Worker,Skilled Worker,https://triomotion.com/,https://triomotion.com/public/home.php,,https://triomotion.com/,promote_high_blank,,baseline_safe_auto_resolve,
non-healthcare-company-websites-all-sectors.csv:14518:website,website,high,high,International Logistics Group Limited,Burgess Hill,West Sussex,South East,Transport,Worker,Global Business Mobility: Senior or Specialist Worker,https://www.international-logistics-group.com/,https://www.international-logistics-group.com/uk-en/,,https://www.international-logistics-group.com/,promote_high_blank,,baseline_safe_auto_resolve,
batch1.csv:73:careers_url,careers,high,high,Acorn House Veterinary Hospital,Bedford,Bedfordshire,East of England,Healthcare,Worker,Skilled Worker,https://www.acornhousevets.co.uk/contact-us/practice-vacancies/,https://www.acornhousevets.co.uk/,,https://www.acornhousevets.co.uk/contact-us/practice-vacancies/,update_blank,,baseline_safe_auto_resolve,
batch1.csv:121:careers_url,careers,high,high,Ala-Ud-Din Mohammad Rajput ta KINGFISHER DENTAL SURGEY,Redditch,Worcestershire,West Midlands,Healthcare,Worker,Skilled Worker,https://www.kingfisherdental.co.uk/careers,https://www.kingfisherdental.co.uk/,,https://www.kingfisherdental.co.uk/careers,update_blank,,baseline_safe_auto_resolve,
batch1.csv:286:website_url,website,high,high,Assured Healthcare Solutions Limited,Tamworth,Staffordshire,West Midlands,Healthcare,Worker,Skilled Worker,https://www.assuredhealthcaresolutions.com/,https://www.assuredhealthcaresolutions.com/,,https://www.assuredhealthcaresolutions.com/,update_blank,,baseline_safe_auto_resolve,
batch1.csv:318:careers_url,careers,high,high,Avant Healthcare Services Ltd,Hounslow,Middlesex,,Healthcare,Worker,Skilled Worker,https://avanthomecare.co.uk/work-for-us/,https://avanthomecare.co.uk/,,https://avanthomecare.co.uk/work-for-us/,update_blank,,baseline_safe_auto_resolve,
batch1.csv:331:website_url,website,high,high,Avrin Pharma Ltd,Liverpool,Merseyside,North West,Healthcare,Worker,Skilled Worker,https://www.avrin.co.uk/,https://www.avrin.co.uk/,,https://www.avrin.co.uk/,update_blank,,baseline_safe_auto_resolve,
batch1.csv:340:careers_url,careers,high,high,Axis Healthcare Ltd,Milton Keynes,Buckinghamshire,South East,Healthcare,Worker,Skilled Worker,https://www.axishealthcare.co.uk/jobs-2,https://www.axishealthcare.co.uk/,,https://www.axishealthcare.co.uk/jobs-2,update_blank,,baseline_safe_auto_resolve,
batch1.csv:410:website_url,website,high,high,Baywater Healthcare Limited,Crewe,,,Healthcare,Worker,Global Business Mobility: Senior or Specialist Worker,https://www.baywater.co.uk/,https://www.baywater.co.uk/,,https://www.baywater.co.uk/,update_blank,,baseline_safe_auto_resolve,
batch1.csv:495:careers_url,careers,high,high,BGS Healthcare Ltd,Chippenham,Wiltshire,South West,Healthcare,Worker,Skilled Worker,https://www.bgs-healthcare.co.uk/job-opportunities,https://www.bgs-healthcare.co.uk/,,https://www.bgs-healthcare.co.uk/job-opportunities,update_blank,,baseline_safe_auto_resolve,
batch2.csv:139:careers_url,careers,high,high,Birchwood Medical Centre,Warrington,GB,,Healthcare,Worker,Skilled Worker,https://www.birchwoodmedicalcentre.co.uk/job-vacancies,https://www.birchwoodmedicalcentre.co.uk/,,https://www.birchwoodmedicalcentre.co.uk/job-vacancies,update_blank,,baseline_safe_auto_resolve,
batch3.csv:20:careers_url,careers,high,high,Black & Brown Dental Limited,Dunfermline,Fife,Scotland,Healthcare,Worker,Skilled Worker,https://www.blackandbrowndental.co.uk/careers,https://www.blackandbrowndental.co.uk/,,https://www.blackandbrowndental.co.uk/careers,update_blank,,baseline_safe_auto_resolve,
batch3.csv:27:careers_url,careers,high,high,Blossom24 Healthcare & Training Ltd,Northampton,,,Healthcare,Worker,Skilled Worker,https://blossom24careandtraining.com/work-with-us,https://blossom24careandtraining.com/,,https://blossom24careandtraining.com/work-with-us,update_blank,,baseline_safe_auto_resolve,
batch3.csv:50:careers_url,careers,high,high,BOOMERANG HEALTHCARE LIMITED,GATESHEAD,TYNE AND WEAR,North East,Healthcare,Worker,Skilled Worker,https://www.boomeranghealthcare.com/recruitment/,https://www.boomeranghealthcare.com/,,https://www.boomeranghealthcare.com/recruitment/,update_blank,,baseline_safe_auto_resolve,
batch3.csv:170:careers_url,careers,high,high,Care To You Healthcare Limited,Eastbourne,East Sussex,South East,Healthcare,Worker,Skilled Worker,https://caretoyouhealthcare.co.uk/jobs/,https://caretoyouhealthcare.co.uk/,,https://caretoyouhealthcare.co.uk/jobs/,update_blank,,baseline_safe_auto_resolve,
batch3.csv:216:careers_url,careers,high,high,CENTRALIZED AMBULANCE TRANSPORT SERVICES LTD,PETERBOROUGH,,,Healthcare,Worker,Skilled Worker,https://www.catsambulance.com/recruitment-form/,https://www.catsambulance.com/,,https://www.catsambulance.com/recruitment-form/,update_blank,,baseline_safe_auto_resolve,
batch3.csv:298:website_url,website,high,high,Cleveland Clinic London Ltd,Belgravia,London,London,Healthcare,Worker,Global Business Mobility: Senior or Specialist Worker,https://www.clevelandcliniclondon.uk/,https://www.clevelandcliniclondon.uk/,,https://www.clevelandcliniclondon.uk/,update_blank,,baseline_safe_auto_resolve,
batch3.csv:323:careers_url,careers,high,high,Colindale Dental,London,,,Healthcare,Worker,Skilled Worker,https://www.colindaledental.co.uk/recruitment/,https://www.colindaledental.co.uk/,,https://www.colindaledental.co.uk/recruitment/,update_blank,,baseline_safe_auto_resolve,
batch3.csv:335:website_url,website,high,high,"Concept Life Sciences, Integrated Discovery and Development Services Ltd.",High Peak,Derbyshire,East Midlands,Healthcare,Worker,Global Business Mobility: Senior or Specialist Worker,https://www.conceptlifesciences.com/,https://www.conceptlifesciences.com/,,https://www.conceptlifesciences.com/,update_blank,,baseline_safe_auto_resolve,
batch3.csv:372:careers_url,careers,high,high,Courtfield Healthcare Limited,BRISTOL,Avon,,Healthcare,Worker,Skilled Worker,https://www.courtfieldhealthcare.co.uk/careers/,https://www.courtfieldhealthcare.co.uk/,,https://www.courtfieldhealthcare.co.uk/careers/,update_blank,,baseline_safe_auto_resolve,
batch4.csv:35:careers_url,careers,high,high,Downing Dental Limited,Solihull,West Midlands,West Midlands,Healthcare,Worker,Skilled Worker,https://downingdental.co.uk/join-us,https://downingdental.co.uk/,,https://downingdental.co.uk/join-us,update_blank,,baseline_safe_auto_resolve,
batch4.csv:140:careers_url,careers,high,high,Empowerment Healthcare Limited,London,,,Healthcare,Worker,Skilled Worker,https://www.empowermenthealthcareltd.co.uk/recruitment,https://www.empowermenthealthcareltd.co.uk/,,https://www.empowermenthealthcareltd.co.uk/recruitment,update_blank,,baseline_safe_auto_resolve,
batch4.csv:145:careers_url,careers,high,high,Ennogen Healthcare International Limited,Dartford,,,Healthcare,Worker,Skilled Worker,https://ennogen.com/careers,https://ennogen.com/,,https://ennogen.com/careers,update_blank,,baseline_safe_auto_resolve,
batch4.csv:182:careers_url,careers,high,high,EVERYDAY LIVING HEALTHCARE LTD,Dereham,Norfolk,East of England,Healthcare,Worker,Skilled Worker,https://everydaylivingltd.co.uk/career-opportunities/,https://everydaylivingltd.co.uk/,,https://everydaylivingltd.co.uk/career-opportunities/,update_blank,,baseline_safe_auto_resolve,
batch4.csv:241:website_url,website,high,high,Fervid Healthcare Ltd,Stoke-On-Trent,,,Healthcare,Worker,Skilled Worker,https://www.fervidhealthcare.co.uk/,https://www.fervidhealthcare.co.uk/,,https://www.fervidhealthcare.co.uk/,update_blank,,baseline_safe_auto_resolve,
batch4.csv:283:careers_url,careers,high,high,Four Oaks Healthcare Limited,Birmingham,West Midlands,West Midlands,Healthcare,Worker,Skilled Worker,https://www.fouroakshealthcare.co.uk/jobs,https://www.fouroakshealthcare.co.uk/,,https://www.fouroakshealthcare.co.uk/jobs,update_blank,,baseline_safe_auto_resolve,
batch4.csv:338:careers_url,careers,high,high,Giddani Health Group Ltd,Plymouth,Devon,South West,Healthcare,Worker,Skilled Worker,https://giddanihealthgroup.co.uk/recruitment/,https://giddanihealthgroup.co.uk/,,https://giddanihealthgroup.co.uk/recruitment/,update_blank,,baseline_safe_auto_resolve,
batch4.csv:403:website_url,website,high,high,Greenlight Healthcare Ltd,London,London,London,Healthcare,Temporary Worker,Government Authorised Exchange,https://greenlightgp.co.uk/,https://greenlightgp.co.uk/,,https://greenlightgp.co.uk/,update_blank,,baseline_safe_auto_resolve,
batch5.csv:7:careers_url,careers,high,high,Heart Link Health Care Services Ltd,Dunfermline,,,Healthcare,Worker,Skilled Worker,https://heart-link.co.uk/join-us/,https://heart-link.co.uk/,,https://heart-link.co.uk/join-us/,update_blank,,baseline_safe_auto_resolve,
batch5.csv:15:careers_url,careers,high,high,Hebe Healthcare Limited,Birmingham,,,Healthcare,Worker,Skilled Worker,https://hebecare.co.uk/careers/,https://hebecare.co.uk/,,https://hebecare.co.uk/careers/,update_blank,,baseline_safe_auto_resolve,
batch5.csv:90:website_url,website,high,high,Huntleigh Healthcare Limited,Cardiff,,,Healthcare,Worker,Global Business Mobility: Senior or Specialist Worker,https://www.huntleigh-diagnostics.com/,https://www.huntleigh-diagnostics.com/,,https://www.huntleigh-diagnostics.com/,update_blank,,baseline_safe_auto_resolve,
batch5.csv:200:careers_url,careers,high,high,JHN HEALTHCARE LIMITED,RYDE,ISLE OF WIGHT,South East,Healthcare,Worker,Skilled Worker,https://jhnhealthcare.co.uk/jobs/,https://jhnhealthcare.co.uk/,,https://jhnhealthcare.co.uk/jobs/,update_blank,,baseline_safe_auto_resolve,
batch5.csv:335:website_url,website,high,high,"Kobayashi Healthcare Europe, Ltd.",London,,,Healthcare,Worker,Skilled Worker,https://www.kobayashihealthcare.co.uk/,https://www.kobayashihealthcare.co.uk/,,https://www.kobayashihealthcare.co.uk/,update_blank,,baseline_safe_auto_resolve,
batch5.csv:339:careers_url,careers,high,high,Kowa Pharmaceutical Europe Co. Ltd.,Wokingham,Berkshire,South East,Healthcare,Worker,Global Business Mobility: Senior or Specialist Worker,https://www.kowapharmaceuticals.eu/work-with-us/,https://www.kowapharmaceuticals.eu/,,https://www.kowapharmaceuticals.eu/work-with-us/,update_blank,,baseline_safe_auto_resolve,
batch5.csv:439:website_url,website,high,high,Links Medical Practice,Dudley,West Midlands,West Midlands,Healthcare,Worker,Skilled Worker,https://linksmedical.co.uk/,https://linksmedical.co.uk/,,https://linksmedical.co.uk/,update_blank,,baseline_safe_auto_resolve,
batch5.csv:476:careers_url,careers,high,high,London Specialist Pharmacy Ltd,Dagenham,,,Healthcare,Worker,Skilled Worker,https://specialist-pharmacy.com/about/careers/,https://specialist-pharmacy.com/,,https://specialist-pharmacy.com/about/careers/,update_blank,,baseline_safe_auto_resolve,
batch6.csv:128:website_url,website,high,high,MediCare Pharmacy Group,Belfast,,,Healthcare,Worker,Skilled Worker,https://medicare-group.com/,https://medicare-group.com/,,https://medicare-group.com/,update_blank,,baseline_safe_auto_resolve,
batch6.csv:174:careers_url,careers,high,high,Merstow Green Medical Practice,Evesham,Worcestershire,West Midlands,Healthcare,Worker,Skilled Worker,https://www.merstowgreenmedicalpractice.co.uk/current-vacancies,https://www.merstowgreenmedicalpractice.co.uk/,,https://www.merstowgreenmedicalpractice.co.uk/current-vacancies,update_blank,,baseline_safe_auto_resolve,
batch6.csv:376:careers_url,careers,high,high,NHS Grampian,Aberdeen,Aberdeenshire,Scotland,Healthcare,Worker,Skilled Worker,https://www.nhsgrampian.org/service-hub/podiatry/careers/,https://www.nhsgrampian.org/,,https://www.nhsgrampian.org/service-hub/podiatry/careers/,update_blank,,baseline_safe_auto_resolve,
batch6.csv:465:website_url,website,high,high,Oasis Healthcare Limited,Bristol,,,Healthcare,Worker,Global Business Mobility: Senior or Specialist Worker,https://www.oasisworkforcesolutions.com/,https://www.oasisworkforcesolutions.com/,,https://www.oasisworkforcesolutions.com/,update_blank,,baseline_safe_auto_resolve,
non-healthcare-company-websites-all-sectors.csv:67:website:production-target-71406:website,website,high,high,Leeds Theatre Trust Limited,Leeds,West Yorkshire,Yorkshire and the Humber,Healthcare,Temporary Worker,Creative Worker,https://www.leedsplayhouse.org.uk/,https://www.leedsplayhouse.org.uk/,"Exact production identity, high-confidence reviewed development value, same-site evidence, and a distinctive employer-domain match support a blank-only website write. Production identity resolved to sponsor row 71406 by exact current production evidence. Original blocker source: non-healthcare-company-websites-all-sectors.csv:67:website.",https://www.leedsplayhouse.org.uk/,promote_high_blank,,verified_blank_website_from_blocker_review,71406
non-healthcare-company-websites-all-sectors.csv:67:website:production-target-71407:website,website,high,high,Leeds Theatre Trust Limited,Leeds,West Yorkshire,Yorkshire and the Humber,Other,Temporary Worker,Creative Worker,https://www.leedsplayhouse.org.uk/,https://www.leedsplayhouse.org.uk/,"Exact production identity, high-confidence reviewed development value, same-site evidence, and a distinctive employer-domain match support a blank-only website write. Production identity resolved to sponsor row 71407 by exact current production evidence. Original blocker source: non-healthcare-company-websites-all-sectors.csv:67:website.",https://www.leedsplayhouse.org.uk/,promote_high_blank,,verified_blank_website_from_blocker_review,71407
non-healthcare-company-websites-all-sectors.csv:279:website:production-target-73981:website,website,high,high,LONDON TIGERS,LONDON,,,Other,Temporary Worker,Charity Worker,https://londontigers.org/,https://londontigers.org/,"Exact production identity, high-confidence reviewed development value, same-site evidence, and a distinctive employer-domain match support a blank-only website write. Production identity resolved to sponsor row 73981 by exact current production evidence. Original blocker source: non-healthcare-company-websites-all-sectors.csv:279:website.",https://londontigers.org/,promote_high_blank,,verified_blank_website_from_blocker_review,73981
non-healthcare-company-websites-all-sectors.csv:279:website:production-target-73982:website,website,high,high,LONDON TIGERS,LONDON,,,Hospitality,Temporary Worker,Charity Worker,https://londontigers.org/,https://londontigers.org/,"Exact production identity, high-confidence reviewed development value, same-site evidence, and a distinctive employer-domain match support a blank-only website write. Production identity resolved to sponsor row 73982 by exact current production evidence. Original blocker source: non-healthcare-company-websites-all-sectors.csv:279:website.",https://londontigers.org/,promote_high_blank,,verified_blank_website_from_blocker_review,73982
non-healthcare-company-websites-all-sectors.csv:279:website:production-target-73983:website,website,high,high,LONDON TIGERS,LONDON,,,Manufacturing,Temporary Worker,Charity Worker,https://londontigers.org/,https://londontigers.org/,"Exact production identity, high-confidence reviewed development value, same-site evidence, and a distinctive employer-domain match support a blank-only website write. Production identity resolved to sponsor row 73983 by exact current production evidence. Original blocker source: non-healthcare-company-websites-all-sectors.csv:279:website.",https://londontigers.org/,promote_high_blank,,verified_blank_website_from_blocker_review,73983
non-healthcare-company-websites-all-sectors.csv:290:website:production-target-74090:website,website,high,high,Longridge Towers School,Berwick-upon-Tweed,northumberland,North East,Technology,Temporary Worker,Charity Worker,https://lts.org.uk/,https://lts.org.uk/,"Exact production identity, high-confidence reviewed development value, same-site evidence, and a distinctive employer-domain match support a blank-only website write. Production identity resolved to sponsor row 74090 by exact current production evidence. Original blocker source: non-healthcare-company-websites-all-sectors.csv:290:website.",https://lts.org.uk/,promote_high_blank,,verified_blank_website_from_blocker_review,74090
non-healthcare-company-websites-all-sectors.csv:290:website:production-target-74091:website,website,high,high,Longridge Towers School,Berwick-upon-Tweed,northumberland,North East,Social Care,Temporary Worker,Charity Worker,https://lts.org.uk/,https://lts.org.uk/,"Exact production identity, high-confidence reviewed development value, same-site evidence, and a distinctive employer-domain match support a blank-only website write. Production identity resolved to sponsor row 74091 by exact current production evidence. Original blocker source: non-healthcare-company-websites-all-sectors.csv:290:website.",https://lts.org.uk/,promote_high_blank,,verified_blank_website_from_blocker_review,74091
non-healthcare-company-websites-all-sectors.csv:301:website:production-target-74183:website,website,high,high,Loretto School Ltd,Musselburgh,East Lothian,Scotland,Education,Temporary Worker,Charity Worker,https://www.loretto.com/,https://www.loretto.com/,"Exact production identity, high-confidence reviewed development value, same-site evidence, and a distinctive employer-domain match support a blank-only website write. Production identity resolved to sponsor row 74183 by exact current production evidence. Original blocker source: non-healthcare-company-websites-all-sectors.csv:301:website.",https://www.loretto.com/,promote_high_blank,,verified_blank_website_from_blocker_review,74183
non-healthcare-company-websites-all-sectors.csv:301:website:production-target-74184:website,website,high,high,Loretto School Ltd,Musselburgh,East Lothian,Scotland,Other,Temporary Worker,Charity Worker,https://www.loretto.com/,https://www.loretto.com/,"Exact production identity, high-confidence reviewed development value, same-site evidence, and a distinctive employer-domain match support a blank-only website write. Production identity resolved to sponsor row 74184 by exact current production evidence. Original blocker source: non-healthcare-company-websites-all-sectors.csv:301:website.",https://www.loretto.com/,promote_high_blank,,verified_blank_website_from_blocker_review,74184
non-healthcare-company-websites-all-sectors.csv:674:website:production-target-79870:website,website,high,high,METREA MANAGEMENT LIMITED,London,,,Technology,Worker,Global Business Mobility: Senior or Specialist Worker,https://www.metrea.aero/,https://www.metrea.aero/,"Exact production identity, high-confidence reviewed development value, same-site evidence, and a distinctive employer-domain match support a blank-only website write. Production identity resolved to sponsor row 79870 by exact current production evidence. Original blocker source: non-healthcare-company-websites-all-sectors.csv:674:website.",https://www.metrea.aero/,promote_high_blank,,verified_blank_website_from_blocker_review,79870
non-healthcare-company-websites-all-sectors.csv:674:website:production-target-79871:website,website,high,high,METREA MANAGEMENT LIMITED,London,,,Other,Worker,Global Business Mobility: Senior or Specialist Worker,https://www.metrea.aero/,https://www.metrea.aero/,"Exact production identity, high-confidence reviewed development value, same-site evidence, and a distinctive employer-domain match support a blank-only website write. Production identity resolved to sponsor row 79871 by exact current production evidence. Original blocker source: non-healthcare-company-websites-all-sectors.csv:674:website.",https://www.metrea.aero/,promote_high_blank,,verified_blank_website_from_blocker_review,79871
non-healthcare-company-websites-all-sectors.csv:816:website:production-target-82189:website,website,high,high,Monkton Combe School,Bath,BANES,,Manufacturing,Temporary Worker,Charity Worker,https://www.monktoncombeschool.com/,https://www.monktoncombeschool.com/,"Exact production identity, high-confidence reviewed development value, same-site evidence, and a distinctive employer-domain match support a blank-only website write. Production identity resolved to sponsor row 82189 by exact current production evidence. Original blocker source: non-healthcare-company-websites-all-sectors.csv:816:website.",https://www.monktoncombeschool.com/,promote_high_blank,,verified_blank_website_from_blocker_review,82189
non-healthcare-company-websites-all-sectors.csv:816:website:production-target-82190:website,website,high,high,Monkton Combe School,Bath,BANES,,Engineering,Temporary Worker,Charity Worker,https://www.monktoncombeschool.com/,https://www.monktoncombeschool.com/,"Exact production identity, high-confidence reviewed development value, same-site evidence, and a distinctive employer-domain match support a blank-only website write. Production identity resolved to sponsor row 82190 by exact current production evidence. Original blocker source: non-healthcare-company-websites-all-sectors.csv:816:website.",https://www.monktoncombeschool.com/,promote_high_blank,,verified_blank_website_from_blocker_review,82190
non-healthcare-company-websites-all-sectors.csv:818:website:production-target-82201:website,website,high,high,Monocle Solutions Ltd,London,,,Other,Worker,Global Business Mobility: Senior or Specialist Worker,https://www.monocle.co.uk/,https://www.monocle.co.uk/en-za/,"Exact production identity, high-confidence reviewed development value, same-site evidence, and a distinctive employer-domain match support a blank-only website write. Production identity resolved to sponsor row 82201 by exact current production evidence. Original blocker source: non-healthcare-company-websites-all-sectors.csv:818:website.",https://www.monocle.co.uk/,promote_high_blank,,verified_blank_website_from_blocker_review,82201
non-healthcare-company-websites-all-sectors.csv:818:website:production-target-82202:website,website,high,high,Monocle Solutions Ltd,London,,,Hospitality,Worker,Global Business Mobility: Senior or Specialist Worker,https://www.monocle.co.uk/,https://www.monocle.co.uk/en-za/,"Exact production identity, high-confidence reviewed development value, same-site evidence, and a distinctive employer-domain match support a blank-only website write. Production identity resolved to sponsor row 82202 by exact current production evidence. Original blocker source: non-healthcare-company-websites-all-sectors.csv:818:website.",https://www.monocle.co.uk/,promote_high_blank,,verified_blank_website_from_blocker_review,82202
non-healthcare-company-websites-all-sectors.csv:995:website:production-target-84831:website,website,high,high,NALA PAYMENTS LIMITED,London,,,Legal & Professional,Worker,Global Business Mobility: Senior or Specialist Worker,https://www.nala.com/,https://www.nala.com/,"Exact production identity, high-confidence reviewed development value, same-site evidence, and a distinctive employer-domain match support a blank-only website write. Production identity resolved to sponsor row 84831 by exact current production evidence. Original blocker source: non-healthcare-company-websites-all-sectors.csv:995:website.",https://www.nala.com/,promote_high_blank,,verified_blank_website_from_blocker_review,84831
non-healthcare-company-websites-all-sectors.csv:995:website:production-target-84832:website,website,high,high,NALA PAYMENTS LIMITED,London,,,Other,Worker,Global Business Mobility: Senior or Specialist Worker,https://www.nala.com/,https://www.nala.com/,"Exact production identity, high-confidence reviewed development value, same-site evidence, and a distinctive employer-domain match support a blank-only website write. Production identity resolved to sponsor row 84832 by exact current production evidence. Original blocker source: non-healthcare-company-websites-all-sectors.csv:995:website.",https://www.nala.com/,promote_high_blank,,verified_blank_website_from_blocker_review,84832
non-healthcare-company-websites-all-sectors.csv:1562:website:production-target-96151:website,website,high,high,Plymouth Diocesan Trust,Newton Abbot,Devon,South West,Education,Worker,Tier 2 Ministers of Religion,https://www.plymouth-diocese.org.uk/,https://www.plymouth-diocese.org.uk/,"Exact production identity, high-confidence reviewed development value, same-site evidence, and a distinctive employer-domain match support a blank-only website write. Production identity resolved to sponsor row 96151 by exact current production evidence. Original blocker source: non-healthcare-company-websites-all-sectors.csv:1562:website.",https://www.plymouth-diocese.org.uk/,promote_high_blank,,verified_blank_website_from_blocker_review,96151
non-healthcare-company-websites-all-sectors.csv:1562:website:production-target-96152:website,website,high,high,Plymouth Diocesan Trust,Newton Abbot,Devon,South West,Other,Worker,Tier 2 Ministers of Religion,https://www.plymouth-diocese.org.uk/,https://www.plymouth-diocese.org.uk/,"Exact production identity, high-confidence reviewed development value, same-site evidence, and a distinctive employer-domain match support a blank-only website write. Production identity resolved to sponsor row 96152 by exact current production evidence. Original blocker source: non-healthcare-company-websites-all-sectors.csv:1562:website.",https://www.plymouth-diocese.org.uk/,promote_high_blank,,verified_blank_website_from_blocker_review,96152
non-healthcare-company-websites-all-sectors.csv:1945:website:production-target-91363:website,website,high,high,Orlen LNG Trading Limited,London,,,Education,Worker,Skilled Worker,https://orlenlng.com/,https://orlenlng.com/,"Exact production identity, high-confidence reviewed development value, same-site evidence, and a distinctive employer-domain match support a blank-only website write. Production identity resolved to sponsor row 91363 by exact current production evidence. Original blocker source: non-healthcare-company-websites-all-sectors.csv:1945:website.",https://orlenlng.com/,promote_high_blank,,verified_blank_website_from_blocker_review,91363
non-healthcare-company-websites-all-sectors.csv:1945:website:production-target-91364:website,website,high,high,Orlen LNG Trading Limited,London,,,Construction,Worker,Skilled Worker,https://orlenlng.com/,https://orlenlng.com/,"Exact production identity, high-confidence reviewed development value, same-site evidence, and a distinctive employer-domain match support a blank-only website write. Production identity resolved to sponsor row 91364 by exact current production evidence. Original blocker source: non-healthcare-company-websites-all-sectors.csv:1945:website.",https://orlenlng.com/,promote_high_blank,,verified_blank_website_from_blocker_review,91364
non-healthcare-company-websites-all-sectors.csv:2117:website:production-target-99291:website,website,high,high,QADRIA TRUST (UK),Birmingham,,,Other,Temporary Worker,Religious Worker,https://www.qadriatrust.com/,https://www.qadriatrust.com/,"Exact production identity, high-confidence reviewed development value, same-site evidence, and a distinctive employer-domain match support a blank-only website write. Production identity resolved to sponsor row 99291 by exact current production evidence. Original blocker source: non-healthcare-company-websites-all-sectors.csv:2117:website.",https://www.qadriatrust.com/,promote_high_blank,,verified_blank_website_from_blocker_review,99291
non-healthcare-company-websites-all-sectors.csv:2117:website:production-target-99292:website,website,high,high,QADRIA TRUST (UK),Birmingham,,,Transport,Temporary Worker,Religious Worker,https://www.qadriatrust.com/,https://www.qadriatrust.com/,"Exact production identity, high-confidence reviewed development value, same-site evidence, and a distinctive employer-domain match support a blank-only website write. Production identity resolved to sponsor row 99292 by exact current production evidence. Original blocker source: non-healthcare-company-websites-all-sectors.csv:2117:website.",https://www.qadriatrust.com/,promote_high_blank,,verified_blank_website_from_blocker_review,99292
non-healthcare-company-websites-all-sectors.csv:2584:website:production-target-106044:website,website,high,high,Ryde School with Upper Chine,Ryde,Isle of Wight,South East,Social Care,Temporary Worker,Charity Worker,https://www.rydeschool.org.uk/,https://www.rydeschool.org.uk/,"Exact production identity, high-confidence reviewed development value, same-site evidence, and a distinctive employer-domain match support a blank-only website write. Production identity resolved to sponsor row 106044 by exact current production evidence. Original blocker source: non-healthcare-company-websites-all-sectors.csv:2584:website.",https://www.rydeschool.org.uk/,promote_high_blank,,verified_blank_website_from_blocker_review,106044
non-healthcare-company-websites-all-sectors.csv:2584:website:production-target-106045:website,website,high,high,Ryde School with Upper Chine,Ryde,Isle of Wight,South East,Other,Temporary Worker,Charity Worker,https://www.rydeschool.org.uk/,https://www.rydeschool.org.uk/,"Exact production identity, high-confidence reviewed development value, same-site evidence, and a distinctive employer-domain match support a blank-only website write. Production identity resolved to sponsor row 106045 by exact current production evidence. Original blocker source: non-healthcare-company-websites-all-sectors.csv:2584:website.",https://www.rydeschool.org.uk/,promote_high_blank,,verified_blank_website_from_blocker_review,106045
non-healthcare-company-websites-all-sectors.csv:3008:website:production-target-13452:website,website,high,high,B S REGIS LIMITED TA Blue Spice Halesowen,Halesowen,,,Other,Worker,Skilled Worker,https://bluespicehalesowen.co.uk/,https://bluespicehalesowen.co.uk/,"Exact production identity, high-confidence reviewed development value, same-site evidence, and a distinctive employer-domain match support a blank-only website write. Production identity resolved to sponsor row 13452 by exact current production evidence. Original blocker source: non-healthcare-company-websites-all-sectors.csv:3008:website.",http://bluespicehalesowen.co.uk/,preserve_existing_different,,verified_blank_website_from_blocker_review,13452
non-healthcare-company-websites-all-sectors.csv:4216:website:production-target-23121:website,website,high,high,Carclo Technical PLastics Ltd,Mitcham,Surrey,South East,Other,Worker,Skilled Worker,https://www.carclo.co.uk/,https://www.carclo.co.uk/,"Exact production identity, high-confidence reviewed development value, same-site evidence, and a distinctive employer-domain match support a blank-only website write. Production identity resolved to sponsor row 23121 by exact current production evidence. Original blocker source: non-healthcare-company-websites-all-sectors.csv:4216:website.",https://www.carclo.co.uk/,promote_high_blank,,verified_blank_website_from_blocker_review,23121
non-healthcare-company-websites-all-sectors.csv:4612:website:production-target-70907:website,website,high,high,Latymer Upper School,London,,,Technology,Worker,Skilled Worker,https://www.latymer-upper.org/,https://www.latymer-upper.org/,"Exact production identity, high-confidence reviewed development value, same-site evidence, and a distinctive employer-domain match support a blank-only website write. Production identity resolved to sponsor row 70907 by exact current production evidence. Original blocker source: non-healthcare-company-websites-all-sectors.csv:4612:website.",https://www.latymer-upper.org/,promote_high_blank,,verified_blank_website_from_blocker_review,70907
non-healthcare-company-websites-all-sectors.csv:6223:website:production-target-13464:website,website,high,high,B&A Quilting (UK) Limited,Manchester,,,Other,Worker,Skilled Worker,https://www.ba-quilting.co.uk/,https://www.ba-quilting.co.uk/,"Exact production identity, high-confidence reviewed development value, same-site evidence, and a distinctive employer-domain match support a blank-only website write. Production identity resolved to sponsor row 13464 by exact current production evidence. Original blocker source: non-healthcare-company-websites-all-sectors.csv:6223:website.",https://www.ba-quilting.co.uk,preserve_existing_same,,verified_blank_website_from_blocker_review,13464
non-healthcare-company-websites-all-sectors.csv:7699:website:production-target-13405:website,website,high,high,B & P METAL WORK LTD,HAYES,,,Other,Worker,Skilled Worker,https://www.bnpmetals.com/,https://www.bnpmetals.com/,"Exact production identity, high-confidence reviewed development value, same-site evidence, and a distinctive employer-domain match support a blank-only website write. Production identity resolved to sponsor row 13405 by exact current production evidence. Original blocker source: non-healthcare-company-websites-all-sectors.csv:7699:website.",https://www.bnpmetals.com/,promote_high_blank,,verified_blank_website_from_blocker_review,13405
non-healthcare-company-websites-all-sectors.csv:7700:website:production-target-13438:website,website,high,high,B M Steel Fabrications Limited,Newry,,,Other,Worker,Skilled Worker,https://www.bmsteelfab.com/,https://www.bmsteelfab.com/,"Exact production identity, high-confidence reviewed development value, same-site evidence, and a distinctive employer-domain match support a blank-only website write. Production identity resolved to sponsor row 13438 by exact current production evidence. Original blocker source: non-healthcare-company-websites-all-sectors.csv:7700:website.",https://www.bmsteelfab.com,preserve_existing_same,,verified_blank_website_from_blocker_review,13438
non-healthcare-company-websites-all-sectors.csv:7923:website:production-target-141531:website,website,high,high,ZUPLEX LTD,London,,,Social Care,Worker,Skilled Worker,https://zuplex.net/,https://zuplex.net/,"Exact production identity, high-confidence reviewed development value, same-site evidence, and a distinctive employer-domain match support a blank-only website write. Production identity resolved to sponsor row 141531 by exact current production evidence. Original blocker source: non-healthcare-company-websites-all-sectors.csv:7923:website.",https://zuplex.net/,preserve_existing_same,,verified_blank_website_from_blocker_review,141531
non-healthcare-company-websites-all-sectors.csv:7946:website:production-target-13292:website,website,high,high,AZAD PROPERTY LTD,London,,,Construction,Worker,Skilled Worker,https://azad.co.uk/,https://azad.co.uk/,"Exact production identity, high-confidence reviewed development value, same-site evidence, and a distinctive employer-domain match support a blank-only website write. Production identity resolved to sponsor row 13292 by exact current production evidence. Original blocker source: non-healthcare-company-websites-all-sectors.csv:7946:website.",https://azad.co.uk/,preserve_existing_same,,verified_blank_website_from_blocker_review,13292
non-healthcare-company-websites-all-sectors.csv:7979:website:production-target-13329:website,website,high,high,AZHAR HALAL MEAT LTD,WEMBLEY,,,Finance,Worker,Skilled Worker,https://www.azharhalalmeat.com/,https://www.azharhalalmeat.com/,"Exact production identity, high-confidence reviewed development value, same-site evidence, and a distinctive employer-domain match support a blank-only website write. Production identity resolved to sponsor row 13329 by exact current production evidence. Original blocker source: non-healthcare-company-websites-all-sectors.csv:7979:website.",https://www.azharhalalmeat.com/,preserve_existing_same,,verified_blank_website_from_blocker_review,13329
non-healthcare-company-websites-all-sectors.csv:8754:website:production-target-154157:website,website,high,high,A1 CLUTCHES CANNOCK (UK) LIMITED,CANNOCK,,,,Worker,Skilled Worker,https://www.a1-clutches.co.uk/,https://www.a1-clutches.co.uk/,"Exact production identity, high-confidence reviewed development value, same-site evidence, and a distinctive employer-domain match support a blank-only website write. Production identity resolved to sponsor row 154157 by exact current production evidence. Original blocker source: non-healthcare-company-websites-all-sectors.csv:8754:website.",https://www.a1-clutches.co.uk/,preserve_existing_same,,verified_blank_website_from_blocker_review,154157
non-healthcare-company-websites-all-sectors.csv:8921:website:production-target-145769:website,website,high,high,Abaseen Superstore (UK) LTD,Leeds,,,Transport,Worker,Skilled Worker,https://abaseen.byretail.net/,https://abaseen.byretail.net/menu,"Exact production identity, high-confidence reviewed development value, same-site evidence, and a distinctive employer-domain match support a blank-only website write. Production identity resolved to sponsor row 145769 by exact current production evidence. Original blocker source: non-healthcare-company-websites-all-sectors.csv:8921:website.",https://abaseen.byretail.net/,promote_high_blank,,verified_blank_website_from_blocker_review,145769
non-healthcare-company-websites-all-sectors.csv:8978:website:production-target-146083:website,website,high,high,Ability Post Production Academy Limited,Glasgow,,,Education,Worker,Skilled Worker,https://abilityacademy.co.uk/,https://abilityacademy.co.uk/,"Exact production identity, high-confidence reviewed development value, same-site evidence, and a distinctive employer-domain match support a blank-only website write. Production identity resolved to sponsor row 146083 by exact current production evidence. Original blocker source: non-healthcare-company-websites-all-sectors.csv:8978:website.",https://abilityacademy.co.uk/,promote_high_blank,,verified_blank_website_from_blocker_review,146083
non-healthcare-company-websites-all-sectors.csv:8981:website:production-target-146090:website,website,high,high,Abingdon and Witney College,Abingdon,Oxfordshire,South East,Education,Worker,Skilled Worker,https://abingdon-witney.ac.uk/,https://abingdon-witney.ac.uk/,"Exact production identity, high-confidence reviewed development value, same-site evidence, and a distinctive employer-domain match support a blank-only website write. Production identity resolved to sponsor row 146090 by exact current production evidence. Original blocker source: non-healthcare-company-websites-all-sectors.csv:8981:website.",https://abingdon-witney.ac.uk/,promote_high_blank,,verified_blank_website_from_blocker_review,146090
non-healthcare-company-websites-all-sectors.csv:8982:website:production-target-146093:website,website,high,high,Abingdon School,Abingdon,Oxon,,Retail,Temporary Worker,Charity Worker,https://www.abingdon.org.uk/,https://www.abingdon.org.uk/,"Exact production identity, high-confidence reviewed development value, same-site evidence, and a distinctive employer-domain match support a blank-only website write. Production identity resolved to sponsor row 146093 by exact current production evidence. Original blocker source: non-healthcare-company-websites-all-sectors.csv:8982:website.",https://www.abingdon.org.uk/,promote_high_blank,,verified_blank_website_from_blocker_review,146093
non-healthcare-company-websites-all-sectors.csv:8982:website:production-target-146094:website,website,high,high,Abingdon School,Abingdon,Oxon,,Education,Temporary Worker,Charity Worker,https://www.abingdon.org.uk/,https://www.abingdon.org.uk/,"Exact production identity, high-confidence reviewed development value, same-site evidence, and a distinctive employer-domain match support a blank-only website write. Production identity resolved to sponsor row 146094 by exact current production evidence. Original blocker source: non-healthcare-company-websites-all-sectors.csv:8982:website.",https://www.abingdon.org.uk/,promote_high_blank,,verified_blank_website_from_blocker_review,146094
non-healthcare-company-websites-all-sectors.csv:9029:website:production-target-146229:website,website,high,high,ABSCapCo Limited,London,,,Finance,Worker,Skilled Worker,https://abscapco.com/,https://abscapco.com/,"Exact production identity, high-confidence reviewed development value, same-site evidence, and a distinctive employer-domain match support a blank-only website write. Production identity resolved to sponsor row 146229 by exact current production evidence. Original blocker source: non-healthcare-company-websites-all-sectors.csv:9029:website.",https://abscapco.com,preserve_existing_same,,verified_blank_website_from_blocker_review,146229
non-healthcare-company-websites-all-sectors.csv:9038:website:production-target-146293:website,website,high,high,ABV HAIR & BEAUTY LTD,Dartford,Kent,South East,Construction,Worker,Skilled Worker,https://www.salonabv.com/,https://www.salonabv.com/,"Exact production identity, high-confidence reviewed development value, same-site evidence, and a distinctive employer-domain match support a blank-only website write. Production identity resolved to sponsor row 146293 by exact current production evidence. Original blocker source: non-healthcare-company-websites-all-sectors.csv:9038:website.",https://www.salonabv.com/,preserve_existing_same,,verified_blank_website_from_blocker_review,146293
non-healthcare-company-websites-all-sectors.csv:9054:website:production-target-146335:website,website,high,high,Academia Park Ltd,London,,,Education,Worker,Skilled Worker,https://www.academiapark.co.uk/,https://www.academiapark.co.uk/,"Exact production identity, high-confidence reviewed development value, same-site evidence, and a distinctive employer-domain match support a blank-only website write. Production identity resolved to sponsor row 146335 by exact current production evidence. Original blocker source: non-healthcare-company-websites-all-sectors.csv:9054:website.",https://www.academiapark.co.uk/,promote_high_blank,,verified_blank_website_from_blocker_review,146335
non-healthcare-company-websites-all-sectors.csv:9062:website:production-target-146352:website,website,high,high,Academy of Medical Royal Colleges,London,,,Healthcare,Temporary Worker,Government Authorised Exchange,https://www.aomrc.org.uk/,https://www.aomrc.org.uk/,"Exact production identity, high-confidence reviewed development value, same-site evidence, and a distinctive employer-domain match support a blank-only website write. Production identity resolved to sponsor row 146352 by exact current production evidence. Original blocker source: non-healthcare-company-websites-all-sectors.csv:9062:website.",https://www.aomrc.org.uk/,promote_high_blank,,verified_blank_website_from_blocker_review,146352
non-healthcare-company-websites-all-sectors.csv:9128:website:production-target-146603:website,website,high,high,ACE CARS & MINIBUSES LTD,Walsall,,,Transport,Worker,Skilled Worker,https://ace-cars.co.uk/,https://ace-cars.co.uk/,"Exact production identity, high-confidence reviewed development value, same-site evidence, and a distinctive employer-domain match support a blank-only website write. Production identity resolved to sponsor row 146603 by exact current production evidence. Original blocker source: non-healthcare-company-websites-all-sectors.csv:9128:website.",https://www.ace-cars.co.uk/,preserve_existing_different,,verified_blank_website_from_blocker_review,146603
non-healthcare-company-websites-all-sectors.csv:9129:website:production-target-146604:website,website,high,high,Ace Childrens Occupational Therapy Limited,Crondall,Hampshire,South East,Hospitality,Worker,Skilled Worker,https://acechildrensoccupationaltherapy.com/,https://acechildrensoccupationaltherapy.com/,"Exact production identity, high-confidence reviewed development value, same-site evidence, and a distinctive employer-domain match support a blank-only website write. Production identity resolved to sponsor row 146604 by exact current production evidence. Original blocker source: non-healthcare-company-websites-all-sectors.csv:9129:website.",https://acechildrensoccupationaltherapy.com/,preserve_existing_same,,verified_blank_website_from_blocker_review,146604
non-healthcare-company-websites-all-sectors.csv:9189:website:production-target-146807:website,website,high,high,Acquire Learning College LTD,Sheffield,South Yorkshire,Yorkshire and the Humber,Transport,Worker,Skilled Worker,https://acquirelearning.co.uk/,https://acquirelearning.co.uk/,"Exact production identity, high-confidence reviewed development value, same-site evidence, and a distinctive employer-domain match support a blank-only website write. Production identity resolved to sponsor row 146807 by exact current production evidence. Original blocker source: non-healthcare-company-websites-all-sectors.csv:9189:website.",https://acquirelearning.co.uk/,promote_high_blank,,verified_blank_website_from_blocker_review,146807
non-healthcare-company-websites-all-sectors.csv:9221:website:production-target-146951:website,website,high,high,ACTIVE STUDY AND TRAVEL SERVICES LTD,London,England,,Technology,Worker,Skilled Worker,https://activestudyuk.com/,https://activestudyuk.com/,"Exact production identity, high-confidence reviewed development value, same-site evidence, and a distinctive employer-domain match support a blank-only website write. Production identity resolved to sponsor row 146951 by exact current production evidence. Original blocker source: non-healthcare-company-websites-all-sectors.csv:9221:website.",https://activestudyuk.com/,preserve_existing_same,,verified_blank_website_from_blocker_review,146951
non-healthcare-company-websites-all-sectors.csv:9244:website:production-target-147052:website,website,high,high,ACZONE CONSULTANTS LTD,Croydon,,,Construction,Worker,Skilled Worker,https://aczone.co.uk/,https://aczone.co.uk/,"Exact production identity, high-confidence reviewed development value, same-site evidence, and a distinctive employer-domain match support a blank-only website write. Production identity resolved to sponsor row 147052 by exact current production evidence. Original blocker source: non-healthcare-company-websites-all-sectors.csv:9244:website.",https://aczone.co.uk,preserve_existing_same,,verified_blank_website_from_blocker_review,147052
non-healthcare-company-websites-all-sectors.csv:9252:website:production-target-147087:website,website,high,high,ADA BUSINESS CONSULTANCY LTD,Chelmsford,,,Legal & Professional,Worker,Skilled Worker,https://www.adabusiness.co.uk/,https://www.adabusiness.co.uk/,"Exact production identity, high-confidence reviewed development value, same-site evidence, and a distinctive employer-domain match support a blank-only website write. Production identity resolved to sponsor row 147087 by exact current production evidence. Original blocker source: non-healthcare-company-websites-all-sectors.csv:9252:website.",https://www.adabusiness.co.uk/,preserve_existing_same,,verified_blank_website_from_blocker_review,147087
non-healthcare-company-websites-all-sectors.csv:9263:website:production-target-147125:website,website,high,high,ADAM CABS LTD,Cambridge,,,Hospitality,Worker,Skilled Worker,https://adamcabsltd.co.uk/,https://adamcabsltd.co.uk/,"Exact production identity, high-confidence reviewed development value, same-site evidence, and a distinctive employer-domain match support a blank-only website write. Production identity resolved to sponsor row 147125 by exact current production evidence. Original blocker source: non-healthcare-company-websites-all-sectors.csv:9263:website.",https://adamcabsltd.co.uk/,preserve_existing_same,,verified_blank_website_from_blocker_review,147125
non-healthcare-company-websites-all-sectors.csv:9303:website:production-target-147272:website,website,high,high,ADE Tax,London,,,Hospitality,Worker,Skilled Worker,https://adetax.com/,https://adetax.com/,"Exact production identity, high-confidence reviewed development value, same-site evidence, and a distinctive employer-domain match support a blank-only website write. Production identity resolved to sponsor row 147272 by exact current production evidence. Original blocker source: non-healthcare-company-websites-all-sectors.csv:9303:website.",https://adetax.com/,preserve_existing_same,,verified_blank_website_from_blocker_review,147272
non-healthcare-company-websites-all-sectors.csv:9324:website:production-target-147338:website,website,high,high,ADGAN ELECTRICS LTD,CHEADLE,,,Engineering,Worker,Skilled Worker,https://www.adganelectrics.co.uk/,https://www.adganelectrics.co.uk/,"Exact production identity, high-confidence reviewed development value, same-site evidence, and a distinctive employer-domain match support a blank-only website write. Production identity resolved to sponsor row 147338 by exact current production evidence. Original blocker source: non-healthcare-company-websites-all-sectors.csv:9324:website.",https://www.adganelectrics.co.uk/,promote_high_blank,,verified_blank_website_from_blocker_review,147338
non-healthcare-company-websites-all-sectors.csv:9363:website:production-target-147466:website,website,high,high,ADORN SPA LIMITED,WEMBLEY,MIDDLESEX,,Hospitality,Worker,Skilled Worker,https://adorn.beauty/,https://adorn.beauty/,"Exact production identity, high-confidence reviewed development value, same-site evidence, and a distinctive employer-domain match support a blank-only website write. Production identity resolved to sponsor row 147466 by exact current production evidence. Original blocker source: non-healthcare-company-websites-all-sectors.csv:9363:website.",https://adorn.beauty/,preserve_existing_same,,verified_blank_website_from_blocker_review,147466
non-healthcare-company-websites-all-sectors.csv:9374:website:production-target-147492:website,website,high,high,ADROIT CONSULTING GROUP LTD,London,,,Legal & Professional,Worker,Skilled Worker,https://adroitcc.io/,https://adroitcc.io/,"Exact production identity, high-confidence reviewed development value, same-site evidence, and a distinctive employer-domain match support a blank-only website write. Production identity resolved to sponsor row 147492 by exact current production evidence. Original blocker source: non-healthcare-company-websites-all-sectors.csv:9374:website.",https://adroitcc.io/,preserve_existing_same,,verified_blank_website_from_blocker_review,147492
non-healthcare-company-websites-all-sectors.csv:9392:website:production-target-147548:website,website,high,high,ADVANCE MARKETING (PVT) LTD,Manchester,,,Hospitality,Worker,Skilled Worker,https://advancemarketingpvt.co.uk/,https://advancemarketingpvt.co.uk/,"Exact production identity, high-confidence reviewed development value, same-site evidence, and a distinctive employer-domain match support a blank-only website write. Production identity resolved to sponsor row 147548 by exact current production evidence. Original blocker source: non-healthcare-company-websites-all-sectors.csv:9392:website.",https://advancemarketingpvt.co.uk/,preserve_existing_same,,verified_blank_website_from_blocker_review,147548
non-healthcare-company-websites-all-sectors.csv:9398:website:production-target-147569:website,website,high,high,ADVANCED BEAUTY MEDICAL LTD,London,,,Social Care,Worker,Skilled Worker,https://advancedbeauty.co.uk/,https://advancedbeauty.co.uk/,"Exact production identity, high-confidence reviewed development value, same-site evidence, and a distinctive employer-domain match support a blank-only website write. Production identity resolved to sponsor row 147569 by exact current production evidence. Original blocker source: non-healthcare-company-websites-all-sectors.csv:9398:website.",https://advancedbeauty.co.uk/,promote_high_blank,,verified_blank_website_from_blocker_review,147569
non-healthcare-company-websites-all-sectors.csv:9408:website:production-target-147615:website,website,high,high,ADVANCED MOLECULAR DIAGNOSTICS LTD,Nottingham,Nottinghamshire,East Midlands,Healthcare,Worker,Skilled Worker,https://am-diagnostics.co.uk/,https://am-diagnostics.co.uk/,"Exact production identity, high-confidence reviewed development value, same-site evidence, and a distinctive employer-domain match support a blank-only website write. Production identity resolved to sponsor row 147615 by exact current production evidence. Original blocker source: non-healthcare-company-websites-all-sectors.csv:9408:website.",https://am-diagnostics.co.uk,preserve_existing_same,,verified_blank_website_from_blocker_review,147615
non-healthcare-company-websites-all-sectors.csv:9832:website:production-target-10381:website,website,high,high,ARROW DIGITAL SPACE LTD,London,England,,Finance,Worker,Skilled Worker,https://www.arrowdigitalspaceltd.co.uk/,https://www.arrowdigitalspaceltd.co.uk/,"Exact production identity, high-confidence reviewed development value, same-site evidence, and a distinctive employer-domain match support a blank-only website write. Production identity resolved to sponsor row 10381 by exact current production evidence. Original blocker source: non-healthcare-company-websites-all-sectors.csv:9832:website.",https://www.arrowdigitalspaceltd.co.uk/,promote_high_blank,,verified_blank_website_from_blocker_review,10381
non-healthcare-company-websites-all-sectors.csv:9847:website:production-target-10695:website,website,high,high,AS Foreign Education Consultants Limited,Birmingham,,,Education,Worker,Skilled Worker,https://www.asfeconsultants.com/,https://www.asfeconsultants.com/,"Exact production identity, high-confidence reviewed development value, same-site evidence, and a distinctive employer-domain match support a blank-only website write. Production identity resolved to sponsor row 10695 by exact current production evidence. Original blocker source: non-healthcare-company-websites-all-sectors.csv:9847:website.",https://www.asfeconsultants.com/,promote_high_blank,,verified_blank_website_from_blocker_review,10695
non-healthcare-company-websites-all-sectors.csv:9913:website:production-target-11666:website,website,high,high,Aston Students' Union,Birmingham,West Midlands,West Midlands,Legal & Professional,Worker,Skilled Worker,https://www.astonsu.com/,https://www.astonsu.com/,"Exact production identity, high-confidence reviewed development value, same-site evidence, and a distinctive employer-domain match support a blank-only website write. Production identity resolved to sponsor row 11666 by exact current production evidence. Original blocker source: non-healthcare-company-websites-all-sectors.csv:9913:website.",https://www.astonsu.com/,promote_high_blank,,verified_blank_website_from_blocker_review,11666
non-healthcare-company-websites-all-sectors.csv:9954:website:production-target-12427:website,website,high,high,Autify Digital Ltd,Nottingham,Nottinghamshire,East Midlands,Social Care,Worker,Skilled Worker,https://www.autify.co.uk/,https://www.autify.co.uk/,"Exact production identity, high-confidence reviewed development value, same-site evidence, and a distinctive employer-domain match support a blank-only website write. Production identity resolved to sponsor row 12427 by exact current production evidence. Original blocker source: non-healthcare-company-websites-all-sectors.csv:9954:website.",https://www.autify.co.uk/,promote_high_blank,,verified_blank_website_from_blocker_review,12427
non-healthcare-company-websites-all-sectors.csv:9955:website:production-target-12428:website,website,high,high,AUTISM AT KINGWOOD,Didcot,Oxfordshire,South East,Social Care,Worker,Skilled Worker,https://www.kingwood.org.uk/,https://www.kingwood.org.uk/,"Exact production identity, high-confidence reviewed development value, same-site evidence, and a distinctive employer-domain match support a blank-only website write. Production identity resolved to sponsor row 12428 by exact current production evidence. Original blocker source: non-healthcare-company-websites-all-sectors.csv:9955:website.",https://www.kingwood.org.uk/,promote_high_blank,,verified_blank_website_from_blocker_review,12428
non-healthcare-company-websites-all-sectors.csv:9961:website:production-target-12598:website,website,high,high,AV OLD COMPTON STREET LTD T/A All'Antico Vinaio,London,,,Technology,Worker,Global Business Mobility: Senior or Specialist Worker,https://soho-london.co.uk/,https://soho-london.co.uk/,"Exact production identity, high-confidence reviewed development value, same-site evidence, and a distinctive employer-domain match support a blank-only website write. Production identity resolved to sponsor row 12598 by exact current production evidence. Original blocker source: non-healthcare-company-websites-all-sectors.csv:9961:website.",https://soho-london.co.uk/,promote_high_blank,,verified_blank_website_from_blocker_review,12598
non-healthcare-company-websites-all-sectors.csv:9961:website:production-target-12599:website,website,high,high,AV OLD COMPTON STREET LTD T/A All'Antico Vinaio,London,,,Hospitality,Worker,Global Business Mobility: Senior or Specialist Worker,https://soho-london.co.uk/,https://soho-london.co.uk/,"Exact production identity, high-confidence reviewed development value, same-site evidence, and a distinctive employer-domain match support a blank-only website write. Production identity resolved to sponsor row 12599 by exact current production evidence. Original blocker source: non-healthcare-company-websites-all-sectors.csv:9961:website.",https://soho-london.co.uk/,promote_high_blank,,verified_blank_website_from_blocker_review,12599
non-healthcare-company-websites-all-sectors.csv:9966:website:production-target-12671:website,website,high,high,Avanti Schools Trust,Stanmore,Middlesex,,Education,Worker,Skilled Worker,https://avantitrust.schoolrecruiter.com/,https://avantitrust.schoolrecruiter.com/,"Exact production identity, high-confidence reviewed development value, same-site evidence, and a distinctive employer-domain match support a blank-only website write. Production identity resolved to sponsor row 12671 by exact current production evidence. Original blocker source: non-healthcare-company-websites-all-sectors.csv:9966:website.",https://avantitrust.schoolrecruiter.com/,promote_high_blank,,verified_blank_website_from_blocker_review,12671
non-healthcare-company-websites-all-sectors.csv:10002:website:production-target-13195:website,website,high,high,AYKO Digital Limited t/a AYKO,Leeds,,,Education,Worker,Skilled Worker,https://www.ayko.com/,https://www.ayko.com/,"Exact production identity, high-confidence reviewed development value, same-site evidence, and a distinctive employer-domain match support a blank-only website write. Production identity resolved to sponsor row 13195 by exact current production evidence. Original blocker source: non-healthcare-company-websites-all-sectors.csv:10002:website.",https://www.ayko.com/,promote_high_blank,,verified_blank_website_from_blocker_review,13195
non-healthcare-company-websites-all-sectors.csv:10012:website:production-target-13526:website,website,high,high,B-Well Health & Social Care Group Limited,Milton Keynes,,,Social Care,Worker,Skilled Worker,https://bwellgroup.org/,https://bwellgroup.org/,"Exact production identity, high-confidence reviewed development value, same-site evidence, and a distinctive employer-domain match support a blank-only website write. Production identity resolved to sponsor row 13526 by exact current production evidence. Original blocker source: non-healthcare-company-websites-all-sectors.csv:10012:website.",https://bwellgroup.org/,promote_high_blank,,verified_blank_website_from_blocker_review,13526
non-healthcare-company-websites-all-sectors.csv:10030:website:production-target-13764:website,website,high,high,BADITECH ENGINEERING AND CONSULTANCY LTD,NEWARK,,,Legal & Professional,Worker,Skilled Worker,https://www.baditech.co.uk/,https://www.baditech.co.uk/,"Exact production identity, high-confidence reviewed development value, same-site evidence, and a distinctive employer-domain match support a blank-only website write. Production identity resolved to sponsor row 13764 by exact current production evidence. Original blocker source: non-healthcare-company-websites-all-sectors.csv:10030:website.",https://www.baditech.co.uk/,promote_high_blank,,verified_blank_website_from_blocker_review,13764
non-healthcare-company-websites-all-sectors.csv:10047:website:production-target-13969:website,website,high,high,Balcas Timber Ltd,Enniskillen,Fermanagh,Northern Ireland,Manufacturing,Worker,Skilled Worker,https://balcas.com/,https://balcas.com/,"Exact production identity, high-confidence reviewed development value, same-site evidence, and a distinctive employer-domain match support a blank-only website write. Production identity resolved to sponsor row 13969 by exact current production evidence. Original blocker source: non-healthcare-company-websites-all-sectors.csv:10047:website.",https://balcas.com/,promote_high_blank,,verified_blank_website_from_blocker_review,13969
non-healthcare-company-websites-all-sectors.csv:10048:website:production-target-13983:website,website,high,high,BALDWIN ELECTRICAL COMPANY (ST.MARYLEBONE) LIMITED,LONDON,,,Engineering,Worker,Skilled Worker,https://www.baldwinelectrical.co.uk/,https://www.baldwinelectrical.co.uk/,"Exact production identity, high-confidence reviewed development value, same-site evidence, and a distinctive employer-domain match support a blank-only website write. Production identity resolved to sponsor row 13983 by exact current production evidence. Original blocker source: non-healthcare-company-websites-all-sectors.csv:10048:website.",https://www.baldwinelectrical.co.uk/,promote_high_blank,,verified_blank_website_from_blocker_review,13983
non-healthcare-company-websites-all-sectors.csv:10051:website:production-target-14038:website,website,high,high,Ballymore Development Management Limited,London,,,Transport,Worker,Skilled Worker,https://www.ballymoregroup.com/,https://www.ballymoregroup.com/,"Exact production identity, high-confidence reviewed development value, same-site evidence, and a distinctive employer-domain match support a blank-only website write. Production identity resolved to sponsor row 14038 by exact current production evidence. Original blocker source: non-healthcare-company-websites-all-sectors.csv:10051:website.",https://www.ballymoregroup.com/,promote_high_blank,,verified_blank_website_from_blocker_review,14038
non-healthcare-company-websites-all-sectors.csv:10093:website:production-target-14890:website,website,high,high,BAU Hair Design Ltd,Edinburgh,,,Manufacturing,Worker,Skilled Worker,https://www.bauhair.co.uk/,https://www.bauhair.co.uk/,"Exact production identity, high-confidence reviewed development value, same-site evidence, and a distinctive employer-domain match support a blank-only website write. Production identity resolved to sponsor row 14890 by exact current production evidence. Original blocker source: non-healthcare-company-websites-all-sectors.csv:10093:website.",https://www.bauhair.co.uk/,promote_high_blank,,verified_blank_website_from_blocker_review,14890
non-healthcare-company-websites-all-sectors.csv:10094:website:production-target-14894:website,website,high,high,Bauer Radio Limited,Peterborough,,,Manufacturing,Temporary Worker,Global Business Mobility: Graduate Trainee,https://www.bauermedia.co.uk/,https://www.bauermedia.co.uk/,"Exact production identity, high-confidence reviewed development value, same-site evidence, and a distinctive employer-domain match support a blank-only website write. Production identity resolved to sponsor row 14894 by exact current production evidence. Original blocker source: non-healthcare-company-websites-all-sectors.csv:10094:website.",https://www.bauermedia.co.uk/,promote_high_blank,,verified_blank_website_from_blocker_review,14894
non-healthcare-company-websites-all-sectors.csv:10094:website:production-target-14895:website,website,high,high,Bauer Radio Limited,Peterborough,,,Engineering,Temporary Worker,Global Business Mobility: Graduate Trainee,https://www.bauermedia.co.uk/,https://www.bauermedia.co.uk/,"Exact production identity, high-confidence reviewed development value, same-site evidence, and a distinctive employer-domain match support a blank-only website write. Production identity resolved to sponsor row 14895 by exact current production evidence. Original blocker source: non-healthcare-company-websites-all-sectors.csv:10094:website.",https://www.bauermedia.co.uk/,promote_high_blank,,verified_blank_website_from_blocker_review,14895
non-healthcare-company-websites-all-sectors.csv:10094:website:production-target-14896:website,website,high,high,Bauer Radio Limited,Peterborough,,,Engineering,Temporary Worker,Global Business Mobility: Graduate Trainee,https://www.bauermedia.co.uk/,https://www.bauermedia.co.uk/,"Exact production identity, high-confidence reviewed development value, same-site evidence, and a distinctive employer-domain match support a blank-only website write. Production identity resolved to sponsor row 14896 by exact current production evidence. Original blocker source: non-healthcare-company-websites-all-sectors.csv:10094:website.",https://www.bauermedia.co.uk/,promote_high_blank,,verified_blank_website_from_blocker_review,14896
non-healthcare-company-websites-all-sectors.csv:10103:website:production-target-15088:website,website,high,high,BCEGI Construction (UK) Ltd,Manchester,,,Construction,Temporary Worker,Global Business Mobility: Graduate Trainee,https://bcegi.co.uk/,https://bcegi.co.uk/,"Exact production identity, high-confidence reviewed development value, same-site evidence, and a distinctive employer-domain match support a blank-only website write. Production identity resolved to sponsor row 15088 by exact current production evidence. Original blocker source: non-healthcare-company-websites-all-sectors.csv:10103:website.",https://bcegi.co.uk/,promote_high_blank,,verified_blank_website_from_blocker_review,15088
non-healthcare-company-websites-all-sectors.csv:10103:website:production-target-15089:website,website,high,high,BCEGI Construction (UK) Ltd,Manchester,,,Construction,Temporary Worker,Global Business Mobility: Graduate Trainee,https://bcegi.co.uk/,https://bcegi.co.uk/,"Exact production identity, high-confidence reviewed development value, same-site evidence, and a distinctive employer-domain match support a blank-only website write. Production identity resolved to sponsor row 15089 by exact current production evidence. Original blocker source: non-healthcare-company-websites-all-sectors.csv:10103:website.",https://bcegi.co.uk/,promote_high_blank,,verified_blank_website_from_blocker_review,15089
non-healthcare-company-websites-all-sectors.csv:10103:website:production-target-15090:website,website,high,high,BCEGI Construction (UK) Ltd,Manchester,,,Construction,Temporary Worker,Global Business Mobility: Graduate Trainee,https://bcegi.co.uk/,https://bcegi.co.uk/,"Exact production identity, high-confidence reviewed development value, same-site evidence, and a distinctive employer-domain match support a blank-only website write. Production identity resolved to sponsor row 15090 by exact current production evidence. Original blocker source: non-healthcare-company-websites-all-sectors.csv:10103:website.",https://bcegi.co.uk/,promote_high_blank,,verified_blank_website_from_blocker_review,15090
non-healthcare-company-websites-all-sectors.csv:10108:website:production-target-15094:website,website,high,high,BCG Electrical Services Ltd,Fareham,Hampshire,South East,Engineering,Worker,Skilled Worker,https://bcgelectrical.com/,https://bcgelectrical.com/,"Exact production identity, high-confidence reviewed development value, same-site evidence, and a distinctive employer-domain match support a blank-only website write. Production identity resolved to sponsor row 15094 by exact current production evidence. Original blocker source: non-healthcare-company-websites-all-sectors.csv:10108:website.",https://bcgelectrical.com/,promote_high_blank,,verified_blank_website_from_blocker_review,15094
non-healthcare-company-websites-all-sectors.csv:10117:website:production-target-15239:website,website,high,high,Beacon Health Kensington Limited,Liverpool,,,Healthcare,Worker,Skilled Worker,https://www.beaconhealthkensington.nhs.uk/,https://www.beaconhealthkensington.nhs.uk/,"Exact production identity, high-confidence reviewed development value, same-site evidence, and a distinctive employer-domain match support a blank-only website write. Production identity resolved to sponsor row 15239 by exact current production evidence. Original blocker source: non-healthcare-company-websites-all-sectors.csv:10117:website.",https://www.beaconhealthkensington.nhs.uk/,promote_high_blank,,verified_blank_website_from_blocker_review,15239
non-healthcare-company-websites-all-sectors.csv:10119:website:production-target-15241:website,website,high,high,Beacon Hill Community School,Aspatria,Cumbria,North West,Education,Worker,Skilled Worker,https://www.beaconhill.cumbria.sch.uk/,https://www.beaconhill.cumbria.sch.uk/,"Exact production identity, high-confidence reviewed development value, same-site evidence, and a distinctive employer-domain match support a blank-only website write. Production identity resolved to sponsor row 15241 by exact current production evidence. Original blocker source: non-healthcare-company-websites-all-sectors.csv:10119:website.",https://www.beaconhill.cumbria.sch.uk/,promote_high_blank,,verified_blank_website_from_blocker_review,15241
non-healthcare-company-websites-all-sectors.csv:10120:website:production-target-15242:website,website,high,high,Beacon Hill School,Wallsend,North Tyneside,North East,Education,Worker,Skilled Worker,https://beaconhill.org.uk/,https://beaconhill.org.uk/,"Exact production identity, high-confidence reviewed development value, same-site evidence, and a distinctive employer-domain match support a blank-only website write. Production identity resolved to sponsor row 15242 by exact current production evidence. Original blocker source: non-healthcare-company-websites-all-sectors.csv:10120:website.",https://beaconhill.org.uk/,promote_high_blank,,verified_blank_website_from_blocker_review,15242
non-healthcare-company-websites-all-sectors.csv:10133:website:production-target-15477:website,website,high,high,Bedales School,Petersfield,Hampshire,South East,Education,Temporary Worker,Charity Worker,https://www.bedales.org.uk/,https://www.bedales.org.uk/,"Exact production identity, high-confidence reviewed development value, same-site evidence, and a distinctive employer-domain match support a blank-only website write. Production identity resolved to sponsor row 15477 by exact current production evidence. Original blocker source: non-healthcare-company-websites-all-sectors.csv:10133:website.",https://www.bedales.org.uk/,promote_high_blank,,verified_blank_website_from_blocker_review,15477
non-healthcare-company-websites-all-sectors.csv:10133:website:production-target-15478:website,website,high,high,Bedales School,Petersfield,Hampshire,South East,Retail,Temporary Worker,Charity Worker,https://www.bedales.org.uk/,https://www.bedales.org.uk/,"Exact production identity, high-confidence reviewed development value, same-site evidence, and a distinctive employer-domain match support a blank-only website write. Production identity resolved to sponsor row 15478 by exact current production evidence. Original blocker source: non-healthcare-company-websites-all-sectors.csv:10133:website.",https://www.bedales.org.uk/,promote_high_blank,,verified_blank_website_from_blocker_review,15478
non-healthcare-company-websites-all-sectors.csv:10137:website:production-target-15494:website,website,high,high,Bedford Hindu Temple and Community Trust,Bedford,,,Retail,Worker,Tier 2 Ministers of Religion,https://www.bedfordhindutemple.org/,https://www.bedfordhindutemple.org/,"Exact production identity, high-confidence reviewed development value, same-site evidence, and a distinctive employer-domain match support a blank-only website write. Production identity resolved to sponsor row 15494 by exact current production evidence. Original blocker source: non-healthcare-company-websites-all-sectors.csv:10137:website.",https://www.bedfordhindutemple.org/,promote_high_blank,,verified_blank_website_from_blocker_review,15494
non-healthcare-company-websites-all-sectors.csv:10140:website:production-target-15503:website,website,high,high,Bedfordshire Schools Trust,Shefford,Bedfordshire,East of England,Retail,Worker,Skilled Worker,https://www.bestacademies.org.uk/,https://www.bestacademies.org.uk/,"Exact production identity, high-confidence reviewed development value, same-site evidence, and a distinctive employer-domain match support a blank-only website write. Production identity resolved to sponsor row 15503 by exact current production evidence. Original blocker source: non-healthcare-company-websites-all-sectors.csv:10140:website.",https://www.bestacademies.org.uk/,promote_high_blank,,verified_blank_website_from_blocker_review,15503
non-healthcare-company-websites-all-sectors.csv:10227:website:production-target-16569:website,website,high,high,Beyond Engineering Consulting Ltd,Wembley,London,London,Engineering,Worker,Skilled Worker,https://beyondeng.co.uk/,https://beyondeng.co.uk/,"Exact production identity, high-confidence reviewed development value, same-site evidence, and a distinctive employer-domain match support a blank-only website write. Production identity resolved to sponsor row 16569 by exact current production evidence. Original blocker source: non-healthcare-company-websites-all-sectors.csv:10227:website.",https://beyondeng.co.uk/,promote_high_blank,,verified_blank_website_from_blocker_review,16569
non-healthcare-company-websites-all-sectors.csv:10228:website:production-target-16573:website,website,high,high,Beyond Health Limited,London,,,Healthcare,Worker,Skilled Worker,https://beyond-health.co.uk/,https://beyond-health.co.uk/,"Exact production identity, high-confidence reviewed development value, same-site evidence, and a distinctive employer-domain match support a blank-only website write. Production identity resolved to sponsor row 16573 by exact current production evidence. Original blocker source: non-healthcare-company-websites-all-sectors.csv:10228:website.",https://beyond-health.co.uk/,promote_high_blank,,verified_blank_website_from_blocker_review,16573
non-healthcare-company-websites-all-sectors.csv:10229:website:production-target-16582:website,website,high,high,BEYOND SCHOOLS TRUST,CHATHAM,,,Education,Worker,Skilled Worker,https://www.beyondschools.co.uk/,https://www.beyondschools.co.uk/,"Exact production identity, high-confidence reviewed development value, same-site evidence, and a distinctive employer-domain match support a blank-only website write. Production identity resolved to sponsor row 16582 by exact current production evidence. Original blocker source: non-healthcare-company-websites-all-sectors.csv:10229:website.",https://www.beyondschools.co.uk/,promote_high_blank,,verified_blank_website_from_blocker_review,16582
non-healthcare-company-websites-all-sectors.csv:10241:website:production-target-16786:website,website,high,high,Bibby Maritime Crewing Services Limited,Liverpool,Merseyside,North West,Transport,Worker,Skilled Worker,https://www.bibbymarine.com/,https://www.bibbymarine.com/,"Exact production identity, high-confidence reviewed development value, same-site evidence, and a distinctive employer-domain match support a blank-only website write. Production identity resolved to sponsor row 16786 by exact current production evidence. Original blocker source: non-healthcare-company-websites-all-sectors.csv:10241:website.",https://www.bibbymarine.com/,promote_high_blank,,verified_blank_website_from_blocker_review,16786
non-healthcare-company-websites-all-sectors.csv:10244:website:production-target-16839:website,website,high,high,BIE Magnum Limited,Bristol,Bristol,South West,Retail,Worker,Skilled Worker,https://www.biemagnum.com/,https://www.biemagnum.com/,"Exact production identity, high-confidence reviewed development value, same-site evidence, and a distinctive employer-domain match support a blank-only website write. Production identity resolved to sponsor row 16839 by exact current production evidence. Original blocker source: non-healthcare-company-websites-all-sectors.csv:10244:website.",https://www.biemagnum.com/,promote_high_blank,,verified_blank_website_from_blocker_review,16839
non-healthcare-company-websites-all-sectors.csv:10245:website:production-target-16840:website,website,high,high,BIEA BRITISH INTERNATIONAL EDUCATION ASSOCIATION LTD,London,,,Manufacturing,Worker,Skilled Worker,https://biea.org.uk/,https://biea.org.uk/,"Exact production identity, high-confidence reviewed development value, same-site evidence, and a distinctive employer-domain match support a blank-only website write. Production identity resolved to sponsor row 16840 by exact current production evidence. Original blocker source: non-healthcare-company-websites-all-sectors.csv:10245:website.",https://biea.org.uk/,promote_high_blank,,verified_blank_website_from_blocker_review,16840
non-healthcare-company-websites-all-sectors.csv:10248:website:production-target-141751:website,website,high,high,Big Hearts Community Trust,Edinburgh,Midlothiaan,,Social Care,Worker,Skilled Worker,https://bighearts.org.uk/,https://bighearts.org.uk/,"Exact production identity, high-confidence reviewed development value, same-site evidence, and a distinctive employer-domain match support a blank-only website write. Production identity resolved to sponsor row 141751 by exact current production evidence. Original blocker source: non-healthcare-company-websites-all-sectors.csv:10248:website.",https://bighearts.org.uk/,promote_high_blank,,verified_blank_website_from_blocker_review,141751
non-healthcare-company-websites-all-sectors.csv:10249:website:production-target-16882:website,website,high,high,Big Issue Invest Limited T/A The Big Issue Invest,London,,,Finance,Worker,Skilled Worker,https://www.bigissue.com/,https://www.bigissue.com/,"Exact production identity, high-confidence reviewed development value, same-site evidence, and a distinctive employer-domain match support a blank-only website write. Production identity resolved to sponsor row 16882 by exact current production evidence. Original blocker source: non-healthcare-company-websites-all-sectors.csv:10249:website.",https://www.bigissue.com/,promote_high_blank,,verified_blank_website_from_blocker_review,16882
non-healthcare-company-websites-all-sectors.csv:10250:website:production-target-16899:website,website,high,high,Big Orange Software trading as Sonin,Reigate,Surrey,South East,Technology,Worker,Skilled Worker,https://sonin.agency/,https://sonin.agency/,"Exact production identity, high-confidence reviewed development value, same-site evidence, and a distinctive employer-domain match support a blank-only website write. Production identity resolved to sponsor row 16899 by exact current production evidence. Original blocker source: non-healthcare-company-websites-all-sectors.csv:10250:website.",https://sonin.agency/,promote_high_blank,,verified_blank_website_from_blocker_review,16899
non-healthcare-company-websites-all-sectors.csv:10268:website:production-target-17169:website,website,high,high,Biorelevant.com Ltd,London,,,Retail,Worker,Skilled Worker,https://biorelevant.com/,https://biorelevant.com/,"Exact production identity, high-confidence reviewed development value, same-site evidence, and a distinctive employer-domain match support a blank-only website write. Production identity resolved to sponsor row 17169 by exact current production evidence. Original blocker source: non-healthcare-company-websites-all-sectors.csv:10268:website.",https://biorelevant.com/,promote_high_blank,,verified_blank_website_from_blocker_review,17169
non-healthcare-company-websites-all-sectors.csv:10292:website:production-target-17377:website,website,high,high,Bishop Burton College,Bishop Burton,East Riding of Yorkshire,Yorkshire and the Humber,Education,Worker,Skilled Worker,https://www.bishopburton.ac.uk/,https://www.bishopburton.ac.uk/,"Exact production identity, high-confidence reviewed development value, same-site evidence, and a distinctive employer-domain match support a blank-only website write. Production identity resolved to sponsor row 17377 by exact current production evidence. Original blocker source: non-healthcare-company-websites-all-sectors.csv:10292:website.",https://www.bishopburton.ac.uk/,promote_high_blank,,verified_blank_website_from_blocker_review,17377
non-healthcare-company-websites-all-sectors.csv:10293:website:production-target-17378:website,website,high,high,Bishop Chadwick Catholic Education Trust,Houghton Le Spring,,,Education,Worker,Skilled Worker,https://bccet.org.uk/,https://bccet.org.uk/,"Exact production identity, high-confidence reviewed development value, same-site evidence, and a distinctive employer-domain match support a blank-only website write. Production identity resolved to sponsor row 17378 by exact current production evidence. Original blocker source: non-healthcare-company-websites-all-sectors.csv:10293:website.",https://bccet.org.uk/,promote_high_blank,,verified_blank_website_from_blocker_review,17378
non-healthcare-company-websites-all-sectors.csv:10294:website:production-target-17384:website,website,high,high,Bishop Ramsey CoE School,Ruislip,Middlesex,,Education,Worker,Skilled Worker,https://www.bishopramseyschool.org/,https://www.bishopramseyschool.org/,"Exact production identity, high-confidence reviewed development value, same-site evidence, and a distinctive employer-domain match support a blank-only website write. Production identity resolved to sponsor row 17384 by exact current production evidence. Original blocker source: non-healthcare-company-websites-all-sectors.csv:10294:website.",https://www.bishopramseyschool.org/,promote_high_blank,,verified_blank_website_from_blocker_review,17384
non-healthcare-company-websites-all-sectors.csv:10295:website:production-target-17385:website,website,high,high,Bishop Stopford School,Kettering,Northamptonshire,East Midlands,Education,Worker,Skilled Worker,https://www.bishopstopford.com/,https://www.bishopstopford.com/,"Exact production identity, high-confidence reviewed development value, same-site evidence, and a distinctive employer-domain match support a blank-only website write. Production identity resolved to sponsor row 17385 by exact current production evidence. Original blocker source: non-healthcare-company-websites-all-sectors.csv:10295:website.",https://www.bishopstopford.com/,promote_high_blank,,verified_blank_website_from_blocker_review,17385
non-healthcare-company-websites-all-sectors.csv:10298:website:production-target-17403:website,website,high,high,Bishopshalt School,Uxbridge,Middlesex,,Healthcare,Worker,Skilled Worker,https://www.bishopshalt.hillingdon.sch.uk/,https://www.bishopshalt.hillingdon.sch.uk/,"Exact production identity, high-confidence reviewed development value, same-site evidence, and a distinctive employer-domain match support a blank-only website write. Production identity resolved to sponsor row 17403 by exact current production evidence. Original blocker source: non-healthcare-company-websites-all-sectors.csv:10298:website.",https://www.bishopshalt.hillingdon.sch.uk/,promote_high_blank,,verified_blank_website_from_blocker_review,17403
non-healthcare-company-websites-all-sectors.csv:10305:website:production-target-17471:website,website,high,high,Biz Accounting Ltd,Harrow,Middlesex,,Finance,Worker,Skilled Worker,https://www.bizaccountingltd.com/,https://www.bizaccountingltd.com/,"Exact production identity, high-confidence reviewed development value, same-site evidence, and a distinctive employer-domain match support a blank-only website write. Production identity resolved to sponsor row 17471 by exact current production evidence. Original blocker source: non-healthcare-company-websites-all-sectors.csv:10305:website.",https://www.bizaccountingltd.com/,promote_high_blank,,verified_blank_website_from_blocker_review,17471
non-healthcare-company-websites-all-sectors.csv:10323:website:production-target-17547:website,website,high,high,BL CHESWICK GREEN LIMITED T/A Bangla Lounge Cheswick Green,Cheswick Green,Solihull,,Hospitality,Worker,Skilled Worker,https://www.banglaloungesolihull.co.uk/,https://www.banglaloungesolihull.co.uk/,"Exact production identity, high-confidence reviewed development value, same-site evidence, and a distinctive employer-domain match support a blank-only website write. Production identity resolved to sponsor row 17547 by exact current production evidence. Original blocker source: non-healthcare-company-websites-all-sectors.csv:10323:website.",https://www.banglaloungesolihull.co.uk/,preserve_existing_same,,verified_blank_website_from_blocker_review,17547
non-healthcare-company-websites-all-sectors.csv:10347:website:production-target-17749:website,website,high,high,Blackwater Academy LTD,Birmingham,,,Education,Worker,Skilled Worker,https://www.blackwateracademy.co.uk/,https://www.blackwateracademy.co.uk/,"Exact production identity, high-confidence reviewed development value, same-site evidence, and a distinctive employer-domain match support a blank-only website write. Production identity resolved to sponsor row 17749 by exact current production evidence. Original blocker source: non-healthcare-company-websites-all-sectors.csv:10347:website.",https://www.blackwateracademy.co.uk/,promote_high_blank,,verified_blank_website_from_blocker_review,17749
non-healthcare-company-websites-all-sectors.csv:10349:website:production-target-17778:website,website,high,high,BLAK DIAMOND SOCIAL CARE LIMITED,Basildon,Essex,East of England,Social Care,Worker,Skilled Worker,https://blakdiamond.co.uk/,https://blakdiamond.co.uk/,"Exact production identity, high-confidence reviewed development value, same-site evidence, and a distinctive employer-domain match support a blank-only website write. Production identity resolved to sponsor row 17778 by exact current production evidence. Original blocker source: non-healthcare-company-websites-all-sectors.csv:10349:website.",https://blakdiamond.co.uk/,preserve_existing_same,,verified_blank_website_from_blocker_review,17778
non-healthcare-company-websites-all-sectors.csv:10352:website:production-target-17798:website,website,high,high,Blanchards Inheritance Ltd,Ramsgate,,,Finance,Worker,Skilled Worker,https://blanchardsltd.co.uk/,https://blanchardsltd.co.uk/,"Exact production identity, high-confidence reviewed development value, same-site evidence, and a distinctive employer-domain match support a blank-only website write. Production identity resolved to sponsor row 17798 by exact current production evidence. Original blocker source: non-healthcare-company-websites-all-sectors.csv:10352:website.",https://blanchardsltd.co.uk/,promote_high_blank,,verified_blank_website_from_blocker_review,17798
non-healthcare-company-websites-all-sectors.csv:10375:website:production-target-17997:website,website,high,high,Blossom House School Limited,New Malden,,,Education,Worker,Skilled Worker,https://www.blossomhouseschool.co.uk/,https://www.blossomhouseschool.co.uk/,"Exact production identity, high-confidence reviewed development value, same-site evidence, and a distinctive employer-domain match support a blank-only website write. Production identity resolved to sponsor row 17997 by exact current production evidence. Original blocker source: non-healthcare-company-websites-all-sectors.csv:10375:website.",https://www.blossomhouseschool.co.uk/,promote_high_blank,,verified_blank_website_from_blocker_review,17997
non-healthcare-company-websites-all-sectors.csv:10395:website:production-target-18204:website,website,high,high,BLUE WIRE CAPITAL LTD,London,,,Social Care,Worker,Skilled Worker,https://www.bluewirecapital.com/,https://www.bluewirecapital.com/,"Exact production identity, high-confidence reviewed development value, same-site evidence, and a distinctive employer-domain match support a blank-only website write. Production identity resolved to sponsor row 18204 by exact current production evidence. Original blocker source: non-healthcare-company-websites-all-sectors.csv:10395:website.",https://www.bluewirecapital.com/,preserve_existing_same,,verified_blank_website_from_blocker_review,18204
non-healthcare-company-websites-all-sectors.csv:10417:website:production-target-18405:website,website,high,high,BMAS Accountants Ltd,London,,,Legal & Professional,Worker,Skilled Worker,https://bmasaccountants.co.uk/,https://bmasaccountants.co.uk/,"Exact production identity, high-confidence reviewed development value, same-site evidence, and a distinctive employer-domain match support a blank-only website write. Production identity resolved to sponsor row 18405 by exact current production evidence. Original blocker source: non-healthcare-company-websites-all-sectors.csv:10417:website.",https://bmasaccountants.co.uk/,preserve_existing_same,,verified_blank_website_from_blocker_review,18405
non-healthcare-company-websites-all-sectors.csv:10421:website:production-target-18415:website,website,high,high,BME Enclosures (NI) Limited,Ballymena,Co. Antrim,,Manufacturing,Worker,Skilled Worker,https://bmeenclosures.co.uk/,https://bmeenclosures.co.uk/,"Exact production identity, high-confidence reviewed development value, same-site evidence, and a distinctive employer-domain match support a blank-only website write. Production identity resolved to sponsor row 18415 by exact current production evidence. Original blocker source: non-healthcare-company-websites-all-sectors.csv:10421:website.",https://bmeenclosures.co.uk/,preserve_existing_same,,verified_blank_website_from_blocker_review,18415
non-healthcare-company-websites-all-sectors.csv:10460:website:production-target-19122:website,website,high,high,Bourne Education Trust,Epsom,Surrey,South East,Education,Worker,Skilled Worker,https://www.bourne.education/,https://www.bourne.education/,"Exact production identity, high-confidence reviewed development value, same-site evidence, and a distinctive employer-domain match support a blank-only website write. Production identity resolved to sponsor row 19122 by exact current production evidence. Original blocker source: non-healthcare-company-websites-all-sectors.csv:10460:website.",https://www.bourne.education/,promote_high_blank,,verified_blank_website_from_blocker_review,19122
non-healthcare-company-websites-all-sectors.csv:10466:website:production-target-19180:website,website,high,high,Bow Wow London Limited,London,,,Retail,Worker,Skilled Worker,https://www.bowwow.london/,https://www.bowwow.london/,"Exact production identity, high-confidence reviewed development value, same-site evidence, and a distinctive employer-domain match support a blank-only website write. Production identity resolved to sponsor row 19180 by exact current production evidence. Original blocker source: non-healthcare-company-websites-all-sectors.csv:10466:website.",https://www.bowwow.london/,promote_high_blank,,verified_blank_website_from_blocker_review,19180
non-healthcare-company-websites-all-sectors.csv:10466:website:production-target-19181:website,website,high,high,BOW WOW LONDON LIMITED,London,,,Retail,Worker,Skilled Worker,https://www.bowwow.london/,https://www.bowwow.london/,"Exact production identity, high-confidence reviewed development value, same-site evidence, and a distinctive employer-domain match support a blank-only website write. Production identity resolved to sponsor row 19181 by exact current production evidence. Original blocker source: non-healthcare-company-websites-all-sectors.csv:10466:website.",https://www.bowwow.london/,promote_high_blank,,verified_blank_website_from_blocker_review,19181
non-healthcare-company-websites-all-sectors.csv:10473:website:production-target-19324:website,website,high,high,Brabers Consultancy Ltd,London,,,Legal & Professional,Worker,Skilled Worker,https://brabers.com/,https://brabers.com/,"Exact production identity, high-confidence reviewed development value, same-site evidence, and a distinctive employer-domain match support a blank-only website write. Production identity resolved to sponsor row 19324 by exact current production evidence. Original blocker source: non-healthcare-company-websites-all-sectors.csv:10473:website.",https://brabers.com/,promote_high_blank,,verified_blank_website_from_blocker_review,19324
non-healthcare-company-websites-all-sectors.csv:10506:website:production-target-19701:website,website,high,high,Brentford School For Girls,Brentford,Middlesex,,Education,Worker,Skilled Worker,https://www.brentford.hounslow.sch.uk/,https://www.brentford.hounslow.sch.uk/,"Exact production identity, high-confidence reviewed development value, same-site evidence, and a distinctive employer-domain match support a blank-only website write. Production identity resolved to sponsor row 19701 by exact current production evidence. Original blocker source: non-healthcare-company-websites-all-sectors.csv:10506:website.",https://www.brentford.hounslow.sch.uk/,promote_high_blank,,verified_blank_website_from_blocker_review,19701
non-healthcare-company-websites-all-sectors.csv:10519:website:production-target-19876:website,website,high,high,Bridgepoint Alliance Ltd,Wembley Park,Middlesex,,Legal & Professional,Worker,Skilled Worker,https://www.bridgepointalliance.com/,https://www.bridgepointalliance.com/,"Exact production identity, high-confidence reviewed development value, same-site evidence, and a distinctive employer-domain match support a blank-only website write. Production identity resolved to sponsor row 19876 by exact current production evidence. Original blocker source: non-healthcare-company-websites-all-sectors.csv:10519:website.",https://www.bridgepointalliance.com/,promote_high_blank,,verified_blank_website_from_blocker_review,19876
non-healthcare-company-websites-all-sectors.csv:10520:website:production-target-19878:website,website,high,high,Bridges Electrical Engineers Ltd,Midsomer Norton,,,Healthcare,Worker,Skilled Worker,https://bridgesltd.co.uk/,https://bridgesltd.co.uk/,"Exact production identity, high-confidence reviewed development value, same-site evidence, and a distinctive employer-domain match support a blank-only website write. Production identity resolved to sponsor row 19878 by exact current production evidence. Original blocker source: non-healthcare-company-websites-all-sectors.csv:10520:website.",https://bridgesltd.co.uk/,promote_high_blank,,verified_blank_website_from_blocker_review,19878
non-healthcare-company-websites-all-sectors.csv:10522:website:production-target-19900:website,website,high,high,Bridgewood Trust Limited,Huddersfield,West Yorkshire,Yorkshire and the Humber,Hospitality,Worker,Skilled Worker,https://bridgewoodtrust.co.uk/,https://bridgewoodtrust.co.uk/,"Exact production identity, high-confidence reviewed development value, same-site evidence, and a distinctive employer-domain match support a blank-only website write. Production identity resolved to sponsor row 19900 by exact current production evidence. Original blocker source: non-healthcare-company-websites-all-sectors.csv:10522:website.",https://bridgewoodtrust.co.uk/,promote_high_blank,,verified_blank_website_from_blocker_review,19900
non-healthcare-company-websites-all-sectors.csv:10527:website:production-target-20002:website,website,high,high,BRIGHTEDGE ACADEMY LIMITED,LONDON,ILFORD,,Technology,Worker,Skilled Worker,https://brightedgeacademy.com/,https://brightedgeacademy.com/,"Exact production identity, high-confidence reviewed development value, same-site evidence, and a distinctive employer-domain match support a blank-only website write. Production identity resolved to sponsor row 20002 by exact current production evidence. Original blocker source: non-healthcare-company-websites-all-sectors.csv:10527:website.",https://brightedgeacademy.com/,promote_high_blank,,verified_blank_website_from_blocker_review,20002
non-healthcare-company-websites-all-sectors.csv:10533:website:production-target-20039:website,website,high,high,Brighton Dome & Festival Ltd,Brighton,East Sussex,South East,Hospitality,Temporary Worker,Creative Worker,https://brightondome.org/,https://brightondome.org/,"Exact production identity, high-confidence reviewed development value, same-site evidence, and a distinctive employer-domain match support a blank-only website write. Production identity resolved to sponsor row 20039 by exact current production evidence. Original blocker source: non-healthcare-company-websites-all-sectors.csv:10533:website.",https://brightondome.org/,promote_high_blank,,verified_blank_website_from_blocker_review,20039
non-healthcare-company-websites-all-sectors.csv:10540:website:production-target-20135:website,website,high,high,Brinkworth Design Limited,London,,,Construction,Worker,Skilled Worker,https://brinkworth.com/,https://brinkworth.com/,"Exact production identity, high-confidence reviewed development value, same-site evidence, and a distinctive employer-domain match support a blank-only website write. Production identity resolved to sponsor row 20135 by exact current production evidence. Original blocker source: non-healthcare-company-websites-all-sectors.csv:10540:website.",https://brinkworth.com/,promote_high_blank,,verified_blank_website_from_blocker_review,20135
non-healthcare-company-websites-all-sectors.csv:10542:website:production-target-20178:website,website,high,high,Bristol Health Ltd,Bristol,,,Manufacturing,Worker,Skilled Worker,https://bristol-health.co.uk/,https://bristol-health.co.uk/,"Exact production identity, high-confidence reviewed development value, same-site evidence, and a distinctive employer-domain match support a blank-only website write. Production identity resolved to sponsor row 20178 by exact current production evidence. Original blocker source: non-healthcare-company-websites-all-sectors.csv:10542:website.",https://bristol-health.co.uk/,promote_high_blank,,verified_blank_website_from_blocker_review,20178
non-healthcare-company-websites-all-sectors.csv:10580:website:production-target-143110:website,website,high,high,Brocc Finance AB - UK Branch,London,,,Hospitality,Worker,Skilled Worker,https://broccfinance.com/,https://broccfinance.com/,"Exact production identity, high-confidence reviewed development value, same-site evidence, and a distinctive employer-domain match support a blank-only website write. Production identity resolved to sponsor row 143110 by exact current production evidence. Original blocker source: non-healthcare-company-websites-all-sectors.csv:10580:website.",https://broccfinance.com/,promote_high_blank,,verified_blank_website_from_blocker_review,143110
non-healthcare-company-websites-all-sectors.csv:10629:website:production-target-21381:website,website,high,high,Burrell & Mistry Ltd,London,,,Legal & Professional,Worker,Skilled Worker,https://www.burrellmistry.com/,https://www.burrellmistry.com/,"Exact production identity, high-confidence reviewed development value, same-site evidence, and a distinctive employer-domain match support a blank-only website write. Production identity resolved to sponsor row 21381 by exact current production evidence. Original blocker source: non-healthcare-company-websites-all-sectors.csv:10629:website.",https://www.burrellmistry.com/,promote_high_blank,,verified_blank_website_from_blocker_review,21381
non-healthcare-company-websites-all-sectors.csv:10631:website:production-target-21487:website,website,high,high,Business School England Limited,London,,,Education,Worker,Skilled Worker,https://www.bpp.com/,https://www.bpp.com/,"Exact production identity, high-confidence reviewed development value, same-site evidence, and a distinctive employer-domain match support a blank-only website write. Production identity resolved to sponsor row 21487 by exact current production evidence. Original blocker source: non-healthcare-company-websites-all-sectors.csv:10631:website.",https://www.bpp.com/,promote_high_blank,,verified_blank_website_from_blocker_review,21487
non-healthcare-company-websites-all-sectors.csv:10649:website:production-target-21748:website,website,high,high,C & R Construction South West Ltd,Crediton,Devon,South West,Hospitality,Worker,Skilled Worker,https://www.candrconstructionsw.co.uk/,https://www.candrconstructionsw.co.uk/,"Exact production identity, high-confidence reviewed development value, same-site evidence, and a distinctive employer-domain match support a blank-only website write. Production identity resolved to sponsor row 21748 by exact current production evidence. Original blocker source: non-healthcare-company-websites-all-sectors.csv:10649:website.",https://www.candrconstructionsw.co.uk/,promote_high_blank,,verified_blank_website_from_blocker_review,21748
non-healthcare-company-websites-all-sectors.csv:10693:website:production-target-22477:website,website,high,high,Cambridge Seminars College,Cambridge,,,Manufacturing,Worker,Skilled Worker,https://csc.uk/,https://csc.uk/,"Exact production identity, high-confidence reviewed development value, same-site evidence, and a distinctive employer-domain match support a blank-only website write. Production identity resolved to sponsor row 22477 by exact current production evidence. Original blocker source: non-healthcare-company-websites-all-sectors.csv:10693:website.",https://csc.uk/,promote_high_blank,,verified_blank_website_from_blocker_review,22477
non-healthcare-company-websites-all-sectors.csv:10695:website:production-target-22485:website,website,high,high,Cambridge Steiner School Project,Cambridge,Cambridgeshire,East of England,Education,Worker,Skilled Worker,https://www.waldorfcambridge.uk/,https://www.waldorfcambridge.uk/,"Exact production identity, high-confidence reviewed development value, same-site evidence, and a distinctive employer-domain match support a blank-only website write. Production identity resolved to sponsor row 22485 by exact current production evidence. Original blocker source: non-healthcare-company-websites-all-sectors.csv:10695:website.",https://www.waldorfcambridge.uk/,promote_high_blank,,verified_blank_website_from_blocker_review,22485
non-healthcare-company-websites-all-sectors.csv:10697:website:production-target-22487:website,website,high,high,Cambridge Street School,Batley,,,Technology,Worker,Skilled Worker,https://www.cambridgestreetschool.com/,https://www.cambridgestreetschool.com/,"Exact production identity, high-confidence reviewed development value, same-site evidence, and a distinctive employer-domain match support a blank-only website write. Production identity resolved to sponsor row 22487 by exact current production evidence. Original blocker source: non-healthcare-company-websites-all-sectors.csv:10697:website.",https://www.cambridgestreetschool.com/,promote_high_blank,,verified_blank_website_from_blocker_review,22487
non-healthcare-company-websites-all-sectors.csv:10701:website:production-target-22546:website,website,high,high,Cameron Flow Control Technology (UK) Limited,Crawley,West Sussex,South East,Technology,Worker,Global Business Mobility: Senior or Specialist Worker,https://www.slb.com/,https://www.slb.com/,"Exact production identity, high-confidence reviewed development value, same-site evidence, and a distinctive employer-domain match support a blank-only website write. Production identity resolved to sponsor row 22546 by exact current production evidence. Original blocker source: non-healthcare-company-websites-all-sectors.csv:10701:website.",https://www.slb.com/,promote_high_blank,,verified_blank_website_from_blocker_review,22546
non-healthcare-company-websites-all-sectors.csv:10701:website:production-target-22547:website,website,high,high,Cameron Flow Control Technology (UK) Limited,Crawley,West Sussex,South East,Technology,Worker,Global Business Mobility: Senior or Specialist Worker,https://www.slb.com/,https://www.slb.com/,"Exact production identity, high-confidence reviewed development value, same-site evidence, and a distinctive employer-domain match support a blank-only website write. Production identity resolved to sponsor row 22547 by exact current production evidence. Original blocker source: non-healthcare-company-websites-all-sectors.csv:10701:website.",https://www.slb.com/,promote_high_blank,,verified_blank_website_from_blocker_review,22547
non-healthcare-company-websites-all-sectors.csv:10705:website:production-target-22599:website,website,high,high,Camphill Blair Drummond Trust Ltd,Stirling,Scotland,Scotland,Social Care,Temporary Worker,Charity Worker,https://camphillblairdrummond.org.uk/,https://camphillblairdrummond.org.uk/,"Exact production identity, high-confidence reviewed development value, same-site evidence, and a distinctive employer-domain match support a blank-only website write. Production identity resolved to sponsor row 22599 by exact current production evidence. Original blocker source: non-healthcare-company-websites-all-sectors.csv:10705:website.",https://camphillblairdrummond.org.uk/,promote_high_blank,,verified_blank_website_from_blocker_review,22599
non-healthcare-company-websites-all-sectors.csv:10705:website:production-target-22600:website,website,high,high,Camphill Blair Drummond Trust Ltd,Stirling,Scotland,Scotland,Social Care,Temporary Worker,Charity Worker,https://camphillblairdrummond.org.uk/,https://camphillblairdrummond.org.uk/,"Exact production identity, high-confidence reviewed development value, same-site evidence, and a distinctive employer-domain match support a blank-only website write. Production identity resolved to sponsor row 22600 by exact current production evidence. Original blocker source: non-healthcare-company-websites-all-sectors.csv:10705:website.",https://camphillblairdrummond.org.uk/,promote_high_blank,,verified_blank_website_from_blocker_review,22600
non-healthcare-company-websites-all-sectors.csv:10712:website:production-target-22720:website,website,high,high,Canford School,Wimborne,Dorset,South West,Engineering,Worker,Skilled Worker,https://www.canford.com/,https://www.canford.com/,"Exact production identity, high-confidence reviewed development value, same-site evidence, and a distinctive employer-domain match support a blank-only website write. Production identity resolved to sponsor row 22720 by exact current production evidence. Original blocker source: non-healthcare-company-websites-all-sectors.csv:10712:website.",https://www.canford.com/,promote_high_blank,,verified_blank_website_from_blocker_review,22720
non-healthcare-company-websites-all-sectors.csv:10722:website:production-target-141821:website,website,high,high,Capital City College Group,London,,,Social Care,Worker,Skilled Worker,https://www.capitalccg.ac.uk/,https://www.capitalccg.ac.uk/,"Exact production identity, high-confidence reviewed development value, same-site evidence, and a distinctive employer-domain match support a blank-only website write. Production identity resolved to sponsor row 141821 by exact current production evidence. Original blocker source: non-healthcare-company-websites-all-sectors.csv:10722:website.",https://www.capitalccg.ac.uk/,promote_high_blank,,verified_blank_website_from_blocker_review,141821
non-healthcare-company-websites-all-sectors.csv:10729:website:production-target-22941:website,website,high,high,Capitax Financial Ltd,Stanmore,Middlesex,,Finance,Worker,Skilled Worker,https://capitaxfinancial.com/,https://capitaxfinancial.com/,"Exact production identity, high-confidence reviewed development value, same-site evidence, and a distinctive employer-domain match support a blank-only website write. Production identity resolved to sponsor row 22941 by exact current production evidence. Original blocker source: non-healthcare-company-websites-all-sectors.csv:10729:website.",https://capitaxfinancial.com/,promote_high_blank,,verified_blank_website_from_blocker_review,22941
non-healthcare-company-websites-all-sectors.csv:10753:website:production-target-23346:website,website,high,high,Care Pro (South East) Limited,Bexhill on Sea,,,Legal & Professional,Worker,Skilled Worker,https://careprosoutheast.co.uk/,https://careprosoutheast.co.uk/,"Exact production identity, high-confidence reviewed development value, same-site evidence, and a distinctive employer-domain match support a blank-only website write. Production identity resolved to sponsor row 23346 by exact current production evidence. Original blocker source: non-healthcare-company-websites-all-sectors.csv:10753:website.",https://careprosoutheast.co.uk/,promote_high_blank,,verified_blank_website_from_blocker_review,23346
non-healthcare-company-websites-all-sectors.csv:10754:website:production-target-153944:website,website,high,high,Careach Limited,Birmingham,West Midlands,West Midlands,Social Care,Worker,Skilled Worker,https://careach.co.uk/,https://careach.co.uk/,"Exact production identity, high-confidence reviewed development value, same-site evidence, and a distinctive employer-domain match support a blank-only website write. Production identity resolved to sponsor row 153944 by exact current production evidence. Original blocker source: non-healthcare-company-websites-all-sectors.csv:10754:website.",https://careach.co.uk/,promote_high_blank,,verified_blank_website_from_blocker_review,153944
non-healthcare-company-websites-all-sectors.csv:10756:website:production-target-23494:website,website,high,high,Carers Trust Heart of England,Coventry,West Midlands,West Midlands,Social Care,Worker,Skilled Worker,https://www.carerstrusthofe.org.uk/,https://www.carerstrusthofe.org.uk/,"Exact production identity, high-confidence reviewed development value, same-site evidence, and a distinctive employer-domain match support a blank-only website write. Production identity resolved to sponsor row 23494 by exact current production evidence. Original blocker source: non-healthcare-company-websites-all-sectors.csv:10756:website.",https://www.carerstrusthofe.org.uk/,promote_high_blank,,verified_blank_website_from_blocker_review,23494
non-healthcare-company-websites-all-sectors.csv:10759:website:production-target-23525:website,website,high,high,Cargilfield School,Edinburgh,,,Education,Worker,Skilled Worker,https://www.cargilfield.com/,https://www.cargilfield.com/,"Exact production identity, high-confidence reviewed development value, same-site evidence, and a distinctive employer-domain match support a blank-only website write. Production identity resolved to sponsor row 23525 by exact current production evidence. Original blocker source: non-healthcare-company-websites-all-sectors.csv:10759:website.",https://www.cargilfield.com/,promote_high_blank,,verified_blank_website_from_blocker_review,23525
non-healthcare-company-websites-all-sectors.csv:10759:website:production-target-23526:website,website,high,high,Cargilfield School,Edinburgh,,,Education,Worker,Skilled Worker,https://www.cargilfield.com/,https://www.cargilfield.com/,"Exact production identity, high-confidence reviewed development value, same-site evidence, and a distinctive employer-domain match support a blank-only website write. Production identity resolved to sponsor row 23526 by exact current production evidence. Original blocker source: non-healthcare-company-websites-all-sectors.csv:10759:website.",https://www.cargilfield.com/,promote_high_blank,,verified_blank_website_from_blocker_review,23526
non-healthcare-company-websites-all-sectors.csv:10761:website:production-target-23550:website,website,high,high,Caribbean & African Health Network (CAHN),Manchester,,,Hospitality,Worker,Skilled Worker,https://www.cahn.org.uk/,https://www.cahn.org.uk/,"Exact production identity, high-confidence reviewed development value, same-site evidence, and a distinctive employer-domain match support a blank-only website write. Production identity resolved to sponsor row 23550 by exact current production evidence. Original blocker source: non-healthcare-company-websites-all-sectors.csv:10761:website.",https://www.cahn.org.uk/,promote_high_blank,,verified_blank_website_from_blocker_review,23550
non-healthcare-company-websites-all-sectors.csv:10763:website:production-target-23584:website,website,high,high,Caring Locals,Grays,Essex,East of England,Social Care,Worker,Skilled Worker,https://www.caringlocals.co.uk/,https://www.caringlocals.co.uk/,"Exact production identity, high-confidence reviewed development value, same-site evidence, and a distinctive employer-domain match support a blank-only website write. Production identity resolved to sponsor row 23584 by exact current production evidence. Original blocker source: non-healthcare-company-websites-all-sectors.csv:10763:website.",https://www.caringlocals.co.uk/,promote_high_blank,,verified_blank_website_from_blocker_review,23584
non-healthcare-company-websites-all-sectors.csv:10778:website:production-target-23743:website,website,high,high,Carshalton Boys Sports College,Carshalton,Surrey,South East,Education,Worker,Skilled Worker,https://www.carshaltonboys.org/,https://www.carshaltonboys.org/,"Exact production identity, high-confidence reviewed development value, same-site evidence, and a distinctive employer-domain match support a blank-only website write. Production identity resolved to sponsor row 23743 by exact current production evidence. Original blocker source: non-healthcare-company-websites-all-sectors.csv:10778:website.",https://www.carshaltonboys.org/,promote_high_blank,,verified_blank_website_from_blocker_review,23743
non-healthcare-company-websites-all-sectors.csv:10785:website:production-target-23958:website,website,high,high,Castle School Education Trust,Mangotsfield,South Gloucestershire,South West,Education,Worker,Skilled Worker,https://cset.co.uk/,https://cset.co.uk/,"Exact production identity, high-confidence reviewed development value, same-site evidence, and a distinctive employer-domain match support a blank-only website write. Production identity resolved to sponsor row 23958 by exact current production evidence. Original blocker source: non-healthcare-company-websites-all-sectors.csv:10785:website.",https://cset.co.uk/,promote_high_blank,,verified_blank_website_from_blocker_review,23958
non-healthcare-company-websites-all-sectors.csv:10870:website:production-target-25126:website,website,high,high,Chancery Education Trust,Bromley,Kent,South East,Education,Worker,Skilled Worker,https://www.chanceryeducation.com/,https://www.chanceryeducation.com/,"Exact production identity, high-confidence reviewed development value, same-site evidence, and a distinctive employer-domain match support a blank-only website write. Production identity resolved to sponsor row 25126 by exact current production evidence. Original blocker source: non-healthcare-company-websites-all-sectors.csv:10870:website.",https://www.chanceryeducation.com/,promote_high_blank,,verified_blank_website_from_blocker_review,25126
non-healthcare-company-websites-all-sectors.csv:10873:website:production-target-25179:website,website,high,high,Channel Health Alliance,Lydden,KENT,South East,Education,Worker,Skilled Worker,https://www.channelhealthalliance.co.uk/,https://www.channelhealthalliance.co.uk/,"Exact production identity, high-confidence reviewed development value, same-site evidence, and a distinctive employer-domain match support a blank-only website write. Production identity resolved to sponsor row 25179 by exact current production evidence. Original blocker source: non-healthcare-company-websites-all-sectors.csv:10873:website.",https://www.channelhealthalliance.co.uk/,promote_high_blank,,verified_blank_website_from_blocker_review,25179
non-healthcare-company-websites-all-sectors.csv:10874:website:production-target-25184:website,website,high,high,Channing School,London,,,Retail,Worker,Skilled Worker,https://www.channing.co.uk/,https://www.channing.co.uk/,"Exact production identity, high-confidence reviewed development value, same-site evidence, and a distinctive employer-domain match support a blank-only website write. Production identity resolved to sponsor row 25184 by exact current production evidence. Original blocker source: non-healthcare-company-websites-all-sectors.csv:10874:website.",https://www.channing.co.uk/,promote_high_blank,,verified_blank_website_from_blocker_review,25184
non-healthcare-company-websites-all-sectors.csv:13642:website:production-target-70904:website,website,high,high,Lattimer Ltd,SOUTHPORT,Merseyside,North West,Other,Worker,Skilled Worker,https://www.lattimer.com/,https://www.lattimer.com/,"Exact production identity, high-confidence reviewed development value, same-site evidence, and a distinctive employer-domain match support a blank-only website write. Production identity resolved to sponsor row 70904 by exact current production evidence. Original blocker source: non-healthcare-company-websites-all-sectors.csv:13642:website.",https://www.lattimer.com/,promote_high_blank,,verified_blank_website_from_blocker_review,70904
non-healthcare-company-websites-all-sectors.csv:13645:website:production-target-70913:website,website,high,high,LAUNCH ROBOTICS LTD,WORKSOP,,,Other,Worker,Skilled Worker,https://launch-robotics.com/,https://launch-robotics.com/,"Exact production identity, high-confidence reviewed development value, same-site evidence, and a distinctive employer-domain match support a blank-only website write. Production identity resolved to sponsor row 70913 by exact current production evidence. Original blocker source: non-healthcare-company-websites-all-sectors.csv:13645:website.",https://launch-robotics.com/,promote_high_blank,,verified_blank_website_from_blocker_review,70913
non-healthcare-company-websites-all-sectors.csv:13646:website:production-target-70914:website,website,high,high,Launch Tech Uk Ltd..,Milton Keynes,Bucks,,Other,Worker,Skilled Worker,https://www.launchtech.co.uk/,https://www.launchtech.co.uk/,"Exact production identity, high-confidence reviewed development value, same-site evidence, and a distinctive employer-domain match support a blank-only website write. Production identity resolved to sponsor row 70914 by exact current production evidence. Original blocker source: non-healthcare-company-websites-all-sectors.csv:13646:website.",https://www.launchtech.co.uk/,promote_high_blank,,verified_blank_website_from_blocker_review,70914
non-healthcare-company-websites-all-sectors.csv:14488:website:production-target-13453:website,website,high,high,B S Suthi and Bros Limited,Oldbury,,,Other,Worker,Skilled Worker,https://www.bssuthiandbros.co.uk/,https://www.bssuthiandbros.co.uk/,"Exact production identity, high-confidence reviewed development value, same-site evidence, and a distinctive employer-domain match support a blank-only website write. Production identity resolved to sponsor row 13453 by exact current production evidence. Original blocker source: non-healthcare-company-websites-all-sectors.csv:14488:website.",https://www.bssuthiandbros.co.uk/,preserve_existing_same,,verified_blank_website_from_blocker_review,13453
batch1.csv:418:website_url:production-target-15195:website,website,high,high,BE Education,LONDON,,,Other,Worker,Skilled Worker,https://beeducation.com/,https://beeducation.com/,"Exact production identity, high-confidence reviewed development value, same-site evidence, and a distinctive employer-domain match support a blank-only website write. Production identity resolved to sponsor row 15195 by exact current production evidence. Original blocker source: batch1.csv:418:website_url.",https://beeducation.com/,update_blank,,verified_blank_website_from_blocker_review,15195
batch1.csv:420:website_url:production-target-15197:website,website,high,high,Be First (Regeneration) Ltd,London,,,Construction,Worker,Skilled Worker,https://befirst.london/,https://befirst.london/,"Exact production identity, high-confidence reviewed development value, same-site evidence, and a distinctive employer-domain match support a blank-only website write. Production identity resolved to sponsor row 15197 by exact current production evidence. Original blocker source: batch1.csv:420:website_url.",https://befirst.london/,update_blank,,verified_blank_website_from_blocker_review,15197
batch1.csv:422:website_url:production-target-15199:website,website,high,high,BE HAPPY SUPPORT LIMITED,Telford,,,Social Care,Worker,Skilled Worker,https://behappysupportlimited.co.uk/,https://behappysupportlimited.co.uk/,"Exact production identity, high-confidence reviewed development value, same-site evidence, and a distinctive employer-domain match support a blank-only website write. Production identity resolved to sponsor row 15199 by exact current production evidence. Original blocker source: batch1.csv:422:website_url.",https://behappysupportlimited.co.uk/,update_blank,,verified_blank_website_from_blocker_review,15199
batch1.csv:428:website_url:production-target-15205:website,website,high,high,Be Possible Limited,Guildford,Surry,,Other,Worker,Skilled Worker,https://bepossible.co.uk/,https://bepossible.co.uk/,"Exact production identity, high-confidence reviewed development value, same-site evidence, and a distinctive employer-domain match support a blank-only website write. Production identity resolved to sponsor row 15205 by exact current production evidence. Original blocker source: batch1.csv:428:website_url.",https://bepossible.co.uk/,update_blank,,verified_blank_website_from_blocker_review,15205
batch1.csv:432:website_url:production-target-15209:website,website,high,high,Be Shaping the Future Management Consulting Ltd,London,,,Legal & Professional,Worker,Global Business Mobility: Senior or Specialist Worker,https://www.beshapingthefuture.co.uk/,https://www.beshapingthefuture.co.uk/,"Exact production identity, high-confidence reviewed development value, same-site evidence, and a distinctive employer-domain match support a blank-only website write. Production identity resolved to sponsor row 15209 by exact current production evidence. Original blocker source: batch1.csv:432:website_url.",https://www.beshapingthefuture.co.uk/,update_blank,,verified_blank_website_from_blocker_review,15209
batch1.csv:432:website_url:production-target-15210:website,website,high,high,Be Shaping the Future Management Consulting Ltd,London,,,Legal & Professional,Worker,Global Business Mobility: Senior or Specialist Worker,https://www.beshapingthefuture.co.uk/,https://www.beshapingthefuture.co.uk/,"Exact production identity, high-confidence reviewed development value, same-site evidence, and a distinctive employer-domain match support a blank-only website write. Production identity resolved to sponsor row 15210 by exact current production evidence. Original blocker source: batch1.csv:432:website_url.",https://www.beshapingthefuture.co.uk/,update_blank,,verified_blank_website_from_blocker_review,15210
batch3.csv:156:website_url:production-target-23117:website,website,high,high,CARBONSPARK LTD,London,,,Other,Worker,Skilled Worker,https://carbonspark.co.uk/,https://carbonspark.co.uk/,"Exact production identity, high-confidence reviewed development value, same-site evidence, and a distinctive employer-domain match support a blank-only website write. Production identity resolved to sponsor row 23117 by exact current production evidence. Original blocker source: batch3.csv:156:website_url.",https://carbonspark.co.uk/,update_blank,,verified_blank_website_from_blocker_review,23117
batch3.csv:159:careers_url:production-target-23120:careers,careers,high,high,Carclo plc,Ossett,,,Other,Worker,Skilled Worker,https://www.carclo.co.uk/join-us,https://www.carclo.co.uk/,"The reviewed first-party careers URL is verified, production identity is exact, and apply can insert a careers-site row without changing sponsor websites. Production identity resolved to sponsor row 23120 by exact current production evidence. Original blocker source: batch3.csv:159:careers_url.",https://www.carclo.co.uk/join-us,update_blank,,verified_careers_site_insert,23120
batch5.csv:381:website_url:production-target-70924:website,website,high,high,LAUNDRA LIMITED,Bristol,Somerset,South West,Other,Worker,Skilled Worker,https://laundra.co.uk/,https://laundra.co.uk/,"Exact production identity, high-confidence reviewed development value, same-site evidence, and a distinctive employer-domain match support a blank-only website write. Production identity resolved to sponsor row 70924 by exact current production evidence. Original blocker source: batch5.csv:381:website_url.",https://laundra.co.uk/,update_blank,,verified_blank_website_from_blocker_review,70924
batch5.csv:382:website_url:production-target-70925:website,website,high,high,LaundRe Holdings Ltd,Canning Town,London,London,Other,Worker,Skilled Worker,https://www.laundre.co.uk/,https://www.laundre.co.uk/,"Exact production identity, high-confidence reviewed development value, same-site evidence, and a distinctive employer-domain match support a blank-only website write. Production identity resolved to sponsor row 70925 by exact current production evidence. Original blocker source: batch5.csv:382:website_url.",https://www.laundre.co.uk/,update_blank,,verified_blank_website_from_blocker_review,70925
batch5.csv:387:website_url:production-target-70932:website,website,high,high,LAURA HAMMETT LIMITED,London,,,Other,Worker,Skilled Worker,https://laurahammett.com/,https://laurahammett.com/,"Exact production identity, high-confidence reviewed development value, same-site evidence, and a distinctive employer-domain match support a blank-only website write. Production identity resolved to sponsor row 70932 by exact current production evidence. Original blocker source: batch5.csv:387:website_url.",https://laurahammett.com/,update_blank,,verified_blank_website_from_blocker_review,70932
non-healthcare-company-websites-all-sectors.csv:38:website:production-target-18137:website,website,high,high,BLUE ORCHID ASPLEY GUISE LTD T/A BLUE ORCHID,Milton Keynes,ENGLAND,,Hospitality,Worker,Skilled Worker,https://blueorchidrestaurant.co.uk/,https://blueorchidrestaurant.co.uk/,"Exact production identity, high-confidence reviewed development value, same-site evidence, and a distinctive employer-domain match support a blank-only website write. Production identity resolved to sponsor row 18137 by exact current production evidence. Original blocker source: non-healthcare-company-websites-all-sectors.csv:38:website.",http://blueorchidrestaurant.co.uk/,preserve_existing_different,,verified_blank_website_from_blocker_review,18137
batch1.csv:34:careers_url:production-target-145812:careers,careers,high,high,Abbey Healthcare (Hamilton) Ltd,Hamilton,,,Healthcare,Worker,Skilled Worker,https://www.abbeyhealthcare.org.uk/careers/,https://www.abbeyhealthcare.org.uk/,"The reviewed first-party careers URL is verified, production identity is exact, and apply can insert a careers-site row without changing sponsor websites. Production identity resolved to sponsor row 145812 by exact current production evidence. Original blocker source: batch1.csv:34:careers_url.",https://www.abbeyhealthcare.org.uk/careers/,update_blank,,verified_careers_site_insert,145812
batch1.csv:38:careers_url:production-target-145822:careers,careers,high,high,Abbey Medical Centre,Kenilworth,United Kingdom,,Healthcare,Worker,Skilled Worker,https://www.abbeymc.co.uk/jobs,https://www.abbeymc.co.uk/,"The reviewed first-party careers URL is verified, production identity is exact, and apply can insert a careers-site row without changing sponsor websites. Production identity resolved to sponsor row 145822 by exact current production evidence. Original blocker source: batch1.csv:38:careers_url.",https://www.abbeymc.co.uk/jobs,update_blank,,verified_careers_site_insert,145822
batch1.csv:71:careers_url:production-target-146762:careers,careers,high,high,Acorn Health Care Limited,East Grinstead,West Sussex,South East,Healthcare,Worker,Skilled Worker,https://www.acornshealthcare.co.uk/careers-at-acorns/,https://www.acornshealthcare.co.uk/,"The reviewed first-party careers URL is verified, production identity is exact, and apply can insert a careers-site row without changing sponsor websites. Production identity resolved to sponsor row 146762 by exact current production evidence. Original blocker source: batch1.csv:71:careers_url.",https://www.acornshealthcare.co.uk/careers-at-acorns/,update_blank,,verified_careers_site_insert,146762
batch1.csv:101:careers_url:production-target-147915:careers,careers,high,high,Afeni Healthcare Limited,Bristol,,,Healthcare,Worker,Skilled Worker,https://www.afenihealthcare.co.uk/jobs,https://www.afenihealthcare.co.uk/,"The reviewed first-party careers URL is verified, production identity is exact, and apply can insert a careers-site row without changing sponsor websites. Production identity resolved to sponsor row 147915 by exact current production evidence. Original blocker source: batch1.csv:101:careers_url.",https://www.afenihealthcare.co.uk/jobs,update_blank,,verified_careers_site_insert,147915
batch1.csv:277:careers_url:production-target-11346:careers,careers,high,high,ASPECT HEALTHCARE SERVICES LIMITED,Sunderland,Sunderland,North East,Healthcare,Worker,Skilled Worker,https://aspecthealthcare.co.uk/careers/,https://aspecthealthcare.co.uk/,"The reviewed first-party careers URL is verified, production identity is exact, and apply can insert a careers-site row without changing sponsor websites. Production identity resolved to sponsor row 11346 by exact current production evidence. Original blocker source: batch1.csv:277:careers_url.",https://aspecthealthcare.co.uk/careers/,update_blank,,verified_careers_site_insert,11346
batch1.csv:286:careers_url:production-target-11596:careers,careers,high,high,Assured Healthcare Solutions Limited,Tamworth,Staffordshire,West Midlands,Healthcare,Worker,Skilled Worker,https://www.assuredhealthcaresolutions.com/careers,https://www.assuredhealthcaresolutions.com/,"The reviewed first-party careers URL is verified, production identity is exact, and apply can insert a careers-site row without changing sponsor websites. Production identity resolved to sponsor row 11596 by exact current production evidence. Original blocker source: batch1.csv:286:careers_url.",https://www.assuredhealthcaresolutions.com/careers,update_blank,,verified_careers_site_insert,11596
batch1.csv:331:careers_url:production-target-12924:careers,careers,high,high,Avrin Pharma Ltd,Liverpool,Merseyside,North West,Healthcare,Worker,Skilled Worker,https://www.avrin.co.uk/careers/,https://www.avrin.co.uk/,"The reviewed first-party careers URL is verified, production identity is exact, and apply can insert a careers-site row without changing sponsor websites. Production identity resolved to sponsor row 12924 by exact current production evidence. Original blocker source: batch1.csv:331:careers_url.",https://www.avrin.co.uk/careers/,update_blank,,verified_careers_site_insert,12924
batch1.csv:410:careers_url:production-target-14988:careers,careers,high,high,Baywater Healthcare Limited,Crewe,,,Healthcare,Worker,Global Business Mobility: Senior or Specialist Worker,https://www.baywater.co.uk/careers/,https://www.baywater.co.uk/,"The reviewed first-party careers URL is verified, production identity is exact, and apply can insert a careers-site row without changing sponsor websites. Production identity resolved to sponsor row 14988 by exact current production evidence. Original blocker source: batch1.csv:410:careers_url.",https://www.baywater.co.uk/careers/,update_blank,,verified_careers_site_insert,14988
batch1.csv:437:careers_url:production-target-15238:careers,careers,high,high,Beacon Health Group Ltd,Doncaster,South Yorkshire,Yorkshire and the Humber,Healthcare,Worker,Skilled Worker,https://beaconsl.co.uk/our-careers/,https://beaconsl.co.uk/,"The reviewed first-party careers URL is verified, production identity is exact, and apply can insert a careers-site row without changing sponsor websites. Production identity resolved to sponsor row 15238 by exact current production evidence. Original blocker source: batch1.csv:437:careers_url.",https://beaconsl.co.uk/our-careers/,update_blank,,verified_careers_site_insert,15238
batch1.csv:484:careers_url:production-target-16222:careers,careers,high,high,Besins Healthcare (UK) Limited,London,,,Healthcare,Worker,Skilled Worker,https://www.besinshealthcare.co.uk/careers,https://www.besinshealthcare.co.uk/,"The reviewed first-party careers URL is verified, production identity is exact, and apply can insert a careers-site row without changing sponsor websites. Production identity resolved to sponsor row 16222 by exact current production evidence. Original blocker source: batch1.csv:484:careers_url.",https://www.besinshealthcare.co.uk/careers,update_blank,,verified_careers_site_insert,16222
batch1.csv:488:careers_url:production-target-16416:careers,careers,high,high,Bestway Panacea Healthcare Limited,Manchester,,,Healthcare,Worker,Skilled Worker,https://www.bestwaygroup.co.uk/careers,https://www.bestwaygroup.co.uk/,"The reviewed first-party careers URL is verified, production identity is exact, and apply can insert a careers-site row without changing sponsor websites. Production identity resolved to sponsor row 16416 by exact current production evidence. Original blocker source: batch1.csv:488:careers_url.",https://www.bestwaygroup.co.uk/careers,update_blank,,verified_careers_site_insert,16416
batch2.csv:166:careers_url:production-target-19555:careers,careers,high,high,Brannam Medical Centre,Barnstaple,,,Healthcare,Worker,Skilled Worker,https://www.brannammedicalcentre.co.uk/job-vacancies,https://www.brannammedicalcentre.co.uk/,"The reviewed first-party careers URL is verified, production identity is exact, and apply can insert a careers-site row without changing sponsor websites. Production identity resolved to sponsor row 19555 by exact current production evidence. Original blocker source: batch2.csv:166:careers_url.",https://www.brannammedicalcentre.co.uk/job-vacancies,update_blank,,verified_careers_site_insert,19555
batch2.csv:270:careers_url:production-target-29165:careers,careers,high,high,Concept Eye Clinic Limited,Newcastle Upon Tyne,,,Healthcare,Worker,Skilled Worker,https://concepteyeclinic.com/join-us/,https://concepteyeclinic.com/,"The reviewed first-party careers URL is verified, production identity is exact, and apply can insert a careers-site row without changing sponsor websites. Production identity resolved to sponsor row 29165 by exact current production evidence. Original blocker source: batch2.csv:270:careers_url.",https://concepteyeclinic.com/join-us/,update_blank,,verified_careers_site_insert,29165
batch2.csv:301:careers_url:production-target-33489:careers,careers,high,high,Dears Pharmacy & Travel Clinic,Lochgelly,Fifw,,Healthcare,Worker,Skilled Worker,https://dearspharmacy.co.uk/careers/,https://dearspharmacy.co.uk/,"The reviewed first-party careers URL is verified, production identity is exact, and apply can insert a careers-site row without changing sponsor websites. Production identity resolved to sponsor row 33489 by exact current production evidence. Original blocker source: batch2.csv:301:careers_url.",https://dearspharmacy.co.uk/careers/,update_blank,,verified_careers_site_insert,33489
batch2.csv:355:careers_url:production-target-39849:careers,careers,high,high,Elm Park Dental Surgery,Essex,,,Healthcare,Worker,Skilled Worker,https://www.elmparkdentalsurgery.com/careers,https://www.elmparkdentalsurgery.com/,"The reviewed first-party careers URL is verified, production identity is exact, and apply can insert a careers-site row without changing sponsor websites. Production identity resolved to sponsor row 39849 by exact current production evidence. Original blocker source: batch2.csv:355:careers_url.",https://www.elmparkdentalsurgery.com/careers,update_blank,,verified_careers_site_insert,39849
batch2.csv:422:careers_url:production-target-51792:careers,careers,high,high,Great Oakley Medical Centre,Corby,Northamptonshire,East Midlands,Healthcare,Worker,Skilled Worker,https://www.greatoakleymedicalcentre.co.uk/vacancies,https://www.greatoakleymedicalcentre.co.uk/,"The reviewed first-party careers URL is verified, production identity is exact, and apply can insert a careers-site row without changing sponsor websites. Production identity resolved to sponsor row 51792 by exact current production evidence. Original blocker source: batch2.csv:422:careers_url.",https://www.greatoakleymedicalcentre.co.uk/vacancies,update_blank,,verified_careers_site_insert,51792
batch2.csv:432:careers_url:production-target-52262:careers,careers,high,high,GRETNA DENTAL PRACTICE,Gretna Green,,,Healthcare,Worker,Skilled Worker,https://gretnadentalpractice.co.uk/careers/,https://gretnadentalpractice.co.uk/,"The reviewed first-party careers URL is verified, production identity is exact, and apply can insert a careers-site row without changing sponsor websites. Production identity resolved to sponsor row 52262 by exact current production evidence. Original blocker source: batch2.csv:432:careers_url.",https://gretnadentalpractice.co.uk/careers/,update_blank,,verified_careers_site_insert,52262
batch3.csv:35:careers_url:production-target-18168:careers,careers,high,high,Blue Sky Dental Limited,West Lothian,,,Healthcare,Worker,Skilled Worker,https://www.blueskydental.co.uk/work-with-us,https://www.blueskydental.co.uk/,"The reviewed first-party careers URL is verified, production identity is exact, and apply can insert a careers-site row without changing sponsor websites. Production identity resolved to sponsor row 18168 by exact current production evidence. Original blocker source: batch3.csv:35:careers_url.",https://www.blueskydental.co.uk/work-with-us,update_blank,,verified_careers_site_insert,18168
batch3.csv:84:careers_url:production-target-20082:careers,careers,high,high,Brightwell Healthcare Limited,Ipswich,,,Healthcare,Worker,Skilled Worker,https://www.brightwell.co.uk/our-careers/,https://www.brightwell.co.uk/,"The reviewed first-party careers URL is verified, production identity is exact, and apply can insert a careers-site row without changing sponsor websites. Production identity resolved to sponsor row 20082 by exact current production evidence. Original blocker source: batch3.csv:84:careers_url.",https://www.brightwell.co.uk/our-careers/,update_blank,,verified_careers_site_insert,20082
batch3.csv:98:careers_url:production-target-153722:careers,careers,high,high,BRONTE HEALTHCARE LIMITED T/A SURECARE SKIPTON & BINGLEY,Shipley,,,Healthcare,Worker,Skilled Worker,https://surecare.co.uk/careers/,https://surecare.co.uk/,"The reviewed first-party careers URL is verified, production identity is exact, and apply can insert a careers-site row without changing sponsor websites. Production identity resolved to sponsor row 153722 by exact current production evidence. Original blocker source: batch3.csv:98:careers_url.",https://surecare.co.uk/careers/,update_blank,,verified_careers_site_insert,153722
batch3.csv:174:careers_url:production-target-141829:careers,careers,high,high,Carelight Healthcare Ltd,Wolverhampton,,,Healthcare,Worker,Skilled Worker,https://carelight.co.uk/recruitment-process/,https://carelight.co.uk/,"The reviewed first-party careers URL is verified, production identity is exact, and apply can insert a careers-site row without changing sponsor websites. Production identity resolved to sponsor row 141829 by exact current production evidence. Original blocker source: batch3.csv:174:careers_url.",https://carelight.co.uk/recruitment-process/,update_blank,,verified_careers_site_insert,141829
batch3.csv:223:careers_url:production-target-24878:careers,careers,high,high,Certus Healthcare Limited,Bradford,,,Healthcare,Worker,Skilled Worker,https://www.certus-tech.com/join-us,https://www.certus-tech.com/,"The reviewed first-party careers URL is verified, production identity is exact, and apply can insert a careers-site row without changing sponsor websites. Production identity resolved to sponsor row 24878 by exact current production evidence. Original blocker source: batch3.csv:223:careers_url.",https://www.certus-tech.com/join-us,update_blank,,verified_careers_site_insert,24878
batch3.csv:332:careers_url:production-target-28994:careers,careers,high,high,Compassionate Healthcare Ltd,Stoke On Trent,,,Healthcare,Worker,Skilled Worker,https://compassionatehealthcare.co.uk/careers/,https://compassionatehealthcare.co.uk/,"The reviewed first-party careers URL is verified, production identity is exact, and apply can insert a careers-site row without changing sponsor websites. Production identity resolved to sponsor row 28994 by exact current production evidence. Original blocker source: batch3.csv:332:careers_url.",https://compassionatehealthcare.co.uk/careers/,update_blank,,verified_careers_site_insert,28994
batch3.csv:335:careers_url:production-target-29173:careers,careers,high,high,"Concept Life Sciences, Integrated Discovery and Development Services Ltd.",High Peak,Derbyshire,East Midlands,Healthcare,Worker,Global Business Mobility: Senior or Specialist Worker,https://www.conceptlifesciences.com/careers,https://www.conceptlifesciences.com/,"The reviewed first-party careers URL is verified, production identity is exact, and apply can insert a careers-site row without changing sponsor websites. Production identity resolved to sponsor row 29173 by exact current production evidence. Original blocker source: batch3.csv:335:careers_url.",https://www.conceptlifesciences.com/careers,update_blank,,verified_careers_site_insert,29173
batch3.csv:389:careers_url:production-target-31154:careers,careers,high,high,Croft Healthcare Ltd,Pontefract,West Yorkshire,Yorkshire and the Humber,Healthcare,Worker,Skilled Worker,https://crofthc.com/careers/,https://crofthc.com/,"The reviewed first-party careers URL is verified, production identity is exact, and apply can insert a careers-site row without changing sponsor websites. Production identity resolved to sponsor row 31154 by exact current production evidence. Original blocker source: batch3.csv:389:careers_url.",https://crofthc.com/careers/,update_blank,,verified_careers_site_insert,31154
batch4.csv:76:careers_url:production-target-37699:careers,careers,high,high,Eagle Healthcare Ltd,Wolverhampton,,,Healthcare,Worker,Skilled Worker,https://theeaglehealthcare.co.uk/vacancies/,https://theeaglehealthcare.co.uk/,"The reviewed first-party careers URL is verified, production identity is exact, and apply can insert a careers-site row without changing sponsor websites. Production identity resolved to sponsor row 37699 by exact current production evidence. Original blocker source: batch4.csv:76:careers_url.",https://theeaglehealthcare.co.uk/vacancies/,update_blank,,verified_careers_site_insert,37699
batch4.csv:102:careers_url:production-target-38069:careers,careers,high,high,Eastway Pharma Ltd,Stockport,,,Healthcare,Worker,Skilled Worker,https://eastwaytech.com/careers/,https://eastwaytech.com/,"The reviewed first-party careers URL is verified, production identity is exact, and apply can insert a careers-site row without changing sponsor websites. Production identity resolved to sponsor row 38069 by exact current production evidence. Original blocker source: batch4.csv:102:careers_url.",https://eastwaytech.com/careers/,update_blank,,verified_careers_site_insert,38069
batch4.csv:107:careers_url:production-target-38241:careers,careers,high,high,EBONY HEALTHCARE SERVICES LIMITED,Brentwood,Essex,East of England,Healthcare,Worker,Skilled Worker,https://ebonyhealthcare.co.uk/vacancies/,https://ebonyhealthcare.co.uk/,"The reviewed first-party careers URL is verified, production identity is exact, and apply can insert a careers-site row without changing sponsor websites. Production identity resolved to sponsor row 38241 by exact current production evidence. Original blocker source: batch4.csv:107:careers_url.",https://ebonyhealthcare.co.uk/vacancies/,update_blank,,verified_careers_site_insert,38241
batch4.csv:109:careers_url:production-target-38321:careers,careers,high,high,ECHO HEALTHCARE SERVICES LIMITED,Waltham Abbey,Essex,East of England,Healthcare,Worker,Skilled Worker,https://www.echouk.net/careers-working-for-echo/,https://www.echouk.net/,"The reviewed first-party careers URL is verified, production identity is exact, and apply can insert a careers-site row without changing sponsor websites. Production identity resolved to sponsor row 38321 by exact current production evidence. Original blocker source: batch4.csv:109:careers_url.",https://www.echouk.net/careers-working-for-echo/,update_blank,,verified_careers_site_insert,38321
batch4.csv:127:careers_url:production-target-39528:careers,careers,high,high,Elephant Healthcare Limited,London,Greater London,London,Healthcare,Worker,Skilled Worker,https://www.elephant.healthcare/careers,https://www.elephant.healthcare/,"The reviewed first-party careers URL is verified, production identity is exact, and apply can insert a careers-site row without changing sponsor websites. Production identity resolved to sponsor row 39528 by exact current production evidence. Original blocker source: batch4.csv:127:careers_url.",https://www.elephant.healthcare/careers,update_blank,,verified_careers_site_insert,39528
batch4.csv:149:careers_url:production-target-40993:careers,careers,high,high,Envision Pharma Group Ltd,Horsham,West Sussex,South East,Healthcare,Worker,Skilled Worker,https://www.envisionpharmagroup.com/careers/,https://www.envisionpharmagroup.com/,"The reviewed first-party careers URL is verified, production identity is exact, and apply can insert a careers-site row without changing sponsor websites. Production identity resolved to sponsor row 40993 by exact current production evidence. Original blocker source: batch4.csv:149:careers_url.",https://www.envisionpharmagroup.com/careers/,update_blank,,verified_careers_site_insert,40993
batch4.csv:191:careers_url:production-target-42682:careers,careers,high,high,EXECUTIVE INSIGHT HEALTHCARE CONSULTANTS LTD,London,,,Healthcare,Worker,Skilled Worker,https://www.executiveinsight.ch/en/careers/faq,https://www.executiveinsight.ch/en,"The reviewed first-party careers URL is verified, production identity is exact, and apply can insert a careers-site row without changing sponsor websites. Production identity resolved to sponsor row 42682 by exact current production evidence. Original blocker source: batch4.csv:191:careers_url.",https://www.executiveinsight.ch/en/careers/faq,update_blank,,verified_careers_site_insert,42682
batch4.csv:194:careers_url:production-target-42709:careers,careers,high,high,Exemplar Health Care Support Centre,Sheffield,South Yorkshire,Yorkshire and the Humber,Healthcare,Worker,Skilled Worker,https://www.exemplarhc.com/careers,https://www.exemplarhc.com/,"The reviewed first-party careers URL is verified, production identity is exact, and apply can insert a careers-site row without changing sponsor websites. Production identity resolved to sponsor row 42709 by exact current production evidence. Original blocker source: batch4.csv:194:careers_url.",https://www.exemplarhc.com/careers,update_blank,,verified_careers_site_insert,42709
batch4.csv:195:careers_url:production-target-42761:careers,careers,high,high,eXmoor Pharma Concepts Ltd,Bristol,,,Healthcare,Worker,Skilled Worker,https://www.exmoorpharma.com/careers/,https://www.exmoorpharma.com/,"The reviewed first-party careers URL is verified, production identity is exact, and apply can insert a careers-site row without changing sponsor websites. Production identity resolved to sponsor row 42761 by exact current production evidence. Original blocker source: batch4.csv:195:careers_url.",https://www.exmoorpharma.com/careers/,update_blank,,verified_careers_site_insert,42761
batch4.csv:241:careers_url:production-target-44327:careers,careers,high,high,Fervid Healthcare Ltd,Stoke-On-Trent,,,Healthcare,Worker,Skilled Worker,https://www.fervidhealthcare.co.uk/work-with-us/,https://www.fervidhealthcare.co.uk/,"The reviewed first-party careers URL is verified, production identity is exact, and apply can insert a careers-site row without changing sponsor websites. Production identity resolved to sponsor row 44327 by exact current production evidence. Original blocker source: batch4.csv:241:careers_url.",https://www.fervidhealthcare.co.uk/work-with-us/,update_blank,,verified_careers_site_insert,44327
batch4.csv:254:careers_url:production-target-45017:careers,careers,high,high,FIRST PRACTICE HEALTHCARE LTD,West Midlands,England,,Healthcare,Worker,Skilled Worker,https://firstpracticehealthcare.com/careers,https://firstpracticehealthcare.com/,"The reviewed first-party careers URL is verified, production identity is exact, and apply can insert a careers-site row without changing sponsor websites. Production identity resolved to sponsor row 45017 by exact current production evidence. Original blocker source: batch4.csv:254:careers_url.",https://firstpracticehealthcare.com/careers,update_blank,,verified_careers_site_insert,45017
batch4.csv:291:careers_url:production-target-47064:careers,careers,high,high,FREYR LIFE SCIENCES LTD,Berkshire,,,Healthcare,Worker,Skilled Worker,https://www.freyrsolutions.com/careers,https://www.freyrsolutions.com/,"The reviewed first-party careers URL is verified, production identity is exact, and apply can insert a careers-site row without changing sponsor websites. Production identity resolved to sponsor row 47064 by exact current production evidence. Original blocker source: batch4.csv:291:careers_url.",https://www.freyrsolutions.com/careers,update_blank,,verified_careers_site_insert,47064
batch4.csv:335:careers_url:production-target-49334:careers,careers,high,high,Ghurki Trust Teaching Hospital,Manchester,,,Healthcare,Temporary Worker,Charity Worker,https://www.ghurkitrust.org.pk/careers,https://www.ghurkitrust.org.pk/,"The reviewed first-party careers URL is verified, production identity is exact, and apply can insert a careers-site row without changing sponsor websites. Production identity resolved to sponsor row 49334 by exact current production evidence. Original blocker source: batch4.csv:335:careers_url.",https://www.ghurkitrust.org.pk/careers,update_blank,,verified_careers_site_insert,49334
batch4.csv:356:careers_url:production-target-50295:careers,careers,high,high,Globe Life Sciences,Richmond,,,Healthcare,Worker,Skilled Worker,https://www.globelifesciences.com/careers/,https://www.globelifesciences.com/,"The reviewed first-party careers URL is verified, production identity is exact, and apply can insert a careers-site row without changing sponsor websites. Production identity resolved to sponsor row 50295 by exact current production evidence. Original blocker source: batch4.csv:356:careers_url.",https://www.globelifesciences.com/careers/,update_blank,,verified_careers_site_insert,50295
batch4.csv:394:careers_url:production-target-51705:careers,careers,high,high,Gray Healthcare,Macclesfield,Cheshire,North West,Healthcare,Worker,Skilled Worker,https://www.grayhealthcare.com/careers/,https://www.grayhealthcare.com/,"The reviewed first-party careers URL is verified, production identity is exact, and apply can insert a careers-site row without changing sponsor websites. Production identity resolved to sponsor row 51705 by exact current production evidence. Original blocker source: batch4.csv:394:careers_url.",https://www.grayhealthcare.com/careers/,update_blank,,verified_careers_site_insert,51705
batch4.csv:493:careers_url:production-target-55350:careers,careers,high,high,Healthcare Ireland Belfast LTD,Holywood,,,Healthcare,Worker,Skilled Worker,https://www.healthcareirelandgroup.com/careers,https://www.healthcareirelandgroup.com/,"The reviewed first-party careers URL is verified, production identity is exact, and apply can insert a careers-site row without changing sponsor websites. Production identity resolved to sponsor row 55350 by exact current production evidence. Original blocker source: batch4.csv:493:careers_url.",https://www.healthcareirelandgroup.com/careers,update_blank,,verified_careers_site_insert,55350
batch5.csv:90:careers_url:production-target-58612:careers,careers,high,high,Huntleigh Healthcare Limited,Cardiff,,,Healthcare,Worker,Global Business Mobility: Senior or Specialist Worker,https://www.huntleigh-diagnostics.com/about-huntleigh-healthcare-medical-device-experts/careers/,https://www.huntleigh-diagnostics.com/,"The reviewed first-party careers URL is verified, production identity is exact, and apply can insert a careers-site row without changing sponsor websites. Production identity resolved to sponsor row 58612 by exact current production evidence. Original blocker source: batch5.csv:90:careers_url.",https://www.huntleigh-diagnostics.com/about-huntleigh-healthcare-medical-device-experts/careers/,update_blank,,verified_careers_site_insert,58612
batch5.csv:123:careers_url:production-target-60375:careers,careers,high,high,Indegene Healthcare UK Ltd,London,,,Healthcare,Worker,Global Business Mobility: Senior or Specialist Worker,https://www.indegene.com/careers,https://www.indegene.com/,"The reviewed first-party careers URL is verified, production identity is exact, and apply can insert a careers-site row without changing sponsor websites. Production identity resolved to sponsor row 60375 by exact current production evidence. Original blocker source: batch5.csv:123:careers_url.",https://www.indegene.com/careers,update_blank,,verified_careers_site_insert,60375
batch5.csv:149:careers_url:production-target-142234:careers,careers,high,high,Intune Healthcare Limited,Peacehaven,,,Healthcare,Worker,Skilled Worker,https://www.intunehealth.com/careers,https://www.intunehealth.com/,"The reviewed first-party careers URL is verified, production identity is exact, and apply can insert a careers-site row without changing sponsor websites. Production identity resolved to sponsor row 142234 by exact current production evidence. Original blocker source: batch5.csv:149:careers_url.",https://www.intunehealth.com/careers,update_blank,,verified_careers_site_insert,142234
batch5.csv:403:careers_url:production-target-71446:careers,careers,high,high,LEGACY HEALTHCARE GROUP LTD,Daventry,,,Healthcare,Worker,Skilled Worker,https://legacyhealthcaregroup.co.uk/career.php,https://legacyhealthcaregroup.co.uk/,"The reviewed first-party careers URL is verified, production identity is exact, and apply can insert a careers-site row without changing sponsor websites. Production identity resolved to sponsor row 71446 by exact current production evidence. Original blocker source: batch5.csv:403:careers_url.",https://legacyhealthcaregroup.co.uk/career.php,update_blank,,verified_careers_site_insert,71446
batch5.csv:467:careers_url:production-target-73383:careers,careers,high,high,Loddon Healthcare Ltd,Slough,Berkshire,South East,Healthcare,Worker,Skilled Worker,https://loddonhealthcare.co.uk/job-application/,https://loddonhealthcare.co.uk/,"The reviewed first-party careers URL is verified, production identity is exact, and apply can insert a careers-site row without changing sponsor websites. Production identity resolved to sponsor row 73383 by exact current production evidence. Original blocker source: batch5.csv:467:careers_url.",https://loddonhealthcare.co.uk/job-application/,update_blank,,verified_careers_site_insert,73383
batch5.csv:474:careers_url:production-target-73787:careers,careers,high,high,LONDON KNIGHTSBRIDGE COSMETIC CLINIC LIMITED,"Barnsley,",England,,Healthcare,Worker,Skilled Worker,https://www.thelondoncosmeticclinic.co.uk/careers/,https://www.thelondoncosmeticclinic.co.uk/,"The reviewed first-party careers URL is verified, production identity is exact, and apply can insert a careers-site row without changing sponsor websites. Production identity resolved to sponsor row 73787 by exact current production evidence. Original blocker source: batch5.csv:474:careers_url.",https://www.thelondoncosmeticclinic.co.uk/careers/,update_blank,,verified_careers_site_insert,73787
batch5.csv:487:careers_url:production-target-74257:careers,careers,high,high,Lotus Pharma Ltd,Malmesbury,Wiltshire,South West,Healthcare,Worker,Skilled Worker,https://www.lotuspharm.com/en/careers,https://www.lotuspharm.com/,"The reviewed first-party careers URL is verified, production identity is exact, and apply can insert a careers-site row without changing sponsor websites. Production identity resolved to sponsor row 74257 by exact current production evidence. Original blocker source: batch5.csv:487:careers_url.",https://www.lotuspharm.com/en/careers,update_blank,,verified_careers_site_insert,74257
batch5.csv:497:careers_url:production-target-74613:careers,careers,high,high,Luchi Healthcare Limited,Walthamstoe,,,Healthcare,Worker,Skilled Worker,https://www.luchihealthcare.co.uk/join-us.html,https://www.luchihealthcare.co.uk/,"The reviewed first-party careers URL is verified, production identity is exact, and apply can insert a careers-site row without changing sponsor websites. Production identity resolved to sponsor row 74613 by exact current production evidence. Original blocker source: batch5.csv:497:careers_url.",https://www.luchihealthcare.co.uk/join-us.html,update_blank,,verified_careers_site_insert,74613
batch6.csv:34:careers_url:production-target-76493:careers,careers,high,high,MALMO Healthcare Specialists Limited,Lee-On-The-Solent,Hampshire,South East,Healthcare,Worker,Skilled Worker,https://malmohealthcare.co.uk/jobs/,https://malmohealthcare.co.uk/,"The reviewed first-party careers URL is verified, production identity is exact, and apply can insert a careers-site row without changing sponsor websites. Production identity resolved to sponsor row 76493 by exact current production evidence. Original blocker source: batch6.csv:34:careers_url.",https://malmohealthcare.co.uk/jobs/,update_blank,,verified_careers_site_insert,76493
batch6.csv:43:careers_url:production-target-76851:careers,careers,high,high,Manor Healthcare Limited,Ballyclare,Antrim,Northern Ireland,Healthcare,Worker,Skilled Worker,https://manorhealthcare.org/careers-3/,https://manorhealthcare.org/,"The reviewed first-party careers URL is verified, production identity is exact, and apply can insert a careers-site row without changing sponsor websites. Production identity resolved to sponsor row 76851 by exact current production evidence. Original blocker source: batch6.csv:43:careers_url.",https://manorhealthcare.org/careers-3/,update_blank,,verified_careers_site_insert,76851
batch6.csv:69:careers_url:production-target-77615:careers,careers,high,high,Martins Lane Dental Partnership,Wallasey,,,Healthcare,Worker,Skilled Worker,https://www.martinslanedental.com/vacancies/,https://www.martinslanedental.com/,"The reviewed first-party careers URL is verified, production identity is exact, and apply can insert a careers-site row without changing sponsor websites. Production identity resolved to sponsor row 77615 by exact current production evidence. Original blocker source: batch6.csv:69:careers_url.",https://www.martinslanedental.com/vacancies/,update_blank,,verified_careers_site_insert,77615
batch6.csv:172:careers_url:production-target-79632:careers,careers,high,high,Merit HealthCare Ltd,Royal Wooton Basset,,,Healthcare,Worker,Skilled Worker,https://www.merithealthcare.co.uk/jobs-emergency-shift-cover,https://www.merithealthcare.co.uk/,"The reviewed first-party careers URL is verified, production identity is exact, and apply can insert a careers-site row without changing sponsor websites. Production identity resolved to sponsor row 79632 by exact current production evidence. Original blocker source: batch6.csv:172:careers_url.",https://www.merithealthcare.co.uk/jobs-emergency-shift-cover,update_blank,,verified_careers_site_insert,79632
batch6.csv:469:careers_url:production-target-89478:careers,careers,high,high,Obsidian Healthcare Group,Milton Keynes,Buckinghamshire,South East,Healthcare,Worker,Skilled Worker,https://www.obsidianhg.com/join-us/,https://www.obsidianhg.com/,"The reviewed first-party careers URL is verified, production identity is exact, and apply can insert a careers-site row without changing sponsor websites. Production identity resolved to sponsor row 89478 by exact current production evidence. Original blocker source: batch6.csv:469:careers_url.",https://www.obsidianhg.com/join-us/,update_blank,,verified_careers_site_insert,89478
