source_ref,source_file,field,confidence,development_confidence,organisation_name,normalized_organisation_name,town_city,county,region,industry,route,sub_route,candidate_url,evidence_url,development_action,development_current_value,verification_status,verification_evidence,production_match_status,production_name_match_count,production_exact_identity_count,matched_production_sponsor_record_id,production_organisation_name,production_town_city,production_county,production_region,production_industry,production_route,production_sub_route,matched_production_company_site_check_id,production_company_site_check_name,production_careers_row_count,production_current_value,identity_mismatched_fields,identity_missing_fields,disposition,conflict_flags,reason,candidate_production_sponsor_record_ids,candidate_production_company_site_check_ids,production_candidate_values,production_candidate_identity_details,resolver_classification,resolver_reason,resolver_target_sponsor_id,resolver_target_sponsor_ids,resolver_target_company_site_check_id,resolver_current_production_value,resolver_identity_match_method,resolver_evidence,source_kind,candidate_url_used,evidence_url_used,identity_mapping_code,identity_mapping_reason,proposed_field,source_resolution,reason_code,resolution_reason,mapped_production_sponsor_ids,mapped_production_sponsor_names,production_website_values,production_careers_value,first_party_audit_match,dev_careers_row_match
non-healthcare-company-websites-all-sectors.csv:4047:website,non-healthcare-company-websites-all-sectors.csv,website,medium,medium,AL HASSAN EDUCATIONAL ACADEMY,al hassan educational academy,London,,,Education,Worker,Skilled Worker,https://www.alhassanacademy.co.uk/,https://www.alhassanacademy.co.uk/,review_medium,,,,exact_unique_complete,1,1,149246,AL HASSAN EDUCATIONAL ACADEMY,London,,,Education,Worker,Skilled Worker,,,1,http://alhassanacademy.co.uk/,,,conflict_existing_production_value,production_target_value_differs,1 production sponsor row(s) share normalized name; identity match is exact_unique_complete; production target has a different value; development field is blank,,,,,needs_manual_url_conflict_review,At least one exact matching production target already has a different URL. Existing production values are never overwritten automatically.,149246,149246,,http://alhassanacademy.co.uk/,unique_complete_identity,Exactly one current production sponsor matches the legal name and every supplied location/detail field.,conflict,https://www.alhassanacademy.co.uk/,https://www.alhassanacademy.co.uk/,auto_unique_location,Normalized employer name and supplied production location fields identify one sponsor row.,website,normalized_noop,normalized_url_already_present,"Every matched production sponsor website is the same after ignoring HTTP/HTTPS, www, trailing slash, and fragment differences.",149246,AL HASSAN EDUCATIONAL ACADEMY,http://alhassanacademy.co.uk/,,no,no
non-healthcare-company-websites-all-sectors.csv:4091:website,non-healthcare-company-websites-all-sectors.csv,website,high,high,Assumption Grammar School,assumption grammar school,Ballynahinch,Down,Northern Ireland,Education,Worker,Skilled Worker,https://assumptiongrammar.org.uk/,https://assumptiongrammar.org.uk/,promote_high_blank,https://assumptiongrammar.org.uk/,,,exact_unique_complete,1,1,11578,Assumption Grammar School,Ballynahinch,Down,Northern Ireland,Education,Worker,Skilled Worker,,,1,https://www.assumptiongrammar.org.uk/,,,already_matches_production_noop,,1 production sponsor row(s) share normalized name; identity match is exact_unique_complete; production target already equals the candidate; development value matches candidate,,,,,needs_manual_url_conflict_review,At least one exact matching production target already has a different URL. Existing production values are never overwritten automatically.,11578,11578,,https://www.assumptiongrammar.org.uk/,unique_complete_identity,Exactly one current production sponsor matches the legal name and every supplied location/detail field.,conflict,https://assumptiongrammar.org.uk/,https://assumptiongrammar.org.uk/,auto_unique_location,Normalized employer name and supplied production location fields identify one sponsor row.,website,normalized_noop,normalized_url_already_present,"Every matched production sponsor website is the same after ignoring HTTP/HTTPS, www, trailing slash, and fragment differences.",11578,Assumption Grammar School,https://www.assumptiongrammar.org.uk/,,yes,no
non-healthcare-company-websites-all-sectors.csv:4092:website,non-healthcare-company-websites-all-sectors.csv,website,low,low,Aston Pre-School and Creche Services Ltd,aston pre school and creche services ltd,Birmingham,,,Education,Worker,Skilled Worker,https://astonpreschool.co.uk/,https://astonpreschool.co.uk/,review_low,,,,exact_unique_complete,1,1,11663,Aston Pre-School and Creche Services Ltd,Birmingham,,,Education,Worker,Skilled Worker,,,1,http://www.astonpreschool.co.uk,,,rejected_low_confidence,,1 production sponsor row(s) share normalized name; identity match is exact_unique_complete; production target has a different value; development field is blank; Low-confidence website evidence lead; excluded from production import regardless of identity match.,,,,,needs_manual_url_conflict_review,At least one exact matching production target already has a different URL. Existing production values are never overwritten automatically.,11663,11663,,http://www.astonpreschool.co.uk,unique_complete_identity,Exactly one current production sponsor matches the legal name and every supplied location/detail field.,conflict,https://astonpreschool.co.uk/,https://astonpreschool.co.uk/,auto_unique_location,Normalized employer name and supplied production location fields identify one sponsor row.,website,normalized_noop,normalized_url_already_present,"Every matched production sponsor website is the same after ignoring HTTP/HTTPS, www, trailing slash, and fragment differences.",11663,Aston Pre-School and Creche Services Ltd,http://www.astonpreschool.co.uk,,no,no
non-healthcare-company-websites-all-sectors.csv:4888:website,non-healthcare-company-websites-all-sectors.csv,website,high,high,Arnot St. Mary CofE Primary School,arnot st mary cofe primary school,Liverpool,,,Education,Worker,Skilled Worker,https://www.arnotstmary.co.uk/,https://www.arnotstmary.co.uk/,promote_high_blank,https://www.arnotstmary.co.uk/,,,exact_unique_complete,1,1,153640,Arnot St. Mary CofE Primary School,Liverpool,,,Education,Worker,Skilled Worker,,,1,https://arnotstmary.co.uk,,,conflict_existing_production_value,production_target_value_differs,1 production sponsor row(s) share normalized name; identity match is exact_unique_complete; production target has a different value; development value matches candidate,,,,,needs_manual_url_conflict_review,At least one exact matching production target already has a different URL. Existing production values are never overwritten automatically.,153640,153640,,https://arnotstmary.co.uk,unique_complete_identity,Exactly one current production sponsor matches the legal name and every supplied location/detail field.,conflict,https://www.arnotstmary.co.uk/,https://www.arnotstmary.co.uk/,auto_unique_location,Normalized employer name and supplied production location fields identify one sponsor row.,website,normalized_noop,normalized_url_already_present,"Every matched production sponsor website is the same after ignoring HTTP/HTTPS, www, trailing slash, and fragment differences.",153640,Arnot St. Mary CofE Primary School,https://arnotstmary.co.uk,https://www.arnotstmary.co.uk/23/vacancies,yes,no
non-healthcare-company-websites-all-sectors.csv:6283:website,non-healthcare-company-websites-all-sectors.csv,website,high,high,Anico Financial Services Limited,anico financial services limited,London,,,Finance,Worker,Skilled Worker,https://anicofinance.com/,https://anicofinance.com/,promote_high_blank,https://anicofinance.com/,,,exact_unique_complete,1,1,152181,Anico Financial Services Limited,London,,,Finance,Worker,Skilled Worker,,,1,https://www.anicofinance.com/,,,already_matches_production_noop,,1 production sponsor row(s) share normalized name; identity match is exact_unique_complete; production target already equals the candidate; development value matches candidate,,,,,needs_manual_url_conflict_review,At least one exact matching production target already has a different URL. Existing production values are never overwritten automatically.,152181,152181,,https://www.anicofinance.com/,unique_complete_identity,Exactly one current production sponsor matches the legal name and every supplied location/detail field.,conflict,https://anicofinance.com/,https://anicofinance.com/,auto_unique_location,Normalized employer name and supplied production location fields identify one sponsor row.,website,normalized_noop,normalized_url_already_present,"Every matched production sponsor website is the same after ignoring HTTP/HTTPS, www, trailing slash, and fragment differences.",152181,Anico Financial Services Limited,https://www.anicofinance.com/,https://www.anicofinance.com/anico-careers.html,yes,no
non-healthcare-company-websites-all-sectors.csv:7519:website,non-healthcare-company-websites-all-sectors.csv,website,high,high,29 Stoney Street LLP,29 stoney street llp,Nottingham,,,Legal & Professional,Worker,Skilled Worker,https://www.mitchellwilde.com/,https://www.mitchellwilde.com/,preserve_existing_different,http://mitchellwilde.com/,,,exact_unique_complete,1,1,144043,29 Stoney Street LLP,Nottingham,,,Legal & Professional,Worker,Skilled Worker,,,1,http://mitchellwilde.com/,,,conflict_existing_production_value,production_target_value_differs|development_target_value_differs,1 production sponsor row(s) share normalized name; identity match is exact_unique_complete; production target has a different value; development value differs,,,,,needs_manual_url_conflict_review,At least one exact matching production target already has a different URL. Existing production values are never overwritten automatically.,144043,144043,,http://mitchellwilde.com/,unique_complete_identity,Exactly one current production sponsor matches the legal name and every supplied location/detail field.,conflict,https://www.mitchellwilde.com/,https://www.mitchellwilde.com/,auto_unique_location,Normalized employer name and supplied production location fields identify one sponsor row.,website,normalized_noop,normalized_url_already_present,"Every matched production sponsor website is the same after ignoring HTTP/HTTPS, www, trailing slash, and fragment differences.",144043,29 Stoney Street LLP,http://mitchellwilde.com/,https://www.mitchellwilde.com/vacancies,yes,no
non-healthcare-company-websites-all-sectors.csv:7530:website,non-healthcare-company-websites-all-sectors.csv,website,high,high,"A&M Capital Advisors Europe, LLP",a and m capital advisors europe llp,London,,,Legal & Professional,Worker,Skilled Worker,https://www.a-mcapital.com/,https://www.a-mcapital.com/,preserve_existing_different,https://a-mcapital.com/,,,exact_unique_complete,1,1,145028,"A&M Capital Advisors Europe, LLP",London,,,Legal & Professional,Worker,Skilled Worker,,,1,https://a-mcapital.com/,,,already_matches_production_noop,,1 production sponsor row(s) share normalized name; identity match is exact_unique_complete; production target already equals the candidate; development value matches candidate,,,,,needs_manual_url_conflict_review,At least one exact matching production target already has a different URL. Existing production values are never overwritten automatically.,145028,145028,,https://a-mcapital.com/,unique_complete_identity,Exactly one current production sponsor matches the legal name and every supplied location/detail field.,conflict,https://www.a-mcapital.com/,https://www.a-mcapital.com/,auto_unique_location,Normalized employer name and supplied production location fields identify one sponsor row.,website,normalized_noop,normalized_url_already_present,"Every matched production sponsor website is the same after ignoring HTTP/HTTPS, www, trailing slash, and fragment differences.",145028,"A&M Capital Advisors Europe, LLP",https://a-mcapital.com/,,yes,no
non-healthcare-company-websites-all-sectors.csv:8099:website,non-healthcare-company-websites-all-sectors.csv,website,high,high,11x Limited,11x limited,London,,,Other,Worker,Skilled Worker,https://www.11x.ai/,https://www.11x.ai/,preserve_existing_different,https://builtinlondon.uk/company/11x,,,exact_unique_complete,1,1,143810,11x Limited,London,,,Other,Worker,Skilled Worker,,,1,https://11x.ai,,,conflict_existing_production_value,production_target_value_differs|development_target_value_differs,1 production sponsor row(s) share normalized name; identity match is exact_unique_complete; production target has a different value; development value differs,,,,,needs_manual_url_conflict_review,At least one exact matching production target already has a different URL. Existing production values are never overwritten automatically.,143810,143810,,https://11x.ai,unique_complete_identity,Exactly one current production sponsor matches the legal name and every supplied location/detail field.,conflict,https://www.11x.ai/,https://www.11x.ai/,auto_unique_location,Normalized employer name and supplied production location fields identify one sponsor row.,website,normalized_noop,normalized_url_already_present,"Every matched production sponsor website is the same after ignoring HTTP/HTTPS, www, trailing slash, and fragment differences.",143810,11x Limited,https://11x.ai,,yes,no
non-healthcare-company-websites-all-sectors.csv:8107:website,non-healthcare-company-websites-all-sectors.csv,website,low,low,1313 Global Limited,1313 global limited,Hounslow,,,Other,Worker,Skilled Worker,https://www.1313global.com/,https://www.1313global.com/,review_low,http://www.1313global.com/,,,exact_unique_complete,1,1,143824,1313 Global Limited,Hounslow,,,Other,Worker,Skilled Worker,,,1,https://1313global.com/,,,rejected_low_confidence,,1 production sponsor row(s) share normalized name; identity match is exact_unique_complete; production target already equals the candidate; development value differs; Low-confidence website evidence lead; excluded from production import regardless of identity match.,,,,,needs_manual_url_conflict_review,At least one exact matching production target already has a different URL. Existing production values are never overwritten automatically.,143824,143824,,https://1313global.com/,unique_complete_identity,Exactly one current production sponsor matches the legal name and every supplied location/detail field.,conflict,https://www.1313global.com/,https://www.1313global.com/,auto_unique_location,Normalized employer name and supplied production location fields identify one sponsor row.,website,normalized_noop,normalized_url_already_present,"Every matched production sponsor website is the same after ignoring HTTP/HTTPS, www, trailing slash, and fragment differences.",143824,1313 Global Limited,https://1313global.com/,,no,no
non-healthcare-company-websites-all-sectors.csv:8199:website,non-healthcare-company-websites-all-sectors.csv,website,low,low,23 Consult Ltd,23 consult ltd,Liverpool,Merseyside,North West,Other,Worker,Skilled Worker,https://www.23consult.com/,https://www.23consult.com/,review_low,https://www.23consult.com/,,,exact_unique_complete,1,1,143990,23 Consult Ltd,Liverpool,Merseyside,North West,Other,Worker,Skilled Worker,,,1,http://23consult.com,,,rejected_low_confidence,,1 production sponsor row(s) share normalized name; identity match is exact_unique_complete; production target has a different value; development value matches candidate; Low-confidence website evidence lead; excluded from production import regardless of identity match.,,,,,needs_manual_url_conflict_review,At least one exact matching production target already has a different URL. Existing production values are never overwritten automatically.,143990,143990,,http://23consult.com,unique_complete_identity,Exactly one current production sponsor matches the legal name and every supplied location/detail field.,conflict,https://www.23consult.com/,https://www.23consult.com/,auto_unique_location,Normalized employer name and supplied production location fields identify one sponsor row.,website,normalized_noop,normalized_url_already_present,"Every matched production sponsor website is the same after ignoring HTTP/HTTPS, www, trailing slash, and fragment differences.",143990,23 Consult Ltd,http://23consult.com,,no,no
non-healthcare-company-websites-all-sectors.csv:8301:website,non-healthcare-company-websites-all-sectors.csv,website,high,high,3D BUILDING HOME LTD,3d building home ltd,London,,,Other,Worker,Skilled Worker,https://www.3dbuildinghome.co.uk/,https://www.3dbuildinghome.co.uk/,preserve_existing_same,https://www.3dbuildinghome.co.uk/,,,exact_unique_complete,1,1,144213,3D BUILDING HOME LTD,London,,,Other,Worker,Skilled Worker,,,1,https://3dbuildinghome.co.uk,,,conflict_existing_production_value,production_target_value_differs,1 production sponsor row(s) share normalized name; identity match is exact_unique_complete; production target has a different value; development value matches candidate,,,,,needs_manual_url_conflict_review,At least one exact matching production target already has a different URL. Existing production values are never overwritten automatically.,144213,144213,,https://3dbuildinghome.co.uk,unique_complete_identity,Exactly one current production sponsor matches the legal name and every supplied location/detail field.,conflict,https://www.3dbuildinghome.co.uk/,https://www.3dbuildinghome.co.uk/,auto_unique_location,Normalized employer name and supplied production location fields identify one sponsor row.,website,normalized_noop,normalized_url_already_present,"Every matched production sponsor website is the same after ignoring HTTP/HTTPS, www, trailing slash, and fragment differences.",144213,3D BUILDING HOME LTD,https://3dbuildinghome.co.uk,,yes,no
non-healthcare-company-websites-all-sectors.csv:8306:website,non-healthcare-company-websites-all-sectors.csv,website,low,low,3d leisure Limited,3d leisure limited,farnham,surrey,South East,Other,Worker,Skilled Worker,https://3dleisure.com/,https://3dleisure.com/,review_low,https://www.3dleisure.com/,,,exact_unique_complete,1,1,144221,3d leisure Limited,farnham,surrey,South East,Other,Worker,Skilled Worker,,,1,https://www.3dleisure.com/,,,rejected_low_confidence,,1 production sponsor row(s) share normalized name; identity match is exact_unique_complete; production target already equals the candidate; development value matches candidate; Low-confidence website evidence lead; excluded from production import regardless of identity match.,,,,,needs_manual_url_conflict_review,At least one exact matching production target already has a different URL. Existing production values are never overwritten automatically.,144221,144221,,https://www.3dleisure.com/,unique_complete_identity,Exactly one current production sponsor matches the legal name and every supplied location/detail field.,conflict,https://3dleisure.com/,https://3dleisure.com/,auto_unique_location,Normalized employer name and supplied production location fields identify one sponsor row.,website,normalized_noop,normalized_url_already_present,"Every matched production sponsor website is the same after ignoring HTTP/HTTPS, www, trailing slash, and fragment differences.",144221,3d leisure Limited,https://www.3dleisure.com/,https://3dleisure.com/about/careers,no,no
non-healthcare-company-websites-all-sectors.csv:8321:website,non-healthcare-company-websites-all-sectors.csv,website,medium,medium,3Forge UK LTD,3forge uk ltd,London,,,Other,Worker,Skilled Worker,https://3forge.com/,https://3forge.com/,review_medium,https://3forge.com/,,,ambiguous_exact_identity,2,2,,,,,,,,,,,1,,,,manual_review_ambiguous_production_match,production_identity_ambiguous,2 production sponsor row(s) share normalized name; identity match is ambiguous_exact_identity; production target already equals the candidate; development value matches candidate,144242|144243,,website[144242]=https://www.3forge.com/|website[144243]=https://www.3forge.com/,144242:3Forge UK LTD:London:::Other:Worker:Skilled Worker|144243:3Forge UK LTD:London:::Other:Worker:Skilled Worker,needs_manual_url_conflict_review,At least one exact matching production target already has a different URL. Existing production values are never overwritten automatically.,144242,144242|144243,,https://www.3forge.com/,identical_complete_duplicate_group,All 2 current production sponsor rows have identical complete normalized identity records.,conflict,https://3forge.com/,https://3forge.com/,multi_row_same_employer,"Multiple production sponsor rows share the exact supplied location and normalized name, have no conflicting website values, and independent source evidence supports one employer.",website,normalized_noop,normalized_url_already_present,"Every matched production sponsor website is the same after ignoring HTTP/HTTPS, www, trailing slash, and fragment differences.",144242|144243,3Forge UK LTD|3Forge UK LTD,https://www.3forge.com/|https://www.3forge.com/,,no,no
non-healthcare-company-websites-all-sectors.csv:8322:website,non-healthcare-company-websites-all-sectors.csv,website,medium,medium,3Forge UK LTD,3forge uk ltd,London,,,Other,Worker,Skilled Worker,https://3forge.com/,https://3forge.com/,review_medium,https://3forge.com/,,,ambiguous_exact_identity,2,2,,,,,,,,,,,1,,,,manual_review_ambiguous_production_match,production_identity_ambiguous,2 production sponsor row(s) share normalized name; identity match is ambiguous_exact_identity; production target already equals the candidate; development value matches candidate,144242|144243,,website[144242]=https://www.3forge.com/|website[144243]=https://www.3forge.com/,144242:3Forge UK LTD:London:::Other:Worker:Skilled Worker|144243:3Forge UK LTD:London:::Other:Worker:Skilled Worker,needs_manual_url_conflict_review,At least one exact matching production target already has a different URL. Existing production values are never overwritten automatically.,144242,144242|144243,,https://www.3forge.com/,identical_complete_duplicate_group,All 2 current production sponsor rows have identical complete normalized identity records.,conflict,https://3forge.com/,https://3forge.com/,multi_row_same_employer,"Multiple production sponsor rows share the exact supplied location and normalized name, have no conflicting website values, and independent source evidence supports one employer.",website,normalized_noop,normalized_url_already_present,"Every matched production sponsor website is the same after ignoring HTTP/HTTPS, www, trailing slash, and fragment differences.",144242|144243,3Forge UK LTD|3Forge UK LTD,https://www.3forge.com/|https://www.3forge.com/,,no,no
non-healthcare-company-websites-all-sectors.csv:8369:website,non-healthcare-company-websites-all-sectors.csv,website,high,high,415 PALAETTE LTD,415 palaette ltd,London,England,,Other,Worker,Skilled Worker,https://www.palaette.co.uk/,https://www.palaette.co.uk/,preserve_existing_different,http://palaette.co.uk,,,exact_unique_complete,1,1,144327,415 PALAETTE LTD,London,England,,Other,Worker,Skilled Worker,,,1,http://palaette.co.uk,,,conflict_existing_production_value,production_target_value_differs|development_target_value_differs,1 production sponsor row(s) share normalized name; identity match is exact_unique_complete; production target has a different value; development value differs,,,,,needs_manual_url_conflict_review,At least one exact matching production target already has a different URL. Existing production values are never overwritten automatically.,144327,144327,,http://palaette.co.uk,unique_complete_identity,Exactly one current production sponsor matches the legal name and every supplied location/detail field.,conflict,https://www.palaette.co.uk/,https://www.palaette.co.uk/,auto_unique_location,Normalized employer name and supplied production location fields identify one sponsor row.,website,normalized_noop,normalized_url_already_present,"Every matched production sponsor website is the same after ignoring HTTP/HTTPS, www, trailing slash, and fragment differences.",144327,415 PALAETTE LTD,http://palaette.co.uk,https://www.palaette.co.uk/career,yes,no
non-healthcare-company-websites-all-sectors.csv:8380:website,non-healthcare-company-websites-all-sectors.csv,website,medium,medium,474 Management Limited T/a Duke Of Design,474 management limited t a duke of design,Greenford,,,Other,Worker,Skilled Worker,https://dukeofdesign.co.uk/,https://dukeofdesign.co.uk/,review_medium,https://dukeofdesign.co.uk/,,,exact_unique_complete,1,1,144347,474 Management Limited T/a Duke Of Design,Greenford,,,Other,Worker,Skilled Worker,,,1,https://www.dukeofdesign.co.uk/,,,already_matches_production_noop,,1 production sponsor row(s) share normalized name; identity match is exact_unique_complete; production target already equals the candidate; development value matches candidate,,,,,needs_manual_url_conflict_review,At least one exact matching production target already has a different URL. Existing production values are never overwritten automatically.,144347,144347,,https://www.dukeofdesign.co.uk/,unique_complete_identity,Exactly one current production sponsor matches the legal name and every supplied location/detail field.,conflict,https://dukeofdesign.co.uk/,https://dukeofdesign.co.uk/,auto_unique_location,Normalized employer name and supplied production location fields identify one sponsor row.,website,normalized_noop,normalized_url_already_present,"Every matched production sponsor website is the same after ignoring HTTP/HTTPS, www, trailing slash, and fragment differences.",144347,474 Management Limited T/a Duke Of Design,https://www.dukeofdesign.co.uk/,,no,no
non-healthcare-company-websites-all-sectors.csv:8393:website,non-healthcare-company-websites-all-sectors.csv,website,medium,medium,4iApps Solutions Ltd,4iapps solutions ltd,London,,,Other,Worker,Skilled Worker,https://www.4iapps.com/,https://www.4iapps.com/,review_medium,https://www.4iapps.com/,,,ambiguous_exact_identity,2,2,,,,,,,,,,,1,,,,manual_review_ambiguous_production_match,production_identity_ambiguous|production_target_value_differs,2 production sponsor row(s) share normalized name; identity match is ambiguous_exact_identity; production target has a different value; development value matches candidate,144370|144371,,website[144370]=https://4iapps.com|website[144371]=https://4iapps.com,144370:4iApps Solutions Ltd:London:::Other:Worker:Skilled Worker|144371:4iApps Solutions Ltd:London:::Other:Worker:Skilled Worker,needs_manual_url_conflict_review,At least one exact matching production target already has a different URL. Existing production values are never overwritten automatically.,144370,144370|144371,,https://4iapps.com,identical_complete_duplicate_group,All 2 current production sponsor rows have identical complete normalized identity records.,conflict,https://www.4iapps.com/,https://www.4iapps.com/,multi_row_same_employer,"Multiple production sponsor rows share the exact supplied location and normalized name, have no conflicting website values, and independent source evidence supports one employer.",website,normalized_noop,normalized_url_already_present,"Every matched production sponsor website is the same after ignoring HTTP/HTTPS, www, trailing slash, and fragment differences.",144370|144371,4iApps Solutions Ltd|4iApps Solutions Ltd,https://4iapps.com|https://4iapps.com,https://www.4iapps.com/careers,no,no
non-healthcare-company-websites-all-sectors.csv:8394:website,non-healthcare-company-websites-all-sectors.csv,website,medium,medium,4iApps Solutions Ltd,4iapps solutions ltd,London,,,Other,Worker,Skilled Worker,https://www.4iapps.com/,https://www.4iapps.com/,review_medium,https://www.4iapps.com/,,,ambiguous_exact_identity,2,2,,,,,,,,,,,1,,,,manual_review_ambiguous_production_match,production_identity_ambiguous|production_target_value_differs,2 production sponsor row(s) share normalized name; identity match is ambiguous_exact_identity; production target has a different value; development value matches candidate,144370|144371,,website[144370]=https://4iapps.com|website[144371]=https://4iapps.com,144370:4iApps Solutions Ltd:London:::Other:Worker:Skilled Worker|144371:4iApps Solutions Ltd:London:::Other:Worker:Skilled Worker,needs_manual_url_conflict_review,At least one exact matching production target already has a different URL. Existing production values are never overwritten automatically.,144370,144370|144371,,https://4iapps.com,identical_complete_duplicate_group,All 2 current production sponsor rows have identical complete normalized identity records.,conflict,https://www.4iapps.com/,https://www.4iapps.com/,multi_row_same_employer,"Multiple production sponsor rows share the exact supplied location and normalized name, have no conflicting website values, and independent source evidence supports one employer.",website,normalized_noop,normalized_url_already_present,"Every matched production sponsor website is the same after ignoring HTTP/HTTPS, www, trailing slash, and fragment differences.",144370|144371,4iApps Solutions Ltd|4iApps Solutions Ltd,https://4iapps.com|https://4iapps.com,https://www.4iapps.com/careers,no,no
non-healthcare-company-websites-all-sectors.csv:8468:website,non-healthcare-company-websites-all-sectors.csv,website,low,low,7 HOPES LTD,7 hopes ltd,London,,,Other,Worker,Skilled Worker,https://www.7hopes.co.uk/,https://www.7hopes.co.uk/,review_low,https://www.7hopes.co.uk/,,,exact_unique_complete,1,1,144503,7 HOPES LTD,London,,,Other,Worker,Skilled Worker,,,1,https://7hopes.co.uk,,,rejected_low_confidence,,1 production sponsor row(s) share normalized name; identity match is exact_unique_complete; production target has a different value; development value matches candidate; Low-confidence website evidence lead; excluded from production import regardless of identity match.,,,,,needs_manual_url_conflict_review,At least one exact matching production target already has a different URL. Existing production values are never overwritten automatically.,144503,144503,,https://7hopes.co.uk,unique_complete_identity,Exactly one current production sponsor matches the legal name and every supplied location/detail field.,conflict,https://www.7hopes.co.uk/,https://www.7hopes.co.uk/,auto_unique_location,Normalized employer name and supplied production location fields identify one sponsor row.,website,normalized_noop,normalized_url_already_present,"Every matched production sponsor website is the same after ignoring HTTP/HTTPS, www, trailing slash, and fragment differences.",144503,7 HOPES LTD,https://7hopes.co.uk,,no,no
non-healthcare-company-websites-all-sectors.csv:8545:website,non-healthcare-company-websites-all-sectors.csv,website,high,high,A & V Transitional Homes Ltd,a and v transitional homes ltd,Leeds,West Yorshire,,Other,Worker,Skilled Worker,https://www.avtransitionalhomes.org.uk/,https://www.avtransitionalhomes.org.uk/,preserve_existing_same,https://www.avtransitionalhomes.org.uk/,,,exact_unique_complete,1,1,144708,A & V Transitional Homes Ltd,Leeds,West Yorshire,,Other,Worker,Skilled Worker,,,1,https://avtransitionalhomes.org.uk/,,,already_matches_production_noop,,1 production sponsor row(s) share normalized name; identity match is exact_unique_complete; production target already equals the candidate; development value matches candidate,,,,,needs_manual_url_conflict_review,At least one exact matching production target already has a different URL. Existing production values are never overwritten automatically.,144708,144708,,https://avtransitionalhomes.org.uk/,unique_complete_identity,Exactly one current production sponsor matches the legal name and every supplied location/detail field.,conflict,https://www.avtransitionalhomes.org.uk/,https://www.avtransitionalhomes.org.uk/,auto_unique_location,Normalized employer name and supplied production location fields identify one sponsor row.,website,normalized_noop,normalized_url_already_present,"Every matched production sponsor website is the same after ignoring HTTP/HTTPS, www, trailing slash, and fragment differences.",144708,A & V Transitional Homes Ltd,https://avtransitionalhomes.org.uk/,https://avtransitionalhomes.org.uk/job-vacanices,yes,no
non-healthcare-company-websites-all-sectors.csv:8549:website,non-healthcare-company-websites-all-sectors.csv,website,low,low,A 2 Z Windows Limited,a 2 z windows limited,London,,,Other,Worker,Skilled Worker,https://www.a2zwindows.co.uk/,https://www.a2zwindows.co.uk/,review_low,https://www.a2zwindows.co.uk/,,,exact_unique_complete,1,1,144717,A 2 Z Windows Limited,London,,,Other,Worker,Skilled Worker,,,1,http://www.a2zwindows.co.uk/,,,rejected_low_confidence,,1 production sponsor row(s) share normalized name; identity match is exact_unique_complete; production target has a different value; development value matches candidate; Low-confidence website evidence lead; excluded from production import regardless of identity match.,,,,,needs_manual_url_conflict_review,At least one exact matching production target already has a different URL. Existing production values are never overwritten automatically.,144717,144717,,http://www.a2zwindows.co.uk/,unique_complete_identity,Exactly one current production sponsor matches the legal name and every supplied location/detail field.,conflict,https://www.a2zwindows.co.uk/,https://www.a2zwindows.co.uk/,auto_unique_location,Normalized employer name and supplied production location fields identify one sponsor row.,website,normalized_noop,normalized_url_already_present,"Every matched production sponsor website is the same after ignoring HTTP/HTTPS, www, trailing slash, and fragment differences.",144717,A 2 Z Windows Limited,http://www.a2zwindows.co.uk/,,no,no
non-healthcare-company-websites-all-sectors.csv:8567:website,non-healthcare-company-websites-all-sectors.csv,website,low,low,A D FOODS LTD,a d foods ltd,London,,,Other,Worker,Skilled Worker,https://adfoods.co.uk/,https://adfoods.co.uk/,review_low,http://adfoods.co.uk,,,exact_unique_complete,1,1,144766,A D FOODS LTD,London,,,Other,Worker,Skilled Worker,,,1,http://adfoods.co.uk,,,rejected_low_confidence,,1 production sponsor row(s) share normalized name; identity match is exact_unique_complete; production target has a different value; development value differs; Low-confidence website evidence lead; excluded from production import regardless of identity match.,,,,,needs_manual_url_conflict_review,At least one exact matching production target already has a different URL. Existing production values are never overwritten automatically.,144766,144766,,http://adfoods.co.uk,unique_complete_identity,Exactly one current production sponsor matches the legal name and every supplied location/detail field.,conflict,https://adfoods.co.uk/,https://adfoods.co.uk/,auto_unique_location,Normalized employer name and supplied production location fields identify one sponsor row.,website,normalized_noop,normalized_url_already_present,"Every matched production sponsor website is the same after ignoring HTTP/HTTPS, www, trailing slash, and fragment differences.",144766,A D FOODS LTD,http://adfoods.co.uk,,no,no
non-healthcare-company-websites-all-sectors.csv:8575:website,non-healthcare-company-websites-all-sectors.csv,website,low,low,A G & SONS (UK) LTD,a g and sons uk ltd,HARROW,MIDDLESEX,,Other,Worker,Skilled Worker,https://www.agnsons.com/,https://www.agnsons.com/,review_low,https://www.agandsons.co.uk/,,,exact_unique_complete,1,1,144781,A G & SONS (UK) LTD,HARROW,MIDDLESEX,,Other,Worker,Skilled Worker,,,1,https://agnsons.com,,,rejected_low_confidence,,1 production sponsor row(s) share normalized name; identity match is exact_unique_complete; production target has a different value; development value differs; Low-confidence website evidence lead; excluded from production import regardless of identity match.,,,,,needs_manual_url_conflict_review,At least one exact matching production target already has a different URL. Existing production values are never overwritten automatically.,144781,144781,,https://agnsons.com,unique_complete_identity,Exactly one current production sponsor matches the legal name and every supplied location/detail field.,conflict,https://www.agnsons.com/,https://www.agnsons.com/,auto_unique_location,Normalized employer name and supplied production location fields identify one sponsor row.,website,normalized_noop,normalized_url_already_present,"Every matched production sponsor website is the same after ignoring HTTP/HTTPS, www, trailing slash, and fragment differences.",144781,A G & SONS (UK) LTD,https://agnsons.com,,no,no
non-healthcare-company-websites-all-sectors.csv:8579:website,non-healthcare-company-websites-all-sectors.csv,website,low,low,A J (PVT) LTD,a j pvt ltd,Orpington,Kent,South East,Other,Worker,Skilled Worker,https://ajcast.com/,https://ajcast.com/,review_low,http://ajcast.com,,,exact_unique_complete,1,1,144801,A J (PVT) LTD,Orpington,Kent,South East,Other,Worker,Skilled Worker,,,1,http://ajcast.com,,,rejected_low_confidence,,1 production sponsor row(s) share normalized name; identity match is exact_unique_complete; production target has a different value; development value differs; Low-confidence website evidence lead; excluded from production import regardless of identity match.,,,,,needs_manual_url_conflict_review,At least one exact matching production target already has a different URL. Existing production values are never overwritten automatically.,144801,144801,,http://ajcast.com,unique_complete_identity,Exactly one current production sponsor matches the legal name and every supplied location/detail field.,conflict,https://ajcast.com/,https://ajcast.com/,auto_unique_location,Normalized employer name and supplied production location fields identify one sponsor row.,website,normalized_noop,normalized_url_already_present,"Every matched production sponsor website is the same after ignoring HTTP/HTTPS, www, trailing slash, and fragment differences.",144801,A J (PVT) LTD,http://ajcast.com,,no,no
non-healthcare-company-websites-all-sectors.csv:8607:website,non-healthcare-company-websites-all-sectors.csv,website,high,high,A Place Called Common Ltd.,a place called common ltd,Manchester,,,Other,Worker,Skilled Worker,https://www.aplacecalledcommon.co.uk/,https://www.aplacecalledcommon.co.uk/,preserve_existing_same,https://www.aplacecalledcommon.co.uk/,,,exact_unique_complete,1,1,144891,A Place Called Common Ltd.,Manchester,,,Other,Worker,Skilled Worker,,,1,https://aplacecalledcommon.co.uk/,,,already_matches_production_noop,,1 production sponsor row(s) share normalized name; identity match is exact_unique_complete; production target already equals the candidate; development value matches candidate,,,,,needs_manual_url_conflict_review,At least one exact matching production target already has a different URL. Existing production values are never overwritten automatically.,144891,144891,,https://aplacecalledcommon.co.uk/,unique_complete_identity,Exactly one current production sponsor matches the legal name and every supplied location/detail field.,conflict,https://www.aplacecalledcommon.co.uk/,https://www.aplacecalledcommon.co.uk/,auto_unique_location,Normalized employer name and supplied production location fields identify one sponsor row.,website,normalized_noop,normalized_url_already_present,"Every matched production sponsor website is the same after ignoring HTTP/HTTPS, www, trailing slash, and fragment differences.",144891,A Place Called Common Ltd.,https://aplacecalledcommon.co.uk/,,yes,no
non-healthcare-company-websites-all-sectors.csv:8639:website,non-healthcare-company-websites-all-sectors.csv,website,high,high,A W Control Systems Ltd,a w control systems ltd,Armagh,Armagh,Northern Ireland,Other,Worker,Skilled Worker,https://awcontrolsystems.com/,https://awcontrolsystems.com/,preserve_existing_different,http://www.awcontrolsystems.com,,,exact_unique_complete,1,1,144965,A W Control Systems Ltd,Armagh,Armagh,Northern Ireland,Other,Worker,Skilled Worker,,,1,http://www.awcontrolsystems.com,,,conflict_existing_production_value,production_target_value_differs|development_target_value_differs,1 production sponsor row(s) share normalized name; identity match is exact_unique_complete; production target has a different value; development value differs,,,,,needs_manual_url_conflict_review,At least one exact matching production target already has a different URL. Existing production values are never overwritten automatically.,144965,144965,,http://www.awcontrolsystems.com,unique_complete_identity,Exactly one current production sponsor matches the legal name and every supplied location/detail field.,conflict,https://awcontrolsystems.com/,https://awcontrolsystems.com/,auto_unique_location,Normalized employer name and supplied production location fields identify one sponsor row.,website,normalized_noop,normalized_url_already_present,"Every matched production sponsor website is the same after ignoring HTTP/HTTPS, www, trailing slash, and fragment differences.",144965,A W Control Systems Ltd,http://www.awcontrolsystems.com,,yes,no
non-healthcare-company-websites-all-sectors.csv:8677:website,non-healthcare-company-websites-all-sectors.csv,website,high,high,A&R Properties (London) Ltd,a and r properties london ltd,Walthamstow,,,Other,Worker,Skilled Worker,https://www.arproperties.org.uk/,https://www.arproperties.org.uk/,preserve_existing_same,https://www.arproperties.org.uk/,,,exact_unique_complete,1,1,145052,A&R Properties (London) Ltd,Walthamstow,,,Other,Worker,Skilled Worker,,,1,https://arproperties.org.uk/,,,already_matches_production_noop,,1 production sponsor row(s) share normalized name; identity match is exact_unique_complete; production target already equals the candidate; development value matches candidate,,,,,needs_manual_url_conflict_review,At least one exact matching production target already has a different URL. Existing production values are never overwritten automatically.,145052,145052,,https://arproperties.org.uk/,unique_complete_identity,Exactly one current production sponsor matches the legal name and every supplied location/detail field.,conflict,https://www.arproperties.org.uk/,https://www.arproperties.org.uk/,auto_unique_location,Normalized employer name and supplied production location fields identify one sponsor row.,website,normalized_noop,normalized_url_already_present,"Every matched production sponsor website is the same after ignoring HTTP/HTTPS, www, trailing slash, and fragment differences.",145052,A&R Properties (London) Ltd,https://arproperties.org.uk/,,yes,no
non-healthcare-company-websites-all-sectors.csv:8681:website,non-healthcare-company-websites-all-sectors.csv,website,medium,medium,A&S R Limited t/as Pepe's Piri Piri,a and s r limited t as pepe s piri piri,Kilmarnock,,,Other,Worker,Skilled Worker,https://pepes.co.uk/,https://pepes.co.uk/,review_medium,https://pepes.co.uk/,,,exact_unique_complete,1,1,145064,A&S R Limited t/as Pepe's Piri Piri,Kilmarnock,,,Other,Worker,Skilled Worker,,,1,https://www.pepes.co.uk,,,conflict_existing_production_value,production_target_value_differs,1 production sponsor row(s) share normalized name; identity match is exact_unique_complete; production target has a different value; development value matches candidate,,,,,needs_manual_url_conflict_review,At least one exact matching production target already has a different URL. Existing production values are never overwritten automatically.,145064,145064,,https://www.pepes.co.uk,unique_complete_identity,Exactly one current production sponsor matches the legal name and every supplied location/detail field.,conflict,https://pepes.co.uk/,https://pepes.co.uk/,auto_unique_location,Normalized employer name and supplied production location fields identify one sponsor row.,website,normalized_noop,normalized_url_already_present,"Every matched production sponsor website is the same after ignoring HTTP/HTTPS, www, trailing slash, and fragment differences.",145064,A&S R Limited t/as Pepe's Piri Piri,https://www.pepes.co.uk,https://pepes.co.uk/job-vacancies,no,no
non-healthcare-company-websites-all-sectors.csv:8730:website,non-healthcare-company-websites-all-sectors.csv,website,medium,medium,A.M. Qattan Foundation,a m qattan foundation,London,,,Other,Temporary Worker,Creative Worker,https://qattanfoundation.org/,https://qattanfoundation.org/,review_medium,https://qattanfoundation.org,,,ambiguous_exact_identity,3,3,,,,,,,,,,,1,,,,manual_review_ambiguous_production_match,production_identity_ambiguous|development_target_value_differs,3 production sponsor row(s) share normalized name; identity match is ambiguous_exact_identity; production target already equals the candidate; development value differs,145181|145182|145180,,website[145181]=https://www.qattanfoundation.org/|website[145182]=https://www.qattanfoundation.org/|website[145180]=https://www.qattanfoundation.org/,145181:A.M. Qattan Foundation:London:::Other:Temporary Worker:Creative Worker|145182:A.M. Qattan Foundation:London:::Other:Temporary Worker:Creative Worker|145180:A.M. Qattan Foundation:London:::Other:Temporary Worker:Creative Worker,needs_manual_url_conflict_review,At least one exact matching production target already has a different URL. Existing production values are never overwritten automatically.,145180,145180|145181|145182,,https://www.qattanfoundation.org/,identical_complete_duplicate_group,All 3 current production sponsor rows have identical complete normalized identity records.,conflict,https://qattanfoundation.org/,https://qattanfoundation.org/,multi_row_same_employer,"Multiple production sponsor rows share the exact supplied location and normalized name, have no conflicting website values, and independent source evidence supports one employer.",website,normalized_noop,normalized_url_already_present,"Every matched production sponsor website is the same after ignoring HTTP/HTTPS, www, trailing slash, and fragment differences.",145180|145181|145182,A.M. Qattan Foundation|A.M. Qattan Foundation|A.M. Qattan Foundation,https://www.qattanfoundation.org/|https://www.qattanfoundation.org/|https://www.qattanfoundation.org/,,no,no
non-healthcare-company-websites-all-sectors.csv:8731:website,non-healthcare-company-websites-all-sectors.csv,website,medium,medium,A.M. Qattan Foundation,a m qattan foundation,London,,,Other,Temporary Worker,Creative Worker,https://qattanfoundation.org/,https://qattanfoundation.org/,review_medium,https://qattanfoundation.org,,,ambiguous_exact_identity,3,3,,,,,,,,,,,1,,,,manual_review_ambiguous_production_match,production_identity_ambiguous|development_target_value_differs,3 production sponsor row(s) share normalized name; identity match is ambiguous_exact_identity; production target already equals the candidate; development value differs,145181|145182|145180,,website[145181]=https://www.qattanfoundation.org/|website[145182]=https://www.qattanfoundation.org/|website[145180]=https://www.qattanfoundation.org/,145181:A.M. Qattan Foundation:London:::Other:Temporary Worker:Creative Worker|145182:A.M. Qattan Foundation:London:::Other:Temporary Worker:Creative Worker|145180:A.M. Qattan Foundation:London:::Other:Temporary Worker:Creative Worker,needs_manual_url_conflict_review,At least one exact matching production target already has a different URL. Existing production values are never overwritten automatically.,145180,145180|145181|145182,,https://www.qattanfoundation.org/,identical_complete_duplicate_group,All 3 current production sponsor rows have identical complete normalized identity records.,conflict,https://qattanfoundation.org/,https://qattanfoundation.org/,multi_row_same_employer,"Multiple production sponsor rows share the exact supplied location and normalized name, have no conflicting website values, and independent source evidence supports one employer.",website,normalized_noop,normalized_url_already_present,"Every matched production sponsor website is the same after ignoring HTTP/HTTPS, www, trailing slash, and fragment differences.",145180|145181|145182,A.M. Qattan Foundation|A.M. Qattan Foundation|A.M. Qattan Foundation,https://www.qattanfoundation.org/|https://www.qattanfoundation.org/|https://www.qattanfoundation.org/,,no,no
non-healthcare-company-websites-all-sectors.csv:8732:website,non-healthcare-company-websites-all-sectors.csv,website,medium,medium,A.M. Qattan Foundation,a m qattan foundation,London,,,Other,Temporary Worker,Creative Worker,https://qattanfoundation.org/,https://qattanfoundation.org/,review_medium,https://qattanfoundation.org,,,ambiguous_exact_identity,3,3,,,,,,,,,,,1,,,,manual_review_ambiguous_production_match,production_identity_ambiguous|development_target_value_differs,3 production sponsor row(s) share normalized name; identity match is ambiguous_exact_identity; production target already equals the candidate; development value differs,145181|145182|145180,,website[145181]=https://www.qattanfoundation.org/|website[145182]=https://www.qattanfoundation.org/|website[145180]=https://www.qattanfoundation.org/,145181:A.M. Qattan Foundation:London:::Other:Temporary Worker:Creative Worker|145182:A.M. Qattan Foundation:London:::Other:Temporary Worker:Creative Worker|145180:A.M. Qattan Foundation:London:::Other:Temporary Worker:Creative Worker,needs_manual_url_conflict_review,At least one exact matching production target already has a different URL. Existing production values are never overwritten automatically.,145180,145180|145181|145182,,https://www.qattanfoundation.org/,identical_complete_duplicate_group,All 3 current production sponsor rows have identical complete normalized identity records.,conflict,https://qattanfoundation.org/,https://qattanfoundation.org/,multi_row_same_employer,"Multiple production sponsor rows share the exact supplied location and normalized name, have no conflicting website values, and independent source evidence supports one employer.",website,normalized_noop,normalized_url_already_present,"Every matched production sponsor website is the same after ignoring HTTP/HTTPS, www, trailing slash, and fragment differences.",145180|145181|145182,A.M. Qattan Foundation|A.M. Qattan Foundation|A.M. Qattan Foundation,https://www.qattanfoundation.org/|https://www.qattanfoundation.org/|https://www.qattanfoundation.org/,,no,no
non-healthcare-company-websites-all-sectors.csv:8734:website,non-healthcare-company-websites-all-sectors.csv,website,high,high,A.P.L.E. (MILTON KEYNES) LTD,a p l e milton keynes ltd,Bedford,,,Other,Worker,Skilled Worker,https://www.aplemk.co.uk/,https://www.aplemk.co.uk/,preserve_existing_same,https://www.aplemk.co.uk/,,,exact_unique_complete,1,1,145190,A.P.L.E. (MILTON KEYNES) LTD,Bedford,,,Other,Worker,Skilled Worker,,,1,https://aplemk.co.uk/,,,already_matches_production_noop,,1 production sponsor row(s) share normalized name; identity match is exact_unique_complete; production target already equals the candidate; development value matches candidate,,,,,needs_manual_url_conflict_review,At least one exact matching production target already has a different URL. Existing production values are never overwritten automatically.,145190,145190,,https://aplemk.co.uk/,unique_complete_identity,Exactly one current production sponsor matches the legal name and every supplied location/detail field.,conflict,https://www.aplemk.co.uk/,https://www.aplemk.co.uk/,auto_unique_location,Normalized employer name and supplied production location fields identify one sponsor row.,website,normalized_noop,normalized_url_already_present,"Every matched production sponsor website is the same after ignoring HTTP/HTTPS, www, trailing slash, and fragment differences.",145190,A.P.L.E. (MILTON KEYNES) LTD,https://aplemk.co.uk/,,yes,no
non-healthcare-company-websites-all-sectors.csv:8858:website,non-healthcare-company-websites-all-sectors.csv,website,low,low,AAKWA GROUP LTD,aakwa group ltd,BURTON-ON-TRENT,Staffordshire,West Midlands,Other,Worker,Skilled Worker,https://aakwagroup.co.uk/,https://aakwagroup.co.uk/,review_low,https://www.aakwagroup.co.uk,,,exact_unique_complete,1,1,145538,AAKWA GROUP LTD,BURTON-ON-TRENT,Staffordshire,West Midlands,Other,Worker,Skilled Worker,,,1,https://www.aakwagroup.co.uk,,,rejected_low_confidence,,1 production sponsor row(s) share normalized name; identity match is exact_unique_complete; production target has a different value; development value differs; Low-confidence website evidence lead; excluded from production import regardless of identity match.,,,,,needs_manual_url_conflict_review,At least one exact matching production target already has a different URL. Existing production values are never overwritten automatically.,145538,145538,,https://www.aakwagroup.co.uk,unique_complete_identity,Exactly one current production sponsor matches the legal name and every supplied location/detail field.,conflict,https://aakwagroup.co.uk/,https://aakwagroup.co.uk/,auto_unique_location,Normalized employer name and supplied production location fields identify one sponsor row.,website,normalized_noop,normalized_url_already_present,"Every matched production sponsor website is the same after ignoring HTTP/HTTPS, www, trailing slash, and fragment differences.",145538,AAKWA GROUP LTD,https://www.aakwagroup.co.uk,,no,no
non-healthcare-company-websites-all-sectors.csv:8879:website,non-healthcare-company-websites-all-sectors.csv,website,high,high,AARYA TECHNOLOGIES LTD,aarya technologies ltd,Wokingham,,,Other,Worker,Skilled Worker,https://aaryatechnologies.co.uk/,https://aaryatechnologies.co.uk/,preserve_existing_different,http://aaryatechnologies.co.uk,,,exact_unique_complete,1,1,145635,AARYA TECHNOLOGIES LTD,Wokingham,,,Other,Worker,Skilled Worker,,,1,http://aaryatechnologies.co.uk,,,conflict_existing_production_value,production_target_value_differs|development_target_value_differs,1 production sponsor row(s) share normalized name; identity match is exact_unique_complete; production target has a different value; development value differs,,,,,needs_manual_url_conflict_review,At least one exact matching production target already has a different URL. Existing production values are never overwritten automatically.,145635,145635,,http://aaryatechnologies.co.uk,unique_complete_identity,Exactly one current production sponsor matches the legal name and every supplied location/detail field.,conflict,https://aaryatechnologies.co.uk/,https://aaryatechnologies.co.uk/,auto_unique_location,Normalized employer name and supplied production location fields identify one sponsor row.,website,normalized_noop,normalized_url_already_present,"Every matched production sponsor website is the same after ignoring HTTP/HTTPS, www, trailing slash, and fragment differences.",145635,AARYA TECHNOLOGIES LTD,http://aaryatechnologies.co.uk,https://aaryatechnologies.co.uk/career/index.html,yes,no
non-healthcare-company-websites-all-sectors.csv:8958:website,non-healthcare-company-websites-all-sectors.csv,website,high,high,ABERCLEAN PLANT AND SWEEPER HIRE LTD,aberclean plant and sweeper hire ltd,ABERDEENSHIRE,,,Other,Worker,Skilled Worker,https://aberclean.com/,https://aberclean.com/,preserve_existing_same,https://aberclean.com,,,exact_unique_complete,1,1,145979,ABERCLEAN PLANT AND SWEEPER HIRE LTD,ABERDEENSHIRE,,,Other,Worker,Skilled Worker,,,1,https://www.aberclean.com/,,,already_matches_production_noop,development_target_value_differs,1 production sponsor row(s) share normalized name; identity match is exact_unique_complete; production target already equals the candidate; development value differs,,,,,needs_manual_url_conflict_review,At least one exact matching production target already has a different URL. Existing production values are never overwritten automatically.,145979,145979,,https://www.aberclean.com/,unique_complete_identity,Exactly one current production sponsor matches the legal name and every supplied location/detail field.,conflict,https://aberclean.com/,https://aberclean.com/,auto_unique_location,Normalized employer name and supplied production location fields identify one sponsor row.,website,normalized_noop,normalized_url_already_present,"Every matched production sponsor website is the same after ignoring HTTP/HTTPS, www, trailing slash, and fragment differences.",145979,ABERCLEAN PLANT AND SWEEPER HIRE LTD,https://www.aberclean.com/,,yes,no
non-healthcare-company-websites-all-sectors.csv:8995:website,non-healthcare-company-websites-all-sectors.csv,website,high,high,ABM GLOBAL COMPLIANCE (UK) LTD,abm global compliance uk ltd,London,,,Other,Worker,Skilled Worker,https://abmglobalcompliance.com/,https://abmglobalcompliance.com/,preserve_existing_different,https://www.abmglobalcompliance.com,,,exact_unique_complete,1,1,146142,ABM GLOBAL COMPLIANCE (UK) LTD,London,,,Other,Worker,Skilled Worker,,,1,https://www.abmglobalcompliance.com,,,conflict_existing_production_value,production_target_value_differs|development_target_value_differs,1 production sponsor row(s) share normalized name; identity match is exact_unique_complete; production target has a different value; development value differs,,,,,needs_manual_url_conflict_review,At least one exact matching production target already has a different URL. Existing production values are never overwritten automatically.,146142,146142,,https://www.abmglobalcompliance.com,unique_complete_identity,Exactly one current production sponsor matches the legal name and every supplied location/detail field.,conflict,https://abmglobalcompliance.com/,https://abmglobalcompliance.com/,auto_unique_location,Normalized employer name and supplied production location fields identify one sponsor row.,website,normalized_noop,normalized_url_already_present,"Every matched production sponsor website is the same after ignoring HTTP/HTTPS, www, trailing slash, and fragment differences.",146142,ABM GLOBAL COMPLIANCE (UK) LTD,https://www.abmglobalcompliance.com,,yes,no
non-healthcare-company-websites-all-sectors.csv:9007:website,non-healthcare-company-websites-all-sectors.csv,website,low,low,ABP Kingswinford,abp kingswinford,Kingswinford,,,Other,Worker,Skilled Worker,https://abpfoodgroup.com/,https://abpfoodgroup.com/,review_low,https://abpfoodgroup.com/,,,exact_unique_complete,1,1,146174,ABP Kingswinford,Kingswinford,,,Other,Worker,Skilled Worker,,,1,https://www.abpfoodgroup.com/,,,rejected_low_confidence,,1 production sponsor row(s) share normalized name; identity match is exact_unique_complete; production target already equals the candidate; development value matches candidate; Low-confidence website evidence lead; excluded from production import regardless of identity match.,,,,,needs_manual_url_conflict_review,At least one exact matching production target already has a different URL. Existing production values are never overwritten automatically.,146174,146174,,https://www.abpfoodgroup.com/,unique_complete_identity,Exactly one current production sponsor matches the legal name and every supplied location/detail field.,conflict,https://abpfoodgroup.com/,https://abpfoodgroup.com/,auto_unique_location,Normalized employer name and supplied production location fields identify one sponsor row.,website,normalized_noop,normalized_url_already_present,"Every matched production sponsor website is the same after ignoring HTTP/HTTPS, www, trailing slash, and fragment differences.",146174,ABP Kingswinford,https://www.abpfoodgroup.com/,,no,no
non-healthcare-company-websites-all-sectors.csv:9088:website,non-healthcare-company-websites-all-sectors.csv,website,high,high,ACCESSAFE UK LTD,accessafe uk ltd,BIRMINGHAM,WEST MIDLANDS,West Midlands,Other,Worker,Skilled Worker,https://www.accessafe.co.uk/,https://www.accessafe.co.uk/,preserve_existing_same,https://www.accessafe.co.uk/,,,exact_unique_complete,1,1,146456,ACCESSAFE UK LTD,BIRMINGHAM,WEST MIDLANDS,West Midlands,Other,Worker,Skilled Worker,,,1,https://accessafe.co.uk/,,,already_matches_production_noop,,1 production sponsor row(s) share normalized name; identity match is exact_unique_complete; production target already equals the candidate; development value matches candidate,,,,,needs_manual_url_conflict_review,At least one exact matching production target already has a different URL. Existing production values are never overwritten automatically.,146456,146456,,https://accessafe.co.uk/,unique_complete_identity,Exactly one current production sponsor matches the legal name and every supplied location/detail field.,conflict,https://www.accessafe.co.uk/,https://www.accessafe.co.uk/,auto_unique_location,Normalized employer name and supplied production location fields identify one sponsor row.,website,normalized_noop,normalized_url_already_present,"Every matched production sponsor website is the same after ignoring HTTP/HTTPS, www, trailing slash, and fragment differences.",146456,ACCESSAFE UK LTD,https://accessafe.co.uk/,,yes,no
non-healthcare-company-websites-all-sectors.csv:9090:website,non-healthcare-company-websites-all-sectors.csv,website,low,low,ACCO UK LTD,acco uk ltd,AYLESBURY,BUCKINGHAMSHIRE,South East,Other,Worker,Global Business Mobility: Senior or Specialist Worker,https://www.accobrands.com/,https://www.accobrands.com/,review_low,https://accobrands.com,,,ambiguous_exact_identity,2,2,,,,,,,,,,,1,,,,rejected_low_confidence,production_identity_ambiguous,2 production sponsor row(s) share normalized name; identity match is ambiguous_exact_identity; production target has a different value; development value differs; Low-confidence website evidence lead; excluded from production import regardless of identity match.,146479|146480,,website[146479]=https://accobrands.com|website[146480]=https://accobrands.com,146479:ACCO UK LTD:AYLESBURY:BUCKINGHAMSHIRE:South East:Other:Worker:Global Business Mobility: Senior or Specialist Worker|146480:ACCO UK LTD:AYLESBURY:BUCKINGHAMSHIRE:South East:Other:Worker:Global Business Mobility: Senior or Specialist Worker,needs_manual_url_conflict_review,At least one exact matching production target already has a different URL. Existing production values are never overwritten automatically.,146479,146479|146480,,https://accobrands.com,identical_complete_duplicate_group,All 2 current production sponsor rows have identical complete normalized identity records.,conflict,https://www.accobrands.com/,https://www.accobrands.com/,multi_row_same_employer,"Multiple production sponsor rows share the exact supplied location and normalized name, have no conflicting website values, and independent source evidence supports one employer.",website,normalized_noop,normalized_url_already_present,"Every matched production sponsor website is the same after ignoring HTTP/HTTPS, www, trailing slash, and fragment differences.",146479|146480,ACCO UK LTD|ACCO UK LTD,https://accobrands.com|https://accobrands.com,https://www.accobrands.com/careers,no,no
non-healthcare-company-websites-all-sectors.csv:9091:website,non-healthcare-company-websites-all-sectors.csv,website,low,low,ACCO UK LTD,acco uk ltd,AYLESBURY,BUCKINGHAMSHIRE,South East,Other,Worker,Global Business Mobility: Senior or Specialist Worker,https://www.accobrands.com/,https://www.accobrands.com/,review_low,https://accobrands.com,,,ambiguous_exact_identity,2,2,,,,,,,,,,,1,,,,rejected_low_confidence,production_identity_ambiguous,2 production sponsor row(s) share normalized name; identity match is ambiguous_exact_identity; production target has a different value; development value differs; Low-confidence website evidence lead; excluded from production import regardless of identity match.,146479|146480,,website[146479]=https://accobrands.com|website[146480]=https://accobrands.com,146479:ACCO UK LTD:AYLESBURY:BUCKINGHAMSHIRE:South East:Other:Worker:Global Business Mobility: Senior or Specialist Worker|146480:ACCO UK LTD:AYLESBURY:BUCKINGHAMSHIRE:South East:Other:Worker:Global Business Mobility: Senior or Specialist Worker,needs_manual_url_conflict_review,At least one exact matching production target already has a different URL. Existing production values are never overwritten automatically.,146479,146479|146480,,https://accobrands.com,identical_complete_duplicate_group,All 2 current production sponsor rows have identical complete normalized identity records.,conflict,https://www.accobrands.com/,https://www.accobrands.com/,multi_row_same_employer,"Multiple production sponsor rows share the exact supplied location and normalized name, have no conflicting website values, and independent source evidence supports one employer.",website,normalized_noop,normalized_url_already_present,"Every matched production sponsor website is the same after ignoring HTTP/HTTPS, www, trailing slash, and fragment differences.",146479|146480,ACCO UK LTD|ACCO UK LTD,https://accobrands.com|https://accobrands.com,https://www.accobrands.com/careers,no,no
non-healthcare-company-websites-all-sectors.csv:9154:website,non-healthcare-company-websites-all-sectors.csv,website,low,low,ACH Partners Limited,ach partners limited,Perivale,,,Other,Worker,Skilled Worker,https://achpartners.co.uk/,https://achpartners.co.uk/,review_low,http://achpartners.co.uk,,,exact_unique_complete,1,1,146677,ACH Partners Limited,Perivale,,,Other,Worker,Skilled Worker,,,1,http://achpartners.co.uk,,,rejected_low_confidence,,1 production sponsor row(s) share normalized name; identity match is exact_unique_complete; production target has a different value; development value differs; Low-confidence website evidence lead; excluded from production import regardless of identity match.,,,,,needs_manual_url_conflict_review,At least one exact matching production target already has a different URL. Existing production values are never overwritten automatically.,146677,146677,,http://achpartners.co.uk,unique_complete_identity,Exactly one current production sponsor matches the legal name and every supplied location/detail field.,conflict,https://achpartners.co.uk/,https://achpartners.co.uk/,auto_unique_location,Normalized employer name and supplied production location fields identify one sponsor row.,website,normalized_noop,normalized_url_already_present,"Every matched production sponsor website is the same after ignoring HTTP/HTTPS, www, trailing slash, and fragment differences.",146677,ACH Partners Limited,http://achpartners.co.uk,,no,no
non-healthcare-company-websites-all-sectors.csv:9215:website,non-healthcare-company-websites-all-sectors.csv,website,low,low,ACTIVE INTERNATIONAL LTD,active international ltd,LONDON,,,Other,Worker,Global Business Mobility: Senior or Specialist Worker,https://activeinternational.co.uk/,https://activeinternational.co.uk/,review_low,https://activeinternational.co.uk/,,,ambiguous_exact_identity,2,2,,,,,,,,,,,1,,,,rejected_low_confidence,production_identity_ambiguous,2 production sponsor row(s) share normalized name; identity match is ambiguous_exact_identity; production target has a different value; development value matches candidate; Low-confidence website evidence lead; excluded from production import regardless of identity match.,146930|146931,,website[146930]=https://www.activeinternational.co.uk|website[146931]=https://www.activeinternational.co.uk,146930:ACTIVE INTERNATIONAL LTD:LONDON:::Other:Worker:Global Business Mobility: Senior or Specialist Worker|146931:ACTIVE INTERNATIONAL LTD:LONDON:::Other:Worker:Global Business Mobility: Senior or Specialist Worker,needs_manual_url_conflict_review,At least one exact matching production target already has a different URL. Existing production values are never overwritten automatically.,146930,146930|146931,,https://www.activeinternational.co.uk,identical_complete_duplicate_group,All 2 current production sponsor rows have identical complete normalized identity records.,conflict,https://activeinternational.co.uk/,https://activeinternational.co.uk/,multi_row_same_employer,"Multiple production sponsor rows share the exact supplied location and normalized name, have no conflicting website values, and independent source evidence supports one employer.",website,normalized_noop,normalized_url_already_present,"Every matched production sponsor website is the same after ignoring HTTP/HTTPS, www, trailing slash, and fragment differences.",146930|146931,ACTIVE INTERNATIONAL LTD|ACTIVE INTERNATIONAL LTD,https://www.activeinternational.co.uk|https://www.activeinternational.co.uk,https://activeinternational.co.uk/careers,no,no
non-healthcare-company-websites-all-sectors.csv:9216:website,non-healthcare-company-websites-all-sectors.csv,website,low,low,ACTIVE INTERNATIONAL LTD,active international ltd,LONDON,,,Other,Worker,Global Business Mobility: Senior or Specialist Worker,https://activeinternational.co.uk/,https://activeinternational.co.uk/,review_low,https://activeinternational.co.uk/,,,ambiguous_exact_identity,2,2,,,,,,,,,,,1,,,,rejected_low_confidence,production_identity_ambiguous,2 production sponsor row(s) share normalized name; identity match is ambiguous_exact_identity; production target has a different value; development value matches candidate; Low-confidence website evidence lead; excluded from production import regardless of identity match.,146930|146931,,website[146930]=https://www.activeinternational.co.uk|website[146931]=https://www.activeinternational.co.uk,146930:ACTIVE INTERNATIONAL LTD:LONDON:::Other:Worker:Global Business Mobility: Senior or Specialist Worker|146931:ACTIVE INTERNATIONAL LTD:LONDON:::Other:Worker:Global Business Mobility: Senior or Specialist Worker,needs_manual_url_conflict_review,At least one exact matching production target already has a different URL. Existing production values are never overwritten automatically.,146930,146930|146931,,https://www.activeinternational.co.uk,identical_complete_duplicate_group,All 2 current production sponsor rows have identical complete normalized identity records.,conflict,https://activeinternational.co.uk/,https://activeinternational.co.uk/,multi_row_same_employer,"Multiple production sponsor rows share the exact supplied location and normalized name, have no conflicting website values, and independent source evidence supports one employer.",website,normalized_noop,normalized_url_already_present,"Every matched production sponsor website is the same after ignoring HTTP/HTTPS, www, trailing slash, and fragment differences.",146930|146931,ACTIVE INTERNATIONAL LTD|ACTIVE INTERNATIONAL LTD,https://www.activeinternational.co.uk|https://www.activeinternational.co.uk,https://activeinternational.co.uk/careers,no,no
non-healthcare-company-websites-all-sectors.csv:9233:website,non-healthcare-company-websites-all-sectors.csv,website,high,high,Acumen Field Limited,acumen field limited,Stockport,Greater Manchester,North West,Other,Worker,Skilled Worker,https://www.acumenfieldwork.com/,https://www.acumenfieldwork.com/,promote_high_blank,https://www.acumenfieldwork.com/,,,exact_unique_complete,1,1,147024,Acumen Field Limited,Stockport,Greater Manchester,North West,Other,Worker,Skilled Worker,,,1,http://acumenfieldwork.com/,,,conflict_existing_production_value,production_target_value_differs,1 production sponsor row(s) share normalized name; identity match is exact_unique_complete; production target has a different value; development value matches candidate,,,,,needs_manual_url_conflict_review,At least one exact matching production target already has a different URL. Existing production values are never overwritten automatically.,147024,147024,,http://acumenfieldwork.com/,unique_complete_identity,Exactly one current production sponsor matches the legal name and every supplied location/detail field.,conflict,https://www.acumenfieldwork.com/,https://www.acumenfieldwork.com/,auto_unique_location,Normalized employer name and supplied production location fields identify one sponsor row.,website,normalized_noop,normalized_url_already_present,"Every matched production sponsor website is the same after ignoring HTTP/HTTPS, www, trailing slash, and fragment differences.",147024,Acumen Field Limited,http://acumenfieldwork.com/,https://acumenfieldwork.com/careers/index.html,yes,no
non-healthcare-company-websites-all-sectors.csv:9234:website,non-healthcare-company-websites-all-sectors.csv,website,medium,medium,Acumen Global Academy Ltd,acumen global academy ltd,Romford,Essex,East of England,Other,Worker,Skilled Worker,https://acumenga.com/,https://acumenga.com/,review_medium,,,,exact_unique_complete,1,1,147025,Acumen Global Academy Ltd,Romford,Essex,East of England,Other,Worker,Skilled Worker,,,1,https://www.acumenga.com/,,,already_matches_production_noop,,1 production sponsor row(s) share normalized name; identity match is exact_unique_complete; production target already equals the candidate; development field is blank,,,,,needs_manual_url_conflict_review,At least one exact matching production target already has a different URL. Existing production values are never overwritten automatically.,147025,147025,,https://www.acumenga.com/,unique_complete_identity,Exactly one current production sponsor matches the legal name and every supplied location/detail field.,conflict,https://acumenga.com/,https://acumenga.com/,auto_unique_location,Normalized employer name and supplied production location fields identify one sponsor row.,website,normalized_noop,normalized_url_already_present,"Every matched production sponsor website is the same after ignoring HTTP/HTTPS, www, trailing slash, and fragment differences.",147025,Acumen Global Academy Ltd,https://www.acumenga.com/,,no,no
non-healthcare-company-websites-all-sectors.csv:9275:website,non-healthcare-company-websites-all-sectors.csv,website,high,medium,ADAN PROMOTIONAL CONCEPTS (UK) LTD,adan promotional concepts uk ltd,London,,,Other,Worker,Skilled Worker,https://adanpromo.com/,https://adanpromo.com/,review_medium,https://adanpromo.com,upgraded_to_high_in_pilot_not_imported,https://adanpromo.com/ | https://adanpromo.com/about-2 | https://adanpromo.com/contact,exact_unique_complete,1,1,147186,ADAN PROMOTIONAL CONCEPTS (UK) LTD,London,,,Other,Worker,Skilled Worker,,,1,https://www.adanpromo.com,,,conflict_existing_production_value,production_target_value_differs|development_target_value_differs|pilot_high_upgrade_not_imported,1 production sponsor row(s) share normalized name; identity match is exact_unique_complete; production target has a different value; development value differs; high-verification pilot result is not imported into development,,,,,needs_manual_url_conflict_review,At least one exact matching production target already has a different URL. Existing production values are never overwritten automatically.,147186,147186,,https://www.adanpromo.com,unique_complete_identity,Exactly one current production sponsor matches the legal name and every supplied location/detail field.,conflict,https://adanpromo.com/,https://adanpromo.com/,auto_unique_location,Normalized employer name and supplied production location fields identify one sponsor row.,website,normalized_noop,normalized_url_already_present,"Every matched production sponsor website is the same after ignoring HTTP/HTTPS, www, trailing slash, and fragment differences.",147186,ADAN PROMOTIONAL CONCEPTS (UK) LTD,https://www.adanpromo.com,,no,no
non-healthcare-company-websites-all-sectors.csv:9294:website,non-healthcare-company-websites-all-sectors.csv,website,medium,medium,Addionics Limited,addionics limited,London,,,Other,Worker,Global Business Mobility: Senior or Specialist Worker,https://addionics.com/,https://addionics.com/,review_medium,,,,exact_unique_complete,2,1,147247,Addionics Limited,London,,,Other,Worker,Global Business Mobility: Senior or Specialist Worker,,,1,https://www.addionics.com,,,conflict_existing_production_value,production_target_value_differs,2 production sponsor row(s) share normalized name; identity match is exact_unique_complete; production target has a different value; development field is blank,,,,,needs_manual_url_conflict_review,At least one exact matching production target already has a different URL. Existing production values are never overwritten automatically.,147247,147247,,https://www.addionics.com,unique_complete_identity,Exactly one current production sponsor matches the legal name and every supplied location/detail field.,conflict,https://addionics.com/,https://addionics.com/,auto_unique_location,Normalized employer name and supplied production location fields identify one sponsor row.,website,normalized_noop,normalized_url_already_present,"Every matched production sponsor website is the same after ignoring HTTP/HTTPS, www, trailing slash, and fragment differences.",147247,Addionics Limited,https://www.addionics.com,https://addionics.com/blog/how-smart-3d-current-collector-modeling-enables-next-generation-batteries,no,no
non-healthcare-company-websites-all-sectors.csv:9339:website,non-healthcare-company-websites-all-sectors.csv,website,low,low,ADL Global Limited,adl global limited,London,,,Other,Worker,Skilled Worker,https://adlglobal-group.com/,https://adlglobal-group.com/,review_low,https://adlglobal-group.com/,,,exact_unique_complete,1,1,147391,ADL Global Limited,London,,,Other,Worker,Skilled Worker,,,1,http://adlglobal-group.com,,,rejected_low_confidence,,1 production sponsor row(s) share normalized name; identity match is exact_unique_complete; production target has a different value; development value matches candidate; Low-confidence website evidence lead; excluded from production import regardless of identity match.,,,,,needs_manual_url_conflict_review,At least one exact matching production target already has a different URL. Existing production values are never overwritten automatically.,147391,147391,,http://adlglobal-group.com,unique_complete_identity,Exactly one current production sponsor matches the legal name and every supplied location/detail field.,conflict,https://adlglobal-group.com/,https://adlglobal-group.com/,auto_unique_location,Normalized employer name and supplied production location fields identify one sponsor row.,website,normalized_noop,normalized_url_already_present,"Every matched production sponsor website is the same after ignoring HTTP/HTTPS, www, trailing slash, and fragment differences.",147391,ADL Global Limited,http://adlglobal-group.com,,no,no
non-healthcare-company-websites-all-sectors.csv:9369:website,non-healthcare-company-websites-all-sectors.csv,website,low,low,ADRIAN GIBSON MUSIC PRODUCTIONS,adrian gibson music productions,SURREY,,,Other,Temporary Worker,Creative Worker,https://agmp.co.uk/,https://agmp.co.uk/,review_low,http://agmp.co.uk,,,exact_unique_complete,1,1,147479,ADRIAN GIBSON MUSIC PRODUCTIONS,SURREY,,,Other,Temporary Worker,Creative Worker,,,1,http://agmp.co.uk,,,rejected_low_confidence,,1 production sponsor row(s) share normalized name; identity match is exact_unique_complete; production target has a different value; development value differs; Low-confidence website evidence lead; excluded from production import regardless of identity match.,,,,,needs_manual_url_conflict_review,At least one exact matching production target already has a different URL. Existing production values are never overwritten automatically.,147479,147479,,http://agmp.co.uk,unique_complete_identity,Exactly one current production sponsor matches the legal name and every supplied location/detail field.,conflict,https://agmp.co.uk/,https://agmp.co.uk/,auto_unique_location,Normalized employer name and supplied production location fields identify one sponsor row.,website,normalized_noop,normalized_url_already_present,"Every matched production sponsor website is the same after ignoring HTTP/HTTPS, www, trailing slash, and fragment differences.",147479,ADRIAN GIBSON MUSIC PRODUCTIONS,http://agmp.co.uk,,no,no
non-healthcare-company-websites-all-sectors.csv:9559:website,non-healthcare-company-websites-all-sectors.csv,website,high,high,Albatross Education Ltd,albatross education ltd,London,,,Other,Worker,Skilled Worker,https://www.albatrosseducation.com/,https://www.albatrosseducation.com/,promote_high_blank,https://www.albatrosseducation.com/,,,exact_unique_complete,1,1,149578,Albatross Education Ltd,London,,,Other,Worker,Skilled Worker,,,1,https://albatrosseducation.com/,,,already_matches_production_noop,,1 production sponsor row(s) share normalized name; identity match is exact_unique_complete; production target already equals the candidate; development value matches candidate,,,,,needs_manual_url_conflict_review,At least one exact matching production target already has a different URL. Existing production values are never overwritten automatically.,149578,149578,,https://albatrosseducation.com/,unique_complete_identity,Exactly one current production sponsor matches the legal name and every supplied location/detail field.,conflict,https://www.albatrosseducation.com/,https://www.albatrosseducation.com/,auto_unique_location,Normalized employer name and supplied production location fields identify one sponsor row.,website,normalized_noop,normalized_url_already_present,"Every matched production sponsor website is the same after ignoring HTTP/HTTPS, www, trailing slash, and fragment differences.",149578,Albatross Education Ltd,https://albatrosseducation.com/,,yes,no
non-healthcare-company-websites-all-sectors.csv:9567:website,non-healthcare-company-websites-all-sectors.csv,website,high,high,Aldridge Education,aldridge education,London,London,London,Other,Worker,Skilled Worker,https://aldridgeeducation.org/,https://aldridgeeducation.org/,promote_high_blank,https://aldridgeeducation.org/,,,exact_unique_complete,1,1,149724,Aldridge Education,London,London,London,Other,Worker,Skilled Worker,,,1,https://www.aldridgeeducation.org/,,,already_matches_production_noop,,1 production sponsor row(s) share normalized name; identity match is exact_unique_complete; production target already equals the candidate; development value matches candidate,,,,,needs_manual_url_conflict_review,At least one exact matching production target already has a different URL. Existing production values are never overwritten automatically.,149724,149724,,https://www.aldridgeeducation.org/,unique_complete_identity,Exactly one current production sponsor matches the legal name and every supplied location/detail field.,conflict,https://aldridgeeducation.org/,https://aldridgeeducation.org/,auto_unique_location,Normalized employer name and supplied production location fields identify one sponsor row.,website,normalized_noop,normalized_url_already_present,"Every matched production sponsor website is the same after ignoring HTTP/HTTPS, www, trailing slash, and fragment differences.",149724,Aldridge Education,https://www.aldridgeeducation.org/,https://www.aldridgeeducation.org/Leaving-No-One-Behind/CEIAG,yes,no
non-healthcare-company-websites-all-sectors.csv:9569:website,non-healthcare-company-websites-all-sectors.csv,website,medium,medium,Aleees UK Ltd,aleees uk ltd,London,,,Other,Worker,Global Business Mobility: Senior or Specialist Worker,https://www.aleees.com/,https://www.aleees.com/zh/,review_medium,,,,exact_unique_complete,2,1,149741,Aleees UK Ltd,London,,,Other,Worker,Global Business Mobility: Senior or Specialist Worker,,,1,https://aleees.com,,,conflict_existing_production_value,production_target_value_differs,2 production sponsor row(s) share normalized name; identity match is exact_unique_complete; production target has a different value; development field is blank,,,,,needs_manual_url_conflict_review,At least one exact matching production target already has a different URL. Existing production values are never overwritten automatically.,149741,149741,,https://aleees.com,unique_complete_identity,Exactly one current production sponsor matches the legal name and every supplied location/detail field.,conflict,https://www.aleees.com/,https://www.aleees.com/zh/,auto_unique_location,Normalized employer name and supplied production location fields identify one sponsor row.,website,normalized_noop,normalized_url_already_present,"Every matched production sponsor website is the same after ignoring HTTP/HTTPS, www, trailing slash, and fragment differences.",149741,Aleees UK Ltd,https://aleees.com,https://www.aleees.com/zh/job,no,no
non-healthcare-company-websites-all-sectors.csv:9584:website,non-healthcare-company-websites-all-sectors.csv,website,medium,medium,Algomarketing Ltd,algomarketing ltd,London,,,Other,Worker,Skilled Worker,https://www.algomarketing.com/,https://www.algomarketing.com/,review_medium,,,,exact_unique_complete,2,1,149898,Algomarketing Ltd,London,,,Other,Worker,Skilled Worker,,,1,https://algomarketing.com/,,,already_matches_production_noop,,2 production sponsor row(s) share normalized name; identity match is exact_unique_complete; production target already equals the candidate; development field is blank,,,,,needs_manual_url_conflict_review,At least one exact matching production target already has a different URL. Existing production values are never overwritten automatically.,149898,149898,,https://algomarketing.com/,unique_complete_identity,Exactly one current production sponsor matches the legal name and every supplied location/detail field.,conflict,https://www.algomarketing.com/,https://www.algomarketing.com/,auto_unique_location,Normalized employer name and supplied production location fields identify one sponsor row.,website,normalized_noop,normalized_url_already_present,"Every matched production sponsor website is the same after ignoring HTTP/HTTPS, www, trailing slash, and fragment differences.",149898,Algomarketing Ltd,https://algomarketing.com/,https://www.algomarketing.com/culture-careers,no,no
non-healthcare-company-websites-all-sectors.csv:11282:website,non-healthcare-company-websites-all-sectors.csv,website,high,high,Alexandra Rose Residential Care Home,alexandra rose residential care home,Portsmouth,Hampshire,South East,Social Care,Worker,Skilled Worker,https://www.alexandra-rose.co.uk/,https://www.alexandra-rose.co.uk/,promote_high_blank,https://www.alexandra-rose.co.uk/,,,exact_unique_complete,1,1,149822,Alexandra Rose Residential Care Home,Portsmouth,Hampshire,South East,Social Care,Worker,Skilled Worker,,,1,http://www.alexandra-rose.co.uk,,,conflict_existing_production_value,production_target_value_differs,1 production sponsor row(s) share normalized name; identity match is exact_unique_complete; production target has a different value; development value matches candidate,,,,,needs_manual_url_conflict_review,At least one exact matching production target already has a different URL. Existing production values are never overwritten automatically.,149822,149822,,http://www.alexandra-rose.co.uk,unique_complete_identity,Exactly one current production sponsor matches the legal name and every supplied location/detail field.,conflict,https://www.alexandra-rose.co.uk/,https://www.alexandra-rose.co.uk/,auto_unique_location,Normalized employer name and supplied production location fields identify one sponsor row.,website,normalized_noop,normalized_url_already_present,"Every matched production sponsor website is the same after ignoring HTTP/HTTPS, www, trailing slash, and fragment differences.",149822,Alexandra Rose Residential Care Home,http://www.alexandra-rose.co.uk,,yes,no
non-healthcare-company-websites-all-sectors.csv:12846:website,non-healthcare-company-websites-all-sectors.csv,website,medium,medium,AD Data Analytics Ltd,ad data analytics ltd,Peterborough,,,Technology,Worker,Skilled Worker,https://www.ad-dataanalytics.co.uk/,https://www.ad-dataanalytics.co.uk/,review_medium,,,,exact_unique_complete,1,1,147059,AD Data Analytics Ltd,Peterborough,,,Technology,Worker,Skilled Worker,,,1,https://ad-dataanalytics.co.uk/,,,already_matches_production_noop,,1 production sponsor row(s) share normalized name; identity match is exact_unique_complete; production target already equals the candidate; development field is blank,,,,,needs_manual_url_conflict_review,At least one exact matching production target already has a different URL. Existing production values are never overwritten automatically.,147059,147059,,https://ad-dataanalytics.co.uk/,unique_complete_identity,Exactly one current production sponsor matches the legal name and every supplied location/detail field.,conflict,https://www.ad-dataanalytics.co.uk/,https://www.ad-dataanalytics.co.uk/,auto_unique_location,Normalized employer name and supplied production location fields identify one sponsor row.,website,normalized_noop,normalized_url_already_present,"Every matched production sponsor website is the same after ignoring HTTP/HTTPS, www, trailing slash, and fragment differences.",147059,AD Data Analytics Ltd,https://ad-dataanalytics.co.uk/,,no,no
non-healthcare-company-websites-all-sectors.csv:12847:website,non-healthcare-company-websites-all-sectors.csv,website,high,high,Adaptech AI LTD,adaptech ai ltd,London,London,London,Technology,Worker,Skilled Worker,https://www.adaptech.ai/,https://www.adaptech.ai/,promote_high_blank,https://www.adaptech.ai/,,,exact_unique_complete,1,1,147193,Adaptech AI LTD,London,London,London,Technology,Worker,Skilled Worker,,,1,https://adaptech.ai/,,,already_matches_production_noop,,1 production sponsor row(s) share normalized name; identity match is exact_unique_complete; production target already equals the candidate; development value matches candidate,,,,,needs_manual_url_conflict_review,At least one exact matching production target already has a different URL. Existing production values are never overwritten automatically.,147193,147193,,https://adaptech.ai/,unique_complete_identity,Exactly one current production sponsor matches the legal name and every supplied location/detail field.,conflict,https://www.adaptech.ai/,https://www.adaptech.ai/,auto_unique_location,Normalized employer name and supplied production location fields identify one sponsor row.,website,normalized_noop,normalized_url_already_present,"Every matched production sponsor website is the same after ignoring HTTP/HTTPS, www, trailing slash, and fragment differences.",147193,Adaptech AI LTD,https://adaptech.ai/,https://adaptech.ai/careers,yes,no
non-healthcare-company-websites-all-sectors.csv:12859:website,non-healthcare-company-websites-all-sectors.csv,website,high,high,Advanced Vision Technology Limited,advanced vision technology limited,Marlow,Buckinghamshire,South East,Technology,Worker,Skilled Worker,https://avtechuk.com/,https://avtechuk.com/,promote_high_blank,https://avtechuk.com/,,,exact_unique_complete,1,1,147638,Advanced Vision Technology Limited,Marlow,Buckinghamshire,South East,Technology,Worker,Skilled Worker,,,1,https://www.avtechuk.com/,,,already_matches_production_noop,,1 production sponsor row(s) share normalized name; identity match is exact_unique_complete; production target already equals the candidate; development value matches candidate,,,,,needs_manual_url_conflict_review,At least one exact matching production target already has a different URL. Existing production values are never overwritten automatically.,147638,147638,,https://www.avtechuk.com/,unique_complete_identity,Exactly one current production sponsor matches the legal name and every supplied location/detail field.,conflict,https://avtechuk.com/,https://avtechuk.com/,auto_unique_location,Normalized employer name and supplied production location fields identify one sponsor row.,website,normalized_noop,normalized_url_already_present,"Every matched production sponsor website is the same after ignoring HTTP/HTTPS, www, trailing slash, and fragment differences.",147638,Advanced Vision Technology Limited,https://www.avtechuk.com/,https://www.avtechuk.com/careers.html,yes,no
non-healthcare-company-websites-all-sectors.csv:12915:website,non-healthcare-company-websites-all-sectors.csv,website,medium,medium,Amadeus IT Services UK Limited,amadeus it services uk limited,Hounslow,Middlesex,,Technology,Worker,Skilled Worker,https://amadeus.com/,https://amadeus.com/en,review_medium,,,,ambiguous_exact_identity,2,2,,,,,,,,,,,1,,,,manual_review_ambiguous_production_match,production_identity_ambiguous,2 production sponsor row(s) share normalized name; identity match is ambiguous_exact_identity; production target already equals the candidate; development field is blank,151018|151019,,website[151018]=https://www.amadeus.com/|website[151019]=https://www.amadeus.com/,151018:Amadeus IT Services UK Limited:Hounslow:Middlesex::Technology:Worker:Skilled Worker|151019:Amadeus IT Services UK Limited:Hounslow:Middlesex::Technology:Worker:Skilled Worker,needs_manual_url_conflict_review,At least one exact matching production target already has a different URL. Existing production values are never overwritten automatically.,151018,151018|151019,,https://www.amadeus.com/,identical_complete_duplicate_group,All 2 current production sponsor rows have identical complete normalized identity records.,conflict,https://amadeus.com/,https://amadeus.com/en,multi_row_same_employer,"Multiple production sponsor rows share the exact supplied location and normalized name, have no conflicting website values, and independent source evidence supports one employer.",website,normalized_noop,normalized_url_already_present,"Every matched production sponsor website is the same after ignoring HTTP/HTTPS, www, trailing slash, and fragment differences.",151018|151019,Amadeus IT Services UK Limited|Amadeus IT Services UK Limited,https://www.amadeus.com/|https://www.amadeus.com/,https://amadeus.com/en/careers/overview,no,no
non-healthcare-company-websites-all-sectors.csv:12916:website,non-healthcare-company-websites-all-sectors.csv,website,medium,medium,Amadeus IT Services UK Limited,amadeus it services uk limited,Hounslow,Middlesex,,Technology,Worker,Skilled Worker,https://amadeus.com/,https://amadeus.com/en,review_medium,,,,ambiguous_exact_identity,2,2,,,,,,,,,,,1,,,,manual_review_ambiguous_production_match,production_identity_ambiguous,2 production sponsor row(s) share normalized name; identity match is ambiguous_exact_identity; production target already equals the candidate; development field is blank,151018|151019,,website[151018]=https://www.amadeus.com/|website[151019]=https://www.amadeus.com/,151018:Amadeus IT Services UK Limited:Hounslow:Middlesex::Technology:Worker:Skilled Worker|151019:Amadeus IT Services UK Limited:Hounslow:Middlesex::Technology:Worker:Skilled Worker,needs_manual_url_conflict_review,At least one exact matching production target already has a different URL. Existing production values are never overwritten automatically.,151018,151018|151019,,https://www.amadeus.com/,identical_complete_duplicate_group,All 2 current production sponsor rows have identical complete normalized identity records.,conflict,https://amadeus.com/,https://amadeus.com/en,multi_row_same_employer,"Multiple production sponsor rows share the exact supplied location and normalized name, have no conflicting website values, and independent source evidence supports one employer.",website,normalized_noop,normalized_url_already_present,"Every matched production sponsor website is the same after ignoring HTTP/HTTPS, www, trailing slash, and fragment differences.",151018|151019,Amadeus IT Services UK Limited|Amadeus IT Services UK Limited,https://www.amadeus.com/|https://www.amadeus.com/,https://amadeus.com/en/careers/overview,no,no
non-healthcare-company-websites-all-sectors.csv:14502:website,non-healthcare-company-websites-all-sectors.csv,website,low,low,ABS Transport Limited,abs transport limited,London,,,Transport,Worker,Skilled Worker,https://abstransport.co.uk/,https://abstransport.co.uk/,review_low,https://abstransport.co.uk/,,,exact_unique_complete,1,1,146225,ABS Transport Limited,London,,,Transport,Worker,Skilled Worker,,,1,https://www.abstransport.co.uk/,,,rejected_low_confidence,,1 production sponsor row(s) share normalized name; identity match is exact_unique_complete; production target already equals the candidate; development value matches candidate; Low-confidence website evidence lead; excluded from production import regardless of identity match.,,,,,needs_manual_url_conflict_review,At least one exact matching production target already has a different URL. Existing production values are never overwritten automatically.,146225,146225,,https://www.abstransport.co.uk/,unique_complete_identity,Exactly one current production sponsor matches the legal name and every supplied location/detail field.,conflict,https://abstransport.co.uk/,https://abstransport.co.uk/,auto_unique_location,Normalized employer name and supplied production location fields identify one sponsor row.,website,normalized_noop,normalized_url_already_present,"Every matched production sponsor website is the same after ignoring HTTP/HTTPS, www, trailing slash, and fragment differences.",146225,ABS Transport Limited,https://www.abstransport.co.uk/,,no,no
batch1.csv:141:website_url,batch1.csv,website,medium,medium,Alie Limited t/a Alie Healthcare Limited,alie limited t a alie healthcare limited,Wolverhampton,West Midlands,West Midlands,Healthcare,Worker,Skilled Worker,https://aliehealthcare.co.uk/,https://aliehealthcare.co.uk/,review_only,,,,exact_unique_complete,1,1,149992,Alie Limited t/a Alie Healthcare Limited,Wolverhampton,West Midlands,West Midlands,Healthcare,Worker,Skilled Worker,,,1,https://www.aliehealthcare.co.uk,,,conflict_existing_production_value,production_target_value_differs,1 production sponsor row(s) share normalized name; identity match is exact_unique_complete; production target has a different value; development field is blank,,,,,needs_manual_url_conflict_review,At least one exact matching production target already has a different URL. Existing production values are never overwritten automatically.,149992,149992,,https://www.aliehealthcare.co.uk,unique_complete_identity,Exactly one current production sponsor matches the legal name and every supplied location/detail field.,conflict,https://aliehealthcare.co.uk/,https://aliehealthcare.co.uk/,auto_unique_location,Normalized employer name and supplied production location fields identify one sponsor row.,website,normalized_noop,normalized_url_already_present,"Every matched production sponsor website is the same after ignoring HTTP/HTTPS, www, trailing slash, and fragment differences.",149992,Alie Limited t/a Alie Healthcare Limited,https://www.aliehealthcare.co.uk,https://aliehealthcare.co.uk/index.php/career-section,no,no
batch1.csv:151:website_url,batch1.csv,website,high,high,Allen House Dental Practice,allen house dental practice,Crewe,Cheshire,North West,Healthcare,Worker,Skilled Worker,https://www.allenhousedental.co.uk/,https://www.allenhousedental.co.uk/,update_blank,https://www.allenhousedental.co.uk/,,,exact_unique_complete,1,1,150258,Allen House Dental Practice,Crewe,Cheshire,North West,Healthcare,Worker,Skilled Worker,,,1,http://www.allenhousedental.co.uk/,,,conflict_existing_production_value,production_target_value_differs,1 production sponsor row(s) share normalized name; identity match is exact_unique_complete; production target has a different value; development value matches candidate,,,,,needs_manual_url_conflict_review,At least one exact matching production target already has a different URL. Existing production values are never overwritten automatically.,150258,150258,,http://www.allenhousedental.co.uk/,unique_complete_identity,Exactly one current production sponsor matches the legal name and every supplied location/detail field.,conflict,https://www.allenhousedental.co.uk/,https://www.allenhousedental.co.uk/,auto_unique_location,Normalized employer name and supplied production location fields identify one sponsor row.,website,normalized_noop,normalized_url_already_present,"Every matched production sponsor website is the same after ignoring HTTP/HTTPS, www, trailing slash, and fragment differences.",150258,Allen House Dental Practice,http://www.allenhousedental.co.uk/,,no,no
batch4.csv:199:careers_url,batch4.csv,careers,high,high,Expertreturn Limited T/A Mangal Pharmacy,expertreturn limited t a mangal pharmacy,London,,,Healthcare,Worker,Skilled Worker,https://mangalpharmacy.co.uk/job-opportunities,https://mangalpharmacy.co.uk/,update_blank,https://mangalpharmacy.co.uk/job-opportunities,,,exact_unique_complete,1,1,42856,Expertreturn Limited T/A Mangal Pharmacy,London,,,Healthcare,Worker,Skilled Worker,,,1,,,,safe_to_import,,1 production sponsor row(s) share normalized name; identity match is exact_unique_complete; production target is blank; development value matches candidate,,,,,needs_manual_url_conflict_review,At least one exact matching production target already has a different URL. Existing production values are never overwritten automatically.,42856,42856,122521,https://www.mangalpharmacy.co.uk/job-opportunities,unique_complete_identity,Exactly one current production sponsor matches the legal name and every supplied location/detail field.,conflict,https://mangalpharmacy.co.uk/job-opportunities,https://mangalpharmacy.co.uk/,auto_unique_location,Normalized employer name and supplied production location fields identify one sponsor row.,careers,normalized_noop,normalized_careers_url_already_present,The production careers URL already matches after URL normalization.,42856,Expertreturn Limited T/A Mangal Pharmacy,https://mangalpharmacy.co.uk/,https://www.mangalpharmacy.co.uk/job-opportunities,no,yes
