identity_key,identity_snapshot,target_sponsor_licence_id,resolution_method
1e9501bf3e2488934670e325d3c52dfdf99a104cbe82f6c9067eff0e879c7600,"{""route"": ""Worker"", ""county"": """", ""region"": """", ""industry"": ""Other"", ""subRoute"": ""Skilled Worker"", ""townCity"": ""London"", ""organisationName"": ""A.M. Nomikos & Son (UK) Ltd""}",145179,exact_unique
1eaff0bd994f8fb6020f2b2c821efafaf18501c7ca6aa10ac111fd7441302344,"{""route"": ""Worker"", ""county"": ""Nottinghamshire"", ""region"": ""East Midlands"", ""industry"": ""Engineering"", ""subRoute"": ""Skilled Worker"", ""townCity"": ""Nottingham"", ""organisationName"": ""Elev8 Fire Engineering Ltd""}",39537,exact_unique
1eb37a435343a7b6656ddfe27f45342101a90de39b443929796b072bbb73d028,"{""route"": ""Worker"", ""county"": ""Kent"", ""region"": ""South East"", ""industry"": ""Healthcare"", ""subRoute"": ""Skilled Worker"", ""townCity"": ""Folkestone"", ""organisationName"": ""Abbeywell Veterinary Clinic Limited""}",145861,exact_unique
1eca6cbe955d171afb894ae33b95769c9ef6e6b3429ca8d5ff3888a09e81aa13,"{""route"": ""Worker"", ""county"": ""Gloucestershire"", ""region"": ""South West"", ""industry"": ""Public Services"", ""subRoute"": ""Skilled Worker"", ""townCity"": ""Gloucester"", ""organisationName"": ""Gloucestershire Hospitals NHS Foundation Trust""}",50391,exact_unique
1ece7f549f128c5ccb97bc72aaf657fc09de12a27b75fde3322a6c344ce2c445,"{""route"": ""Worker"", ""county"": ""United Kingdom"", ""region"": """", ""industry"": ""Healthcare"", ""subRoute"": ""Skilled Worker"", ""townCity"": ""Kenilworth"", ""organisationName"": ""Abbey Medical Centre""}",145822,exact_unique
1ed50f0c253a9fb00ff67eba7ebf541ddb52369a8030b40a6bd2bb24ced47e89,"{""route"": ""Worker"", ""county"": ""Suffolk"", ""region"": ""East of England"", ""industry"": ""Healthcare"", ""subRoute"": ""Skilled Worker"", ""townCity"": ""Ipswich"", ""organisationName"": ""Cardinal Medical Practice""}",23184,exact_unique
1ed70ca726ab88e4ff6b44b3e69ef8ebde6019393d0fe196679e7d7150414288,"{""route"": ""Worker"", ""county"": ""Bournemouth"", ""region"": ""South West"", ""industry"": ""Healthcare"", ""subRoute"": ""Skilled Worker"", ""townCity"": ""Bournemouth"", ""organisationName"": ""Bear cross dental partnership""}",15310,exact_unique
1ef47bb7dfce171d4f677d5f72d5f10cdadda7663021a88ba5849f594de36c86,"{""route"": ""Worker"", ""county"": """", ""region"": """", ""industry"": ""Healthcare"", ""subRoute"": ""Skilled Worker"", ""townCity"": ""Harrow"", ""organisationName"": ""CROFTON PARK DENTAL PRACTICE LTD""}",31162,exact_unique
1efb1307cc2f6a079692c51c745440cb83d8fbd18fd237e14987f36a13d398ed,"{""route"": ""Worker"", ""county"": ""Surrey"", ""region"": ""South East"", ""industry"": ""Technology"", ""subRoute"": ""Skilled Worker"", ""townCity"": ""Woking"", ""organisationName"": ""Vaayu Tech Ltd""}",133005,exact_unique
1f0e1706e5ceca7d48eb093322af07cd1fa166870e73b8a0c20d91000176ad2b,"{""route"": ""Worker"", ""county"": """", ""region"": """", ""industry"": ""Legal & Professional"", ""subRoute"": ""Skilled Worker"", ""townCity"": ""Birmingham"", ""organisationName"": ""AMPA Holdings LLP""}",151552,exact_unique
1f9c1262a4879c1bef537b4bd51887a61409e377edd450f171bc98a0bb1ff5c8,"{""route"": ""Worker"", ""county"": """", ""region"": """", ""industry"": ""Other"", ""subRoute"": ""Skilled Worker"", ""townCity"": ""Warrington"", ""organisationName"": ""A2Z 4 KIDS LIMITED""}",145310,exact_unique
1fb1cf8b967b0d86856080a2ffe5d2c4d2d697f9488b9be65e0151774ef7a0a4,"{""route"": ""Worker"", ""county"": """", ""region"": """", ""industry"": ""Other"", ""subRoute"": ""Skilled Worker"", ""townCity"": ""Slough"", ""organisationName"": ""1 Digitals Europe Limited""}",143745,exact_unique
1fb622f778f167da8f86026a82f9866a2ca0eb060de611f933196f8f6eee6817,"{""route"": ""Worker"", ""county"": """", ""region"": """", ""industry"": ""Construction"", ""subRoute"": ""Skilled Worker"", ""townCity"": ""London"", ""organisationName"": ""G.V. Building Services (UK) Ltd""}",155481,exact_unique
1ff07466a7ba83579e6c20aa36d78c5fb92c43fb81e0f70db34411079a4e6b0a,"{""route"": ""Worker"", ""county"": ""Hampshire"", ""region"": ""South East"", ""industry"": ""Education"", ""subRoute"": ""Skilled Worker"", ""townCity"": ""Southampton"", ""organisationName"": ""Wessex Institute of Technology""}",136886,exact_unique
1ffb314cee3c62fa7166d19464c36236e45bd7ee6ee111a7c2d8f30f206e02fd,"{""route"": ""Worker"", ""county"": """", ""region"": """", ""industry"": ""Healthcare"", ""subRoute"": ""Skilled Worker"", ""townCity"": ""Criccieth"", ""organisationName"": ""Deintyddfa Glandwr Dental Practice""}",33699,exact_unique
20047c6603d779962593455092a22a0150134c5d68c3b97466c33bc4bf5dc765,"{""route"": ""Worker"", ""county"": ""Merseyside"", ""region"": ""North West"", ""industry"": ""Education"", ""subRoute"": ""Skilled Worker"", ""townCity"": ""Liverpool"", ""organisationName"": ""St. Hugh's Catholic Primary School""}",117026,exact_unique
20321162b9753dd327d1d60ef4be9f499c410ec90ce32879372054af0f245a42,"{""route"": ""Worker"", ""county"": ""South Yorkshire"", ""region"": ""Yorkshire and the Humber"", ""industry"": ""Healthcare"", ""subRoute"": ""Skilled Worker"", ""townCity"": ""Doncaster"", ""organisationName"": ""Beacon Health Group Ltd""}",15238,exact_unique
203e67aab7bea3c9d04b4860feb6bc1e05414554ea41e95bda61d0edff5d4dbc,"{""route"": ""Worker"", ""county"": """", ""region"": """", ""industry"": ""Technology"", ""subRoute"": ""Global Business Mobility: Senior or Specialist Worker"", ""townCity"": ""Mansfield"", ""organisationName"": ""Magentus Software Limited""}",75955,exact_unique
204a32585865fa6cf2c64dc888490883239a9c2830d70498c1ed880bb37c11e9,"{""route"": ""Worker"", ""county"": """", ""region"": """", ""industry"": ""Engineering"", ""subRoute"": ""Skilled Worker"", ""townCity"": ""London"", ""organisationName"": ""Metal Yapi Engineering (UK) Ltd""}",79788,exact_unique
205a0a671badbe30936ebd70824304166d1e9ac52b386479010f315b910d47dc,"{""route"": ""Temporary Worker"", ""county"": ""Berkshire"", ""region"": ""South East"", ""industry"": ""Other"", ""subRoute"": ""Charity Worker"", ""townCity"": ""Wokingham"", ""organisationName"": ""Ludgrove School Trust  LTD""}",74695,exact_unique
206b0d2ffaa2d9a7d2189fb38c607a1cb4822ae37c7dc4a919bb50db04392263,"{""route"": ""Worker"", ""county"": ""Surrey"", ""region"": ""South East"", ""industry"": ""Public Services"", ""subRoute"": ""Skilled Worker"", ""townCity"": ""Carshalton"", ""organisationName"": ""Epsom and St Helier University Hospitals NHS Trust""}",41161,exact_unique
2094cca4efa0279b3d55ea79389a0cc9bdd8d490d174ec56d234d72b3e4aa88e,"{""route"": ""Worker"", ""county"": """", ""region"": """", ""industry"": ""Healthcare"", ""subRoute"": ""Skilled Worker"", ""townCity"": ""Hereford"", ""organisationName"": ""Candela Healthcare Ltd""}",22679,exact_unique
2095af384f60c446f85f633b4708152ae42bd3569fd45187dfc27900d12365b3,"{""route"": ""Worker"", ""county"": """", ""region"": """", ""industry"": ""Other"", ""subRoute"": ""Skilled Worker"", ""townCity"": ""Slinfold"", ""organisationName"": ""A J Walter Aviation Limited""}",144814,exact_unique
20d441eef58a22bc66b357e76bd3cee369f5d7b26cd2f76299de31442d48b9b9,"{""route"": ""Worker"", ""county"": """", ""region"": """", ""industry"": ""Technology"", ""subRoute"": ""Skilled Worker"", ""townCity"": ""Leeds"", ""organisationName"": ""Suma Software Solutions Limited""}",119012,exact_unique
20de12c6e6e08e7e0c005f55c27a50e6f41581a828d87c8267b6fe0a9f0959e3,"{""route"": ""Worker"", ""county"": """", ""region"": """", ""industry"": ""Other"", ""subRoute"": ""Skilled Worker"", ""townCity"": ""London"", ""organisationName"": ""AFP Assets Limited""}",148000,exact_unique
20e24d98e1f7a3814472bf6ab5c6f5a32c0cafc5b5b5e5e4d5d39d9554132679,"{""route"": ""Worker"", ""county"": ""Kent"", ""region"": ""South East"", ""industry"": ""Other"", ""subRoute"": ""Skilled Worker"", ""townCity"": ""Northfleet"", ""organisationName"": ""Northfleet Technology College""}",88284,exact_unique
20f3a2dd19e5306c3bf72c40c55c418d9a82dc45538e8a5223a22000c32a7b09,"{""route"": ""Worker"", ""county"": ""Oxfordshire"", ""region"": ""South East"", ""industry"": ""Healthcare"", ""subRoute"": ""Skilled Worker"", ""townCity"": ""Oxford"", ""organisationName"": ""Bolff Healthcare Services Ltd""}",18677,exact_unique
20f3eab275b1b85ba6f3f89b38f3be2cdf65d2d2375a613000bf21fde4e2e076,"{""route"": ""Worker"", ""county"": ""Hertfordshire"", ""region"": ""East of England"", ""industry"": ""Education"", ""subRoute"": ""Skilled Worker"", ""townCity"": ""Potters Bar"", ""organisationName"": ""St. John's Preparatory & Senior School Ltd""}",117035,exact_unique
21104143f6a4a17f6aecccebd64010011a7a8e9a200293d7a0cb246034b43a2b,"{""route"": ""Worker"", ""county"": """", ""region"": """", ""industry"": ""Construction"", ""subRoute"": ""Skilled Worker"", ""townCity"": ""London"", ""organisationName"": ""Bloom Construction Group Ltd""}",154915,exact_unique
2124daf79b81cdae3dd96885a06b116f91fe0164cad5b0a6351d8fe3d1ff6840,"{""route"": ""Worker"", ""county"": ""Essex"", ""region"": ""East of England"", ""industry"": ""Social Care"", ""subRoute"": ""Skilled Worker"", ""townCity"": ""Clacton-On-Sea"", ""organisationName"": ""Peace of Mind Home Support""}",93729,exact_unique
212d3d4cc665a6ede678430c02f06197132a4e429d234786198193d714e24e7d,"{""route"": ""Worker"", ""county"": ""West Midlands"", ""region"": ""West Midlands"", ""industry"": ""Construction"", ""subRoute"": ""Skilled Worker"", ""townCity"": ""West Bromwich"", ""organisationName"": ""Clarion Construction Limited""}",27324,exact_unique
213f1190dfcf3b8f62daa50dd3c97af5f632181c3e9573f848c65763dce39ac9,"{""route"": ""Worker"", ""county"": """", ""region"": """", ""industry"": ""Engineering"", ""subRoute"": ""Skilled Worker"", ""townCity"": ""London"", ""organisationName"": ""Tquila Automation Ltd.""}",129084,exact_unique
216a02d04e727b204dc3b9fd901fa1c354fee8e20fd510f9326916145c4648f9,"{""route"": ""Worker"", ""county"": """", ""region"": """", ""industry"": ""Healthcare"", ""subRoute"": ""Skilled Worker"", ""townCity"": ""Birmingham"", ""organisationName"": ""Choice Health Care Limited""}",26253,exact_unique
217f2477d525faee73b4233997259cde438dab017b58985ac49fff87e463bb77,"{""route"": ""Worker"", ""county"": ""Sheffield"", ""region"": ""Yorkshire and the Humber"", ""industry"": ""Other"", ""subRoute"": ""Skilled Worker"", ""townCity"": ""Sheffield City Centre"", ""organisationName"": ""National Education Group Ltd""}",85141,exact_unique
218fba7e562f10d00d9a5a1a3d6a25ac0ccf989b645365582d00b3ea14bfdff0,"{""route"": ""Worker"", ""county"": """", ""region"": """", ""industry"": ""Healthcare"", ""subRoute"": ""Skilled Worker"", ""townCity"": ""Oxon"", ""organisationName"": ""Greytown Dental Practice Ltd""}",52306,exact_unique
21c73e3eabb0c312b5bfd242577b07666f4f175e1faf484465ff0daae40db120,"{""route"": ""Worker"", ""county"": ""Hampshire"", ""region"": ""South East"", ""industry"": ""Healthcare"", ""subRoute"": ""Skilled Worker"", ""townCity"": ""Salisbury, Ringwood"", ""organisationName"": ""Milewood Healthcare Limited""}",80613,exact_unique
21c9e2b82b35bb19855bca816038e9d567524f9ccb4937bdc62a78ee2d44232c,"{""route"": ""Worker"", ""county"": """", ""region"": """", ""industry"": ""Technology"", ""subRoute"": ""Skilled Worker"", ""townCity"": ""London"", ""organisationName"": ""STORELAB AI LTD""}",118191,exact_unique
21cdf59d61d3f87e78669f8274291669899fc745710bd8a7619901db7958a390,"{""route"": ""Worker"", ""county"": ""Hertfordshire"", ""region"": ""East of England"", ""industry"": ""Education"", ""subRoute"": ""Skilled Worker"", ""townCity"": ""London"", ""organisationName"": ""Mount House School Ltd""}",82848,exact_unique
21e2fae2f7b4dddb24196cd0f680d166c3cd8231a16ca15f4801b41407544411,"{""route"": ""Worker"", ""county"": ""West Midlands"", ""region"": ""West Midlands"", ""industry"": ""Finance"", ""subRoute"": ""Skilled Worker"", ""townCity"": ""Oldbury"", ""organisationName"": ""Ormiston Sandwell Community Academy""}",91376,exact_unique
21fa84ab20d3a27f8e84cddfb5696522875d639b8ce3eb250974052c237bba54,"{""route"": ""Worker"", ""county"": ""Norfolk"", ""region"": ""East of England"", ""industry"": ""Education"", ""subRoute"": ""Skilled Worker"", ""townCity"": ""King's Lynn"", ""organisationName"": ""The College of West Anglia""}",123941,exact_unique
21fc328dc4b732f23ecefff52200ba51b6ee8d24834065c891b61817c4878b6b,"{""route"": ""Worker"", ""county"": """", ""region"": """", ""industry"": ""Technology"", ""subRoute"": ""Skilled Worker"", ""townCity"": ""Reading"", ""organisationName"": ""Black Box Network Services (UK) Limited""}",17575,exact_unique
220b20217f22cd023f97fc95a07f40d9180572da65d2afde3095c7571fec391d,"{""route"": ""Worker"", ""county"": ""Fifw"", ""region"": """", ""industry"": ""Healthcare"", ""subRoute"": ""Skilled Worker"", ""townCity"": ""Lochgelly"", ""organisationName"": ""Dears Pharmacy & Travel Clinic""}",33489,exact_unique
2211fe0ebf2e141a2b46c70ffa755c2e123ef1f456147997fd033fa29dafab50,"{""route"": ""Worker"", ""county"": """", ""region"": """", ""industry"": ""Construction"", ""subRoute"": ""Skilled Worker"", ""townCity"": ""London"", ""organisationName"": ""ELYSIUM CONSTRUCTION LTD""}",39977,exact_unique
222c867f0a1dec3b4557611f91804eb536bb2ad56e2c5d96e16500c08b01af72,"{""route"": ""Worker"", ""county"": """", ""region"": """", ""industry"": ""Other"", ""subRoute"": ""Skilled Worker"", ""townCity"": ""Slough"", ""organisationName"": ""ADUT Limited T/A Chaiiwala""}",147525,exact_unique
2246dffb4e2deea4b0d9bc75a6cc0faba5a87770f2895e3b8cdb7d59d4329738,"{""route"": ""Worker"", ""county"": ""Warwickshire"", ""region"": ""West Midlands"", ""industry"": ""Other"", ""subRoute"": ""Skilled Worker"", ""townCity"": ""Nuneaton"", ""organisationName"": ""Blue Springs Social Care Ltd""}",18181,exact_unique
225308234f9c7f04673048fb262649c857a2f45397b123cdc289d199f62d68c8,"{""route"": ""Worker"", ""county"": """", ""region"": """", ""industry"": ""Other"", ""subRoute"": ""Skilled Worker"", ""townCity"": ""Bristol"", ""organisationName"": ""105 West Architects Ltd""}",143784,exact_unique
226478121c6750739018302f9d3826df53789560daaf95576b78ede0d952feb6,"{""route"": ""Worker"", ""county"": ""County"", ""region"": """", ""industry"": ""Engineering"", ""subRoute"": ""Skilled Worker"", ""townCity"": ""Aberdeen"", ""organisationName"": ""LifeTech Engineering Ltd""}",72231,exact_unique
22677c9b13b707f90f3868f644838ffaf2e2a201eff88c02dbc5d8717e9bfa6c,"{""route"": ""Worker"", ""county"": """", ""region"": """", ""industry"": ""Other"", ""subRoute"": ""Skilled Worker"", ""townCity"": ""London"", ""organisationName"": ""ADVANCED BROADCAST SERVICES LIMITED""}",147570,exact_unique
2268a517cf9fcdcd4275ff3bf285454eb930acad7f79ab8ddbeb42e6c965b559,"{""route"": ""Worker"", ""county"": ""London"", ""region"": ""London"", ""industry"": ""Education"", ""subRoute"": ""Skilled Worker"", ""townCity"": ""Forest Hill"", ""organisationName"": ""Faith Montessori Nursery Ltd""}",43455,exact_unique
22969c36eb9cb1b7992915403ba8a906431dd64dcf7526e3d7fd5a0841d0dd61,"{""route"": ""Worker"", ""county"": """", ""region"": """", ""industry"": ""Technology"", ""subRoute"": ""Skilled Worker"", ""townCity"": ""B radford"", ""organisationName"": ""Infosys Tech Solutions Ltd""}",60852,exact_unique
229715882ad3ca197003ae4f24f82da73c96a896f43b206fd8601561ca2b0963,"{""route"": ""Worker"", ""county"": ""Essex"", ""region"": ""East of England"", ""industry"": ""Other"", ""subRoute"": ""Skilled Worker"", ""townCity"": ""Epping"", ""organisationName"": ""3R EPOS LIMITED""}",144268,exact_unique
2297b41dcc09cdb2dd27059a1f80ad60a05ee4074dc1a4768a3f6816df883adc,"{""route"": ""Worker"", ""county"": ""EAST SUSSEX"", ""region"": ""South East"", ""industry"": ""Healthcare"", ""subRoute"": ""Skilled Worker"", ""townCity"": ""BATTLE"", ""organisationName"": ""ANGEL HEALTHCARE LTD""}",152011,exact_unique
229d007b02d2aef60ce093ad5f9c6f896b881fb9b2f929c9c038d07537a782eb,"{""route"": ""Worker"", ""county"": ""England"", ""region"": """", ""industry"": ""Construction"", ""subRoute"": ""Skilled Worker"", ""townCity"": ""LONDON"", ""organisationName"": ""LONDON GLOBAL BUSINESS SCHOOL LTD""}",73738,exact_unique
22a86fb9ace830c4081fd2ab75cdd7eabb5ea0945786ea9fc3dda50de573063d,"{""route"": ""Worker"", ""county"": ""Buckinghamshire"", ""region"": ""South East"", ""industry"": ""Public Services"", ""subRoute"": ""Skilled Worker"", ""townCity"": ""Aylesbury"", ""organisationName"": ""Buckinghamshire Healthcare NHS Trust""}",21041,exact_unique
22be44a577598940746a3fcd230f2d3b43c28fd1ee58287ec07ccd910c022885,"{""route"": ""Worker"", ""county"": ""Solihull"", ""region"": """", ""industry"": ""Other"", ""subRoute"": ""Skilled Worker"", ""townCity"": ""Knowle"", ""organisationName"": ""Physio & Health Matters Ltd""}",95110,exact_unique
22d702948c2a96ab8ef2675e50ad608c4e91c678701640bb1ccc8681bfdc1def,"{""route"": ""Worker"", ""county"": ""West Sussex"", ""region"": ""South East"", ""industry"": ""Finance"", ""subRoute"": ""Skilled Worker"", ""townCity"": ""Crawley"", ""organisationName"": ""Redstone Insurance Brokers Ltd""}",102229,exact_unique
22d728bb9dd027a3fd830f7aad11b4ae9cf8e63a790801d8b5dbd06bbc9152b4,"{""route"": ""Worker"", ""county"": """", ""region"": """", ""industry"": ""Other"", ""subRoute"": ""Skilled Worker"", ""townCity"": ""London"", ""organisationName"": ""London Christian School Ltd""}",73629,exact_unique
22e12e42386fdacc527f8254caa327bd5bcb718438b4202cf1448303edb1b772,"{""route"": ""Worker"", ""county"": """", ""region"": """", ""industry"": ""Education"", ""subRoute"": ""Skilled Worker"", ""townCity"": ""London"", ""organisationName"": ""Colville Primary School""}",28678,exact_unique
2314f69edb02b620fe69d2afca21da9f20aa9a1bba455ef7cbb2bd15cbba7df3,"{""route"": ""Worker"", ""county"": """", ""region"": """", ""industry"": ""Healthcare"", ""subRoute"": ""Skilled Worker"", ""townCity"": ""Swansea"", ""organisationName"": ""FOREVER KIN HEALTHCARE LTD""}",46173,exact_unique
232212281dc72eef6e8f0628be8694a857d50f40130b9a7afdaf472c61b98c17,"{""route"": ""Worker"", ""county"": """", ""region"": """", ""industry"": ""Healthcare"", ""subRoute"": ""Skilled Worker"", ""townCity"": ""Bradford"", ""organisationName"": ""Certus Healthcare Limited""}",24878,exact_unique
233f91af5cfe63c20d7c4b58d08025a26cafe2eee92866466bc94803cddf8353,"{""route"": ""Worker"", ""county"": """", ""region"": """", ""industry"": ""Social Care"", ""subRoute"": ""Skilled Worker"", ""townCity"": ""Wakefield"", ""organisationName"": ""Alhambra Care Limited T/A Elm Lodge Residential Care Home""}",149913,exact_unique
2341cf8f1fa8de1a7fd6f9badacb0b6fe09cba269653e92292f16150039cb01d,"{""route"": ""Worker"", ""county"": """", ""region"": """", ""industry"": ""Other"", ""subRoute"": ""Skilled Worker"", ""townCity"": ""London"", ""organisationName"": ""ALUMAN SYSTEMS UK LIMITED""}",150895,exact_unique
234d9c9625676733dad9a0f901701ca12ff8c7fac74822ea01870083728ae4c2,"{""route"": ""Worker"", ""county"": """", ""region"": """", ""industry"": ""Technology"", ""subRoute"": ""Skilled Worker"", ""townCity"": ""Solihull"", ""organisationName"": ""TELA TECHNOLOGY LIMITED""}",122414,exact_unique
237b308eb5452c8b8e28eb99802f5b3e73e812b54236bed4f5d2e68195222e23,"{""route"": ""Worker"", ""county"": """", ""region"": """", ""industry"": ""Other"", ""subRoute"": ""Skilled Worker"", ""townCity"": ""London"", ""organisationName"": ""012 Global Ltd""}",143733,exact_unique
23878e30588098388230177ec5148610ed6063825eece4a4b30b2111a422ec60,"{""route"": ""Worker"", ""county"": """", ""region"": """", ""industry"": ""Finance"", ""subRoute"": ""Skilled Worker"", ""townCity"": ""London"", ""organisationName"": ""Shanghai Asian Insurance Brokers (UK) Limited""}",110513,exact_unique
23947ee29c3a69d3044d6dd78d71f3181014a5de04fbaccfb475b57f366c3372,"{""route"": ""Worker"", ""county"": """", ""region"": """", ""industry"": ""Other"", ""subRoute"": ""Skilled Worker"", ""townCity"": ""Luton"", ""organisationName"": ""A & S food Store""}",144693,exact_unique
23a011fdc59f99746fc800d86fd9cabd46a6eabe9bfc177591474eb450698de7,"{""route"": ""Worker"", ""county"": ""Essex"", ""region"": ""East of England"", ""industry"": ""Education"", ""subRoute"": ""Skilled Worker"", ""townCity"": ""Benfleet"", ""organisationName"": ""Zenith Multi Academy Trust""}",141054,exact_unique
23a098862a4fe5cc6195da7c62f343a50c5aab78ecd2e6aefa5fce084a115117,"{""route"": ""Worker"", ""county"": """", ""region"": """", ""industry"": ""Other"", ""subRoute"": ""Skilled Worker"", ""townCity"": ""Peterborough"", ""organisationName"": ""BAP Medical UK Limited""}",154055,exact_unique
23a39294373df6cf990c7d214f2c50e3ac55d51a7f32141a0b875983c4d3e228,"{""route"": ""Worker"", ""county"": ""Devon"", ""region"": ""South West"", ""industry"": ""Social Care"", ""subRoute"": ""Skilled Worker"", ""townCity"": ""Ashburton"", ""organisationName"": ""Ashburton House Care Home Ltd""}",10951,exact_unique
23db5e7f0a51a21b376c91777aba25c060e94316540a09802c4347eec59c5961,"{""route"": ""Worker"", ""county"": """", ""region"": """", ""industry"": ""Other"", ""subRoute"": ""Skilled Worker"", ""townCity"": ""Torquay"", ""organisationName"": ""BLISS CARE TORQUAY LIMITED""}",17893,exact_unique
240df77b9ed45528d621852741df442a6616475943c49ecfbc1ab202447a1dcd,"{""route"": ""Worker"", ""county"": ""Cumbria"", ""region"": ""North West"", ""industry"": ""Engineering"", ""subRoute"": ""Skilled Worker"", ""townCity"": ""Whitehaven"", ""organisationName"": ""Co Lab Engineering Limited""}",28152,exact_unique
2414acbc648091715d8125406d3f7a7faa4d5fc4bd4e4e43eb7de0083c8bd56a,"{""route"": ""Worker"", ""county"": """", ""region"": """", ""industry"": ""Social Care"", ""subRoute"": ""Skilled Worker"", ""townCity"": ""Kings Langley"", ""organisationName"": ""Munnelly Support Services Limited""}",84040,exact_unique
242c4e31981e2280d1cf8175463155205b46e0e136f854abcf05f5067da89879,"{""route"": ""Worker"", ""county"": """", ""region"": """", ""industry"": ""Finance"", ""subRoute"": ""Skilled Worker"", ""townCity"": ""London"", ""organisationName"": ""Notting Hill Finance Limited""}",88459,exact_unique
242d35d0459b8e6c90d46ab79440c81033a9eb491259359f6910d91ac71a152f,"{""route"": ""Worker"", ""county"": ""Hampshire"", ""region"": ""South East"", ""industry"": ""Social Care"", ""subRoute"": ""Skilled Worker"", ""townCity"": ""Portsmouth"", ""organisationName"": ""Alexandra Rose Residential Care Home""}",149822,exact_unique
243d10511721876734e3e4754afe00542204898aad136dcf06e5ac11e7566eea,"{""route"": ""Worker"", ""county"": """", ""region"": """", ""industry"": ""Construction"", ""subRoute"": ""Skilled Worker"", ""townCity"": ""Chatham"", ""organisationName"": ""JWW CONSTRUCTION LTD""}",65913,exact_unique
243e7d3ff44d68f3da6f25ea83e4732fa0c1e95b30eaa8463972ec7527c90da5,"{""route"": ""Worker"", ""county"": """", ""region"": """", ""industry"": ""Other"", ""subRoute"": ""Skilled Worker"", ""townCity"": ""London"", ""organisationName"": ""B&B News""}",13467,exact_unique
24471fbd5dfee3a039f4ca491be956b721bf692cbedd59904e5e0f3404fa7a9f,"{""route"": ""Worker"", ""county"": ""HAMPSHIRE"", ""region"": ""South East"", ""industry"": ""Other"", ""subRoute"": ""Skilled Worker"", ""townCity"": ""SOUTHAMPTON"", ""organisationName"": ""CANTELL School""}",22770,exact_unique
2453232b54921ba6d76acc574818697fbc71084b8c8b293a6fe33a9d43dc9db1,"{""route"": ""Worker"", ""county"": ""State/Region"", ""region"": """", ""industry"": ""Education"", ""subRoute"": ""Skilled Worker"", ""townCity"": ""london"", ""organisationName"": ""Sunrise Community Nursery""}",143271,exact_unique
245647e30054915130b03c013ef8bef131acf7309a73671885399bde8d86c5b0,"{""route"": ""Worker"", ""county"": ""Cheshire"", ""region"": ""North West"", ""industry"": ""Education"", ""subRoute"": ""Skilled Worker"", ""townCity"": ""MACCLESFIELD"", ""organisationName"": ""Macclesfield Day Nursery""}",75656,exact_unique
2469501face9458e390e7fcd00dbfe4adeb7ba747144685b8b0ddfc02944f26d,"{""route"": ""Worker"", ""county"": ""Somerset"", ""region"": ""South West"", ""industry"": ""Social Care"", ""subRoute"": ""Skilled Worker"", ""townCity"": ""Yeovil"", ""organisationName"": ""Enable Support Services LTd""}",40378,exact_unique
24853ba947fcf3e47fa081c61da8396f3790b7337f07cf4fe5693ef225352115,"{""route"": ""Worker"", ""county"": """", ""region"": """", ""industry"": ""Other"", ""subRoute"": ""Skilled Worker"", ""townCity"": ""London"", ""organisationName"": ""AS SUBAH TRUST""}",10710,exact_unique
248d935f36fedb7fb0f340f2efbd9236763767650220a487602b80a861c933dc,"{""route"": ""Worker"", ""county"": """", ""region"": """", ""industry"": ""Hospitality"", ""subRoute"": ""Skilled Worker"", ""townCity"": ""Wolverhampton"", ""organisationName"": ""A Park View Hotel""}",144884,exact_unique
249e9011d5251e1607b605439e5a923e475e729c2af861621758e01e3d4b1327,"{""route"": ""Worker"", ""county"": """", ""region"": """", ""industry"": ""Other"", ""subRoute"": ""Skilled Worker"", ""townCity"": ""England"", ""organisationName"": ""ADAMS & CO UK LTD""}",147165,exact_unique
24a62396577db66dc031c4c4f489f6e774fd0deb0bd5b4a460f578a62db16cfb,"{""route"": ""Worker"", ""county"": """", ""region"": """", ""industry"": ""Other"", ""subRoute"": ""Skilled Worker"", ""townCity"": ""Bristol"", ""organisationName"": ""AA ACCOUNTANTS (UK) LTD""}",145364,exact_unique
24ad272935f2076ae9bfc333ce61aa0e0342c28cf84d549215225d5e379f71e2,"{""route"": ""Worker"", ""county"": """", ""region"": """", ""industry"": ""Finance"", ""subRoute"": ""Skilled Worker"", ""townCity"": ""Rugby"", ""organisationName"": ""VISIBILITY ASSET MANAGEMENT LIMITED""}",134727,exact_unique
24b8c8d49f23a51f67674b1352f8109fcb703e67069143dc66d2012fad92dfcf,"{""route"": ""Worker"", ""county"": """", ""region"": """", ""industry"": ""Other"", ""subRoute"": ""Skilled Worker"", ""townCity"": ""Northwood"", ""organisationName"": ""Mindglow Solutions Ltd""}",80855,exact_unique
24c426a123741c19a1ccf2a317e4a2fec266d6a759f1b244404fb177f3185a35,"{""route"": ""Worker"", ""county"": """", ""region"": """", ""industry"": ""Healthcare"", ""subRoute"": ""Skilled Worker"", ""townCity"": ""Sudbury"", ""organisationName"": ""Friars Street Dental Ltd""}",47078,exact_unique
24d8fa5d51854e8a2c01f57a1098cb0fc930007103dd19fe2767ea6b0910dc9f,"{""route"": ""Worker"", ""county"": ""Westminster"", ""region"": """", ""industry"": ""Other"", ""subRoute"": ""Skilled Worker"", ""townCity"": ""London"", ""organisationName"": ""Reliant Mining UK Ltd""}",102605,exact_unique
24e3cec83e8c6dccdbc770561bd65a7d127d0efe1da45d972ad8bd17f685f145,"{""route"": ""Worker"", ""county"": ""East Sussex"", ""region"": ""South East"", ""industry"": ""Other"", ""subRoute"": ""Skilled Worker"", ""townCity"": ""Uckfield"", ""organisationName"": ""Phoenix Health Hub Ltd""}",142586,exact_unique
2522a5ae25b698a122dd0a8dfb292bb4c95921eadafb572e62ffadc7478e07ab,"{""route"": ""Worker"", ""county"": """", ""region"": """", ""industry"": ""Construction"", ""subRoute"": ""Skilled Worker"", ""townCity"": ""Slough"", ""organisationName"": ""INNOVATIONS BUILDING SERVICES LTD""}",155571,exact_unique
2526c103ff551971171847f8de322a4a8a124feb273c3285535c6fb2f8440365,"{""route"": ""Worker"", ""county"": """", ""region"": """", ""industry"": ""Healthcare"", ""subRoute"": ""Skilled Worker"", ""townCity"": ""Halifax"", ""organisationName"": ""HALIFAX HEALTHCARE LTD""}",53728,exact_unique
2556a4d306f4dcbd30e9ccef8dcc045c9249cf8467b1bbe122e6d3877db9cdf7,"{""route"": ""Worker"", ""county"": ""Yorkshire"", ""region"": ""Yorkshire and the Humber"", ""industry"": ""Other"", ""subRoute"": ""Skilled Worker"", ""townCity"": ""Hull"", ""organisationName"": ""Padoo Health LTD""}",92362,exact_unique
25683d8e282e52603009360d1bcfff071b03eb7855582ecc6650ea5b97f4f3dd,"{""route"": ""Worker"", ""county"": """", ""region"": """", ""industry"": ""Manufacturing"", ""subRoute"": ""Skilled Worker"", ""townCity"": ""Hemel Hempstead"", ""organisationName"": ""Alan Anderson Manufacturing Ltd""}",149472,exact_unique
258478becbe85e128473b01c762117c2ae26125f9ac1f3a3cb17adc553a0f52f,"{""route"": ""Worker"", ""county"": """", ""region"": """", ""industry"": ""Technology"", ""subRoute"": ""Skilled Worker"", ""townCity"": ""Surrey"", ""organisationName"": ""Sharad Tech Ltd""}",110587,exact_unique
2597a8aa00f48c1660940eb1303e3181611160197788e797e390d686bdbf3943,"{""route"": ""Worker"", ""county"": ""England"", ""region"": """", ""industry"": ""Other"", ""subRoute"": ""Skilled Worker"", ""townCity"": ""London"", ""organisationName"": ""3i Infotech (UK) Limited""}",144247,exact_unique
25b532c6880410f99331d20d8aa3ce7bbdb4a01f2c51b2897faeccda0a8ebb73,"{""route"": ""Worker"", ""county"": """", ""region"": """", ""industry"": ""Healthcare"", ""subRoute"": ""Skilled Worker"", ""townCity"": ""London"", ""organisationName"": ""Kingsmead Healthcare""}",68317,exact_unique
25ba87cfa40a84808436703fc9ea4b82a574d68cefc0c8034a7d0b3a32ad7cda,"{""route"": ""Worker"", ""county"": """", ""region"": """", ""industry"": ""Other"", ""subRoute"": ""Skilled Worker"", ""townCity"": ""London"", ""organisationName"": ""Redeeming Features""}",102150,exact_unique
25be4f8eda672acc123c3a3c52cc354200175bbd130f936f77d22507a7282d70,"{""route"": ""Worker"", ""county"": """", ""region"": """", ""industry"": ""Social Care"", ""subRoute"": ""Skilled Worker"", ""townCity"": ""Leicester"", ""organisationName"": ""Helping Hand Care Home Limited T/A Goodwood Orchard Care Home""}",55751,exact_unique
25becb03b062a34247dad4512c9ac87e2dfd3b5edbfbbee2d5ebb9ea817ef192,"{""route"": ""Worker"", ""county"": """", ""region"": """", ""industry"": ""Other"", ""subRoute"": ""Skilled Worker"", ""townCity"": ""Failsworth"", ""organisationName"": ""OPTIMUM HEALTH & LIFE CARE LTD""}",90948,exact_unique
25c147b01627a1c31efca441ec976fc24417ad5c64a294c49502ded4b810de98,"{""route"": ""Worker"", ""county"": ""Middlesex"", ""region"": """", ""industry"": ""Social Care"", ""subRoute"": ""Skilled Worker"", ""townCity"": ""Ruislip"", ""organisationName"": ""Poplars Care Home t/as APPCOURT LIMITED""}",96507,exact_unique
25dfad8bfbab38a2f1f9fb9fcce20aab6fbcef1114b104b99ce408d018880e5f,"{""route"": ""Worker"", ""county"": """", ""region"": """", ""industry"": ""Other"", ""subRoute"": ""Skilled Worker"", ""townCity"": ""Belfast"", ""organisationName"": ""McFarland Consulting Ltd""}",78588,exact_unique
25f1705d8750d44e5dff1b4a5a33b9098aeead4fe356d9d65fcdb205ef502ebe,"{""route"": ""Worker"", ""county"": ""ARMAGH"", ""region"": ""Northern Ireland"", ""industry"": ""Manufacturing"", ""subRoute"": ""Skilled Worker"", ""townCity"": ""CRAIGAVON"", ""organisationName"": ""JMC PACKAGING LTD""}",64896,exact_unique
25ff038fb447b14d3383df596c4aecded02b23b5488605ba0d575d064a816c18,"{""route"": ""Worker"", ""county"": ""United Kingdom"", ""region"": """", ""industry"": ""Other"", ""subRoute"": ""Skilled Worker"", ""townCity"": ""Southend on Sea"", ""organisationName"": ""Alpha Health& Care Services Ltd""}",150596,exact_unique
262450b83ab571070ffa8ec78c86f408240f22c89cc6ce55ce177745c659f8dd,"{""route"": ""Worker"", ""county"": ""Berkshire"", ""region"": ""South East"", ""industry"": ""Other"", ""subRoute"": ""Skilled Worker"", ""townCity"": ""Slough"", ""organisationName"": ""ADDITIONS PLUS LTD""}",147255,exact_unique
263002b7be1e47184b09bf6874871ebf296da1c84a9ea19555b9cb81c53e1797,"{""route"": ""Worker"", ""county"": """", ""region"": """", ""industry"": ""Education"", ""subRoute"": ""Skilled Worker"", ""townCity"": ""London"", ""organisationName"": ""SACRED HEART HIGH SCHOOL HAMMERSMITH""}",106672,exact_unique
2632a88d6c61f05999d87b6272f978d1c54b5c460d774cefc3e5ff9aee8c7c70,"{""route"": ""Worker"", ""county"": """", ""region"": """", ""industry"": ""Social Care"", ""subRoute"": ""Skilled Worker"", ""townCity"": ""LIVERPOOL"", ""organisationName"": ""CHRISTOPHER GRANGE LTD T/A CHRISTOPHER GRANGE RESIDENTIAL CARE & CHRISTOPHER GRANGE RHONA HOUSE""}",26542,exact_unique
2636a17715ed8db1c8e30748711034ac2f9b12c9fa46ee1150fe9c5a029c58a4,"{""route"": ""Worker"", ""county"": """", ""region"": """", ""industry"": ""Other"", ""subRoute"": ""Skilled Worker"", ""townCity"": ""Birmingham"", ""organisationName"": ""4PS Construction Solutions Limited""}",144386,exact_unique
26443c0aba66607b208af7210f12409d898630678875662aa6a772af5401213a,"{""route"": ""Worker"", ""county"": """", ""region"": """", ""industry"": ""Other"", ""subRoute"": ""Skilled Worker"", ""townCity"": ""Dewsbury"", ""organisationName"": ""Al Fahad Foods Ltd""}",149225,exact_unique
26566a6b27ae805cf7fc9debc673d21f245216c98b5cf71979063b4619f06565,"{""route"": ""Worker"", ""county"": """", ""region"": """", ""industry"": ""Finance"", ""subRoute"": ""Skilled Worker"", ""townCity"": ""Edinburgh"", ""organisationName"": ""Hampden & Co plc (trading as Hampden Bank)""}",142157,exact_unique
2662f3d4c3f057f6f2854cfa505478e0bcd32180d9d5cfded3790ce7cdce0159,"{""route"": ""Worker"", ""county"": """", ""region"": """", ""industry"": ""Finance"", ""subRoute"": ""Skilled Worker"", ""townCity"": ""Belfast"", ""organisationName"": ""Northern Bank Limited""}",88219,exact_unique
266ed93ef34282ae1725a54201748e02973ae3bb15ef31f0fde72ffe9567e180,"{""route"": ""Worker"", ""county"": ""Kent"", ""region"": ""South East"", ""industry"": ""Social Care"", ""subRoute"": ""Skilled Worker"", ""townCity"": ""Strood"", ""organisationName"": ""Anchor Support Services Ltd""}",153657,exact_unique
26751b5b3f5449c9c8510370bc9200e1e2967e4ec71cebfc9869404fbf2deea8,"{""route"": ""Worker"", ""county"": ""Merseyside"", ""region"": ""North West"", ""industry"": ""Social Care"", ""subRoute"": ""Skilled Worker"", ""townCity"": ""St.Helens"", ""organisationName"": ""Aymaan Limited T/A Parr Care Home""}",13209,exact_unique
26a0c254eb1a95c4eb8f51f860f847a305471aeb808fd32b4bb7c1b3c74891e7,"{""route"": ""Worker"", ""county"": ""Berkshire"", ""region"": ""South East"", ""industry"": ""Technology"", ""subRoute"": ""Skilled Worker"", ""townCity"": ""Newbury"", ""organisationName"": ""Newbury College""}",86533,exact_unique
26ca3aebe6698a739d5e0fccf511811c3b414a42e628334b6e0964edd58c63de,"{""route"": ""Worker"", ""county"": """", ""region"": """", ""industry"": ""Healthcare"", ""subRoute"": ""Skilled Worker"", ""townCity"": ""London"", ""organisationName"": ""Cosmetic Dental Laboratory Ltd""}",30205,exact_unique
26f11fdfcaec5215684643d6fcb6e39c07235df699a462d8a3ce141b0df111c5,"{""route"": ""Worker"", ""county"": """", ""region"": """", ""industry"": ""Healthcare"", ""subRoute"": ""Skilled Worker"", ""townCity"": ""Birmingham"", ""organisationName"": ""Este Medical Group Ltd""}",41667,exact_unique
26fa0ad2940745f348bae3cc4c2ca02b8271f27c88c8e9ee49097aafd377eb88,"{""route"": ""Worker"", ""county"": """", ""region"": """", ""industry"": ""Healthcare"", ""subRoute"": ""Skilled Worker"", ""townCity"": ""Dartford"", ""organisationName"": ""Butt & Hobbs Limited t/a Hobbs Pharmacy""}",21544,exact_unique
2701cb8f445dfdd797d6361f5b3bcbcff014d537f5dee4095e82fd64b906a874,"{""route"": ""Worker"", ""county"": ""West Midlands"", ""region"": ""West Midlands"", ""industry"": ""Healthcare"", ""subRoute"": ""Skilled Worker"", ""townCity"": ""Cradley Heath"", ""organisationName"": ""Bhandal Dental Practices""}",16689,exact_unique
272686b39cde2a9d584a2d85f7fe133e937f4d67badda279b1c6f50a1e8ec80d,"{""route"": ""Worker"", ""county"": """", ""region"": """", ""industry"": ""Transport"", ""subRoute"": ""Skilled Worker"", ""townCity"": ""Hounslow"", ""organisationName"": ""M Group Transport (Rail and Aviation)""}",75198,exact_unique
272d4a4df792102d3b1ad11357b2604715abe604cb0a979f0a3a56c9106f4c83,"{""route"": ""Worker"", ""county"": """", ""region"": """", ""industry"": ""Technology"", ""subRoute"": ""Skilled Worker"", ""townCity"": ""Warwick"", ""organisationName"": ""Mundo Livre Digital Ltd""}",84029,exact_unique
27444831fb38572db29c2d7b2807ed05d9fc65ad0a558aa1cd63054d10012036,"{""route"": ""Worker"", ""county"": """", ""region"": """", ""industry"": ""Technology"", ""subRoute"": ""Skilled Worker"", ""townCity"": ""London"", ""organisationName"": ""Homey Technology Ltd""}",57559,exact_unique
2753f07894d411a1c16521a5dcd88827cab9ee34687817e50897a36c16c4fcd1,"{""route"": ""Worker"", ""county"": """", ""region"": """", ""industry"": ""Engineering"", ""subRoute"": ""Skilled Worker"", ""townCity"": ""York"", ""organisationName"": ""Byland Engineering Limited""}",21692,exact_unique
27560cf3901e12820a4c69a045472d8eafcd11a5bcf85f5fb1b3eba8b7527832,"{""route"": ""Worker"", ""county"": """", ""region"": """", ""industry"": ""Education"", ""subRoute"": ""Skilled Worker"", ""townCity"": ""London"", ""organisationName"": ""Queens Park Community School Academy Trust""}",99808,exact_unique
27579d5425da45329c014e4e2cd33b73e6c1066f93bc3914a80e6eda898adfee,"{""route"": ""Worker"", ""county"": ""Buckinghamshire"", ""region"": ""South East"", ""industry"": ""Healthcare"", ""subRoute"": ""Skilled Worker"", ""townCity"": ""Milton Keynes"", ""organisationName"": ""Obsidian Healthcare Group""}",89478,exact_unique
2758c1e272faf2771087e7ce7c83f02ea6ccb53aba739c914d7d8ceb51603612,"{""route"": ""Worker"", ""county"": ""Oxfordshire"", ""region"": ""South East"", ""industry"": ""Other"", ""subRoute"": ""Skilled Worker"", ""townCity"": ""Witney"", ""organisationName"": ""3Keel Group Ltd""}",144256,exact_unique
275b1c9ad85689ed74f96959f4026b14a46852c47b26ecc1948fe26ee90bd9e7,"{""route"": ""Worker"", ""county"": ""Essex"", ""region"": ""East of England"", ""industry"": ""Other"", ""subRoute"": ""Skilled Worker"", ""townCity"": ""Woodford Green"", ""organisationName"": ""Level Health (UK) Ltd""}",71832,exact_unique
276a89ccdd4739644b66a6492d9b883c74baced0761de3d0503f2e722fa0755f,"{""route"": ""Worker"", ""county"": """", ""region"": """", ""industry"": ""Healthcare"", ""subRoute"": ""Skilled Worker"", ""townCity"": ""London"", ""organisationName"": ""BAE Healthcare Limited""}",13773,exact_unique
2772288a3c781190ecd332f66a958365f7fd7c05ad8a089c42dec28b1117aa0e,"{""route"": ""Worker"", ""county"": """", ""region"": """", ""industry"": """", ""subRoute"": ""Skilled Worker"", ""townCity"": ""London"", ""organisationName"": ""SCL Advisory Limited""}",155161,exact_unique
27802be2c3489fc43212eef5df97b1825d6a431d905cea360e2f7f373bff4165,"{""route"": ""Worker"", ""county"": """", ""region"": """", ""industry"": ""Other"", ""subRoute"": ""Skilled Worker"", ""townCity"": ""Wolverhampton"", ""organisationName"": ""Savvy Marketing, PR and Growth Ltd""}",108398,exact_unique
27a52c5881690c8120d39c4e632e58a3e05a544c07cabff6e1782aba968b8b2d,"{""route"": ""Worker"", ""county"": ""Shropshire"", ""region"": ""West Midlands"", ""industry"": ""Social Care"", ""subRoute"": ""Skilled Worker"", ""townCity"": ""Telford"", ""organisationName"": ""Woodhall Support Services Ltd""}",138725,exact_unique
27a5687310299c90d2f98aab1229b1203507628a787e68d1df4f11ea80384b35,"{""route"": ""Worker"", ""county"": ""Cheshire"", ""region"": ""North West"", ""industry"": ""Engineering"", ""subRoute"": ""Skilled Worker"", ""townCity"": ""Knutsford"", ""organisationName"": ""Cummins Civil Engineering Ltd""}",31734,exact_unique
27b262be106b39ee8915e3d8fcbd47f7163d1b54854bd70a71aa6036da608bfb,"{""route"": ""Worker"", ""county"": """", ""region"": """", ""industry"": ""Retail"", ""subRoute"": ""Skilled Worker"", ""townCity"": ""PLYMOUTH"", ""organisationName"": ""PR SUPERMARKET LTD T/A COSTCUTTER""}",96936,exact_unique
27c7aad4f90c90c8e3cf6b0a50dde9879373383d13c25294de48781649441add,"{""route"": ""Worker"", ""county"": """", ""region"": """", ""industry"": ""Technology"", ""subRoute"": ""Skilled Worker"", ""townCity"": ""London"", ""organisationName"": ""BB2 Digital and Technology Services Ltd""}",15020,exact_unique
27d272925804d865a15bb201279f427b3f7c2fe218e5a73dd8b6e8875f6a7a50,"{""route"": ""Worker"", ""county"": ""Kent"", ""region"": ""South East"", ""industry"": ""Healthcare"", ""subRoute"": ""Skilled Worker"", ""townCity"": ""Chatham"", ""organisationName"": ""Bumade Healthcare Services Ltd""}",21217,exact_unique
27dc6ed18e31583d25e1212921f51e25aa79845cd8b92404e6064d7b8db29f69,"{""route"": ""Worker"", ""county"": """", ""region"": """", ""industry"": ""Other"", ""subRoute"": ""Skilled Worker"", ""townCity"": ""Chorley"", ""organisationName"": ""ABS""}",146206,exact_unique
27e2a19c13042ff1c775512439c132855d11f94af7ea81e9c7c8170fe88fc094,"{""route"": ""Worker"", ""county"": """", ""region"": """", ""industry"": ""Education"", ""subRoute"": ""Skilled Worker"", ""townCity"": ""Brentwood"", ""organisationName"": ""Shenfield High School""}",110861,exact_unique
27f38a78c04360977add8cbfd5b06d59de0eb042e60dd3b15b7c8c427af8596c,"{""route"": ""Worker"", ""county"": """", ""region"": """", ""industry"": ""Healthcare"", ""subRoute"": ""Skilled Worker"", ""townCity"": ""Hertfordshire"", ""organisationName"": ""Alliance Dental Care Limited""}",150305,exact_unique
27f6deb1cd1cb719fea81bcc8fd975ba254eddff08e81b27616129a7008b4f86,"{""route"": ""Worker"", ""county"": """", ""region"": """", ""industry"": ""Other"", ""subRoute"": ""Skilled Worker"", ""townCity"": ""Hull"", ""organisationName"": ""AA AUTOS MIDILANDS LTD""}",145370,exact_unique
28081c0ab8b32bc12f6ce99e55196df1a22776f202f9cd659ed9aa8f3b5c15c1,"{""route"": ""Worker"", ""county"": """", ""region"": """", ""industry"": ""Healthcare"", ""subRoute"": ""Skilled Worker"", ""townCity"": ""Oldham"", ""organisationName"": ""Hope Citadel Healthcare CIC""}",57676,exact_unique
2821a660cb27e47fd8df294afb720468f2832c5c8d53a0efdd043ffe47de4f50,"{""route"": ""Worker"", ""county"": """", ""region"": """", ""industry"": ""Technology"", ""subRoute"": ""Skilled Worker"", ""townCity"": ""Leeds"", ""organisationName"": ""Proventus (UK) Ltd""}",98610,exact_unique
2824722e9ce2f3311baa9477d4b3a2769e7cce04feef6bbea080fb09d975024e,"{""route"": ""Worker"", ""county"": """", ""region"": """", ""industry"": ""Other"", ""subRoute"": ""Global Business Mobility: UK Expansion Worker"", ""townCity"": ""ENGLAND"", ""organisationName"": ""ADVANCED TECHNOLOGY FOR INFORMATION SYSTEMS SOLUTIONS UK LIMITED (15373821)""}",147634,exact_unique
2850a58470984647aea4182cf0984e70dff498875426ed905b9afa9d9c207389,"{""route"": ""Worker"", ""county"": """", ""region"": """", ""industry"": ""Healthcare"", ""subRoute"": ""Skilled Worker"", ""townCity"": ""Manchester"", ""organisationName"": ""Care+ Medicines Limited T/ A Wilmslow Road Pharmacy - Chemists & Health Clinic""}",23397,exact_unique
285198a7a9a1e28d0874ab2240459f38391897918b888e32c6b7eb8c71db79b7,"{""route"": ""Worker"", ""county"": """", ""region"": """", ""industry"": ""Other"", ""subRoute"": ""Skilled Worker"", ""townCity"": ""London"", ""organisationName"": ""Nana's Cafe Limited""}",84895,exact_unique
286e463ad2bf2fd31870e2a6c21157b89d1f5076fa1be2017040baecbeee117b,"{""route"": ""Worker"", ""county"": """", ""region"": """", ""industry"": ""Education"", ""subRoute"": ""Skilled Worker"", ""townCity"": ""London"", ""organisationName"": ""University Schools Trust""}",132433,exact_unique
28727e0934c780ffe36e3ac3b7ae9a79d9d8ccc94ac0112db7c65fd8c1bf8ad1,"{""route"": ""Worker"", ""county"": ""West Midlands"", ""region"": ""West Midlands"", ""industry"": ""Technology"", ""subRoute"": ""Skilled Worker"", ""townCity"": ""Solihull"", ""organisationName"": ""Vibha Technology Ltd""}",134167,exact_unique
287bd7e0f58f18d444611e82590ddfb924950db3a0793dce28cd7894a6dfb66e,"{""route"": ""Worker"", ""county"": ""Kent"", ""region"": ""South East"", ""industry"": ""Technology"", ""subRoute"": ""Skilled Worker"", ""townCity"": ""Gravesend"", ""organisationName"": ""Secure Technology Solutions Limited""}",109345,exact_unique
288e744cbc841f01ed97ff7edc4346a5a962190fde17da4c644a00409cce5be7,"{""route"": ""Worker"", ""county"": ""Tyne & Wear"", ""region"": """", ""industry"": ""Public Services"", ""subRoute"": ""Skilled Worker"", ""townCity"": ""Newcastle"", ""organisationName"": ""The Newcastle upon Tyne Hospitals NHS Foundation Trust""}",125636,exact_unique
289a51c489ccb1962256a5709e4b3c9b347bd8eb744708a0ec262ecef383a96b,"{""route"": ""Worker"", ""county"": """", ""region"": """", ""industry"": ""Healthcare"", ""subRoute"": ""Skilled Worker"", ""townCity"": ""Cambridgeshire"", ""organisationName"": ""Hexagon Pharma Limited""}",56087,exact_unique
28a5aada9416bc40bf00a619fb29d3b00a8f809d2f4796a37110835c361d4ce3,"{""route"": ""Worker"", ""county"": ""Milton Keynes"", ""region"": ""South East"", ""industry"": ""Healthcare"", ""subRoute"": ""Skilled Worker"", ""townCity"": ""MILTON KEYNES"", ""organisationName"": ""Johav Care Support Healthcare Limited""}",65032,exact_unique
28b745e7ee5ac221f9f0c5f6b90745a718fc08e1e8a7414be7b04dd7cfb6bc72,"{""route"": ""Worker"", ""county"": ""West Sussex"", ""region"": ""South East"", ""industry"": ""Social Care"", ""subRoute"": ""Skilled Worker"", ""townCity"": ""Lancing"", ""organisationName"": ""RECTORY HOUSE CARE LIMITED t/as Rectory House Nursing Home""}",101886,exact_unique
28c050784f65c7d8eaceab579c803f1590376c59f3629d89befc69e2a88dc4ce,"{""route"": ""Worker"", ""county"": ""London"", ""region"": ""London"", ""industry"": ""Other"", ""subRoute"": ""Skilled Worker"", ""townCity"": ""london"", ""organisationName"": ""360 health ltd""}",144144,exact_unique
28c465658f72eaca4d7d271055a85d31393682bf7a747f91005c6cf0c4cfdead,"{""route"": ""Worker"", ""county"": """", ""region"": """", ""industry"": ""Other"", ""subRoute"": ""Global Business Mobility: Senior or Specialist Worker"", ""townCity"": ""London"", ""organisationName"": ""Addionics Limited""}",147247,exact_unique
28db5d71eb41bb74c6f04ff3d0bd09f21e4c3a280445412c96ab19ef36815ebb,"{""route"": ""Worker"", ""county"": """", ""region"": """", ""industry"": ""Healthcare"", ""subRoute"": ""Skilled Worker"", ""townCity"": ""London"", ""organisationName"": ""Bliss The Chelsea Clinic for Women and Children""}",17898,exact_unique
28e1b1cbb2523e51d6cd96f2a8f96af4feea26694df262f858ca57464c7d05d1,"{""route"": ""Worker"", ""county"": ""Merseyside"", ""region"": ""North West"", ""industry"": ""Other"", ""subRoute"": ""Skilled Worker"", ""townCity"": ""Knowsley"", ""organisationName"": ""ABP Eatwell""}",146173,exact_unique
28e986689f83a4eebc9282648a274db08ea683f98ae6e0ec30e6b730463ec638,"{""route"": ""Worker"", ""county"": """", ""region"": """", ""industry"": ""Education"", ""subRoute"": ""Skilled Worker"", ""townCity"": ""Barking"", ""organisationName"": ""BRIGHT TINEY HOME NURSERY LTD""}",19994,exact_unique
28ebe6728bb045c4441533ce1835da127f1269072c3c5102f5247dce0a1f5e3d,"{""route"": ""Worker"", ""county"": ""Gloucestershire"", ""region"": ""South West"", ""industry"": ""Other"", ""subRoute"": ""Skilled Worker"", ""townCity"": ""Cheltenham"", ""organisationName"": ""Apex Prime Care""}",152718,exact_unique
2912cafef323ac66ce5d2b1379a1de42dc466ee36758a111246f6f3f55ce93a1,"{""route"": ""Worker"", ""county"": ""North Yorkshire"", ""region"": ""Yorkshire and the Humber"", ""industry"": ""Other"", ""subRoute"": ""International Sportsperson"", ""townCity"": ""Carlton, Selby"", ""organisationName"": ""Carlton Towers Cricket Club""}",23639,exact_unique
296731ad0bfcfa003c00e828188654bd5f14a75741607f1395ec89c813e19ecc,"{""route"": ""Worker"", ""county"": ""Essex"", ""region"": ""East of England"", ""industry"": ""Other"", ""subRoute"": ""Skilled Worker"", ""townCity"": ""Harlow"", ""organisationName"": ""RESTCARE LIMITED""}",103006,exact_unique
2990bd719a4f1b0a0bde8de0dc6f04d71766e5ebbd01844769e97f415216565e,"{""route"": ""Worker"", ""county"": ""Derbyshire"", ""region"": ""East Midlands"", ""industry"": ""Public Services"", ""subRoute"": ""Skilled Worker"", ""townCity"": ""Derby"", ""organisationName"": ""University Hospitals of Derby and Burton NHS Foundation Trust""}",132262,exact_unique
29ba649c4ed2158490607712f1dfaa912642bed817f9ae8f6a90783e5a6fd50d,"{""route"": ""Worker"", ""county"": """", ""region"": """", ""industry"": ""Other"", ""subRoute"": ""Skilled Worker"", ""townCity"": ""London"", ""organisationName"": ""Camvision Education Limited""}",22633,exact_unique
29d49f34ecc64f070b3f9ce33aa1d9e731fef1e643c3efd049c6fdd8516c9ab5,"{""route"": ""Worker"", ""county"": """", ""region"": """", ""industry"": ""Finance"", ""subRoute"": ""Skilled Worker"", ""townCity"": ""London"", ""organisationName"": ""Research in Finance Ltd""}",102883,exact_unique
29ea77a5d6150d030d7ef774e83da4c9ca21daf410fa19ce9eb5bdcedcbd8715,"{""route"": ""Worker"", ""county"": ""Merseyside"", ""region"": ""North West"", ""industry"": ""Social Care"", ""subRoute"": ""Skilled Worker"", ""townCity"": ""Liverpool"", ""organisationName"": ""Stapely Jewish Care Home Limited""}",117287,exact_unique
29f228e1149eb2a5213d3997935854d125390328b2df900906395f4ca19ed341,"{""route"": ""Worker"", ""county"": """", ""region"": """", ""industry"": ""Education"", ""subRoute"": ""Skilled Worker"", ""townCity"": ""Berkshire"", ""organisationName"": ""National Foundation for Educational Research in England & Wales""}",85150,exact_unique
29ff044508c8f87c6e525c86c980100d60421b4f4b2e779ba7fb4da53eac499f,"{""route"": ""Worker"", ""county"": """", ""region"": """", ""industry"": ""Technology"", ""subRoute"": ""Skilled Worker"", ""townCity"": ""Southampton"", ""organisationName"": ""Sloan Water Technology Limited""}",113257,exact_unique
2a117cbcb5db3c80479846f76bdd9cd2d34bde8f93e9d85b65d276fb0c99fa6b,"{""route"": ""Worker"", ""county"": """", ""region"": """", ""industry"": ""Technology"", ""subRoute"": ""Skilled Worker"", ""townCity"": ""London"", ""organisationName"": ""Open Hydro Ltd""}",90735,exact_unique
2a1613b09418280da9586e74dd07b1b3291dd5b11cbbe7f73219c8a46c068218,"{""route"": ""Worker"", ""county"": """", ""region"": """", ""industry"": ""Construction"", ""subRoute"": ""Skilled Worker"", ""townCity"": ""Burnham"", ""organisationName"": ""WLC CONSTRUCTION LTD""}",138486,exact_unique
2a2db071b05b9c2ffff3652c824266c3afce305fe8921a2efeab875544e08059,"{""route"": ""Worker"", ""county"": ""West Suffolk"", ""region"": """", ""industry"": ""Technology"", ""subRoute"": ""Skilled Worker"", ""townCity"": ""Bury St. Edmunds"", ""organisationName"": ""EXEC-IT SERVICES LIMITED""}",154549,exact_unique
2a3598ca5505154c03475d6931db9fd3152f7e7268d661a0e3d0ddb9fe0f7fc6,"{""route"": ""Worker"", ""county"": """", ""region"": """", ""industry"": ""Healthcare"", ""subRoute"": ""Skilled Worker"", ""townCity"": ""Wolverhampton"", ""organisationName"": ""Lime Healthcare Support Limited""}",72392,exact_unique
2a541789181724895abf59e0bb56c7575d4ffa959d17a8bb8a2586d803e7d281,"{""route"": ""Worker"", ""county"": ""Bristol, City of"", ""region"": """", ""industry"": ""Technology"", ""subRoute"": ""Skilled Worker"", ""townCity"": ""Bristol"", ""organisationName"": ""STL Tech Limited""}",117982,exact_unique
2a5976e47fc3634ceacd29bbcf138d7738d58649ee0917ac047d090bd383ff6c,"{""route"": ""Worker"", ""county"": ""Hampshire"", ""region"": ""South East"", ""industry"": ""Education"", ""subRoute"": ""Skilled Worker"", ""townCity"": ""Southampton"", ""organisationName"": ""Upper Shirley High School""}",132568,exact_unique
2a7b58adfe84fba76b79d43cb36405c394ca645b588c4e8bc295d89bec2939c0,"{""route"": ""Worker"", ""county"": ""England"", ""region"": """", ""industry"": ""Other"", ""subRoute"": ""Skilled Worker"", ""townCity"": ""London"", ""organisationName"": ""Octophin Digital Limited""}",154111,exact_unique
2a7f49b404ac70520137710b202098af22efc7acc370098e54e8e426b0e58b6f,"{""route"": ""Worker"", ""county"": """", ""region"": """", ""industry"": ""Education"", ""subRoute"": ""Skilled Worker"", ""townCity"": ""London"", ""organisationName"": ""Little Raccoons Day Nursery (Fitzrovia) Limited""}",72881,exact_unique
2a80f12ba513952b2c0c851b442cea7ce8769091db1763a11307741f8d65df59,"{""route"": ""Worker"", ""county"": ""Oxfordshire"", ""region"": ""South East"", ""industry"": ""Education"", ""subRoute"": ""Skilled Worker"", ""townCity"": ""Twickenham"", ""organisationName"": ""Omnia Learning Trust""}",90247,exact_unique
2a898ad159f6e7fa636845b61dd9dcf7e7bb6c90c27fa50dc17bbfe3fb1ca87c,"{""route"": ""Worker"", ""county"": """", ""region"": """", ""industry"": ""Other"", ""subRoute"": ""Skilled Worker"", ""townCity"": ""SWINDON"", ""organisationName"": ""BLISS BEAUTY LIMITED""}",17889,exact_unique
2a9480901384d7cd352fc3d62d3067dbb0c0f1e930eaeb930179ce67e0b5160d,"{""route"": ""Worker"", ""county"": """", ""region"": """", ""industry"": ""Technology"", ""subRoute"": ""Skilled Worker"", ""townCity"": ""Peterborough"", ""organisationName"": ""AD Data Analytics Ltd""}",147059,exact_unique
2aa845616ee3085e52b8a43c3fec8d2ca2fbe1bca76e8749a980ddf2f5b0fc5a,"{""route"": ""Worker"", ""county"": """", ""region"": """", ""industry"": ""Education"", ""subRoute"": ""Skilled Worker"", ""townCity"": ""Chertsey"", ""organisationName"": ""Graduate School of Management""}",51427,exact_unique
2aaa79bb37e371e690fa4fb367f48632ac2c6da585fec77efaa74483327aa7aa,"{""route"": ""Worker"", ""county"": """", ""region"": """", ""industry"": ""Other"", ""subRoute"": ""Skilled Worker"", ""townCity"": ""Cambridge"", ""organisationName"": ""Proteotype Diagnostics Ltd""}",142627,exact_unique
2ab022beb1d44994a74e34a71cb9564d70c4308d328706d12dc8003e36827538,"{""route"": ""Worker"", ""county"": """", ""region"": """", ""industry"": ""Healthcare"", ""subRoute"": ""Skilled Worker"", ""townCity"": ""Clydebank"", ""organisationName"": ""Diamond Dental Care""}",34848,exact_unique
2ab0493ba2cd7677db771ab1f58000cbcca42bab453d362b3b4fcebbe7083419,"{""route"": ""Worker"", ""county"": ""West Midlands"", ""region"": ""West Midlands"", ""industry"": ""Construction"", ""subRoute"": ""Skilled Worker"", ""townCity"": ""Wednesbury"", ""organisationName"": ""AUM Construction Ltd""}",12297,exact_unique
2aca1bbaa1305131cf71021c595276233b0f84551257ee0a2c89a424994e4baf,"{""route"": ""Worker"", ""county"": """", ""region"": """", ""industry"": ""Education"", ""subRoute"": ""Skilled Worker"", ""townCity"": ""Glasgow"", ""organisationName"": ""Glasgow University Students' Representative Council""}",49740,exact_unique
2adb03f379918ba005d9046d505c3712ea0d43b8295f79c3b73b02c37dd66653,"{""route"": ""Worker"", ""county"": """", ""region"": """", ""industry"": ""Healthcare"", ""subRoute"": ""Skilled Worker"", ""townCity"": ""LONDON"", ""organisationName"": ""Healthcare Europa Limited""}",55344,exact_unique
2af49d7a8d0f86621954da2e0f3ed3d4246836e0212eb542ff19f42447443ae2,"{""route"": ""Worker"", ""county"": ""Oxfordshire"", ""region"": ""South East"", ""industry"": ""Healthcare"", ""subRoute"": ""Skilled Worker"", ""townCity"": ""Reading"", ""organisationName"": ""Bluebell Healthcare ltd""}",18217,exact_unique
2afd9c9b320a435cef292ad221846c3fb4d286e13bb10839890ce2ae1238c750,"{""route"": ""Worker"", ""county"": ""East Lothian"", ""region"": ""Scotland"", ""industry"": ""Social Care"", ""subRoute"": ""Skilled Worker"", ""townCity"": ""Haddington"", ""organisationName"": ""The Stewart Partnership t/a Hilton Lodge Nursing Home""}",126683,exact_unique
2b2b810f01ac3d803fb03f38cbe4495ec3491fe3daac88d476bf219abdeab5f5,"{""route"": ""Worker"", ""county"": ""South Yorkshire"", ""region"": ""Yorkshire and the Humber"", ""industry"": ""Engineering"", ""subRoute"": ""Skilled Worker"", ""townCity"": ""Doncaster"", ""organisationName"": ""DON VALLEY ENGINEERING GROUP LIMITED""}",36008,exact_unique
2b37da3bb194dfd431044b459e628ed21b014c44d8224faad79cf216563f3a3a,"{""route"": ""Worker"", ""county"": ""Staffordshire"", ""region"": ""West Midlands"", ""industry"": ""Construction"", ""subRoute"": ""Skilled Worker"", ""townCity"": ""Stoke-on-Trent"", ""organisationName"": ""GRID SET CONSTRUCTION LTD""}",52320,exact_unique
2b3dfeb453ce16bb5296a1007673e256a8bc9b1038b26085f1684d628fd5f153,"{""route"": ""Worker"", ""county"": """", ""region"": """", ""industry"": ""Construction"", ""subRoute"": ""Skilled Worker"", ""townCity"": ""Hayes"", ""organisationName"": ""SHC Construction Ltd""}",110738,exact_unique
2b42b00f565a712b7ef9fb0cdaca7d9d992330619ef6ca9bb7e99063f03fb076,"{""route"": ""Worker"", ""county"": """", ""region"": """", ""industry"": ""Retail"", ""subRoute"": ""Skilled Worker"", ""townCity"": ""Dundee"", ""organisationName"": ""Adil's Convenience Store""}",147373,exact_unique
2b46c1d118dbac52fb5882b46b9e4656bb43cc4f1c292920410fe5f0e9730c52,"{""route"": ""Worker"", ""county"": """", ""region"": """", ""industry"": ""Other"", ""subRoute"": ""Skilled Worker"", ""townCity"": ""Leicester"", ""organisationName"": ""1 Key Solution Limited""}",143749,exact_unique
2b55be8a6b208b841782ec091ed090f2c5452f43f6779c19600c8c39949bd3d7,"{""route"": ""Worker"", ""county"": """", ""region"": """", ""industry"": ""Healthcare"", ""subRoute"": ""Skilled Worker"", ""townCity"": ""LONDON"", ""organisationName"": ""HAMMERSMITH HEALTHCARE LTD""}",53896,exact_unique
2ba31bacdf1c56146c8c213a40a07270a54b9da41ff4e3608d528a543a888847,"{""route"": ""Worker"", ""county"": """", ""region"": """", ""industry"": ""Education"", ""subRoute"": ""Skilled Worker"", ""townCity"": ""Bristol"", ""organisationName"": ""Nursery Village Limited""}",88977,exact_unique
2bc66ac8ec8fbd6933d664df61cdcba6a550f3d7eda85125405bd10184371964,"{""route"": ""Worker"", ""county"": """", ""region"": """", ""industry"": ""Healthcare"", ""subRoute"": ""Skilled Worker"", ""townCity"": ""Godalming"", ""organisationName"": ""Lucks Yard Clinic""}",74639,exact_unique
2bc75e5fdf430c464bbb638644d9bf4bae41b5c8901cb33783060c4feab11f8c,"{""route"": ""Worker"", ""county"": """", ""region"": """", ""industry"": ""Other"", ""subRoute"": ""Skilled Worker"", ""townCity"": ""London"", ""organisationName"": ""Azumi Ltd T/A Zuma""}",13376,exact_unique
2bd23c71f1abcacccfe5a91272f9cbfe1ecc7a24e2827d06ef905260afa1b078,"{""route"": ""Worker"", ""county"": ""Essex"", ""region"": ""East of England"", ""industry"": ""Education"", ""subRoute"": ""Skilled Worker"", ""townCity"": ""Essex"", ""organisationName"": ""Strive4 Academy Trust""}",118486,exact_unique
2bd5836dbb54ecdeb6f859af3b01b341d7aaf1fe91eab9350c3cb35558dcadf7,"{""route"": ""Worker"", ""county"": """", ""region"": """", ""industry"": ""Transport"", ""subRoute"": ""Skilled Worker"", ""townCity"": ""Kent"", ""organisationName"": ""B N LOGISTICS LTD""}",13442,exact_unique
2bd9c80ba7f2ea86bd57c945507ce3fdc10131234481f385ad5efea2d8f70e95,"{""route"": ""Worker"", ""county"": """", ""region"": """", ""industry"": ""Other"", ""subRoute"": ""Skilled Worker"", ""townCity"": ""London"", ""organisationName"": ""Zydex Technologies Limited""}",143073,exact_unique
2bfb8cf6915b794167b6c6195bb61b27a15bb3bacf92908cadf98038d8b9f12c,"{""route"": ""Worker"", ""county"": ""Cambridgeshire"", ""region"": ""East of England"", ""industry"": ""Other"", ""subRoute"": ""Skilled Worker"", ""townCity"": ""Cambridge"", ""organisationName"": ""MTC Engineering (Cambridge) Limited""}",83710,exact_unique
2bfc0f6c4833d876b4588c9626d0f64ba340133af1bdc5a2878c6dc6cc900ea1,"{""route"": ""Worker"", ""county"": ""Lincolnshire"", ""region"": ""East Midlands"", ""industry"": ""Manufacturing"", ""subRoute"": ""Skilled Worker"", ""townCity"": ""Skegness"", ""organisationName"": ""CFN Packaging Group Ltd""}",24941,exact_unique
2bfdc7ef15ff43c27b7e42c263d7d9e4a3c7d719afdf4fddebd47bf5877c2388,"{""route"": ""Worker"", ""county"": """", ""region"": """", ""industry"": ""Technology"", ""subRoute"": ""Skilled Worker"", ""townCity"": ""Orpington"", ""organisationName"": ""ACE IT Solutions Ltd""}",146617,exact_unique
2bff1488117a80932524d554391fa581002dd40652b0e748c732baa34ea00d82,"{""route"": ""Worker"", ""county"": ""Manchester"", ""region"": ""North West"", ""industry"": ""Technology"", ""subRoute"": ""Skilled Worker"", ""townCity"": ""Manchester"", ""organisationName"": ""BankiFi Technology Limited""}",14307,exact_unique
2c03d14fcb406bbdbe8978a9522e62a99cbdaec3e0d9e9f4a32ff18af42f14e2,"{""route"": ""Worker"", ""county"": """", ""region"": """", ""industry"": ""Social Care"", ""subRoute"": ""Skilled Worker"", ""townCity"": ""Harrow"", ""organisationName"": ""Valued Home Care Ltd""}",133207,exact_unique
2c045716d08a883942b01dd5542326c64b80377c43d81195ea117309e81d1455,"{""route"": ""Worker"", ""county"": """", ""region"": """", ""industry"": ""Construction"", ""subRoute"": ""Skilled Worker"", ""townCity"": ""London"", ""organisationName"": ""Anglopak Building Services Limited""}",152152,exact_unique
2c17445096de556cf5d89f2072183da97e49eb3c3100e2a8c5c9a1a75768de95,"{""route"": ""Worker"", ""county"": ""London"", ""region"": ""London"", ""industry"": ""Other"", ""subRoute"": ""Skilled Worker"", ""townCity"": ""Colindale"", ""organisationName"": ""Medical Imaging Systems Limited""}",78993,exact_unique
2c1c2a00f321e68d0bee8467623e9880fa8cb6a2d39da37ec1405a40dd250e38,"{""route"": ""Worker"", ""county"": """", ""region"": """", ""industry"": ""Healthcare"", ""subRoute"": ""Skilled Worker"", ""townCity"": ""Merthyr Tydfil"", ""organisationName"": ""ORION CLINICAL SERVICES LIMITED""}",91328,exact_unique
2c21c4541eb619c87f79e11cc01b46c89c090c83818d8be2761b0f6d3e127412,"{""route"": ""Worker"", ""county"": ""Bucks"", ""region"": """", ""industry"": ""Other"", ""subRoute"": ""Skilled Worker"", ""townCity"": ""Milton Keynes"", ""organisationName"": ""Medical Research Network""}",78996,exact_unique
2c24f1fbe7bb89470aee9d4b53e93d1be3782baac7a45484817effe4d7891538,"{""route"": ""Worker"", ""county"": """", ""region"": """", ""industry"": ""Healthcare"", ""subRoute"": ""Skilled Worker"", ""townCity"": ""HIGHGATE"", ""organisationName"": ""Highgate Dental Centre""}",56413,exact_unique
2c270d24a03413288ba1f32efed80f9f3b82f757b5feef372dd2669c66f97aaa,"{""route"": ""Worker"", ""county"": """", ""region"": """", ""industry"": ""Other"", ""subRoute"": ""Global Business Mobility: Senior or Specialist Worker"", ""townCity"": ""High Wycombe"", ""organisationName"": ""Brighter Green Engineering""}",20011,exact_unique
2c3517eb12c409271fe7cd3294f83dd74d8dd1a6f5e33b423c00f8ace9e84e24,"{""route"": ""Worker"", ""county"": """", ""region"": """", ""industry"": ""Other"", ""subRoute"": ""Skilled Worker"", ""townCity"": ""LONDON"", ""organisationName"": ""MUDUK INVESTMENT LIMITED""}",83791,exact_unique
2c46686cd7ef44ae07ef89680dfa02dce77a21d9a7f4f174e8484456d934559a,"{""route"": ""Worker"", ""county"": """", ""region"": """", ""industry"": ""Technology"", ""subRoute"": ""Skilled Worker"", ""townCity"": ""Leeds"", ""organisationName"": ""Neolife Health System Ltd""}",85752,exact_unique
2c58cf83ee985cf4876925a15b7bd411911085d03916cb93e707ba348dd24985,"{""route"": ""Worker"", ""county"": """", ""region"": """", ""industry"": ""Other"", ""subRoute"": ""Skilled Worker"", ""townCity"": ""Coventry"", ""organisationName"": ""3A'S Consultants Ltd.""}",144183,exact_unique
2c58d8933d5b68c4882dd5bc7ebf704035c3732c0976bf82bacc590b10c0ab0d,"{""route"": ""Worker"", ""county"": """", ""region"": """", ""industry"": ""Finance"", ""subRoute"": ""Skilled Worker"", ""townCity"": ""LONDON"", ""organisationName"": ""Lightman Investment Management Limited""}",155677,exact_unique
2c5f2ce8cf789d12a6f7c367cbfa96fe2a365e708b18e4d345610b47347226bc,"{""route"": ""Worker"", ""county"": ""Scotland"", ""region"": ""Scotland"", ""industry"": ""Healthcare"", ""subRoute"": ""Skilled Worker"", ""townCity"": ""Glasgow"", ""organisationName"": ""BDD Pharma Ltd""}",15153,exact_unique
2c79837da664b54094fca7317c280fcb99c85710f639bd1f84392582ca6bc013,"{""route"": ""Worker"", ""county"": ""Fife"", ""region"": ""Scotland"", ""industry"": ""Other"", ""subRoute"": ""Skilled Worker"", ""townCity"": ""Burntisland"", ""organisationName"": ""Briggs Commercial Limited""}",19937,exact_unique
2c7a87c201f0387fca3e46feb04e9358a0aaaa5f0e44d1c59f701954d6db0471,"{""route"": ""Worker"", ""county"": """", ""region"": """", ""industry"": ""Other"", ""subRoute"": ""Skilled Worker"", ""townCity"": ""London"", ""organisationName"": ""Seahawk Marine Foods Ltd""}",109184,exact_unique
2c87a5cc79cd37ceae71e38004d648839b03f67e4de5ca5a42e3e699e9115d00,"{""route"": ""Worker"", ""county"": """", ""region"": """", ""industry"": ""Engineering"", ""subRoute"": ""Global Business Mobility: Senior or Specialist Worker"", ""townCity"": ""Sheffield"", ""organisationName"": ""Oldham Engineering LImited""}",142523,exact_unique
2c9cb76ef3e19606d6012403fdb0193a02f09b8e20917d88dbae5bed579a72e4,"{""route"": ""Worker"", ""county"": """", ""region"": """", ""industry"": ""Finance"", ""subRoute"": ""Skilled Worker"", ""townCity"": ""London"", ""organisationName"": ""TRAction Fintech Ltd""}",129129,exact_unique
2cb442f36a8dd8bb41fbefc902485173091385b03132e5cefb607d121262ae5f,"{""route"": ""Worker"", ""county"": ""Derby"", ""region"": ""East Midlands"", ""industry"": ""Healthcare"", ""subRoute"": ""Skilled Worker"", ""townCity"": ""Spondon"", ""organisationName"": ""Chapel Street Dental Practice""}",25204,exact_unique
2cc11c34958d19f6b7eeab7a6da7ab32a2a0fae5f92c562dcb413f3c2eca02f7,"{""route"": ""Worker"", ""county"": ""MIDDLESEX"", ""region"": """", ""industry"": ""Construction"", ""subRoute"": ""Skilled Worker"", ""townCity"": ""HOUNSLOW"", ""organisationName"": ""LKJ CONSTRUCTION LTD""}",73146,exact_unique
2cc9164b4f2df3a14cf96809972966a576c5372851b69ee21b2ce802c410672e,"{""route"": ""Worker"", ""county"": """", ""region"": """", ""industry"": ""Manufacturing"", ""subRoute"": ""Skilled Worker"", ""townCity"": ""Cheshire"", ""organisationName"": ""H.B. Fuller UK Manufacturing Ltd""}",53372,exact_unique
2ce87aa6157d7ae29bd2e5dcbcc8f68fd25ac2971bad890936890b6ced45c849,"{""route"": ""Worker"", ""county"": """", ""region"": """", ""industry"": ""Other"", ""subRoute"": ""Skilled Worker"", ""townCity"": ""Brighton"", ""organisationName"": ""AA & JJ Food Ltd""}",145359,exact_unique
2cfa6ae1b5dd6aa99e333c3a76eae819997eb3348087a94c9dc5442ae7143edf,"{""route"": ""Worker"", ""county"": """", ""region"": """", ""industry"": ""Healthcare"", ""subRoute"": ""Skilled Worker"", ""townCity"": ""Leeds"", ""organisationName"": ""Alwoodley Medical Centre""}",150932,exact_unique
2d3986a914aa6ae512189c736bfc0032d19d0ba21fc8d875f717a1f23944e476,"{""route"": ""Worker"", ""county"": ""Dorset"", ""region"": ""South West"", ""industry"": ""Other"", ""subRoute"": ""Skilled Worker"", ""townCity"": ""Ferndown"", ""organisationName"": ""A2V Trade Limited""}",145308,exact_unique
2d3f4fdcd3d64b6a7be73c7e993aff61ac80e9f990fb8a898d366a4d9e757fdc,"{""route"": ""Worker"", ""county"": """", ""region"": """", ""industry"": ""Healthcare"", ""subRoute"": ""Skilled Worker"", ""townCity"": ""LONDON"", ""organisationName"": ""GO FIT LIFE SCIENCE AND TECHNOLOGY UK LIMITED""}",50543,exact_unique
2d4de73f681c78fe6f1b500bfe1e44fe0bb61121bfcbf9e30a5eb0d7c8afe52d,"{""route"": ""Worker"", ""county"": ""Glos"", ""region"": """", ""industry"": ""Education"", ""subRoute"": ""International Sportsperson"", ""townCity"": ""Cirencester"", ""organisationName"": ""The Talland School of EQuitation LLP""}",126753,exact_unique
2d682a6827b5c9e9bb26077d981468340b2c04c21e7a1ebea00fbe3a887fa46e,"{""route"": ""Worker"", ""county"": """", ""region"": """", ""industry"": ""Education"", ""subRoute"": ""Skilled Worker"", ""townCity"": ""London"", ""organisationName"": ""Wandle Learning Trust""}",135839,exact_unique
2d95c8652e2c7db5046da4b019d7d08866c2cdfded9c9248e5a4fb331110c9bb,"{""route"": ""Worker"", ""county"": """", ""region"": """", ""industry"": ""Hospitality"", ""subRoute"": ""Skilled Worker"", ""townCity"": ""Scotland,"", ""organisationName"": ""ZEXOZ LTD t/a The Lovat Hotel""}",143067,exact_unique
2db901f1d99cbb5a41be94a099748e8176f616ec185013cc17d384ee9d29b5ff,"{""route"": ""Worker"", ""county"": """", ""region"": """", ""industry"": ""Technology"", ""subRoute"": ""Skilled Worker"", ""townCity"": ""Coalville"", ""organisationName"": ""Navitas Digital Safety Ltd""}",85393,exact_unique
2dba9fcb9efd4822cd1594be5387edd80fa8313a24d42129ba6e91955f5ae892,"{""route"": ""Worker"", ""county"": ""Bucks"", ""region"": """", ""industry"": ""Engineering"", ""subRoute"": ""Skilled Worker"", ""townCity"": ""Aston Clinton"", ""organisationName"": ""Pulsar Aerospace Ltd""}",98863,exact_unique
2dc6c9a9504f3033a5e83baa11e116552da8f306889158b01327f3fa92200cea,"{""route"": ""Worker"", ""county"": """", ""region"": """", ""industry"": ""Education"", ""subRoute"": ""Skilled Worker"", ""townCity"": ""LONDON"", ""organisationName"": ""GOLDEN GLITTERS TRAINING NURSERY & RECRUITMENT LTD""}",153741,exact_unique
2dd68908b8470ce37f12e45fe023a992e7636c72f7feea0e640c515f6a504f44,"{""route"": ""Worker"", ""county"": """", ""region"": """", ""industry"": ""Other"", ""subRoute"": ""Skilled Worker"", ""townCity"": ""London"", ""organisationName"": ""AAJJ CONSULTANTS LIMITED""}",145530,exact_unique
2ddae83ea361c3d4dee3b1ed9afe069d8e66285cca42884fd5a754e62bd2109c,"{""route"": ""Worker"", ""county"": ""Hampshire"", ""region"": ""South East"", ""industry"": ""Other"", ""subRoute"": ""Skilled Worker"", ""townCity"": ""Petersfield"", ""organisationName"": ""ADP Security Systems Limited""}",147470,exact_unique
2de1386c381fa953f4e8d55c79832ddcff2d83b936b70ed3e524c962ba8d92cb,"{""route"": ""Worker"", ""county"": ""Hants"", ""region"": """", ""industry"": ""Other"", ""subRoute"": ""Skilled Worker"", ""townCity"": ""Southampton"", ""organisationName"": ""24 Acoustics Ltd""}",143996,exact_unique
2df13e053deeac76eff0e6d620d6ddaadc9a04d8311efe4527fc8b7c059a5222,"{""route"": ""Worker"", ""county"": ""Northamptonshire"", ""region"": ""East Midlands"", ""industry"": ""Healthcare"", ""subRoute"": ""Skilled Worker"", ""townCity"": ""Corby"", ""organisationName"": ""GRACEWOOD HEALTHCARE LTD""}",51407,exact_unique
2dfefa28053d5f7890dfbe5ac0554b1491ec77486f1854177a35478983342a46,"{""route"": ""Worker"", ""county"": """", ""region"": """", ""industry"": ""Other"", ""subRoute"": ""Skilled Worker"", ""townCity"": ""London"", ""organisationName"": ""Seen Studios Limited""}",109448,exact_unique
2e15fc718ac411b35b6d1e85c2dbf3413f9e0701295153bb772526c51941ab31,"{""route"": ""Worker"", ""county"": ""Cheshire"", ""region"": ""North West"", ""industry"": ""Healthcare"", ""subRoute"": ""Skilled Worker"", ""townCity"": ""Chester"", ""organisationName"": ""Monarch Medical Group Ltd""}",82095,exact_unique
2e2176b8d59940158a129a5fba775f93cb92c326bb38e8befcd77f5b1233b9b0,"{""route"": ""Worker"", ""county"": """", ""region"": """", ""industry"": ""Education"", ""subRoute"": ""Skilled Worker"", ""townCity"": ""York"", ""organisationName"": ""MOUNT SCHOOL (YORK) (THE)""}",82861,exact_unique
2e30b30046c67fd34876ee66eaf4ae79927bdbe08388919cc1044f183b587765,"{""route"": ""Worker"", ""county"": """", ""region"": """", ""industry"": ""Education"", ""subRoute"": ""Skilled Worker"", ""townCity"": ""Romford"", ""organisationName"": ""Eden College of Human Resource Development and Management Studies Limited""}",38584,exact_unique
2e470b434738f01f8d86fd498765b846881faa43293a45e892c63633aeeabda9,"{""route"": ""Worker"", ""county"": ""Tyne and Wear"", ""region"": ""North East"", ""industry"": ""Other"", ""subRoute"": ""Skilled Worker"", ""townCity"": ""Newcastle Upon Tyne"", ""organisationName"": ""Northern Leaders Trust""}",88252,exact_unique
2eab2ffe1888f6fb6b4dd4d23eba80ae8689299f6fe158fdba11e82327e59cdc,"{""route"": ""Worker"", ""county"": """", ""region"": """", ""industry"": ""Other"", ""subRoute"": ""Skilled Worker"", ""townCity"": ""London"", ""organisationName"": ""BLK CAB COFFEE LTD""}",17910,exact_unique
2eadb75980a6696279d4e509d582c06fdee0a1a4137096f664354289c810f7f0,"{""route"": ""Worker"", ""county"": """", ""region"": """", ""industry"": ""Education"", ""subRoute"": ""Skilled Worker"", ""townCity"": ""London"", ""organisationName"": ""St Vincent's Catholic Primary School""}",116992,exact_unique
2ecec6a9f733f8e044dcc9fa384b26a39ff5a93b70b4484ae2cfe029c28588db,"{""route"": ""Worker"", ""county"": ""Herts"", ""region"": """", ""industry"": ""Other"", ""subRoute"": ""Skilled Worker"", ""townCity"": ""Watford"", ""organisationName"": ""Parmiter's School""}",93127,exact_unique
2ed3ce3ac0dd6a7bfeab30cf653bd500eb54c6ce70047c04781aecdae6dc3ed5,"{""route"": ""Worker"", ""county"": ""North Yorkshire"", ""region"": ""Yorkshire and the Humber"", ""industry"": ""Healthcare"", ""subRoute"": ""Skilled Worker"", ""townCity"": ""Richmond"", ""organisationName"": ""Equine Veterinary Dentist""}",41225,exact_unique
2ed7ddd5f152b739e2da9fcc1c496829e7c334378f14c25bd74bd27086117b6a,"{""route"": ""Worker"", ""county"": """", ""region"": """", ""industry"": ""Other"", ""subRoute"": ""Skilled Worker"", ""townCity"": ""Essex"", ""organisationName"": ""ABD Engineering & Development LTD""}",145928,exact_unique
2eec9bb27f707a6faf5197b83c738d2b1a972172f077b9cb36b62edf65b2eaea,"{""route"": ""Worker"", ""county"": ""West Sussex"", ""region"": ""South East"", ""industry"": ""Education"", ""subRoute"": ""Skilled Worker"", ""townCity"": ""Horsham"", ""organisationName"": ""The College of Richard Collyer""}",123939,exact_unique
2ef2ccb8f9f46dee0483f6e1483bd70103d5c7d71d6c43c4ae8b39bc15a3c33e,"{""route"": ""Worker"", ""county"": """", ""region"": """", ""industry"": ""Education"", ""subRoute"": ""Skilled Worker"", ""townCity"": ""London"", ""organisationName"": ""LONDON SCHOOL OF LEARNING HUB LTD""}",73909,exact_unique
2ef445652d7a03a173f231b5ff939ddf7aca7b8a39e1024c4a76483ad97f3a6c,"{""route"": ""Worker"", ""county"": """", ""region"": """", ""industry"": ""Technology"", ""subRoute"": ""Skilled Worker"", ""townCity"": ""London"", ""organisationName"": ""LOVIE TECHNOLOGY LTD""}",74390,exact_unique
2ef6b0096ee7e059225d6f4b2c0d273b4b278ef6993239341b2fe4d669b3b61c,"{""route"": ""Worker"", ""county"": """", ""region"": """", ""industry"": ""Healthcare"", ""subRoute"": ""Skilled Worker"", ""townCity"": ""Worthing"", ""organisationName"": ""MARINE DENTAL PRACTICE LIMITED""}",77213,exact_unique
2f0c9e962230d5b576fc1ff741ff38553bad1c3f9ba39622077529bfc46ef9ed,"{""route"": ""Worker"", ""county"": ""Pembrokeshire"", ""region"": ""Wales"", ""industry"": ""Education"", ""subRoute"": ""Skilled Worker"", ""townCity"": ""Nr Clynderwen"", ""organisationName"": ""Nant-y-Cwm Steiner School Ltd""}",84958,exact_unique
2f276623b291886aaabe1b8d8bac54f1e59cd835ab5558eb439da249629259e5,"{""route"": ""Worker"", ""county"": ""London"", ""region"": ""London"", ""industry"": ""Finance"", ""subRoute"": ""Skilled Worker"", ""townCity"": ""London"", ""organisationName"": ""STARLING BANK LIMITED""}",117463,exact_unique
2f3a16f4b62d283a47ce9cf2f59f3302b68445ba022aa96c38f3a11a82cabd29,"{""route"": ""Worker"", ""county"": """", ""region"": """", ""industry"": ""Technology"", ""subRoute"": ""Skilled Worker"", ""townCity"": ""Edinburgh"", ""organisationName"": ""Vighnaharta Technology Solutions Ltd""}",134374,exact_unique
2f3e4da726e788bcf47e98f8c2f7786ac384a62481a7387f0246fbccb7e42c4f,"{""route"": ""Worker"", ""county"": """", ""region"": """", ""industry"": ""Healthcare"", ""subRoute"": ""Skilled Worker"", ""townCity"": ""london"", ""organisationName"": ""CLARKS HEALTHCARE LTD""}",27372,exact_unique
2f4afe2eafa32bc178a014a268e6424e76e4feaa570052ecf78694f7fee46b24,"{""route"": ""Worker"", ""county"": """", ""region"": """", ""industry"": ""Education"", ""subRoute"": ""Skilled Worker"", ""townCity"": ""Liverpool"", ""organisationName"": ""Universities Superannuation Scheme Limited""}",132244,exact_unique
2f7ef82d0455f505a8187ff35d1491edd2fd39da81aa54dbc0bb39c71e89e6d4,"{""route"": ""Worker"", ""county"": """", ""region"": """", ""industry"": ""Construction"", ""subRoute"": ""Skilled Worker"", ""townCity"": ""Sheffield"", ""organisationName"": ""Burngreave Building Company Ltd""}",21347,exact_unique
2f9db8af934000b05dac920c608ffb982626538867b966b99444a8222f789ba5,"{""route"": ""Worker"", ""county"": """", ""region"": """", ""industry"": ""Healthcare"", ""subRoute"": ""Skilled Worker"", ""townCity"": ""Enfield"", ""organisationName"": ""Greenplace Healthcare Ltd""}",52137,exact_unique
2fa2594647d7e1c6125c49d89b3c130cece6b951e5dc3b9c3074bf5d0a7344fc,"{""route"": ""Worker"", ""county"": """", ""region"": """", ""industry"": ""Healthcare"", ""subRoute"": ""Skilled Worker"", ""townCity"": ""London"", ""organisationName"": ""atai Life Sciences UK Ltd""}",11793,exact_unique
2fc158a8110150ca8c98b7d3374eb40e52528cfdebdd5224ffb847b859e36f76,"{""route"": ""Worker"", ""county"": """", ""region"": """", ""industry"": ""Engineering"", ""subRoute"": ""Skilled Worker"", ""townCity"": ""Plymouth"", ""organisationName"": ""Pascal Offshore Ltd""}",93229,exact_unique
2fd2094da6b276b0a16e14b546e86d6638baf3a3ac783ca77a88e3e75ae775bf,"{""route"": ""Worker"", ""county"": """", ""region"": """", ""industry"": ""Education"", ""subRoute"": ""Skilled Worker"", ""townCity"": ""London"", ""organisationName"": ""London School of Science & Technology Limited""}",73914,exact_unique
2fdeae37ec0992f52b5d039d12e975b6fac6500d06b744c5310d3a222024f41d,"{""route"": ""Worker"", ""county"": """", ""region"": """", ""industry"": ""Construction"", ""subRoute"": ""Skilled Worker"", ""townCity"": ""South Croydon"", ""organisationName"": ""STEEL HOMES CONSTRUCTION LTD""}",117652,exact_unique
2fe8eaa37e2577bad6cf5fd145bc07710a061b23cd647907afc138c5eedb9254,"{""route"": ""Worker"", ""county"": ""Essex"", ""region"": ""East of England"", ""industry"": ""Education"", ""subRoute"": ""Skilled Worker"", ""townCity"": ""Dagenham"", ""organisationName"": ""Hunters Hall Primary School""}",58602,exact_unique
2feedf2451506c78114d717cbb3d285445fc418cb777acdcfeded3f88c77d807,"{""route"": ""Worker"", ""county"": ""Oxfordshire"", ""region"": ""South East"", ""industry"": ""Education"", ""subRoute"": ""Skilled Worker"", ""townCity"": ""Oxford"", ""organisationName"": ""Oxford International School""}",91934,exact_unique
30052009527f32cec71492a0687868791f31322e8b4886092f9ae48dfca23308,"{""route"": ""Worker"", ""county"": ""Surrey"", ""region"": ""South East"", ""industry"": ""Construction"", ""subRoute"": ""Skilled Worker"", ""townCity"": ""Sunbury on Thames"", ""organisationName"": ""BLUE HORSE CONSTRUCTION LTD""}",18094,exact_unique
301b45695c9882f63c3896563ec8817ff10def1851e40c703d008ee91b904cfa,"{""route"": ""Worker"", ""county"": ""Surrey"", ""region"": ""South East"", ""industry"": ""Social Care"", ""subRoute"": ""Skilled Worker"", ""townCity"": ""Weybridge"", ""organisationName"": ""Mulberry Home Care Services Ltd""}",83879,exact_unique
302836218d24f526384cea6ca68ea4f8bdc2b2591012abcc4f4528dbbc7f4fbf,"{""route"": ""Worker"", ""county"": """", ""region"": """", ""industry"": ""Finance"", ""subRoute"": ""Skilled Worker"", ""townCity"": ""Northamptonshire"", ""organisationName"": ""Weatherbys Bank Limited""}",136455,exact_unique
3032bdde898dc4e246fcf148df72942bb5f0435f8b39122bc56c9ecd2769d818,"{""route"": ""Worker"", ""county"": """", ""region"": """", ""industry"": ""Healthcare"", ""subRoute"": ""Skilled Worker"", ""townCity"": ""Kent"", ""organisationName"": ""Chopra Dental LTD""}",26294,exact_unique
303448e0b88b130ca672eff599971b6cc70c9d78c28916f13bbb1244eeb3a412,"{""route"": ""Worker"", ""county"": """", ""region"": """", ""industry"": ""Healthcare"", ""subRoute"": ""Skilled Worker"", ""townCity"": ""Manchester"", ""organisationName"": ""Everest Pharmacy Ltd""}",42269,exact_unique
30392e0de84332b0a71a4baef45c04facdb7fb2714bb999ddc22f85f5a89e17a,"{""route"": ""Worker"", ""county"": """", ""region"": """", ""industry"": ""Other"", ""subRoute"": ""Skilled Worker"", ""townCity"": ""STOKE-ON-TRENT"", ""organisationName"": ""BEST TECH SERVICES LIMITED""}",16364,exact_unique
30558d41196d413b7ddb081108ca143cae34df6af4a7c76e952a408bc09d049b,"{""route"": ""Worker"", ""county"": """", ""region"": """", ""industry"": ""Finance"", ""subRoute"": ""Skilled Worker"", ""townCity"": ""London"", ""organisationName"": ""Griffin Bank Ltd""}",52328,exact_unique
3064ed8ea660629df4d18a48af3c69d52577f67abab72fe17938c4488f50b00d,"{""route"": ""Worker"", ""county"": ""West Sussex"", ""region"": ""South East"", ""industry"": ""Education"", ""subRoute"": ""Skilled Worker"", ""townCity"": ""East Grinstead"", ""organisationName"": ""Caterpillars Preschool (Sussex) Limited""}",24077,exact_unique
306ecd3aac13c0abe2266498fd2d4d48de61a80266503e7b1d78e652d8f30f23,"{""route"": ""Worker"", ""county"": ""Kent"", ""region"": ""South East"", ""industry"": ""Construction"", ""subRoute"": ""Skilled Worker"", ""townCity"": ""Ditton"", ""organisationName"": ""AM Surveying & Block Management""}",150985,exact_unique
30a73c558ae3658e560bf7cdae8b65068dbdc2545a18a3f79d6d94e8d3532894,"{""route"": ""Worker"", ""county"": ""CORNWALL"", ""region"": ""South West"", ""industry"": ""Social Care"", ""subRoute"": ""Skilled Worker"", ""townCity"": ""FALMOUTH"", ""organisationName"": ""HELP AT HOME CARE SERVICE LTD""}",55741,exact_unique
30b5bc96bfbb1a68312b030bcfe78ac73dd2a4c73f20575e895ef0d39faac717,"{""route"": ""Worker"", ""county"": """", ""region"": """", ""industry"": ""Other"", ""subRoute"": ""Global Business Mobility: Senior or Specialist Worker"", ""townCity"": ""London"", ""organisationName"": ""Railbookers UK Trading Ltd.""}",100614,exact_unique
30b786ebf39c0d7697e635976e2cc8fe3f4c92f2c6d99a0d427611bb4cd5f4f4,"{""route"": ""Worker"", ""county"": ""Lancashire"", ""region"": ""North West"", ""industry"": ""Social Care"", ""subRoute"": ""Skilled Worker"", ""townCity"": ""Lytham Saint Annes"", ""organisationName"": ""Curo Blackpool ltd t/a Royal Care Home""}",31783,exact_unique
30ce5acfdd7b2e307e8f35450d951b99c5f8a6fb79a649140ac7d16e8f92d21a,"{""route"": ""Worker"", ""county"": """", ""region"": """", ""industry"": ""Social Care"", ""subRoute"": ""Skilled Worker"", ""townCity"": ""Bromley"", ""organisationName"": ""Crown Supported Living Spaces Ltd""}",31362,exact_unique
30df1503749a0faedca6e465ae006bc627cbdd8506e12a79ca8df7708edfdfea,"{""route"": ""Worker"", ""county"": """", ""region"": """", ""industry"": ""Education"", ""subRoute"": ""Skilled Worker"", ""townCity"": ""London"", ""organisationName"": ""Noddys Nursery School Ltd""}",153779,exact_unique
30f9d2cbd778b604570f8a11f513cf6aebba2f02881b49becf79d64748f9392e,"{""route"": ""Worker"", ""county"": ""Cumbria"", ""region"": ""North West"", ""industry"": ""Public Services"", ""subRoute"": ""Skilled Worker"", ""townCity"": ""Carlisle"", ""organisationName"": ""North Cumbria Integrated Care NHS Foundation Trust""}",88036,exact_unique
313153d1e78b1a360f41925b627fa6f0043ad867cd85287a7875db455465c623,"{""route"": ""Worker"", ""county"": ""Greater London"", ""region"": ""London"", ""industry"": ""Technology"", ""subRoute"": ""Skilled Worker"", ""townCity"": ""London"", ""organisationName"": ""Methods Business and Digital Technology""}",79845,exact_unique
31477e7e54a3fefee927d94823ca43400481b3a9aa172b7a66c06766adaa37db,"{""route"": ""Worker"", ""county"": ""Lancashire"", ""region"": ""North West"", ""industry"": ""Social Care"", ""subRoute"": ""Skilled Worker"", ""townCity"": ""Accrington"", ""organisationName"": ""Vine Home Care Ltd""}",134500,exact_unique
3165452252f8444275b111e40c049d9c0b6d6352e35f489c1c3af8b02a2f79bb,"{""route"": ""Worker"", ""county"": ""West Midlands"", ""region"": ""West Midlands"", ""industry"": ""Healthcare"", ""subRoute"": ""Skilled Worker"", ""townCity"": ""Solihull"", ""organisationName"": ""Downing Dental Limited""}",36331,exact_unique
31672497529e373eef36016cb2c9cc0f9ac3f7d65fe5db8bce5c9948726aed9f,"{""route"": ""Worker"", ""county"": """", ""region"": """", ""industry"": ""Other"", ""subRoute"": ""Skilled Worker"", ""townCity"": ""Peterborough"", ""organisationName"": ""Buglife The Invertebrate Conservation Trust""}",21113,exact_unique
31707dbf6bdb30be45c82c44025fc202d3ee2e70c9d444e7a9a540f2c81e48eb,"{""route"": ""Worker"", ""county"": ""England"", ""region"": """", ""industry"": ""Healthcare"", ""subRoute"": ""Skilled Worker"", ""townCity"": ""West Midlands"", ""organisationName"": ""FIRST PRACTICE HEALTHCARE LTD""}",45017,exact_unique
3190e9464215577acc86a6ffe180c6afa70cc28326f2f1368bfd0824777e57ce,"{""route"": ""Worker"", ""county"": """", ""region"": """", ""industry"": ""Construction"", ""subRoute"": ""Skilled Worker"", ""townCity"": ""Glasgow"", ""organisationName"": ""Lochlie Construction Limited""}",73334,exact_unique
31a08fa8d718e7a33f8fde1941334951cc08e838c31c07e3c0328966d424ae58,"{""route"": ""Worker"", ""county"": """", ""region"": """", ""industry"": ""Education"", ""subRoute"": ""Skilled Worker"", ""townCity"": ""Manchester"", ""organisationName"": ""The University of Manchester Innovation Factory Limited""}",126867,exact_unique
31a32c26c0b0ceaeddbf85ae21ad95cd3cc7ac0e53d4106454594403b23811f4,"{""route"": ""Worker"", ""county"": """", ""region"": """", ""industry"": ""Engineering"", ""subRoute"": ""Skilled Worker"", ""townCity"": ""London"", ""organisationName"": ""Dornan Engineering Services Limited""}",36134,exact_unique
31acb013515d318fbcfe3eef4eb7206e0a61c38875dc89f4c7354a6f1e14d4a6,"{""route"": ""Worker"", ""county"": ""Tyne and Wear"", ""region"": ""North East"", ""industry"": ""Healthcare"", ""subRoute"": ""Skilled Worker"", ""townCity"": ""Sunderland"", ""organisationName"": ""Park Lane Dental Group""}",92992,exact_unique
31ae8ff43db8f0034f8f8e43cd46ed9b13ff475071981bd80064a9aa48921440,"{""route"": ""Worker"", ""county"": """", ""region"": """", ""industry"": ""Construction"", ""subRoute"": ""Skilled Worker"", ""townCity"": ""LEICESTER"", ""organisationName"": ""UNIBUILD CONSTRUCTION LTD""}",131744,exact_unique
31af507c8f22454c689a951359b8f71b3d99e22a224aa2f1b5eeb18eb0134104,"{""route"": ""Worker"", ""county"": ""Greater London"", ""region"": ""London"", ""industry"": ""Education"", ""subRoute"": ""Skilled Worker"", ""townCity"": ""Hayes"", ""organisationName"": ""London College of Management and Technology London Limited""}",73651,exact_unique
31bb7273c0a7b1a92a43f60ab603cd1fcc66d82be35b8001a8fbc3bff08282cf,"{""route"": ""Worker"", ""county"": """", ""region"": """", ""industry"": ""Other"", ""subRoute"": ""Skilled Worker"", ""townCity"": ""London"", ""organisationName"": ""Quartz Digital Ltd""}",99732,exact_unique
31c32dec6e20d0b4fa35d7bbe08edc2b458508a1f8488a144b834fea7f92749e,"{""route"": ""Worker"", ""county"": ""Armagh"", ""region"": ""Northern Ireland"", ""industry"": ""Other"", ""subRoute"": ""Skilled Worker"", ""townCity"": ""Crossmaglen"", ""organisationName"": ""A.P.S. Auto Parts Ltd""}",145191,exact_unique
31d3abd20f8e995befe3d7094adfff7dc9f7897bccb0ca35ed83201ec6249373,"{""route"": ""Worker"", ""county"": """", ""region"": """", ""industry"": ""Social Care"", ""subRoute"": ""Skilled Worker"", ""townCity"": ""Bolton"", ""organisationName"": ""Comfort Support Services Ltd""}",28740,exact_unique
31d8f6ee80a566439d37f5e263f4063164817a1b5fd52745d8828af7d299216a,"{""route"": ""Worker"", ""county"": """", ""region"": """", ""industry"": ""Construction"", ""subRoute"": ""Skilled Worker"", ""townCity"": ""LONDON"", ""organisationName"": ""AYLA CONSTRUCTION LTD""}",13196,exact_unique
31e5085ef4d73c67845be5ec6896d733a4978699604e364cc6337e8f3d22038a,"{""route"": ""Worker"", ""county"": ""County (optional)"", ""region"": """", ""industry"": ""Education"", ""subRoute"": ""Skilled Worker"", ""townCity"": ""London"", ""organisationName"": ""Holland Park Day Nursery""}",57216,exact_unique
31f8a9b32211e16399edfde312ca2fcdd43262bcde828c493729310a1a6050c7,"{""route"": ""Worker"", ""county"": """", ""region"": """", ""industry"": ""Other"", ""subRoute"": ""Skilled Worker"", ""townCity"": ""Cardiff"", ""organisationName"": ""Bipsync UK Ltd""}",17195,exact_unique
32013d8acb53966dbcda58c8a7b1c90c482da6e55d48c9faf0e1a44262394443,"{""route"": ""Worker"", ""county"": ""South Yorkshire"", ""region"": ""Yorkshire and the Humber"", ""industry"": ""Public Services"", ""subRoute"": ""Skilled Worker"", ""townCity"": ""Doncaster"", ""organisationName"": ""Rotherham Doncaster and South Humber NHS Foundation Trust""}",105157,exact_unique
32314e9ee92a3b41f15ecde0fe03fefa2f611034f595d970a25808889a460d31,"{""route"": ""Worker"", ""county"": ""London"", ""region"": ""London"", ""industry"": ""Healthcare"", ""subRoute"": ""Skilled Worker"", ""townCity"": ""Burnt Oak"", ""organisationName"": ""Empire Healthcare Ltd""}",40273,exact_unique
3259e3668b37f6ac43732b2a5b93d3f73f18ff3ebaddf3d33af70452657394e4,"{""route"": ""Worker"", ""county"": """", ""region"": """", ""industry"": ""Finance"", ""subRoute"": ""Skilled Worker"", ""townCity"": ""Glasgow,"", ""organisationName"": ""LITTLE STEP INVESTMENT LTD""}",72901,exact_unique
325e36f273c13fae49f2ed00fa4a0d20a6204c79cf61a37e31861f676a6af59d,"{""route"": ""Worker"", ""county"": """", ""region"": """", ""industry"": ""Technology"", ""subRoute"": ""Skilled Worker"", ""townCity"": ""Basildon"", ""organisationName"": ""Robosol Software UK Limited""}",104511,exact_unique
32798e9098175393879226389a7186b07871d20cd08fb5b5abb02ad94b9fce00,"{""route"": ""Worker"", ""county"": """", ""region"": """", ""industry"": ""Finance"", ""subRoute"": ""Skilled Worker"", ""townCity"": ""London"", ""organisationName"": ""International Asset Management Limited""}",61747,exact_unique
3291bc997293b11818d925534c559f9e5c63e20e429d5e25a7817ff89f0f92b6,"{""route"": ""Worker"", ""county"": """", ""region"": """", ""industry"": ""Retail"", ""subRoute"": ""Skilled Worker"", ""townCity"": ""Suffolk"", ""organisationName"": ""Shazan Foods Limited""}",110732,exact_unique
329b7042a42b7fd9af6d09a2d341d5a95d17a3b45e333a36357b9d7cdf174f60,"{""route"": ""Worker"", ""county"": ""Essex"", ""region"": ""East of England"", ""industry"": ""Education"", ""subRoute"": ""Skilled Worker"", ""townCity"": ""Harlow"", ""organisationName"": ""Stewards Academy Trust""}",117894,exact_unique
32a285837838bf8012e8120682f8f0b999f8c9abec8caf20472e52404f40530e,"{""route"": ""Worker"", ""county"": """", ""region"": """", ""industry"": ""Education"", ""subRoute"": ""Skilled Worker"", ""townCity"": ""London"", ""organisationName"": ""LONDON SCHOOL OF MEDICAL & HEALTH SCIENCES LIMITED""}",73913,exact_unique
32a90da4b4ff8798c203d815225d71ad43d015aa244c75c14c4bdc9c35feb978,"{""route"": ""Worker"", ""county"": """", ""region"": """", ""industry"": ""Social Care"", ""subRoute"": ""Skilled Worker"", ""townCity"": ""Walsall"", ""organisationName"": ""ECHO SUPPORTED LIVING SERVICES LTD""}",38325,exact_unique
32aa24755ea60e3c8f7da018ba39822d09d6a52e4475996f48d70cde8e1d8da8,"{""route"": ""Worker"", ""county"": ""West Sussex"", ""region"": ""South East"", ""industry"": ""Construction"", ""subRoute"": ""Skilled Worker"", ""townCity"": ""CRAWLEY"", ""organisationName"": ""GREENFIELD DEMOLITION NATIONWIDE LIMITED""}",52071,exact_unique
32b625a4737f58e3b2ac101f9dae3faad1e33c866c31e25bd4ece8ce38cd9e4b,"{""route"": ""Worker"", ""county"": """", ""region"": """", ""industry"": ""Other"", ""subRoute"": ""Skilled Worker"", ""townCity"": ""Tunbridge Wells"", ""organisationName"": ""A1 Value Add Ltd. T/As Pepe's Piri Piri""}",145280,exact_unique
32c9206b76ae576f7a5d9a7b1cdfc9b46b44b8fec1d56dc596b2d949f5d4105c,"{""route"": ""Worker"", ""county"": ""LANCASHIRE"", ""region"": ""North West"", ""industry"": ""Manufacturing"", ""subRoute"": ""Skilled Worker"", ""townCity"": ""BLACKBURN"", ""organisationName"": ""EDWARD TAYLOR TEXTILES LTD""}",38880,exact_unique
32ca557dd4918a81c5a9a88828cbafcf37bb9a1b968d81076181d54fe5dc0a8b,"{""route"": ""Worker"", ""county"": """", ""region"": """", ""industry"": ""Other"", ""subRoute"": ""Skilled Worker"", ""townCity"": ""London"", ""organisationName"": ""ADL Global Limited""}",147391,exact_unique
32cdecb47fd16a51f4a47100d08d543b94f57f0feb40ad8e218f50d1fd4046fb,"{""route"": ""Worker"", ""county"": ""North Yorkshire"", ""region"": ""Yorkshire and the Humber"", ""industry"": ""Healthcare"", ""subRoute"": ""Skilled Worker"", ""townCity"": ""Harogate"", ""organisationName"": ""Harrogate Dental Care Limited""}",54582,exact_unique
32d33e49b7ef1574f04f0adc7dc09a1bb7deb98dd512e79c3f51d006927b0c28,"{""route"": ""Worker"", ""county"": ""Essex"", ""region"": ""East of England"", ""industry"": ""Other"", ""subRoute"": ""Skilled Worker"", ""townCity"": ""DAGENHAM"", ""organisationName"": ""1CLICK STUDIO""}",143884,exact_unique
32f5620b1e29cca8856718d6e50f5675718609b758a1926e3a37562ed242f3ca,"{""route"": ""Worker"", ""county"": """", ""region"": """", ""industry"": ""Construction"", ""subRoute"": ""Skilled Worker"", ""townCity"": ""London"", ""organisationName"": ""Champion Building Services Ltd""}",25098,exact_unique
33464b1c6cff792b03967543776cc91692241a06d266c58b3c9739effb7cc944,"{""route"": ""Worker"", ""county"": """", ""region"": """", ""industry"": ""Other"", ""subRoute"": ""Skilled Worker"", ""townCity"": ""MANCHESTER"", ""organisationName"": ""7 STAR MERCHANT LTD""}",144515,exact_unique
3370d352b653d38beffca2c9f0c60820a6d42a2ea13bd8139f2bb96cc99d4a35,"{""route"": ""Worker"", ""county"": ""Merseyside"", ""region"": ""North West"", ""industry"": ""Social Care"", ""subRoute"": ""Skilled Worker"", ""townCity"": ""Liverpool"", ""organisationName"": ""ABBEYDALE NURSING HOME""}",145848,exact_unique
3389fed58083f5d991dfc1401c72ba29789700335d73bbf404baccbafede92f2,"{""route"": ""Worker"", ""county"": """", ""region"": """", ""industry"": ""Technology"", ""subRoute"": ""Skilled Worker"", ""townCity"": ""London"", ""organisationName"": ""Out In Tech Ltd""}",91678,exact_unique
338f307e5031855136508fcf5ddc784fa131e8ce84d0a9b87fb333d4ad98be11,"{""route"": ""Worker"", ""county"": """", ""region"": """", ""industry"": ""Other"", ""subRoute"": ""Skilled Worker"", ""townCity"": ""London"", ""organisationName"": ""LONDON CHURCHILL COLLEGE LTD""}",73630,exact_unique
33a3be7a8c1353ff08509a871c481c7f6fb694be90a8a7aa362314c567549556,"{""route"": ""Worker"", ""county"": ""Northamptonshire"", ""region"": ""East Midlands"", ""industry"": ""Public Services"", ""subRoute"": ""Skilled Worker"", ""townCity"": ""Kettering"", ""organisationName"": ""Northamptonshire Healthcare NHS Foundation Trust""}",88186,exact_unique
33a95acba35f2c65ea06316d82368779e829be44cfaa901d8260796b2d1fde85,"{""route"": ""Worker"", ""county"": """", ""region"": """", ""industry"": ""Public Services"", ""subRoute"": ""Skilled Worker"", ""townCity"": ""London"", ""organisationName"": ""Guy's and St. Thomas' NHS Foundation Trust""}",53124,exact_unique
33b991edf4c7fe17e08fbee70ae8532f1860887ac4b36c46ef428f02abcc5d9d,"{""route"": ""Worker"", ""county"": """", ""region"": """", ""industry"": ""Other"", ""subRoute"": ""Skilled Worker"", ""townCity"": ""LONDON"", ""organisationName"": ""Bute House Preparatory School for Girls Limited""}",21529,exact_unique
33bb8acbd7a2d029dc71a9bdc29f3a1e5008cc67cc51e11fe15820992d6d33ba,"{""route"": ""Worker"", ""county"": """", ""region"": """", ""industry"": ""Construction"", ""subRoute"": ""Skilled Worker"", ""townCity"": ""Slough"", ""organisationName"": ""VIPEN CONSTRUCTION LTD""}",134585,exact_unique
33bfaa34e4e4a2b02f96729c07ab4d9c84aac391a2567cadd50b7ad23d83e381,"{""route"": ""Worker"", ""county"": ""Leicestershire"", ""region"": ""East Midlands"", ""industry"": ""Legal & Professional"", ""subRoute"": ""Skilled Worker"", ""townCity"": ""Leicester"", ""organisationName"": ""Lote Global Investment Ltd""}",74213,exact_unique
33e8fcea5678601eb4d1005311b6c762b3638d154745f54588f2eac29cfc9031,"{""route"": ""Worker"", ""county"": """", ""region"": """", ""industry"": ""Technology"", ""subRoute"": ""Skilled Worker"", ""townCity"": ""Bellshill"", ""organisationName"": ""Tech Solutions Lanarkshire Ltd""}",122069,exact_unique
3401b4d9c563e193fc5dba4a815463872489fb059ab894a48a83018fece0db93,"{""route"": ""Worker"", ""county"": """", ""region"": """", ""industry"": ""Healthcare"", ""subRoute"": ""Skilled Worker"", ""townCity"": ""London"", ""organisationName"": ""Carnaby Dental Investments Limited T/A Carnaby Street Dental Practice""}",23661,exact_unique
3413fa63421236bf2be54c53fbbb2a717681448fec99708f53db437ded69f372,"{""route"": ""Worker"", ""county"": """", ""region"": """", ""industry"": ""Education"", ""subRoute"": ""Skilled Worker"", ""townCity"": ""London"", ""organisationName"": ""Little Agnes Nursery""}",72789,exact_unique
341e5bf85f9f666dfc390c70084eb3e82aa9952b80b8bd4fa16d58f3fe92e723,"{""route"": ""Worker"", ""county"": """", ""region"": """", ""industry"": ""Finance"", ""subRoute"": ""Skilled Worker"", ""townCity"": ""London"", ""organisationName"": ""GLOBAL STAR FINANCE LTD""}",50211,exact_unique
34298deff80db56c84970f8289de6140e8539da51f33f8927ba22f435ad95d4a,"{""route"": ""Worker"", ""county"": """", ""region"": """", ""industry"": ""Technology"", ""subRoute"": ""Skilled Worker"", ""townCity"": ""Shrewsbury"", ""organisationName"": ""Social Telecoms CIC""}",155270,exact_unique
3461e27755e1703ccb4f2a16b7cce68ed8b38b3b5d2e793df45c207f9a1fc64a,"{""route"": ""Worker"", ""county"": """", ""region"": """", ""industry"": ""Engineering"", ""subRoute"": ""Skilled Worker"", ""townCity"": ""London"", ""organisationName"": ""CHPK Fire Engineering Limited""}",26330,exact_unique
346e688c65c630c35b317850cf98012862d1ca25fce5607287553ef4929197de,"{""route"": ""Worker"", ""county"": """", ""region"": """", ""industry"": ""Finance"", ""subRoute"": ""Global Business Mobility: Senior or Specialist Worker"", ""townCity"": ""London"", ""organisationName"": ""Export-Import Bank of India""}",42890,exact_unique
348b8bcf9c86409bf008925206ef1e5c47faa1b6389654d1c8cdefffd159334b,"{""route"": ""Worker"", ""county"": ""Kent"", ""region"": ""South East"", ""industry"": ""Education"", ""subRoute"": ""Skilled Worker"", ""townCity"": ""Chislehurst"", ""organisationName"": ""Orion Education""}",91329,exact_unique
349cdcbf3a438a8acbda6091f660917a9ce452c541187c6185061dc5194ea5c1,"{""route"": ""Worker"", ""county"": """", ""region"": """", ""industry"": ""Other"", ""subRoute"": ""Skilled Worker"", ""townCity"": ""Canterbury"", ""organisationName"": ""BLISS GROWTH LTD""}",17896,exact_unique
34de132564bb9b9b9bf9784b39cb32a5d64918dc243e9a0ed6205f80f607f456,"{""route"": ""Worker"", ""county"": ""Scotland"", ""region"": ""Scotland"", ""industry"": ""Technology"", ""subRoute"": ""Skilled Worker"", ""townCity"": ""Edinburgh"", ""organisationName"": ""Storyteller Software Ltd""}",118244,exact_unique
34de4768afa51c9089dfc66e1a2ae5b30c78572becb562ec59d4843f507b4351,"{""route"": ""Worker"", ""county"": ""MANCHESTER"", ""region"": ""North West"", ""industry"": ""Other"", ""subRoute"": ""Skilled Worker"", ""townCity"": ""SALFORD"", ""organisationName"": ""ADES  SALFORD M7 LTD""}",147318,exact_unique
34e95f3a6e56fe23cda1ac542164e489f2c3ee7ab2c071d0c416dab0c4f9fb70,"{""route"": ""Worker"", ""county"": ""Cambridgeshire"", ""region"": ""East of England"", ""industry"": ""Healthcare"", ""subRoute"": ""Skilled Worker"", ""townCity"": ""Peterborough"", ""organisationName"": ""Hampton Medical Centre""}",53947,exact_unique
34f23d594316c1e138a9cf83c8f660305d661cb8f063487d2c90d0501fab3758,"{""route"": ""Worker"", ""county"": ""MIDDLESEX"", ""region"": """", ""industry"": ""Legal & Professional"", ""subRoute"": ""Skilled Worker"", ""townCity"": ""LONDON"", ""organisationName"": ""HEATHROW MEDICAL SERVICES LLP""}",55535,exact_unique
350d268fc191647447d36afa06e7506033c0794cf2f18d5bd834606ea66f545d,"{""route"": ""Worker"", ""county"": ""England"", ""region"": """", ""industry"": ""Other"", ""subRoute"": ""Skilled Worker"", ""townCity"": ""Bolton"", ""organisationName"": ""Auto Specialist Limited""}",12462,exact_unique
3524709dc32b36bf4337092b3a9758740849f3ea761c7b14c25cf530d2775d54,"{""route"": ""Worker"", ""county"": """", ""region"": """", ""industry"": ""Healthcare"", ""subRoute"": ""Skilled Worker"", ""townCity"": ""Liverpool"", ""organisationName"": ""Oak Vale Medical Centre""}",89225,exact_unique
3536a832e584e55d0e65c254ebb9f8a0bbc2665b92c9f9f6abf6703c092fbb58,"{""route"": ""Worker"", ""county"": """", ""region"": """", ""industry"": ""Technology"", ""subRoute"": ""Skilled Worker"", ""townCity"": ""Bexleyheath"", ""organisationName"": ""Alchemy Software Ltd""}",149656,exact_unique
356a55407f5153fbaf93f465f26b06e5021fd736fb4c9718ab0cc10ee88c1e24,"{""route"": ""Temporary Worker"", ""county"": ""Wiltshire"", ""region"": ""South West"", ""industry"": ""Education"", ""subRoute"": ""Charity Worker"", ""townCity"": ""Salisbury"", ""organisationName"": ""Salisbury Cathedral School""}",107310,exact_unique
357ca602b9c2bea937af3df1d7079a570a314bf558fed485c7eae14f9cc36777,"{""route"": ""Worker"", ""county"": """", ""region"": """", ""industry"": ""Transport"", ""subRoute"": ""Skilled Worker"", ""townCity"": ""Lutterworth"", ""organisationName"": ""Pod Digital Marketing Two Limited""}",96247,exact_unique
35b4e3661f890b292a336025d7e596421e98ff093fcc42d8f5d7e744e45d542a,"{""route"": ""Worker"", ""county"": ""Fermanagh"", ""region"": ""Northern Ireland"", ""industry"": ""Engineering"", ""subRoute"": ""Skilled Worker"", ""townCity"": ""Enniskillen"", ""organisationName"": ""TEEMORE ENGINEERING LIMITED""}",155705,exact_unique
35cfb1a63bc38197dfdfed5e6b826bd74e88c713665f38640e6c117944af531e,"{""route"": ""Worker"", ""county"": """", ""region"": """", ""industry"": ""Healthcare"", ""subRoute"": ""Skilled Worker"", ""townCity"": ""Holywood"", ""organisationName"": ""Healthcare Ireland Belfast LTD""}",55350,exact_unique
35e3f418f3ae1f6339e4170e3bafd503fe9c106b6272fc03b06a471fc312e1cb,"{""route"": ""Worker"", ""county"": ""Essex"", ""region"": ""East of England"", ""industry"": ""Other"", ""subRoute"": ""Skilled Worker"", ""townCity"": ""Harlow"", ""organisationName"": ""AACSL ACCOUNTANTS LTD""}",145480,exact_unique
35e50f421f314ce0a358d26ee95a266458314014992d7957f70474dcfd718967,"{""route"": ""Worker"", ""county"": """", ""region"": """", ""industry"": ""Technology"", ""subRoute"": ""Skilled Worker"", ""townCity"": ""Bristol"", ""organisationName"": ""Wedo Technology Solutions Ltd""}",136556,exact_unique
35e574a2a1cbba087f50630e456cd974cd89107a46190f568477b28a3e7118c4,"{""route"": ""Worker"", ""county"": """", ""region"": """", ""industry"": """", ""subRoute"": ""Skilled Worker"", ""townCity"": ""Surbiton"", ""organisationName"": ""ELECTRIC4U ELECTRICAL SERVICES LTD""}",154250,exact_unique
35eb06e7ef826b6f08f55efd0dcba4d35c096c8b58dad602bc6cf094e6859c4b,"{""route"": ""Worker"", ""county"": ""Cornwall"", ""region"": ""South West"", ""industry"": ""Social Care"", ""subRoute"": ""Skilled Worker"", ""townCity"": ""Penzance"", ""organisationName"": ""Willbern Care Limited T/a Courtlands Care Home""}",137845,exact_unique
35eb3c69dbc49958fafc23d7d19e91ee1dda0f74555489239790b98f5a52d4e4,"{""route"": ""Worker"", ""county"": ""Lancashire"", ""region"": ""North West"", ""industry"": ""Other"", ""subRoute"": ""Skilled Worker"", ""townCity"": ""Leigh"", ""organisationName"": ""AB World Foods Ltd""}",145727,exact_unique
35f2f3967865a251ba98e397051f9858843bd978c799e6f42647dc61835bdcb9,"{""route"": ""Worker"", ""county"": """", ""region"": """", ""industry"": ""Finance"", ""subRoute"": ""Skilled Worker"", ""townCity"": ""London"", ""organisationName"": ""US Tax & Financial Services Ltd""}",132749,exact_unique
35fbfe18e35a50026faa2af1515067297173779abb8c3b3703888b307afb112e,"{""route"": ""Worker"", ""county"": """", ""region"": """", ""industry"": ""Social Care"", ""subRoute"": ""Skilled Worker"", ""townCity"": ""Maidenhead"", ""organisationName"": ""Applegarth Care Home Limited""}",152908,exact_unique
3626127301a5a1ef4e759463d457d9a5e7569f9b42c1f58b69e74c8acbc50e45,"{""route"": ""Worker"", ""county"": ""Middlesex"", ""region"": """", ""industry"": ""Social Care"", ""subRoute"": ""Skilled Worker"", ""townCity"": ""London"", ""organisationName"": ""Seva Education, Health & Care Ltd""}",110021,exact_unique
3637adaa60284be6db3eada20ddafe2c8e993949c254a49a7eecfe0965508133,"{""route"": ""Worker"", ""county"": ""Co. Tyrone"", ""region"": """", ""industry"": ""Healthcare"", ""subRoute"": ""Skilled Worker"", ""townCity"": ""Dungannon"", ""organisationName"": ""Mid Ulster Health Care""}",80337,exact_unique
364ea6baaaeb39be588cf37f4b1379af07f588031026255bc768204dccd3b6b9,"{""route"": ""Worker"", ""county"": """", ""region"": """", ""industry"": ""Education"", ""subRoute"": ""Skilled Worker"", ""townCity"": ""Manchester"", ""organisationName"": ""Pathfinder Educational Limited""}",93365,exact_unique
369491e9dfb9b1005aba6e08d554ac61da46e242dfd6290f72a7f5e703f8da6b,"{""route"": ""Worker"", ""county"": """", ""region"": """", ""industry"": ""Finance"", ""subRoute"": ""Skilled Worker"", ""townCity"": ""LONDON"", ""organisationName"": ""I P S TERRONI INSURANCE SERVICES LTD""}",58991,exact_unique
369eca1c7fad6a107baa0df7c90f10bbd7de1114064650f00b65850c110ccfbe,"{""route"": ""Worker"", ""county"": """", ""region"": """", ""industry"": ""Other"", ""subRoute"": ""Skilled Worker"", ""townCity"": ""London"", ""organisationName"": ""London Sports Academy Limited""}",73949,exact_unique
36b43ee7982af1c14acdda3a78e72125aa30839fa3f38d26a2720dadf2a9a507,"{""route"": ""Worker"", ""county"": ""Middlesex"", ""region"": """", ""industry"": ""Other"", ""subRoute"": ""Skilled Worker"", ""townCity"": ""Uxbridge"", ""organisationName"": ""Oak Wood School""}",89227,exact_unique
36c2059eba62f9bd4129b2ac6a861aa554040d2f5521ec51b8ca25c53c3b16b4,"{""route"": ""Worker"", ""county"": """", ""region"": """", ""industry"": ""Other"", ""subRoute"": ""Skilled Worker"", ""townCity"": ""Belfast"", ""organisationName"": ""Multi-Health Systems UK Ltd""}",154105,exact_unique
36e67b075fb29c05f5e726164cd447457a6b9f980f18d6f902b25601b7595826,"{""route"": ""Worker"", ""county"": """", ""region"": """", ""industry"": ""Finance"", ""subRoute"": ""Skilled Worker"", ""townCity"": ""London"", ""organisationName"": ""ABASYN ASSET MANAGEMENT LIMITED""}",145770,exact_unique
3705cd429d0b7888b960cb35699d0cf915386147ffd6c8d7d30d3847c29eaf7b,"{""route"": ""Worker"", ""county"": """", ""region"": """", ""industry"": ""Education"", ""subRoute"": ""Skilled Worker"", ""townCity"": ""Burgess Hill"", ""organisationName"": ""University of Brighton Academies Trust""}",132284,exact_unique
3721b28ad7125fa06d46c7479f5750865a1b6790ef814cd8cbeb969450c8e7ce,"{""route"": ""Worker"", ""county"": ""LANCASHIRE"", ""region"": ""North West"", ""industry"": ""Manufacturing"", ""subRoute"": ""Skilled Worker"", ""townCity"": ""ACCRINGTON"", ""organisationName"": ""BMP EUROPE LIMITED""}",18433,exact_unique
373c2890dcc1df01597dd81b4b0aa84a3996ad9ff2a668693124ae56ae2bd7c3,"{""route"": ""Worker"", ""county"": ""Nottinghamshire"", ""region"": ""East Midlands"", ""industry"": ""Public Services"", ""subRoute"": ""Skilled Worker"", ""townCity"": ""Nottingham"", ""organisationName"": ""Nottinghamshire Healthcare NHS Foundation Trust""}",88511,exact_unique
3744ba05ed37160b2b7798c2ad36443a68d558a087b3b4f1451efc58b2112466,"{""route"": ""Worker"", ""county"": """", ""region"": """", ""industry"": ""Education"", ""subRoute"": ""Skilled Worker"", ""townCity"": ""Bristol"", ""organisationName"": ""The Olympus Academy Trust""}",125758,exact_unique
379e175932cf2032c2f1bca9f274c754610789ae91edc0b50b66339570c2840b,"{""route"": ""Worker"", ""county"": """", ""region"": """", ""industry"": ""Other"", ""subRoute"": ""Skilled Worker"", ""townCity"": ""HAMPTON"", ""organisationName"": ""ZZN STUDIO LTD""}",141564,exact_unique
379f2d0f26479fdf50d2b32557512acd199fc81644982f18ecae196d62cbbf8f,"{""route"": ""Worker"", ""county"": """", ""region"": """", ""industry"": ""Technology"", ""subRoute"": ""Skilled Worker"", ""townCity"": ""Oxford"", ""organisationName"": ""Black Cow Technology Limited""}",17585,exact_unique
37a196322108628844017ca72e555f8e69e9fb44cb5fd819b07e726bf4198ee7,"{""route"": ""Worker"", ""county"": """", ""region"": """", ""industry"": ""Other"", ""subRoute"": ""Skilled Worker"", ""townCity"": ""London"", ""organisationName"": ""NCM FINANCIAL UK LTD""}",85529,exact_unique
37a908913778d03c901148944f387a0b22a73c1cf8dcbbc16dd1b144c499ddf8,"{""route"": ""Worker"", ""county"": """", ""region"": """", ""industry"": ""Construction"", ""subRoute"": ""Skilled Worker"", ""townCity"": ""Glasgow"", ""organisationName"": ""Platine Construction Ltd""}",95947,exact_unique
37b5afdaa6c386162f50f0fcba157a4b34a7ec256e4174d3f526cc345eb9e4f1,"{""route"": ""Worker"", ""county"": """", ""region"": """", ""industry"": ""Healthcare"", ""subRoute"": ""Skilled Worker"", ""townCity"": ""London"", ""organisationName"": ""Novo Dental Limited""}",88629,exact_unique
37b6e7184f5cd4005d12109d16c871b9cbf8465d7c3bca59ce3db247184aac14,"{""route"": ""Worker"", ""county"": """", ""region"": """", ""industry"": ""Other"", ""subRoute"": ""Skilled Worker"", ""townCity"": ""Hayes"", ""organisationName"": ""AK Builders Merchants Limited""}",148963,exact_unique
37c5187b82901d7664429c8a7e98e529fe93f3d967f7a02d05ff5df381ae0b03,"{""route"": ""Worker"", ""county"": """", ""region"": """", ""industry"": ""Other"", ""subRoute"": ""Skilled Worker"", ""townCity"": ""Newmarket"", ""organisationName"": ""555 Business Ltd T/A Subway""}",144446,exact_unique
37d592a3f6d79e80098593b7a446db642b1fee1b09f3cd5cfc349d6dc62b2ea5,"{""route"": ""Worker"", ""county"": ""Essex"", ""region"": ""East of England"", ""industry"": ""Other"", ""subRoute"": ""Skilled Worker"", ""townCity"": ""Ingatestone"", ""organisationName"": ""Anglo European School""}",152136,exact_unique
37e96eda1407271b457833d8ab55a2634dd7e7b618138ec4656e9b20bdf22360,"{""route"": ""Worker"", ""county"": """", ""region"": """", ""industry"": """", ""subRoute"": ""Skilled Worker"", ""townCity"": ""Banbury"", ""organisationName"": ""Blessed George Napier Catholic School""}",154228,exact_unique
3809fe796dc9e4c044720521856afb4ca27e79a9ca13704714ad95abcac86651,"{""route"": ""Worker"", ""county"": """", ""region"": """", ""industry"": ""Other"", ""subRoute"": ""Skilled Worker"", ""townCity"": ""London"", ""organisationName"": ""Adnan Cricket Academy Ltd""}",147436,exact_unique
3811b6eaa9e462c1cdeff07a336cea61a7974ff3225710997c433696d1af0be1,"{""route"": ""Worker"", ""county"": """", ""region"": """", ""industry"": ""Healthcare"", ""subRoute"": ""Skilled Worker"", ""townCity"": ""LONDON"", ""organisationName"": ""CURIS HEALTHCARE INVESTMENTS LTD""}",31780,exact_unique
3814746691f6a853cf2a33047c860c9eb4836513a4683f02dfadbe58778455d5,"{""route"": ""Worker"", ""county"": """", ""region"": """", ""industry"": ""Education"", ""subRoute"": ""Skilled Worker"", ""townCity"": ""London"", ""organisationName"": ""Newton Co-Educational Preparatory School""}",86778,exact_unique
381d783f3e53c9882ebb10e48407e9e2728857a1b98dda9b13a6d56731ffd155,"{""route"": ""Worker"", ""county"": """", ""region"": """", ""industry"": ""Construction"", ""subRoute"": ""Skilled Worker"", ""townCity"": ""London"", ""organisationName"": ""Smart Home Design and Construction Ltd""}",113442,exact_unique
38251ddabfcd078ede7711a7ff70d351053e9435412b16d6f69252e632891db7,"{""route"": ""Worker"", ""county"": ""Essex"", ""region"": ""East of England"", ""industry"": ""Healthcare"", ""subRoute"": ""Skilled Worker"", ""townCity"": ""Brentwood"", ""organisationName"": ""EBONY HEALTHCARE SERVICES LIMITED""}",38241,exact_unique
384eebf8c101ca1bbaac851edcde8a528a6225124f9bec8ea728738fd42465e0,"{""route"": ""Worker"", ""county"": ""West Lothian"", ""region"": ""Scotland"", ""industry"": ""Other"", ""subRoute"": ""Skilled Worker"", ""townCity"": ""Livingston"", ""organisationName"": ""ACLAS Technics Ltd""}",146722,exact_unique
3858f86be868bbbf994a3d6329bf26a2921bcee41f12e83772beb56e3ba29ce5,"{""route"": ""Worker"", ""county"": ""Bedfordshire"", ""region"": ""East of England"", ""industry"": ""Engineering"", ""subRoute"": ""Skilled Worker"", ""townCity"": ""Dunstable"", ""organisationName"": ""Laus Engineering Limited""}",70949,exact_unique
385bfa3be733f7b657e9e1d85c53eb5aac47354397593b67ca99dd553041a9e8,"{""route"": ""Worker"", ""county"": ""Dorset"", ""region"": ""South West"", ""industry"": ""Healthcare"", ""subRoute"": ""Skilled Worker"", ""townCity"": ""POOLE"", ""organisationName"": ""Automeds Pharmacy Ltd""}",12522,exact_unique
386a4bfcf3ec43a9dd73e5efea8f2d46c8f88a7dbc62ad33e6f71353202cd4f0,"{""route"": ""Worker"", ""county"": ""Greater Manchester,"", ""region"": """", ""industry"": ""Engineering"", ""subRoute"": ""Skilled Worker"", ""townCity"": ""Wythenshawe"", ""organisationName"": ""AUTOCONTROL PROCESS INSTRUMENTATION LTD""}",12482,exact_unique
38739cc8c34967d739ff1307e77db474fc671f33fc50679549ae9f1108bdbf7d,"{""route"": ""Worker"", ""county"": """", ""region"": """", ""industry"": ""Social Care"", ""subRoute"": ""Skilled Worker"", ""townCity"": ""Essex"", ""organisationName"": ""Towertrend Limited t/a Honey Lane Care Home""}",142929,exact_unique
38782cd8e229562f41c2665bf684df07c331e078ee64276e496575d7cda381c8,"{""route"": ""Worker"", ""county"": """", ""region"": """", ""industry"": ""Other"", ""subRoute"": ""Skilled Worker"", ""townCity"": ""Slough"", ""organisationName"": ""3AK Slough Limited t/a J. Junaid Jamshed by Janan""}",144198,exact_unique
387b788f5f606a88a700356ac928c717021f8bcc31485672e84d939dd3be0572,"{""route"": ""Worker"", ""county"": ""Wrexham"", ""region"": ""Wales"", ""industry"": ""Technology"", ""subRoute"": ""Skilled Worker"", ""townCity"": ""Wrexham"", ""organisationName"": ""ESI Technology Ltd""}",41465,exact_unique
388af2a35a6cefa599d827e00eaa7371d1c7cd6c78f105b01c3d80b8d27c1a56,"{""route"": ""Worker"", ""county"": ""Kent"", ""region"": ""South East"", ""industry"": ""Social Care"", ""subRoute"": ""Skilled Worker"", ""townCity"": ""Westgate-On-Sea"", ""organisationName"": ""Charing Lodge Limited (T/A St. Michael's Nursing Home)""}",25256,exact_unique
388e33127350d1de2038a16f5a14276223b3d078fd54ba8af818ac99d5792f93,"{""route"": ""Worker"", ""county"": """", ""region"": """", ""industry"": ""Transport"", ""subRoute"": ""Skilled Worker"", ""townCity"": ""Ipswich"", ""organisationName"": ""A S London Express Transport Ltd""}",144922,exact_unique
38998e15cada337ea2bd8c0e0e36a2ee15a3cd93dd6386cb40d5a4cebf4de592,"{""route"": ""Worker"", ""county"": """", ""region"": """", ""industry"": ""Other"", ""subRoute"": ""Global Business Mobility: Senior or Specialist Worker"", ""townCity"": ""London"", ""organisationName"": ""Shanghai Foreign Investment Development Board, London Office""}",110518,exact_unique
38a6b47af309792e6331c31c4af1d539184eba0144cc5d1a2660a8b20102237c,"{""route"": ""Worker"", ""county"": """", ""region"": """", ""industry"": ""Public Services"", ""subRoute"": ""Skilled Worker"", ""townCity"": ""Stevenage"", ""organisationName"": ""East & North Hertfordshire NHS Trust""}",37830,exact_unique
38a73b4d615220f4ee02538c7cc1c506a024faa697e529fb8adc76392487b20b,"{""route"": ""Worker"", ""county"": """", ""region"": """", ""industry"": ""Construction"", ""subRoute"": ""Skilled Worker"", ""townCity"": ""London"", ""organisationName"": ""Ocean Construction Services Ltd""}",89517,exact_unique
38b268968fbe34e7c44cd5a570d30329c5cb04062a47f2b3ec1ff1e5ed5d4d4c,"{""route"": ""Worker"", ""county"": ""Wilts"", ""region"": """", ""industry"": ""Public Services"", ""subRoute"": ""Skilled Worker"", ""townCity"": ""Salisbury"", ""organisationName"": ""Salisbury NHS Foundation Trust""}",107315,exact_unique
38ba4b446a69525d61cb215c04d6477b52fc904f1656bb8289ee3f7b5a5b46f9,"{""route"": ""Worker"", ""county"": """", ""region"": """", ""industry"": ""Other"", ""subRoute"": ""Skilled Worker"", ""townCity"": ""London"", ""organisationName"": ""ADMISSION NETWORK LTD""}",147429,exact_unique
38c94213773b4591f15188a6abfbfb0b63f552169a332241333992c7d706d6bd,"{""route"": ""Worker"", ""county"": """", ""region"": """", ""industry"": ""Technology"", ""subRoute"": ""Skilled Worker"", ""townCity"": ""Barking"", ""organisationName"": ""AYZTECH IT SOLUTIONS LIMITED""}",13271,exact_unique
38d4787910d710367b6f0c871d35f40b9bc550210ff04e0a5fc35623be6320ac,"{""route"": ""Worker"", ""county"": ""Hampshire"", ""region"": ""South East"", ""industry"": ""Other"", ""subRoute"": ""Skilled Worker"", ""townCity"": ""Romsey"", ""organisationName"": ""A-2-Sea Solutions Limited""}",145085,exact_unique
38de73488da20bda2c5f8261681a8f9377d97af62d73db3eb41351b50d2065d4,"{""route"": ""Worker"", ""county"": ""Kent"", ""region"": ""South East"", ""industry"": ""Healthcare"", ""subRoute"": ""Skilled Worker"", ""townCity"": ""Sevenoaks"", ""organisationName"": ""Sevenoaks Clinic Ltd""}",110081,exact_unique
38e0fb560fa62ae6e23081e5e5ff7d2338a788a086a8940be42f916934384793,"{""route"": ""Worker"", ""county"": """", ""region"": """", ""industry"": ""Education"", ""subRoute"": ""Skilled Worker"", ""townCity"": ""London"", ""organisationName"": ""The London College of Style Ltd""}",125288,exact_unique
3903a43c8257a74428223c0744aa1bf659a944a948cb5826b52ab48e82cf3daf,"{""route"": ""Worker"", ""county"": ""Cambridgeshire"", ""region"": ""East of England"", ""industry"": ""Education"", ""subRoute"": ""Skilled Worker"", ""townCity"": ""Cambridge"", ""organisationName"": ""Great and Little Shelford CE (A) Primary School""}",51731,exact_unique
390edaf9c1636dbc77c09f3eea50789fa4b014f4db29017d0f9003b958a086b0,"{""route"": ""Worker"", ""county"": ""Northumberland"", ""region"": ""North East"", ""industry"": ""Social Care"", ""subRoute"": ""Skilled Worker"", ""townCity"": ""Morpeth"", ""organisationName"": ""Elpha Lodge Residential Care Home Limited""}",39908,exact_unique
390f003bcacc139af1c5b709c359db64fb66979a58b4b6a063123ee8af9f5d9d,"{""route"": ""Worker"", ""county"": """", ""region"": """", ""industry"": ""Education"", ""subRoute"": ""Skilled Worker"", ""townCity"": ""London"", ""organisationName"": ""Anglo Chinese School of London Limited""}",152134,exact_unique
39138da20f4c24f54b82d6f12ddc5bebbb89be8a647589232a60b16cbcb9d13a,"{""route"": ""Worker"", ""county"": ""Herts"", ""region"": """", ""industry"": ""Education"", ""subRoute"": ""Skilled Worker"", ""townCity"": ""Hatfield"", ""organisationName"": ""Queenswood School Limited""}",99832,exact_unique
392034cb07fdfba95c3648b3c491feb49b7f0cf3d590307602fc2e2125c3dd67,"{""route"": ""Worker"", ""county"": ""Cheshire"", ""region"": ""North West"", ""industry"": ""Other"", ""subRoute"": ""Skilled Worker"", ""townCity"": ""Hyde"", ""organisationName"": ""Louver-lite Limited""}",74320,exact_unique
393e57e5cf489f467dd34cd3070643fe925f1df58c52ce1b65c29c2fa0d332bc,"{""route"": ""Worker"", ""county"": """", ""region"": """", ""industry"": ""Other"", ""subRoute"": ""Skilled Worker"", ""townCity"": ""Norwich"", ""organisationName"": ""Next Geosolutions UKCS Limited""}",86852,exact_unique
3964a0bbe37d4cf299e8cd9d7e30192bb07e776f858159bd09a0c2253963654c,"{""route"": ""Worker"", ""county"": """", ""region"": """", ""industry"": ""Education"", ""subRoute"": ""Skilled Worker"", ""townCity"": ""Cambridge"", ""organisationName"": ""Fitzwilliam College in the University of Cambridge""}",45193,exact_unique
39703ffaac12e661573af6dd1b3e249ccf86c7bf464ad6f0eb8c4a953492150a,"{""route"": ""Worker"", ""county"": """", ""region"": """", ""industry"": ""Technology"", ""subRoute"": ""Skilled Worker"", ""townCity"": ""London"", ""organisationName"": ""Redev AI Ltd""}",102154,exact_unique
39780b8f465edade806963698da9b41794fa543e7df83827b522ab9ed1fb6985,"{""route"": ""Worker"", ""county"": """", ""region"": """", ""industry"": ""Technology"", ""subRoute"": ""Skilled Worker"", ""townCity"": ""Northamptonshire"", ""organisationName"": ""A2Z SOFTWARE SOLUTIONS LIMITED""}",145325,exact_unique
397da636f756b0d9a026b48780275d563e5a6db9e26f6a68004ca0bd63351c31,"{""route"": ""Worker"", ""county"": ""Tyne and Wear"", ""region"": ""North East"", ""industry"": ""Engineering"", ""subRoute"": ""Skilled Worker"", ""townCity"": ""Gateshead"", ""organisationName"": ""ZIV Automation UK Limited""}",141333,exact_unique
3992cbe68ac6570c22ecba7bf8087c13add4f3f0d14288132db4f1f5377d9fb9,"{""route"": ""Worker"", ""county"": ""Colchester"", ""region"": """", ""industry"": ""Other"", ""subRoute"": ""Skilled Worker"", ""townCity"": ""Great Bromley"", ""organisationName"": ""AARIA RETAIL UK LTD T/A Costcutter""}",145596,exact_unique
39bb4b72aa47fdfcdf3d46e0c60ed82f57c552d8683ad80dcdef83843ef90bbd,"{""route"": ""Worker"", ""county"": ""Aberdeenshire"", ""region"": ""Scotland"", ""industry"": ""Healthcare"", ""subRoute"": ""Skilled Worker"", ""townCity"": ""Aberdeen"", ""organisationName"": ""Aberdeen Osteopathy Clinic LTD""}",146006,exact_unique
39ca140662c66e282060b28a96902b6018d459ec72564938a6279177c23e024e,"{""route"": ""Worker"", ""county"": """", ""region"": """", ""industry"": ""Engineering"", ""subRoute"": ""Skilled Worker"", ""townCity"": ""Lincoln"", ""organisationName"": ""Civile Engineering Ltd""}",141870,exact_unique
39f4a989ca07aa082782dbc9a91bc4a5d96f76b0f078e251e1d45ba266855ecc,"{""route"": ""Worker"", ""county"": """", ""region"": """", ""industry"": ""Other"", ""subRoute"": ""Skilled Worker"", ""townCity"": ""London"", ""organisationName"": ""A Z REAL ESTATE LIMITED""}",144974,exact_unique
3a17e4c7d97f27f424db148f3bc0d5ecf2c4b88a590c4548091fef91097e8c02,"{""route"": ""Worker"", ""county"": """", ""region"": """", ""industry"": ""Healthcare"", ""subRoute"": ""Skilled Worker"", ""townCity"": ""Grantham"", ""organisationName"": ""Blumont Pharma Ltd""}",18362,exact_unique
3a201f7f17500fff9ebc95caa9d1ba2419f054473ae655cb088c7828fe473a5a,"{""route"": ""Worker"", ""county"": ""Greater London"", ""region"": ""London"", ""industry"": ""Other"", ""subRoute"": ""Skilled Worker"", ""townCity"": ""London"", ""organisationName"": ""ABC Maintence London""}",145916,exact_unique
3a4c051bef7d588783b067ab23ed3c6cb7affe3d48e5578435a8ecc8b0f39812,"{""route"": ""Worker"", ""county"": ""Hampshire"", ""region"": ""South East"", ""industry"": ""Education"", ""subRoute"": ""Skilled Worker"", ""townCity"": ""Alresford"", ""organisationName"": ""Vita Multi Academy Trust""}",155460,exact_unique
3a4e81a59365ac5fa085cd47d202485254ab32f39bdddfd397024e9361c4d497,"{""route"": ""Worker"", ""county"": """", ""region"": """", ""industry"": ""Technology"", ""subRoute"": ""Skilled Worker"", ""townCity"": ""Illford"", ""organisationName"": ""Avatar Tech Limited""}",12691,exact_unique
3a5762b5dfaa8a2908c108299f3f6495e106b2010f8aedef65bcde98331ca9b9,"{""route"": ""Worker"", ""county"": """", ""region"": """", ""industry"": ""Other"", ""subRoute"": ""Skilled Worker"", ""townCity"": ""London"", ""organisationName"": ""101 Ways Limited""}",143782,exact_unique
3a5a110b09aca973e71e7d79bc026894e5c3c4dd1ba1e208d7dfb465e1b83b1b,"{""route"": ""Worker"", ""county"": """", ""region"": """", ""industry"": ""Retail"", ""subRoute"": ""Skilled Worker"", ""townCity"": ""MANSFIELD"", ""organisationName"": ""WESTFIELD CONVENIENCE STORE""}",137180,exact_unique
3a67a88baab68a12c8d97e7411d9169d8b2b506e4aab06c2d01c7dd0f36da4b6,"{""route"": ""Worker"", ""county"": """", ""region"": """", ""industry"": ""Other"", ""subRoute"": ""Skilled Worker"", ""townCity"": ""Worcestershire"", ""organisationName"": ""SERVICOM (HIGH TECH) LIMITED""}",109966,exact_unique
3a783ac6bc23ebaa13e3b7209a0b9ce542da3205a84c461f70c87b5924a7c809,"{""route"": ""Worker"", ""county"": ""Cheshire"", ""region"": ""North West"", ""industry"": ""Education"", ""subRoute"": ""Skilled Worker"", ""townCity"": ""NORTHWICH"", ""organisationName"": ""Kaleidoscope Learning Trust""}",142288,exact_unique
3a82a9b4949b1b2a97e7b6d99f26894a07c635a538bd92ae6b2aecdde8ad734a,"{""route"": ""Worker"", ""county"": """", ""region"": """", ""industry"": ""Other"", ""subRoute"": ""Skilled Worker"", ""townCity"": ""London"", ""organisationName"": ""60X Ltd""}",144477,exact_unique
3a9d4b5a21b52c86d9f0025eefb1dedbc9e596f8a8ac1d03cf62b7a1e741a708,"{""route"": ""Worker"", ""county"": ""Tyrone"", ""region"": ""Northern Ireland"", ""industry"": ""Engineering"", ""subRoute"": ""Skilled Worker"", ""townCity"": ""Dungannon"", ""organisationName"": ""GLENFORT TIMBER ENGINEERING LIMITED""}",49855,exact_unique
3ac88eec831d23e910c92dafbce26918a820f6f8bfb25b930e3d94fb4d833ace,"{""route"": ""Worker"", ""county"": """", ""region"": """", ""industry"": ""Retail"", ""subRoute"": ""Skilled Worker"", ""townCity"": ""BARKING"", ""organisationName"": ""BK.LEATHER LIMITED""}",17528,exact_unique
3acae2ef2130a3cba1db2a63cfc104135346e72b066e589ca6a693e91d7aa5f4,"{""route"": ""Worker"", ""county"": """", ""region"": """", ""industry"": ""Other"", ""subRoute"": ""Skilled Worker"", ""townCity"": ""CREWE"", ""organisationName"": ""24X7 CHESTER LIMITED""}",144021,exact_unique
3ad17bb48f812d715389cc4f5bf25362033fab4debf32486cbe351760b2b4a23,"{""route"": ""Worker"", ""county"": """", ""region"": """", ""industry"": ""Other"", ""subRoute"": ""Tier 2 Ministers of Religion"", ""townCity"": ""Bridgend"", ""organisationName"": ""Llandaff Diocesan Board of Finance""}",73160,exact_unique
3b2549ed842ac1b0db4f7174469bcbc035d0d60a62949ad8c38b4228b3e466fc,"{""route"": ""Worker"", ""county"": ""Wiltshire"", ""region"": ""South West"", ""industry"": ""Other"", ""subRoute"": ""Skilled Worker"", ""townCity"": ""Swindon"", ""organisationName"": ""PHONE TECH GL1 LTD""}",95032,exact_unique
3b3b0ee9eef8a0949b03e11a0f2b87d82f3d7a464a5bd6c9f8720de53f89c065,"{""route"": ""Worker"", ""county"": ""Essex"", ""region"": ""East of England"", ""industry"": ""Education"", ""subRoute"": ""Skilled Worker"", ""townCity"": ""Leigh-on-Sea"", ""organisationName"": ""Eastwood Park Academy Trust""}",38075,exact_unique
3b5542ee11d039b6e27a40d0904e5ee7f8b8cf4182e7d7ba7153633adb20cad7,"{""route"": ""Worker"", ""county"": ""Wiltshire"", ""region"": ""South West"", ""industry"": ""Education"", ""subRoute"": ""Skilled Worker"", ""townCity"": ""Salisbury"", ""organisationName"": ""Wiltshire College & University Centre""}",138043,exact_unique
3b580f1d915a15bc2ed7f040da9f4550dbe36d20f99a75bacd0ceada402d1e45,"{""route"": ""Worker"", ""county"": ""Kent"", ""region"": ""South East"", ""industry"": ""Technology"", ""subRoute"": ""Skilled Worker"", ""townCity"": ""Maidstone"", ""organisationName"": ""Reflect Digital Ltd""}",102299,exact_unique
3b631c7027a4b7d2a0b0e9d47abf910dbce12eb1276924e305ef49e29d29f515,"{""route"": ""Worker"", ""county"": ""London"", ""region"": ""London"", ""industry"": ""Healthcare"", ""subRoute"": ""Skilled Worker"", ""townCity"": ""London"", ""organisationName"": ""Heronsgate Dental & Facial""}",55985,exact_unique
3b73694b68f67b99b7ddafe9960e72f1be7e4cfa706f14721618ac01898cf3cd,"{""route"": ""Worker"", ""county"": ""grampian"", ""region"": """", ""industry"": ""Healthcare"", ""subRoute"": ""Skilled Worker"", ""townCity"": ""aberdeen"", ""organisationName"": ""kincorth dental practice""}",68074,exact_unique
3b77f64b5d13c176bdd6ba212bf67893ab9b1bf223337435723cbc172fe4455c,"{""route"": ""Worker"", ""county"": """", ""region"": """", ""industry"": ""Construction"", ""subRoute"": ""Skilled Worker"", ""townCity"": ""London"", ""organisationName"": ""SHAH CONSTRUCTION LIMITED""}",110319,exact_unique
3b7a3440eaf6bc8aa4a3a993634675c51fcf66d90d822425a162211f052d44c4,"{""route"": ""Worker"", ""county"": ""Bedfordshire"", ""region"": ""East of England"", ""industry"": ""Healthcare"", ""subRoute"": ""Skilled Worker"", ""townCity"": ""Luton"", ""organisationName"": ""BISCOT PHARMACY LTD""}",17367,exact_unique
3b7c57c68e289aa516edc15d733cefb19a07ee362bdcd674d130872aef46dbc5,"{""route"": ""Worker"", ""county"": """", ""region"": """", ""industry"": ""Healthcare"", ""subRoute"": ""Skilled Worker"", ""townCity"": ""Leeds"", ""organisationName"": ""Alas Healthcare (Leeds)""}",149520,exact_unique
3b948da717222e61fa3f0a4f71da4cc55a8fa5ef1c68b41c1a99503d7eb33804,"{""route"": ""Worker"", ""county"": ""19/07729/FUL"", ""region"": """", ""industry"": ""Engineering"", ""subRoute"": ""Skilled Worker"", ""townCity"": ""High Wycombe"", ""organisationName"": ""O'Neill Engineering Consultancy Limited""}",89156,exact_unique
3baec53b455459f70611558c37619c4140e023bfc464ec56e975094c46b8e032,"{""route"": ""Worker"", ""county"": ""Middlesex"", ""region"": """", ""industry"": ""Construction"", ""subRoute"": ""Skilled Worker"", ""townCity"": ""West Drayton"", ""organisationName"": ""Nandha Construction Ltd""}",84913,exact_unique
3bbf7a168a33f66d88bf4f5898b9ac96fea88a8cdf2674c84c30e5917d123b28,"{""route"": ""Worker"", ""county"": ""WEST MIDLANDS"", ""region"": ""West Midlands"", ""industry"": ""Transport"", ""subRoute"": ""Skilled Worker"", ""townCity"": ""WEDNESBURY"", ""organisationName"": ""BJS HAULAGE LIMITED""}",17506,exact_unique
3bca69006ff17892dbb3ed9f97f7e761a5508e4d52e522e1f2e9efafa528880b,"{""route"": ""Worker"", ""county"": ""Bedfordshire"", ""region"": ""East of England"", ""industry"": ""Education"", ""subRoute"": ""Skilled Worker"", ""townCity"": ""Luton"", ""organisationName"": ""University of Bedfordshire""}",132275,exact_unique
3bd769431ebcbe8d154c02e865e6b9357731faed252efee51188e0906ce64c52,"{""route"": ""Worker"", ""county"": """", ""region"": """", ""industry"": ""Healthcare"", ""subRoute"": ""Skilled Worker"", ""townCity"": ""Gorebridge"", ""organisationName"": ""GHC Healthcare Ltd""}",49294,exact_unique
3bef6a197a3e3b0abfd7805f0bba26c1457f8a84a7e7d41ba7c1b458cdb35097,"{""route"": ""Worker"", ""county"": """", ""region"": """", ""industry"": ""Technology"", ""subRoute"": ""Skilled Worker"", ""townCity"": ""LONDON"", ""organisationName"": ""APPLY4 TECHNOLOGY LIMITED""}",152954,exact_unique
3bf135448ee4566c0df4c1f2f02ba32693c156a0e9d784d64731818d8245f301,"{""route"": ""Worker"", ""county"": ""Essex"", ""region"": ""East of England"", ""industry"": ""Other"", ""subRoute"": ""Skilled Worker"", ""townCity"": ""Hockley"", ""organisationName"": ""1stCurve Limited""}",143943,exact_unique
3c0138848650d2cc1194adf3b45ff4c5c2a1fc0ccb5b6794989cc792690247ed,"{""route"": ""Worker"", ""county"": """", ""region"": """", ""industry"": ""Construction"", ""subRoute"": ""Skilled Worker"", ""townCity"": ""London"", ""organisationName"": ""Patel & Son Construction Limited""}",93328,exact_unique
3c4892763e69988a7e7cd4acb8542ceb6acdfc94b3504efc25a6a10e44c60686,"{""route"": ""Worker"", ""county"": ""Cleveland"", ""region"": """", ""industry"": ""Public Services"", ""subRoute"": ""Skilled Worker"", ""townCity"": ""Middlesbrough"", ""organisationName"": ""South Tees Hospital NHS Foundation Trust""}",114911,exact_unique
3c53d3cca25cfd2b6ed99848dce6bd3d417632a62e2cbe8e9f8ec7c100d8a1a5,"{""route"": ""Worker"", ""county"": """", ""region"": """", ""industry"": ""Finance"", ""subRoute"": ""Skilled Worker"", ""townCity"": ""London"", ""organisationName"": ""Recognise Bank Limited""}",101842,exact_unique
3c5b1258bf4ce9c9df27d6ec8216e5725e8e195e63358d5839fd393c88e40921,"{""route"": ""Worker"", ""county"": """", ""region"": """", ""industry"": ""Other"", ""subRoute"": ""Skilled Worker"", ""townCity"": ""Harrogate"", ""organisationName"": ""SELECT CHOICE COMMUNITY SUPPORT LTD""}",109535,exact_unique
3c6f05a66a62266d0ad3113431a8874f438bf9ce014e78b6e7135a1573392932,"{""route"": ""Worker"", ""county"": """", ""region"": """", ""industry"": ""Other"", ""subRoute"": ""Skilled Worker"", ""townCity"": ""Manchester"", ""organisationName"": ""ABC Construction and Materials Limited""}",145909,exact_unique
3c96bc588e85e634f2ac36905e05f83ded58facd2a1dcf28cf3fb797adb5ce0a,"{""route"": ""Worker"", ""county"": ""Ayrshire"", ""region"": """", ""industry"": ""Social Care"", ""subRoute"": ""Skilled Worker"", ""townCity"": ""Ayr"", ""organisationName"": ""PRIORY CC150 LIMITED t/a Doonbank House Care Home""}",97873,exact_unique
3cb3c3fef57480e51824ca7d2b92460f4fddc09dba0a339b3fc9c03fc58aa61d,"{""route"": ""Worker"", ""county"": ""Gloucestershire"", ""region"": ""South West"", ""industry"": ""Engineering"", ""subRoute"": ""Skilled Worker"", ""townCity"": ""Nailsworth"", ""organisationName"": ""Novel Engineering Consultants ltd""}",88607,exact_unique
3cbf89e095b6dad5bd6c8c89b0e12294fd4c49a1851a4c32a0ee7846d061a922,"{""route"": ""Worker"", ""county"": ""Kent"", ""region"": ""South East"", ""industry"": ""Education"", ""subRoute"": ""Skilled Worker"", ""townCity"": ""Welling"", ""organisationName"": ""Bexley Grammar School""}",16545,exact_unique
3ccd1026dfdd1e1e36ca87e8263d7dac06a59230d045d941c615d95a1b242e20,"{""route"": ""Worker"", ""county"": """", ""region"": """", ""industry"": ""Other"", ""subRoute"": ""Skilled Worker"", ""townCity"": ""Cambridge"", ""organisationName"": ""184 DISTRIBUTION LIMITED""}",143864,exact_unique
3cd14cb0799f40d04cd8af73073e4df7d651454e1ba743bf8ec7fadd469ff8a2,"{""route"": ""Worker"", ""county"": """", ""region"": """", ""industry"": ""Healthcare"", ""subRoute"": ""Skilled Worker"", ""townCity"": ""London"", ""organisationName"": ""Medoc Healthcare Ltd""}",79124,exact_unique
3ce8178e4e09e651ca211298e010f2d6a9ba3ac5a21b8fb47e3dad9f56f45fd0,"{""route"": ""Worker"", ""county"": ""Dorset"", ""region"": ""South West"", ""industry"": ""Technology"", ""subRoute"": ""Skilled Worker"", ""townCity"": ""Todber, Sturminster Newton"", ""organisationName"": ""JPL Telecom Limited""}",65433,exact_unique
3ceaf4300725abf17603e1f8fa9ad47dbe2f94bef22938d44844d0cfa5d0b1f0,"{""route"": ""Worker"", ""county"": ""Buckinghamshire"", ""region"": ""South East"", ""industry"": ""Other"", ""subRoute"": ""Skilled Worker"", ""townCity"": ""Aylesbury"", ""organisationName"": ""ALL 4 HEALTH LTD""}",150074,exact_unique
3d03d959f2cd89867ae1507f39c2564b6b5639b77abef97f37e96d9bf7359831,"{""route"": ""Worker"", ""county"": """", ""region"": """", ""industry"": ""Technology"", ""subRoute"": ""Skilled Worker"", ""townCity"": ""Nottingham"", ""organisationName"": ""BlueSkeye AI LTD""}",18318,exact_unique
3d08893ad41ecbe12129aab20321d4e663e26a7104935e5dc77800ca177149af,"{""route"": ""Worker"", ""county"": """", ""region"": """", ""industry"": ""Other"", ""subRoute"": ""Skilled Worker"", ""townCity"": ""Warrington"", ""organisationName"": ""Azam Market Gardner""}",13299,exact_unique
3d415736000a778b8bd1a5091f2eb7c300782af8e9c197a01f0f3d8c613b44d7,"{""route"": ""Worker"", ""county"": """", ""region"": """", ""industry"": ""Education"", ""subRoute"": ""Skilled Worker"", ""townCity"": ""Brackley"", ""organisationName"": ""Magdalen College School Brackley Academy Trust""}",75940,exact_unique
3d58a34834647b9807b51a11d30568870c8f1581b17bb19f5b068260997d2dbd,"{""route"": ""Worker"", ""county"": """", ""region"": """", ""industry"": ""Education"", ""subRoute"": ""Skilled Worker"", ""townCity"": ""Middlesex"", ""organisationName"": ""Queensmead School""}",99822,exact_unique
3d5d81a051418ecb515c92906efee3a958983c80d84996cda98da494de220647,"{""route"": ""Worker"", ""county"": ""West Midlands"", ""region"": ""West Midlands"", ""industry"": ""Social Care"", ""subRoute"": ""Skilled Worker"", ""townCity"": ""KINGSWINFORD"", ""organisationName"": ""SAHNI CARE HOMES LIMITED T/A OAKLANDS CARE HOME""}",106987,exact_unique
3d65b5bb3d0214cbbfa3cff4cc22c8c7c003a81a299b47ab85412e1212ee3bdc,"{""route"": ""Worker"", ""county"": """", ""region"": """", ""industry"": ""Education"", ""subRoute"": ""Skilled Worker"", ""townCity"": ""West Midlands"", ""organisationName"": ""London College of Media Ltd""}",73653,exact_unique
3d6f8b622e9900c4972c342c345ea5eb2cac68806c05c9f60aa813150f0d6491,"{""route"": ""Worker"", ""county"": ""PONTLLANFRAITH"", ""region"": """", ""industry"": ""Other"", ""subRoute"": ""Skilled Worker"", ""townCity"": ""BLACKWOOD"", ""organisationName"": ""SHIYA LTD T/A BRYN STORES - PREMIER""}",111226,exact_unique
3d7699cbaaf06fc76f41b440ca0706f2c525afe69dc27bf421acbe1160d358c2,"{""route"": ""Worker"", ""county"": """", ""region"": """", ""industry"": ""Other"", ""subRoute"": ""Skilled Worker"", ""townCity"": ""London"", ""organisationName"": ""A1 Travel deals Limited""}",145278,exact_unique
3d774be8a94c921791765d87d9bf480e6850743cf3a6d079a94b12605de8d82c,"{""route"": ""Worker"", ""county"": ""Berks"", ""region"": """", ""industry"": ""Education"", ""subRoute"": ""Skilled Worker"", ""townCity"": ""READING"", ""organisationName"": ""Pangbourne College""}",92670,exact_unique
3d820289d92e2aa71e44f4fb11cd83f8f4d691a784bf2b4a1279094ab39c67a1,"{""route"": ""Worker"", ""county"": """", ""region"": """", ""industry"": ""Healthcare"", ""subRoute"": ""Skilled Worker"", ""townCity"": ""Carlisle"", ""organisationName"": ""Eden Dental Practice""}",38588,exact_unique
3d981faae2fb5fd2c54c3b81d5845edc998e8dc78025e149c4c90f0c163da9c5,"{""route"": ""Worker"", ""county"": ""Bedfordshire"", ""region"": ""East of England"", ""industry"": ""Healthcare"", ""subRoute"": ""Skilled Worker"", ""townCity"": ""Luton"", ""organisationName"": ""Belgaum medical centre Ltd""}",15725,exact_unique
3da0374f930bbaa0c64fd07409847800877c29e0fab4eb25605a47c92d28deef,"{""route"": ""Worker"", ""county"": """", ""region"": """", ""industry"": ""Healthcare"", ""subRoute"": ""Skilled Worker"", ""townCity"": ""BELFAST"", ""organisationName"": ""Northern Ireland Ambulance Service""}",88244,exact_unique
3daa6cfa1fcb38fce307b94c08270a963ee28e6e3eb9c587445211032b12034b,"{""route"": ""Worker"", ""county"": """", ""region"": """", ""industry"": ""Manufacturing"", ""subRoute"": ""Skilled Worker"", ""townCity"": ""Coventry"", ""organisationName"": ""ADV Brightware Manufacturing Ltd""}",147526,exact_unique
3db5cf873791895191c83645aa689cfa2911af3bb31529617617ce32d6fbc57d,"{""route"": ""Worker"", ""county"": """", ""region"": """", ""industry"": ""Technology"", ""subRoute"": ""Skilled Worker"", ""townCity"": ""London"", ""organisationName"": ""Orbit Financial Technology Limited""}",91100,exact_unique
3dbfb590a3725fc18e6824ae5ca823a1763ecf623d7e7a09aad1888e5cb6d029,"{""route"": ""Worker"", ""county"": ""Dorset"", ""region"": ""South West"", ""industry"": ""Other"", ""subRoute"": ""Skilled Worker"", ""townCity"": ""Yetminster"", ""organisationName"": ""ABP Yetminster""}",146181,exact_unique
3dc7503cbf5a7ab8015e5ecd1d7e289597146841b5424e263558234d238244ea,"{""route"": ""Worker"", ""county"": ""Warwickshire"", ""region"": ""West Midlands"", ""industry"": ""Education"", ""subRoute"": ""Skilled Worker"", ""townCity"": ""Warwick"", ""organisationName"": ""Lyfta Education Limited""}",75028,exact_unique
3dc9cab58d6411acfb4f4cf9a6ac15599cfe106e2f074c14e93d1d632ec8cc48,"{""route"": ""Worker"", ""county"": """", ""region"": """", ""industry"": ""Other"", ""subRoute"": ""Skilled Worker"", ""townCity"": ""London"", ""organisationName"": ""ZUSTECH LIMITED""}",141535,exact_unique
3de74d75211bac8805075023b2188f1c398adc3499dcf0ce7a52494fec926657,"{""route"": ""Worker"", ""county"": """", ""region"": """", ""industry"": ""Healthcare"", ""subRoute"": ""Skilled Worker"", ""townCity"": ""MAIDSTONE"", ""organisationName"": ""COMPASSION HEALTHCARE STAFFING SERVICES LTD""}",28986,exact_unique
3df316ea4eb8d477db4e2452ec2cbe3b514abc850f491c92f97b8ad7c314350d,"{""route"": ""Worker"", ""county"": ""Beds"", ""region"": """", ""industry"": ""Other"", ""subRoute"": ""Skilled Worker"", ""townCity"": ""Luton"", ""organisationName"": ""A1 Minibus and Coach Ltd""}",145262,exact_unique
3e141e880a73500dc7d9a2a6bcfa6a3ea82f798465781e112d79def88c3393b6,"{""route"": ""Worker"", ""county"": ""Bucks"", ""region"": """", ""industry"": ""Retail"", ""subRoute"": ""Skilled Worker"", ""townCity"": ""Aylesbury"", ""organisationName"": ""Phoenix Medical Advice and Repatriation Limited""}",94955,exact_unique
3e1ca0083b991d0a6cd8550868a8a16feaa5e931e9925665ee2bd21f841bfec2,"{""route"": ""Worker"", ""county"": """", ""region"": """", ""industry"": ""Technology"", ""subRoute"": ""Skilled Worker"", ""townCity"": ""London"", ""organisationName"": ""KF TECH LTD""}",67686,exact_unique
3e358aa719244514d2c2fb2186370ab14e96066f2fc707c7eb132dbf336845cc,"{""route"": ""Worker"", ""county"": """", ""region"": """", ""industry"": ""Legal & Professional"", ""subRoute"": ""Skilled Worker"", ""townCity"": ""London"", ""organisationName"": ""Viewforth Investment Partners LLP""}",134361,exact_unique
3e404ee536101faad12e966099a048384a885b8ffca8726267e2434e629923ca,"{""route"": ""Worker"", ""county"": """", ""region"": """", ""industry"": ""Other"", ""subRoute"": ""Skilled Worker"", ""townCity"": ""LONDON"", ""organisationName"": ""ACCELLENCY LIMITED""}",146398,exact_unique
3e6b6bc8c208f67b364fe69238bb2ba20ff96cf9eb42fd1e9abe69990a760403,"{""route"": ""Worker"", ""county"": """", ""region"": """", ""industry"": ""Finance"", ""subRoute"": ""Skilled Worker"", ""townCity"": ""London"", ""organisationName"": ""Frontier Insurance Solutions Limited""}",47190,exact_unique
3e6c2ab0d3dcf93f0b79e25b11df667aa2bf9eb0a9ca0ba6a3216fadfebf8525,"{""route"": ""Worker"", ""county"": ""Essex"", ""region"": ""East of England"", ""industry"": ""Other"", ""subRoute"": ""Skilled Worker"", ""townCity"": ""Chelmsford"", ""organisationName"": ""RAINBOW DIAGNOSTICS LTD""}",100635,exact_unique
3e72c2738b1570d498e9eafda3371a221b687e34255eb8b8143429979006ea09,"{""route"": ""Worker"", ""county"": ""England"", ""region"": """", ""industry"": ""Social Care"", ""subRoute"": ""Skilled Worker"", ""townCity"": ""Nuneaton"", ""organisationName"": ""RIGHT 4 MIGRANTS UK LTD""}",103637,exact_unique
3e7ce595265c5ba37477feb3ed1869a66244972666121b26913e3ca84004015c,"{""route"": ""Worker"", ""county"": ""Shropshire"", ""region"": ""West Midlands"", ""industry"": ""Healthcare"", ""subRoute"": ""Skilled Worker"", ""townCity"": ""whitchurch"", ""organisationName"": ""Healthcare 1st Choice Limited""}",55338,exact_unique
3e8d5db8a1ba3be27fc865c996fd224270db10dce2bc54b26fa64803fe3b246f,"{""route"": ""Worker"", ""county"": ""Essex"", ""region"": ""East of England"", ""industry"": ""Other"", ""subRoute"": ""International Sportsperson"", ""townCity"": ""Ilford"", ""organisationName"": ""Oakfield Parkonians Cricket Club""}",89254,exact_unique
3e8d95893581e349244dc3b0e621fd8b325661200e9eca839e8997465f5b9c31,"{""route"": ""Worker"", ""county"": """", ""region"": """", ""industry"": ""Education"", ""subRoute"": ""Skilled Worker"", ""townCity"": ""London"", ""organisationName"": ""London School of Business Administration Ltd""}",73903,exact_unique
3e8e255e287297eda9a19de0ed40762b35cc642499046e76d8bd7d137406799b,"{""route"": ""Worker"", ""county"": """", ""region"": """", ""industry"": ""Engineering"", ""subRoute"": ""Skilled Worker"", ""townCity"": ""Crawley"", ""organisationName"": ""Cardinal Engineering Ltd""}",23178,exact_unique
3eab4ac91a6dc794052763148a36f17deac37343ed3be1e928ff7c1c4b4e20b7,"{""route"": ""Worker"", ""county"": """", ""region"": """", ""industry"": ""Technology"", ""subRoute"": ""Skilled Worker"", ""townCity"": ""London"", ""organisationName"": ""Passenger Transport Software Limited""}",93257,exact_unique
3ebc0956787760abdfc3e668bbfcfd29094f274f170a31e87abe7960e7003cc2,"{""route"": ""Worker"", ""county"": ""HAMPSHIRE"", ""region"": ""South East"", ""industry"": ""Social Care"", ""subRoute"": ""Skilled Worker"", ""townCity"": ""HOOK"", ""organisationName"": ""PINNACLE CARE HOMES LIMITED T/A MARYFIELD CARE HOME""}",95420,exact_unique
3edd0d86ae0a36d04b5c16545c4280e0a27affbdef373b146bebd7daf65778b3,"{""route"": ""Worker"", ""county"": """", ""region"": """", ""industry"": ""Technology"", ""subRoute"": ""Skilled Worker"", ""townCity"": ""London"", ""organisationName"": ""Planlogic Software Limited""}",95872,exact_unique
3ee7d7e6dbd4b599b453518d1e616b9f03d2f7708f57c56ef748c9d0f2d6bdfe,"{""route"": ""Worker"", ""county"": """", ""region"": """", ""industry"": ""Other"", ""subRoute"": ""Skilled Worker"", ""townCity"": ""London"", ""organisationName"": ""1st Class Protection Ltd""}",143916,exact_unique
3ef8707a6aeefaa80260e08c3dfe50f74e8b9d2839b75874fba4df28455525dc,"{""route"": ""Worker"", ""county"": ""Midlothian"", ""region"": ""Scotland"", ""industry"": ""Education"", ""subRoute"": ""Skilled Worker"", ""townCity"": ""Dalkeith"", ""organisationName"": ""Chapter One Childcare (UK) Limited""}",25226,exact_unique
3f006b1f6f6f0a266b2948a63f7a59c0455b8f9b54b05ae6253ce10e1563a650,"{""route"": ""Worker"", ""county"": """", ""region"": """", ""industry"": ""Legal & Professional"", ""subRoute"": ""Skilled Worker"", ""townCity"": ""London"", ""organisationName"": ""Wimmer Financial LLP""}",138070,exact_unique
3f3ddc205fa738ce5d41f6a9eafe5277681ed73e34b3c91e420f45beaaece702,"{""route"": ""Worker"", ""county"": ""Herts"", ""region"": """", ""industry"": ""Engineering"", ""subRoute"": ""Skilled Worker"", ""townCity"": ""Hemel Hempstead"", ""organisationName"": ""H4 Aerospace (UK) Ltd""}",53419,exact_unique
3f42513ea82bff74e5aff5b6459800ef15bfbd296228bf681f00f83d9ffd2109,"{""route"": ""Worker"", ""county"": ""Preston"", ""region"": """", ""industry"": ""Social Care"", ""subRoute"": ""Skilled Worker"", ""townCity"": ""Ringway"", ""organisationName"": ""LionHeart Domiciliary Care Services limited""}",72693,exact_unique
3f47ae3793d0e514d6bba00c84365343a8dedf1b8ec93e38dc778c23e0e5f51c,"{""route"": ""Worker"", ""county"": ""Cambridgeshire"", ""region"": ""East of England"", ""industry"": ""Education"", ""subRoute"": ""Skilled Worker"", ""townCity"": ""Wisbech"", ""organisationName"": ""Wisbech Grammar School Ltd""}",138331,exact_unique
3f5214cef83a17515eaf53afe6637ba6b1f73663425c08d8294a744d1e4eee63,"{""route"": ""Worker"", ""county"": """", ""region"": """", ""industry"": ""Healthcare"", ""subRoute"": ""Skilled Worker"", ""townCity"": ""Stafford"", ""organisationName"": ""Extra Mile Healthcare Limited""}",42962,exact_unique
3f6cf401eca6bbd94c2b38547ad9c361a32182f8ec3eca1f9ae47c20290819a6,"{""route"": ""Worker"", ""county"": ""Derbyshire"", ""region"": ""East Midlands"", ""industry"": ""Other"", ""subRoute"": ""Skilled Worker"", ""townCity"": ""Ilkeston"", ""organisationName"": ""ABurnet (Hair Containment Solutions) Ltd.""}",146290,exact_unique
3f75a169c54b5f50c858aa872cb62e94d858ee585e05e42c32b44939bcfdf88b,"{""route"": ""Worker"", ""county"": ""Buckinghamshire"", ""region"": ""South East"", ""industry"": ""Healthcare"", ""subRoute"": ""Skilled Worker"", ""townCity"": ""Milton Keynes"", ""organisationName"": ""Axis Healthcare Ltd""}",141709,exact_unique
3f7f1c0ee37c94682df0a5ec9be205aa0d51d875d2884dddfc640e454b331348,"{""route"": ""Worker"", ""county"": ""Not required for this country"", ""region"": """", ""industry"": ""Other"", ""subRoute"": ""Skilled Worker"", ""townCity"": ""Durham"", ""organisationName"": ""Car-Tech Prestige LTD""}",23061,exact_unique
3fa2741bfa4099bf944904f43baf47cc9c64dea081a6e3cd23e64a4bf6316e5b,"{""route"": ""Worker"", ""county"": """", ""region"": """", ""industry"": ""Construction"", ""subRoute"": ""Skilled Worker"", ""townCity"": ""London,"", ""organisationName"": ""Dream Property Development & Construction Limited""}",36666,exact_unique
3faffd35e982958507abb685b527110c7122f87d478fe6d9bba8d1b09e14b81e,"{""route"": ""Worker"", ""county"": """", ""region"": """", ""industry"": ""Legal & Professional"", ""subRoute"": ""Skilled Worker"", ""townCity"": ""London"", ""organisationName"": ""Artemis Investment Management LLP""}",10496,exact_unique
3fb250e7754accb4871676ac8ac2717a54332eacdba89a96f520507bf6b71544,"{""route"": ""Worker"", ""county"": """", ""region"": """", ""industry"": ""Healthcare"", ""subRoute"": ""Skilled Worker"", ""townCity"": ""Newcastle Upon Tyne"", ""organisationName"": ""Concept Eye Clinic Limited""}",29165,exact_unique
3fbedf92409fa80d6ac44c5749cedd9feba4cac2c578351d8f1c3ba0d8996c69,"{""route"": ""Worker"", ""county"": """", ""region"": """", ""industry"": ""Healthcare"", ""subRoute"": ""Skilled Worker"", ""townCity"": ""Cheltenham"", ""organisationName"": ""CHELTPHARM LTD T/A Gloucestershire Pharmacy""}",25659,exact_unique
3fdf76fa78524024ce00be8b275b41be22365b740f58535e5d2df0048e6975e2,"{""route"": ""Worker"", ""county"": """", ""region"": """", ""industry"": ""Technology"", ""subRoute"": ""Skilled Worker"", ""townCity"": ""MANCHESTER"", ""organisationName"": ""Recourse AI Ltd""}",101860,exact_unique
3fe259096ee725d3f597a7e1ebaee1dbd78966abb4b373e7681a6da9fdd9d7fa,"{""route"": ""Worker"", ""county"": ""MIDDLESEX"", ""region"": """", ""industry"": ""Education"", ""subRoute"": ""Skilled Worker"", ""townCity"": ""Uxbridge"", ""organisationName"": ""PATIALA SERVICES LTD T/A HARRY DRIVING SCHOOL""}",93394,exact_unique
3ffe53472a4c663b1f98769022c83a061ccfc02630380ab64abaf12189fdc4c7,"{""route"": ""Worker"", ""county"": """", ""region"": """", ""industry"": ""Other"", ""subRoute"": ""Skilled Worker"", ""townCity"": ""Edinburgh"", ""organisationName"": ""1st Focus Homecare Ltd""}",143919,exact_unique
3ffe86bb32f706ca7e6dc5892fe6d5bb4a6ac5d1824a68a640c35cad48d88d7f,"{""route"": ""Worker"", ""county"": ""Cambridgeshire"", ""region"": ""East of England"", ""industry"": ""Other"", ""subRoute"": ""Skilled Worker"", ""townCity"": ""Huntingdon"", ""organisationName"": ""28b Limited""}",144040,exact_unique
40202589b91b925fd559ebf9d481dd052b4de6c5cf4efc7eb0bc1e414423ca3d,"{""route"": ""Worker"", ""county"": """", ""region"": """", ""industry"": ""Social Care"", ""subRoute"": ""Skilled Worker"", ""townCity"": ""Felixstowe"", ""organisationName"": ""Enviro Medical Limited T/a Consiton Care Home""}",40948,exact_unique
40269d9095e0148057423579daf86fe82c78346336f0ad2c1c780351e5e08a36,"{""route"": ""Worker"", ""county"": ""Avon"", ""region"": """", ""industry"": ""Finance"", ""subRoute"": ""Skilled Worker"", ""townCity"": ""Bristol"", ""organisationName"": ""Great Western Credit Union""}",51811,exact_unique
403d612c05ef06c65638f4e52c072977aa982af8e55c09d100c368d0e031adaa,"{""route"": ""Temporary Worker"", ""county"": """", ""region"": """", ""industry"": ""Other"", ""subRoute"": ""Charity Worker"", ""townCity"": ""LONDON"", ""organisationName"": ""ACLI (CHRISTIAN ASSOCIATION OF ITALIAN WORKERS)""}",146723,exact_unique
404e4434507bab024357e0404d87012ecafc48d1fca153bfbc8836a2c28de08f,"{""route"": ""Worker"", ""county"": """", ""region"": """", ""industry"": ""Finance"", ""subRoute"": ""Skilled Worker"", ""townCity"": ""London"", ""organisationName"": ""Stable Asset Management Limited""}",117086,exact_unique
404ee1f9bb39bbe05ee712454ceae201efb4e650f967ce9868bc077cac5c642f,"{""route"": ""Worker"", ""county"": """", ""region"": """", ""industry"": ""Education"", ""subRoute"": ""Skilled Worker"", ""townCity"": ""Leicester"", ""organisationName"": ""Learning without Limits Academy Trust""}",71297,exact_unique
4059becf9a5329379f41c71b8f31408ca1608a564939d257fa950be441f2c28d,"{""route"": ""Worker"", ""county"": """", ""region"": """", ""industry"": ""Education"", ""subRoute"": ""Skilled Worker"", ""townCity"": ""Manchester"", ""organisationName"": ""Aspire Learning Centres & Childcare Limited""}",11417,exact_unique
4072aa89847cf35d03106d9cd5ba9dcd13323a9c98bb942edf436ed78575a127,"{""route"": ""Worker"", ""county"": """", ""region"": """", ""industry"": ""Other"", ""subRoute"": ""Skilled Worker"", ""townCity"": ""BIRMINGHAM"", ""organisationName"": ""Munira Designer Limited""}",84039,exact_unique
4094e0274821b2679bd15b790a7dd25972d95cf3ab19a8257480fa255b3aa078,"{""route"": ""Worker"", ""county"": """", ""region"": """", ""industry"": ""Other"", ""subRoute"": ""Skilled Worker"", ""townCity"": ""London"", ""organisationName"": ""ADB SAFEGATE BV BRANCH UK""}",147212,exact_unique
