sponsor_licence_id,organisation_name,normalized_organisation_name,town_city,county,region,industry,route,sub_route,existing_website,existing_contact_email,existing_careers_url,official_website_url,website_confidence,website_evidence_url,source,notes
154171,B and A Precision Engineering Limited,b and a precision engineering limited,Preston,,,Engineering,Worker,Skilled Worker,https://www.precisionengineeringlondon.co.uk/,[email protected],,,low,https://www.precisionengineeringlondon.co.uk/,existing_website,possible_lead_not_accepted:only_one_name_token_on_page_without_hostname_match:precision; attempt_count:2
154798,2 EXCEL ENGINEERING LIMITED,2 excel engineering limited,Lasham,Hampshire,South East,Engineering,Worker,Skilled Worker,https://www.2excelengineering.com/,commercial@2excel.uk,,,unverified,,,no_first_party_identity_verified; attempt_count:2
154841,24 Seven Civil Engineering Ltd,24 seven civil engineering ltd,Harrow,,,Engineering,Worker,Skilled Worker,,,,,unverified,,,no_first_party_identity_verified; attempt_count:1
154906,2H Offshore Engineering Ltd,2h offshore engineering ltd,Woking,Surrey,South East,Engineering,Worker,Skilled Worker,https://2hoffshore.com/,info@2hoffshore.com,https://2hoffshore.com/careers,,low,https://2hoffshore.com/,existing_website+contact_email_domain+existing_careers_url_domain+company_site_existing_file+verified_company_site_source_host,possible_lead_not_accepted:only_one_name_token_on_page_without_hostname_match:offshore; attempt_count:1
154907,2H Offshore Engineering Ltd,2h offshore engineering ltd,Woking,Surrey,South East,Engineering,Worker,Skilled Worker,https://2hoffshore.com/,info@2hoffshore.com,https://2hoffshore.com/careers,,low,https://2hoffshore.com/,existing_website+contact_email_domain+existing_careers_url_domain+company_site_existing_file+verified_company_site_source_host,possible_lead_not_accepted:only_one_name_token_on_page_without_hostname_match:offshore; attempt_count:1
154911,2M Automation Ltd,2m automation ltd,Oldham,Greater Manchester,North West,Engineering,Worker,Skilled Worker,,,,,unverified,,,no_first_party_identity_verified; attempt_count:0
155767,A Squared Engineering Ltd,a squared engineering ltd,Perth,Perthshire,,Engineering,Worker,Skilled Worker,https://asquaredengineering.com/,,,,low,https://asquaredengineering.com/,existing_website,possible_lead_not_accepted:only_one_name_token_on_page_without_hostname_match:squared; attempt_count:2
156134,A2 Engineering Ltd,a2 engineering ltd,Crawley,,,Engineering,Worker,Skilled Worker,https://www.a2engineering.co.uk/,thiago@a2engineering.co.uk,,,unverified,,,no_first_party_identity_verified; attempt_count:2
156417,AARAA ENGINEERING LTD,aaraa engineering ltd,London,,,Engineering,Worker,Skilled Worker,,,,,unverified,,,no_first_party_identity_verified; attempt_count:0
156463,Aarsleff Ground Engineering Ltd,aarsleff ground engineering ltd,Newark on Trent,,,Engineering,Worker,Global Business Mobility: Senior or Specialist Worker,,,,,unverified,,,no_first_party_identity_verified; attempt_count:0
156464,Aarsleff Ground Engineering Ltd,aarsleff ground engineering ltd,Newark on Trent,,,Engineering,Worker,Global Business Mobility: Senior or Specialist Worker,,,,,unverified,,,no_first_party_identity_verified; attempt_count:0
156738,ABBOTTSWAY ENGINEERING LTD,abbottsway engineering ltd,london,London,London,Engineering,Worker,Skilled Worker,https://abbottsway.co.uk/,,,https://abbottsway.co.uk/,high,https://abbottsway.co.uk/,existing_website,name_tokens_on_page:abbottsway;name_tokens_on_host:abbottsway;location_on_page; attempt_count:1
157056,ABS AUTOMATION SYSTEMS LIMITED,abs automation systems limited,Reading,,,Engineering,Worker,Skilled Worker,,,,,unverified,,,no_first_party_identity_verified; attempt_count:0
157457,Ace Engineering Solutions Ltd,ace engineering solutions ltd,London,,,Engineering,Worker,Skilled Worker,,,,,unverified,,,no_first_party_identity_verified; attempt_count:0
157487,ACE UK ENGINEERING CONSULTANTS LTD,ace uk engineering consultants ltd,Reading,England,,Engineering,Worker,Skilled Worker,https://ace-uk.co/,info@ace-uk.co,https://ace-uk.co/careers,https://ace-uk.co/,high,https://ace-uk.co/,existing_website+contact_email_domain+existing_careers_url_domain+company_site_existing_file+verified_company_site_source_host,name_tokens_on_page:ace;name_tokens_on_host:ace;location_on_page; attempt_count:1
157637,Acoustic & Engineering Consultants Limited,acoustic and engineering consultants limited,Stockport,,,Engineering,Worker,Skilled Worker,,,,,unverified,,,no_first_party_identity_verified; attempt_count:1
157683,ACRON ENGINEERING SERVICES (UK) LTD,acron engineering services uk ltd,London,,,Engineering,Worker,Global Business Mobility: UK Expansion Worker,,,,,unverified,,,no_first_party_identity_verified; attempt_count:0
157684,ACRON ENGINEERING SERVICES (UK) LTD,acron engineering services uk ltd,London,,,Engineering,Worker,Global Business Mobility: UK Expansion Worker,,,,,unverified,,,no_first_party_identity_verified; attempt_count:0
157695,ACS COMMERCIAL RISK ENGINEERING LTD,acs commercial risk engineering ltd,Manchester,,,Engineering,Worker,Skilled Worker,,,,,unverified,,,no_first_party_identity_verified; attempt_count:1
157855,Acuity Engineering Limited,acuity engineering limited,Corby,,,Engineering,Worker,Skilled Worker,,,,https://acuity-eng.co.uk/,high,https://acuity-eng.co.uk/,SponsorList,name_tokens_on_page:acuity;name_tokens_on_host:acuity;location_on_page; attempt_count:1
158248,ADM AUTOMATION LIMITED,adm automation limited,GATESHEAD,UK,,Engineering,Worker,Skilled Worker,https://www.adm-automation.co.uk/,sales@adm-automation.co.uk,,https://www.adm-automation.co.uk/,high,https://www.adm-automation.co.uk/,existing_website,name_tokens_on_page:adm+automation;name_tokens_on_host:adm+automation; attempt_count:1
158261,ADMC ENGINEERING LTD,admc engineering ltd,London,England,,Engineering,Worker,Skilled Worker,,,,,unverified,,,no_first_party_identity_verified; attempt_count:1
158315,ADP Consulting & Engineering Ltd,adp consulting and engineering ltd,London,,,Engineering,Worker,Skilled Worker,https://www.adpconsulting.com,info@adpconsulting.co.uk,,,unverified,,,no_first_party_identity_verified; attempt_count:3
158316,ADP Consulting & Engineering Ltd,adp consulting and engineering ltd,London,,,Engineering,Worker,Skilled Worker,https://www.adpconsulting.com,info@adpconsulting.co.uk,,,unverified,,,no_first_party_identity_verified; attempt_count:3
158422,Advanced Compressor Engineering Services Limited,advanced compressor engineering services limited,Wallingford,Oxfordshire,South East,Engineering,Worker,Skilled Worker,,,,https://www.acescomp.co.uk/,high,https://www.acescomp.co.uk/,SponsorList,name_tokens_on_page:advanced+compressor;location_on_page; attempt_count:1
158436,Advanced Engineering Group Ltd,advanced engineering group ltd,OMAGH,,,Engineering,Worker,Skilled Worker,,,,,low,https://advancedengineeringgroupltd.com/,SponsorList,possible_lead_not_accepted:only_one_name_token_on_page_without_hostname_match:advanced; attempt_count:1
158448,Advanced Logistics for Aerospace (UK) Ltd,advanced logistics for aerospace uk ltd,Esher,Surrey,South East,Engineering,Worker,Global Business Mobility: Senior or Specialist Worker,,,,,unverified,,,no_first_party_identity_verified; attempt_count:1
158449,Advanced Logistics for Aerospace (UK) Ltd,advanced logistics for aerospace uk ltd,Esher,Surrey,South East,Engineering,Worker,Global Business Mobility: Senior or Specialist Worker,,,,,unverified,,,no_first_party_identity_verified; attempt_count:1
158496,Advansys Engineering Services and Consultancy Limited,advansys engineering services and consultancy limited,Camberley,Surrey,South East,Engineering,Worker,Skilled Worker,,,,,unverified,,,no_first_party_identity_verified; attempt_count:1
158497,Advansys Engineering Services and Consultancy Limited,advansys engineering services and consultancy limited,Camberley,Surrey,South East,Engineering,Worker,Skilled Worker,,,,,unverified,,,no_first_party_identity_verified; attempt_count:1
158685,AEROSPACE ENGINEERING SOLUTIONS LTD,aerospace engineering solutions ltd,BRAINTREE,,,Engineering,Worker,Skilled Worker,,,,,unverified,,,no_first_party_identity_verified; attempt_count:1
158686,Aerospace Technology Institute,aerospace technology institute,London,,,Engineering,Worker,Skilled Worker,,,,,unverified,,,no_first_party_identity_verified; attempt_count:1
159028,AGEMA ENGINEERING LTD,agema engineering ltd,COVENTRY,,,Engineering,Worker,Skilled Worker,,,,https://www.agema-ind.com/,high,https://www.agema-ind.com/,SponsorList,name_tokens_on_page:agema;name_tokens_on_host:agema;location_on_page; attempt_count:1
159402,Aidan Strain Electrical Engineering Ltd (ASEE Ltd),aidan strain electrical engineering ltd asee ltd,Mullaghbawn,Down,Northern Ireland,Engineering,Worker,Skilled Worker,,,,,unverified,,,no_first_party_identity_verified; attempt_count:2
159597,Aircraft Engineering Services Limited,aircraft engineering services limited,Stansted,Essex,East of England,Engineering,Worker,Skilled Worker,,,,,unverified,,,no_first_party_identity_verified; attempt_count:0
159958,AKN Engineering Limited,akn engineering limited,Bishop's Stortford,Hertfordshire,East of England,Engineering,Worker,Skilled Worker,,,,,low,https://www.aknengineering.co.uk/,SponsorList,possible_lead_not_accepted:only_one_name_token_on_page_without_hostname_match:akn; attempt_count:1
160719,Alfred Cheyne Engineering Ltd,alfred cheyne engineering ltd,Turriff,Aberdeenshire,Scotland,Engineering,Worker,Skilled Worker,,,,,unverified,,,no_first_party_identity_verified; attempt_count:0
160986,All Pipe Engineering Limited,all pipe engineering limited,Northen Ireland,,,Engineering,Worker,Skilled Worker,,,,,unverified,,,no_first_party_identity_verified; attempt_count:1
161062,Allan Controls & Automation Ltd,allan controls and automation ltd,Liverpool,,,Engineering,Worker,Skilled Worker,,,,,unverified,,,no_first_party_identity_verified; attempt_count:1
161198,Allied Automation And Software Solutions Limited,allied automation and software solutions limited,London,,,Engineering,Worker,Global Business Mobility: UK Expansion Worker,,,,,unverified,,,no_first_party_identity_verified; attempt_count:1
161208,Allied Global Engineering Ltd,allied global engineering ltd,Glossop,Derbyshire,East Midlands,Engineering,Worker,Skilled Worker,,,,,unverified,,,no_first_party_identity_verified; attempt_count:1
161412,Alpha Building Services Engineering Ltd,alpha building services engineering ltd,London,GL,,Engineering,Worker,Skilled Worker,,,,https://www.alphabse.co.uk/,high,https://www.alphabse.co.uk/,SponsorList,name_tokens_on_page:alpha+building;location_on_page; attempt_count:1
161598,Altair Engineering Ltd,altair engineering ltd,Leamington Spa,Warwickshire,West Midlands,Engineering,Worker,Skilled Worker,,,,,unverified,,,no_first_party_identity_verified; attempt_count:1
161599,Altair Engineering Ltd,altair engineering ltd,Leamington Spa,Warwickshire,West Midlands,Engineering,Worker,Skilled Worker,,,,,unverified,,,no_first_party_identity_verified; attempt_count:1
162200,AMF Precision Engineering Limited,amf precision engineering limited,Bromborough,Wirral,North West,Engineering,Worker,Skilled Worker,,,,,unverified,,,no_first_party_identity_verified; attempt_count:0
162472,AMS AUTOMATION MANAGEMENT SERVICES LTD,ams automation management services ltd,CHICHESTER,WEST SUSSEX,South East,Engineering,Worker,Skilled Worker,,,,,unverified,,,no_first_party_identity_verified; attempt_count:0
162484,AMS Nuclear Engineering Ltd,ams nuclear engineering ltd,Bridgwater,Somerset,South West,Engineering,Worker,Skilled Worker,,,,https://ams-nuclear.com/,high,https://ams-nuclear.com/,verified_company_site_source_host,name_tokens_on_page:ams+nuclear;name_tokens_on_host:ams+nuclear;location_on_page; attempt_count:1
162605,Anam Engineering LTD,anam engineering ltd,London,,,Engineering,Worker,Skilled Worker,,,,,unverified,,,no_first_party_identity_verified; attempt_count:0
162697,AND Automation Limited,and automation limited,Ilkeston,Derbyshire,East Midlands,Engineering,Worker,Skilled Worker,,,,,unverified,,,no_first_party_identity_verified; attempt_count:0
162800,Andun Engineering Consultants Ltd,andun engineering consultants ltd,Nottingham,,,Engineering,Worker,Skilled Worker,,,,,unverified,,,no_first_party_identity_verified; attempt_count:0
162943,Anglia Precision Engineering Ltd,anglia precision engineering ltd,Peterborough,Cambridgeshire,East of England,Engineering,Worker,Skilled Worker,,,,,unverified,,,no_first_party_identity_verified; attempt_count:0
163782,Applied Laser Engineering Ltd,applied laser engineering ltd,Walton-on-Thames,Surrey,South East,Engineering,Worker,Skilled Worker,,,,,unverified,,,no_first_party_identity_verified; attempt_count:1
164166,ARC Engineering LTD,arc engineering ltd,Ilford,,,Engineering,Worker,Skilled Worker,,,,,unverified,,,no_first_party_identity_verified; attempt_count:0
165201,AS Aerospace Limited,as aerospace limited,Denham,Middlesex,,Engineering,Worker,Skilled Worker,,,,,unverified,,,no_first_party_identity_verified; attempt_count:1
165310,Ascendion Engineering Solutions Europe Limited,ascendion engineering solutions europe limited,London,,,Engineering,Worker,Global Business Mobility: Senior or Specialist Worker,,,,,unverified,,,no_first_party_identity_verified; attempt_count:0
165311,Ascendion Engineering Solutions Europe Limited,ascendion engineering solutions europe limited,London,,,Engineering,Worker,Global Business Mobility: Senior or Specialist Worker,,,,,unverified,,,no_first_party_identity_verified; attempt_count:0
165342,Asco Engineering Ltd,asco engineering ltd,Skelmersdale,Lancashire,North West,Engineering,Worker,Skilled Worker,,,,,unverified,,,no_first_party_identity_verified; attempt_count:0
165791,ASKAM CIVIL ENGINEERING LTD,askam civil engineering ltd,Lancaster,Lancs,,Engineering,Worker,Skilled Worker,,,,,unverified,,,no_first_party_identity_verified; attempt_count:0
165830,ASME Engineering Ltd,asme engineering ltd,Harrow,,,Engineering,Worker,Skilled Worker,https://www.asmeengineering.co.uk/,,https://www.asmeengineering.co.uk/contact/vacancies.html,,low,https://www.asmeengineering.co.uk/home.html,existing_website+existing_careers_url_domain+company_site_existing_file,possible_lead_not_accepted:only_one_name_token_on_page_without_hostname_match:asme; attempt_count:1
165881,Aspecto Power Engineering Ltd.,aspecto power engineering ltd,Warwick,,,Engineering,Worker,Global Business Mobility: Senior or Specialist Worker,,,,,unverified,,,no_first_party_identity_verified; attempt_count:0
165882,Aspecto Power Engineering Ltd.,aspecto power engineering ltd,Warwick,,,Engineering,Worker,Global Business Mobility: Senior or Specialist Worker,,,,,unverified,,,no_first_party_identity_verified; attempt_count:0
166014,Asset & Infrastructure Engineering Ltd,asset and infrastructure engineering ltd,Pencoed,Bridgend,Wales,Engineering,Worker,Skilled Worker,,,,,unverified,,,no_first_party_identity_verified; attempt_count:0
166289,AT Engine Controls Ltd T/A ATEC Engineering Solutions,at engine controls ltd t a atec engineering solutions,Manchester,,,Engineering,Worker,Skilled Worker,,,,https://www.atec.solutions/,high,https://www.atec.solutions/,SponsorList,name_tokens_on_page:engine+controls;location_on_page; attempt_count:1
166378,ATG Aerospace Ltd,atg aerospace ltd,"Stevenage, Hertfordshire",,,Engineering,Worker,Skilled Worker,,,,https://www.atg-europe.com/,high,https://www.atg-europe.com/,SponsorList,name_tokens_on_page:atg+aerospace;name_tokens_on_host:atg; attempt_count:1
166390,Athena Engineering Limited,athena engineering limited,Preston,,,Engineering,Worker,Skilled Worker,,,,https://athena-group.co.uk/,medium,https://athena-group.co.uk/,SponsorList,name_tokens_on_page:athena;name_tokens_on_host:athena; attempt_count:1
166522,ATLAS AUTOMATION SYSTEMS LTD,atlas automation systems ltd,Cheltenham,Gloucestershire,South West,Engineering,Worker,Skilled Worker,,,,,unverified,,,no_first_party_identity_verified; attempt_count:1
166565,ATM Automation Limited,atm automation limited,Leicester,Leicestershire,East Midlands,Engineering,Worker,Skilled Worker,,,,,unverified,,,no_first_party_identity_verified; attempt_count:1
166705,Au Automation Ltd,au automation ltd,Lesmahagow,,,Engineering,Worker,Skilled Worker,,,,,unverified,,,no_first_party_identity_verified; attempt_count:1
167013,AUTOCONTROL PROCESS INSTRUMENTATION LTD,autocontrol process instrumentation ltd,Wythenshawe,"Greater Manchester,",,Engineering,Worker,Skilled Worker,,,,https://www.autocontrolpi.com/,medium,https://www.autocontrolpi.com/,SponsorList,name_tokens_on_page:autocontrol+process+instrumentation; attempt_count:1
167022,Autoflame Engineering Limited,autoflame engineering limited,Kent,,,Engineering,Worker,Skilled Worker,,,,https://www.autoflame.com/,high,https://www.autoflame.com/,SponsorList,name_tokens_on_page:autoflame;name_tokens_on_host:autoflame;location_on_page; attempt_count:1
167040,Automated Engineering Services (UK) Limited,automated engineering services uk limited,London,,,Engineering,Worker,Global Business Mobility: UK Expansion Worker,,,,,low,https://thinkaes.com/,SponsorList,possible_lead_not_accepted:only_one_name_token_on_page_without_hostname_match:automated; attempt_count:1
167047,Automation Anywhere UK Limited,automation anywhere uk limited,London,,,Engineering,Worker,Global Business Mobility: Senior or Specialist Worker,,,,https://www.automationanywhere.com/,medium,https://www.automationanywhere.com/,SponsorList,name_tokens_on_page:automation+anywhere; attempt_count:1
167048,Automation Anywhere UK Limited,automation anywhere uk limited,London,,,Engineering,Worker,Global Business Mobility: Senior or Specialist Worker,,,,https://www.automationanywhere.com/,medium,https://www.automationanywhere.com/,SponsorList,name_tokens_on_page:automation+anywhere; verified_domain_identity_cache_hit; attempt_count:1
167049,AUTOMATION CONSULTANTS LTD,automation consultants ltd,Theale,Reading,South East,Engineering,Worker,Skilled Worker,,,,https://www.automation-consultants.com/,high,https://www.automation-consultants.com/,SponsorList,name_tokens_on_page:automation+consultants;name_tokens_on_host:automation+consultants;location_on_page; attempt_count:1
167050,Automation Controls Limited,automation controls limited,Longbridge,Birmingham,West Midlands,Engineering,Worker,Skilled Worker,,,,,unverified,,,no_first_party_identity_verified; attempt_count:1
167051,Automation Holdco Limited,automation holdco limited,Farnborough,Hampshire,South East,Engineering,Worker,Skilled Worker,,,,,unverified,,,no_first_party_identity_verified; attempt_count:0
167052,Automation Logic Limited,automation logic limited,London,,,Engineering,Worker,Skilled Worker,https://www.automation-logic.com/,,,https://www.automation-logic.com/,high,https://www.automation-logic.com/,existing_website,name_tokens_on_page:automation+logic;name_tokens_on_host:automation+logic; attempt_count:1
167053,AUTOMATION ONE LTD,automation one ltd,Brighton,,,Engineering,Worker,Skilled Worker,,,,,unverified,,,no_first_party_identity_verified; attempt_count:1
167167,Avan Engineering Services LTD,avan engineering services ltd,Bushey,Hertfordshire,East of England,Engineering,Worker,Skilled Worker,,,,,unverified,,,no_first_party_identity_verified; attempt_count:1
167594,Axi Design & Engineering Ltd,axi design and engineering ltd,Hull,East Yorkshire,Yorkshire and the Humber,Engineering,Worker,Skilled Worker,,,,https://www.axidesign.co.uk/,high,https://www.axidesign.co.uk/,SponsorList,name_tokens_on_page:axi+design;location_on_page; attempt_count:1
167680,AXYZ Automation (U.K.) Limited,axyz automation u k limited,Telford,,,Engineering,Worker,Skilled Worker,,,,https://www.axyz.com/,high,https://www.axyz.com/us/en/,SponsorList,name_tokens_on_page:axyz+automation;name_tokens_on_host:axyz;location_on_page; attempt_count:1
168063,Bachmann Electrical Engineering Ltd.,bachmann electrical engineering ltd,Birmingham,,,Engineering,Worker,Skilled Worker,,,,https://www.bachmann.com/,medium,https://www.bachmann.com/de/,SponsorList,name_tokens_on_page:bachmann;name_tokens_on_host:bachmann; attempt_count:1
168894,Barkers Engineering Limited,barkers engineering limited,Fenton,Stoke-on-Trent,West Midlands,Engineering,Worker,Skilled Worker,,,,,unverified,,,no_first_party_identity_verified; attempt_count:0
169530,BdR Civil & Structural Engineering Limited,bdr civil and structural engineering limited,Hadlow,Kent,South East,Engineering,Worker,Skilled Worker,,,,,unverified,,,no_first_party_identity_verified; attempt_count:1
169804,Beck & Pollitzer Engineering Limited,beck and pollitzer engineering limited,Burton,Burton-On-Trent,,Engineering,Worker,Skilled Worker,,,,,unverified,,,no_first_party_identity_verified; attempt_count:0
169805,Beck & Pollitzer Engineering Limited,beck and pollitzer engineering limited,Burton,Burton-On-Trent,,Engineering,Worker,Skilled Worker,,,,,unverified,,,no_first_party_identity_verified; attempt_count:0
169968,BEETA ENGINEERING LTD,beeta engineering ltd,Pinner,,,Engineering,Worker,Skilled Worker,,,,,unverified,,,no_first_party_identity_verified; attempt_count:0
170990,BGB Engineering Ltd,bgb engineering ltd,Grantham,Lincolnshire,East Midlands,Engineering,Worker,Skilled Worker,,,,,low,https://www.bgbinnovation.com/,SponsorList,possible_lead_not_accepted:only_one_name_token_on_page_without_hostname_match:bgb; attempt_count:1
171318,BIKAR AEROSPACE METALS LIMITED,bikar aerospace metals limited,Bristol,,,Engineering,Worker,Skilled Worker,,,,,unverified,,,no_first_party_identity_verified; attempt_count:1
171416,BIMTech Engineering Limited,bimtech engineering limited,Manchester,,,Engineering,Worker,Skilled Worker,,,,https://bimtech-eng.com/,high,https://bimtech-eng.com/,verified_company_site_source_host,name_tokens_on_page:bimtech;name_tokens_on_host:bimtech;location_on_page; attempt_count:1
171570,Birchfield Engineering Limited,birchfield engineering limited,Dudley,West Midlands,West Midlands,Engineering,Worker,Skilled Worker,,,,,unverified,,,no_first_party_identity_verified; attempt_count:1
171841,BIZ Engineering Limited,biz engineering limited,Ensfield,Middlesex,,Engineering,Worker,Skilled Worker,https://www.bizengineering.com/,sales@bizengineering.com,https://www.bizengineering.com/careers,,low,https://www.bizengineering.com/,existing_website+existing_careers_url_domain+company_site_existing_file,possible_lead_not_accepted:only_one_name_token_on_page_without_hostname_match:biz; attempt_count:3
171930,Black and White Engineering Limited,black and white engineering limited,Newcastle upon Tyne,,,Engineering,Worker,Global Business Mobility: Senior or Specialist Worker,,,,https://bw-engineering.com/,medium,https://bw-engineering.com/,SponsorList,name_tokens_on_page:black+white; attempt_count:1
171931,Black and White Engineering Limited,black and white engineering limited,Newcastle upon Tyne,,,Engineering,Worker,Global Business Mobility: Senior or Specialist Worker,,,,https://bw-engineering.com/,medium,https://bw-engineering.com/,SponsorList,name_tokens_on_page:black+white; verified_domain_identity_cache_hit; attempt_count:1
172127,Blackwood Engineering Ltd,blackwood engineering ltd,Aberbeeg,Gwent,,Engineering,Worker,Skilled Worker,,,,,unverified,,,no_first_party_identity_verified; attempt_count:1
172689,Blueprint Design Engineering Limited,blueprint design engineering limited,Ulverston,Cumbria,North West,Engineering,Worker,Skilled Worker,,,,https://www.blueprintuk.net/,medium,https://www.blueprintuk.net/,SponsorList,name_tokens_on_page:blueprint+design; attempt_count:1
173274,BOOTH WELSH AUTOMATION LIMITED,booth welsh automation limited,Irvine,North Ayrshire,Scotland,Engineering,Worker,Skilled Worker,,,,,unverified,,,no_first_party_identity_verified; attempt_count:0
173369,BOS Aerospace Ltd,bos aerospace ltd,Wilmslow,Cheshire,North West,Engineering,Worker,Skilled Worker,,,,,unverified,,,no_first_party_identity_verified; attempt_count:0
173404,Boslan Engineering Limited,boslan engineering limited,Cambridge,,,Engineering,Worker,Global Business Mobility: Senior or Specialist Worker,,,,,unverified,,,no_first_party_identity_verified; attempt_count:0
173405,Boslan Engineering Limited,boslan engineering limited,Cambridge,,,Engineering,Worker,Global Business Mobility: Senior or Specialist Worker,,,,,unverified,,,no_first_party_identity_verified; attempt_count:0
173588,Bowers Electrical Engineering Services Limited,bowers electrical engineering services limited,Northampton,Northamptonshire,East Midlands,Engineering,Worker,Skilled Worker,,,,,unverified,,,no_first_party_identity_verified; attempt_count:1
174619,BRIT ENGINEERING SERVICES LTD,brit engineering services ltd,Dunstable,England,,Engineering,Worker,Skilled Worker,,,,,unverified,,,no_first_party_identity_verified; attempt_count:1
174733,British Engineering Services Ltd,british engineering services ltd,Warrington,,,Engineering,Worker,Skilled Worker,,,,,unverified,,,no_first_party_identity_verified; attempt_count:0
174757,British Rema Rotary Engineering Ltd,british rema rotary engineering ltd,Chesterfield,,,Engineering,Worker,Skilled Worker,,,,,unverified,,,no_first_party_identity_verified; attempt_count:0
174870,Broadway Engineering Ltd,broadway engineering ltd,Bristol,Avon,,Engineering,Worker,Skilled Worker,,,,,unverified,,,no_first_party_identity_verified; attempt_count:0
175185,Bruce Engineering Services NI Ltd,bruce engineering services ni ltd,COOKSTOWN,TYRONE,Northern Ireland,Engineering,Worker,Skilled Worker,,,,,unverified,,,no_first_party_identity_verified; attempt_count:0
175386,BTS ENGINEERING LTD,bts engineering ltd,Grangemouth,Scotland,Scotland,Engineering,Worker,Skilled Worker,,,,,low,https://btsengineering.co.uk/,SponsorList,possible_lead_not_accepted:only_one_name_token_on_page_without_hostname_match:bts; attempt_count:1
175550,Building Automation and control Ltd,building automation and control ltd,Southall,ealing,,Engineering,Worker,Skilled Worker,,,,,unverified,,,no_first_party_identity_verified; attempt_count:1
175553,Building Design Engineering Limited,building design engineering limited,Cheltenham,,,Engineering,Worker,Skilled Worker,,,,https://bdengineers.co.uk/,high,https://bdengineers.co.uk/,SponsorList,name_tokens_on_page:building+design;location_on_page; attempt_count:1
175557,Building Engineering Services Association,building engineering services association,London,,,Engineering,Worker,Skilled Worker,,,,https://www.thebesa.com/,medium,https://www.thebesa.com/,SponsorList,name_tokens_on_page:building+association; attempt_count:1
175658,Buoyancy Aerospace Limited,buoyancy aerospace limited,London,,,Engineering,Worker,Skilled Worker,,,,,unverified,,,no_first_party_identity_verified; attempt_count:1
175659,BUOYANCY AEROSPACE V1 LIMITED,buoyancy aerospace v1 limited,Barnoldswick,Lancashire,North West,Engineering,Worker,Skilled Worker,,,,,unverified,,,no_first_party_identity_verified; attempt_count:1
176113,Byland Engineering Limited,byland engineering limited,York,,,Engineering,Worker,Skilled Worker,,,,,low,https://bylandengineering.com/,SponsorList,possible_lead_not_accepted:only_one_name_token_on_page_without_hostname_match:byland; attempt_count:1
176549,Cairn Cross Civil Engineering Limited,cairn cross civil engineering limited,"Morley, Leeds",West Yorkshire,Yorkshire and the Humber,Engineering,Worker,Skilled Worker,,,,,unverified,,,no_first_party_identity_verified; attempt_count:0
176692,CALIBER ENGINEERING SERVICES UK LTD,caliber engineering services uk ltd,Brentford,,,Engineering,Worker,Skilled Worker,,,,,unverified,,,no_first_party_identity_verified; attempt_count:0
176821,Cambridge Aerospace Limited,cambridge aerospace limited,London,,,Engineering,Worker,Skilled Worker,,,,https://www.cambridgeaerospace.com/,medium,https://www.cambridgeaerospace.com/,SponsorList,name_tokens_on_page:cambridge+aerospace; attempt_count:1
176885,Cambridge Mechatronics Ltd,cambridge mechatronics ltd,Cambridge,Cambridgeshire,East of England,Engineering,Worker,Global Business Mobility: Senior or Specialist Worker,,,,,unverified,,,no_first_party_identity_verified; attempt_count:0
176886,Cambridge Mechatronics Ltd,cambridge mechatronics ltd,Cambridge,Cambridgeshire,East of England,Engineering,Worker,Global Business Mobility: Senior or Specialist Worker,,,,,unverified,,,no_first_party_identity_verified; attempt_count:0
177604,Cardinal Engineering Ltd,cardinal engineering ltd,Crawley,,,Engineering,Worker,Skilled Worker,,,,,low,https://www.cardinalengineering.co.uk/,SponsorList,possible_lead_not_accepted:only_one_name_token_on_page_without_hostname_match:cardinal; attempt_count:1
177925,CARESOFT ENGINEERING SERVICES LIMTED,caresoft engineering services limted,Eye,Suffolk,East of England,Engineering,Worker,Skilled Worker,,,,,low,https://www.caresoftuk.com/,SponsorList,possible_lead_not_accepted:only_one_name_token_on_page_without_hostname_match:caresoft; attempt_count:1
178275,Cascade Aerospace Engineering Ltd,cascade aerospace engineering ltd,Camberley,Surrey,South East,Engineering,Worker,Skilled Worker,,,,,unverified,,,no_first_party_identity_verified; attempt_count:1
178479,Catavia Aerospace Limited,catavia aerospace limited,Ashford,,,Engineering,Worker,Skilled Worker,,,,,unverified,,,no_first_party_identity_verified; attempt_count:1
178603,CAVU Aerospace UK Tech Ltd.,cavu aerospace uk tech ltd,Stirling,Stirling,Scotland,Engineering,Worker,Skilled Worker,,,,,unverified,,,no_first_party_identity_verified; attempt_count:0
178753,CDD Automation Solutions Ltd,cdd automation solutions ltd,Peterborough,,,Engineering,Worker,Global Business Mobility: Senior or Specialist Worker,,,,,unverified,,,no_first_party_identity_verified; attempt_count:0
178754,CDD Automation Solutions Ltd,cdd automation solutions ltd,Peterborough,,,Engineering,Worker,Global Business Mobility: Senior or Specialist Worker,,,,,unverified,,,no_first_party_identity_verified; attempt_count:0
179217,Centum Engineering Services UK Ltd,centum engineering services uk ltd,The Creagh,,,Engineering,Worker,Skilled Worker,,,,,unverified,,,no_first_party_identity_verified; attempt_count:0
179573,Chandos Civil Engineering Ltd,chandos civil engineering ltd,Cheadle,Manchester,North West,Engineering,Worker,Skilled Worker,,,,https://chandoscivils.com/,high,https://chandoscivils.com/,SponsorList,name_tokens_on_page:chandos+civil;location_on_page; attempt_count:1
179764,Charlesworth Engineering Ltd,charlesworth engineering ltd,Lisburn,,,Engineering,Worker,Skilled Worker,,,,,low,https://charlesworthengineering.com/,SponsorList,possible_lead_not_accepted:only_one_name_token_on_page_without_hostname_match:charlesworth; attempt_count:1
180769,CHPK Fire Engineering Limited,chpk fire engineering limited,London,,,Engineering,Worker,Skilled Worker,,,,https://chpk.co.uk/,high,https://chpk.co.uk/,SponsorList,name_tokens_on_page:chpk+fire;name_tokens_on_host:chpk;location_on_page; attempt_count:1
181462,CITY ENGINEERING LIMITED,city engineering limited,London,,,Engineering,Worker,Skilled Worker,,,,,unverified,,,no_first_party_identity_verified; attempt_count:0
181598,Civcon Civil Engineering Ltd,civcon civil engineering ltd,Leeds,West Yorkshire,Yorkshire and the Humber,Engineering,Worker,Skilled Worker,,,,,unverified,,,no_first_party_identity_verified; attempt_count:0
181614,Civile Engineering Ltd,civile engineering ltd,Lincoln,,,Engineering,Worker,Skilled Worker,,,,,low,https://civileltd.com/,SponsorList,possible_lead_not_accepted:only_one_name_token_on_page_without_hostname_match:civile; attempt_count:1
181650,CKK Civil Engineering Limited,ckk civil engineering limited,Southend On Sea,"Essex,",,Engineering,Worker,Skilled Worker,,,,,unverified,,,no_first_party_identity_verified; attempt_count:0
181942,Cleantech Engineering Limited,cleantech engineering limited,Edenbridge,Kent,South East,Engineering,Worker,Skilled Worker,,,,,unverified,,,no_first_party_identity_verified; attempt_count:1
182551,CMT Engineering Limited,cmt engineering limited,Cradley Heath,West Midlands,West Midlands,Engineering,Worker,Skilled Worker,,,,,unverified,,,no_first_party_identity_verified; attempt_count:0
182559,CNA CONSTRUCTION & ENGINEERING LTD,cna construction and engineering ltd,Sittingbourne,United Kingdom,,Engineering,Worker,Skilled Worker,,,,,unverified,,,no_first_party_identity_verified; attempt_count:0
182600,Co Lab Engineering Limited,co lab engineering limited,Whitehaven,Cumbria,North West,Engineering,Worker,Skilled Worker,,,,https://www.co-lab.solutions/,medium,https://www.co-lab.solutions/,SponsorList,name_tokens_on_page:lab;name_tokens_on_host:lab; attempt_count:1
183525,COMPLIANCE ENGINEERING LIMITED,compliance engineering limited,Antrim,Antrim,Northern Ireland,Engineering,Worker,Skilled Worker,,,,,unverified,,,no_first_party_identity_verified; attempt_count:1
183621,Concept Engineering Consultants Ltd,concept engineering consultants ltd,Leicester,Leicestershire,East Midlands,Engineering,Worker,Skilled Worker,,,,https://conceptsi.co.uk/,medium,https://conceptsi.co.uk/,SponsorList,name_tokens_on_page:concept+consultants; attempt_count:1
183859,Conquip Engineering Group,conquip engineering group,Alton,Hampshire,South East,Engineering,Worker,Skilled Worker,,,,,unverified,,,no_first_party_identity_verified; attempt_count:0
183868,Consarc Engineering Ltd,consarc engineering ltd,Holytown,North Lanarkshire,Scotland,Engineering,Worker,Skilled Worker,,,,,unverified,,,no_first_party_identity_verified; attempt_count:0
183880,CONSERVE ENGINEERING SOLUTIONS UK LTD,conserve engineering solutions uk ltd,Liverpool,,,Engineering,Worker,Skilled Worker,,,,,unverified,,,no_first_party_identity_verified; attempt_count:0
184058,Continental Engineering Services Limited,continental engineering services limited,Lichfield,Staffordshire,West Midlands,Engineering,Worker,Global Business Mobility: Senior or Specialist Worker,,,,,unverified,,,no_first_party_identity_verified; attempt_count:0
184059,Continental Engineering Services Limited,continental engineering services limited,Lichfield,Staffordshire,West Midlands,Engineering,Worker,Global Business Mobility: Senior or Specialist Worker,,,,,unverified,,,no_first_party_identity_verified; attempt_count:0
184166,Convery Engineering Ltd,convery engineering ltd,Kilrea,,,Engineering,Worker,Skilled Worker,,,,,low,https://converyengineering.com/,SponsorList,possible_lead_not_accepted:only_one_name_token_on_page_without_hostname_match:convery; attempt_count:1
184262,Coote Engineering Ltd,coote engineering ltd,Ballygawley,,,Engineering,Worker,Skilled Worker,,,,https://www.coote.co.uk/,high,https://www.coote.co.uk/,SponsorList,name_tokens_on_page:coote;name_tokens_on_host:coote;location_on_page; attempt_count:1
184377,Core Automation Limited,core automation limited,Dunstable,Bedfordshire,East of England,Engineering,Worker,Skilled Worker,,,,,unverified,,,no_first_party_identity_verified; attempt_count:0
184620,Cortex Engineering Solutions Ltd,cortex engineering solutions ltd,Dungannon,Co. Tyrone,,Engineering,Worker,Skilled Worker,https://www.cortex-engineering.com/,,,https://www.cortex-engineering.com/,high,https://www.cortex-engineering.com/,existing_website,name_tokens_on_page:cortex;name_tokens_on_host:cortex;location_on_page; attempt_count:1
184791,Cougar Automation Limited,cougar automation limited,Waterlooville,,,Engineering,Worker,Skilled Worker,,,,,unverified,,,no_first_party_identity_verified; attempt_count:1
185036,CP Automation Ltd,cp automation ltd,Scunthorpe,Lincolnshire,East Midlands,Engineering,Worker,Skilled Worker,,,,,low,https://www.cpaltd.net/,SponsorList,possible_lead_not_accepted:only_one_name_token_on_page_without_hostname_match:automation; attempt_count:1
185139,Crafter Engineering Limited,crafter engineering limited,Warrington,Cheshire,North West,Engineering,Worker,Skilled Worker,,,,,unverified,,,no_first_party_identity_verified; attempt_count:1
185194,Cranfield Aerospace Solutions Limited,cranfield aerospace solutions limited,Bedford,Bedfordshire,East of England,Engineering,Worker,Skilled Worker,,,,,unverified,,,no_first_party_identity_verified; attempt_count:1
185489,Crest Aerospace Limited,crest aerospace limited,Reading,Berkshire,South East,Engineering,Worker,Skilled Worker,,,,,unverified,,,no_first_party_identity_verified; attempt_count:1
186040,CT Engineering Group UK Limited,ct engineering group uk limited,Bristol,Sth. Gloucestershire,,Engineering,Worker,Skilled Worker,,,,,unverified,,,no_first_party_identity_verified; attempt_count:1
186217,Cummins Civil Engineering Ltd,cummins civil engineering ltd,Knutsford,Cheshire,North West,Engineering,Worker,Skilled Worker,,,,https://www.cumminscivilengineering.co.uk/,high,https://www.cumminscivilengineering.co.uk/,SponsorList,name_tokens_on_page:cummins+civil;location_on_page; attempt_count:1
186378,Customer Value Engineering Ltd,customer value engineering ltd,Newbury,Berkshire,South East,Engineering,Worker,Skilled Worker,,,,,unverified,,,no_first_party_identity_verified; attempt_count:0
186409,Cutting Edge Precision Engineering Ltd,cutting edge precision engineering ltd,Huntingdon,Cambridgeshire,East of England,Engineering,Worker,Skilled Worker,,,,,unverified,,,no_first_party_identity_verified; attempt_count:0
186465,CWS ENGINEERING LIMITED,cws engineering limited,Somerset,,,Engineering,Worker,Skilled Worker,,,,,unverified,,,no_first_party_identity_verified; attempt_count:0
186712,D&A ENGINEERING LTD,d and a engineering ltd,HITCHIN,HERTFORDSHIRE,East of England,Engineering,Worker,Skilled Worker,,,,,unverified,,,no_first_party_identity_verified; attempt_count:0
186819,DA VINCI ENGINEERING LTD,da vinci engineering ltd,LONDON,,,Engineering,Worker,Skilled Worker,,,,,unverified,,,no_first_party_identity_verified; attempt_count:0
186890,DAHER AEROSPACE LTD,daher aerospace ltd,Derby,,,Engineering,Worker,Skilled Worker,,,,https://www.daher.com/,medium,https://www.daher.com/,SponsorList,name_tokens_on_page:daher;name_tokens_on_host:daher; attempt_count:1
186891,DAHER AEROSPACE LTD,daher aerospace ltd,Derby,,,Engineering,Worker,Skilled Worker,,,,https://www.daher.com/,medium,https://www.daher.com/,SponsorList,name_tokens_on_page:daher;name_tokens_on_host:daher; verified_domain_identity_cache_hit; attempt_count:1
186939,Daingade Building Automation Ltd.,daingade building automation ltd,Ilford,,,Engineering,Worker,Skilled Worker,,,,,unverified,,,no_first_party_identity_verified; attempt_count:0
187079,DAMA Engineering Consultants Limited,dama engineering consultants limited,London,,,Engineering,Worker,Skilled Worker,,,,,unverified,,,no_first_party_identity_verified; attempt_count:1
187564,DATUM ENGINEERING SERVICES LTD,datum engineering services ltd,Ilford,Essex,East of England,Engineering,Worker,Skilled Worker,,,,,unverified,,,no_first_party_identity_verified; attempt_count:0
187565,Datum site Engineering  services LTD,datum site engineering services ltd,Widnes,Cheshire,North West,Engineering,Worker,Skilled Worker,,,,,unverified,,,no_first_party_identity_verified; attempt_count:0
188378,Delta Fire Engineering Ltd,delta fire engineering ltd,Preston,Lancashire,North West,Engineering,Worker,Skilled Worker,,,,,unverified,,,no_first_party_identity_verified; attempt_count:1
189989,Distributed Generation Engineering Limited,distributed generation engineering limited,London,,,Engineering,Worker,Skilled Worker,,,,,unverified,,,no_first_party_identity_verified; attempt_count:0
190215,DLT Engineering Ltd,dlt engineering ltd,Higham Ferrers,,,Engineering,Worker,Skilled Worker,,,,,unverified,,,no_first_party_identity_verified; attempt_count:0
190232,DMAC Engineering Ltd,dmac engineering ltd,Dungannon,Co. Tyrone,,Engineering,Worker,Skilled Worker,,,,,unverified,,,no_first_party_identity_verified; attempt_count:0
190247,DMG Engineering Ltd t/a Lochshell Engineering,dmg engineering ltd t a lochshell engineering,Lybster,,,Engineering,Worker,Skilled Worker,,,,,unverified,,,no_first_party_identity_verified; attempt_count:0
190532,DON VALLEY ENGINEERING GROUP LIMITED,don valley engineering group limited,Doncaster,South Yorkshire,Yorkshire and the Humber,Engineering,Worker,Skilled Worker,,,,https://donvalleyeng.com/,high,https://donvalleyeng.com/,SponsorList,name_tokens_on_page:don+valley;location_on_page; attempt_count:1
190542,Donaldson Timber Engineering Limited,donaldson timber engineering limited,Fife,Scotland,Scotland,Engineering,Worker,Skilled Worker,,,,https://www.donaldsontimberengineering.co.uk/,high,https://www.donaldsontimberengineering.co.uk/,SponsorList,name_tokens_on_page:donaldson+timber;location_on_page; attempt_count:1
190576,Donland Engineering Ltd,donland engineering ltd,London,,,Engineering,Worker,Skilled Worker,,,,https://www.donland.co.uk/,medium,https://www.donland.co.uk/,SponsorList,name_tokens_on_page:donland;name_tokens_on_host:donland; attempt_count:1
190584,Donnell and Ellis Engineering Ltd,donnell and ellis engineering ltd,Castlederg,N/A,,Engineering,Worker,Skilled Worker,,,,https://www.donnellandellis.com/,high,https://www.donnellandellis.com/,SponsorList,name_tokens_on_page:donnell+ellis;location_on_page; attempt_count:1
190658,Dornan Engineering Services Limited,dornan engineering services limited,London,,,Engineering,Worker,Skilled Worker,,,,https://www.dornan.ie/,high,https://www.dornan.ie/,SponsorList,name_tokens_on_page:dornan;name_tokens_on_host:dornan;location_on_page; attempt_count:1
191305,Drives and Automation Limited,drives and automation limited,Chesterfield,Derbyshire,East Midlands,Engineering,Worker,Skilled Worker,,,,https://www.drivesandautomation.co.uk/,medium,https://www.drivesandautomation.co.uk/,verified_company_site_source_host,name_tokens_on_page:drives+automation; attempt_count:1
192053,E E Ingleton Engineering Ltd,e e ingleton engineering ltd,Sheffield,,,Engineering,Worker,Skilled Worker,,,,,unverified,,,no_first_party_identity_verified; attempt_count:1
192090,E&F Engineering Ltd,e and f engineering ltd,Ruislip,,,Engineering,Worker,Skilled Worker,,,,,unverified,,,no_first_party_identity_verified; attempt_count:1
192093,E&I Engineering Ltd,e and i engineering ltd,Londonderry,Derry City &Strabane,,Engineering,Worker,Skilled Worker,,,,,unverified,,,no_first_party_identity_verified; attempt_count:1
192124,E-MUG ENGINEERING SERVICES LTD,e mug engineering services ltd,London,,,Engineering,Worker,Global Business Mobility: Senior or Specialist Worker,,,,,low,https://emugtech.com/,SponsorList,possible_lead_not_accepted:only_one_name_token_on_page_without_hostname_match:mug; attempt_count:1
192125,E-MUG ENGINEERING SERVICES LTD,e mug engineering services ltd,London,,,Engineering,Worker,Global Business Mobility: Senior or Specialist Worker,,,,,low,https://emugtech.com/,SponsorList,possible_lead_not_accepted:only_one_name_token_on_page_without_hostname_match:mug; attempt_count:1
192374,East Anglian Site Engineering Ltd,east anglian site engineering ltd,Norwich,Norfolk,East of England,Engineering,Worker,Skilled Worker,,,,https://www.easeltd.co.uk/,high,https://www.easeltd.co.uk/,SponsorList,name_tokens_on_page:east+anglian+site;location_on_page; attempt_count:1
192434,EAST LONDON METAL ENGINEERING LTD,east london metal engineering ltd,London,,,Engineering,Worker,Skilled Worker,,,,https://www.eastlondonmetal.com/,high,https://www.eastlondonmetal.com/,SponsorList,name_tokens_on_page:east+london+metal;location_on_page; attempt_count:1
193098,EDAG Engineering Limited,edag engineering limited,Royal Leamington Spa,,,Engineering,Worker,Global Business Mobility: Senior or Specialist Worker,,,,,unverified,,,no_first_party_identity_verified; attempt_count:1
193099,EDAG Engineering Limited,edag engineering limited,Royal Leamington Spa,,,Engineering,Worker,Global Business Mobility: Senior or Specialist Worker,,,,,unverified,,,no_first_party_identity_verified; attempt_count:1
193612,EGIS UK - CONSULTING AND ENGINEERING LIMITED,egis uk consulting and engineering limited,London,,,Engineering,Worker,Skilled Worker,,,,https://www.egis-group.com/,high,https://www.egis-group.com/,SponsorList,name_tokens_on_page:egis+consulting;name_tokens_on_host:egis; attempt_count:1
193924,ELECRO ENGINEERING LIMITED,elecro engineering limited,Stevenage,Hertfordshire,East of England,Engineering,Worker,Skilled Worker,,,,,unverified,,,no_first_party_identity_verified; attempt_count:1
193964,Electrified Automation,electrified automation,Bridgwater,Somerset,South West,Engineering,Worker,Skilled Worker,,,,https://electrified-motors.com/,high,https://electrified-motors.com/,SponsorList,name_tokens_on_page:electrified+automation;name_tokens_on_host:electrified; attempt_count:1
193994,Electrosoft Engineering Limited,electrosoft engineering limited,Hertfordshire,,,Engineering,Worker,Skilled Worker,,,,,unverified,,,no_first_party_identity_verified; attempt_count:1
194088,Elev8 Fire Engineering Ltd,elev8 fire engineering ltd,Nottingham,Nottinghamshire,East Midlands,Engineering,Worker,Skilled Worker,,,,https://www.elev8fireengineering.com/,medium,https://www.elev8fireengineering.com/,SponsorList,name_tokens_on_page:elev8+fire; attempt_count:1
194186,Elisys Engineering Ltd,elisys engineering ltd,Edinburgh,Midlothian,Scotland,Engineering,Worker,Skilled Worker,,,,,unverified,,,no_first_party_identity_verified; attempt_count:1
194369,Elliott Building & Civil Engineering Ltd,elliott building and civil engineering ltd,London,,,Engineering,Worker,Skilled Worker,,,,,low,https://www.elliottgroup.com/,SponsorList,possible_lead_not_accepted:only_one_name_token_on_page_without_hostname_match:elliott; attempt_count:1
194827,Empire Engineering Limited,empire engineering limited,Bristol,Bristol,South West,Engineering,Worker,Skilled Worker,,,,,low,https://www.empireengineering.co.uk/,SponsorList,possible_lead_not_accepted:only_one_name_token_on_page_without_hostname_match:empire; attempt_count:1
194988,Encompass Engineering Solutions Ltd,encompass engineering solutions ltd,Derby,,,Engineering,Worker,Skilled Worker,,,,https://encompass-engineering.com/,high,https://encompass-engineering.com/,SponsorList,name_tokens_on_page:encompass;name_tokens_on_host:encompass;location_on_page; attempt_count:1
195148,Enertherm Engineering Ltd,enertherm engineering ltd,Peterborough,,,Engineering,Worker,Skilled Worker,,,,https://enertherm-engineering.com/,high,https://enertherm-engineering.com/,SponsorList,name_tokens_on_page:enertherm;name_tokens_on_host:enertherm;location_on_page; attempt_count:1
195267,Enhanced Engineering Group Limited,enhanced engineering group limited,Camberley,Surrey,South East,Engineering,Worker,Skilled Worker,,,,,unverified,,,no_first_party_identity_verified; attempt_count:1
195794,Equinox Automation & controls Ltd.,equinox automation and controls ltd,Wellingborough,Northamptonshire,East Midlands,Engineering,Worker,Skilled Worker,,,,,unverified,,,no_first_party_identity_verified; attempt_count:0
195981,ESCATEC Mechatronics Ltd,escatec mechatronics ltd,Lutterworth,Leicestershire,East Midlands,Engineering,Worker,Global Business Mobility: Senior or Specialist Worker,,,,,unverified,,,no_first_party_identity_verified; attempt_count:1
195982,ESCATEC Mechatronics Ltd,escatec mechatronics ltd,Lutterworth,Leicestershire,East Midlands,Engineering,Worker,Global Business Mobility: Senior or Specialist Worker,,,,,unverified,,,no_first_party_identity_verified; attempt_count:1
196087,Esprit Automation Limited,esprit automation limited,Sandiacre,Nottingham,East Midlands,Engineering,Worker,Skilled Worker,,,,,unverified,,,no_first_party_identity_verified; attempt_count:1
197017,EVOK ENGINEERING LIMITED,evok engineering limited,London,,,Engineering,Worker,Skilled Worker,,,,,unverified,,,no_first_party_identity_verified; attempt_count:0
197292,Exeter Aerospace Ltd,exeter aerospace ltd,Exeter,Devon,South West,Engineering,Worker,Skilled Worker,,,,https://www.dublinaerospace.com/,high,https://www.dublinaerospace.com/,SponsorList,name_tokens_on_page:exeter+aerospace;location_on_page; attempt_count:1
197426,Expert Tooling & Automation Limited,expert tooling and automation limited,Coventry,West Midlands,West Midlands,Engineering,Worker,Skilled Worker,,,,https://experttechnologiesgroup.com/,medium,https://experttechnologiesgroup.com/,SponsorList,name_tokens_on_page:expert+tooling+automation; attempt_count:1
197649,F A ENGINEERING LTD,f a engineering ltd,ILFORD,,,Engineering,Worker,Skilled Worker,,,,,unverified,,,no_first_party_identity_verified; attempt_count:1
197935,Fairfield Engineering Ltd,fairfield engineering ltd,Petersfield,Hampshire,South East,Engineering,Worker,Skilled Worker,,,,,unverified,,,no_first_party_identity_verified; attempt_count:1
197973,Fairport Engineering Limited t/a Fairport Tunnelling Technologies,fairport engineering limited t a fairport tunnelling technologies,Chorley,Lancashire,North West,Engineering,Worker,Skilled Worker,,,,,unverified,,,no_first_party_identity_verified; attempt_count:1
198545,FATA Automation Limited,fata automation limited,Worcester,Worcestershire,West Midlands,Engineering,Worker,Global Business Mobility: Senior or Specialist Worker,,,,https://fataautomation.co.uk/,high,https://fataautomation.co.uk/,SponsorList,name_tokens_on_page:fata+automation;location_on_page; attempt_count:1
198852,Ferguson Engineering Consultants Ltd,ferguson engineering consultants ltd,Newcastle,,,Engineering,Worker,Skilled Worker,,,,,unverified,,,no_first_party_identity_verified; attempt_count:0
198981,FHP Engineering Services Solutions Limited,fhp engineering services solutions limited,London,,,Engineering,Worker,Skilled Worker,,,,,unverified,,,no_first_party_identity_verified; attempt_count:0
200416,Focusrite Audio Engineering Limited,focusrite audio engineering limited,High Wycombe,Buckinghamshire,South East,Engineering,Worker,Skilled Worker,,,,,unverified,,,no_first_party_identity_verified; attempt_count:1
200421,Foers Engineering Ltd,foers engineering ltd,Rothertham,South Yorkshire,Yorkshire and the Humber,Engineering,Worker,Skilled Worker,,,,,low,https://www.foerscontracts.co.uk/,SponsorList,possible_lead_not_accepted:only_one_name_token_on_page_without_hostname_match:foers; attempt_count:1
200641,Force Engineering Ltd,force engineering ltd,Shepshed,Leicestershire,East Midlands,Engineering,Worker,Skilled Worker,,,,,unverified,,,no_first_party_identity_verified; attempt_count:1
200650,Ford Aerospace Ltd,ford aerospace ltd,South Shields,Tyne and Wear,North East,Engineering,Worker,Skilled Worker,,,,,unverified,,,no_first_party_identity_verified; attempt_count:1
200876,Fort Vale Engineering Ltd.,fort vale engineering ltd,Burnley,Lancashire,North West,Engineering,Worker,Skilled Worker,,,,https://www.fortvale.com/,high,https://www.fortvale.com/,SponsorList,name_tokens_on_page:fort+vale;location_on_page; attempt_count:1
202339,FYZ ENGINEERING LTD,fyz engineering ltd,ILFORD,ESSEX,East of England,Engineering,Worker,Skilled Worker,,,,,low,https://fyzengineering.co.uk/,SponsorList,possible_lead_not_accepted:only_one_name_token_on_page_without_hostname_match:fyz; attempt_count:1
202733,Gall Engineering Ltd,gall engineering ltd,Inverurie,,,Engineering,Worker,Skilled Worker,,,,,unverified,,,no_first_party_identity_verified; attempt_count:0
202914,GARDNER AEROSPACE OPERATIONS UK LIMITED,gardner aerospace operations uk limited,Derby,,,Engineering,Worker,Skilled Worker,,,,,unverified,,,no_first_party_identity_verified; attempt_count:0
203276,GDS Engineering Limited,gds engineering limited,Brackley,England,,Engineering,Worker,Skilled Worker,,,,,unverified,,,no_first_party_identity_verified; attempt_count:0
203645,George Adams Engineering Limited,george adams engineering limited,Newtownards,Down,Northern Ireland,Engineering,Worker,Skilled Worker,,,,https://gaeltd.co.uk/,high,https://gaeltd.co.uk/,SponsorList,name_tokens_on_page:george+adams;location_on_page; attempt_count:1
203703,Geosec Ground Engineering Ltd,geosec ground engineering ltd,London,,,Engineering,Worker,Global Business Mobility: Senior or Specialist Worker,,,,https://www.geosec.co.uk/,high,https://www.geosec.co.uk/,SponsorList,name_tokens_on_page:geosec+ground;name_tokens_on_host:geosec; attempt_count:1
203704,Geosec Ground Engineering Ltd,geosec ground engineering ltd,London,,,Engineering,Worker,Global Business Mobility: Senior or Specialist Worker,,,,https://www.geosec.co.uk/,high,https://www.geosec.co.uk/,SponsorList,name_tokens_on_page:geosec+ground;name_tokens_on_host:geosec; verified_domain_identity_cache_hit; attempt_count:1
203820,GF Engineering Group UK Ltd,gf engineering group uk ltd,London,,,Engineering,Worker,Global Business Mobility: Senior or Specialist Worker,,,,,unverified,,,no_first_party_identity_verified; attempt_count:1
203821,GF Engineering Group UK Ltd,gf engineering group uk ltd,London,,,Engineering,Worker,Global Business Mobility: Senior or Specialist Worker,,,,,unverified,,,no_first_party_identity_verified; attempt_count:1
204081,Gill Civil Engineering Limited,gill civil engineering limited,Birmingham,,,Engineering,Worker,Skilled Worker,,,,,unverified,,,no_first_party_identity_verified; attempt_count:1
204260,GKN Aerospace Service - Cowes,gkn aerospace service cowes,Cowes,Isle of Wight,South East,Engineering,Temporary Worker,Global Business Mobility: Graduate Trainee,,,,https://careers.gknaerospace.com/,medium,https://careers.gknaerospace.com/,verified_company_site_source_host,name_tokens_on_page:gkn+aerospace; attempt_count:1
204261,GKN Aerospace Service - Cowes,gkn aerospace service cowes,Cowes,Isle of Wight,South East,Engineering,Temporary Worker,Global Business Mobility: Graduate Trainee,,,,https://careers.gknaerospace.com/,medium,https://careers.gknaerospace.com/,verified_company_site_source_host,name_tokens_on_page:gkn+aerospace; verified_domain_identity_cache_hit; attempt_count:1
204262,GKN Aerospace Service - Cowes,gkn aerospace service cowes,Cowes,Isle of Wight,South East,Engineering,Temporary Worker,Global Business Mobility: Graduate Trainee,,,,https://careers.gknaerospace.com/,medium,https://careers.gknaerospace.com/,verified_company_site_source_host,name_tokens_on_page:gkn+aerospace; verified_domain_identity_cache_hit; attempt_count:1
204263,GKN Aerospace Services,gkn aerospace services,Luton,Bedfordshire,East of England,Engineering,Worker,Global Business Mobility: Senior or Specialist Worker,,,,,unverified,,,no_first_party_identity_verified; attempt_count:1
204264,GKN Aerospace Services,gkn aerospace services,Luton,Bedfordshire,East of England,Engineering,Worker,Global Business Mobility: Senior or Specialist Worker,,,,,unverified,,,no_first_party_identity_verified; attempt_count:1
204265,GKN Aerospace Services - Engineering and Technology,gkn aerospace services engineering and technology,Bristol,,,Engineering,Worker,Global Business Mobility: Senior or Specialist Worker,,,,,unverified,,,no_first_party_identity_verified; attempt_count:1
204266,GKN Aerospace Services - Engineering and Technology,gkn aerospace services engineering and technology,Bristol,,,Engineering,Worker,Global Business Mobility: Senior or Specialist Worker,,,,,unverified,,,no_first_party_identity_verified; attempt_count:1
204267,GKN Aerospace Services - Filton,gkn aerospace services filton,Bristol,,,Engineering,Temporary Worker,Global Business Mobility: Graduate Trainee,,,,,unverified,,,no_first_party_identity_verified; attempt_count:1
204268,GKN Aerospace Services - Filton,gkn aerospace services filton,Bristol,,,Engineering,Temporary Worker,Global Business Mobility: Graduate Trainee,,,,,unverified,,,no_first_party_identity_verified; attempt_count:1
204269,GKN Aerospace Services - Filton,gkn aerospace services filton,Bristol,,,Engineering,Temporary Worker,Global Business Mobility: Graduate Trainee,,,,,unverified,,,no_first_party_identity_verified; attempt_count:1
204270,GKN Aerospace Services Limited,gkn aerospace services limited,Birmingham,West Midlands,West Midlands,Engineering,Temporary Worker,Global Business Mobility: Graduate Trainee,,,,,unverified,,,no_first_party_identity_verified; attempt_count:1
204271,GKN Aerospace Services Limited,gkn aerospace services limited,Birmingham,West Midlands,West Midlands,Engineering,Temporary Worker,Global Business Mobility: Graduate Trainee,,,,,unverified,,,no_first_party_identity_verified; attempt_count:1
204272,GKN Aerospace Services Limited,gkn aerospace services limited,Birmingham,West Midlands,West Midlands,Engineering,Temporary Worker,Global Business Mobility: Graduate Trainee,,,,,unverified,,,no_first_party_identity_verified; attempt_count:1
204369,Glass UK Civil Engineering LTD,glass uk civil engineering ltd,Bishops Stortford,,,Engineering,Worker,Skilled Worker,,,,https://glass-uk.com/,medium,https://glass-uk.com/,SponsorList,name_tokens_on_page:glass;name_tokens_on_host:glass; attempt_count:1
204370,Glass UK Civil Engineering LTD,glass uk civil engineering ltd,Bishops Stortford,,,Engineering,Worker,Skilled Worker,,,,https://glass-uk.com/,medium,https://glass-uk.com/,SponsorList,name_tokens_on_page:glass;name_tokens_on_host:glass; verified_domain_identity_cache_hit; attempt_count:1
204474,GLENFORT TIMBER ENGINEERING LIMITED,glenfort timber engineering limited,Dungannon,Tyrone,Northern Ireland,Engineering,Worker,Skilled Worker,,,,https://www.glenfort.com/,high,https://www.glenfort.com/,SponsorList,name_tokens_on_page:glenfort+timber;name_tokens_on_host:glenfort;location_on_page; attempt_count:1
204743,GLOBAL MARITIME ENGINEERING SERVICES LIMITED,global maritime engineering services limited,BRIDGEND,,,Engineering,Worker,Skilled Worker,,,,,low,https://globalmaritime.com/,SponsorList,possible_lead_not_accepted:only_one_name_token_on_page_without_hostname_match:maritime; attempt_count:1
204936,Globetek Engineering Ltd.,globetek engineering ltd,London,,,Engineering,Worker,Global Business Mobility: Senior or Specialist Worker,,,,https://globetek.pl/,medium,https://globetek.pl/,SponsorList,name_tokens_on_page:globetek;name_tokens_on_host:globetek; attempt_count:1
204937,Globetek Engineering Ltd.,globetek engineering ltd,London,,,Engineering,Worker,Global Business Mobility: Senior or Specialist Worker,,,,https://globetek.pl/,medium,https://globetek.pl/,SponsorList,name_tokens_on_page:globetek;name_tokens_on_host:globetek; verified_domain_identity_cache_hit; attempt_count:1
205414,GOLDEN CIVIL ENGINEERING LTD,golden civil engineering ltd,"Tyldesley, Manchester",,,Engineering,Worker,Skilled Worker,,,,,unverified,,,no_first_party_identity_verified; attempt_count:1
206232,Grant Walker Engineering Ltd,grant walker engineering ltd,Chichester,,,Engineering,Worker,Skilled Worker,,,,https://g-w-e.com/,medium,https://g-w-e.com/,SponsorList,name_tokens_on_page:grant+walker; attempt_count:1
206314,Gravity Civil and Structural Engineering Ltd,gravity civil and structural engineering ltd,Chelmsford,,,Engineering,Worker,Skilled Worker,,,,https://gravity-ce.co.uk/,high,https://gravity-ce.co.uk/,SponsorList,name_tokens_on_page:gravity+civil+structural;name_tokens_on_host:gravity; attempt_count:1
206470,Greaves 3D Engineering Limited,greaves 3d engineering limited,Peterborough,,,Engineering,Worker,Skilled Worker,,,,,low,https://greaves3d.com/,SponsorList,possible_lead_not_accepted:only_one_name_token_on_page_without_hostname_match:greaves; attempt_count:1
206742,Greenlight Engineering Ltd,greenlight engineering ltd,Merton,London,London,Engineering,Worker,Skilled Worker,,,,,low,https://green-light.co.uk/,SponsorList,possible_lead_not_accepted:only_one_name_token_on_page_without_hostname_match:greenlight; attempt_count:1
207078,Groundline Engineering Limited,groundline engineering limited,Annesley,Nottinghamshire,East Midlands,Engineering,Worker,Skilled Worker,,,,,unverified,,,no_first_party_identity_verified; attempt_count:1
207098,Grove Automation,grove automation,LEICESTER,,,Engineering,Worker,Skilled Worker,https://www.groveautomation.com/,,,https://www.groveautomation.com/,high,https://www.groveautomation.com/,existing_website,name_tokens_on_page:grove+automation;location_on_page; attempt_count:1
207290,GT Aerospace (Europe) Limited,gt aerospace europe limited,Elstree,,,Engineering,Worker,Global Business Mobility: Senior or Specialist Worker,,,,,unverified,,,no_first_party_identity_verified; attempt_count:1
207291,GT Aerospace (Europe) Limited,gt aerospace europe limited,Elstree,,,Engineering,Worker,Global Business Mobility: Senior or Specialist Worker,,,,,unverified,,,no_first_party_identity_verified; attempt_count:1
207404,Guidance Automation,guidance automation,Leicester,,,Engineering,Worker,Global Business Mobility: Senior or Specialist Worker,,,,https://www.guidanceautomation.com/,high,https://www.guidanceautomation.com/,SponsorList,name_tokens_on_page:guidance+automation;location_on_page; attempt_count:1
207405,Guidance Automation,guidance automation,Leicester,,,Engineering,Worker,Global Business Mobility: Senior or Specialist Worker,,,,https://www.guidanceautomation.com/,high,https://www.guidanceautomation.com/,SponsorList,name_tokens_on_page:guidance+automation;location_on_page; verified_domain_identity_cache_hit; attempt_count:1
207474,Gulfstream Aerospace Ltd,gulfstream aerospace ltd,Farnborough,Hampshire,South East,Engineering,Worker,Global Business Mobility: Senior or Specialist Worker,,,,,unverified,,,no_first_party_identity_verified; attempt_count:1
207475,Gulfstream Aerospace Ltd,gulfstream aerospace ltd,Farnborough,Hampshire,South East,Engineering,Worker,Global Business Mobility: Senior or Specialist Worker,,,,,unverified,,,no_first_party_identity_verified; attempt_count:1
207935,H&E Engineering Limited,h and e engineering limited,Bridgwater,Somerset,South West,Engineering,Worker,Skilled Worker,,,,,unverified,,,no_first_party_identity_verified; attempt_count:0
207936,H&E Engineering Limited,h and e engineering limited,Bridgwater,Somerset,South West,Engineering,Worker,Skilled Worker,,,,,unverified,,,no_first_party_identity_verified; attempt_count:0
207937,H&E Engineering Limited,h and e engineering limited,Bridgwater,Somerset,South West,Engineering,Worker,Skilled Worker,,,,,unverified,,,no_first_party_identity_verified; attempt_count:0
207962,H&MV Engineering Services Ltd,h and mv engineering services ltd,Altrincham,,,Engineering,Temporary Worker,Global Business Mobility: Graduate Trainee,,,,,unverified,,,no_first_party_identity_verified; attempt_count:0
207963,H&MV Engineering Services Ltd,h and mv engineering services ltd,Altrincham,,,Engineering,Temporary Worker,Global Business Mobility: Graduate Trainee,,,,,unverified,,,no_first_party_identity_verified; attempt_count:0
207964,H&MV Engineering Services Ltd,h and mv engineering services ltd,Altrincham,,,Engineering,Temporary Worker,Global Business Mobility: Graduate Trainee,,,,,unverified,,,no_first_party_identity_verified; attempt_count:0
207990,H-Cube Engineering Ltd,h cube engineering ltd,Leeds,,,Engineering,Worker,Skilled Worker,,,,,unverified,,,no_first_party_identity_verified; attempt_count:0
208042,H2M ENGINEERING LTD,h2m engineering ltd,Hinckley,,,Engineering,Worker,Skilled Worker,,,,,low,https://www.h2mengineering.co.uk/,SponsorList,possible_lead_not_accepted:only_one_name_token_on_page_without_hostname_match:h2m; attempt_count:1
208052,H4 Aerospace (UK) Ltd,h4 aerospace uk ltd,Hemel Hempstead,Herts,,Engineering,Worker,Skilled Worker,,,,,low,https://www.h4aerospace.com/,SponsorList,possible_lead_not_accepted:only_one_name_token_on_page_without_hostname_match:aerospace; attempt_count:1
208073,HAAS AUTOMATION LIMITED,haas automation limited,NORWICH,Norfolk,East of England,Engineering,Worker,Skilled Worker,,,,https://www.haas.co.uk/,high,https://www.haas.co.uk/,SponsorList,name_tokens_on_page:haas+automation;name_tokens_on_host:haas;location_on_page; attempt_count:1
208199,Hager Engineering Limited,hager engineering limited,Telford,Shropshire,West Midlands,Engineering,Worker,Global Business Mobility: Senior or Specialist Worker,,,,,unverified,,,no_first_party_identity_verified; attempt_count:0
208200,Hager Engineering Limited,hager engineering limited,Telford,Shropshire,West Midlands,Engineering,Worker,Global Business Mobility: Senior or Specialist Worker,,,,,unverified,,,no_first_party_identity_verified; attempt_count:0
208208,HAHN Automation Ltd,hahn automation ltd,Tyne & Wear,,,Engineering,Worker,Skilled Worker,,,,,unverified,,,no_first_party_identity_verified; attempt_count:0
209158,Harrath Engineering Limited,harrath engineering limited,Essex,,,Engineering,Worker,Skilled Worker,,,,,unverified,,,no_first_party_identity_verified; attempt_count:1
210273,Heidelberg Engineering Limited,heidelberg engineering limited,Hemel Hempstead,Hertfordshire,East of England,Engineering,Worker,Skilled Worker,,,,,unverified,,,no_first_party_identity_verified; attempt_count:0
210631,Herron Engineering Ltd,herron engineering ltd,Castlewellan,Dowb,,Engineering,Worker,Skilled Worker,,,,,low,https://herronengineering.co.uk/,SponsorList,possible_lead_not_accepted:only_one_name_token_on_page_without_hostname_match:herron; attempt_count:1
210705,Hewland Engineering Ltd,hewland engineering ltd,Maidenhead,Berkshire,South East,Engineering,Worker,Skilled Worker,,,,https://www.hewland.com/,high,https://www.hewland.com/,SponsorList,name_tokens_on_page:hewland;name_tokens_on_host:hewland;location_on_page; attempt_count:1
210803,HGE Field Engineering Ltd,hge field engineering ltd,Solihull,,,Engineering,Worker,Skilled Worker,,,,,unverified,,,no_first_party_identity_verified; attempt_count:1
210969,High Speed Engineering Ltd,high speed engineering ltd,WEST BROMWICH,West Midlands,West Midlands,Engineering,Worker,Skilled Worker,,,,https://www.highspeedengineering.com/,medium,https://www.highspeedengineering.com/,SponsorList,name_tokens_on_page:high+speed; attempt_count:1
211142,Hill Aerospace Limited,hill aerospace limited,Stafford,Staffordshire,West Midlands,Engineering,Worker,Skilled Worker,,,,,low,https://www.hillhelicopters.com/,SponsorList,possible_lead_not_accepted:only_one_name_token_on_page_without_hostname_match:hill; attempt_count:1
211768,Hohner Automation Limited,hohner automation limited,Wrexham,,,Engineering,Worker,Skilled Worker,,,,https://www.hohner.com/,high,https://www.hohner.com/,SponsorList,name_tokens_on_page:hohner+automation;name_tokens_on_host:hohner; attempt_count:1
212370,HORAN POWER ENGINEERING LIMITED,horan power engineering limited,Chester,,,Engineering,Worker,Skilled Worker,,,,,unverified,,,no_first_party_identity_verified; attempt_count:0
212380,HORIBA Test Automation Limited,horiba test automation limited,Worcester,,,Engineering,Worker,Global Business Mobility: Senior or Specialist Worker,,,,,unverified,,,no_first_party_identity_verified; attempt_count:0
212381,HORIBA Test Automation Limited,horiba test automation limited,Worcester,,,Engineering,Worker,Global Business Mobility: Senior or Specialist Worker,,,,,unverified,,,no_first_party_identity_verified; attempt_count:0
213331,Hutchinson Engineering Ltd,hutchinson engineering ltd,Manchester,Manchester,North West,Engineering,Worker,Skilled Worker,,,,,unverified,,,no_first_party_identity_verified; attempt_count:0
213352,Huxley Bertram Engineering Ltd,huxley bertram engineering ltd,Cambridge,Cambridgeshire,East of England,Engineering,Worker,Skilled Worker,,,,,unverified,,,no_first_party_identity_verified; attempt_count:0
213451,Hydram Engineering Limited,hydram engineering limited,Chilton,County Durham,North East,Engineering,Worker,Global Business Mobility: Senior or Specialist Worker,,,,,unverified,,,no_first_party_identity_verified; attempt_count:0
213554,Hyspec Engineering Limited,hyspec engineering limited,Stewarton,,,Engineering,Worker,Skilled Worker,,,,,unverified,,,no_first_party_identity_verified; attempt_count:0
213555,Hyspec Engineering Limited,hyspec engineering limited,Stewarton,,,Engineering,Worker,Skilled Worker,,,,,unverified,,,no_first_party_identity_verified; attempt_count:0
214479,Ilmor Engineering Ltd,ilmor engineering ltd,Brixworth,Northampton,,Engineering,Worker,Skilled Worker,,,,,unverified,,,no_first_party_identity_verified; attempt_count:0
214490,IM Automation Systems Limited,im automation systems limited,Basildon,Essex,East of England,Engineering,Worker,Skilled Worker,,,,,unverified,,,no_first_party_identity_verified; attempt_count:0
214584,IMECH ENGINEERING LIMITED,imech engineering limited,London,,,Engineering,Worker,Skilled Worker,,,,,unverified,,,no_first_party_identity_verified; attempt_count:0
214715,Impala Engineering Ltd,impala engineering ltd,Mildenhall,,,Engineering,Worker,Skilled Worker,,,,,unverified,,,no_first_party_identity_verified; attempt_count:0
214787,Imperial Thermal Engineering Ltd,imperial thermal engineering ltd,Braintree,Essex,East of England,Engineering,Worker,Skilled Worker,,,,,unverified,,,no_first_party_identity_verified; attempt_count:0
214798,Imperium Engineering Ltd,imperium engineering ltd,Rochester,Kent,South East,Engineering,Worker,Skilled Worker,,,,,unverified,,,no_first_party_identity_verified; attempt_count:0
214874,Imtech Engineering Services London & South Ltd,imtech engineering services london and south ltd,Nottingham,,,Engineering,Worker,Global Business Mobility: Senior or Specialist Worker,,,,,unverified,,,no_first_party_identity_verified; attempt_count:0
214875,Imtech Engineering Services London & South Ltd,imtech engineering services london and south ltd,Nottingham,,,Engineering,Worker,Global Business Mobility: Senior or Specialist Worker,,,,,unverified,,,no_first_party_identity_verified; attempt_count:0
215166,INDIGO ENGINEERING SERVICES LTD,indigo engineering services ltd,Manchester,,,Engineering,Worker,Skilled Worker,,,,,low,https://indigoengineering.uk/,SponsorList,possible_lead_not_accepted:only_one_name_token_on_page_without_hostname_match:indigo; attempt_count:1
215538,Ingenious Power Engineering Ltd,ingenious power engineering ltd,Reading,Berkshire,South East,Engineering,Worker,Skilled Worker,,,,https://ingeniouspe.com/,medium,https://ingeniouspe.com/,SponsorList,name_tokens_on_page:ingenious+power; attempt_count:1
215703,Innovation Fire Engineering Ltd,innovation fire engineering ltd,Leeds,,,Engineering,Worker,Skilled Worker,,,,https://www.innovationfireengineering.co.uk/,high,https://www.innovationfireengineering.co.uk/,SponsorList,name_tokens_on_page:innovation+fire;location_on_page; attempt_count:1
216128,Integrated Control Engineering Ltd,integrated control engineering ltd,Malpas,Cheshire,North West,Engineering,Worker,Skilled Worker,,,,,unverified,,,no_first_party_identity_verified; attempt_count:0
216177,Integrum Power Engineering Ltd,integrum power engineering ltd,Stockport,,,Engineering,Worker,Skilled Worker,,,,,unverified,,,no_first_party_identity_verified; attempt_count:0
216710,Intuitive Engineering Solutions Ltd,intuitive engineering solutions ltd,ALTRINCHAM,Cheshire,North West,Engineering,Worker,Skilled Worker,,,,,low,https://www.intuitiveengineering.co.uk/,SponsorList,possible_lead_not_accepted:only_one_name_token_on_page_without_hostname_match:intuitive; attempt_count:1
217528,ITI Engineering Group Limited,iti engineering group limited,Eckington,,,Engineering,Worker,Skilled Worker,,,,,low,https://www.itigroup.com/,SponsorList,possible_lead_not_accepted:only_one_name_token_on_page_without_hostname_match:iti; attempt_count:1
217879,J R GILBERT ENGINEERING LTD,j r gilbert engineering ltd,blackwood,,,Engineering,Worker,Skilled Worker,,,,,unverified,,,no_first_party_identity_verified; attempt_count:0
217961,J&P Civil Engineering Ltd,j and p civil engineering ltd,Bury,Lancashire,North West,Engineering,Worker,Skilled Worker,,,,,unverified,,,no_first_party_identity_verified; attempt_count:0
217962,J&P ENGINEERING SERVICES LTD,j and p engineering services ltd,HAWARDEN,,,Engineering,Worker,Skilled Worker,,,,,unverified,,,no_first_party_identity_verified; attempt_count:0
218064,JAAM AUTOMATION LTD,jaam automation ltd,London,,,Engineering,Worker,Skilled Worker,,,,https://jaamautomation.com/,medium,https://jaamautomation.com/,SponsorList,name_tokens_on_page:jaam+automation; attempt_count:1
218125,Jackson Civil Engineering Group Ltd,jackson civil engineering group ltd,Ipswich,Suffolk,East of England,Engineering,Worker,Skilled Worker,,,,,unverified,,,no_first_party_identity_verified; attempt_count:0
218276,Jaivel Aerospace Limited,jaivel aerospace limited,Mansfield,Nottinghamshire,East Midlands,Engineering,Worker,Skilled Worker,,,,,unverified,,,no_first_party_identity_verified; attempt_count:0
218277,Jaivel Aerospace Limited,jaivel aerospace limited,Mansfield,Nottinghamshire,East Midlands,Engineering,Worker,Skilled Worker,,,,,unverified,,,no_first_party_identity_verified; attempt_count:0
218419,James White Engineering Group Limited,james white engineering group limited,Reading,,,Engineering,Worker,Skilled Worker,,,,,unverified,,,no_first_party_identity_verified; attempt_count:0
219085,Jerome Engineering Ltd,jerome engineering ltd,Ongar,,,Engineering,Worker,Skilled Worker,,,,,unverified,,,no_first_party_identity_verified; attempt_count:0
219277,Jhaidev Engineering Ltd,jhaidev engineering ltd,Hockley,Birmingham,West Midlands,Engineering,Worker,Skilled Worker,,,,,low,https://amhydraulics.com/,SponsorList,possible_lead_not_accepted:only_one_name_token_on_page_without_hostname_match:jhaidev; attempt_count:1
219521,JLR Construction & Engineering Limited,jlr construction and engineering limited,Neath,,,Engineering,Worker,Skilled Worker,,,,,unverified,,,no_first_party_identity_verified; attempt_count:1
219546,JMA ENGINEERING LTD,jma engineering ltd,Croydon,London,London,Engineering,Worker,Skilled Worker,,,,https://jma-uk.co.uk/,medium,https://jma-uk.co.uk/,SponsorList,name_tokens_on_page:jma;name_tokens_on_host:jma; attempt_count:1
219594,JMP Precision Engineering Ltd,jmp precision engineering ltd,Bristol,,,Engineering,Worker,Skilled Worker,,,,https://www.jmpprecision.com/,high,https://www.jmpprecision.com/,SponsorList,name_tokens_on_page:jmp+precision;location_on_page; attempt_count:1
219775,John Reilly Civil Engineering Ltd,john reilly civil engineering ltd,Park Gate,Hampshire,South East,Engineering,Worker,Skilled Worker,,,,,unverified,,,no_first_party_identity_verified; attempt_count:1
219914,Jones Engineering Group Ltd,jones engineering group ltd,London,,,Engineering,Worker,Skilled Worker,,,,,unverified,,,no_first_party_identity_verified; attempt_count:1
220146,JRM Advanced Engineering Ltd,jrm advanced engineering ltd,Daventry,Northamptonshire,East Midlands,Engineering,Worker,Skilled Worker,,,,,unverified,,,no_first_party_identity_verified; attempt_count:1
220242,JT CONSULTANCY & ENGINEERING LTD,jt consultancy and engineering ltd,Leicester,,,Engineering,Worker,Skilled Worker,,,,,unverified,,,no_first_party_identity_verified; attempt_count:1
220783,K1 Engineering Ltd,k1 engineering ltd,Glsagow,,,Engineering,Worker,Skilled Worker,,,,,unverified,,,no_first_party_identity_verified; attempt_count:0
220789,K2 Automation Ltd,k2 automation ltd,Stafford,,,Engineering,Worker,Skilled Worker,,,,,unverified,,,no_first_party_identity_verified; attempt_count:0
220967,KAIZEN CONSULTING AND ENGINEERING LTD,kaizen consulting and engineering ltd,MK,Buckinghamshire,South East,Engineering,Worker,Skilled Worker,,,,,unverified,,,no_first_party_identity_verified; attempt_count:0
221133,KAN Engineering Ltd,kan engineering ltd,Bedford,,,Engineering,Worker,Skilled Worker,,,,,unverified,,,no_first_party_identity_verified; attempt_count:0
221168,Kane Engineering Ltd,kane engineering ltd,Newtownards,Down,Northern Ireland,Engineering,Worker,Skilled Worker,,,,,unverified,,,no_first_party_identity_verified; attempt_count:0
221309,Karim Engineering Limited,karim engineering limited,Stevenage,Hertfordshire,East of England,Engineering,Worker,Skilled Worker,,,,,unverified,,,no_first_party_identity_verified; attempt_count:0
221406,Kashar Engineering LTD,kashar engineering ltd,Birmingham,,,Engineering,Worker,Skilled Worker,,,,,unverified,,,no_first_party_identity_verified; attempt_count:0
221521,Katoni Engineering Limited,katoni engineering limited,Aberdeen,,,Engineering,Worker,Skilled Worker,,,,,unverified,,,no_first_party_identity_verified; attempt_count:0
221904,Kelton Engineering Limited,kelton engineering limited,Aberdeen,,,Engineering,Worker,Skilled Worker,,,,,unverified,,,no_first_party_identity_verified; attempt_count:0
222091,KENTINENTAL ENGINEERING LIMITED,kentinental engineering limited,Kent,England,,Engineering,Worker,Skilled Worker,,,,,unverified,,,no_first_party_identity_verified; attempt_count:0
222411,Khalsa Automobile Engineering Limited,khalsa automobile engineering limited,East Ham,London,London,Engineering,Worker,Skilled Worker,,,,,unverified,,,no_first_party_identity_verified; attempt_count:0
223378,KLM UK Engineering Limited,klm uk engineering limited,Norwich,Norfolk,East of England,Engineering,Temporary Worker,Global Business Mobility: Graduate Trainee,,,,,low,https://www.klmukengineering.com/,SponsorList,possible_lead_not_accepted:only_one_name_token_on_page_without_hostname_match:klm; attempt_count:1
223379,KLM UK Engineering Limited,klm uk engineering limited,Norwich,Norfolk,East of England,Engineering,Temporary Worker,Global Business Mobility: Graduate Trainee,,,,,low,https://www.klmukengineering.com/,SponsorList,possible_lead_not_accepted:only_one_name_token_on_page_without_hostname_match:klm; attempt_count:1
223380,KLM UK Engineering Limited,klm uk engineering limited,Norwich,Norfolk,East of England,Engineering,Temporary Worker,Global Business Mobility: Graduate Trainee,,,,,low,https://www.klmukengineering.com/,SponsorList,possible_lead_not_accepted:only_one_name_token_on_page_without_hostname_match:klm; attempt_count:1
223599,KNSI Aviation Engineering Ltd,knsi aviation engineering ltd,STANSTED,Essex,East of England,Engineering,Worker,Skilled Worker,,,,https://knsi.co.uk/,high,https://knsi.co.uk/,SponsorList,name_tokens_on_page:knsi+aviation;name_tokens_on_host:knsi;location_on_page; attempt_count:1
223873,KOREA AEROSPACE INDUSTRIES UK OFFICE,korea aerospace industries uk office,Chester,Cheshire,North West,Engineering,Worker,Global Business Mobility: UK Expansion Worker,,,,,unverified,,,no_first_party_identity_verified; attempt_count:1
223874,KOREA AEROSPACE INDUSTRIES UK OFFICE,korea aerospace industries uk office,Chester,Cheshire,North West,Engineering,Worker,Global Business Mobility: UK Expansion Worker,,,,,unverified,,,no_first_party_identity_verified; attempt_count:1
223932,Korutek Engineering Ltd,korutek engineering ltd,"Norwich,",,,Engineering,Worker,Skilled Worker,,,,https://korutek.com/,high,https://korutek.com/,SponsorList,name_tokens_on_page:korutek;name_tokens_on_host:korutek;location_on_page; attempt_count:1
223933,KORUTEK ENGINEERING LTD,korutek engineering ltd,Norwich,Norfolk,East of England,Engineering,Worker,Skilled Worker,,,,https://korutek.com/,high,https://korutek.com/,SponsorList,name_tokens_on_page:korutek;name_tokens_on_host:korutek;location_on_page; attempt_count:1
224017,KPM ENGINEERING LTD,kpm engineering ltd,Lancs,,,Engineering,Worker,Global Business Mobility: Senior or Specialist Worker,,,,https://kpm-engineering.com/,medium,https://kpm-engineering.com/,SponsorList,name_tokens_on_page:kpm;name_tokens_on_host:kpm; attempt_count:1
224018,KPM ENGINEERING LTD,kpm engineering ltd,Lancs,,,Engineering,Worker,Global Business Mobility: Senior or Specialist Worker,,,,https://kpm-engineering.com/,medium,https://kpm-engineering.com/,SponsorList,name_tokens_on_page:kpm;name_tokens_on_host:kpm; verified_domain_identity_cache_hit; attempt_count:1
224081,Krause Automation Ltd.,krause automation ltd,East Grinstead,West Sussex,South East,Engineering,Worker,Skilled Worker,,,,https://krause-automation.com/,high,https://krause-automation.com/en/,SponsorList,name_tokens_on_page:krause+automation;name_tokens_on_host:krause+automation; attempt_count:1
224213,Krugers Engineering Ltd,krugers engineering ltd,Huddersfield,,,Engineering,Worker,Skilled Worker,,,,,low,https://krugersengineering.co.uk/,SponsorList,possible_lead_not_accepted:only_one_name_token_on_page_without_hostname_match:krugers; attempt_count:1
224860,Lab Works Engineering Limited,lab works engineering limited,Northampton,,,Engineering,Worker,Skilled Worker,,,,,unverified,,,no_first_party_identity_verified; attempt_count:0
224883,Labman Automation Ltd.,labman automation ltd,Stokesley,North Yorkshire,Yorkshire and the Humber,Engineering,Worker,Skilled Worker,,,,,unverified,,,no_first_party_identity_verified; attempt_count:0
224970,Lagan Energy Engineering Limited,lagan energy engineering limited,Omagh,County Tyrone,,Engineering,Worker,Skilled Worker,,,,,unverified,,,no_first_party_identity_verified; attempt_count:0
224971,Lagan Engineering Ltd,lagan engineering ltd,Dungannon,Tyrone,Northern Ireland,Engineering,Worker,Skilled Worker,,,,,unverified,,,no_first_party_identity_verified; attempt_count:0
225113,Lall Engineering Ltd,lall engineering ltd,Coventry,,,Engineering,Worker,Skilled Worker,,,,,unverified,,,no_first_party_identity_verified; attempt_count:0
225161,Lamtans Engineering Ltd,lamtans engineering ltd,Manchester,,,Engineering,Worker,Skilled Worker,,,,,unverified,,,no_first_party_identity_verified; attempt_count:0
225280,Landpac Ground Engineering Limited,landpac ground engineering limited,Stanmore,,,Engineering,Worker,Skilled Worker,,,,https://www.landpac.co.uk/,medium,https://www.landpac.co.uk/,SponsorList,name_tokens_on_page:landpac;name_tokens_on_host:landpac; attempt_count:1
225284,Landscope Engineering Ltd,landscope engineering ltd,Church Stretton,Shropshire,West Midlands,Engineering,Worker,Skilled Worker,,,,,low,https://www.land-scope.com/,SponsorList,possible_lead_not_accepted:only_one_name_token_on_page_without_hostname_match:landscope; attempt_count:1
225285,LandScope Engineering Ltd,landscope engineering ltd,Picklescott,Shropshire,West Midlands,Engineering,Worker,Skilled Worker,,,,,low,https://www.land-scope.com/,SponsorList,possible_lead_not_accepted:only_one_name_token_on_page_without_hostname_match:landscope; attempt_count:1
225348,Langstone Engineering Limited,langstone engineering limited,Portsmouth,,,Engineering,Worker,Skilled Worker,,,,https://langstone-engineering.co.uk/,high,https://langstone-engineering.co.uk/,SponsorList,name_tokens_on_page:langstone;name_tokens_on_host:langstone;location_on_page; attempt_count:1
225619,Laus Engineering Limited,laus engineering limited,Dunstable,Bedfordshire,East of England,Engineering,Worker,Skilled Worker,,,,,low,https://lausengineering.com/,SponsorList,possible_lead_not_accepted:only_one_name_token_on_page_without_hostname_match:laus; attempt_count:1
225890,Leading Edge Automation Ltd,leading edge automation ltd,London,,,Engineering,Worker,Skilled Worker,,,,,unverified,,,no_first_party_identity_verified; attempt_count:1
226031,Ledwood Mechanical Engineering Limited,ledwood mechanical engineering limited,Pembroke Dock,Pembrokeshire,Wales,Engineering,Worker,Skilled Worker,,,,,unverified,,,no_first_party_identity_verified; attempt_count:0
226360,Leo Lynch Engineering Services (UK) Limited,leo lynch engineering services uk limited,London,,,Engineering,Worker,Skilled Worker,,,,https://www.leolynch.com/,medium,https://www.leolynch.com/,SponsorList,name_tokens_on_page:leo+lynch; attempt_count:1
226695,LIA AEROSPACE LTD,lia aerospace ltd,Stockton-on-Tees,,,Engineering,Worker,Skilled Worker,,,,https://lia-aerospace.com/,high,https://lia-aerospace.com/,SponsorList,name_tokens_on_page:lia+aerospace;name_tokens_on_host:lia+aerospace;location_on_page; attempt_count:1
226696,LIA AEROSPACE LTD,lia aerospace ltd,Stockton-on-Tees,,,Engineering,Worker,Skilled Worker,,,,https://lia-aerospace.com/,high,https://lia-aerospace.com/,SponsorList,name_tokens_on_page:lia+aerospace;name_tokens_on_host:lia+aerospace;location_on_page; verified_domain_identity_cache_hit; attempt_count:1
226904,LifeTech Engineering Ltd,lifetech engineering ltd,Aberdeen,County,,Engineering,Worker,Skilled Worker,,,,,low,https://lteng.co.uk/,SponsorList,possible_lead_not_accepted:only_one_name_token_on_page_without_hostname_match:lifetech; attempt_count:1
227290,Linked Engineering Ltd,linked engineering ltd,Spalding,Lincolnshire,East Midlands,Engineering,Worker,Skilled Worker,,,,,unverified,,,no_first_party_identity_verified; attempt_count:0
228819,Loop Engineering Ltd,loop engineering ltd,London,,,Engineering,Worker,Skilled Worker,,,,,unverified,,,no_first_party_identity_verified; attempt_count:1
229241,LSY Engineering Consultants LTD,lsy engineering consultants ltd,London,UK,,Engineering,Worker,Skilled Worker,,,,https://lsyconsultants.com/,high,https://lsyconsultants.com/,SponsorList,name_tokens_on_page:lsy+consultants;location_on_page; attempt_count:1
229552,LUTON ENGINEERING SERVICES (SOUTHWEST) LTD,luton engineering services southwest ltd,Manchester,,,Engineering,Worker,Skilled Worker,,,,,unverified,,,no_first_party_identity_verified; attempt_count:0
229966,M S Business Engineering LTD (T/A as Manzeera Solutions),m s business engineering ltd t a as manzeera solutions,Bracknell,Berkshire,South East,Engineering,Worker,Skilled Worker,,,,,unverified,,,no_first_party_identity_verified; attempt_count:1
230095,M&Y Engineering Limited,m and y engineering limited,Bromley,,,Engineering,Worker,Skilled Worker,,,,,unverified,,,no_first_party_identity_verified; attempt_count:1
230338,MAC-RK PRECISION ENGINEERING LIMITED,mac rk precision engineering limited,SOUTHALL,MIDDLSEX,,Engineering,Worker,Skilled Worker,,,,,unverified,,,no_first_party_identity_verified; attempt_count:0
230433,Macleod Pipework Engineering Limited,macleod pipework engineering limited,Sheffield,,,Engineering,Worker,Skilled Worker,,,,,unverified,,,no_first_party_identity_verified; attempt_count:0
230646,Magellan Aerospace (UK) Ltd,magellan aerospace uk ltd,Wrexham,,,Engineering,Worker,Global Business Mobility: Senior or Specialist Worker,,,,https://magellan.aero/,high,https://magellan.aero/,SponsorList,name_tokens_on_page:magellan+aerospace;name_tokens_on_host:magellan; attempt_count:1
230647,Magellan Aerospace (UK) Ltd,magellan aerospace uk ltd,Wrexham,,,Engineering,Worker,Global Business Mobility: Senior or Specialist Worker,,,,https://magellan.aero/,high,https://magellan.aero/,SponsorList,name_tokens_on_page:magellan+aerospace;name_tokens_on_host:magellan; verified_domain_identity_cache_hit; attempt_count:1
231174,Mallaghan Engineering Ltd,mallaghan engineering ltd,Dungannon,County Tyrone,,Engineering,Worker,Global Business Mobility: Senior or Specialist Worker,,,,,unverified,,,no_first_party_identity_verified; attempt_count:0
231175,Mallaghan Engineering Ltd,mallaghan engineering ltd,Dungannon,County Tyrone,,Engineering,Worker,Global Business Mobility: Senior or Specialist Worker,,,,,unverified,,,no_first_party_identity_verified; attempt_count:0
231702,Maplin Engineering Limited,maplin engineering limited,Stratford,London,London,Engineering,Worker,Skilled Worker,,,,,unverified,,,no_first_party_identity_verified; attempt_count:0
231757,Marble Aerospace Limited,marble aerospace limited,Chippenham,Wiltshire,South West,Engineering,Worker,Skilled Worker,,,,,unverified,,,no_first_party_identity_verified; attempt_count:1
231875,Marian Engineering Ltd,marian engineering ltd,Birtley,County Durham,North East,Engineering,Worker,Skilled Worker,,,,,low,https://mariandoors.co.uk/,SponsorList,possible_lead_not_accepted:only_one_name_token_on_page_without_hostname_match:marian; attempt_count:1
231916,Marine Fabrication and Engineering Limited,marine fabrication and engineering limited,Truro,Cornwall,South West,Engineering,Worker,Skilled Worker,,,,,unverified,,,no_first_party_identity_verified; attempt_count:1
232661,Matfron Automation Technology Limited,matfron automation technology limited,London,,,Engineering,Worker,Skilled Worker,,,,,unverified,,,no_first_party_identity_verified; attempt_count:1
232662,Matfron Automation Technology Limited,matfron automation technology limited,London,,,Engineering,Worker,Skilled Worker,,,,,unverified,,,no_first_party_identity_verified; attempt_count:1
232702,Matoha Instrumentation Ltd.,matoha instrumentation ltd,London,,,Engineering,Worker,Skilled Worker,,,,,unverified,,,no_first_party_identity_verified; attempt_count:0
232837,MAW Engineering Limited,maw engineering limited,Toomebridge,Antrim,Northern Ireland,Engineering,Worker,Skilled Worker,,,,,unverified,,,no_first_party_identity_verified; attempt_count:0
232963,MAYA Construction and Engineering Ltd,maya construction and engineering ltd,Birmingham,,,Engineering,Worker,Skilled Worker,,,,,unverified,,,no_first_party_identity_verified; attempt_count:1
232995,Maycast-Nokes Precision Engineering Ltd,maycast nokes precision engineering ltd,Halstead,Essex,East of England,Engineering,Worker,Skilled Worker,,,,https://www.maycast.co.uk/,high,https://www.maycast.co.uk/,SponsorList,name_tokens_on_page:maycast+nokes+precision;name_tokens_on_host:maycast;location_on_page; attempt_count:1
233073,Mayo Engineering Ltd,mayo engineering ltd,March,Cambridgeshire,East of England,Engineering,Worker,Skilled Worker,,,,,unverified,,,no_first_party_identity_verified; attempt_count:0
233133,MB Aerospace Ltd,mb aerospace ltd,Motherwell,,,Engineering,Worker,Skilled Worker,,,,,unverified,,,no_first_party_identity_verified; attempt_count:0
233134,MB Aerospace Newton Abbot Limited,mb aerospace newton abbot limited,Newton Abbot,Devon,South West,Engineering,Worker,Skilled Worker,,,,,unverified,,,no_first_party_identity_verified; attempt_count:0
233244,McCallion Engineering Limited,mccallion engineering limited,Portglenone,Antrim,Northern Ireland,Engineering,Worker,Skilled Worker,,,,,unverified,,,no_first_party_identity_verified; attempt_count:0
233276,MCCrory Engineering Limited,mccrory engineering limited,Aughnacloy,,,Engineering,Worker,Skilled Worker,,,,,low,https://www.mccroryengineering.com/,SponsorList,possible_lead_not_accepted:only_one_name_token_on_page_without_hostname_match:mccrory; attempt_count:1
233282,MCD engineering ltd,mcd engineering ltd,dungannon,tyrone,Northern Ireland,Engineering,Worker,Skilled Worker,,,,,low,https://www.mcdengineering.com/,SponsorList,possible_lead_not_accepted:only_one_name_token_on_page_without_hostname_match:mcd; attempt_count:1
233340,McKenna Precision Engineering Ltd,mckenna precision engineering ltd,Omagh,Tyrone,Northern Ireland,Engineering,Worker,Skilled Worker,,,,,unverified,,,no_first_party_identity_verified; attempt_count:0
233374,McMenon Engineering Services Limited,mcmenon engineering services limited,Workington,,,Engineering,Worker,Skilled Worker,,,,,unverified,,,no_first_party_identity_verified; attempt_count:0
233411,MCT Engineering Limited,mct engineering limited,Daventry,,,Engineering,Worker,Skilled Worker,,,,,unverified,,,no_first_party_identity_verified; attempt_count:0
233554,MEC Industrial Engineering LTD,mec industrial engineering ltd,Usk,Monmouthshire,Wales,Engineering,Worker,Skilled Worker,,,,https://www.mec-engineering.co.uk/,high,https://www.mec-engineering.co.uk/,SponsorList,name_tokens_on_page:mec+industrial;name_tokens_on_host:mec;location_on_page; attempt_count:1
233561,Mech-Tool Engineering Limited,mech tool engineering limited,Darlington,Durham,North East,Engineering,Worker,Skilled Worker,,,,https://mechtool.co.uk/,high,https://mechtool.co.uk/,SponsorList,name_tokens_on_page:mech+tool;location_on_page; attempt_count:1
233562,Mecha Engineering Limited,mecha engineering limited,"Slough, England",,,Engineering,Worker,Skilled Worker,,,,https://www.mecha.technology/,high,https://www.mecha.technology/,SponsorList,name_tokens_on_page:mecha;name_tokens_on_host:mecha;location_on_page; attempt_count:1
234067,Mellish Engineering Services Limited,mellish engineering services limited,Loughborough,,,Engineering,Worker,Skilled Worker,,,,,unverified,,,no_first_party_identity_verified; attempt_count:1
234172,MENTOR ENGINEERING LTD,mentor engineering ltd,Teddington,,,Engineering,Worker,Skilled Worker,,,,,unverified,,,no_first_party_identity_verified; attempt_count:1
234230,Mercer Engineering Ltd,mercer engineering ltd,Dereham,Norfolk,East of England,Engineering,Worker,Global Business Mobility: Senior or Specialist Worker,,,,https://www.mercer.com/,medium,https://www.mercer.com/en-us/,SponsorList,name_tokens_on_page:mercer;name_tokens_on_host:mercer; attempt_count:1
234231,Mercer Engineering Ltd,mercer engineering ltd,Dereham,Norfolk,East of England,Engineering,Worker,Global Business Mobility: Senior or Specialist Worker,,,,https://www.mercer.com/,medium,https://www.mercer.com/en-us/,SponsorList,name_tokens_on_page:mercer;name_tokens_on_host:mercer; verified_domain_identity_cache_hit; attempt_count:1
235145,Midland Automation Limited T/A Kempston Controls,midland automation limited t a kempston controls,Rushden,Northamptonshire,East Midlands,Engineering,Worker,Skilled Worker,,,,,unverified,,,no_first_party_identity_verified; attempt_count:0
235391,Millar Callaghan Engineering Services Ltd,millar callaghan engineering services ltd,Irvine,AYRSHIRE,,Engineering,Worker,Skilled Worker,,,,,unverified,,,no_first_party_identity_verified; attempt_count:0
235547,Mimica Automation Ltd.,mimica automation ltd,London,,,Engineering,Worker,Skilled Worker,,,,,unverified,,,no_first_party_identity_verified; attempt_count:1
235847,MIRAMAR ENGINEERING LTD,miramar engineering ltd,CHATTERIS,CAMBRIDGESHIRE,East of England,Engineering,Worker,Skilled Worker,,,,,unverified,,,no_first_party_identity_verified; attempt_count:0
236448,MO-SYS ENGINEERING LIMITED,mo sys engineering limited,London,,,Engineering,Worker,Skilled Worker,,,,,unverified,,,no_first_party_identity_verified; attempt_count:0
236640,MOELLER & POELLER ENGINEERING LTD,moeller and poeller engineering ltd,Warrington,Cheshire,North West,Engineering,Worker,Skilled Worker,,,,https://www.moellerpoeller.co.uk/,medium,https://www.moellerpoeller.co.uk/,SponsorList,name_tokens_on_page:moeller+poeller; attempt_count:1
236834,Monaco Engineering Solutions Limited,monaco engineering solutions limited,Leatherhead,,,Engineering,Worker,Skilled Worker,,,,,unverified,,,no_first_party_identity_verified; attempt_count:0
237575,Motrac Race Engineering Ltd,motrac race engineering ltd,Chester,Cheshire,North West,Engineering,Worker,Skilled Worker,,,,https://www.motrac-racing.com/,high,https://www.motrac-racing.com/,SponsorList,name_tokens_on_page:motrac+race;name_tokens_on_host:motrac; attempt_count:1
237576,Motrac Research Engineering Ltd,motrac research engineering ltd,Chester,Cheshire,North West,Engineering,Worker,Skilled Worker,,,,https://www.motracresearch.com/,high,https://www.motracresearch.com/,SponsorList,name_tokens_on_page:motrac+research;location_on_page; attempt_count:1
237730,Moyfab Engineering Ltd,moyfab engineering ltd,NEWRY,Co Down,,Engineering,Worker,Skilled Worker,,,,,unverified,,,no_first_party_identity_verified; attempt_count:0
238724,Multiplex Engineering Limited,multiplex engineering limited,Chesterfield,Derbyshire,East Midlands,Engineering,Worker,Skilled Worker,,,,,unverified,,,no_first_party_identity_verified; attempt_count:0
238936,Mustang Engineering Limited,mustang engineering limited,Woking,SURREY,South East,Engineering,Temporary Worker,Global Business Mobility: Graduate Trainee,,,,,unverified,,,no_first_party_identity_verified; attempt_count:1
238937,Mustang Engineering Limited,mustang engineering limited,Woking,SURREY,South East,Engineering,Temporary Worker,Global Business Mobility: Graduate Trainee,,,,,unverified,,,no_first_party_identity_verified; attempt_count:1
238938,Mustang Engineering Limited,mustang engineering limited,Woking,SURREY,South East,Engineering,Temporary Worker,Global Business Mobility: Graduate Trainee,,,,,unverified,,,no_first_party_identity_verified; attempt_count:1
239331,N E Engineering Ltd,n e engineering ltd,Norwich,Norfolk,East of England,Engineering,Worker,Skilled Worker,,,,,unverified,,,no_first_party_identity_verified; attempt_count:0
239444,NAB Group Engineering Ltd,nab group engineering ltd,Whitton Hounslow,Middx,,Engineering,Worker,Skilled Worker,,,,,unverified,,,no_first_party_identity_verified; attempt_count:0
240498,Neo System Automation Ltd,neo system automation ltd,Essex,Please select a county or region.,,Engineering,Worker,Skilled Worker,,,,,unverified,,,no_first_party_identity_verified; attempt_count:0
240516,Neom Engineering Limited,neom engineering limited,Redditch,Worcestershire,West Midlands,Engineering,Worker,Skilled Worker,,,,,low,https://neomltd.co.uk/,SponsorList,possible_lead_not_accepted:only_one_name_token_on_page_without_hostname_match:neom; attempt_count:1
241221,NEW TK ENGINEERING LTD,new tk engineering ltd,Essex,,,Engineering,Worker,Skilled Worker,,,,,low,https://www.tkautoengineering.co.uk/,SponsorList,possible_lead_not_accepted:only_one_name_token_on_page_without_hostname_match:new; attempt_count:1
241434,NEWLYN ENGINEERING LTD,newlyn engineering ltd,"Stafford,",,,Engineering,Worker,Skilled Worker,,,,,unverified,,,no_first_party_identity_verified; attempt_count:0
241532,newtech intelligent automation ltd,newtech intelligent automation ltd,BEDFORD,BEDFORDSHIRE,East of England,Engineering,Worker,Skilled Worker,,,,https://newtech-ltd.co.uk/,high,https://newtech-ltd.co.uk/,SponsorList,name_tokens_on_page:newtech+intelligent+automation;name_tokens_on_host:newtech;location_on_page; attempt_count:1
241546,Newton Ground Engineering Ltd,newton ground engineering ltd,Newtownards,Down,Northern Ireland,Engineering,Worker,Skilled Worker,,,,https://www.thecabgroup.com/,high,https://www.thecabgroup.com/,SponsorList,name_tokens_on_page:newton+ground;location_on_page; attempt_count:1
241577,Nexdorf Electrical Control Engineering Ltd,nexdorf electrical control engineering ltd,Llantrisant,,,Engineering,Worker,Skilled Worker,,,,,unverified,,,no_first_party_identity_verified; attempt_count:1
241603,NEXT DAY ENGINEERING LTD,next day engineering ltd,Romford,Essex,East of England,Engineering,Worker,Skilled Worker,,,,https://www.ndeparts.co.uk/,high,https://www.ndeparts.co.uk/,SponsorList,name_tokens_on_page:next+day;location_on_page; attempt_count:1
241653,Nextgen Automation Limited,nextgen automation limited,Manchester,,,Engineering,Worker,Skilled Worker,,,,https://www.nextgen-technology.com/,high,https://www.nextgen-technology.com/,SponsorList,name_tokens_on_page:nextgen+automation;name_tokens_on_host:nextgen; attempt_count:1
241837,NI ENGINEERING LTD,ni engineering ltd,ballynahinch,Please select,,Engineering,Worker,Skilled Worker,,,,,unverified,,,no_first_party_identity_verified; attempt_count:1
242142,NIO Performance Engineering Ltd,nio performance engineering ltd,Witney,Oxfordshire,South East,Engineering,Worker,Global Business Mobility: Senior or Specialist Worker,,,,,unverified,,,no_first_party_identity_verified; attempt_count:0
242143,NIO Performance Engineering Ltd,nio performance engineering ltd,Witney,Oxfordshire,South East,Engineering,Worker,Global Business Mobility: Senior or Specialist Worker,,,,,unverified,,,no_first_party_identity_verified; attempt_count:0
242761,Norman Hay Engineering Limited,norman hay engineering limited,Coventry,,,Engineering,Worker,Skilled Worker,,,,,unverified,,,no_first_party_identity_verified; attempt_count:1
243314,Nova Aerospace Ltd,nova aerospace ltd,Filton,Bristol,South West,Engineering,Worker,Global Business Mobility: Senior or Specialist Worker,,,,,low,https://www.novasystems.com/,SponsorList,possible_lead_not_accepted:only_one_name_token_on_page_without_hostname_match:nova; attempt_count:1
243315,Nova Aerospace Ltd,nova aerospace ltd,Filton,Bristol,South West,Engineering,Worker,Global Business Mobility: Senior or Specialist Worker,,,,,low,https://www.novasystems.com/,SponsorList,possible_lead_not_accepted:only_one_name_token_on_page_without_hostname_match:nova; attempt_count:1
243386,Novel Engineering Consultants ltd,novel engineering consultants ltd,Nailsworth,Gloucestershire,South West,Engineering,Worker,Skilled Worker,,,,https://www.novelengc.com/,medium,https://www.novelengc.com/,SponsorList,name_tokens_on_page:novel+consultants; attempt_count:1
243477,NP Aerospace Limited,np aerospace limited,Coventry,,,Engineering,Worker,Global Business Mobility: Senior or Specialist Worker,,,,,unverified,,,no_first_party_identity_verified; attempt_count:0
243804,Nuttall Bowser Engineering Ltd,nuttall bowser engineering ltd,Bristol,,,Engineering,Worker,Skilled Worker,,,,,unverified,,,no_first_party_identity_verified; attempt_count:0
244138,Oakwood Engineering Solutions Ltd,oakwood engineering solutions ltd,Salford,,,Engineering,Worker,Skilled Worker,,,,https://oakwood.global/,high,https://oakwood.global/,SponsorList,name_tokens_on_page:oakwood;name_tokens_on_host:oakwood;location_on_page; attempt_count:1
244500,OES Engineering Solutions Ltd,oes engineering solutions ltd,Dungannon,Co Tyrone,,Engineering,Worker,Skilled Worker,,,,,unverified,,,no_first_party_identity_verified; attempt_count:1
247878,Parker Design Engineering Ltd,parker design engineering ltd,Garston,Hertfordshire,East of England,Engineering,Worker,Skilled Worker,,,,https://parker-design.co.uk/,high,https://parker-design.co.uk/,SponsorList,name_tokens_on_page:parker+design;name_tokens_on_host:parker+design; attempt_count:1
247912,Parkol Marine Engineering Ltd.,parkol marine engineering ltd,Whitby,North Yorkshire,Yorkshire and the Humber,Engineering,Worker,Skilled Worker,,,,https://parkol.co.uk/,high,https://parkol.co.uk/,SponsorList,name_tokens_on_page:parkol+marine;name_tokens_on_host:parkol;location_on_page; attempt_count:1
248180,Patera Engineering Ltd,patera engineering ltd,Stoke on Trent,Staffordshire,West Midlands,Engineering,Worker,Skilled Worker,,,,,low,https://pateraengineering.co.uk/,SponsorList,possible_lead_not_accepted:only_one_name_token_on_page_without_hostname_match:patera; attempt_count:1
248550,PDS Engineering Consultants LTD,pds engineering consultants ltd,Kent,,,Engineering,Worker,Skilled Worker,,,,,unverified,,,no_first_party_identity_verified; attempt_count:1
248680,Pearson Engineering Ltd,pearson engineering ltd,Newcastle upon Tyne,,,Engineering,Worker,Skilled Worker,,,,https://www.pearson-eng.com/,high,https://www.pearson-eng.com/,SponsorList,name_tokens_on_page:pearson;name_tokens_on_host:pearson;location_on_page; attempt_count:1
248841,PENDLE POLYMER ENGINEERING LTD,pendle polymer engineering ltd,COLNE,LANCASHIRE,North West,Engineering,Worker,Skilled Worker,,,,,unverified,,,no_first_party_identity_verified; attempt_count:1
249157,PERFORM ENGINEERING SERVICES LTD,perform engineering services ltd,Watford,,,Engineering,Worker,Skilled Worker,,,,,unverified,,,no_first_party_identity_verified; attempt_count:1
249376,Peter Copsey Engineering Ltd,peter copsey engineering ltd,Witham,Essex,East of England,Engineering,Worker,Skilled Worker,,,,https://copseygb.com/,high,https://copseygb.com/,SponsorList,name_tokens_on_page:peter+copsey;location_on_page; attempt_count:1
249384,Peter Martin Engineering Ltd,peter martin engineering ltd,Newry,,,Engineering,Worker,Skilled Worker,,,,https://petermartinengineering.com/,high,https://petermartinengineering.com/,SponsorList,name_tokens_on_page:peter+martin;location_on_page; attempt_count:1
250162,Pilz Automation Technology LP,pilz automation technology lp,CORBY,Northamptonshire,East Midlands,Engineering,Worker,Global Business Mobility: Senior or Specialist Worker,,,,,unverified,,,no_first_party_identity_verified; attempt_count:0
250163,Pilz Automation Technology LP,pilz automation technology lp,CORBY,Northamptonshire,East Midlands,Engineering,Worker,Global Business Mobility: Senior or Specialist Worker,,,,,unverified,,,no_first_party_identity_verified; attempt_count:0
250373,Pipefab Engineering Ltd,pipefab engineering ltd,Newark,Notts,,Engineering,Worker,Skilled Worker,,,,,unverified,,,no_first_party_identity_verified; attempt_count:0
250385,Piping Engineering Solutions,piping engineering solutions,Chester,,,Engineering,Worker,Skilled Worker,,,,,unverified,,,no_first_party_identity_verified; attempt_count:0
250586,PJA Civil Engineering Limited,pja civil engineering limited,Birmingham,West Midlands,West Midlands,Engineering,Worker,Skilled Worker,,,,,unverified,,,no_first_party_identity_verified; attempt_count:0
251662,POWELL SYSTEM ENGINEERING LIMITED,powell system engineering limited,"Sidcup,","Kent,",,Engineering,Worker,Skilled Worker,,,,,unverified,,,no_first_party_identity_verified; attempt_count:0
251673,Power Control and Automation Solutions Limited,power control and automation solutions limited,Sheffield,South Yorkshire,Yorkshire and the Humber,Engineering,Worker,Skilled Worker,,,,https://pcasltd.com/,medium,https://pcasltd.com/,SponsorList,name_tokens_on_page:power+control+automation; attempt_count:1
251680,Power Engineering Consultants plc,power engineering consultants plc,Alderley Edge,Cheshire,North West,Engineering,Worker,Skilled Worker,,,,,unverified,,,no_first_party_identity_verified; attempt_count:0
251681,Power Engineering Consultants PLC,power engineering consultants plc,Alderley Edge,Cheshire,North West,Engineering,Worker,Skilled Worker,,,,,unverified,,,no_first_party_identity_verified; attempt_count:0
251726,Powertech Engineering Services Limited,powertech engineering services limited,Manchester,,,Engineering,Worker,Skilled Worker,,,,,unverified,,,no_first_party_identity_verified; attempt_count:1
251771,PPI Engineering Ltd,ppi engineering ltd,Norwich,,,Engineering,Worker,Skilled Worker,,,,https://www.ppi-engineering.com/,high,https://www.ppi-engineering.com/,SponsorList,name_tokens_on_page:ppi;name_tokens_on_host:ppi;location_on_page; attempt_count:1
251922,PRAX ENGINEERING LTD,prax engineering ltd,SAINT IVES,,,Engineering,Worker,Skilled Worker,,,,,unverified,,,no_first_party_identity_verified; attempt_count:0
251990,Precision Polymer Engineering Ltd,precision polymer engineering ltd,Blackburn,,,Engineering,Worker,Global Business Mobility: Senior or Specialist Worker,,,,,unverified,,,no_first_party_identity_verified; attempt_count:0
251991,Precision Polymer Engineering Ltd,precision polymer engineering ltd,Blackburn,,,Engineering,Worker,Global Business Mobility: Senior or Specialist Worker,,,,,unverified,,,no_first_party_identity_verified; attempt_count:0
252741,Priority Engineering Limited,priority engineering limited,Haywards Heath,West Sussex,South East,Engineering,Worker,Skilled Worker,,,,,unverified,,,no_first_party_identity_verified; attempt_count:0
252959,Process Automation and Calibrations Limited,process automation and calibrations limited,Belfast,County,,Engineering,Worker,Skilled Worker,,,,,unverified,,,no_first_party_identity_verified; attempt_count:0
253204,Prologik Automation Ltd,prologik automation ltd,Peterborough,Cambs,,Engineering,Worker,Skilled Worker,,,,,unverified,,,no_first_party_identity_verified; attempt_count:0
296538,ZIV Automation UK Limited,ziv automation uk limited,Gateshead,Tyne and Wear,North East,Engineering,Worker,Skilled Worker,,,,https://www.zivautomation.com/,medium,https://www.zivautomation.com/,SponsorList,name_tokens_on_page:ziv+automation; attempt_count:1
296717,Zuhlke Engineering Ltd,zuhlke engineering ltd,London,,,Engineering,Worker,Skilled Worker,,,,,unverified,,,no_first_party_identity_verified; attempt_count:1
296731,AM Civil Engineering Services Ltd,am civil engineering services ltd,Belfast,,,Engineering,Worker,Skilled Worker,,,,,low,https://amceltd.com/,SponsorList,possible_lead_not_accepted:only_one_name_token_on_page_without_hostname_match:civil; attempt_count:1
296868,Honeywell Aerospace UK Co Limited,honeywell aerospace uk co limited,Bracknell,Berkshire,South East,Engineering,Worker,Global Business Mobility: Senior or Specialist Worker,,,,https://www.honeywellaerospace.com/,medium,https://www.honeywellaerospace.com/,SponsorList,name_tokens_on_page:honeywell+aerospace; attempt_count:1
296869,Honeywell Aerospace UK Co Limited,honeywell aerospace uk co limited,Bracknell,Berkshire,South East,Engineering,Worker,Global Business Mobility: Senior or Specialist Worker,,,,https://www.honeywellaerospace.com/,medium,https://www.honeywellaerospace.com/,SponsorList,name_tokens_on_page:honeywell+aerospace; verified_domain_identity_cache_hit; attempt_count:1
296957,Broetje-Automation UK Ltd,broetje automation uk ltd,Sandycroft,Flintshire,Wales,Engineering,Worker,Global Business Mobility: Senior or Specialist Worker,,,,https://broetje-automation.de/,high,https://broetje-automation.de/,SponsorList,name_tokens_on_page:broetje+automation;name_tokens_on_host:broetje+automation; attempt_count:1
297201,Dazzling Engineering Ltd,dazzling engineering ltd,Bristol,Somerset,South West,Engineering,Worker,Global Business Mobility: Senior or Specialist Worker,,,,,low,https://dazzlingengineering.com/,SponsorList,possible_lead_not_accepted:only_one_name_token_on_page_without_hostname_match:dazzling; attempt_count:1
297202,Dazzling Engineering Ltd,dazzling engineering ltd,Bristol,Somerset,South West,Engineering,Worker,Global Business Mobility: Senior or Specialist Worker,,,,,low,https://dazzlingengineering.com/,SponsorList,possible_lead_not_accepted:only_one_name_token_on_page_without_hostname_match:dazzling; attempt_count:1
297564,HCL Formwork & Civil Engineering Ltd,hcl formwork and civil engineering ltd,Iver,,,Engineering,Worker,Skilled Worker,,,,,unverified,,,no_first_party_identity_verified; attempt_count:0
298094,Ardmel Automation Limited,ardmel automation limited,GLENROTHES,UK,,Engineering,Worker,Skilled Worker,,,,,unverified,,,no_first_party_identity_verified; attempt_count:0
298401,Armada Engineering Ltd,armada engineering ltd,Falmouth,,,Engineering,Worker,Skilled Worker,,,,,unverified,,,no_first_party_identity_verified; attempt_count:1
298574,OHM ELECTRICAL ENGINEERING LTD,ohm electrical engineering ltd,Ilford,Essex,East of England,Engineering,Worker,Skilled Worker,,,,https://ohmelectricals.co.uk/,medium,https://ohmelectricals.co.uk/,SponsorList,name_tokens_on_page:ohm+electrical; attempt_count:1
298575,OHM Engineering Limited,ohm engineering limited,Clogher,Tyrone,Northern Ireland,Engineering,Worker,Skilled Worker,,,,,low,https://ohmengineering.com/,SponsorList,possible_lead_not_accepted:only_one_name_token_on_page_without_hostname_match:ohm; attempt_count:1
298750,Oldham Engineering LImited,oldham engineering limited,Sheffield,,,Engineering,Worker,Global Business Mobility: Senior or Specialist Worker,,,,https://www.oldham-eng.com/,high,https://www.oldham-eng.com/,SponsorList,name_tokens_on_page:oldham;name_tokens_on_host:oldham;location_on_page; attempt_count:1
298863,Olympus Automation Limited,olympus automation limited,Peterborough,Cambridgeshire,East of England,Engineering,Worker,Skilled Worker,,,,,unverified,,,no_first_party_identity_verified; attempt_count:1
299093,On Line Design & Engineering Limited,on line design and engineering limited,IMMINGHAM,North East Lincolnshire,Yorkshire and the Humber,Engineering,Worker,Skilled Worker,,,,https://olguk.com/,high,https://olguk.com/,SponsorList,name_tokens_on_page:line+design;location_on_page; attempt_count:1
299702,Optimal Industrial Automation Limited,optimal industrial automation limited,Yate,Bristol,South West,Engineering,Worker,Skilled Worker,,,,https://optimal-ltd.co.uk/,high,https://optimal-ltd.co.uk/,SponsorList,name_tokens_on_page:optimal+industrial+automation;name_tokens_on_host:optimal; attempt_count:1
299797,Opulence Engineering Ltd,opulence engineering ltd,London,,,Engineering,Worker,Skilled Worker,,,,https://opulence.net/,medium,https://opulence.net/,SponsorList,name_tokens_on_page:opulence;name_tokens_on_host:opulence; attempt_count:1
299911,Orbital Civil Engineering Ltd,orbital civil engineering ltd,Essex,,,Engineering,Worker,Skilled Worker,,,,,unverified,,,no_first_party_identity_verified; attempt_count:0
300131,Orion Engineering Services Limited,orion engineering services limited,Inverness,,,Engineering,Worker,Global Business Mobility: Senior or Specialist Worker,,,,,low,https://www.orionjobs.com/,SponsorList,possible_lead_not_accepted:only_one_name_token_on_page_without_hostname_match:orion; attempt_count:1
300132,Orion Fire Engineering Ltd,orion fire engineering ltd,Manchester,,,Engineering,Worker,Skilled Worker,,,,,unverified,,,no_first_party_identity_verified; attempt_count:1
300385,OTB Engineering Limited,otb engineering limited,London,,,Engineering,Worker,Skilled Worker,,,,,unverified,,,no_first_party_identity_verified; attempt_count:0
300529,Outsource Automation Solutions Ltd,outsource automation solutions ltd,Sandbach,Cheshire East,North West,Engineering,Worker,Skilled Worker,,,,,unverified,,,no_first_party_identity_verified; attempt_count:0
300841,OYSLANS FORECOURT ENGINEERING LIMITED T/A GULF,oyslans forecourt engineering limited t a gulf,Birmingham,,,Engineering,Worker,Skilled Worker,,,,,unverified,,,no_first_party_identity_verified; attempt_count:0
300975,P&G McNulty Engineering LTD,p and g mcnulty engineering ltd,Omagh,Co Tyrone,,Engineering,Worker,Skilled Worker,,,,,unverified,,,no_first_party_identity_verified; attempt_count:0
301113,Packaging Automation Ltd,packaging automation ltd,Knutsford,Cheshire,North West,Engineering,Worker,Skilled Worker,,,,,unverified,,,no_first_party_identity_verified; attempt_count:1
301119,PACS Marine Engineering ltd,pacs marine engineering ltd,Middlesbrough,,,Engineering,Worker,Skilled Worker,,,,https://pacsmarineengineering.com/,medium,https://pacsmarineengineering.com/,SponsorList,name_tokens_on_page:pacs+marine; attempt_count:1
302157,Pulsar Aerospace Ltd,pulsar aerospace ltd,Aston Clinton,Bucks,,Engineering,Worker,Skilled Worker,,,,https://pulsar.aero/,medium,https://pulsar.aero/,SponsorList,name_tokens_on_page:pulsar;name_tokens_on_host:pulsar; attempt_count:1
302265,Pure Engineering Group,pure engineering group,Newry,County Down,,Engineering,Worker,Skilled Worker,,,,,unverified,,,no_first_party_identity_verified; attempt_count:0
302498,PYMATEK AUTOMATION LIMITED,pymatek automation limited,Hednesford,,,Engineering,Worker,Skilled Worker,,,,,unverified,,,no_first_party_identity_verified; attempt_count:1
303165,Quest Global Engineering Limited,quest global engineering limited,Derby,,,Engineering,Worker,Skilled Worker,,,,,low,https://www.questglobal.com/,SponsorList,possible_lead_not_accepted:only_one_name_token_on_page_without_hostname_match:quest; attempt_count:1
303166,Quest Global Engineering Limited,quest global engineering limited,Derby,,,Engineering,Worker,Skilled Worker,,,,,low,https://www.questglobal.com/,SponsorList,possible_lead_not_accepted:only_one_name_token_on_page_without_hostname_match:quest; attempt_count:1
303638,R53 Engineering Limited,r53 engineering limited,Warwick,Warwickshire,West Midlands,Engineering,Worker,Skilled Worker,,,,,low,https://www.r53suspension.com/,SponsorList,possible_lead_not_accepted:only_one_name_token_on_page_without_hostname_match:r53; attempt_count:1
304901,RDK Civil Engineering Limited,rdk civil engineering limited,Sutton,Surrey,South East,Engineering,Worker,Skilled Worker,,,,,unverified,,,no_first_party_identity_verified; attempt_count:0
305110,REALTIME CIVIL ENGINEERING LIMITED,realtime civil engineering limited,Potters Bar,Hertfordshire,East of England,Engineering,Worker,Skilled Worker,,,,https://www.realtimecivil.com/,high,https://www.realtimecivil.com/,SponsorList,name_tokens_on_page:realtime+civil;location_on_page; attempt_count:1
305200,Recro Engineering Ltd,recro engineering ltd,Dungannon,,,Engineering,Worker,Skilled Worker,,,,,low,https://recroeng.com/,SponsorList,possible_lead_not_accepted:only_one_name_token_on_page_without_hostname_match:recro; attempt_count:1
305765,Reginson Engineering Limited,reginson engineering limited,Nuneaton,Warwickshire,West Midlands,Engineering,Worker,Skilled Worker,,,,https://www.reginson.com/,high,https://www.reginson.com/,SponsorList,name_tokens_on_page:reginson;name_tokens_on_host:reginson;location_on_page; attempt_count:1
306171,Repa Engineering Limited,repa engineering limited,Hounslow,Middlesex,,Engineering,Worker,Skilled Worker,,,,,unverified,,,no_first_party_identity_verified; attempt_count:0
307316,RIV UK Engineering Limited,riv uk engineering limited,London,,,Engineering,Worker,Global Business Mobility: Senior or Specialist Worker,,,,,unverified,,,no_first_party_identity_verified; attempt_count:0
307317,RIV UK Engineering Limited,riv uk engineering limited,London,,,Engineering,Worker,Global Business Mobility: Senior or Specialist Worker,,,,,unverified,,,no_first_party_identity_verified; attempt_count:0
307725,RNK ENGINEERING LTD,rnk engineering ltd,Milton Keynes,,,Engineering,Worker,Skilled Worker,,,,,unverified,,,no_first_party_identity_verified; attempt_count:0
307901,Robosys Automation Ltd,robosys automation ltd,Southampton,Hampshire,South East,Engineering,Worker,Skilled Worker,,,,https://robosysautomation.com/,medium,https://robosysautomation.com/,SponsorList,name_tokens_on_page:robosys+automation; attempt_count:1
307902,Robosys Automation Ltd,robosys automation ltd,Southampton,Hampshire,South East,Engineering,Worker,Skilled Worker,,,,https://robosysautomation.com/,medium,https://robosysautomation.com/,SponsorList,name_tokens_on_page:robosys+automation; verified_domain_identity_cache_hit; attempt_count:1
308015,ROCKFORT ENGINEERING LIMITED,rockfort engineering limited,Banbury,Oxfordshire,South East,Engineering,Worker,Skilled Worker,https://www.rockfortengineering.com/,careers@rockfortengineering.com,https://www.rockfortengineering.com/careers/vehicle-systems-engineer,,low,https://www.rockfortengineering.com/,existing_website+existing_careers_url_domain+company_site_existing_file,possible_lead_not_accepted:only_one_name_token_on_page_without_hostname_match:rockfort; attempt_count:2
308040,Rockwell Automation UK Ltd,rockwell automation uk ltd,Milton Keynes,,,Engineering,Worker,Skilled Worker,,,,,unverified,,,no_first_party_identity_verified; attempt_count:0
308041,Rockwell Automation UK Ltd,rockwell automation uk ltd,Milton Keynes,,,Engineering,Worker,Skilled Worker,,,,,unverified,,,no_first_party_identity_verified; attempt_count:0
308483,Rosh Engineering Ltd,rosh engineering ltd,Blaydon on Tyne,Tyne and Wear,North East,Engineering,Worker,Skilled Worker,,,,,unverified,,,no_first_party_identity_verified; attempt_count:1
308515,Ross-shire Engineering Ltd,ross shire engineering ltd,Muir of Ord,Ross-shire,,Engineering,Worker,Skilled Worker,,,,,unverified,,,no_first_party_identity_verified; attempt_count:1
308587,Rotron Aerospace Limited,rotron aerospace limited,Semley,Dorset,South West,Engineering,Worker,Skilled Worker,,,,https://rotronaero.com/,medium,https://rotronaero.com/,SponsorList,name_tokens_on_page:rotron+aerospace; attempt_count:1
308640,Rover Engineering Limited,rover engineering limited,Cardiff,Mid Glamorgan,,Engineering,Worker,Global Business Mobility: Senior or Specialist Worker,,,,,unverified,,,no_first_party_identity_verified; attempt_count:0
308641,Rover Engineering Limited,rover engineering limited,Cardiff,Mid Glamorgan,,Engineering,Worker,Global Business Mobility: Senior or Specialist Worker,,,,,unverified,,,no_first_party_identity_verified; attempt_count:0
310031,Sabeti Wain Aerospace Limited,sabeti wain aerospace limited,High Wycombe,Buckinghamshire,South East,Engineering,Worker,Skilled Worker,,,,,unverified,,,no_first_party_identity_verified; attempt_count:0
310076,SACHA ENGINEERING LTD,sacha engineering ltd,LIGHTHORNE,WARWICKSHIRE,West Midlands,Engineering,Worker,Global Business Mobility: Senior or Specialist Worker,,,,https://sacha.group/,medium,https://sacha.group/,SponsorList,name_tokens_on_page:sacha;name_tokens_on_host:sacha; attempt_count:1
310077,SACHA ENGINEERING LTD,sacha engineering ltd,LIGHTHORNE,WARWICKSHIRE,West Midlands,Engineering,Worker,Global Business Mobility: Senior or Specialist Worker,,,,https://sacha.group/,medium,https://sacha.group/,SponsorList,name_tokens_on_page:sacha;name_tokens_on_host:sacha; verified_domain_identity_cache_hit; attempt_count:1
310305,SAFRAN ENGINEERING SERVICES UK Ltd,safran engineering services uk ltd,Gloucester,,,Engineering,Worker,Global Business Mobility: Senior or Specialist Worker,,,,,unverified,,,no_first_party_identity_verified; attempt_count:0
310306,SAFRAN ENGINEERING SERVICES UK Ltd,safran engineering services uk ltd,Gloucester,,,Engineering,Worker,Global Business Mobility: Senior or Specialist Worker,,,,,unverified,,,no_first_party_identity_verified; attempt_count:0
310432,SAI Aerospace Training Limited,sai aerospace training limited,Prestwick,,,Engineering,Worker,Skilled Worker,,,,,unverified,,,no_first_party_identity_verified; attempt_count:1
310452,SAI ENGINEERING SERVICES LTD,sai engineering services ltd,BRISTOL,AVON,,Engineering,Worker,Skilled Worker,,,,https://www.sai-eng.com/,high,https://www.sai-eng.com/,SponsorList,name_tokens_on_page:sai;name_tokens_on_host:sai;location_on_page; attempt_count:1
310594,SAJ Engineering Limited,saj engineering limited,Barking,,,Engineering,Worker,Skilled Worker,,,,,unverified,,,no_first_party_identity_verified; attempt_count:0
310773,SALSONS Engineering Ltd,salsons engineering ltd,Stoke-on-Trent,Staffordshire,West Midlands,Engineering,Worker,Skilled Worker,,,,,unverified,,,no_first_party_identity_verified; attempt_count:0
311737,Satyam Venture Engineering Services Pvt Ltd,satyam venture engineering services pvt ltd,Warwick,Warwickshire,West Midlands,Engineering,Worker,Skilled Worker,,,,,unverified,,,no_first_party_identity_verified; attempt_count:1
311738,Satyam Venture Engineering Services Pvt Ltd,satyam venture engineering services pvt ltd,Warwick,Warwickshire,West Midlands,Engineering,Worker,Skilled Worker,,,,,unverified,,,no_first_party_identity_verified; attempt_count:1
311759,Sauter Automation Limited,sauter automation limited,Basingstoke,Hampshire,South East,Engineering,Worker,Skilled Worker,,,,https://www.sauterautomation.co.uk/,high,https://www.sauterautomation.co.uk/,verified_company_site_source_host,name_tokens_on_page:sauter+automation;location_on_page; attempt_count:1
311914,SAYERS ENGINEERING LTD,sayers engineering ltd,CASTLEDERG,TYRONE,Northern Ireland,Engineering,Worker,Skilled Worker,,,,,unverified,,,no_first_party_identity_verified; attempt_count:0
312167,SCHMITZ ROTARY ENGINEERING LTD,schmitz rotary engineering ltd,BIRMINGHAM,County (optional),,Engineering,Worker,Skilled Worker,,,,,unverified,,,no_first_party_identity_verified; attempt_count:0
312284,Scitech Engineering Ltd,scitech engineering ltd,Godalming,Surrey,South East,Engineering,Worker,Global Business Mobility: Senior or Specialist Worker,,,,,unverified,,,no_first_party_identity_verified; attempt_count:0
312285,Scitech Engineering Ltd,scitech engineering ltd,Godalming,Surrey,South East,Engineering,Worker,Global Business Mobility: Senior or Specialist Worker,,,,,unverified,,,no_first_party_identity_verified; attempt_count:0
312355,SCOTT & STINSON ENGINEERING LTD,scott and stinson engineering ltd,COLERAINE,NORTHERN IRELAND,Northern Ireland,Engineering,Worker,Skilled Worker,,,,,unverified,,,no_first_party_identity_verified; attempt_count:0
312468,SCS BUILDING AUTOMATION LTD,scs building automation ltd,London,,,Engineering,Worker,Global Business Mobility: UK Expansion Worker,,,,,unverified,,,no_first_party_identity_verified; attempt_count:0
312469,SCS BUILDING AUTOMATION LTD,scs building automation ltd,London,,,Engineering,Worker,Global Business Mobility: UK Expansion Worker,,,,,unverified,,,no_first_party_identity_verified; attempt_count:0
312516,SDE Engineering Services Ltd,sde engineering services ltd,Bicester,Oxfordshire,South East,Engineering,Worker,Skilled Worker,,,,,unverified,,,no_first_party_identity_verified; attempt_count:0
312566,Sea and Land Project Engineering Limited,sea and land project engineering limited,London,,,Engineering,Worker,Skilled Worker,,,,,unverified,,,no_first_party_identity_verified; attempt_count:0
312652,Sealip Engineering Limited,sealip engineering limited,Rochdale,Lancs,,Engineering,Worker,Skilled Worker,,,,,unverified,,,no_first_party_identity_verified; attempt_count:1
312662,Sean J Jordan Engineering Ltd,sean j jordan engineering ltd,Dungannon,Tyrone,Northern Ireland,Engineering,Worker,Skilled Worker,,,,https://www.seanjordanengineering.com/,high,https://www.seanjordanengineering.com/,SponsorList,name_tokens_on_page:sean+jordan;location_on_page; attempt_count:1
312664,SEAN NUGENT ENGINEERING LIMITED,sean nugent engineering limited,Dungannon,TYRONE,Northern Ireland,Engineering,Worker,Skilled Worker,,,,,low,https://www.nugentengineering.com/,SponsorList,possible_lead_not_accepted:only_one_name_token_on_page_without_hostname_match:nugent; attempt_count:1
312665,Sean Nugent Engineering Ltd,sean nugent engineering ltd,Dungannon,Co.Tyrone,,Engineering,Worker,Skilled Worker,,,,,low,https://www.nugentengineering.com/,SponsorList,possible_lead_not_accepted:only_one_name_token_on_page_without_hostname_match:nugent; attempt_count:1
313109,SEMPER FIRE ENGINEERING LIMITED,semper fire engineering limited,London,,,Engineering,Worker,Skilled Worker,,,,,unverified,,,no_first_party_identity_verified; attempt_count:1
313154,Senior UK Ltd t/a Senior Aerospace BWT,senior uk ltd t a senior aerospace bwt,Adlington,,,Engineering,Worker,Skilled Worker,,,,,unverified,,,no_first_party_identity_verified; attempt_count:1
314103,Sharif Engineering Ltd,sharif engineering ltd,Luton,Bedfordshire,East of England,Engineering,Worker,Skilled Worker,,,,,unverified,,,no_first_party_identity_verified; attempt_count:0
314247,SHEEN ENGINEERING CONSULTANTS LTD,sheen engineering consultants ltd,Essex,,,Engineering,Worker,Skilled Worker,,,,,unverified,,,no_first_party_identity_verified; attempt_count:1
314303,Shelbourne Reynolds Engineering Ltd,shelbourne reynolds engineering ltd,Bury St. Edmunds,Suffolk,East of England,Engineering,Worker,Skilled Worker,,,,https://www.shelbourne.com/,high,https://www.shelbourne.com/,SponsorList,name_tokens_on_page:shelbourne+reynolds;name_tokens_on_host:shelbourne;location_on_page; attempt_count:1
314304,Shelbourne Reynolds Engineering Ltd,shelbourne reynolds engineering ltd,Bury St. Edmunds,Suffolk,East of England,Engineering,Worker,Skilled Worker,,,,https://www.shelbourne.com/,high,https://www.shelbourne.com/,SponsorList,name_tokens_on_page:shelbourne+reynolds;name_tokens_on_host:shelbourne;location_on_page; verified_domain_identity_cache_hit; attempt_count:1
314730,SHOALTER AUTOMATION (UK) LIMITED,shoalter automation uk limited,Metroplex,Salford,North West,Engineering,Worker,Skilled Worker,,,,,unverified,,,no_first_party_identity_verified; attempt_count:0
314731,SHOALTER AUTOMATION (UK) LIMITED,shoalter automation uk limited,Metroplex,Salford,North West,Engineering,Worker,Skilled Worker,,,,,unverified,,,no_first_party_identity_verified; attempt_count:0
315683,Simms building and civil engineering Ltd,simms building and civil engineering ltd,Bexley,Kent,South East,Engineering,Worker,Skilled Worker,,,,https://www.simmscivils.co.uk/,high,https://www.simmscivils.co.uk/,SponsorList,name_tokens_on_page:simms+building+civil;location_on_page; attempt_count:1
315695,Simon Carves Engineering Ltd,simon carves engineering ltd,Manchester,,,Engineering,Worker,Skilled Worker,,,,https://ecigrouponline.com/,high,https://ecigrouponline.com/,SponsorList,name_tokens_on_page:simon+carves;location_on_page; attempt_count:1
315696,Simon Carves Engineering Ltd,simon carves engineering ltd,Manchester,,,Engineering,Worker,Skilled Worker,,,,https://ecigrouponline.com/,high,https://ecigrouponline.com/,SponsorList,name_tokens_on_page:simon+carves;location_on_page; verified_domain_identity_cache_hit; attempt_count:1
315713,Simpact Engineering Ltd,simpact engineering ltd,Warwick,Warwickshire,West Midlands,Engineering,Worker,Skilled Worker,,,,https://www.simpact.co.uk/,high,https://www.simpact.co.uk/,SponsorList,name_tokens_on_page:simpact;name_tokens_on_host:simpact;location_on_page; attempt_count:1
315798,Simposon Engineering Limited,simposon engineering limited,Sutton,,,Engineering,Worker,Skilled Worker,,,,,unverified,,,no_first_party_identity_verified; attempt_count:1
316044,Sirius Aerospace Manufacturing,sirius aerospace manufacturing,Rugby,Warwickshire,West Midlands,Engineering,Worker,Skilled Worker,,,,,unverified,,,no_first_party_identity_verified; attempt_count:1
316185,SIVAPRASADAM ENGINEERING LIMITED,sivaprasadam engineering limited,Reading,,,Engineering,Worker,Skilled Worker,,,,,unverified,,,no_first_party_identity_verified; attempt_count:0
316257,SJC Hutchinson Engineering Ltd,sjc hutchinson engineering ltd,Coleraine,,,Engineering,Worker,Skilled Worker,,,,,low,https://hutchinsonengineering.co.uk/,SponsorList,possible_lead_not_accepted:only_one_name_token_on_page_without_hostname_match:hutchinson; attempt_count:1
316262,SJF IMPERIUM CONSTRUCTION & ENGINEERING LIMITED,sjf imperium construction and engineering limited,Slough,,,Engineering,Worker,Skilled Worker,,,,https://sjficelimited.co.uk/,high,https://sjficelimited.co.uk/,SponsorList,name_tokens_on_page:sjf+imperium;location_on_page; attempt_count:1
316372,SKE Engineering Limited,ske engineering limited,Milton Keynes,,,Engineering,Worker,Skilled Worker,,,,,unverified,,,no_first_party_identity_verified; attempt_count:0
316642,Skyray Engineering Ltd,skyray engineering ltd,Bristol,,,Engineering,Worker,Skilled Worker,,,,,unverified,,,no_first_party_identity_verified; attempt_count:0
316676,SL Engineering Ltd,sl engineering ltd,Sleaford,Lincolnshire,East Midlands,Engineering,Worker,Skilled Worker,,,,,unverified,,,no_first_party_identity_verified; attempt_count:0
316757,Slingshot Aerospace Limited,slingshot aerospace limited,Newquay,Cornwall,South West,Engineering,Worker,Skilled Worker,,,,https://www.slingshot.space/,high,https://www.slingshot.space/,SponsorList,name_tokens_on_page:slingshot+aerospace;name_tokens_on_host:slingshot; attempt_count:1
316762,Slipform Engineering Limited,slipform engineering limited,London,,,Engineering,Worker,Skilled Worker,,,,,low,https://slipformengineering.co.uk/,SponsorList,possible_lead_not_accepted:only_one_name_token_on_page_without_hostname_match:slipform; attempt_count:1
317362,SMS Machine Automation Ltd,sms machine automation ltd,Barnsley,South Yorkshire,Yorkshire and the Humber,Engineering,Worker,Skilled Worker,,,,https://www.smsmachines.co.uk/,high,https://www.smsmachines.co.uk/,SponsorList,name_tokens_on_page:sms+machine+automation;location_on_page; attempt_count:1
317735,Sogeclair Aerospace Ltd,sogeclair aerospace ltd,Bristol,,,Engineering,Worker,Skilled Worker,,,,,unverified,,,no_first_party_identity_verified; attempt_count:1
317782,Sojitz Aerospace Corporation,sojitz aerospace corporation,London,,,Engineering,Worker,Global Business Mobility: Senior or Specialist Worker,,,,https://www.sojitz-aero.com/,high,https://www.sojitz-aero.com/,SponsorList,name_tokens_on_page:sojitz+aerospace+corporation;name_tokens_on_host:sojitz; attempt_count:1
317783,Sojitz Aerospace Corporation,sojitz aerospace corporation,London,,,Engineering,Worker,Global Business Mobility: Senior or Specialist Worker,,,,https://www.sojitz-aero.com/,high,https://www.sojitz-aero.com/,SponsorList,name_tokens_on_page:sojitz+aerospace+corporation;name_tokens_on_host:sojitz; verified_domain_identity_cache_hit; attempt_count:1
317784,Sojitz Aerospace Corporation,sojitz aerospace corporation,London,,,Engineering,Worker,Global Business Mobility: Senior or Specialist Worker,,,,https://www.sojitz-aero.com/,high,https://www.sojitz-aero.com/,SponsorList,name_tokens_on_page:sojitz+aerospace+corporation;name_tokens_on_host:sojitz; verified_domain_identity_cache_hit; attempt_count:1
317859,Solent Automation Ltd,solent automation ltd,Havant,Hampshire,South East,Engineering,Worker,Skilled Worker,,,,,unverified,,,no_first_party_identity_verified; attempt_count:0
317871,Solera Engineering Limited,solera engineering limited,Towcester,,,Engineering,Worker,Skilled Worker,,,,,unverified,,,no_first_party_identity_verified; attempt_count:0
317927,Solis Marine Engineering Limited,solis marine engineering limited,Penryn,Cornwall,South West,Engineering,Worker,Skilled Worker,,,,,unverified,,,no_first_party_identity_verified; attempt_count:0
318456,South West Engineering Ltd,south west engineering ltd,Castle Douglas,Dumfries and Galloway,Scotland,Engineering,Worker,Skilled Worker,,,,https://swengineering.uk/,high,https://swengineering.uk/,SponsorList,name_tokens_on_page:south+west;location_on_page; attempt_count:1
318854,SPB Civil Engineering Ltd,spb civil engineering ltd,Waterlooville,Hants,,Engineering,Worker,Skilled Worker,,,,,unverified,,,no_first_party_identity_verified; attempt_count:0
318874,SPEC Engineering Ltd,spec engineering ltd,Leatherhead,,,Engineering,Worker,Global Business Mobility: Senior or Specialist Worker,,,,,unverified,,,no_first_party_identity_verified; attempt_count:0
318897,Specialised Polymer Engineering Ltd,specialised polymer engineering ltd,Southampton,Hampshire,South East,Engineering,Worker,Skilled Worker,,,,,unverified,,,no_first_party_identity_verified; attempt_count:0
318907,Specialist Engineering Services Ltd,specialist engineering services ltd,Doncaster,,,Engineering,Worker,Skilled Worker,,,,,unverified,,,no_first_party_identity_verified; attempt_count:0
318956,Spectra Engineering Services LTD.,spectra engineering services ltd,London,,,Engineering,Worker,Skilled Worker,,,,,unverified,,,no_first_party_identity_verified; attempt_count:0
319002,Speed Engineering Solutions Limited,speed engineering solutions limited,Derby,,,Engineering,Worker,Global Business Mobility: Senior or Specialist Worker,,,,,unverified,,,no_first_party_identity_verified; attempt_count:0
319003,Speed Engineering Solutions Limited,speed engineering solutions limited,Derby,,,Engineering,Worker,Global Business Mobility: Senior or Specialist Worker,,,,,unverified,,,no_first_party_identity_verified; attempt_count:0
319305,Spintex Engineering Limited,spintex engineering limited,Oxford,Oxfordshire,South East,Engineering,Worker,Skilled Worker,,,,,unverified,,,no_first_party_identity_verified; attempt_count:0
319757,SRD Engineering Ltd,srd engineering ltd,Bicester,Oxon,,Engineering,Worker,Skilled Worker,,,,,unverified,,,no_first_party_identity_verified; attempt_count:0
319975,SS Civil Engineering Ltd,ss civil engineering ltd,Birmingham,West mIDLANDS,West Midlands,Engineering,Worker,Skilled Worker,,,,,unverified,,,no_first_party_identity_verified; attempt_count:0
320940,Star Solutions Engineering  Ltd,star solutions engineering ltd,Newton Abbot,Devon,South West,Engineering,Worker,Skilled Worker,,,,,low,https://starsolutionsengineering.co.uk/,SponsorList,possible_lead_not_accepted:only_one_name_token_on_page_without_hostname_match:star; attempt_count:1
321889,Stratavis Engineering LTD,stratavis engineering ltd,Ilford,London,London,Engineering,Worker,Skilled Worker,,,,,unverified,,,no_first_party_identity_verified; attempt_count:1
322112,Structural Steel Works & Engineering Ltd,structural steel works and engineering ltd,London,Waltham Forest,,Engineering,Worker,Skilled Worker,,,,,unverified,,,no_first_party_identity_verified; attempt_count:1
322252,Studley Engineering Ltd,studley engineering ltd,Liverpool,Merseyside,North West,Engineering,Worker,Skilled Worker,,,,,unverified,,,no_first_party_identity_verified; attempt_count:1
323615,SWAN AUTO ENGINEERING LTD,swan auto engineering ltd,WASHINGTON,,,Engineering,Worker,Skilled Worker,,,,,unverified,,,no_first_party_identity_verified; attempt_count:0
323639,Swann Engineering Group,swann engineering group,Tonbridge,Kent,South East,Engineering,Worker,Skilled Worker,,,,,unverified,,,no_first_party_identity_verified; attempt_count:0
323948,Sycamore Process Engineering Limited,sycamore process engineering limited,Sparkford,Somerset,South West,Engineering,Worker,Skilled Worker,,,,https://www.sycamoreprocessengineering.co.uk/,high,https://www.sycamoreprocessengineering.co.uk/,SponsorList,name_tokens_on_page:sycamore+process;location_on_page; attempt_count:1
324114,Synergy Fire Engineering ltd,synergy fire engineering ltd,Matlock,Derbyshire,East Midlands,Engineering,Worker,Skilled Worker,,,,,unverified,,,no_first_party_identity_verified; attempt_count:0
324197,Syos Aerospace UK Limited,syos aerospace uk limited,Fareham,Hampshire,South East,Engineering,Worker,Skilled Worker,,,,https://syos-aerospace.com/,high,https://syos-aerospace.com/,SponsorList,name_tokens_on_page:syos+aerospace;name_tokens_on_host:syos+aerospace; attempt_count:1
324242,Systematic Software Engineering Limited,systematic software engineering limited,Farnborough,Hampshire,South East,Engineering,Worker,Skilled Worker,,,,https://systematic.com/,medium,https://systematic.com/us/,SponsorList,name_tokens_on_page:systematic;name_tokens_on_host:systematic; attempt_count:1
324243,Systematic Software Engineering Limited,systematic software engineering limited,Farnborough,Hampshire,South East,Engineering,Worker,Skilled Worker,,,,https://systematic.com/,medium,https://systematic.com/us/,SponsorList,name_tokens_on_page:systematic;name_tokens_on_host:systematic; verified_domain_identity_cache_hit; attempt_count:1
324367,T S Motors Engineering Ltd,t s motors engineering ltd,Chesham,,,Engineering,Worker,Skilled Worker,,,,,unverified,,,no_first_party_identity_verified; attempt_count:0
324412,T&V ENGINEERING SOLUTIONS LTD,t and v engineering solutions ltd,Coventry,,,Engineering,Worker,Skilled Worker,,,,,unverified,,,no_first_party_identity_verified; attempt_count:0
324452,T.R.A ENGINEERING LTD,t r a engineering ltd,High Wycombe,,,Engineering,Worker,Skilled Worker,,,,,unverified,,,no_first_party_identity_verified; attempt_count:1
324453,T.S.B. Engineering Limited,t s b engineering limited,Bristol,,,Engineering,Worker,Skilled Worker,,,,,unverified,,,no_first_party_identity_verified; attempt_count:1
324555,Tadley Engineering Ltd,tadley engineering ltd,Tadley,Hampshire,South East,Engineering,Worker,Skilled Worker,,,,,unverified,,,no_first_party_identity_verified; attempt_count:1
324556,TAE Power Solutions Engineering Limited,tae power solutions engineering limited,Birmingham,,,Engineering,Worker,Skilled Worker,,,,https://power-solutions.tae.com/,high,https://power-solutions.tae.com/,SponsorList,name_tokens_on_page:tae+power;name_tokens_on_host:tae+power; attempt_count:1
325043,TAR Engineering Ltd,tar engineering ltd,Leicester,Leicestershire,East Midlands,Engineering,Worker,Skilled Worker,,,,,unverified,,,no_first_party_identity_verified; attempt_count:0
325050,TARA ENGINEERING SOLUTIONS LTD,tara engineering solutions ltd,Bury,,,Engineering,Worker,Skilled Worker,,,,,unverified,,,no_first_party_identity_verified; attempt_count:0
325146,TASK ENGINEERING SOLUTIONS LIMITED,task engineering solutions limited,Solihull,West Midlands,West Midlands,Engineering,Worker,Skilled Worker,,,,,unverified,,,no_first_party_identity_verified; attempt_count:0
325282,Taudevin Engineering Limited,taudevin engineering limited,Nottinghamshire,,,Engineering,Worker,Skilled Worker,,,,,unverified,,,no_first_party_identity_verified; attempt_count:0
325470,TBS Engineering Limited,tbs engineering limited,Brockworth,Gloucester,,Engineering,Worker,Skilled Worker,,,,,unverified,,,no_first_party_identity_verified; attempt_count:0
325475,TBT CONSTRUCTION & ENGINEERING LIMITED,tbt construction and engineering limited,SUNBURY-ON-THAMES,Surrey,South East,Engineering,Worker,Skilled Worker,,,,,unverified,,,no_first_party_identity_verified; attempt_count:0
325656,Tech Automation Limited,tech automation limited,Richmond,Surrey,South East,Engineering,Worker,Skilled Worker,,,,https://www.techautomation.uk/,high,https://www.techautomation.uk/,SponsorList,name_tokens_on_page:tech+automation;location_on_page; attempt_count:1
326143,Tema Engineering Limited,tema engineering limited,Cardfii,,,Engineering,Worker,Skilled Worker,,,,,unverified,,,no_first_party_identity_verified; attempt_count:0
326417,Tesla Engineering Ltd,tesla engineering ltd,Pulborough,West Sussex,South East,Engineering,Worker,Skilled Worker,,,,,unverified,,,no_first_party_identity_verified; attempt_count:0
326729,Thames Valley Construction & Civil Engineering Ltd,thames valley construction and civil engineering ltd,NEWPORT,Wales,Wales,Engineering,Worker,Skilled Worker,,,,,unverified,,,no_first_party_identity_verified; attempt_count:0
327001,The Automation Partnership (Cambridge) Ltd,the automation partnership cambridge ltd,Royston,Hertfordshire,East of England,Engineering,Worker,Skilled Worker,,,,,low,https://www.chemeurope.com/en/,SponsorList,possible_lead_not_accepted:only_one_name_token_on_page_without_hostname_match:automation; attempt_count:1
327002,The Automation Partnership (Cambridge) Ltd,the automation partnership cambridge ltd,Royston,Hertfordshire,East of England,Engineering,Worker,Skilled Worker,,,,,low,https://www.chemeurope.com/en/,SponsorList,possible_lead_not_accepted:only_one_name_token_on_page_without_hostname_match:automation; attempt_count:1
331206,Thornacre Engineering Ltd,thornacre engineering ltd,London,Hertfordshire,East of England,Engineering,Worker,Skilled Worker,,,,https://thornacre.com/,medium,https://thornacre.com/,SponsorList,name_tokens_on_page:thornacre;name_tokens_on_host:thornacre; attempt_count:1
331444,thyssenkrupp System Engineering Ltd,thyssenkrupp system engineering ltd,East Grinstead,West Sussex,South East,Engineering,Worker,Skilled Worker,,,,,unverified,,,no_first_party_identity_verified; attempt_count:0
331456,Tiba Architectural & Engineering services ltd.,tiba architectural and engineering services ltd,London,,,Engineering,Worker,Skilled Worker,,,,,unverified,,,no_first_party_identity_verified; attempt_count:0
331757,Tir-Con Engineering Ltd,tir con engineering ltd,Magherafelt,Londonderry,Northern Ireland,Engineering,Worker,Skilled Worker,,,,,unverified,,,no_first_party_identity_verified; attempt_count:0
331784,Titan Motorsport and Automotive Engineering Ltd,titan motorsport and automotive engineering ltd,St Neots,Cambridgeshire,East of England,Engineering,Worker,Skilled Worker,,,,https://titan.uk.net/,high,https://titan.uk.net/,SponsorList,name_tokens_on_page:titan+motorsport+automotive;name_tokens_on_host:titan; attempt_count:1
332238,Toor Engineering Limited,toor engineering limited,"Aberdeen,",Aberdeenshire,Scotland,Engineering,Worker,Skilled Worker,,,,,unverified,,,no_first_party_identity_verified; attempt_count:0
332767,TP AEROSPACE TECHNICS UK LTD,tp aerospace technics uk ltd,Castle Donington,Derby,East Midlands,Engineering,Worker,Skilled Worker,,,,,unverified,,,no_first_party_identity_verified; attempt_count:1
332800,Tquila Automation Ltd.,tquila automation ltd,London,,,Engineering,Worker,Skilled Worker,,,,https://tquila.com/,high,https://tquila.com/,SponsorList,name_tokens_on_page:tquila;name_tokens_on_host:tquila;location_on_page; attempt_count:1
332829,Track Civil Engineering Solutions,track civil engineering solutions,Kilmarnock,East Ayrshire,Scotland,Engineering,Worker,Skilled Worker,,,,,unverified,,,no_first_party_identity_verified; attempt_count:1
333009,Transcal Engineering Limited,transcal engineering limited,Pershore,Worcestershire,West Midlands,Engineering,Worker,Skilled Worker,,,,https://transcal.com/,medium,https://transcal.com/,SponsorList,name_tokens_on_page:transcal;name_tokens_on_host:transcal; attempt_count:1
333083,Transmission Engineering Services Limited,transmission engineering services limited,Hebburn,Tyne and Wear,North East,Engineering,Worker,Skilled Worker,,,,,low,https://www.tes-limited.co.uk/,SponsorList,possible_lead_not_accepted:only_one_name_token_on_page_without_hostname_match:transmission; attempt_count:1
333110,Transporter Engineering Ltd,transporter engineering ltd,Gosfield,Essex,East of England,Engineering,Worker,Skilled Worker,,,,,unverified,,,no_first_party_identity_verified; attempt_count:1
333132,Transworld Engineering Ltd,transworld engineering ltd,Cradley Heath,"Birmingham, West Midlands",,Engineering,Worker,Skilled Worker,,,,,low,https://www.transworldengineering.co.uk/en_gb/,SponsorList,possible_lead_not_accepted:only_one_name_token_on_page_without_hostname_match:transworld; attempt_count:1
333134,TRANT ENGINEERING LTD,trant engineering ltd,SOUTHAMPTON,HANTS,,Engineering,Worker,Skilled Worker,,,,https://www.trant.co.uk/,high,https://www.trant.co.uk/,SponsorList,name_tokens_on_page:trant;name_tokens_on_host:trant;location_on_page; attempt_count:1
333437,Trident Engineering Consultants,trident engineering consultants,Renfrew,,,Engineering,Worker,Skilled Worker,,,,,unverified,,,no_first_party_identity_verified; attempt_count:1
333832,TrueNorth Engineering Ltd.,truenorth engineering ltd,Manchester,,,Engineering,Worker,Skilled Worker,,,,https://truenorth-engineering.co.uk/,high,https://truenorth-engineering.co.uk/,SponsorList,name_tokens_on_page:truenorth;name_tokens_on_host:truenorth;location_on_page; attempt_count:1
334113,TUDOR SURVEYING AND ENGINEERING LTD,tudor surveying and engineering ltd,BARKING,,,Engineering,Worker,Skilled Worker,,,,,unverified,,,no_first_party_identity_verified; attempt_count:1
334194,Tungsten Automation UK Limited,tungsten automation uk limited,London,,,Engineering,Worker,Skilled Worker,,,,https://www.tungstenautomation.com/,medium,https://www.tungstenautomation.com/,SponsorList,name_tokens_on_page:tungsten+automation; attempt_count:1
334195,Tungsten Automation UK Limited,tungsten automation uk limited,London,,,Engineering,Worker,Skilled Worker,,,,https://www.tungstenautomation.com/,medium,https://www.tungstenautomation.com/,SponsorList,name_tokens_on_page:tungsten+automation; verified_domain_identity_cache_hit; attempt_count:1
334203,Tunnel Engineering Limited,tunnel engineering limited,TONBRIDGE,Kent,South East,Engineering,Worker,Skilled Worker,,,,https://tunnel.engineering/,high,https://tunnel.engineering/,SponsorList,name_tokens_on_page:tunnel;name_tokens_on_host:tunnel;location_on_page; attempt_count:1
334423,TWILIGHT ENGINEERING SOLUTIONS LTD,twilight engineering solutions ltd,Edinburgh,Scotland,Scotland,Engineering,Worker,Skilled Worker,,,,,low,https://www.twilightsystems.co.uk/,SponsorList,possible_lead_not_accepted:only_one_name_token_on_page_without_hostname_match:twilight; attempt_count:1
334681,UAVICTOR AEROSPACE LTD,uavictor aerospace ltd,Harrow,,,Engineering,Worker,Skilled Worker,,,,,unverified,,,no_first_party_identity_verified; attempt_count:1
335235,Ulster Engineering Limited,ulster engineering limited,Magherafelt,Londonderry,Northern Ireland,Engineering,Worker,Skilled Worker,,,,,unverified,,,no_first_party_identity_verified; attempt_count:0
335687,Unit Superheater Engineering Ltd,unit superheater engineering ltd,Swansea,West Glamorgan,,Engineering,Worker,Skilled Worker,,,,,unverified,,,no_first_party_identity_verified; attempt_count:1
335703,Unitech Engineering Ltd,unitech engineering ltd,Burntwood,,,Engineering,Worker,Skilled Worker,,,,https://www.unitech.uk.com/,high,https://www.unitech.uk.com/,SponsorList,name_tokens_on_page:unitech;name_tokens_on_host:unitech;location_on_page; attempt_count:1
335755,UNITED GAS ENGINEERING LTD,united gas engineering ltd,Ruddington,Nottinghamshire,East Midlands,Engineering,Worker,Skilled Worker,,,,,unverified,,,no_first_party_identity_verified; attempt_count:1
336548,Utility Consultancy and Engineering Limited,utility consultancy and engineering limited,Barnsley,---,,Engineering,Worker,Skilled Worker,,,,https://www.uce-ltd.co.uk/,high,https://www.uce-ltd.co.uk/,SponsorList,name_tokens_on_page:utility+consultancy;location_on_page; attempt_count:1
336802,Valen Power Engineering Ltd,valen power engineering ltd,Middleton,,,Engineering,Worker,Skilled Worker,,,,,unverified,,,no_first_party_identity_verified; attempt_count:0
337154,VASANAD ENGINEERING SERVICES PRIVATE  LIMITED,vasanad engineering services private limited,Cheltenham,,,Engineering,Worker,Skilled Worker,,,,,unverified,,,no_first_party_identity_verified; attempt_count:0
337172,VASTALE ENGINEERING LIMITED,vastale engineering limited,Newcastle Upon Tyne,,,Engineering,Worker,Skilled Worker,,,,,unverified,,,no_first_party_identity_verified; attempt_count:1
337277,VECTOR AEROSPACE,vector aerospace,GOSPORT,HAMPSHIRE,South East,Engineering,Worker,Global Business Mobility: Senior or Specialist Worker,,,,,unverified,,,no_first_party_identity_verified; attempt_count:0
337278,VECTOR AEROSPACE,vector aerospace,GOSPORT,HAMPSHIRE,South East,Engineering,Worker,Global Business Mobility: Senior or Specialist Worker,,,,,unverified,,,no_first_party_identity_verified; attempt_count:0
337502,Venture Engineering Ltd,venture engineering ltd,Witney,Oxon,,Engineering,Worker,Skilled Worker,,,,,unverified,,,no_first_party_identity_verified; attempt_count:0
337715,Vertical Aerospace Group Ltd,vertical aerospace group ltd,Bristol,,,Engineering,Worker,Skilled Worker,https://vertical-aerospace.com/,,https://jobs.ashbyhq.com/vertical-aerospace,,unverified,,,no_first_party_identity_verified; attempt_count:1; existing_careers_url_not_employer_domain; company_site_cache_url_not_employer_domain; company_site_source_host_not_eligible
337716,Vertical Aerospace Group Ltd,vertical aerospace group ltd,Bristol,,,Engineering,Worker,Skilled Worker,https://vertical-aerospace.com/,,https://jobs.ashbyhq.com/vertical-aerospace,,unverified,,,no_first_party_identity_verified; attempt_count:1; existing_careers_url_not_employer_domain; company_site_cache_url_not_employer_domain; company_site_source_host_not_eligible
337717,Vertical Aerospace Group Ltd,vertical aerospace group ltd,Bristol,,,Engineering,Worker,Skilled Worker,https://vertical-aerospace.com/,,https://jobs.ashbyhq.com/vertical-aerospace,,unverified,,,no_first_party_identity_verified; attempt_count:1; existing_careers_url_not_employer_domain; company_site_cache_url_not_employer_domain; company_site_source_host_not_eligible
338191,Village Software Engineering Limited,village software engineering limited,Liverpool,,,Engineering,Worker,Skilled Worker,,,,,low,https://www.villagesoftware.co.uk/,SponsorList,possible_lead_not_accepted:only_one_name_token_on_page_without_hostname_match:village; attempt_count:1
338405,Virtue Aerospace Limited,virtue aerospace limited,Horndean,Hampshire,South East,Engineering,Worker,Skilled Worker,,,,https://www.virtue-aerospace.com/,high,https://www.virtue-aerospace.com/,SponsorList,name_tokens_on_page:virtue+aerospace;name_tokens_on_host:virtue+aerospace; attempt_count:1
338578,Visteon Engineering Services Ltd.,visteon engineering services ltd,Chelmsford,Essex,East of England,Engineering,Worker,Global Business Mobility: Senior or Specialist Worker,,,,,unverified,,,no_first_party_identity_verified; attempt_count:1
338579,Visteon Engineering Services Ltd.,visteon engineering services ltd,Chelmsford,Essex,East of England,Engineering,Worker,Global Business Mobility: Senior or Specialist Worker,,,,,unverified,,,no_first_party_identity_verified; attempt_count:1
338763,VJ Engineering Limited,vj engineering limited,Rugby,,,Engineering,Worker,Skilled Worker,,,,,unverified,,,no_first_party_identity_verified; attempt_count:1
339200,VULCAIN ENGINEERING LTD,vulcain engineering ltd,Stonehouse,Gloucestershire,South West,Engineering,Worker,Global Business Mobility: Senior or Specialist Worker,,,,,unverified,,,no_first_party_identity_verified; attempt_count:0
339201,VULCAIN ENGINEERING LTD,vulcain engineering ltd,Stonehouse,Gloucestershire,South West,Engineering,Worker,Global Business Mobility: Senior or Specialist Worker,,,,,unverified,,,no_first_party_identity_verified; attempt_count:0
339202,Vulcan Engineering Limited,vulcan engineering limited,Sheffield,South Yorkshire,Yorkshire and the Humber,Engineering,Worker,Skilled Worker,,,,,unverified,,,no_first_party_identity_verified; attempt_count:0
339587,WAM Engineering Ltd,wam engineering ltd,Tewkesbury,Gloucestershire,South West,Engineering,Worker,Global Business Mobility: Senior or Specialist Worker,,,,,unverified,,,no_first_party_identity_verified; attempt_count:1
339657,Wardown Engineering Ltd,wardown engineering ltd,HOUGHTON REGIS,bedfordshire.,,Engineering,Worker,Skilled Worker,,,,https://www.wardown.com/,high,https://www.wardown.com/,SponsorList,name_tokens_on_page:wardown;name_tokens_on_host:wardown;location_on_page; attempt_count:1
340409,Well Co Engineering Automation UK Ltd,well co engineering automation uk ltd,Birmingham,,,Engineering,Worker,Global Business Mobility: UK Expansion Worker,,,,,unverified,,,no_first_party_identity_verified; attempt_count:0
340883,Westec Engineering Ltd,westec engineering ltd,Christchurch,South West,,Engineering,Worker,Skilled Worker,,,,,low,https://westeceng.com/,SponsorList,possible_lead_not_accepted:only_one_name_token_on_page_without_hostname_match:westec; attempt_count:1
340984,Westlakes Engineering Limited,westlakes engineering limited,Cleator Moor,Cumbria,North West,Engineering,Worker,Skilled Worker,,,,https://www.westlakes.co.uk/,high,https://www.westlakes.co.uk/,SponsorList,name_tokens_on_page:westlakes;name_tokens_on_host:westlakes;location_on_page; attempt_count:1
341195,Whessoe Engineering Limited,whessoe engineering limited,Darlington,County Durham,North East,Engineering,Worker,Skilled Worker,,,,,unverified,,,no_first_party_identity_verified; attempt_count:0
341196,Whessoe Engineering Limited,whessoe engineering limited,Darlington,County Durham,North East,Engineering,Worker,Skilled Worker,,,,,unverified,,,no_first_party_identity_verified; attempt_count:0
341274,WHITE HORSE CONSTRUCTION AND ENGINEERING LTD,white horse construction and engineering ltd,Kingston Upon Thames,England,,Engineering,Worker,Skilled Worker,,,,https://www.whitehorsecontractors.co.uk/,medium,https://www.whitehorsecontractors.co.uk/,SponsorList,name_tokens_on_page:white+horse; attempt_count:1
341390,WHITFIELD CIVIL ENGINEERING LIMITED,whitfield civil engineering limited,Surbiton,,,Engineering,Worker,Skilled Worker,,,,https://wcs-consult.co.uk/,high,https://wcs-consult.co.uk/,SponsorList,name_tokens_on_page:whitfield+civil;location_on_page; attempt_count:1
341670,Williams Grand Prix Engineering Limited,williams grand prix engineering limited,Grove,Oxfordshire,South East,Engineering,Worker,International Sportsperson,,,,,low,https://careers.williamsf1.com/,verified_company_site_source_host,possible_lead_not_accepted:only_one_name_token_on_page_without_hostname_match:williams; attempt_count:2
341671,Williams Grand Prix Engineering Limited,williams grand prix engineering limited,Grove,Oxfordshire,South East,Engineering,Worker,International Sportsperson,,,,,low,https://careers.williamsf1.com/,verified_company_site_source_host,possible_lead_not_accepted:only_one_name_token_on_page_without_hostname_match:williams; attempt_count:2
341739,Wills Bros Civil Engineering Ltd,wills bros civil engineering ltd,Motherwell,South Lanarkshire,Scotland,Engineering,Worker,Skilled Worker,,,,,unverified,,,no_first_party_identity_verified; attempt_count:1
341762,Wilson Architectural Engineering Ltd,wilson architectural engineering ltd,Orpington,,,Engineering,Worker,Skilled Worker,,,,,unverified,,,no_first_party_identity_verified; attempt_count:0
342206,WIW Engineering Limited,wiw engineering limited,Woking,Surrey,South East,Engineering,Worker,Skilled Worker,,,,,low,https://wiweng.co.uk/,SponsorList,possible_lead_not_accepted:only_one_name_token_on_page_without_hostname_match:wiw; attempt_count:1
342258,WMAS ENGINEERING LTD.,wmas engineering ltd,London,,,Engineering,Worker,Skilled Worker,,,,,unverified,,,no_first_party_identity_verified; attempt_count:1
342265,WMH Systems Engineering Limited,wmh systems engineering limited,Hayes,,,Engineering,Worker,Skilled Worker,,,,https://www.wmhsystemsengineering.co.uk/,medium,https://www.wmhsystemsengineering.co.uk/,SponsorList,name_tokens_on_page:wmh+systems; attempt_count:1
343030,WSP Engineering Ltd,wsp engineering ltd,LEICESTER,Leicestershire,East Midlands,Engineering,Worker,Skilled Worker,,,,,unverified,,,no_first_party_identity_verified; attempt_count:0
343422,XRN Engineering Ltd,xrn engineering ltd,Milford,Surrey,South East,Engineering,Worker,Skilled Worker,,,,,low,https://www.xrnengineering.co.uk/,SponsorList,possible_lead_not_accepted:only_one_name_token_on_page_without_hostname_match:xrn; attempt_count:1
343468,XY Automation Ltd,xy automation ltd,Wales,,,Engineering,Worker,Skilled Worker,,,,,unverified,,,no_first_party_identity_verified; attempt_count:0
343613,Yaojiang Construction Engineering Ltd,yaojiang construction engineering ltd,London,,,Engineering,Worker,Skilled Worker,,,,https://yaojiang.co.uk/,medium,https://yaojiang.co.uk/,SponsorList,name_tokens_on_page:yaojiang;name_tokens_on_host:yaojiang; attempt_count:1
343721,YD Aeronautical engineering services Ltd,yd aeronautical engineering services ltd,Brentwood,Essex,East of England,Engineering,Worker,Skilled Worker,,,,,unverified,,,no_first_party_identity_verified; attempt_count:0
344341,Yushin Automation Limited,yushin automation limited,Bromsgrove,Worcestershire,West Midlands,Engineering,Worker,Skilled Worker,,,,https://yushinautomation.com/,medium,https://yushinautomation.com/,SponsorList,name_tokens_on_page:yushin+automation; attempt_count:1
344342,Yushin Automation Limited,yushin automation limited,Bromsgrove,Worcestershire,West Midlands,Engineering,Worker,Skilled Worker,,,,https://yushinautomation.com/,medium,https://yushinautomation.com/,SponsorList,name_tokens_on_page:yushin+automation; verified_domain_identity_cache_hit; attempt_count:1
344440,ZA ENGINEERING SERVICES LTD,za engineering services ltd,Ilford,Essex,East of England,Engineering,Worker,Skilled Worker,,,,,unverified,,,no_first_party_identity_verified; attempt_count:1
344641,Zarrar Civil Engineering Ltd,zarrar civil engineering ltd,Slough,,,Engineering,Worker,Skilled Worker,,,,,unverified,,,no_first_party_identity_verified; attempt_count:0
344714,Zedaxis engineering solutions private ltd.,zedaxis engineering solutions private ltd,Coventry,West midlands,West Midlands,Engineering,Worker,Skilled Worker,,,,,unverified,,,no_first_party_identity_verified; attempt_count:1
345415,TEEMORE ENGINEERING LIMITED,teemore engineering limited,Enniskillen,Fermanagh,Northern Ireland,Engineering,Worker,Skilled Worker,,,,,low,https://www.teemoreengineering.com/,SponsorList,possible_lead_not_accepted:only_one_name_token_on_page_without_hostname_match:teemore; attempt_count:1
345486,GROW ENGINEERING LTD,grow engineering ltd,Lisburn,Antrim,Northern Ireland,Engineering,Worker,Skilled Worker,,,,,unverified,,,no_first_party_identity_verified; attempt_count:0
345512,MCQUAID ENGINEERING LTD,mcquaid engineering ltd,Dungannon,Tyrone,Northern Ireland,Engineering,Worker,Skilled Worker,,,,,unverified,,,no_first_party_identity_verified; attempt_count:0
345792,GB ELECTRICAL ENGINEERING LTD,gb electrical engineering ltd,Romford,,,Engineering,Worker,Skilled Worker,,,,,unverified,,,no_first_party_identity_verified; attempt_count:0
