sponsor_licence_id,organisation_name,normalized_organisation_name,town_city,county,region,industry,route,sub_route,existing_website,existing_contact_email,existing_careers_url,official_website_url,website_confidence,website_evidence_url,source,notes
141510,Zung Leon UK Company Limited,zung leon uk company limited,London,,,Other,Worker,Skilled Worker,https://zungleon.co.uk/,martin.ko@zungleon.com,,,unverified,,,no_first_party_identity_verified; attempt_count:2
141511,Zunoma Ltd,zunoma ltd,Eastbourne,East Sussex,South East,Other,Worker,Skilled Worker,https://zunoma.com/,hello@zunoma.com,https://zunoma.com/about-zunoma/careers,https://zunoma.com/,high,https://zunoma.com/,existing_website+contact_email_domain+existing_careers_url_domain+company_site_existing_file,name_tokens_on_page:zunoma;name_tokens_on_host:zunoma;location_on_page; attempt_count:1
141513,Zuora UK Limited,zuora uk limited,London,,,Other,Worker,Global Business Mobility: Senior or Specialist Worker,https://www.zuora.com/,info@zuora.com,https://zuora.greenhouse.io/internal_job_board,https://www.zuora.com/,medium,https://www.zuora.com/,existing_website,name_tokens_on_page:zuora;name_tokens_on_host:zuora; attempt_count:1; existing_careers_url_not_employer_domain; company_site_cache_url_not_employer_domain
141514,ZUPLEX LTD,zuplex ltd,London,,,Other,Worker,Skilled Worker,https://zuplex.net/,careers@zuplex.net,,https://zuplex.net/,high,https://zuplex.net/,existing_website+contact_email_domain,name_tokens_on_page:zuplex;name_tokens_on_host:zuplex;location_on_page; attempt_count:1
141517,ZURU UK Limited,zuru uk limited,Leeds,,,Other,Worker,Skilled Worker,https://zuru.com/,,https://zuru.com/careers,https://zuru.com/,medium,https://zuru.com/,existing_website+existing_careers_url_domain+company_site_existing_file,name_tokens_on_page:zuru;name_tokens_on_host:zuru; attempt_count:1
141518,ZUSTECH LIMITED,zustech limited,London,,,Other,Worker,Skilled Worker,https://zustech.com/,courses@zustech.com,,https://zustech.com/,medium,https://zustech.com/,existing_website+contact_email_domain,name_tokens_on_page:zustech;name_tokens_on_host:zustech; attempt_count:1
141519,Zutec Inc. (UK) Limited,zutec inc uk limited,London,,,Other,Worker,Skilled Worker,https://zutec.com,[email protected],,https://zutec.com/,medium,https://zutec.com/,existing_website,name_tokens_on_page:zutec;name_tokens_on_host:zutec; attempt_count:1
141525,ZVC UK Ltd,zvc uk ltd,London,,,Other,Worker,Global Business Mobility: Senior or Specialist Worker,,,,,unverified,,,no_first_party_identity_verified; attempt_count:1
141529,Zvilo Limited,zvilo limited,London,,,Other,Temporary Worker,Global Business Mobility: Graduate Trainee,https://www.zvilo.com/,[email protected],https://www.zvilo.com/career,https://www.zvilo.com/,medium,https://www.zvilo.com/,existing_website+existing_careers_url_domain+company_site_existing_file,name_tokens_on_page:zvilo;name_tokens_on_host:zvilo; attempt_count:1
141531,Zwift UK Limited,zwift uk limited,London,,,Other,Worker,Global Business Mobility: Senior or Specialist Worker,https://www.zwift.com,support@zwift.com,https://www.zwift.com/careers,https://www.zwift.com/,medium,https://www.zwift.com/,existing_website+existing_careers_url_domain+company_site_existing_file,name_tokens_on_page:zwift;name_tokens_on_host:zwift; attempt_count:1
141532,Zxtech Ltd,zxtech ltd,London,,,Other,Worker,Skilled Worker,https://www.zxtechuk.com/,support@zxtechuk.com,,,low,https://www.zxtechuk.com/,existing_website,possible_lead_not_accepted:only_one_name_token_on_page_without_hostname_match:zxtech; attempt_count:2
141533,Zyan Consultancy Limited,zyan consultancy limited,London,,,Other,Worker,Skilled Worker,https://zyanconsultancy.com,,,,unverified,,,no_first_party_identity_verified; attempt_count:1
141535,Zycus Infotech Private Limited,zycus infotech private limited,Harrow,Middlesex,,Other,Worker,Skilled Worker,https://www.zycus.com,[email protected],https://www.zycus.com/company/careers,https://www.zycus.com/,medium,https://www.zycus.com/,existing_website+existing_careers_url_domain+company_site_existing_file,name_tokens_on_page:zycus;name_tokens_on_host:zycus; attempt_count:1
141538,Zynd Limited,zynd limited,Leeds,West Yorkshire,Yorkshire and the Humber,Other,Worker,Skilled Worker,https://www.zynd.co.uk/,enquiries@zynd.co.uk,,https://www.zynd.co.uk/,high,https://www.zynd.co.uk/,existing_website,name_tokens_on_page:zynd;name_tokens_on_host:zynd;location_on_page; attempt_count:1
141539,Zynk Design Limited,zynk design limited,Sunninghill,Berkshire,South East,Other,Worker,Skilled Worker,https://zynkdesign.com,enquire@zynkdesign.com,,https://zynkdesign.com/,high,https://zynkdesign.com/,existing_website+contact_email_domain,name_tokens_on_page:zynk+design;location_on_page; attempt_count:1
141540,Zynx Technologies Limited,zynx technologies limited,Hounslow,,,Other,Worker,Skilled Worker,https://www.zynxtechnologies.com/,info@zynxtechnologies.com,https://www.zynxtechnologies.com/careers,https://www.zynxtechnologies.com/,high,https://www.zynxtechnologies.com/,existing_website+existing_careers_url_domain+company_site_existing_file,name_tokens_on_page:zynx+technologies;location_on_page; attempt_count:1
141541,Zype TV Limited,zype tv limited,Wokingham,,,Other,Worker,Skilled Worker,https://zype.co.uk,,,,unverified,,,no_first_party_identity_verified; attempt_count:1
141543,ZyXEL Communications UK Ltd,zyxel communications uk ltd,Wokingham,Berkshire,South East,Other,Worker,Skilled Worker,https://www.zyxel.com/uk/en-gb,,,https://www.zyxel.com/,high,https://www.zyxel.com/us/en-us/home,existing_website,name_tokens_on_page:zyxel+communications;name_tokens_on_host:zyxel;location_on_page; attempt_count:1
141545,ZZA CONSULTING LIMITED,zza consulting limited,LONDON,,,Other,Worker,Skilled Worker,https://z-zaconsulting.co.uk,info@z-zaconsulting.co.uk,,,unverified,,,no_first_party_identity_verified; attempt_count:1
141547,ZZN STUDIO LTD,zzn studio ltd,HAMPTON,,,Other,Worker,Skilled Worker,https://www.zznstudio.com/,,,https://www.zznstudio.com/,medium,https://www.zznstudio.com/,existing_website,name_tokens_on_page:zzn+studio; attempt_count:1
141548,Zzoomm Plc,zzoomm plc,Oxford,,,Other,Worker,Skilled Worker,https://zzoomm.com,help@zzoomm.com,,https://zzoomm.com/,medium,https://zzoomm.com/,existing_website+contact_email_domain,name_tokens_on_page:zzoomm;name_tokens_on_host:zzoomm; attempt_count:1
141549,ZZZ Limited,zzz limited,London,,,Other,Worker,Skilled Worker,https://www.zzz.co.uk/,beds@zzz.co.uk,,https://www.zzz.co.uk/,medium,https://www.zzz.co.uk/,existing_website,name_tokens_on_page:zzz;name_tokens_on_host:zzz; attempt_count:1
143100,Zydex Technologies Limited,zydex technologies limited,London,,,Other,Worker,Skilled Worker,https://zydexgroup.com/,contact@zydex.co.uk,https://zydexgroup.com/careers,https://zydexgroup.com/,medium,https://zydexgroup.com/,existing_website+existing_careers_url_domain+company_site_existing_file,name_tokens_on_page:zydex+technologies; attempt_count:1
154034,AZ GLOBAL SOLUTIONS LTD.,az global solutions ltd,Northolt,,,Other,Worker,Skilled Worker,https://azglobalsolutions.co.uk/,,,,unverified,,,no_first_party_identity_verified; attempt_count:2
154037,AZA HOMEIMPROVEMENT LIMITED,aza homeimprovement limited,Southall,Middlesex,,Other,Worker,Skilled Worker,https://azahi.co.uk/,sales@azahi.co.uk,,,low,https://azahi.co.uk/,existing_website+contact_email_domain,possible_lead_not_accepted:only_one_name_token_on_page_without_hostname_match:aza; attempt_count:2
154044,AZAD PROPERTIES DEVELOPMENT LTD,azad properties development ltd,LONDON,,,Other,Worker,Skilled Worker,https://www.azadproperties.com/,[email protected],,,unverified,,,no_first_party_identity_verified; attempt_count:2
154045,AZAD PROPERTY LTD,azad property ltd,London,,,Other,Worker,Skilled Worker,https://azad.co.uk/,[email protected],,https://azad.co.uk/,high,https://azad.co.uk/,existing_website,name_tokens_on_page:azad;name_tokens_on_host:azad;location_on_page; attempt_count:1
154047,Azad Traders Ltd,azad traders ltd,Manchester,,,Other,Worker,Skilled Worker,http://azadtraders.com,,,https://azadtraders.com/,medium,https://azadtraders.com/,existing_website,name_tokens_on_page:azad+traders; attempt_count:1
154048,AZALEA CARE LTD,azalea care ltd,Peterborough,,,Other,Worker,Skilled Worker,https://www.azaleacare.co.uk/,admin@azaleacare.co.uk,https://www.azaleacare.co.uk/join-our-team,,low,https://www.azaleacare.co.uk/,existing_website+existing_careers_url_domain+company_site_existing_file,possible_lead_not_accepted:only_one_name_token_on_page_without_hostname_match:azalea; attempt_count:3
154049,AZAM & CO ACCOUNATNTS LTD,azam and co accounatnts ltd,Manchester,Lancashire,North West,Other,Worker,Skilled Worker,https://azamaccountants.co.uk/,info@azamaccountants.co.uk,,,low,https://azamaccountants.co.uk/,existing_website+contact_email_domain,possible_lead_not_accepted:only_one_name_token_on_page_without_hostname_match:azam; attempt_count:2
154050,Azam Bros Ltd,azam bros ltd,Hunstanton,Norfolk,East of England,Other,Worker,Skilled Worker,http://gossiphairdressing.co.uk/,,,,unverified,,,no_first_party_identity_verified; attempt_count:2
154051,AZAM KHAN T/A MAS TYRES,azam khan t a mas tyres,Huddersfiled,,,Other,Worker,Skilled Worker,https://www.mastyres.co.uk/,,,https://www.mastyres.co.uk/,medium,https://www.mastyres.co.uk/,existing_website,name_tokens_on_page:mas+tyres; attempt_count:1
154052,Azam Market Gardner,azam market gardner,Warrington,,,Other,Worker,Skilled Worker,https://www.azam.com/,info@azam.com,,https://www.azam.com/,medium,https://www.azam.com/,existing_website,name_tokens_on_page:azam;name_tokens_on_host:azam; attempt_count:1
154053,Azariah Medical Partnerships Ltd,azariah medical partnerships ltd,Rayleigh,,,Other,Worker,Skilled Worker,http://medical-partnerships.co.uk,,,,unverified,,,no_first_party_identity_verified; attempt_count:2
154054,Azarine Limited,azarine limited,London,,,Other,Worker,Global Business Mobility: Senior or Specialist Worker,https://www.azarine.com,info@azarine.com,,https://www.azarine.com/,medium,https://www.azarine.com/,existing_website,name_tokens_on_page:azarine;name_tokens_on_host:azarine; attempt_count:1
154055,Azarine Limited,azarine limited,London,,,Other,Worker,Global Business Mobility: Senior or Specialist Worker,https://www.azarine.com,info@azarine.com,,https://www.azarine.com/,medium,https://www.azarine.com/,existing_website,name_tokens_on_page:azarine;name_tokens_on_host:azarine; verified_domain_identity_cache_hit; attempt_count:1
154056,AZARIO LONDON LIMITED,azario london limited,Slough,,,Other,Worker,Skilled Worker,https://azariolondon.com,info@azariolondon.com,,https://azariolondon.com/,high,https://azariolondon.com/,existing_website+contact_email_domain,name_tokens_on_page:azario+london;location_on_page; attempt_count:1
154057,AZAZIE UK LIMITED,azazie uk limited,Peterborough,,,Other,Worker,Skilled Worker,https://www.azazie.com/gb/,customerservice@azazie.com,https://www.azazie.com/gb/all/all-junior?page=1&sort_by=popularity,,unverified,,,no_first_party_identity_verified; attempt_count:3
154058,Azbil Telstar UK Ltd,azbil telstar uk ltd,BATLEY,West Yorkshire,Yorkshire and the Humber,Other,Worker,Skilled Worker,https://www.telstar.com/,service.uk@syntegon.com,,,unverified,,,no_first_party_identity_verified; attempt_count:3
154059,Azbil Telstar UK Ltd,azbil telstar uk ltd,BATLEY,West Yorkshire,Yorkshire and the Humber,Other,Worker,Skilled Worker,https://www.telstar.com/,service.uk@syntegon.com,,,unverified,,,no_first_party_identity_verified; attempt_count:3
154060,Azca Auctions Ltd,azca auctions ltd,London,,,Other,Worker,Skilled Worker,https://www.azcaauctions.com/,info@azcaauctions.com,https://www.azcaauctions.com/careers,,unverified,,,no_first_party_identity_verified; attempt_count:3
154061,AZED & CO,azed and co,SURREY,,,Other,Worker,Skilled Worker,https://azed.co.uk/,info@azed.co.uk,,,unverified,,,no_first_party_identity_verified; attempt_count:2
154062,Azeem Accountants Ltd,azeem accountants ltd,Bradford,West Yorkshire,Yorkshire and the Humber,Other,Worker,Skilled Worker,https://azeemaccountants.com,,,,unverified,,,no_first_party_identity_verified; attempt_count:2
154063,Azeem Khan Couture Limited,azeem khan couture limited,Harrrow,Greater London,London,Other,Worker,Skilled Worker,https://www.azeemkhancouture.com,azeemkhancouture@gmail.com,,,unverified,,,no_first_party_identity_verified; attempt_count:1; contact_email_domain_not_used_as_website_lead
154065,Azeena Ltd,azeena ltd,Bradford,,,Other,Worker,Skilled Worker,https://azeena.co.uk/,info@azeena.co.uk,,https://azeena.co.uk/,high,https://azeena.co.uk/,existing_website+contact_email_domain,name_tokens_on_page:azeena;name_tokens_on_host:azeena;location_on_page; attempt_count:1
154066,Azego TS Ltd,azego ts ltd,Reading,Berkshire,South East,Other,Worker,Skilled Worker,https://www.azego.co.uk/en/,[email protected],,https://www.azego.co.uk/,medium,https://www.azego.co.uk/en/,existing_website,name_tokens_on_page:azego;name_tokens_on_host:azego; attempt_count:1
154067,Azelea Care Solutions,azelea care solutions,Dunstable,,,Other,Worker,Skilled Worker,https://azeleacaresolutions.com/,info@azeleacaresolutions.com,https://azeleacaresolutions.com/join-our-team,,low,https://azeleacaresolutions.com/,existing_website+contact_email_domain+existing_careers_url_domain+company_site_existing_file,possible_lead_not_accepted:only_one_name_token_on_page_without_hostname_match:azelea; attempt_count:2
154068,Azelis UK Limited,azelis uk limited,Cheshire,,,Other,Worker,Skilled Worker,https://www.azelis.com/en,enquiries@azelis.co.uk,https://azelis.wd3.myworkdayjobs.com/en-US/Azelis_Careers/introduceYourself,https://www.azelis.com/,medium,https://www.azelis.com/en,existing_website,name_tokens_on_page:azelis;name_tokens_on_host:azelis; attempt_count:1; existing_careers_url_not_employer_domain; company_site_cache_url_not_employer_domain; company_site_source_host_ambiguous
154069,Azenta UK Ltd,azenta uk ltd,Manchester,,,Other,Worker,Global Business Mobility: Senior or Specialist Worker,https://www.azenta.com/,SalesOrders.Europe@Azenta.com,,,unverified,,,no_first_party_identity_verified; attempt_count:3
154070,Azenta UK Ltd,azenta uk ltd,Manchester,,,Other,Worker,Global Business Mobility: Senior or Specialist Worker,https://www.azenta.com/,SalesOrders.Europe@Azenta.com,,,unverified,,,no_first_party_identity_verified; attempt_count:3
154071,AZERBAIJAN AIRLINES CLOSED JOINT STOCK COMPANY,azerbaijan airlines closed joint stock company,LONDON,,,Other,Worker,Global Business Mobility: Senior or Specialist Worker,https://www.azal.az/,callcenter@azal.az,,,unverified,,,no_first_party_identity_verified; attempt_count:3
154072,Azerion UK Limited,azerion uk limited,London,,,Other,Worker,Global Business Mobility: Senior or Specialist Worker,https://www.azerion.com/,info-uk@azerion.com,,https://www.azerion.com/,medium,https://www.azerion.com/,existing_website,name_tokens_on_page:azerion;name_tokens_on_host:azerion; attempt_count:1
154073,Azerion UK Limited,azerion uk limited,London,,,Other,Worker,Global Business Mobility: Senior or Specialist Worker,https://www.azerion.com/,info-uk@azerion.com,,https://www.azerion.com/,medium,https://www.azerion.com/,existing_website,name_tokens_on_page:azerion;name_tokens_on_host:azerion; verified_domain_identity_cache_hit; attempt_count:1
154074,Azets Holdings Limited,azets holdings limited,London,,,Other,Worker,Skilled Worker,https://www.azets.co.uk,hello@azets.co.uk,,https://www.azets.com/,medium,https://www.azets.com/en,SponsorList,name_tokens_on_page:azets;name_tokens_on_host:azets; attempt_count:3
154075,Azeus UK Ltd,azeus uk ltd,London,,,Other,Worker,Global Business Mobility: Senior or Specialist Worker,https://www.azeus.com/,careers-uk@azeus.com,https://www.azeus.com/careers,https://www.azeus.com/,medium,https://www.azeus.com/,existing_website+existing_careers_url_domain+company_site_existing_file,name_tokens_on_page:azeus;name_tokens_on_host:azeus; attempt_count:1
154076,Azeus UK Ltd,azeus uk ltd,London,,,Other,Worker,Global Business Mobility: Senior or Specialist Worker,https://www.azeus.com/,careers-uk@azeus.com,https://www.azeus.com/careers,https://www.azeus.com/,medium,https://www.azeus.com/,existing_website+existing_careers_url_domain+company_site_existing_file,name_tokens_on_page:azeus;name_tokens_on_host:azeus; verified_domain_identity_cache_hit; attempt_count:1
154078,AZH LTD,azh ltd,London,,,Other,Worker,Skilled Worker,https://azhltd.com/,ozansavas@azhltd.com,,,low,https://azhltd.com/,existing_website+contact_email_domain,possible_lead_not_accepted:only_one_name_token_on_page_without_hostname_match:azh; attempt_count:2
154080,Azhar Academy,azhar academy,London,,,Other,Worker,Skilled Worker,https://www.azharacademy.org/,contact@azharacademy.org,,,unverified,,,no_first_party_identity_verified; attempt_count:3
154081,AZHAR ACADEMY LIMITED,azhar academy limited,London,,,Other,Worker,Skilled Worker,https://www.azharacademy.org/,websales@azharacademy.com,,https://www.azharacademy.com/,high,https://www.azharacademy.com/shop/,contact_email_domain,name_tokens_on_page:azhar+academy;location_on_page; attempt_count:2
154082,AZHAR HALAL MEAT LTD,azhar halal meat ltd,WEMBLEY,,,Other,Worker,Skilled Worker,https://www.azharhalalmeat.com/,,,https://www.azharhalalmeat.com/,high,https://www.azharhalalmeat.com/,existing_website,name_tokens_on_page:azhar+halal+meat;location_on_page; attempt_count:1
154085,AZI ACCOUNTANCY SERVICES LTD,azi accountancy services ltd,DUDLEY,WEST MIDLANDS,West Midlands,Other,Worker,Skilled Worker,https://aziaccountant.co.uk/,info@aziaccountant.co.uk,,https://aziaccountant.co.uk/,medium,https://aziaccountant.co.uk/,existing_website+contact_email_domain,name_tokens_on_page:azi+accountancy; attempt_count:1
154086,Azile Limited,azile limited,London,,,Other,Worker,Skilled Worker,,,,,low,https://azilemedical.com/,SponsorList,possible_lead_not_accepted:only_one_name_token_on_page_without_hostname_match:azile; attempt_count:1
154087,Azimo Ltd,azimo ltd,London,,,Other,Worker,Global Business Mobility: Senior or Specialist Worker,https://www.azimo.com,[email protected],,,unverified,,,no_first_party_identity_verified; attempt_count:2
154088,Azimo Ltd,azimo ltd,London,,,Other,Worker,Global Business Mobility: Senior or Specialist Worker,https://www.azimo.com,[email protected],,,unverified,,,no_first_party_identity_verified; attempt_count:2
154091,Azinq Ltd,azinq ltd,Daresbury,,,Other,Worker,Skilled Worker,https://azinq.com/,,https://azinq.com/careers,https://azinq.com/,medium,https://azinq.com/,existing_website+existing_careers_url_domain+company_site_existing_file,name_tokens_on_page:azinq;name_tokens_on_host:azinq; attempt_count:1
154093,AZIZ AT THE TREE LTD T/A AZIZ,aziz at the tree ltd t a aziz,OXFORD,,,Other,Worker,Skilled Worker,http://iffleykitchen.co.uk,kamruzs@aol.com,,,unverified,,,no_first_party_identity_verified; attempt_count:2; contact_email_domain_not_used_as_website_lead
154096,AZIZ FASHIONS (UK) LTD,aziz fashions uk ltd,Bradford,,,Other,Worker,Skilled Worker,https://azizfashions.co.uk/,azizfashionltd@gmail.com,,https://azizfashions.co.uk/,medium,https://azizfashions.co.uk/,existing_website,name_tokens_on_page:aziz+fashions; attempt_count:1; contact_email_domain_not_used_as_website_lead
154098,Aziz Sinclair Solicitors Ltd,aziz sinclair solicitors ltd,London,,,Other,Worker,Skilled Worker,https://azizsinclairsolicitors.com/,info@azizsinclairsolicitors.co.uk,,https://azizsinclairsolicitors.com/,high,https://azizsinclairsolicitors.com/,existing_website,name_tokens_on_page:aziz+sinclair+solicitors;location_on_page; attempt_count:1
154101,Aziz Ullah trading as AZ Autos,aziz ullah trading as az autos,Bradford,,,Other,Worker,Skilled Worker,https://www.azautos.co.uk/,info@azautos.co.uk,,,low,https://www.azautos.co.uk/,existing_website,possible_lead_not_accepted:only_one_name_token_on_page_without_hostname_match:autos; attempt_count:3
154106,AZN TRADING LTD,azn trading ltd,Loughton,England,,Other,Worker,Skilled Worker,https://azntrading.com/,contactus@azntrading.com,,,unverified,,,no_first_party_identity_verified; attempt_count:2
154107,AZo Network UK Limited,azo network uk limited,Manchester,,,Other,Worker,Skilled Worker,https://www.azonetwork.com,info@azonetwork.com,https://www.azonetwork.com/marketing-science/careers,https://www.azonetwork.com/,medium,https://www.azonetwork.com/,existing_website+existing_careers_url_domain+company_site_existing_file,name_tokens_on_page:azo+network; attempt_count:1
154108,AZO UK Limited,azo uk limited,Burton On Trent,Staffordshire,West Midlands,Other,Worker,Skilled Worker,https://www.azo.com/en-gb,azo-uk@azo.com,,,unverified,,,no_first_party_identity_verified; attempt_count:3
154109,Azoma Inc,azoma inc,LONDON,,,Other,Worker,Skilled Worker,https://www.azoma.com,info@azoma.com,,,unverified,,,no_first_party_identity_verified; attempt_count:3
154113,AZORRA LIMITED,azorra limited,Whitstable,,,Other,Worker,Skilled Worker,https://www.azorra.co.uk/,hello@azorra.co.uk,https://www.azorra.co.uk/work-with-us,,unverified,,,no_first_party_identity_verified; attempt_count:3
154114,Azotic Technologies Limited,azotic technologies limited,York,Yorkshire,Yorkshire and the Humber,Other,Worker,Skilled Worker,https://www.azotic.com/,[email protected],,,unverified,,,no_first_party_identity_verified; attempt_count:2
154116,AZR Capital Limited,azr capital limited,London,,,Other,Worker,Skilled Worker,https://azrcapital.com/,[email protected],,https://azrcapital.com/,high,https://azrcapital.com/,existing_website,name_tokens_on_page:azr+capital;location_on_page; attempt_count:1
154119,Azraeesa Limited t/a Vodafone UK,azraeesa limited t a vodafone uk,Slough,,,Other,Worker,Skilled Worker,https://www.vodafone.co.uk/,[email protected],,,unverified,,,no_first_party_identity_verified; attempt_count:2
154120,Aztec Consult LTD,aztec consult ltd,Southall,,,Other,Worker,Skilled Worker,https://aztec-limited.co.uk/,admin@aztec-limited.co.uk,,https://aztec-limited.co.uk/,medium,https://aztec-limited.co.uk/,existing_website+contact_email_domain,name_tokens_on_page:aztec;name_tokens_on_host:aztec; attempt_count:1
154122,Aztecs Cricket Club,aztecs cricket club,Ilford,Essex,East of England,Other,Worker,International Sportsperson,https://www.aztecscricketclub.com/,Aztecscc@gmail.com,,https://www.aztecscricketclub.com/,medium,https://www.aztecscricketclub.com/,existing_website,name_tokens_on_page:aztecs+cricket+club; attempt_count:1; contact_email_domain_not_used_as_website_lead
154123,Aztek Comms Limited,aztek comms limited,Camborne,Cornwall,South West,Other,Worker,Skilled Worker,https://www.aztek.co.uk/,,https://www.aztek.co.uk/careers,https://www.aztek.co.uk/,high,https://www.aztek.co.uk/,existing_website+existing_careers_url_domain+company_site_existing_file,name_tokens_on_page:aztek;name_tokens_on_host:aztek;location_on_page; attempt_count:1
154124,Aztiq UK Ltd,aztiq uk ltd,London,,,Other,Worker,Global Business Mobility: Senior or Specialist Worker,https://www.aztiq.com/,info@aztiq.com,,https://www.aztiq.com/,medium,https://www.aztiq.com/,existing_website,name_tokens_on_page:aztiq;name_tokens_on_host:aztiq; attempt_count:1
154125,Aztiq UK Ltd,aztiq uk ltd,London,,,Other,Worker,Global Business Mobility: Senior or Specialist Worker,https://www.aztiq.com/,info@aztiq.com,,https://www.aztiq.com/,medium,https://www.aztiq.com/,existing_website,name_tokens_on_page:aztiq;name_tokens_on_host:aztiq; verified_domain_identity_cache_hit; attempt_count:1
154126,AZTO PLATFORM LTD,azto platform ltd,London,,,Other,Worker,Skilled Worker,https://www.azto.com/,info@azto.com,,,unverified,,,no_first_party_identity_verified; attempt_count:3
154127,Azue Groups Ltd,azue groups ltd,Romford,England,,Other,Worker,Skilled Worker,https://www.azue.co.uk,info@azue.co.uk,,,unverified,,,no_first_party_identity_verified; attempt_count:3
154128,Azule Energy Holdings Limited,azule energy holdings limited,London,,,Other,Worker,Global Business Mobility: Senior or Specialist Worker,https://www.azule-energy.com/,info@azule-energy.com,https://www.azule-energy.com/careers,https://www.azule-energy.com/,high,https://www.azule-energy.com/,existing_website+existing_careers_url_domain+company_site_existing_file,name_tokens_on_page:azule+energy;name_tokens_on_host:azule+energy;location_on_page; attempt_count:1
154129,Azule Energy Holdings Limited,azule energy holdings limited,London,,,Other,Worker,Global Business Mobility: Senior or Specialist Worker,https://www.azule-energy.com/,info@azule-energy.com,https://www.azule-energy.com/careers,https://www.azule-energy.com/,high,https://www.azule-energy.com/,existing_website+existing_careers_url_domain+company_site_existing_file,name_tokens_on_page:azule+energy;name_tokens_on_host:azule+energy;location_on_page; verified_domain_identity_cache_hit; attempt_count:1
154130,Azuma Foods UK Ltd.,azuma foods uk ltd,London,,,Other,Worker,Global Business Mobility: Senior or Specialist Worker,https://azumafoods.co.uk/,[email protected],,https://azumafoods.co.uk/,high,https://azumafoods.co.uk/,existing_website,name_tokens_on_page:azuma+foods;location_on_page; attempt_count:1
154131,Azuma Foods UK Ltd.,azuma foods uk ltd,London,,,Other,Worker,Global Business Mobility: Senior or Specialist Worker,https://azumafoods.co.uk/,[email protected],,https://azumafoods.co.uk/,high,https://azumafoods.co.uk/,existing_website,name_tokens_on_page:azuma+foods;location_on_page; verified_domain_identity_cache_hit; attempt_count:1
154132,Azumi Ltd T/A Zuma,azumi ltd t a zuma,London,,,Other,Worker,Skilled Worker,https://www.zumarestaurant.com/en,[email protected],,,low,https://www.zumarestaurant.com/en,existing_website,possible_lead_not_accepted:only_one_name_token_on_page_without_hostname_match:azumi; attempt_count:2
154133,Azur Limited t/a LPM,azur limited t a lpm,London,,,Other,Worker,Skilled Worker,https://lpmhealthcare.com/,info@lpmhealthcare.com,,,low,https://lpmrestaurants.com/,SponsorList,possible_lead_not_accepted:only_one_name_token_on_page_without_hostname_match:azur; attempt_count:2
154134,Azura Advisors UK Ltd,azura advisors uk ltd,London,,,Other,Worker,Global Business Mobility: Senior or Specialist Worker,https://www.azura.com/,careers@azura.com,,https://www.azura.com/,high,https://www.azura.com/,existing_website,name_tokens_on_page:azura+advisors;name_tokens_on_host:azura;location_on_page; attempt_count:1
154135,Azura Advisors UK Ltd,azura advisors uk ltd,London,,,Other,Worker,Global Business Mobility: Senior or Specialist Worker,https://www.azura.com/,careers@azura.com,,https://www.azura.com/,high,https://www.azura.com/,existing_website,name_tokens_on_page:azura+advisors;name_tokens_on_host:azura;location_on_page; verified_domain_identity_cache_hit; attempt_count:1
154136,AZURA PARTNERS LTD,azura partners ltd,LONDON,,,Other,Worker,Skilled Worker,https://www.azura.com/,careers@azura.com,,https://www.azura.com/,high,https://www.azura.com/,existing_website,name_tokens_on_page:azura;name_tokens_on_host:azura;location_on_page; attempt_count:1
154137,AZURA PARTNERS LTD,azura partners ltd,LONDON,,,Other,Worker,Skilled Worker,https://www.azura.com/,careers@azura.com,,https://www.azura.com/,high,https://www.azura.com/,existing_website,name_tokens_on_page:azura;name_tokens_on_host:azura;location_on_page; verified_domain_identity_cache_hit; attempt_count:1
154138,Azure Care Ltd,azure care ltd,Chatham,Kent,South East,Other,Worker,Skilled Worker,https://www.azurecare.co.uk/,hello@azurecare.co.uk,https://www.azurecare.co.uk/careers,,low,https://www.azurecare.co.uk/,existing_website+existing_careers_url_domain+company_site_existing_file,possible_lead_not_accepted:only_one_name_token_on_page_without_hostname_match:azure; attempt_count:3
154139,AZURE LABS UK LIMITED,azure labs uk limited,London,,,Other,Worker,Skilled Worker,,,,,unverified,,,no_first_party_identity_verified; attempt_count:0
154140,AZURE PICTURE LIMITED,azure picture limited,London,England,,Other,Worker,Skilled Worker,https://www.azurepicture.uk/,azurepictureoffice@gmail.com,,,unverified,,,no_first_party_identity_verified; attempt_count:2; contact_email_domain_not_used_as_website_lead
154143,AZURIST LIMITED,azurist limited,LONDON,,,Other,Worker,Skilled Worker,https://a-zurist.com/,info@a-zurist.com,,,unverified,,,no_first_party_identity_verified; attempt_count:2
154144,Azurite Trading Limited,azurite trading limited,London,,,Other,Worker,Skilled Worker,http://azurite.trade/,operations@azuritetrade.com,,,unverified,,,no_first_party_identity_verified; attempt_count:3
154156,B & L Recruitment Ltd,b and l recruitment ltd,London,Essex,East of England,Other,Worker,Skilled Worker,https://blrecruitment.com/,Boris@blrecruitment.com,,,unverified,,,no_first_party_identity_verified; attempt_count:2
154165,B & Z Services LTD,b and z services ltd,London,,,Other,Worker,Skilled Worker,http://bzservices.uk,,,,unverified,,,no_first_party_identity_verified; attempt_count:2
154174,B AND S (SCOTLAND) LIMITED,b and s scotland limited,Edinburgh,,,Other,Worker,Skilled Worker,https://careers.bs-international.com/,dstout@bs-gg.com,https://careers.bs-international.com/vacancies,,unverified,,,no_first_party_identity_verified; attempt_count:3
154176,B B Body Repairers,b b body repairers,DUMFRIES,Dumfries and Galloway,Scotland,Other,Worker,Skilled Worker,https://www.bbbody.co.uk/,info@bbbody.co.uk,,https://www.bbbody.co.uk/,high,https://www.bbbody.co.uk/,existing_website,name_tokens_on_page:body+repairers;location_on_page; attempt_count:1
154342,B JOSHI LIMITED,b joshi limited,Hinckley,,,Other,Worker,Skilled Worker,https://bjoshilimited.co.uk,,,,unverified,,,no_first_party_identity_verified; attempt_count:1
154343,B M HOWARTH LTD,b m howarth ltd,HALIFAX,WEST YORKSHIRE,Yorkshire and the Humber,Other,Worker,Skilled Worker,https://www.bmhowarth.co.uk/,info@bmhowarth.co.uk,,https://www.bm-howarth.co.uk/,high,https://www.bm-howarth.co.uk/,SponsorList,name_tokens_on_page:howarth;name_tokens_on_host:howarth;location_on_page; attempt_count:3
154345,B McCaffrey & Sons Limited,b mccaffrey and sons limited,Derrylin,Fermanagh,Northern Ireland,Other,Worker,Skilled Worker,https://www.mccaffreyquarries.com/,[email protected],,,unverified,,,no_first_party_identity_verified; attempt_count:2
154346,B MILESTONE LIMITED T/A SIMPLY BROWS & BEAUTY,b milestone limited t a simply brows and beauty,HARLOW,ESSEX,East of England,Other,Worker,Skilled Worker,https://simplybrowsandbeauty.com/,devaki.beauty@simplybrowsandbeauty.com,,https://simplybrowsandbeauty.com/,high,https://simplybrowsandbeauty.com/,existing_website+contact_email_domain,name_tokens_on_page:simply+brows+beauty;location_on_page; attempt_count:1
154353,B S Accessories Ltd T/A Fancy Jewellers,b s accessories ltd t a fancy jewellers,Manchester,,,Other,Worker,Skilled Worker,https://fj-gold.com,sales@fancy-jewellers.co.uk,https://fj-gold.com/?p=1201&post_type=product,https://fj-gold.com/,medium,https://fj-gold.com/,existing_website+existing_careers_url_domain+company_site_existing_file,name_tokens_on_page:fancy+jewellers; attempt_count:1
154356,B S Equestrian,b s equestrian,Chippenham,Wiltshire,South West,Other,Worker,Skilled Worker,https://bs-equestrian.co.uk,info@bs-equestrian.co.uk,,,unverified,,,no_first_party_identity_verified; attempt_count:2
154363,B THE BUILDERS LTD,b the builders ltd,DERBY,,,Other,Worker,Skilled Worker,https://bthebuilders.co.uk/,info@bthebuilders.co.uk,,,low,https://bthebuilders.co.uk/,existing_website+contact_email_domain,possible_lead_not_accepted:only_one_name_token_on_page_without_hostname_match:builders; attempt_count:2
154364,B Transfer Services Limited,b transfer services limited,London,,,Other,Worker,Global Business Mobility: Senior or Specialist Worker,https://btservicesnigeria.com/,[email protected],,,unverified,,,no_first_party_identity_verified; attempt_count:2
154365,B Transfer Services Limited,b transfer services limited,London,,,Other,Worker,Global Business Mobility: Senior or Specialist Worker,https://btservicesnigeria.com/,[email protected],,,unverified,,,no_first_party_identity_verified; attempt_count:2
154372,B&B Hotels UK Limited,b and b hotels uk limited,London,,,Other,Worker,Global Business Mobility: Senior or Specialist Worker,https://www.hotel-bb.com/en/gb,groupdesk-uk@hotelbb.com,,,low,https://www.hotel-bb.com/en,existing_website,possible_lead_not_accepted:only_one_name_token_on_page_without_hostname_match:hotels; attempt_count:3
154373,B&B News,b and b news,London,,,Other,Worker,Skilled Worker,https://www.bandbnews.co.uk/,BandBnews@SpecialPublishing.co.uk,,,low,https://www.bbc.co.uk/,SponsorList,possible_lead_not_accepted:only_one_name_token_on_page_without_hostname_match:news; attempt_count:3
154376,B&C London Investment Solutions Ltd,b and c london investment solutions ltd,London,,,Other,Worker,Skilled Worker,https://baclis.com/,[email protected],,https://baclis.com/,high,https://baclis.com/,existing_website,name_tokens_on_page:london+investment;location_on_page; attempt_count:1
154377,B&C Retails Ltd T/as The Cornish Oggy Oggy Pasty Company,b and c retails ltd t as the cornish oggy oggy pasty company,Exeter,,,Other,Worker,Skilled Worker,http://oggyoggy.com,karenabrown@sky.com,,https://oggyoggycornishpasties.co.uk/,medium,https://oggyoggycornishpasties.co.uk/,SponsorList,name_tokens_on_page:cornish+oggy+oggy+pasty; attempt_count:3
154379,B&F SOLUTIONS LTD,b and f solutions ltd,Wakefield,,,Other,Worker,Skilled Worker,https://bandfsolutions.com,info@bandfsolutions.com,,,unverified,,,no_first_party_identity_verified; attempt_count:2
154380,B&F SOLUTIONS LTD,b and f solutions ltd,Wakefield,,,Other,Worker,Skilled Worker,https://bandfsolutions.com,info@bandfsolutions.com,,,unverified,,,no_first_party_identity_verified; attempt_count:2
154485,Krystal Ventures Limited,krystal ventures limited,Gillingham,KENT,South East,Other,Worker,Skilled Worker,,,,,unverified,,,no_first_party_identity_verified; attempt_count:1
154505,NATIONWIDE ELECTRICAL & SECURITY WHOLESALERS LTD,nationwide electrical and security wholesalers ltd,WOLVERHAMPTON,,,Other,Worker,Skilled Worker,,,,,low,https://neselec.co.uk/,SponsorList,possible_lead_not_accepted:only_one_name_token_on_page_without_hostname_match:electrical; attempt_count:1
154508,Nirmalan Vinayagamoorthy T/A,nirmalan vinayagamoorthy t a,London,,,Other,Worker,Skilled Worker,,,,,unverified,,,no_first_party_identity_verified; attempt_count:0
154523,Private Energy Partners (UK)  Ltd,private energy partners uk ltd,Swindon,,,Other,Worker,Skilled Worker,,,,,unverified,,,no_first_party_identity_verified; attempt_count:1
154526,R & Z GLOBAL SERVICES LTD,r and z global services ltd,London,,,Other,Worker,Skilled Worker,,,,,unverified,,,no_first_party_identity_verified; attempt_count:0
154528,Raia Health Limited,raia health limited,Altrincham,,,Other,Worker,Skilled Worker,,,,,unverified,,,no_first_party_identity_verified; attempt_count:0
154536,Rotamat Limited trading as Huber Technology,rotamat limited trading as huber technology,"Chippenham,",Wiltshire,South West,Other,Worker,Skilled Worker,,,,https://www.huber-se.com/,high,https://www.huber-se.com/,SponsorList,name_tokens_on_page:huber;name_tokens_on_host:huber;location_on_page; attempt_count:1
154548,SR Global Clinical Limited,sr global clinical limited,Milton Keynes,,,Other,Worker,Skilled Worker,,,,,unverified,,,no_first_party_identity_verified; attempt_count:0
154552,"""K"" Line Energy Shipping (UK) Limited",k line energy shipping uk limited,LONDON,,,Other,Worker,Global Business Mobility: Senior or Specialist Worker,https://klinenergyuk.com/,,,,unverified,,,no_first_party_identity_verified; attempt_count:2
154553,"""K"" Line Energy Shipping (UK) Limited",k line energy shipping uk limited,LONDON,,,Other,Worker,Global Business Mobility: Senior or Specialist Worker,https://klinenergyuk.com/,,,,unverified,,,no_first_party_identity_verified; attempt_count:2
154555,'Enterprise Singapore Board',enterprise singapore board,London,,,Other,Worker,Global Business Mobility: Senior or Specialist Worker,https://www.enterprisesg.gov.sg,enquiries-reply@enterprisesg.gov.sg,https://www.enterprisesg.gov.sg/about-us/careers,https://www.enterprisesg.gov.sg/,medium,https://www.enterprisesg.gov.sg/,existing_website+existing_careers_url_domain+company_site_existing_file,name_tokens_on_page:enterprise+singapore; attempt_count:1
154556,'Enterprise Singapore Board',enterprise singapore board,London,,,Other,Worker,Global Business Mobility: Senior or Specialist Worker,https://www.enterprisesg.gov.sg,enquiries-reply@enterprisesg.gov.sg,https://www.enterprisesg.gov.sg/about-us/careers,https://www.enterprisesg.gov.sg/,medium,https://www.enterprisesg.gov.sg/,existing_website+existing_careers_url_domain+company_site_existing_file,name_tokens_on_page:enterprise+singapore; verified_domain_identity_cache_hit; attempt_count:1
154558,(A1F1 Limited T/A ) Ultrasound Direct London,a1f1 limited t a ultrasound direct london,Croydon,London,London,Other,Worker,Skilled Worker,https://www.ultrasound-direct.com/,,https://www.ultrasound-direct.com/USD-careers,https://www.ultrasound-direct.com/,high,https://www.ultrasound-direct.com/,existing_website+existing_careers_url_domain+company_site_existing_file,name_tokens_on_page:ultrasound+direct;name_tokens_on_host:ultrasound+direct; attempt_count:1
154562,@ Architect UK Ltd,architect uk ltd,West Horndon,Essex,East of England,Other,Worker,Skilled Worker,https://www.architectltd.co.uk/,office@architectltd.co.uk,,,low,https://www.architectltd.co.uk/,existing_website,possible_lead_not_accepted:only_one_name_token_on_page_without_hostname_match:architect; attempt_count:2
154566,@@@ FILER LIMITED,filer limited,Bolton,,,Other,Worker,Skilled Worker,,,,,low,https://www.aaafiler.co.uk/,SponsorList,possible_lead_not_accepted:only_one_name_token_on_page_without_hostname_match:filer; attempt_count:1
154569,003 Ltd,003 ltd,Hounslow,,,Other,Worker,Skilled Worker,https://003.co.uk,info@003.co.uk,,,low,https://003ltd.com/,SponsorList,possible_lead_not_accepted:only_one_name_token_on_page_without_hostname_match:003; attempt_count:2
154572,00Nation Limited,00nation limited,London,London,London,Other,Worker,Global Business Mobility: Senior or Specialist Worker,http://www.00NATION.com,,,,unverified,,,no_first_party_identity_verified; attempt_count:1
154573,00Nation Limited,00nation limited,London,London,London,Other,Worker,Global Business Mobility: Senior or Specialist Worker,http://www.00NATION.com,,,,unverified,,,no_first_party_identity_verified; attempt_count:1
154574,01 Accounting Services Ltd,01 accounting services ltd,London,,,Other,Worker,Skilled Worker,https://01accountingservices.com/,contactuk@01accountingservices.com,,,low,https://01accountingservices.com/,existing_website+contact_email_domain,possible_lead_not_accepted:only_one_name_token_on_page_without_hostname_match:accounting; attempt_count:2
154575,012 Global Ltd,012 global ltd,London,,,Other,Worker,Skilled Worker,https://www.012-global.com/,support@012.vn,,https://www.012-global.com/,high,https://www.012-global.com/,existing_website,name_tokens_on_page:012;name_tokens_on_host:012;location_on_page; attempt_count:1
154576,023 LTD,023 ltd,Edinburgh,,,Other,Worker,Skilled Worker,https://023ltd.co.uk/,[email protected],,,unverified,,,no_first_party_identity_verified; attempt_count:2
154578,09 Care Limited,09 care limited,Bradford,,,Other,Worker,Skilled Worker,https://09carelimited.com/,info@09carelimited.co,https://09carelimited.com/vacancy,,unverified,,,no_first_party_identity_verified; attempt_count:3; company_site_source_host_ambiguous
154579,0xA Technologies Ltd,0xa technologies ltd,London,,,Other,Worker,Skilled Worker,https://www.0xa.co.uk,[email protected],,,unverified,,,no_first_party_identity_verified; attempt_count:2
154580,1 ACE TRAINING LIMITED,1 ace training limited,London,,,Other,Worker,Skilled Worker,https://1acetraining.co.uk,info@1acetraining.co.uk,https://www.1acetraining.co.uk/careers,,unverified,,,no_first_party_identity_verified; attempt_count:3
154581,1 ALS LIMITED,1 als limited,London,,,Other,Worker,Skilled Worker,https://als-prod-cd.alsglobal.com,,https://alsglobal.wd103.myworkdayjobs.com/External,https://als-prod-cd.alsglobal.com/,medium,https://als-prod-cd.alsglobal.com/,existing_website,name_tokens_on_page:als;name_tokens_on_host:als; attempt_count:1; existing_careers_url_not_employer_domain; company_site_cache_url_not_employer_domain; company_site_source_host_ambiguous
154587,1 Digitals Europe Limited,1 digitals europe limited,Slough,,,Other,Worker,Skilled Worker,https://www.1digitals.com/,info@1digitals.com,,https://www.1digitals.com/,high,https://www.1digitals.com/,existing_website,name_tokens_on_page:digitals+europe;location_on_page; attempt_count:1
154588,1 Green Foods Ltd,1 green foods ltd,Northolt,,,Other,Worker,Skilled Worker,https://1greenfoods.co.uk/,,,https://1greenfoods.co.uk/,medium,https://1greenfoods.co.uk/,existing_website,name_tokens_on_page:green+foods; attempt_count:1
154589,1 Homecare Ltd,1 homecare ltd,Preston,Lancashire,North West,Other,Worker,Skilled Worker,https://1homecare.co.uk/,,https://1homecare.co.uk/vacancies,,low,https://1homecare.co.uk/,existing_website+existing_careers_url_domain+company_site_existing_file,possible_lead_not_accepted:only_one_name_token_on_page_without_hostname_match:homecare; attempt_count:2
154591,1 Key Solution Limited,1 key solution limited,Leicester,,,Other,Worker,Skilled Worker,https://1keysolution.co.uk/,contact@1keysolution.co.uk,,https://1keysolution.co.uk/,high,https://1keysolution.co.uk/,existing_website+contact_email_domain,name_tokens_on_page:key+solution;location_on_page; attempt_count:1
154598,1 STOP CARS LTD,1 stop cars ltd,STAINES,,,Other,Worker,Skilled Worker,https://1stopcars.co.uk/,contact@1stopcars.co.uk,,,unverified,,,no_first_party_identity_verified; attempt_count:2
154600,1 STOP REC LIMITED,1 stop rec limited,ESSEX,,,Other,Worker,Skilled Worker,https://www.1stophealthcare.co.uk,[email protected],,https://www.1stophealthcare.co.uk/,high,https://www.1stophealthcare.co.uk/,existing_website,name_tokens_on_page:stop+rec;location_on_page; attempt_count:1
154601,1 Stop Wash Ltd,1 stop wash ltd,London,,,Other,Worker,Skilled Worker,https://1stopwash.com/,hello@1stopwash.com,,https://1stopwash.com/,high,https://1stopwash.com/,existing_website+contact_email_domain,name_tokens_on_page:stop+wash;location_on_page; attempt_count:1
154603,1-2 Achieve,1 2 achieve,Downham Market,Norfolk,East of England,Other,Worker,Skilled Worker,https://1-2achieve.co.uk,info@1-2achieve.co.uk,,,unverified,,,no_first_party_identity_verified; attempt_count:2
154604,1-2 Call Cars Ltd,1 2 call cars ltd,Hampshire,,,Other,Worker,Skilled Worker,https://12callcars.co.uk/,info@12callcars.co.uk,,https://12callcars.co.uk/,medium,https://12callcars.co.uk/,existing_website+contact_email_domain,name_tokens_on_page:call+cars; attempt_count:1
154605,1-VIA LTD,1 via ltd,Reading,Berkshire,South East,Other,Worker,Skilled Worker,https://www.1-via.com/,enquiries@1-via.com,,,unverified,,,no_first_party_identity_verified; attempt_count:2
154610,10 Squared Ltd,10 squared ltd,Pocklington,East riding of yorkshire,Yorkshire and the Humber,Other,Worker,Skilled Worker,https://10squared.co.uk/,sales@10squared.co.uk,,,unverified,,,no_first_party_identity_verified; attempt_count:2
154611,10/10 MEDICAL LIMITED,10 10 medical limited,SOUTHPORT,,,Other,Worker,Skilled Worker,https://1010medical.com/,,,,unverified,,,no_first_party_identity_verified; attempt_count:2
154612,10:10 Games Limited,10 10 games limited,Warrington,Cheshire,North West,Other,Worker,Skilled Worker,https://www.1010games.com,info@1010games.com,,,low,https://www.1010games.com/,existing_website,possible_lead_not_accepted:only_one_name_token_on_page_without_hostname_match:games; attempt_count:3
154613,100 Percent Cornwall Ltd,100 percent cornwall ltd,Truro,Cornwall,South West,Other,Worker,Skilled Worker,,,,https://www.100percentgroup.com/,medium,https://www.100percentgroup.com/,SponsorList,name_tokens_on_page:100+percent; attempt_count:1
154615,1000 Trades Limited,1000 trades limited,Birmingham,,,Other,Worker,Skilled Worker,https://1000trades.org.uk/,info@1000trades.org.uk,,https://1000trades.org.uk/,high,https://1000trades.org.uk/,existing_website+contact_email_domain,name_tokens_on_page:1000+trades;location_on_page; attempt_count:1
154616,1000heads Ltd,1000heads ltd,London,,,Other,Worker,Skilled Worker,https://1000heads.com/,info@1000heads.com,https://1000heads.com/careers,https://1000heads.com/,high,https://1000heads.com/,existing_website+contact_email_domain+existing_careers_url_domain+company_site_existing_file,name_tokens_on_page:1000heads;name_tokens_on_host:1000heads;location_on_page; attempt_count:1
154617,1001 AI Limited,1001 ai limited,London,,,Other,Worker,Skilled Worker,https://1001.ai/,careers@1001.ai,http://careers.1001.ai/,https://1001.ai/,medium,https://1001.ai/,existing_website+contact_email_domain,name_tokens_on_page:1001;name_tokens_on_host:1001; attempt_count:1
154618,100Starlings Ltd,100starlings ltd,London,,,Other,Worker,Skilled Worker,https://www.100starlings.com,info@100starlings.com,,https://www.100starlings.com/,medium,https://www.100starlings.com/,existing_website,name_tokens_on_page:100starlings;name_tokens_on_host:100starlings; attempt_count:1
154621,101 Harley Street LTD,101 harley street ltd,London,,,Other,Worker,Skilled Worker,https://101hs.co.uk/,,,https://www.101hs.co.uk/,high,https://www.101hs.co.uk/,SponsorList,name_tokens_on_page:101+harley+street;location_on_page; attempt_count:2
154624,101 Ways Limited,101 ways limited,London,,,Other,Worker,Skilled Worker,https://www.101ways.com,,,https://crosstideconsulting.com/,medium,https://crosstideconsulting.com/,SponsorList,name_tokens_on_page:101+ways; attempt_count:2
154626,105 West Architects Ltd,105 west architects ltd,Bristol,,,Other,Worker,Skilled Worker,https://105west.co.uk/,info@105west.co.uk,,https://105west.co.uk/,high,https://105west.co.uk/,existing_website+contact_email_domain,name_tokens_on_page:105+west+architects;location_on_page; attempt_count:1
154627,1066 Foodservice Limited trading as Roosters Piri Piri,1066 foodservice limited trading as roosters piri piri,Harrow,Middlesex,,Other,Worker,Skilled Worker,https://www.roosterspiripiri.com/,,,https://www.roosterspiripiri.com/,medium,https://www.roosterspiripiri.com/,existing_website,name_tokens_on_page:roosters+piri+piri; attempt_count:1
154632,10ACT Ltd T/A TrackBack,10act ltd t a trackback,"Chilworth, Southampton",Hampshire,South East,Other,Worker,Skilled Worker,https://www.trackback.net/,enquiries@trackback.net,,https://www.trackback.net/,medium,https://www.trackback.net/,existing_website,name_tokens_on_page:trackback;name_tokens_on_host:trackback; attempt_count:1
154633,10architect Ltd,10architect ltd,Manchester,,,Other,Worker,Skilled Worker,https://10architect.co.uk,,,https://www.10architect.com/,high,https://www.10architect.com/,SponsorList,name_tokens_on_page:10architect;name_tokens_on_host:10architect;location_on_page; attempt_count:2
154634,10BE5 LTD.,10be5 ltd,London,,,Other,Worker,Skilled Worker,https://10be5.com,,,,unverified,,,no_first_party_identity_verified; attempt_count:2
154635,10BIT FX LIMITED,10bit fx limited,London,,,Other,Worker,Skilled Worker,,,,,low,https://www.notch.one/,SponsorList,possible_lead_not_accepted:only_one_name_token_on_page_without_hostname_match:10bit; attempt_count:1
154637,10Pearls Ltd,10pearls ltd,London,,,Other,Worker,Skilled Worker,https://10pearls.com/,[email protected],https://10pearls.com/life-at-10pearls,https://10pearls.com/,high,https://10pearls.com/,existing_website+existing_careers_url_domain+company_site_existing_file+verified_company_site_source_host,name_tokens_on_page:10pearls;name_tokens_on_host:10pearls;location_on_page; attempt_count:1
154640,11 BERKELEY STREET LIMITED,11 berkeley street limited,London,,,Other,Worker,Skilled Worker,,,,,unverified,,,no_first_party_identity_verified; attempt_count:1
154641,11:FS GROUP LIMITED,11 fs group limited,London,,,Other,Worker,Skilled Worker,https://www.11fs.com,hello@11fs.com,https://www.11fs.com/careers,,unverified,,,no_first_party_identity_verified; attempt_count:3
154642,111 By Nico Ltd,111 by nico ltd,Glasgow,,,Other,Worker,Skilled Worker,https://111bynico.com,,,,unverified,,,no_first_party_identity_verified; attempt_count:2
154643,111 Pilates Ltd,111 pilates ltd,Blackheath,London,London,Other,Worker,Skilled Worker,https://www.111pilates.com/,info@111pilates.com,,,unverified,,,no_first_party_identity_verified; attempt_count:3
154644,111 Skin Limited,111 skin limited,London,Fritzovia,,Other,Worker,Skilled Worker,https://111skin.com,customercare@111skin.com,,,unverified,,,no_first_party_identity_verified; attempt_count:2
154645,114 GPS Ltd  T/A Sushi Atelier,114 gps ltd t a sushi atelier,LONDON,,,Other,Worker,Skilled Worker,https://www.sushiatelier.co.uk/,hello@sushiatelier.com,,,unverified,,,no_first_party_identity_verified; attempt_count:3
154648,11Arches,11arches,Bishop Auckland,,,Other,Worker,Skilled Worker,https://11arches.org,info@11arches.org,,,unverified,,,no_first_party_identity_verified; attempt_count:2
154650,11K Consulting Ltd,11k consulting ltd,London,,,Other,Worker,Skilled Worker,https://www.11kconsulting.com/,info@11kconsulting.com,https://www.11kconsulting.com/careers,https://www.11kconsulting.com/,high,https://www.11kconsulting.com/,existing_website+existing_careers_url_domain+company_site_existing_file,name_tokens_on_page:11k+consulting;location_on_page; attempt_count:1
154651,11Plus Teacher Ltd,11plus teacher ltd,Chelmsford,,,Other,Worker,Skilled Worker,https://www.11plusteacher.co.uk/,sales@11plusteacher.co.uk,,,unverified,,,no_first_party_identity_verified; attempt_count:3
154652,11x Limited,11x limited,London,,,Other,Worker,Skilled Worker,https://builtinlondon.uk/company/11x,,https://builtinlondon.uk/jobs,https://www.11x.ai/,high,https://www.11x.ai/,SponsorList,name_tokens_on_page:11x;name_tokens_on_host:11x;location_on_page; attempt_count:2
154656,1214 Construction,1214 construction,Bradford,,,Other,Worker,Skilled Worker,,,,,unverified,,,no_first_party_identity_verified; attempt_count:1
154657,1218 UK Limited,1218 uk limited,Leicester,Leicestershire,East Midlands,Other,Worker,Skilled Worker,https://www.1218uk.com,info@1218uk.com,,,unverified,,,no_first_party_identity_verified; attempt_count:3
154658,123 E-Filing Limited,123 e filing limited,Bolton,Lancashire,North West,Other,Worker,Skilled Worker,https://www.123efiling.co.uk,[email protected],,https://www.123efiling.co.uk/,high,https://www.123efiling.co.uk/,existing_website,name_tokens_on_page:123+filing;location_on_page; attempt_count:1
154659,123 Insight Limited,123 insight limited,Durely,Southampton,South East,Other,Worker,Skilled Worker,https://123insight.com,info@123insight.com,https://www.123insight.com/en/company/careers-northern-europe-uk,,unverified,,,no_first_party_identity_verified; attempt_count:3; company_site_source_host_not_eligible
154662,1265 Degrees North Ltd,1265 degrees north ltd,Newcastle upon Tyne,,,Other,Worker,Skilled Worker,https://1265degreesnorth.com,,,,unverified,,,no_first_party_identity_verified; attempt_count:1
154663,1266 Music Group,1266 music group,Glasgow,,,Other,Temporary Worker,Creative Worker,https://www.1266music.com/,contact@1266music.com,,https://www.1266music.com/,medium,https://www.1266music.com/,existing_website,name_tokens_on_page:1266+music; attempt_count:1
154666,13 TRAVEL LTD,13 travel ltd,BINLEY,COVENTRY,West Midlands,Other,Worker,Skilled Worker,https://13travel.co.uk/,sales@thirteentravel.co.uk,,,low,https://13travel.co.uk/,existing_website,possible_lead_not_accepted:only_one_name_token_on_page_without_hostname_match:travel; attempt_count:3
154667,1313 Global Limited,1313 global limited,Hounslow,,,Other,Worker,Skilled Worker,http://www.1313global.com/,,,,low,https://www.1313global.com/,existing_website,possible_lead_not_accepted:only_one_name_token_on_page_without_hostname_match:1313; attempt_count:1
154675,1416 DIGITAL LTD,1416 digital ltd,London,,,Other,Worker,Skilled Worker,,,,,unverified,,,no_first_party_identity_verified; attempt_count:0
154676,1440Sports Management LTD,1440sports management ltd,London,London,London,Other,Worker,Skilled Worker,https://1440sports.com/,sales@1440sports.com,,https://1440sports.com/,high,https://1440sports.com/,existing_website+contact_email_domain,name_tokens_on_page:1440sports+management;name_tokens_on_host:1440sports;location_on_page; attempt_count:1
154678,1508 London Limited,1508 london limited,London,,,Other,Worker,Skilled Worker,https://1508london.com/,recruitment@1508london.com,,https://1508london.com/,high,https://1508london.com/,existing_website+contact_email_domain+verified_company_site_source_host,name_tokens_on_page:1508+london;location_on_page; attempt_count:1
154680,152 Harley Street Limited,152 harley street limited,London,London,London,Other,Worker,Skilled Worker,https://www.152harleystreet.com,enquiries@152harleystreet.com,https://www.152harleystreet.com/careers,https://www.152harleystreet.com/,high,https://www.152harleystreet.com/,existing_website+existing_careers_url_domain+company_site_existing_file,name_tokens_on_page:152+harley+street;location_on_page; attempt_count:1
154681,15Below Ltd,15below ltd,Brighton,East Sussex,South East,Other,Worker,Skilled Worker,https://15below.com/,,https://15below.com/jobs-at-15below,https://15below.com/,medium,https://15below.com/,existing_website+existing_careers_url_domain+company_site_existing_file,name_tokens_on_page:15below;name_tokens_on_host:15below; attempt_count:1
154682,15GIFTS LTD,15gifts ltd,Brighton,East Sussex,South East,Other,Worker,Skilled Worker,https://15gifts.com,,,,unverified,,,no_first_party_identity_verified; attempt_count:1
154684,16 Plus Care Support Solutions Ltd,16 plus care support solutions ltd,Gloucester,,,Other,Worker,Skilled Worker,https://www.16pluscare.uk,,,,unverified,,,no_first_party_identity_verified; attempt_count:1
154689,17 Capital Services Ltd,17 capital services ltd,London,,,Other,Worker,Global Business Mobility: Senior or Specialist Worker,https://www.17capital.com,,https://17capital.bamboohr.com/careers,,low,https://www.17capital.com/,existing_website,possible_lead_not_accepted:only_one_name_token_on_page_without_hostname_match:capital; attempt_count:1; existing_careers_url_not_employer_domain; company_site_cache_url_not_employer_domain
154690,17 Capital Services Ltd,17 capital services ltd,London,,,Other,Worker,Global Business Mobility: Senior or Specialist Worker,https://www.17capital.com,,https://17capital.bamboohr.com/careers,,low,https://www.17capital.com/,existing_website,possible_lead_not_accepted:only_one_name_token_on_page_without_hostname_match:capital; attempt_count:1; existing_careers_url_not_employer_domain; company_site_cache_url_not_employer_domain
154694,173tech Ltd,173tech ltd,Havant,Hampshire,South East,Other,Worker,Skilled Worker,https://173tech.com/,,https://173tech.com/careers,https://173tech.com/,medium,https://173tech.com/,existing_website+existing_careers_url_domain+company_site_existing_file,name_tokens_on_page:173tech;name_tokens_on_host:173tech; attempt_count:1
154699,17CARE UK LTD,17care uk ltd,High Wycombe,Buckinghamshire,South East,Other,Worker,Skilled Worker,https://17care.co.uk/,careers@17care.co.uk,https://17care.co.uk/jobs,https://17care.co.uk/,medium,https://17care.co.uk/,existing_website+contact_email_domain+existing_careers_url_domain+company_site_existing_file,name_tokens_on_page:17care;name_tokens_on_host:17care; attempt_count:1
154702,17th Century Health Food Limited,17th century health food limited,Birmingham,,,Other,Worker,Skilled Worker,,,,,unverified,,,no_first_party_identity_verified; attempt_count:0
154703,18 Degrees Below Ltd,18 degrees below ltd,London,,,Other,Worker,Skilled Worker,https://18degs.com/,careers@18degs.com,,,low,https://18degs.com/,existing_website+contact_email_domain,possible_lead_not_accepted:only_one_name_token_on_page_without_hostname_match:degrees; attempt_count:1
154706,18.01 London Limited,18 01 london limited,London,,,Other,Worker,Skilled Worker,http://1801london.com/,,,,low,https://www.1801london.com/,existing_website,possible_lead_not_accepted:only_one_name_token_on_page_without_hostname_match:london; attempt_count:1
154707,184 DISTRIBUTION LIMITED,184 distribution limited,Cambridge,,,Other,Worker,Skilled Worker,https://www.184distribution.co.uk/,info@184distribution.co.uk,,https://www.184distribution.co.uk/,medium,https://www.184distribution.co.uk/,existing_website,name_tokens_on_page:184+distribution; attempt_count:1
154708,1854 Media Limited,1854 media limited,London,,,Other,Worker,Skilled Worker,https://1854.media,,,,unverified,,,no_first_party_identity_verified; attempt_count:2
154710,186 London Limited,186 london limited,London,,,Other,Worker,Skilled Worker,,,,,unverified,,,no_first_party_identity_verified; attempt_count:0
154712,1885 the Venue Ltd,1885 the venue ltd,Halifax,West Yorkshire,Yorkshire and the Humber,Other,Worker,Skilled Worker,http://1885therestaurant.co.uk/,,,,unverified,,,no_first_party_identity_verified; attempt_count:1
154715,18APR Limited,18apr limited,London,,,Other,Temporary Worker,Creative Worker,https://www.18weeksupport.com/,info@18weeksupport.com,,,unverified,,,no_first_party_identity_verified; attempt_count:2
154716,18PLUS SUPPORT LIMITED,18plus support limited,Wickford,Essex,East of England,Other,Worker,Skilled Worker,http://18pluslimited.co.uk,,,,unverified,,,no_first_party_identity_verified; attempt_count:1
154723,1986 The Kebab Kafe (just halal Kebabs),1986 the kebab kafe just halal kebabs,Sheffield,South Yorkshire,Yorkshire and the Humber,Other,Worker,Skilled Worker,https://1986kebab.co.uk/,,,https://1986kebab.co.uk/,high,https://1986kebab.co.uk/,existing_website,name_tokens_on_page:1986+kebab+kafe+just+halal+kebabs;location_on_page; attempt_count:1
154725,1A ORTHODONTICS LIMITED,1a orthodontics limited,London,,,Other,Worker,Skilled Worker,https://www.1aorthodontics.com,manager@1aorthodontics.com,,,low,https://www.1aorthodontics.com/,existing_website,possible_lead_not_accepted:only_one_name_token_on_page_without_hostname_match:orthodontics; attempt_count:2
154726,1Breadcrumb UK Ltd,1breadcrumb uk ltd,London,,,Other,Worker,Skilled Worker,https://1breadcrumb.com,[email protected],,,unverified,,,no_first_party_identity_verified; attempt_count:1
154727,1CLICK STUDIO,1click studio,DAGENHAM,Essex,East of England,Other,Worker,Skilled Worker,https://1clickstudio.co.uk/,,,,low,https://1clickstudio.co.uk/,existing_website,possible_lead_not_accepted:only_one_name_token_on_page_without_hostname_match:studio; attempt_count:1
154728,1D Agency Ltd T/A One Day Agency,1d agency ltd t a one day agency,MANCHESTER,,,Other,Worker,Skilled Worker,https://oneday.agency,hello@oneday.agency,,,unverified,,,no_first_party_identity_verified; attempt_count:1
154729,1DA Limited,1da limited,Middlesex,,,Other,Worker,Skilled Worker,https://1da.co,hi@1da.co,,,unverified,,,no_first_party_identity_verified; attempt_count:1
154730,1decision Limited,1decision limited,Stevenage,Hertfordshire,East of England,Other,Worker,Skilled Worker,https://www.1decision.co.uk/,info@1decision.co.uk,,https://www.1decision.co.uk/,high,https://www.1decision.co.uk/,existing_website,name_tokens_on_page:1decision;name_tokens_on_host:1decision;location_on_page; attempt_count:1
154731,1E Limited,1e limited,London,,,Other,Worker,Global Business Mobility: Senior or Specialist Worker,https://www.1e.com,info@1e.com,https://careers.1e.com/,,unverified,,,no_first_party_identity_verified; attempt_count:3
154732,1E Limited,1e limited,London,,,Other,Worker,Global Business Mobility: Senior or Specialist Worker,https://www.1e.com,info@1e.com,https://careers.1e.com/,,unverified,,,no_first_party_identity_verified; attempt_count:3
154733,1GLOBAL Operations (UK) Limited,1global operations uk limited,London,,,Other,Worker,Global Business Mobility: Senior or Specialist Worker,https://www.1global.com,business.help@1global.com,https://www.1global.com/careers,https://www.1global.com/,high,https://www.1global.com/,existing_website+existing_careers_url_domain+company_site_existing_file,name_tokens_on_page:1global+operations;name_tokens_on_host:1global; attempt_count:1
154734,1GLOBAL Operations (UK) Limited,1global operations uk limited,London,,,Other,Worker,Global Business Mobility: Senior or Specialist Worker,https://www.1global.com,business.help@1global.com,https://www.1global.com/careers,https://www.1global.com/,high,https://www.1global.com/,existing_website+existing_careers_url_domain+company_site_existing_file,name_tokens_on_page:1global+operations;name_tokens_on_host:1global; verified_domain_identity_cache_hit; attempt_count:1
154736,1OAK CAPITAL LIMITED,1oak capital limited,London,,,Other,Worker,Skilled Worker,https://1oakcapitallimited.co.uk,,,,unverified,,,no_first_party_identity_verified; attempt_count:1
154738,1partCarbon Ltd,1partcarbon ltd,Edinburgh,Scotland,Scotland,Other,Worker,Skilled Worker,https://1partcarbon.co.uk,[email protected],,https://1partcarbon.co.uk/,medium,https://1partcarbon.co.uk/,existing_website,name_tokens_on_page:1partcarbon;name_tokens_on_host:1partcarbon; attempt_count:1
154740,1SA LIMITED T/A Subway,1sa limited t a subway,Hammersmith,,,Other,Worker,Skilled Worker,https://www.subway.com/en-gb,,,https://www.subway.com/,medium,https://www.subway.com/en-us,existing_website,name_tokens_on_page:subway;name_tokens_on_host:subway; attempt_count:1
154742,1st Adtube Limited,1st adtube limited,London,,,Other,Worker,Skilled Worker,http://1stadtube.com,,,,unverified,,,no_first_party_identity_verified; attempt_count:1
154743,1st Airport Taxis LTD,1st airport taxis ltd,Luton,,,Other,Worker,Skilled Worker,https://www.1stairporttaxis.co.uk,info@1stairporttaxis.co.uk,,https://www.1stairporttaxis.co.uk/,high,https://www.1stairporttaxis.co.uk/,existing_website,name_tokens_on_page:1st+airport+taxis;location_on_page; attempt_count:1
154746,1st Central Care Limited,1st central care limited,Stanford-le-Hope,,,Other,Worker,Skilled Worker,https://1stcentralcare.co.uk/,info@1stcentralcare.co.uk,,https://1stcentralcare.co.uk/,high,https://1stcentralcare.co.uk/,existing_website+contact_email_domain+verified_company_site_source_host,name_tokens_on_page:1st+central;location_on_page; attempt_count:1
154754,1ST CHOICE RESOURCE GRP LTD,1st choice resource grp ltd,Edinburgh,,,Other,Worker,Skilled Worker,http://www.1stchoiceresourcegroup.co.uk/,[email protected],,,unverified,,,no_first_party_identity_verified; attempt_count:1
154755,1st Choice Windows Yorkshire Ltd.,1st choice windows yorkshire ltd,Bradford,West Yorkshire,Yorkshire and the Humber,Other,Worker,Skilled Worker,https://www.1stchoicewindowyorkshire.com/,info@firstchoicewindows.com,,https://www.1stchoicewindowyorkshire.com/,high,https://www.1stchoicewindowyorkshire.com/,existing_website,name_tokens_on_page:1st+choice+windows+yorkshire;location_on_page; attempt_count:1
154756,1ST Class Care Agency Ltd,1st class care agency ltd,Prescot,Merseyside,North West,Other,Worker,Skilled Worker,https://1stclass-care.co.uk,,,,unverified,,,no_first_party_identity_verified; attempt_count:1
154757,1st Class care services 2LTD,1st class care services 2ltd,Ledbury,Herefordshire,West Midlands,Other,Worker,Skilled Worker,https://www.firstclasscareuk.com/,info@firstclasscareuk.com,,,low,https://firstclasscareuk.com/,contact_email_domain,possible_lead_not_accepted:only_one_name_token_on_page_without_hostname_match:class; attempt_count:2
154759,1st Class Protection Ltd,1st class protection ltd,London,,,Other,Worker,Skilled Worker,https://www.1stclassprotection.co.uk/,,,https://www.1stclassprotection.co.uk/,high,https://www.1stclassprotection.co.uk/,existing_website,name_tokens_on_page:1st+class+protection;location_on_page; attempt_count:1
154760,1st Cloud Accountants,1st cloud accountants,Sunderland,Tyne and Wear,North East,Other,Worker,Skilled Worker,https://www.1stcloudaccountants.co.uk,info@1stcloudaccountants.co.uk,https://www.1stcloudaccountants.co.uk/about-us/vacancies,https://www.1stcloudaccountants.co.uk/,high,https://www.1stcloudaccountants.co.uk/,existing_website+existing_careers_url_domain+company_site_existing_file,name_tokens_on_page:1st+cloud+accountants;location_on_page; attempt_count:1
154761,1st Enable Ltd,1st enable ltd,Ellesmere Port,Cheshire,North West,Other,Worker,Skilled Worker,https://1stenable.co.uk/,enquiries@1stenable.co.uk,https://1stenable.co.uk/careers,https://1stenable.co.uk/,high,https://1stenable.co.uk/,existing_website+contact_email_domain+existing_careers_url_domain+company_site_existing_file+verified_company_site_source_host,name_tokens_on_page:1st+enable;location_on_page; attempt_count:1
154762,1st Focus Homecare Ltd,1st focus homecare ltd,Edinburgh,,,Other,Worker,Skilled Worker,https://1stfocuscare.co.uk/,info@1stfocuscare.co.uk,https://1stfocuscare.co.uk/recruitment,https://1stfocuscare.co.uk/,high,https://1stfocuscare.co.uk/,existing_website+contact_email_domain+existing_careers_url_domain+company_site_existing_file+verified_company_site_source_host,name_tokens_on_page:1st+focus+homecare;location_on_page; attempt_count:1
154763,1st Formations Limited,1st formations limited,London,,,Other,Worker,Skilled Worker,https://www.1stformations.co.uk/,,,,unverified,,,no_first_party_identity_verified; attempt_count:1
154764,1st Fresh Foods Ltd,1st fresh foods ltd,Mitcham,,,Other,Worker,Skilled Worker,https://1stfreshfoods.com,,,,unverified,,,no_first_party_identity_verified; attempt_count:1
154765,1st Glimpse Ltd,1st glimpse ltd,Burnham on Crouch,Essex,East of England,Other,Worker,Skilled Worker,https://www.windowtothewomb.co.uk,,,,unverified,,,no_first_party_identity_verified; attempt_count:1
154766,1st Grade Care Ltd,1st grade care ltd,St Mellons,Cardiff,Wales,Other,Worker,Skilled Worker,https://www.1stgradecare.co.uk,,https://www.1stgradecare.co.uk/live-in-care-jobs,https://www.1stgradecare.co.uk/,high,https://www.1stgradecare.co.uk/,existing_website+existing_careers_url_domain+company_site_existing_file,name_tokens_on_page:1st+grade;location_on_page; attempt_count:1
154767,1st Homecare Solutions Limited,1st homecare solutions limited,Leighton Buzzard,Bedfordshire,East of England,Other,Worker,Skilled Worker,https://www.1st-homecare.com/,,,https://www.1st-homecare.com/,high,https://www.1st-homecare.com/,existing_website,name_tokens_on_page:1st+homecare;name_tokens_on_host:1st+homecare;location_on_page; attempt_count:1
154768,1st Line Defence Ltd,1st line defence ltd,Hoddesdon,Hertfordshire,East of England,Other,Worker,Skilled Worker,https://www.1stlinedefence.co.uk/,info@1stlinedefence.co.uk,https://www.1stlinedefence.co.uk/about-us/careers,https://www.1stlinedefence.co.uk/,high,https://www.1stlinedefence.co.uk/,existing_website+existing_careers_url_domain+company_site_existing_file,name_tokens_on_page:1st+line+defence;location_on_page; attempt_count:1
154769,1st Locate UK LTD,1st locate uk ltd,Leeds,,,Other,Worker,Skilled Worker,https://www.1stlocate.com/,contact@1stlocate.com,,,unverified,,,no_first_party_identity_verified; attempt_count:2
154770,1ST LOOK FIRE & SECURITY SOLUTIONS LTD,1st look fire and security solutions ltd,Colne,,,Other,Worker,Skilled Worker,https://www.1stlookfireandsecurity.com/,[email protected],,https://www.1stlookfireandsecurity.com/,medium,https://www.1stlookfireandsecurity.com/,existing_website,name_tokens_on_page:1st+look+fire+security; attempt_count:1
154771,1ST MALL LTD,1st mall ltd,Reading,England,,Other,Worker,Skilled Worker,https://1stmall.co.uk/,,,,unverified,,,no_first_party_identity_verified; attempt_count:1
154772,1st Mr Clutch Ltd,1st mr clutch ltd,Ilford,Essex,East of England,Other,Worker,Skilled Worker,https://www.mrclutch.com,customerservices@mrclutch.com,,,unverified,,,no_first_party_identity_verified; attempt_count:3
154773,1ST NATIONAL SECURITY LTD,1st national security ltd,Waltham Abbey,,,Other,Worker,Skilled Worker,https://www.1stnationalsecurity.com/,info@1stnationalsecurity.com,,,unverified,,,no_first_party_identity_verified; attempt_count:2
154774,1st Option Representation Limited,1st option representation limited,London,,,Other,Worker,Skilled Worker,https://www.1st-option.com/,mail@1st-option.com,,https://www.1st-option.com/,high,https://www.1st-option.com/,existing_website,name_tokens_on_page:1st+option+representation;name_tokens_on_host:1st+option;location_on_page; attempt_count:1
154775,1ST PERFORMANCE & EXHAUSTS LIMITED,1st performance and exhausts limited,Norfolk,,,Other,Worker,Skilled Worker,https://1stperformance.co.uk/,,,,unverified,,,no_first_party_identity_verified; attempt_count:1
154776,1ST SHIELD SECURITY SERVICE LIMITED,1st shield security service limited,London,London,London,Other,Worker,Skilled Worker,https://1stshieldsecurity.co.uk/,[email protected],,https://1stshieldsecurity.co.uk/,high,https://1stshieldsecurity.co.uk/,existing_website,name_tokens_on_page:1st+shield+security;location_on_page; attempt_count:1
154779,1ST STOP OFF-LICENCE LTD,1st stop off licence ltd,Nantwich,Cheshire East,North West,Other,Worker,Skilled Worker,,,,,unverified,,,no_first_party_identity_verified; attempt_count:0
154780,1st Technologies Ltd,1st technologies ltd,Preston,Lancashire,North West,Other,Worker,Skilled Worker,https://www.1st-tech.co.uk,careers@1st-tech.co.uk,,,unverified,,,no_first_party_identity_verified; attempt_count:2
154782,1ST VISA INTERNATIONAL LIMITED,1st visa international limited,London,,,Other,Worker,Skilled Worker,https://1stvisa.co.uk,,,,unverified,,,no_first_party_identity_verified; attempt_count:1
154783,1ST VISA INTERNATIONAL LIMITED,1st visa international limited,London,,,Other,Worker,Skilled Worker,https://1stvisa.co.uk,,,,unverified,,,no_first_party_identity_verified; attempt_count:1
154784,1stavenue.co.uk Ltd,1stavenue co uk ltd,Bromley,Kent,South East,Other,Worker,Skilled Worker,https://1stavenue.co.uk/,,https://1stavenue.co.uk/careers,https://1stavenue.co.uk/,high,https://1stavenue.co.uk/,existing_website+existing_careers_url_domain+company_site_existing_file,name_tokens_on_page:1stavenue;name_tokens_on_host:1stavenue;location_on_page; attempt_count:1
154785,1stCurve Limited,1stcurve limited,Hockley,Essex,East of England,Other,Worker,Skilled Worker,https://www.1stcurve.com/,info@1stcurve.com,https://www.1stcurve.com/careers,https://www.1stcurve.com/,high,https://www.1stcurve.com/,existing_website+existing_careers_url_domain+company_site_existing_file,name_tokens_on_page:1stcurve;name_tokens_on_host:1stcurve;location_on_page; attempt_count:1
154786,1STOP GLAZING LIMITED Trading as Imperial Glazing Solutions,1stop glazing limited trading as imperial glazing solutions,Ilford,Essex,East of England,Other,Worker,Skilled Worker,https://www.imperialgs.co.uk/,info@imperialgs.co.uk,,https://www.imperialgs.co.uk/,high,https://www.imperialgs.co.uk/,existing_website,name_tokens_on_page:1stop+glazing;location_on_page; attempt_count:1
154787,1stopbabystore ltd,1stopbabystore ltd,London,,,Other,Worker,Skilled Worker,http://1stopbabystore.co.uk/,,,,unverified,,,no_first_party_identity_verified; attempt_count:1
154788,1SW EVENTS LONDON LTD,1sw events london ltd,ALFREDS  WAY,,,Other,Worker,Skilled Worker,https://1swevents.com/,info@1swevents.com,,,unverified,,,no_first_party_identity_verified; attempt_count:1
154789,1WorldSync Limited,1worldsync limited,London,,,Other,Worker,Skilled Worker,https://1worldsync.com/,info@1worldsync.com,https://1worldsync.com/about-us/careers,https://1worldsync.com/,high,https://1worldsync.com/,existing_website+contact_email_domain+existing_careers_url_domain+company_site_existing_file,name_tokens_on_page:1worldsync;name_tokens_on_host:1worldsync;location_on_page; attempt_count:1
154790,2 Agriculture Limited T/A 2 Agriculture,2 agriculture limited t a 2 agriculture,Newbridge,Midlothian,Scotland,Other,Worker,Skilled Worker,https://www.2agriculture.com/,hr@2agriculture.com,https://www.2agriculture.com/about-us/careers,,unverified,,,no_first_party_identity_verified; attempt_count:2
154796,2 degrees Limited,2 degrees limited,Oxford,Oxfordshire,South East,Other,Worker,Skilled Worker,https://www.2degrees.uk.com,info@2degrees.uk.com,,,unverified,,,no_first_party_identity_verified; attempt_count:2; company_site_support_name_ambiguous
154797,2 Degrees Limited,2 degrees limited,Oxford,,,Other,Worker,Skilled Worker,https://2degreesnetwork.com/,,,,unverified,,,no_first_party_identity_verified; attempt_count:1; company_site_support_name_ambiguous
154800,2 Guyz Limited,2 guyz limited,Illford,,,Other,Worker,Skilled Worker,https://2guyzltd.com,,,,unverified,,,no_first_party_identity_verified; attempt_count:1
154802,2 Love Coffee Shop LTD,2 love coffee shop ltd,London,,,Other,Worker,Skilled Worker,https://2lovecoffeehouse.co.uk/,,,https://2lovecoffeehouse.co.uk/,high,https://2lovecoffeehouse.co.uk/,existing_website,name_tokens_on_page:love+coffee;location_on_page; attempt_count:1
154804,2 Plan Project Management Limited,2 plan project management limited,Woking,Surrey,South East,Other,Worker,Skilled Worker,https://2planpm.co.uk/,info@2planpm.co.uk,,https://2planpm.co.uk/,high,https://2planpm.co.uk/,existing_website+contact_email_domain,name_tokens_on_page:project+management;location_on_page; attempt_count:1
154807,2-4c,2 4c,Brentwood,,,Other,Worker,Skilled Worker,https://www.4cstrategies.com/,,https://www.4cstrategies.com/careers,,unverified,,,no_first_party_identity_verified; attempt_count:1
154808,2.0 Consulting Limited,2 0 consulting limited,London,,,Other,Worker,Skilled Worker,https://2point0.co.uk,info@2point0.co.uk,,,unverified,,,no_first_party_identity_verified; attempt_count:1
154810,20-20 Events Management Limited,20 20 events management limited,London,,,Other,Worker,Skilled Worker,https://www.20-20events.com/,,,https://www.20-20events.com/,high,https://www.20-20events.com/,existing_website,name_tokens_on_page:events+management;location_on_page; attempt_count:1
154812,200 Degrees Coffee Roasters,200 degrees coffee roasters,Nottingham,,,Other,Worker,Skilled Worker,https://200degs.com/,cafe@200degs.com,https://200degs.com/pages/careers,https://200degs.com/,high,https://200degs.com/,existing_website+contact_email_domain+existing_careers_url_domain+company_site_existing_file,name_tokens_on_page:200+degrees+coffee+roasters;location_on_page; attempt_count:1
154813,200OK Solutions Ltd,200ok solutions ltd,Stanmore,,,Other,Worker,Skilled Worker,https://www.200oksolutions.com/,hr@200oksolutions.com,https://www.200oksolutions.com/careers,,low,https://www.200oksolutions.com/,existing_website+existing_careers_url_domain+company_site_existing_file,possible_lead_not_accepted:only_one_name_token_on_page_without_hostname_match:200ok; attempt_count:2
154814,201 ASIAN KITCHEN,201 asian kitchen,London,,,Other,Worker,Skilled Worker,https://www.201asiankitchen.com/,,,https://www.201asiankitchen.com/,medium,https://www.201asiankitchen.com/,existing_website,name_tokens_on_page:201+asian+kitchen; attempt_count:1
154816,2020 Innovation Training Limited,2020 innovation training limited,Birmingham,West Midlands,West Midlands,Other,Worker,Skilled Worker,https://www.2020innovation.com/,membership@2020innovation.com,https://www.2020innovation.com/career-opportunities,https://www.2020innovation.com/,medium,https://www.2020innovation.com/,existing_website+existing_careers_url_domain+company_site_existing_file,name_tokens_on_page:2020+innovation+training; attempt_count:1
154820,21 Six ltd,21 six ltd,Curdridge,Hampshire,South East,Other,Worker,Skilled Worker,https://21six.com/,hello@21six.com,,,unverified,,,no_first_party_identity_verified; attempt_count:1
154821,21 Six Platform Limited,21 six platform limited,London,,,Other,Worker,Skilled Worker,https://21six.com,,,,low,https://21six.com/,existing_website,possible_lead_not_accepted:only_one_name_token_on_page_without_hostname_match:platform; attempt_count:1
154823,21D Bioengineering Ltd,21d bioengineering ltd,Warrington,,,Other,Worker,Skilled Worker,http://smiledesignlab.co.uk/,,,,unverified,,,no_first_party_identity_verified; attempt_count:1
154824,21D Bioengineering Ltd,21d bioengineering ltd,Warrington,,,Other,Worker,Skilled Worker,http://smiledesignlab.co.uk/,,,,unverified,,,no_first_party_identity_verified; attempt_count:1
154825,21D Clinical Limited,21d clinical limited,Warrington,,,Other,Worker,Skilled Worker,https://www.21d.co.uk/,,,https://www.21d.co.uk/,high,https://www.21d.co.uk/,existing_website,name_tokens_on_page:21d+clinical;name_tokens_on_host:21d;location_on_page; attempt_count:1
154826,21Hundred,21hundred,London,,,Other,Worker,Skilled Worker,https://21hundred.org/,,https://21hundred.org/careers,https://21hundred.org/,high,https://21hundred.org/,existing_website+existing_careers_url_domain+company_site_existing_file,name_tokens_on_page:21hundred;name_tokens_on_host:21hundred;location_on_page; attempt_count:1
154828,21ST CENTURY CARE (PLYMOUTH) LIMITED,21st century care plymouth limited,IVYBRIDGE,DEVON,South West,Other,Worker,Skilled Worker,https://www.care21stcentury.co.uk/,,,,unverified,,,no_first_party_identity_verified; attempt_count:1
154830,22cans Ltd.,22cans ltd,GUILDFORD,Surrey,South East,Other,Worker,Skilled Worker,http://22cans.com/,info@22cans.com,,,unverified,,,no_first_party_identity_verified; attempt_count:1
154831,23 Architecture Ltd,23 architecture ltd,London,,,Other,Worker,Skilled Worker,https://www.23arc.com/,info@23arc.com,,,low,https://www.23arc.com/,existing_website,possible_lead_not_accepted:only_one_name_token_on_page_without_hostname_match:architecture; attempt_count:2
154832,23 Consult Ltd,23 consult ltd,Liverpool,Merseyside,North West,Other,Worker,Skilled Worker,https://www.23consult.com/,info@23consult.com,,,low,https://www.23consult.com/,existing_website,possible_lead_not_accepted:only_one_name_token_on_page_without_hostname_match:consult; attempt_count:2
154834,2399098 Ontario Inc o/a MAK Consulting Group,2399098 ontario inc o a mak consulting group,High Wycombe,Bucks,,Other,Worker,Skilled Worker,https://www.makconsulting.co.uk/,info@makconsulting.co.uk,,https://www.makconsulting.co.uk/,medium,https://www.makconsulting.co.uk/,existing_website,name_tokens_on_page:mak+consulting; attempt_count:1
154835,23MD Medical Services Ltd,23md medical services ltd,Canterbury,Kent,South East,Other,Worker,Skilled Worker,https://23md.co.uk/,,https://23md.co.uk/careers,https://23md.co.uk/,high,https://23md.co.uk/,existing_website+existing_careers_url_domain+company_site_existing_file,name_tokens_on_page:23md;name_tokens_on_host:23md;location_on_page; attempt_count:1
154838,24 Acoustics Ltd,24 acoustics ltd,Southampton,Hants,,Other,Worker,Skilled Worker,https://www.24acoustics.co.uk,velda@24acoustics.co.uk,,,low,https://www.24acoustics.co.uk/,existing_website,possible_lead_not_accepted:only_one_name_token_on_page_without_hostname_match:acoustics; attempt_count:2
154839,24 PRODUCTIONS LTD,24 productions ltd,LONDON,,,Other,Worker,Skilled Worker,https://24productions.co.uk/,enquiries@24productions.co.uk,,,low,https://24productions.co.uk/,existing_website+contact_email_domain,possible_lead_not_accepted:only_one_name_token_on_page_without_hostname_match:productions; attempt_count:2
154842,24 Seven UK Limited,24 seven uk limited,London,,,Other,Worker,Skilled Worker,https://www.24seventalent.com/,,https://www.24seventalent.com/join-our-team,,low,https://www.24seventalent.com/,existing_website+existing_careers_url_domain+company_site_existing_file,possible_lead_not_accepted:only_one_name_token_on_page_without_hostname_match:seven; attempt_count:2
154844,24-7 Prayer,24 7 prayer,Woking,Surrey,South East,Other,Worker,Tier 2 Ministers of Religion,https://www.24-7prayer.com/,,https://www.24-7prayer.com/about/about-us/jobs,,low,https://www.24-7prayer.com/,existing_website+existing_careers_url_domain+company_site_existing_file,possible_lead_not_accepted:only_one_name_token_on_page_without_hostname_match:prayer; attempt_count:1
154845,24/7 Helping Hands Service,24 7 helping hands service,Leicester,,,Other,Worker,Skilled Worker,https://247helpinghands.co.uk/,info@247helpinghands.co.uk,,https://247helpinghands.co.uk/,medium,https://247helpinghands.co.uk/,existing_website+contact_email_domain,name_tokens_on_page:helping+hands; attempt_count:1
154846,24/7 Hire & Property Maintenance Services Limited,24 7 hire and property maintenance services limited,Liverpool,,,Other,Worker,Skilled Worker,https://247hapms.co.uk/,info@247hapms.co.uk,,https://247hapms.co.uk/,medium,https://247hapms.co.uk/,existing_website+contact_email_domain,name_tokens_on_page:hire+property+maintenance; attempt_count:1
154852,247 Bluebell Care Ltd,247 bluebell care ltd,Luton,Bedfordshire,East of England,Other,Worker,Skilled Worker,https://247bluebellcare.co.uk/,,,,unverified,,,no_first_party_identity_verified; attempt_count:1
154853,247 CARS (WILLENHALL) LIMITED,247 cars willenhall limited,Willenhall,West Midlands,West Midlands,Other,Worker,Skilled Worker,https://www.247-247.net,,https://247-247.net/work-with-us,https://247-247.net/,high,https://247-247.net/,existing_website,name_tokens_on_page:247+cars+willenhall;name_tokens_on_host:247;location_on_page; attempt_count:1
154854,247 Commerce Ltd,247 commerce ltd,Brentford,Middlesex,,Other,Worker,Skilled Worker,https://www.247commerce.co.uk/,,https://www.247commerce.co.uk/careers,,unverified,,,no_first_party_identity_verified; attempt_count:2
154857,247 PEST CONTROL LTD,247 pest control ltd,Ilford,,,Other,Worker,Skilled Worker,https://www.247pestcontrol.co.uk/,,,https://www.247pestcontrol.co.uk/,medium,https://www.247pestcontrol.co.uk/,existing_website,name_tokens_on_page:247+pest+control; attempt_count:1
154858,247 staffing support ltd,247 staffing support ltd,Kettering,Northamptonshire,East Midlands,Other,Worker,Skilled Worker,https://247staffingsupport.co.uk/,info@247staffingsupport.co.uk,,https://247staffingsupport.co.uk/,high,https://247staffingsupport.co.uk/,existing_website+contact_email_domain,name_tokens_on_page:staffing+support;location_on_page; attempt_count:1
154860,247 Wholesale Limited,247 wholesale limited,Manchester,,,Other,Worker,Skilled Worker,https://247wholesale.co.uk,247wholesalelimited@gmail.com,,,unverified,,,no_first_party_identity_verified; attempt_count:1; contact_email_domain_not_used_as_website_lead
154861,24Haymarket Limited,24haymarket limited,London,,,Other,Worker,Skilled Worker,https://24haymarket.com/,contact@24haymarket.com,,https://24haymarket.com/,medium,https://24haymarket.com/,existing_website+contact_email_domain,name_tokens_on_page:24haymarket;name_tokens_on_host:24haymarket; attempt_count:1
154863,24SQ LIMITED,24sq limited,London,,,Other,Worker,Skilled Worker,http://www.24sq.com,,,,unverified,,,no_first_party_identity_verified; attempt_count:1
154864,24X7 CHESTER LIMITED,24x7 chester limited,CREWE,,,Other,Worker,Skilled Worker,https://24x7cheshire.co.uk/,[email protected],,,low,https://24x7cheshire.co.uk/,existing_website+verified_company_site_source_host,possible_lead_not_accepted:only_one_name_token_on_page_without_hostname_match:24x7; attempt_count:1
154865,24x7 Limited,24x7 limited,Dunmow,Essex,East of England,Other,Worker,Skilled Worker,https://24x7.co.uk/,info@24x7.co.uk,,,unverified,,,no_first_party_identity_verified; attempt_count:1
154870,26 DEGREES GLOBAL MARKETS (UK)LIMITED,26 degrees global markets uk limited,London,,,Other,Worker,Skilled Worker,https://www.26degreesglobalmarkets.com/,[email protected],https://www.26degreesglobalmarkets.com/allocators,https://www.26degreesglobalmarkets.com/,high,https://www.26degreesglobalmarkets.com/,existing_website+existing_careers_url_domain+company_site_existing_file,name_tokens_on_page:degrees+markets;location_on_page; attempt_count:1
154871,26 DEGREES GLOBAL MARKETS (UK)LIMITED,26 degrees global markets uk limited,London,,,Other,Worker,Skilled Worker,https://www.26degreesglobalmarkets.com/,[email protected],https://www.26degreesglobalmarkets.com/allocators,https://www.26degreesglobalmarkets.com/,high,https://www.26degreesglobalmarkets.com/,existing_website+existing_careers_url_domain+company_site_existing_file,name_tokens_on_page:degrees+markets;location_on_page; verified_domain_identity_cache_hit; attempt_count:1
154874,272BIO Ltd,272bio ltd,Uckfield,East Sussex,South East,Other,Worker,Skilled Worker,https://272bio.com/,info@272BIO.com,,,unverified,,,no_first_party_identity_verified; attempt_count:1
154877,28 ESTATE AGENT LIMITED,28 estate agent limited,Ilford,,,Other,Worker,Skilled Worker,https://28.estate/,hello@28.estate,,https://28.estate/,high,https://28.estate/,existing_website+contact_email_domain,name_tokens_on_page:estate+agent;name_tokens_on_host:estate;location_on_page; attempt_count:1
154881,288 Group Limited,288 group limited,Poole,,,Other,Worker,Skilled Worker,https://288group.com/,[email protected],https://288group.com/careers,,low,https://288group.com/,existing_website+existing_careers_url_domain+company_site_existing_file,possible_lead_not_accepted:only_one_name_token_on_page_without_hostname_match:288; attempt_count:1
154883,28b Limited,28b limited,Huntingdon,Cambridgeshire,East of England,Other,Worker,Skilled Worker,https://28b.co.uk,,,https://28b.co.uk/,medium,https://28b.co.uk/,existing_website,name_tokens_on_page:28b;name_tokens_on_host:28b; attempt_count:1
154884,28C LIMITED,28c limited,Huntingdon,,,Other,Worker,Skilled Worker,https://www.28c.co.uk/,hello@28c.co.uk,,https://www.28c.co.uk/,high,https://www.28c.co.uk/,existing_website,name_tokens_on_page:28c;name_tokens_on_host:28c;location_on_page; attempt_count:1
154887,29FORWARD Ltd,29forward ltd,London,,,Other,Worker,Skilled Worker,http://www.29forward.com,info@29forward.com,,https://29forward.com/,high,https://29forward.com/,contact_email_domain,name_tokens_on_page:29forward;name_tokens_on_host:29forward;location_on_page; attempt_count:2
154891,2BROTHERSCHILOS LIMITED T/A CHILO'S,2brotherschilos limited t a chilo s,STIRLING,,,Other,Worker,Skilled Worker,https://www.chilos.co.uk/,hello@chilos.co.uk,,,unverified,,,no_first_party_identity_verified; attempt_count:2
154894,2Connect Equities Ltd,2connect equities ltd,Derby,,,Other,Worker,Skilled Worker,https://www.2connect.co.uk/,sales@2connect.co.uk,,https://www.2connect.co.uk/,high,https://www.2connect.co.uk/,existing_website,name_tokens_on_page:2connect;name_tokens_on_host:2connect;location_on_page; attempt_count:1
154895,2CRSi UK LTD,2crsi uk ltd,Manchester,,,Other,Worker,Skilled Worker,https://2crsi.com/,contact-uk@2crsi.com,https://2crsi.com/jobs,https://2crsi.com/,medium,https://2crsi.com/,existing_website+contact_email_domain+existing_careers_url_domain+company_site_existing_file+verified_company_site_source_host,name_tokens_on_page:2crsi;name_tokens_on_host:2crsi; attempt_count:1
154896,2CV Ltd,2cv ltd,London,,,Other,Worker,Skilled Worker,https://www.2cv.com/,london@2cv.com,,,unverified,,,no_first_party_identity_verified; attempt_count:2
154897,2Dees Ltd,2dees ltd,Dartford,Kent,South East,Other,Worker,Skilled Worker,https://2deesltd.co.uk/,[email protected],,,low,https://2deesltd.co.uk/,existing_website,possible_lead_not_accepted:only_one_name_token_on_page_without_hostname_match:2dees; attempt_count:1
154899,2E Accountants Ltd,2e accountants ltd,London,London,London,Other,Worker,Skilled Worker,https://2eaccountants.co.uk,admin@2eaccountants.co.uk,https://2eaccountants.co.uk/careers,,low,https://2eaccountants.co.uk/,existing_website+contact_email_domain+existing_careers_url_domain+company_site_existing_file,possible_lead_not_accepted:only_one_name_token_on_page_without_hostname_match:accountants; attempt_count:1
154900,2E Apostille Services Ltd,2e apostille services ltd,London,,,Other,Worker,Skilled Worker,https://2eapostille.co.uk/,admin@2eApostille.co.uk,,,low,https://2eapostille.co.uk/,existing_website+contact_email_domain,possible_lead_not_accepted:only_one_name_token_on_page_without_hostname_match:apostille; attempt_count:1
154901,2e Systems Ltd,2e systems ltd,Frimley,Surrey,South East,Other,Worker,Skilled Worker,https://www.2e-systems.com/,,https://www.2e-systems.com/career,https://www.2e-systems.com/,medium,https://www.2e-systems.com/,existing_website+existing_careers_url_domain+company_site_existing_file,name_tokens_on_page:systems;name_tokens_on_host:systems; attempt_count:1
154902,2ELV Horizon Limited,2elv horizon limited,Romford,essexx,,Other,Worker,Skilled Worker,https://2elvhorizon.com/index.html,info@2elvhorizon.com,https://2elvhorizon.com/career.html,,unverified,,,no_first_party_identity_verified; attempt_count:1
154903,2Excel Aviation Ltd,2excel aviation ltd,Sywell,Northants,,Other,Worker,Skilled Worker,https://www.2excelaviation.com/,info@2excel.uk,,https://www.2excelaviation.com/,high,https://www.2excelaviation.com/,existing_website,name_tokens_on_page:2excel+aviation;location_on_page; attempt_count:1
154908,2i Limited,2i limited,Edinburgh,,,Other,Worker,Skilled Worker,https://2itesting.com/,info@2itesting.com,https://2itesting.com/careers,,unverified,,,no_first_party_identity_verified; attempt_count:1
154916,2R1 Limited T/A German Doner Kebab,2r1 limited t a german doner kebab,Ruislip,,,Other,Worker,Skilled Worker,https://www.germandonerkebab.com,feedback@germandonerkebab.com,,,unverified,,,no_first_party_identity_verified; attempt_count:2
154922,2SD Technologies Limited,2sd technologies limited,London,,,Other,Worker,Skilled Worker,https://www.2sdtechnologies.com/,,,https://www.2sdtechnologies.com/,medium,https://www.2sdtechnologies.com/,existing_website,name_tokens_on_page:2sd+technologies; attempt_count:1
154923,2TECK LIMITED,2teck limited,WATERLOOVILLE,,,Other,Worker,Skilled Worker,https://www.2teck.co.uk/,projects@2teck.co.uk,https://www.2teck.co.uk/jobs-2teck,https://www.2teck.co.uk/,medium,https://www.2teck.co.uk/,existing_website+existing_careers_url_domain+company_site_existing_file,name_tokens_on_page:2teck;name_tokens_on_host:2teck; attempt_count:1
154924,2tees AfroCaribbean Foods Ltd,2tees afrocaribbean foods ltd,Andover,,,Other,Worker,Skilled Worker,https://2teesfoods.co.uk/,info@2teesfoods.co.uk,,,unverified,,,no_first_party_identity_verified; attempt_count:1
154925,2THEWORLD LTD,2theworld ltd,London,,,Other,Worker,Skilled Worker,https://2theworld.com/,hello@2theworld.com,,https://2theworld.com/,medium,https://2theworld.com/,existing_website+contact_email_domain,name_tokens_on_page:2theworld;name_tokens_on_host:2theworld; attempt_count:1
154927,2X GLOBAL LIMITED,2x global limited,London,,,Other,Worker,Global Business Mobility: Senior or Specialist Worker,https://www.2xglobal.org/,,https://www.2xglobal.org/jobs,,unverified,,,no_first_party_identity_verified; attempt_count:2
154928,2X GLOBAL LIMITED,2x global limited,London,,,Other,Worker,Global Business Mobility: Senior or Specialist Worker,https://www.2xglobal.org/,,https://www.2xglobal.org/jobs,,unverified,,,no_first_party_identity_verified; attempt_count:2
154929,3 Aces London LTD,3 aces london ltd,Southall,,,Other,Worker,Skilled Worker,https://www.3ace.co.uk/,info@3ace.co.uk,https://www.3ace.co.uk/en/careers,,low,https://www.3ace.co.uk/,existing_website+existing_careers_url_domain+company_site_existing_file,possible_lead_not_accepted:only_one_name_token_on_page_without_hostname_match:london; attempt_count:3
154930,3 ANGELS COMPLEX CARE SERVICES LTD,3 angels complex care services ltd,WOLVERHAMPTON,,,Other,Worker,Skilled Worker,https://3angelscomplexcare.com/,,https://3angelscomplexcare.com/careers,https://3angelscomplexcare.com/,medium,https://3angelscomplexcare.com/,existing_website+existing_careers_url_domain+verified_company_site_source_host,name_tokens_on_page:angels+complex; attempt_count:1; company_site_support_name_ambiguous
154931,3 Angels Complex Care Services Ltd,3 angels complex care services ltd,Wolverhampton,,,Other,Worker,Skilled Worker,https://3angelscomplexcare.com/,,https://3angelscomplexcare.com/careers,https://3angelscomplexcare.com/,medium,https://3angelscomplexcare.com/,existing_website+existing_careers_url_domain+verified_company_site_source_host,name_tokens_on_page:angels+complex; verified_domain_identity_cache_hit; attempt_count:1; company_site_support_name_ambiguous
154932,3 Associates Capital Management Limited,3 associates capital management limited,Amersham,,,Other,Worker,Skilled Worker,https://www.3associates.com/,[email protected],,https://www.3associates.com/,medium,https://www.3associates.com/,existing_website,name_tokens_on_page:capital+management; attempt_count:1
154933,3 Catering Limited,3 catering limited,Oxford,Oxon,,Other,Worker,Skilled Worker,http://stage3catering.co.uk,,,,low,https://stage3catering.co.uk/,existing_website,possible_lead_not_accepted:only_one_name_token_on_page_without_hostname_match:catering; attempt_count:1
154934,3 Crowns LTD,3 crowns ltd,Dundee,,,Other,Worker,Skilled Worker,https://www.threecrownsllp.com/,[email protected],https://www.threecrownsllp.com/careers,,low,https://www.threecrownsllp.com/,existing_website+existing_careers_url_domain+company_site_existing_file,possible_lead_not_accepted:only_one_name_token_on_page_without_hostname_match:crowns; attempt_count:2; company_site_source_host_ambiguous
154936,3 F International Limited,3 f international limited,Haywards Heath,,,Other,Worker,Skilled Worker,http://abbeycare.com/,,https://abbeycare.com/staff/staff-vacancies,,unverified,,,no_first_party_identity_verified; attempt_count:1
154937,3 HA Limited,3 ha limited,Colchester,,,Other,Worker,Skilled Worker,https://www.3hacares.co.uk/,admin@3haltd.com,https://www.3hacares.co.uk/careers,,unverified,,,no_first_party_identity_verified; attempt_count:2
154938,3 Heads Agency,3 heads agency,Bedford,Choose County,,Other,Worker,Skilled Worker,https://www.3headsagency.com/,contact@3headsagency.com,https://3headsagency.com/careers,https://www.3headsagency.com/,high,https://www.3headsagency.com/,existing_website,name_tokens_on_page:heads+agency;location_on_page; attempt_count:1
154943,3 Peaks Health Limited,3 peaks health limited,London,,,Other,Worker,Skilled Worker,https://www.3peakshealth.com/,contact@3peakshealth.com,,,low,https://www.3peakshealth.com/,existing_website,possible_lead_not_accepted:only_one_name_token_on_page_without_hostname_match:peaks; attempt_count:2
154945,3 Sided Cube (UK) Ltd,3 sided cube uk ltd,Bournemouth,Dorset,South West,Other,Worker,Skilled Worker,https://3sidedcube.com,holla@3sidedcube.com,,,unverified,,,no_first_party_identity_verified; attempt_count:1
154949,3 Trees Care & Support Ltd,3 trees care and support ltd,Bristol,Avon,,Other,Worker,Skilled Worker,https://www.3tcs.co.uk,,,,unverified,,,no_first_party_identity_verified; attempt_count:1
154950,3 Way Displays Lts,3 way displays lts,Chesham,Bucks,,Other,Worker,Skilled Worker,https://www.3waydisplays.com/,sales@3waydisplays.com,,https://www.3waydisplays.com/,medium,https://www.3waydisplays.com/,existing_website,name_tokens_on_page:way+displays; attempt_count:1
154951,3 YAAR LIMITED T/AS TANDOORI FUSION,3 yaar limited t as tandoori fusion,Wembley Park,Wembley,,Other,Worker,Skilled Worker,https://www.londondesigneroutlet.com/stores/tandoori-fusion/,,https://www.londondesigneroutlet.com/careers,,unverified,,,no_first_party_identity_verified; attempt_count:2
154952,3-D Matrix UK Limited,3 d matrix uk limited,London,,,Other,Worker,Global Business Mobility: Senior or Specialist Worker,https://3-dmatrix.com/,info@3-dmatrix.com,,,unverified,,,no_first_party_identity_verified; attempt_count:1
154953,3-D Matrix UK Limited,3 d matrix uk limited,London,,,Other,Worker,Global Business Mobility: Senior or Specialist Worker,https://3-dmatrix.com/,info@3-dmatrix.com,,,unverified,,,no_first_party_identity_verified; attempt_count:1
154956,300 SPARTANS LIMITED,300 spartans limited,Lincs,,,Other,Worker,Skilled Worker,https://300spartans.uk/,info@300spartans.uk,,https://300spartans.uk/,medium,https://300spartans.uk/,existing_website+contact_email_domain,name_tokens_on_page:300+spartans; attempt_count:1
154957,3000 YEARS MUSIC PUBLISHING  LIMITED,3000 years music publishing limited,RISLEY,,,Other,Worker,Skilled Worker,https://3000years.com/,sync@3000years.com,,https://3000years.com/,medium,https://3000years.com/,existing_website+contact_email_domain,name_tokens_on_page:3000+years+music+publishing; attempt_count:1
154966,333STUDIOS LTD,333studios ltd,England,,,Other,Temporary Worker,Creative Worker,https://333studios.co.uk/,hello@333studios.co.uk,,https://333studios.co.uk/,medium,https://333studios.co.uk/,existing_website+contact_email_domain,name_tokens_on_page:333studios;name_tokens_on_host:333studios; attempt_count:1
154967,333STUDIOS LTD,333studios ltd,England,,,Other,Temporary Worker,Creative Worker,https://333studios.co.uk/,hello@333studios.co.uk,,https://333studios.co.uk/,medium,https://333studios.co.uk/,existing_website+contact_email_domain,name_tokens_on_page:333studios;name_tokens_on_host:333studios; verified_domain_identity_cache_hit; attempt_count:1
154968,338 Mobiles Ltd,338 mobiles ltd,Birmingham,West Midlands,West Midlands,Other,Worker,Skilled Worker,http://www.338mobiles.co.uk,,,,unverified,,,no_first_party_identity_verified; attempt_count:1
154969,33n Ltd,33n ltd,Cambridgeshire,,,Other,Worker,Skilled Worker,https://www.33n.co.uk/,jobs@33n.co.uk,https://www.33n.co.uk/careers,https://www.33n.co.uk/,medium,https://www.33n.co.uk/,existing_website+existing_careers_url_domain+company_site_existing_file,name_tokens_on_page:33n;name_tokens_on_host:33n; attempt_count:1
154976,36.7 Studio LTD,36 7 studio ltd,London,,,Other,Worker,Skilled Worker,https://www.367studio.co.uk/,admin@367studio.co.uk,,,unverified,,,no_first_party_identity_verified; attempt_count:2
154978,360 Brand Group Limited,360 brand group limited,Heywood,Manchester,North West,Other,Worker,Skilled Worker,https://www.360brandgroup.com/,,,https://www.360brandgroup.com/,high,https://www.360brandgroup.com/,existing_website,name_tokens_on_page:360+brand;location_on_page; attempt_count:1
154981,360 DIGI MARKETING LTD,360 digi marketing ltd,Canary Wharf,,,Other,Worker,Skilled Worker,https://www.360digimarketing.co.uk/,,,https://www.360digimarketing.co.uk/,high,https://www.360digimarketing.co.uk/,existing_website,name_tokens_on_page:360+digi+marketing;location_on_page; attempt_count:1
154982,360 DIGI MARKETING LTD,360 digi marketing ltd,Canary Wharf,,,Other,Worker,Skilled Worker,https://www.360digimarketing.co.uk/,,,https://www.360digimarketing.co.uk/,high,https://www.360digimarketing.co.uk/,existing_website,name_tokens_on_page:360+digi+marketing;location_on_page; verified_domain_identity_cache_hit; attempt_count:1
154983,360 Dot Net Ltd,360 dot net ltd,Leicester,,,Other,Worker,Skilled Worker,https://www.360dotnet.co.uk/,enquiries@360lifecycle.co.uk,,,low,https://360lifecycle.co.uk/,contact_email_domain,possible_lead_not_accepted:only_one_name_token_on_page_without_hostname_match:360; attempt_count:2
154984,360 energy,360 energy,Craigavon,Co. Armagh,,Other,Worker,Skilled Worker,https://www.360-energy.co.uk/,info@360-energy.co.uk,,,unverified,,,no_first_party_identity_verified; attempt_count:2
154987,360 health ltd,360 health ltd,london,London,London,Other,Worker,Skilled Worker,https://www.adhd-360.com/,recruitment@adhd-360.com,https://www.careers.adhd-360.com/,https://www.adhd-360.com/,medium,https://www.adhd-360.com/,existing_website,name_tokens_on_page:360;name_tokens_on_host:360; attempt_count:1
154989,360 Leaders Ltd,360 leaders ltd,London,,,Other,Worker,Skilled Worker,https://360leaders.com/,,,,unverified,,,no_first_party_identity_verified; attempt_count:1
154992,360 Trading Networks UK Limited,360 trading networks uk limited,London,,,Other,Worker,Global Business Mobility: Senior or Specialist Worker,https://www.360t.com,cas@360t.com,https://www.360t.com/careers,,low,https://www.360t.com/,existing_website+existing_careers_url_domain+company_site_existing_file,possible_lead_not_accepted:only_one_name_token_on_page_without_hostname_match:trading; attempt_count:2
154993,360 Trading Networks UK Limited,360 trading networks uk limited,London,,,Other,Worker,Global Business Mobility: Senior or Specialist Worker,https://www.360t.com,cas@360t.com,https://www.360t.com/careers,,low,https://www.360t.com/,existing_website+existing_careers_url_domain+company_site_existing_file,possible_lead_not_accepted:only_one_name_token_on_page_without_hostname_match:trading; attempt_count:2
154994,360insights (Europe) Ltd,360insights europe ltd,Stratford-upon-Avon,,,Other,Worker,Skilled Worker,https://www.360insights.com/,[email protected],https://www.360insights.com/careers,https://www.360insights.com/,medium,https://www.360insights.com/,existing_website+existing_careers_url_domain+company_site_existing_file,name_tokens_on_page:360insights;name_tokens_on_host:360insights; attempt_count:1
154995,365 Business Finance,365 business finance,London,London,London,Other,Worker,Skilled Worker,https://365businessfinance.co.uk,info@365businessfinance.co.uk,,,unverified,,,no_first_party_identity_verified; attempt_count:1
154997,365 Childminding Ltd,365 childminding ltd,Luton,,,Other,Worker,Skilled Worker,https://www.365childminding.co.uk/,,,https://www.365childminding.co.uk/,high,https://www.365childminding.co.uk/,existing_website,name_tokens_on_page:365+childminding;location_on_page; attempt_count:1
154999,365 Motors LTD,365 motors ltd,Bolton,Greater Manchester,North West,Other,Worker,Skilled Worker,https://www.365motors.co.uk/,[email protected],,,unverified,,,no_first_party_identity_verified; attempt_count:1
155000,365 Placement Solutions limited,365 placement solutions limited,Grawley,England,,Other,Worker,Skilled Worker,https://365placementsolutions.com,,,,unverified,,,no_first_party_identity_verified; attempt_count:1
155001,365 RM (UK) Ltd,365 rm uk ltd,Glasgow,,,Other,Worker,Skilled Worker,https://getspoonfed.com/,,,,unverified,,,no_first_party_identity_verified; attempt_count:1
155002,365 SERVICES (UK) LTD,365 services uk ltd,Ilford,,,Other,Worker,Skilled Worker,https://365-ltd.co.uk/,info@365-ltd.co.uk,https://365-ltd.co.uk/careers,https://365-ltd.co.uk/,medium,https://365-ltd.co.uk/,existing_website+contact_email_domain+existing_careers_url_domain+company_site_existing_file,name_tokens_on_page:365;name_tokens_on_host:365; attempt_count:1
155004,365 Support Limited,365 support limited,Southport,Merseyside,North West,Other,Worker,Skilled Worker,https://www.365support.org,recruitment@365support.org,https://www.365support.org/careers,https://www.365support.org/,high,https://www.365support.org/,existing_website+existing_careers_url_domain+company_site_existing_file,name_tokens_on_page:365+support;location_on_page; attempt_count:1
155005,369 Builders Merchants Ltd,369 builders merchants ltd,Walsall,West Midlands,West Midlands,Other,Worker,Skilled Worker,,,,,unverified,,,no_first_party_identity_verified; attempt_count:1
155006,36T Hub Intl Limited,36t hub intl limited,West Drayton,,,Other,Worker,Skilled Worker,https://www.36t-hub.com/,info@36t-hub.com,https://www.36t-hub.com/careers,https://www.36t-hub.com/,high,https://www.36t-hub.com/,existing_website+existing_careers_url_domain+company_site_existing_file,name_tokens_on_page:36t+hub;name_tokens_on_host:36t+hub;location_on_page; attempt_count:1
155007,38 Degrees,38 degrees,London,,,Other,Worker,Skilled Worker,https://home.38degrees.org.uk/,emailtheteam@38degrees.org.uk,https://home.38degrees.org.uk/careers,,low,https://home.38degrees.org.uk/,existing_website+existing_careers_url_domain+company_site_existing_file,possible_lead_not_accepted:only_one_name_token_on_page_without_hostname_match:degrees; attempt_count:2
155010,381 MS Ltd,381 ms ltd,Slough,Berkshire,South East,Other,Worker,Skilled Worker,https://www.381ms.co.uk/,info@381ms.co.uk,,,unverified,,,no_first_party_identity_verified; attempt_count:2
155011,3812 Gallery (UK) Ltd,3812 gallery uk ltd,London,,,Other,Worker,Skilled Worker,https://www.3812gallery.com/,london@3812cap.com,,https://www.3812gallery.com/,high,https://www.3812gallery.com/,existing_website,name_tokens_on_page:3812+gallery;location_on_page; attempt_count:1
155012,387 Veterinary Centre Limited,387 veterinary centre limited,Great Wyrley,Staffordshire,West Midlands,Other,Worker,Skilled Worker,http://www.387vets.com,[email protected],,,unverified,,,no_first_party_identity_verified; attempt_count:1
155013,39 Essex Chambers (Services) Limited,39 essex chambers services limited,London,,,Other,Worker,Skilled Worker,https://www.39essex.com/,lindsay.scott@39essex.com,,,unverified,,,no_first_party_identity_verified; attempt_count:2
155024,3A'S Consultants Ltd.,3a s consultants ltd,Coventry,,,Other,Worker,Skilled Worker,https://3asconsultants.com/,info@3asconsultants.com,,,low,https://3asconsultants.com/,existing_website+contact_email_domain,possible_lead_not_accepted:only_one_name_token_on_page_without_hostname_match:consultants; attempt_count:2
155028,3ADesign Ltd,3adesign ltd,Ipswich,Suffolk,East of England,Other,Worker,Skilled Worker,https://3adesign.co.uk/,,,https://3adesign.co.uk/,high,https://3adesign.co.uk/,existing_website,name_tokens_on_page:3adesign;name_tokens_on_host:3adesign;location_on_page; attempt_count:1
155029,3AI LTD,3ai ltd,London,,,Other,Worker,Skilled Worker,https://www.3ai.co,info@3ai.co,https://www.3ai.co/careers,https://www.3ai.co/,medium,https://www.3ai.co/,existing_website+existing_careers_url_domain+company_site_existing_file,name_tokens_on_page:3ai;name_tokens_on_host:3ai; attempt_count:1
155033,3AK Alum Rock Limited,3ak alum rock limited,Birmingham,,,Other,Worker,Skilled Worker,https://3akalumrock.co.uk,,,,unverified,,,no_first_party_identity_verified; attempt_count:1
155039,3AK Slough Limited t/a J. Junaid Jamshed by Janan,3ak slough limited t a j junaid jamshed by janan,Slough,,,Other,Worker,Skilled Worker,https://uk.junaidjamshed.com/,uk.eshop@junaidjamshed.com,,https://uk.junaidjamshed.com/,medium,https://uk.junaidjamshed.com/,existing_website,name_tokens_on_page:junaid+jamshed; attempt_count:1
155045,3B DIGITAL LTD,3b digital ltd,LONDON,,,Other,Worker,Skilled Worker,https://3bdigital.co.uk,,,,unverified,,,no_first_party_identity_verified; attempt_count:1
155047,3Belle.Ami Health Limited,3belle ami health limited,Birmingham,West Midlands,West Midlands,Other,Worker,Skilled Worker,,,,,unverified,,,no_first_party_identity_verified; attempt_count:0
155048,3BN CARE LTD,3bn care ltd,Corby,Northamptonshire,East Midlands,Other,Worker,Skilled Worker,https://3bncare.co.uk/,info@3bncare.co.uk,https://3bncare.co.uk/work-with-us,,low,https://3bncare.co.uk/,existing_website+contact_email_domain+existing_careers_url_domain+company_site_existing_file,possible_lead_not_accepted:only_one_name_token_on_page_without_hostname_match:3bn; attempt_count:1
155050,3CIX LTD,3cix ltd,Newport Pagnell,Buckinghamshire,South East,Other,Worker,Skilled Worker,https://3cix.com/,info@3cix.com,https://3cix.com/careers,https://3cix.com/,high,https://3cix.com/,existing_website+contact_email_domain+existing_careers_url_domain+company_site_existing_file,name_tokens_on_page:3cix;name_tokens_on_host:3cix;location_on_page; attempt_count:1
155053,3CS Holdings Ltd,3cs holdings ltd,London,,,Other,Worker,Skilled Worker,https://www.3cslondon.com,info@3cslondon.com,,,unverified,,,no_first_party_identity_verified; attempt_count:3
155054,3D BUILDING HOME LTD,3d building home ltd,London,,,Other,Worker,Skilled Worker,https://www.3dbuildinghome.co.uk/,info@3dbuildinghome.co.uk,,https://www.3dbuildinghome.co.uk/,high,https://www.3dbuildinghome.co.uk/,existing_website,name_tokens_on_page:building+home;location_on_page; attempt_count:1
155056,3D Coffee (Oadby) Limited T/A Costa Coffee,3d coffee oadby limited t a costa coffee,Dartford,Kent,South East,Other,Worker,Skilled Worker,https://costacareers.co.uk/,,,https://costacareers.co.uk/,medium,https://costacareers.co.uk/,existing_website,name_tokens_on_page:costa+coffee; attempt_count:1
155058,3D Drumchapel,3d drumchapel,Glasgow,,,Other,Worker,Skilled Worker,https://www.3ddrumchapel.org.uk/,[email protected],,,unverified,,,no_first_party_identity_verified; attempt_count:1
155060,3D HOUSING GROUP LTD,3d housing group ltd,Birmingham,,,Other,Worker,Skilled Worker,https://www.3dhousinggroup.com/,info@3dhousinggroup.com,https://www.3dhousinggroup.com/careers,,low,https://www.3dhousinggroup.com/,existing_website+existing_careers_url_domain+company_site_existing_file,possible_lead_not_accepted:only_one_name_token_on_page_without_hostname_match:housing; attempt_count:2
155061,3d Innovations Ltd.,3d innovations ltd,London,,,Other,Worker,Skilled Worker,,,,,unverified,,,no_first_party_identity_verified; attempt_count:0
155062,3d leisure Limited,3d leisure limited,farnham,surrey,South East,Other,Worker,Skilled Worker,https://www.3dleisure.com/,info@3dleisure.com,https://www.3dleisure.com/about/careers,,low,https://3dleisure.com/,contact_email_domain,possible_lead_not_accepted:only_one_name_token_on_page_without_hostname_match:leisure; attempt_count:2
155064,3D Marcomms Limited,3d marcomms limited,Copford,Essex,East of England,Other,Worker,Skilled Worker,https://3dmarcomms.com,,,,unverified,,,no_first_party_identity_verified; attempt_count:1
155065,3D People Limited,3d people limited,London,,,Other,Worker,Skilled Worker,https://www.3dpeople.uk/,print@3dpeople.uk,,,unverified,,,no_first_party_identity_verified; attempt_count:2
155067,3D Systems Europe Ltd,3d systems europe ltd,Hemel Hempstead,Hertfordshire,East of England,Other,Worker,Global Business Mobility: Senior or Specialist Worker,https://www.3dsystems.com/,,https://dddsystems.taleo.net/careersection/dddsys_external_website/jobsearch.ftl?lang=en&portal=8100014524,,low,https://www.3dsystems.com/,existing_website,possible_lead_not_accepted:only_one_name_token_on_page_without_hostname_match:systems; attempt_count:1; existing_careers_url_not_employer_domain; company_site_cache_url_not_employer_domain; company_site_source_host_ambiguous
155068,3D Systems Europe Ltd,3d systems europe ltd,Hemel Hempstead,Hertfordshire,East of England,Other,Worker,Global Business Mobility: Senior or Specialist Worker,https://www.3dsystems.com/,,https://dddsystems.taleo.net/careersection/dddsys_external_website/jobsearch.ftl?lang=en&portal=8100014524,,low,https://www.3dsystems.com/,existing_website,possible_lead_not_accepted:only_one_name_token_on_page_without_hostname_match:systems; attempt_count:1; existing_careers_url_not_employer_domain; company_site_cache_url_not_employer_domain; company_site_source_host_ambiguous
155069,3D Technical Design Limited,3d technical design limited,Milton Keynes,,,Other,Worker,Skilled Worker,https://3dtechnicaldesign.co.uk/,david.underwood@3d-td.co.uk,,https://3dtechnicaldesign.co.uk/,medium,https://3dtechnicaldesign.co.uk/,existing_website,name_tokens_on_page:technical+design; attempt_count:1
155070,3D TRADE LTD,3d trade ltd,"Croydon, London",,,Other,Worker,Skilled Worker,https://3dtrade.biz/,[email protected],,,unverified,,,no_first_party_identity_verified; attempt_count:1
155073,3DEO,3deo,Belfast,Antrim,Northern Ireland,Other,Worker,Skilled Worker,https://www.3deo.com,info@3deo.com,,,unverified,,,no_first_party_identity_verified; attempt_count:2
155075,3dMD Technologies Limited,3dmd technologies limited,London,,,Other,Worker,Global Business Mobility: Senior or Specialist Worker,https://3dmd.com/,info@3dMD.com,,https://3dmd.com/,medium,https://3dmd.com/,existing_website+contact_email_domain,name_tokens_on_page:3dmd;name_tokens_on_host:3dmd; attempt_count:1
155076,3dMD Technologies Limited,3dmd technologies limited,London,,,Other,Worker,Global Business Mobility: Senior or Specialist Worker,https://3dmd.com/,info@3dMD.com,,https://3dmd.com/,medium,https://3dmd.com/,existing_website+contact_email_domain,name_tokens_on_page:3dmd;name_tokens_on_host:3dmd; verified_domain_identity_cache_hit; attempt_count:1
155077,3DReid Limited,3dreid limited,London,,,Other,Worker,Skilled Worker,https://www.3dreid.com/,,https://www.3dreid.com/practice/careers,https://www.3dreid.com/,medium,https://www.3dreid.com/,existing_website+existing_careers_url_domain+company_site_existing_file,name_tokens_on_page:3dreid;name_tokens_on_host:3dreid; attempt_count:1
155078,3DRP Ltd,3drp ltd,Welwyn,,,Other,Worker,Skilled Worker,https://www.3drp.co.uk/,hello@3drp.co.uk,,,unverified,,,no_first_party_identity_verified; attempt_count:2
155079,3EN Cloud Ltd,3en cloud ltd,Holywood,,,Other,Worker,Skilled Worker,https://3en.group/,,https://3en.group/careers,https://3en.group/,high,https://3en.group/,existing_website+existing_careers_url_domain+company_site_existing_file,name_tokens_on_page:3en+cloud;name_tokens_on_host:3en; attempt_count:1
155080,3ES Accountants Limited,3es accountants limited,Harrow,,,Other,Worker,Skilled Worker,https://3esaccountants.co.uk/,info@3esaccountants.co.uk,https://3esaccountants.co.uk/careers,https://3esaccountants.co.uk/,high,https://3esaccountants.co.uk/,existing_website+contact_email_domain+existing_careers_url_domain+company_site_existing_file,name_tokens_on_page:3es+accountants;location_on_page; attempt_count:1
155081,3F BIO LTD,3f bio ltd,Glasgow,,,Other,Worker,Skilled Worker,https://www.3fbio.com/,,,,unverified,,,no_first_party_identity_verified; attempt_count:1
155083,3Forge UK LTD,3forge uk ltd,London,,,Other,Worker,Skilled Worker,https://3forge.com/,info@3forge.com,,https://3forge.com/,medium,https://3forge.com/,existing_website+contact_email_domain,name_tokens_on_page:3forge;name_tokens_on_host:3forge; attempt_count:1
155084,3Forge UK LTD,3forge uk ltd,London,,,Other,Worker,Skilled Worker,https://3forge.com/,info@3forge.com,,https://3forge.com/,medium,https://3forge.com/,existing_website+contact_email_domain,name_tokens_on_page:3forge;name_tokens_on_host:3forge; verified_domain_identity_cache_hit; attempt_count:1
155085,3G Metal Fabrications Limited,3g metal fabrications limited,Leicester,,,Other,Worker,Skilled Worker,https://www.3gmf.co.uk/,,,,unverified,,,no_first_party_identity_verified; attempt_count:1
155087,3I CONSTRUCTIONS LTD,3i constructions ltd,LONDON,,,Other,Worker,Skilled Worker,https://3iconstructions.co.uk/,info@3iconstructions.co.uk,,,low,https://3iconstructions.co.uk/,existing_website+contact_email_domain,possible_lead_not_accepted:only_one_name_token_on_page_without_hostname_match:constructions; attempt_count:1
155088,3i Infotech (UK) Limited,3i infotech uk limited,London,England,,Other,Worker,Skilled Worker,https://www.3i-infotech.com/,careers@3i-infotech.com,https://www.3i-infotech.com/careers,https://www.3i-infotech.com/,medium,https://www.3i-infotech.com/,existing_website+existing_careers_url_domain+company_site_existing_file,name_tokens_on_page:infotech;name_tokens_on_host:infotech; attempt_count:1
155089,3i plc,3i plc,London,,,Other,Worker,Global Business Mobility: Senior or Specialist Worker,https://www.3i.com/,,https://3i.wd103.myworkdayjobs.com/Intern_Career,,unverified,,,no_first_party_identity_verified; attempt_count:1; existing_careers_url_not_employer_domain; company_site_cache_url_not_employer_domain; company_site_source_host_ambiguous
155090,3i plc,3i plc,London,,,Other,Worker,Global Business Mobility: Senior or Specialist Worker,https://www.3i.com/,,https://3i.wd103.myworkdayjobs.com/Intern_Career,,unverified,,,no_first_party_identity_verified; attempt_count:1; existing_careers_url_not_employer_domain; company_site_cache_url_not_employer_domain; company_site_source_host_ambiguous
155091,3i plc,3i plc,London,,,Other,Worker,Global Business Mobility: Senior or Specialist Worker,https://www.3i.com/,,https://3i.wd103.myworkdayjobs.com/Intern_Career,,unverified,,,no_first_party_identity_verified; attempt_count:1; existing_careers_url_not_employer_domain; company_site_cache_url_not_employer_domain; company_site_source_host_ambiguous
155092,3ie UK,3ie uk,London,,,Other,Worker,Global Business Mobility: Senior or Specialist Worker,https://www.3ieimpact.org/,info@3ieimpact.org,https://www.3ieimpact.org/careers,,low,https://www.3ieimpact.org/,existing_website+existing_careers_url_domain+company_site_existing_file,possible_lead_not_accepted:only_one_name_token_on_page_without_hostname_match:3ie; attempt_count:2
155093,3ie UK,3ie uk,London,,,Other,Worker,Global Business Mobility: Senior or Specialist Worker,https://www.3ieimpact.org/,info@3ieimpact.org,https://www.3ieimpact.org/careers,,low,https://www.3ieimpact.org/,existing_website+existing_careers_url_domain+company_site_existing_file,possible_lead_not_accepted:only_one_name_token_on_page_without_hostname_match:3ie; attempt_count:2
155096,3K's Engineering Company Limited,3k s engineering company limited,Llanelli,Carmarthenshire,Wales,Other,Worker,Skilled Worker,https://3ksengineering.com/,sales@3ksengineering.com,,,unverified,,,no_first_party_identity_verified; attempt_count:1
155097,3Keel Group Ltd,3keel group ltd,Witney,Oxfordshire,South East,Other,Worker,Skilled Worker,https://www.3keel.com/,office@3keel.com,,https://3keel.com/,high,https://3keel.com/,contact_email_domain,name_tokens_on_page:3keel;name_tokens_on_host:3keel;location_on_page; attempt_count:2
155098,3Key Homes UK Limited T/as Aaran Central Guesthouse,3key homes uk limited t as aaran central guesthouse,Aberdeen,,,Other,Worker,Skilled Worker,https://3keys.uk,info@3keys.uk,,,unverified,,,no_first_party_identity_verified; attempt_count:1
155099,3KH Ltd T/A Tipu Sultan Birmingham,3kh ltd t a tipu sultan birmingham,Birmingham,West Midlands,West Midlands,Other,Worker,Skilled Worker,https://www.tipu-sultan.com/,birmingham@tipu-sultan.com,,,unverified,,,no_first_party_identity_verified; attempt_count:2
155100,3KOBROS LIMITED,3kobros limited,London,,,Other,Worker,Skilled Worker,https://3kobros.com/,,,https://3kobros.com/,high,https://3kobros.com/,existing_website,name_tokens_on_page:3kobros;name_tokens_on_host:3kobros;location_on_page; attempt_count:1
155101,3LR Lighting Ltd,3lr lighting ltd,Newport,,,Other,Worker,Skilled Worker,https://www.3lrlighting.com/,[email protected],,https://www.3lrlighting.com/,medium,https://www.3lrlighting.com/,existing_website,name_tokens_on_page:3lr+lighting; attempt_count:1
155102,3M Accountants Ltd,3m accountants ltd,Smethwick,,,Other,Worker,Skilled Worker,https://3maccountants.com/,info@3maccountants.com,,,unverified,,,no_first_party_identity_verified; attempt_count:1
155103,3M United Kingdom PLC,3m united kingdom plc,Bracknell,,,Other,Worker,Skilled Worker,https://www.3m.co.uk,,,,unverified,,,no_first_party_identity_verified; attempt_count:1
155104,3M United Kingdom PLC,3m united kingdom plc,Bracknell,,,Other,Worker,Skilled Worker,https://www.3m.co.uk,,,,unverified,,,no_first_party_identity_verified; attempt_count:1
155106,3P Foods Ltd TA Heavenly Desserts,3p foods ltd ta heavenly desserts,Birmingham,,,Other,Worker,Skilled Worker,https://www.heavenlydesserts.co.uk,,,,unverified,,,no_first_party_identity_verified; attempt_count:1
155107,3PLS Platform Limited,3pls platform limited,Amersham,bucks,,Other,Worker,Skilled Worker,https://fulfilment.com,hello@fulfilment.com,,https://fulfilment.com/,high,https://fulfilment.com/,existing_website+contact_email_domain,name_tokens_on_page:3pls+platform;location_on_page; attempt_count:1
155108,3pX Group,3px group,London,London,London,Other,Worker,Skilled Worker,https://www.3px.group/,office@3pX.group,https://www.3px.group/vacancies,https://www.3px.group/,medium,https://www.3px.group/,existing_website+existing_careers_url_domain+company_site_existing_file,name_tokens_on_page:3px;name_tokens_on_host:3px; attempt_count:1
155109,3R EPOS LIMITED,3r epos limited,Epping,Essex,East of England,Other,Worker,Skilled Worker,https://www.3rtelecom.co.uk,,,,low,https://www.3rtelecom.co.uk/,existing_website,possible_lead_not_accepted:only_one_name_token_on_page_without_hostname_match:epos; attempt_count:1
155110,3R Technology UK Ltd,3r technology uk ltd,Preston,Lancashire,North West,Other,Worker,Skilled Worker,https://www.3rtechnologyuk.com/,info@3rtechnologyuk.com,,,unverified,,,no_first_party_identity_verified; attempt_count:2
155114,3S ADOLESCENT CARE,3s adolescent care,CHEADLE,Cheshire,North West,Other,Worker,Skilled Worker,https://www.3sadolescentcare.com,admin@3sadolescentcare.co.uk,,,unverified,,,no_first_party_identity_verified; attempt_count:2
155115,3s commercial ltd,3s commercial ltd,London,,,Other,Worker,Skilled Worker,http://3s-ad.com,,https://3s-ad.com/careers,,low,https://3s-ad.com/,existing_website+existing_careers_url_domain+company_site_existing_file,possible_lead_not_accepted:only_one_name_token_on_page_without_hostname_match:commercial; attempt_count:1
155118,3S Money Club Limited,3s money club limited,london,,,Other,Worker,Skilled Worker,https://3s.money,[email protected],https://3s.money/careers,,unverified,,,no_first_party_identity_verified; attempt_count:1
155120,3Search Limited,3search limited,London,,,Other,Worker,Skilled Worker,https://www.3searchgroup.com/,sayhello@3searchgroup.com,https://www.3searchgroup.com/recruitment-services/develop,,low,https://www.3searchgroup.com/,existing_website+existing_careers_url_domain+company_site_existing_file,possible_lead_not_accepted:only_one_name_token_on_page_without_hostname_match:3search; attempt_count:2
155124,3T Logistics Limited,3t logistics limited,Leicester,,,Other,Worker,Skilled Worker,https://www.3t-europe.com,info@3t-europe.com,,,unverified,,,no_first_party_identity_verified; attempt_count:2
155125,3T TRAINING SERVICES LIMITED,3t training services limited,Dorset,,,Other,Worker,Skilled Worker,https://www.3t-ts.co.uk,info@3t-ts.co.uk,,,unverified,,,no_first_party_identity_verified; attempt_count:2
155126,3t Transform Limited,3t transform limited,Cobalt Business Park,Newcastle upon Tyne,North East,Other,Worker,Skilled Worker,https://www.3t-transform.com/,info@3t-transform.com,,,unverified,,,no_first_party_identity_verified; attempt_count:2
155127,3T Travel & Tourism Limited,3t travel and tourism limited,Barking,,,Other,Worker,Skilled Worker,http://3ttravel.co.uk/,,,,unverified,,,no_first_party_identity_verified; attempt_count:1
155128,3ti Energy Hubs Ltd,3ti energy hubs ltd,LEATHERHEAD,Surrey,South East,Other,Worker,Skilled Worker,https://3ti.co.uk/,careers@3ti.co.uk,https://3ti.co.uk/careers,https://3ti.co.uk/,high,https://3ti.co.uk/,existing_website+contact_email_domain+existing_careers_url_domain+company_site_existing_file+verified_company_site_source_host,name_tokens_on_page:3ti+energy+hubs;name_tokens_on_host:3ti;location_on_page; attempt_count:1
155130,3V Consultants Limited,3v consultants limited,Solihull,,,Other,Worker,Skilled Worker,https://www.3vconsultants.co.uk,info@3vconsultants.co.uk,,,unverified,,,no_first_party_identity_verified; attempt_count:2
155132,3Vision Ltd,3vision ltd,Bath,,,Other,Worker,Skilled Worker,https://www.3vision.tv/,contact@3vision.tv,,https://www.3vision.tv/,high,https://www.3vision.tv/,existing_website,name_tokens_on_page:3vision;name_tokens_on_host:3vision;location_on_page; attempt_count:1
155133,3VRM Limited,3vrm limited,Manchester,,,Other,Worker,Skilled Worker,https://3vrm.com/,info@3vrm.com,,,unverified,,,no_first_party_identity_verified; attempt_count:1
155135,3X Sports Limited,3x sports limited,Luton,Bedfordshire,East of England,Other,Worker,Skilled Worker,https://3xsports.co.uk/,info@3xsports.co.uk,,,low,https://3xsports.co.uk/,existing_website+contact_email_domain,possible_lead_not_accepted:only_one_name_token_on_page_without_hostname_match:sports; attempt_count:1
155138,4 CONTINENTS STORES LTD,4 continents stores ltd,Kent,,,Other,Worker,Skilled Worker,https://www.4continentsstores.com,contact@4continentsstores.com,https://www.4continentsstores.com/pages/work-for-us,https://www.4continentsstores.com/,medium,https://www.4continentsstores.com/,existing_website+existing_careers_url_domain+company_site_existing_file,name_tokens_on_page:continents+stores; attempt_count:1
155139,4 Corners Distribution Ltd,4 corners distribution ltd,Barking,Barking,,Other,Worker,Skilled Worker,https://www.fourcornersuk.com/,[email protected],,https://www.fourcornersuk.com/,medium,https://www.fourcornersuk.com/,existing_website,name_tokens_on_page:corners+distribution; attempt_count:1
155140,4 Dots Training & Advisory Limited,4 dots training and advisory limited,Beaconsfield,Buckinghamshire,South East,Other,Worker,Skilled Worker,https://4dotsadvisory.com/,questions@thepersuasionschool.com,,,unverified,,,no_first_party_identity_verified; attempt_count:2
155142,4 Eyes Capital Limited,4 eyes capital limited,London,,,Other,Worker,Skilled Worker,https://4eyescapital.com/,info@4eyescapital.com,,https://4eyescapital.com/,high,https://4eyescapital.com/,existing_website+contact_email_domain,name_tokens_on_page:eyes+capital;location_on_page; attempt_count:1
155144,4 GLOBAL CONSULTING LIMITED,4 global consulting limited,Chiswick,,,Other,Worker,Skilled Worker,https://investors.4global.com/,info@4global.com,,,unverified,,,no_first_party_identity_verified; attempt_count:2
155146,4 Medical Clinical Solution Ltd,4 medical clinical solution ltd,Manchester.,Greater Manchester,North West,Other,Worker,Skilled Worker,,,,,unverified,,,no_first_party_identity_verified; attempt_count:0
155148,4 Net Technologies LTD (t/a FourNet),4 net technologies ltd t a fournet,Manchester,Greater Manchester,North West,Other,Worker,Skilled Worker,https://fournet.co.uk/,info@fournet.co.uk,https://fournet.co.uk/about-us/vacancies,https://fournet.co.uk/,medium,https://fournet.co.uk/,existing_website+contact_email_domain+existing_careers_url_domain+company_site_existing_file,name_tokens_on_page:fournet;name_tokens_on_host:fournet; attempt_count:1
155149,4 Roads Ltd,4 roads ltd,Kenilworth,WEST MIDLANDS,West Midlands,Other,Worker,Skilled Worker,https://www.4-roads.com/,[email protected],https://www.4-roads.com/jobs,https://www.4-roads.com/,high,https://www.4-roads.com/,existing_website+existing_careers_url_domain+company_site_existing_file,name_tokens_on_page:roads;name_tokens_on_host:roads;location_on_page; attempt_count:1
155159,4 Summit ltd,4 summit ltd,CROYDON,,,Other,Worker,Skilled Worker,https://www.4summit.co.uk,info@4summit.co.uk,,,low,https://www.4summit.co.uk/,existing_website,possible_lead_not_accepted:only_one_name_token_on_page_without_hostname_match:summit; attempt_count:2
155162,4 Wall Entertainment UK Limited,4 wall entertainment uk limited,Harlow,,,Other,Worker,Skilled Worker,https://europe.4wall.com,,https://europe.4wall.com/about/careers,https://europe.4wall.com/,high,https://europe.4wall.com/,existing_website+existing_careers_url_domain+company_site_existing_file+verified_company_site_source_host,name_tokens_on_page:wall+entertainment;location_on_page; attempt_count:1
155164,4-Site Power & Fibre Networks Ltd,4 site power and fibre networks ltd,Gosport,,,Other,Worker,Skilled Worker,https://www.4site-networks.co.uk,info@4site-networks.co.uk,,,unverified,,,no_first_party_identity_verified; attempt_count:2
155169,415 PALAETTE LTD,415 palaette ltd,London,England,,Other,Worker,Skilled Worker,http://palaette.co.uk,[email protected],https://www.palaette.co.uk/career,https://www.palaette.co.uk/,high,https://www.palaette.co.uk/,existing_careers_url_domain+company_site_existing_file,name_tokens_on_page:415+palaette;name_tokens_on_host:palaette;location_on_page; attempt_count:2
155173,42 Bruton Limited,42 bruton limited,London,,,Other,Worker,Skilled Worker,https://www.42bruton.com,hello@group42.co.uk,,,unverified,,,no_first_party_identity_verified; attempt_count:2
155177,42Gears Mobility Systems (UK) Ltd,42gears mobility systems uk ltd,Manchester,Greater Manchester,North West,Other,Worker,Global Business Mobility: Senior or Specialist Worker,https://www.42gears.com/,sales@42gears.com,https://www.42gears.com/careers,https://www.42gears.com/,high,https://www.42gears.com/,existing_website+existing_careers_url_domain+company_site_existing_file,name_tokens_on_page:42gears+mobility+systems;name_tokens_on_host:42gears; attempt_count:1
155178,42Gears Mobility Systems (UK) Ltd,42gears mobility systems uk ltd,Manchester,Greater Manchester,North West,Other,Worker,Global Business Mobility: Senior or Specialist Worker,https://www.42gears.com/,sales@42gears.com,https://www.42gears.com/careers,https://www.42gears.com/,high,https://www.42gears.com/,existing_website+existing_careers_url_domain+company_site_existing_file,name_tokens_on_page:42gears+mobility+systems;name_tokens_on_host:42gears; verified_domain_identity_cache_hit; attempt_count:1
155179,42nd Street,42nd street,Manchester,Greater Manchester,North West,Other,Worker,Skilled Worker,https://www.42ndstreet.org.uk,recruitment@42ndStreet.org.uk,https://www.42ndstreet.org.uk/about-us/work-with-us,https://www.42ndstreet.org.uk/,high,https://www.42ndstreet.org.uk/,existing_website+existing_careers_url_domain+company_site_existing_file,name_tokens_on_page:42nd+street;location_on_page; attempt_count:1
155180,42Video Limited,42video limited,Morden,,,Other,Worker,Skilled Worker,https://42-video.com/,info@42-video.com,,,low,https://42-video.com/,existing_website+contact_email_domain,possible_lead_not_accepted:only_one_name_token_on_page_without_hostname_match:42video; attempt_count:1
155181,42Video Limited,42video limited,Morden,,,Other,Worker,Skilled Worker,https://42-video.com/,info@42-video.com,,,low,https://42-video.com/,existing_website+contact_email_domain,possible_lead_not_accepted:only_one_name_token_on_page_without_hostname_match:42video; attempt_count:1
155183,432 Presents CIC,432 presents cic,Glasgow,Lanarkshire,,Other,Temporary Worker,Creative Worker,https://www.thehugandpint.com,,,https://www.432presents.com/,high,https://www.432presents.com/,SponsorList,name_tokens_on_page:432+presents;location_on_page; attempt_count:2
155184,44 ENERGY LTD,44 energy ltd,London,,,Other,Worker,Global Business Mobility: Senior or Specialist Worker,https://44energy.com/,,https://44energy.com/careers,,low,https://44energy.com/,existing_website+existing_careers_url_domain+company_site_existing_file,possible_lead_not_accepted:only_one_name_token_on_page_without_hostname_match:energy; attempt_count:1
155185,44 ENERGY LTD,44 energy ltd,London,,,Other,Worker,Global Business Mobility: Senior or Specialist Worker,https://44energy.com/,,https://44energy.com/careers,,low,https://44energy.com/,existing_website+existing_careers_url_domain+company_site_existing_file,possible_lead_not_accepted:only_one_name_token_on_page_without_hostname_match:energy; attempt_count:1
155187,44Pixels Limited,44pixels limited,London,,,Other,Worker,Skilled Worker,https://44pixels.co.uk,info@44pixels.co.uk,,,unverified,,,no_first_party_identity_verified; attempt_count:1
155189,474 Management Limited T/a Duke Of Design,474 management limited t a duke of design,Greenford,,,Other,Worker,Skilled Worker,https://dukeofdesign.co.uk/,ash@chawla.consulting,,https://dukeofdesign.co.uk/,medium,https://dukeofdesign.co.uk/,existing_website,name_tokens_on_page:duke+design; attempt_count:1
155191,4A Technologies Ltd,4a technologies ltd,Hayes,Middlesex,,Other,Worker,Skilled Worker,https://4atechnologies.co.uk/,info@4atechnologies.co.uk,,,low,https://4atechnologies.co.uk/,existing_website+contact_email_domain,possible_lead_not_accepted:only_one_name_token_on_page_without_hostname_match:technologies; attempt_count:2
155193,4basebio,4basebio,Over,Cambridgeshire,East of England,Other,Worker,Skilled Worker,https://www.4basebio.com/,info@4basebio.com,https://careers.4basebio.com/,https://www.4basebio.com/,high,https://www.4basebio.com/,existing_website,name_tokens_on_page:4basebio;name_tokens_on_host:4basebio;location_on_page; attempt_count:1
155194,4BIO Ventures Management Limited,4bio ventures management limited,London,,,Other,Worker,Skilled Worker,https://www.4biocapital.com,,,,low,https://www.4biocapital.com/,existing_website,possible_lead_not_accepted:only_one_name_token_on_page_without_hostname_match:4bio; attempt_count:1
155195,4BREEZE LTD,4breeze ltd,Reading,,,Other,Worker,Skilled Worker,https://www.4breeze.com/,info@4breeze.com,,https://www.4breeze.com/,high,https://www.4breeze.com/,existing_website,name_tokens_on_page:4breeze;name_tokens_on_host:4breeze;location_on_page; attempt_count:1
155196,4C Associates Ltd,4c associates ltd,London,,,Other,Worker,Skilled Worker,https://www.4cassociates.com/,recruitment@4cassociates.com,,,unverified,,,no_first_party_identity_verified; attempt_count:2; company_site_source_host_ambiguous
155197,4C EUROPE UK LTD,4c europe uk ltd,London,,,Other,Worker,Skilled Worker,https://4c.co.uk/,,https://4c.co.uk/contact-us/careers,,unverified,,,no_first_party_identity_verified; attempt_count:1
155198,4C EUROPE UK LTD,4c europe uk ltd,London,,,Other,Worker,Skilled Worker,https://4c.co.uk/,,https://4c.co.uk/contact-us/careers,,unverified,,,no_first_party_identity_verified; attempt_count:1
155202,4C LABS LTD,4c labs ltd,London,,,Other,Worker,Skilled Worker,https://4clabs.co/,,,,low,https://4clabs.co/,existing_website+verified_company_site_source_host,possible_lead_not_accepted:only_one_name_token_on_page_without_hostname_match:labs; attempt_count:1
155203,4CAST Limited  T/A Continuum Economics,4cast limited t a continuum economics,London,,,Other,Worker,Skilled Worker,https://continuumeconomics.com,support@continuumeconomics.com,https://continuumeconomics.com/p/careers,https://continuumeconomics.com/,medium,https://continuumeconomics.com/,existing_website+contact_email_domain+existing_careers_url_domain+company_site_existing_file,name_tokens_on_page:continuum+economics; attempt_count:1
155204,4Demand Ltd,4demand ltd,London,,,Other,Worker,Skilled Worker,https://www.4demand.co.uk,info@4demand.co.uk,,https://www.4demand.co.uk/,high,https://www.4demand.co.uk/,existing_website,name_tokens_on_page:4demand;name_tokens_on_host:4demand;location_on_page; attempt_count:1
155207,4Eden,4eden,Penrith,Cumbria,North West,Other,Worker,Skilled Worker,https://www.4eden.co.uk/,office@4eden.co.uk,https://www.4eden.co.uk/careers,https://www.4eden.co.uk/,high,https://www.4eden.co.uk/,existing_website+existing_careers_url_domain+company_site_existing_file,name_tokens_on_page:4eden;name_tokens_on_host:4eden;location_on_page; attempt_count:1
155208,4Ever Care UK Ltd,4ever care uk ltd,Blackburn,,,Other,Worker,Skilled Worker,https://4evercareuk.co.uk/,hello@4evercareuk.co.uk,,,low,https://4evercareuk.co.uk/,existing_website+contact_email_domain,possible_lead_not_accepted:only_one_name_token_on_page_without_hostname_match:4ever; attempt_count:1
155212,4iApps Solutions Ltd,4iapps solutions ltd,London,,,Other,Worker,Skilled Worker,https://www.4iapps.com/,,https://www.4iapps.com/careers,https://www.4iapps.com/,medium,https://www.4iapps.com/,existing_website+existing_careers_url_domain+company_site_existing_file,name_tokens_on_page:4iapps;name_tokens_on_host:4iapps; attempt_count:1
155213,4iApps Solutions Ltd,4iapps solutions ltd,London,,,Other,Worker,Skilled Worker,https://www.4iapps.com/,,https://www.4iapps.com/careers,https://www.4iapps.com/,medium,https://www.4iapps.com/,existing_website+existing_careers_url_domain+company_site_existing_file,name_tokens_on_page:4iapps;name_tokens_on_host:4iapps; verified_domain_identity_cache_hit; attempt_count:1
155214,4J Studios Limited,4j studios limited,East Linton,East Lothian,Scotland,Other,Worker,Skilled Worker,https://4jstudios.com/,jobs@4jstudios.com,https://4jstudios.com/careers,,low,https://4jstudios.com/,existing_website+contact_email_domain+existing_careers_url_domain+company_site_existing_file+verified_company_site_source_host,possible_lead_not_accepted:only_one_name_token_on_page_without_hostname_match:studios; attempt_count:1
155222,4ME@U Ltd T/A Devoncare,4me u ltd t a devoncare,Plymouth (Devon),Devon,South West,Other,Worker,Skilled Worker,https://www.devoncare.co.uk/,office@devoncare.co.uk,,https://www.devoncare.co.uk/,high,https://www.devoncare.co.uk/,existing_website,name_tokens_on_page:devoncare;name_tokens_on_host:devoncare;location_on_page; attempt_count:1
155223,4most (Europe) Limited,4most europe limited,London,,,Other,Worker,Skilled Worker,https://www.4-most.co.uk/,info@4-most.co.uk,,,unverified,,,no_first_party_identity_verified; attempt_count:2
155225,4NCARE LTD,4ncare ltd,Ipswich,Suffolk,East of England,Other,Worker,Skilled Worker,,,,,unverified,,,no_first_party_identity_verified; attempt_count:0
155227,4P4 LTD,4p4 ltd,London,,,Other,Worker,Skilled Worker,https://4p4.ltd/,,,https://4p4.ltd/,high,https://4p4.ltd/,existing_website,name_tokens_on_page:4p4;name_tokens_on_host:4p4;location_on_page; attempt_count:1
155228,4PS Construction Solutions Limited,4ps construction solutions limited,Birmingham,,,Other,Worker,Skilled Worker,https://www.4ps.co.uk/,hello@4ps.co.uk,https://www.4ps.co.uk/careers,https://www.4ps.co.uk/,medium,https://www.4ps.co.uk/,existing_website+existing_careers_url_domain+company_site_existing_file,name_tokens_on_page:4ps;name_tokens_on_host:4ps; attempt_count:1
155229,4PS Construction Solutions Limited,4ps construction solutions limited,Birmingham,,,Other,Worker,Skilled Worker,https://www.4ps.co.uk/,hello@4ps.co.uk,https://www.4ps.co.uk/careers,https://www.4ps.co.uk/,medium,https://www.4ps.co.uk/,existing_website+existing_careers_url_domain+company_site_existing_file,name_tokens_on_page:4ps;name_tokens_on_host:4ps; verified_domain_identity_cache_hit; attempt_count:1
155230,4RDigital Limited,4rdigital limited,London,,,Other,Worker,Skilled Worker,https://4rdigital.com/,information@4rdigital.com,https://4rdigital.com/projects/income-generating-opportunities-for-micro-retailers,https://4rdigital.com/,medium,https://4rdigital.com/,existing_website+contact_email_domain+existing_careers_url_domain+company_site_existing_file,name_tokens_on_page:4rdigital;name_tokens_on_host:4rdigital; attempt_count:1
155233,4S UK CONSULTING LIMITED,4s uk consulting limited,Reading,Berkshire,South East,Other,Worker,Skilled Worker,https://4sukconsulting.co.uk,connecthub@4sukconsulting.co.uk,https://4sukconsulting.co.uk/careers.html,,low,https://4sukconsulting.co.uk/,existing_website+contact_email_domain+existing_careers_url_domain+company_site_existing_file,possible_lead_not_accepted:only_one_name_token_on_page_without_hostname_match:consulting; attempt_count:1
155234,4site Consulting Limited,4site consulting limited,Feering,Essex,East of England,Other,Worker,Skilled Worker,https://4siteconsulting.co.uk/,office@4siteconsulting.co.uk,,https://4siteconsulting.co.uk/,high,https://4siteconsulting.co.uk/,existing_website+contact_email_domain+verified_company_site_source_host,name_tokens_on_page:4site+consulting;location_on_page; attempt_count:1
155235,4Site Recruitment limited,4site recruitment limited,London,,,Other,Worker,Skilled Worker,https://4siterecruitment.co.uk/,info@4siterecruitment.co.uk,,,unverified,,,no_first_party_identity_verified; attempt_count:1
155236,4SSG UK Limited,4ssg uk limited,Birmingham,,,Other,Worker,Skilled Worker,https://4ssg.co.uk/,,https://4ssg.co.uk/careers,https://4ssg.co.uk/,high,https://4ssg.co.uk/,existing_website+existing_careers_url_domain+company_site_existing_file,name_tokens_on_page:4ssg;name_tokens_on_host:4ssg;location_on_page; attempt_count:1
155238,4T Markets Limited,4t markets limited,London,,,Other,Worker,Skilled Worker,https://4t.com/,[email protected],,,unverified,,,no_first_party_identity_verified; attempt_count:1
155239,4T2 SENSORS LTD,4t2 sensors ltd,Nantwich,,,Other,Worker,Skilled Worker,https://4t2sensors.com/,info@4T2Sensors.com,,,unverified,,,no_first_party_identity_verified; attempt_count:1
155242,4Wheeler Ltd,4wheeler ltd,Camberley,,,Other,Worker,Skilled Worker,https://4wheelerltd.co.uk/,[email protected],,,unverified,,,no_first_party_identity_verified; attempt_count:1
155247,5 CARE SERVICES LIMITED,5 care services limited,WALSALL,WEST MIDLANDS,West Midlands,Other,Worker,Skilled Worker,https://5careservices.co.uk/,info@5careservices.co.uk,https://5careservices.co.uk/cannock-vacancies,,unverified,,,no_first_party_identity_verified; attempt_count:2
155248,5 Dimensions Trust,5 dimensions trust,Milton Keynes,,,Other,Worker,Skilled Worker,,,,,unverified,,,no_first_party_identity_verified; attempt_count:0
155250,5 Health Northwest Ltd T/ A iPharmacy Princess Road,5 health northwest ltd t a ipharmacy princess road,Manchester,,,Other,Worker,Skilled Worker,,,,,unverified,,,no_first_party_identity_verified; attempt_count:0
155251,5 Hertford Street,5 hertford street,London,,,Other,Worker,Skilled Worker,https://www.5hertfordstreet.com/,hr@5hertfordstreet.com,,,unverified,,,no_first_party_identity_verified; attempt_count:2
155252,5 INDUSTRIAL LIMITED,5 industrial limited,Redditch,,,Other,Worker,Skilled Worker,http://www.5industrial.co.uk,,,,unverified,,,no_first_party_identity_verified; attempt_count:1
155253,5 Lights Training,5 lights training,Bradford,,,Other,Worker,Skilled Worker,https://5lights.co.uk/,info@5lights.co.uk,,https://5lights.co.uk/,medium,https://5lights.co.uk/,existing_website+contact_email_domain,name_tokens_on_page:lights+training; attempt_count:1
155257,5 Squirrels Ltd,5 squirrels ltd,Hove,East Sussex,South East,Other,Worker,Skilled Worker,https://www.5squirrels.com/,info@5squirrels.com,,,unverified,,,no_first_party_identity_verified; attempt_count:2
155259,5 Star Cars Bedford Limited,5 star cars bedford limited,Bedford,,,Other,Worker,Skilled Worker,https://5starcarsbedford.co.uk,,,,unverified,,,no_first_party_identity_verified; attempt_count:1
155262,5 STAR FOOD DISTRIBUTION LTD,5 star food distribution ltd,London,,,Other,Worker,Skilled Worker,https://5starfoodsltd.com/,info@5starfoodsltd.com,,https://5starfoodsltd.com/,medium,https://5starfoodsltd.com/,existing_website+contact_email_domain,name_tokens_on_page:star+food+distribution; attempt_count:1
155263,5 Star Fruit and Veg London Ltd,5 star fruit and veg london ltd,Ilford,Essex,East of England,Other,Worker,Skilled Worker,https://www.5starfruitandveg.com,,,,unverified,,,no_first_party_identity_verified; attempt_count:1
155264,5 Star Glazing Ltd,5 star glazing ltd,Uxbridge,,,Other,Worker,Skilled Worker,http://www.5starglazing.co.uk,sales@5starglazing.co.uk,,https://5starglazing.co.uk/,high,https://5starglazing.co.uk/,contact_email_domain,name_tokens_on_page:star+glazing;location_on_page; attempt_count:2
155267,5 Star Plastics Ltd,5 star plastics ltd,Camberley,,,Other,Worker,Skilled Worker,https://5starplastics.co.uk/,,,https://5starplastics.co.uk/,medium,https://5starplastics.co.uk/,existing_website,name_tokens_on_page:star+plastics; attempt_count:1
155268,500 Degrees Ferndale Road Ltd,500 degrees ferndale road ltd,"London,",,,Other,Worker,Skilled Worker,https://500degreesbrixton.co.uk/,brixton.500degrees@gmail.com,,https://500degreesbrixton.co.uk/,high,https://500degreesbrixton.co.uk/,existing_website,name_tokens_on_page:500+degrees+road;location_on_page; attempt_count:1; contact_email_domain_not_used_as_website_lead
155269,500 Degrees Herne Hill Ltd,500 degrees herne hill ltd,London,,,Other,Worker,Skilled Worker,https://500degrees.co,,,,low,https://500degrees.co/,existing_website,possible_lead_not_accepted:only_one_name_token_on_page_without_hostname_match:500; attempt_count:1
155271,500k International,500k international,Cambridge,,,Other,Worker,Skilled Worker,https://www.the500k.com/,info@the500k.com,,,unverified,,,no_first_party_identity_verified; attempt_count:2
155272,501 Entertainment Ltd,501 entertainment ltd,Aylesford,Kent,South East,Other,Worker,Skilled Worker,https://501entertainment.com,,,,unverified,,,no_first_party_identity_verified; attempt_count:1
155273,505 Games Limited,505 games limited,Milton Keynes,,,Other,Worker,Skilled Worker,https://505games.com/,,,https://505games.com/,medium,https://505games.com/,existing_website,name_tokens_on_page:505+games; attempt_count:1
155274,50Nine Health & Wellbeing Group Ltd t/a 50Nine,50nine health and wellbeing group ltd t a 50nine,St Albans,England,,Other,Worker,Skilled Worker,,,,,unverified,,,no_first_party_identity_verified; attempt_count:0
155275,51 Cargo Services Ltd,51 cargo services ltd,Newton-Le-Willows,,,Other,Worker,Skilled Worker,https://51cargo.co.uk/,operations@51cargo.co.uk,,,unverified,,,no_first_party_identity_verified; attempt_count:1
155276,515 Capital Limited,515 capital limited,Radlett,,,Other,Worker,Skilled Worker,https://www.515capital.co.uk/,info@515capital.co.uk,,https://www.515capital.co.uk/,high,https://www.515capital.co.uk/,existing_website,name_tokens_on_page:515+capital;location_on_page; attempt_count:1
155278,51tocarbonzero Limited,51tocarbonzero limited,Twemlow,Cheshire,North West,Other,Worker,Skilled Worker,https://www.51tocarbonzero.com/,info@51tocarbonzero.com,https://www.51tocarbonzero.com/careers-with-51-to-carbon-zero,https://www.51tocarbonzero.com/,high,https://www.51tocarbonzero.com/,existing_website+existing_careers_url_domain+company_site_existing_file,name_tokens_on_page:51tocarbonzero;name_tokens_on_host:51tocarbonzero;location_on_page; attempt_count:1
155279,528 International Limited T/A MBM LIMITED,528 international limited t a mbm limited,Liverpool,,,Other,Worker,Skilled Worker,https://madebymitchell.co.uk,,,,unverified,,,no_first_party_identity_verified; attempt_count:1
155281,53 North Aviation Ltd,53 north aviation ltd,ROCHDALE,,,Other,Worker,Skilled Worker,https://www.53northaviation.com/,sales@53northaviation.com,,https://www.53northaviation.com/,high,https://www.53northaviation.com/,existing_website,name_tokens_on_page:north+aviation;location_on_page; attempt_count:1
155285,542 Digital Limited,542 digital limited,London,,,Other,Worker,Skilled Worker,https://542digital.com,,,,unverified,,,no_first_party_identity_verified; attempt_count:1
155287,550 Interiors Ltd,550 interiors ltd,Birmingham,West Midlands,West Midlands,Other,Worker,Skilled Worker,https://550interiors.co.uk/,sales@550interiors.co.uk,,https://550interiors.co.uk/,high,https://550interiors.co.uk/,existing_website+contact_email_domain,name_tokens_on_page:550+interiors;location_on_page; attempt_count:1
155288,555 Business Ltd T/A Subway,555 business ltd t a subway,Newmarket,,,Other,Worker,Skilled Worker,https://www.subway.com/en-GB,,,https://www.subway.com/,medium,https://www.subway.com/en-us,existing_website,name_tokens_on_page:subway;name_tokens_on_host:subway; attempt_count:1
155289,5654 & Company Limited,5654 and company limited,London,,,Other,Worker,Skilled Worker,https://www.5654.co.uk/,hello@5654.co.uk,https://www.5654.co.uk/careers,https://www.5654.co.uk/,medium,https://www.5654.co.uk/,existing_website+existing_careers_url_domain+company_site_existing_file,name_tokens_on_page:5654;name_tokens_on_host:5654; attempt_count:1
155290,56Three Architects Limited,56three architects limited,Edinburgh,,,Other,Worker,Skilled Worker,https://www.56three.com/,info@56three.com,,https://www.56three.com/,high,https://www.56three.com/,existing_website,name_tokens_on_page:56three+architects;name_tokens_on_host:56three;location_on_page; attempt_count:1
155292,59 Studio Ltd,59 studio ltd,London,,,Other,Worker,Skilled Worker,https://59.studio/,,https://job-boards.greenhouse.io/journey,https://59.studio/,high,https://59.studio/,existing_website,name_tokens_on_page:studio;name_tokens_on_host:studio;location_on_page; attempt_count:1; existing_careers_url_not_employer_domain; company_site_cache_url_not_employer_domain; company_site_source_host_not_eligible
155295,5AB CARE LTD,5ab care ltd,Letchworth,Hertfordshire,East of England,Other,Worker,Skilled Worker,https://5abcare.com/,info@5abcare.com,https://5abcare.com/careers,,low,https://5abcare.com/,existing_website+contact_email_domain+existing_careers_url_domain+company_site_existing_file,possible_lead_not_accepted:only_one_name_token_on_page_without_hostname_match:5ab; attempt_count:1
155297,5app Ltd,5app ltd,London,,,Other,Worker,Skilled Worker,https://5app.com,recruitment@5app.com,https://5app.com/careers,https://5app.com/,medium,https://5app.com/,existing_website+contact_email_domain+existing_careers_url_domain+company_site_existing_file,name_tokens_on_page:5app;name_tokens_on_host:5app; attempt_count:1
155298,5C Group Services Ltd,5c group services ltd,Birmingham,,,Other,Worker,Skilled Worker,https://5c.co.uk,,,,unverified,,,no_first_party_identity_verified; attempt_count:1
155299,5G Communications Limited,5g communications limited,High Wycombe,Bucks,,Other,Worker,Skilled Worker,https://www.5gcomms.com/,,https://www.5gcomms.com/about-us/careers,,low,https://www.5gcomms.com/,existing_website+existing_careers_url_domain+company_site_existing_file,possible_lead_not_accepted:only_one_name_token_on_page_without_hostname_match:communications; attempt_count:2
155300,5G connect ltd,5g connect ltd,Birmingham,,,Other,Worker,Skilled Worker,https://5gconnects.co.uk,5gconnect27@gmail.com,,,low,https://5gconnects.co.uk/,existing_website,possible_lead_not_accepted:only_one_name_token_on_page_without_hostname_match:connect; attempt_count:1; contact_email_domain_not_used_as_website_lead
155301,5G3i Ltd,5g3i ltd,London,,,Other,Worker,Skilled Worker,http://5g3i.com,,,,unverified,,,no_first_party_identity_verified; attempt_count:1
155303,5M Solutions Ltd,5m solutions ltd,Wolverhampton,South Staffs,,Other,Worker,Skilled Worker,https://5ms.co.uk,,,,unverified,,,no_first_party_identity_verified; attempt_count:1
155307,5STARS TOTAL SOLUTIONS LTD,5stars total solutions ltd,Brighton,,,Other,Worker,Skilled Worker,https://www.5starstotalsolutionsltd.com/,,,https://www.5starstotalsolutionsltd.com/,medium,https://www.5starstotalsolutionsltd.com/,existing_website,name_tokens_on_page:5stars+total; attempt_count:1
155308,5th Avenue Clothing Ltd,5th avenue clothing ltd,Leicester,,,Other,Worker,Skilled Worker,https://5thavenueclothing.co.uk,sales@5thavenueclothing.com,,,unverified,,,no_first_party_identity_verified; attempt_count:2
155309,5th Studio Ltd.,5th studio ltd,London,,,Other,Worker,Skilled Worker,https://www.5thstudio.co.uk/,recruitment@5thstudio.co.uk,,https://www.5thstudio.co.uk/,high,https://www.5thstudio.co.uk/,existing_website,name_tokens_on_page:5th+studio;location_on_page; attempt_count:1
155311,6 Bit Education Ltd,6 bit education ltd,Birmingham,,,Other,Worker,Skilled Worker,https://6b.education/,info@6b.education,https://6b.education/careers,https://6b.education/,medium,https://6b.education/,existing_website+contact_email_domain+existing_careers_url_domain+company_site_existing_file+verified_company_site_source_host,name_tokens_on_page:education;name_tokens_on_host:education; attempt_count:1
155316,"60 Decibels, Inc",60 decibels inc,London,,,Other,Worker,Skilled Worker,https://60decibels.com/,london@60decibels.com,https://60decibels.com/expertise/quality-jobs-workforce-development,,low,https://60decibels.com/,existing_website+contact_email_domain+existing_careers_url_domain+company_site_existing_file,possible_lead_not_accepted:only_one_name_token_on_page_without_hostname_match:decibels; attempt_count:1
155318,60MINS AUTOS & MECHANICAL SERVICES LTD,60mins autos and mechanical services ltd,Birmingham,,,Other,Worker,Skilled Worker,,,,,unverified,,,no_first_party_identity_verified; attempt_count:0
155319,60X Ltd,60x ltd,London,,,Other,Worker,Skilled Worker,https://www.60x.ai/,,https://jobs.ashbyhq.com/60x,https://www.60x.ai/,medium,https://www.60x.ai/,existing_website,name_tokens_on_page:60x;name_tokens_on_host:60x; attempt_count:1; existing_careers_url_not_employer_domain; company_site_cache_url_not_employer_domain
155321,64 COMPUTERS LTD,64 computers ltd,LONDON,MIDDLESEX,,Other,Worker,Skilled Worker,https://64computers.co.uk/,info@64computers.co.uk,,,unverified,,,no_first_party_identity_verified; attempt_count:1
155322,65 Equity Partners Management (UK) Limited,65 equity partners management uk limited,London,,,Other,Worker,Skilled Worker,https://www.65equitypartners.com/,contact@65equitypartners.com,,https://www.65equitypartners.com/,high,https://www.65equitypartners.com/,existing_website,name_tokens_on_page:equity+management;location_on_page; attempt_count:1
155323,65 Equity Partners Management (UK) Limited,65 equity partners management uk limited,London,,,Other,Worker,Skilled Worker,https://www.65equitypartners.com/,contact@65equitypartners.com,,https://www.65equitypartners.com/,high,https://www.65equitypartners.com/,existing_website,name_tokens_on_page:equity+management;location_on_page; verified_domain_identity_cache_hit; attempt_count:1
155325,67 Bricks Ltd.,67 bricks ltd,Oxford,,,Other,Worker,Skilled Worker,https://67bricks.com,contact@67bricks.com,https://67bricks.com/our-careers,,low,https://67bricks.com/,existing_website+contact_email_domain+existing_careers_url_domain+company_site_existing_file+verified_company_site_source_host,possible_lead_not_accepted:only_one_name_token_on_page_without_hostname_match:bricks; attempt_count:2
155326,67 Health Limited,67 health limited,London,,,Other,Worker,Skilled Worker,https://www.67health.co.uk/,hello@67health.co.uk,,,unverified,,,no_first_party_identity_verified; attempt_count:3
155327,67 Pall Mall Ltd,67 pall mall ltd,London,,,Other,Worker,Skilled Worker,https://www.67pallmall.com/,[email protected],https://www.67pallmall.com/careers,https://www.67pallmall.com/,high,https://www.67pallmall.com/,existing_website+existing_careers_url_domain+company_site_existing_file,name_tokens_on_page:pall+mall;location_on_page; attempt_count:1
155328,68 Chef's Table Ltd,68 chef s table ltd,Leicester,,,Other,Worker,Skilled Worker,https://www.chefstablechester.co.uk,heather@chefstablechester.co.uk,https://www.chefstablechester.co.uk/careers,https://www.chefstablechester.co.uk/,medium,https://www.chefstablechester.co.uk/,existing_website+existing_careers_url_domain+company_site_existing_file,name_tokens_on_page:chef+table; attempt_count:1
155329,68 Mobile Solution Ltd t/a Mobile Solution,68 mobile solution ltd t a mobile solution,Nottingham,England,,Other,Worker,Skilled Worker,https://mobilesolution.uk,team@mobilesolutionnotts.co.uk,,https://mobilesolution.uk/,high,https://mobilesolution.uk/,existing_website,name_tokens_on_page:mobile+solution;location_on_page; attempt_count:1
155331,6a ltd.,6a ltd,London,Greater London,London,Other,Worker,Skilled Worker,https://www.6a.co.uk/,post@6a.co.uk,,,unverified,,,no_first_party_identity_verified; attempt_count:3
155332,6B Digital Limited,6b digital limited,Wakefiled,West Yorkshire,Yorkshire and the Humber,Other,Worker,Skilled Worker,https://6b.systems,info@6b.systems,https://6b.systems/careers,https://6b.digital/,high,https://6b.digital/,SponsorList,name_tokens_on_page:digital;name_tokens_on_host:digital;location_on_page; attempt_count:2
155334,6sense Insights UK Ltd,6sense insights uk ltd,London,,,Other,Worker,Skilled Worker,https://6sense.com,,,,unverified,,,no_first_party_identity_verified; attempt_count:2
155335,6sense Insights UK Ltd,6sense insights uk ltd,London,,,Other,Worker,Skilled Worker,https://6sense.com,,,,unverified,,,no_first_party_identity_verified; attempt_count:2
155341,7 ES OUTSOURCE LTD,7 es outsource ltd,LONDON,,,Other,Worker,Skilled Worker,https://www.7es.co.uk/,info@7esgroup.co.uk,,,low,https://www.7es.co.uk/,existing_website,possible_lead_not_accepted:only_one_name_token_on_page_without_hostname_match:outsource; attempt_count:3
155342,7 Flavours Ltd T/A Roosters Piri Piri,7 flavours ltd t a roosters piri piri,Eastleigh,,,Other,Worker,Skilled Worker,https://www.roosterspiripiri.com/,,,https://www.roosterspiripiri.com/,medium,https://www.roosterspiripiri.com/,existing_website,name_tokens_on_page:roosters+piri+piri; attempt_count:1
155343,7 HILLS ICT SERVICES LTD,7 hills ict services ltd,WOKINGHAM,,,Other,Worker,Skilled Worker,https://7hillsictservices.com,info@7hillsictservices.com,,,unverified,,,no_first_party_identity_verified; attempt_count:2
155345,7 HOPES LTD,7 hopes ltd,London,,,Other,Worker,Skilled Worker,https://www.7hopes.co.uk/,info@7hopes.co.uk,,,low,https://www.7hopes.co.uk/,existing_website,possible_lead_not_accepted:only_one_name_token_on_page_without_hostname_match:hopes; attempt_count:3
155346,7 Hospitality Management (UK) Ltd,7 hospitality management uk ltd,Perth,,,Other,Worker,Skilled Worker,https://www.7hospitality.co.uk/,,https://www.7hospitality.co.uk/careers,,low,https://www.7hospitality.co.uk/,existing_website+existing_careers_url_domain+company_site_existing_file,possible_lead_not_accepted:only_one_name_token_on_page_without_hostname_match:management; attempt_count:2
155356,7 Star Ltd,7 star ltd,Hayes,,,Other,Worker,Skilled Worker,https://sevenstarltd.co.uk,info@sevenstarltd.co.uk,,,low,https://sevenstarltd.co.uk/,existing_website+contact_email_domain,possible_lead_not_accepted:only_one_name_token_on_page_without_hostname_match:star; attempt_count:2
155357,7 STAR MERCHANT LTD,7 star merchant ltd,MANCHESTER,,,Other,Worker,Skilled Worker,,,,,low,https://7starfurniture.co.uk/,SponsorList,possible_lead_not_accepted:only_one_name_token_on_page_without_hostname_match:star; attempt_count:1
155361,72 Point Limited,72 point limited,Bristol,,,Other,Worker,Skilled Worker,https://www.72point.com,[email protected],,,low,https://www.72point.com/,existing_website,possible_lead_not_accepted:only_one_name_token_on_page_without_hostname_match:point; attempt_count:2
155362,720 Management Limited,720 management limited,London,,,Other,Worker,Global Business Mobility: Senior or Specialist Worker,https://720ltd.com/,info@720ltd.com,,https://720ltd.com/,medium,https://720ltd.com/,existing_website+contact_email_domain,name_tokens_on_page:720+management; attempt_count:1
155363,720 Management Limited,720 management limited,London,,,Other,Worker,Global Business Mobility: Senior or Specialist Worker,https://720ltd.com/,info@720ltd.com,,https://720ltd.com/,medium,https://720ltd.com/,existing_website+contact_email_domain,name_tokens_on_page:720+management; verified_domain_identity_cache_hit; attempt_count:1
155365,73 Strings Ltd,73 strings ltd,London,,,Other,Worker,Skilled Worker,https://www.73strings.com/,,,,unverified,,,no_first_party_identity_verified; attempt_count:2
155366,73 WR Ltd T/A Pizza Hut Delivery,73 wr ltd t a pizza hut delivery,Peterborough,Cambridgeshire,East of England,Other,Worker,Skilled Worker,https://www.pizzahut.co.uk/,,,https://www.pizzahut.co.uk/,medium,https://www.pizzahut.co.uk/,existing_website,name_tokens_on_page:pizza+hut+delivery; attempt_count:1
155368,750mph Limited,750mph limited,London,,,Other,Worker,Skilled Worker,https://www.750mph.com/,,,https://www.750mph.com/,medium,https://www.750mph.com/,existing_website,name_tokens_on_page:750mph;name_tokens_on_host:750mph; attempt_count:1
155369,76 Harley Street Ltd,76 harley street ltd,London,UK,,Other,Worker,Skilled Worker,https://76harleystreet.com,[email protected],https://76harleystreet.com/careers,https://76harleystreet.com/,high,https://76harleystreet.com/,existing_website+existing_careers_url_domain+company_site_existing_file,name_tokens_on_page:harley+street;location_on_page; attempt_count:1
155370,77 Diamonds Limited,77 diamonds limited,LONDON,,,Other,Worker,Skilled Worker,https://www.77diamonds.com,careers@77diamonds.com,https://www.77diamonds.com/careers.html,,low,https://www.77diamonds.com/,existing_website+existing_careers_url_domain+company_site_existing_file,possible_lead_not_accepted:only_one_name_token_on_page_without_hostname_match:diamonds; attempt_count:3
155372,7711 IOW Limited,7711 iow limited,Seaview,Isle of Wight,South East,Other,Worker,Skilled Worker,https://www.iow.nhs.uk,iownt.careers-work.experience@nhs.net,https://www.iow.nhs.uk/get-involved/work-us,,unverified,,,no_first_party_identity_verified; attempt_count:3
155376,786 AUTO REPAIRS LTD,786 auto repairs ltd,Glasgow,,,Other,Worker,Skilled Worker,https://www.786autorepairs.co.uk/,,,https://www.786autorepairs.co.uk/,high,https://www.786autorepairs.co.uk/,existing_website,name_tokens_on_page:786+auto+repairs;location_on_page; attempt_count:1
155381,786 PIZZA COMPANY LTD T/A PIZZA GO GO,786 pizza company ltd t a pizza go go,Dewsbury,,,Other,Worker,Skilled Worker,https://www.pizzagogo.co.uk/,cs@pizzagogo.net,https://www.pizzagogo.co.uk/franchise-opportunities,,low,https://www.pizzagogo.co.uk/,existing_website+existing_careers_url_domain+company_site_existing_file,possible_lead_not_accepted:only_one_name_token_on_page_without_hostname_match:pizza; attempt_count:3
155382,786HORIZON FOODS LTD,786horizon foods ltd,Motherwell,,,Other,Worker,Skilled Worker,https://www.786horizonfoods.com/,,,,unverified,,,no_first_party_identity_verified; attempt_count:2
155383,790 Wolseley Road Management Limited,790 wolseley road management limited,London,,,Other,Worker,Skilled Worker,http://790wolseleymanagement.com/,,,,low,https://www.businessmagnet.co.uk/,SponsorList,possible_lead_not_accepted:only_one_name_token_on_page_without_hostname_match:management; attempt_count:2
155385,7AATRANG PARTYWEAR LTD,7aatrang partywear ltd,Birmingham,,,Other,Worker,Skilled Worker,https://7aatrang.com/,,,https://7aatrang.com/,medium,https://7aatrang.com/,existing_website,name_tokens_on_page:7aatrang;name_tokens_on_host:7aatrang; attempt_count:1
155392,7Days Performance Limited,7days performance limited,Norfolk,,,Other,Worker,Skilled Worker,https://7daysperformance.co.uk/,hello@7daysperformance.co.uk,,https://7daysperformance.co.uk/,medium,https://7daysperformance.co.uk/,existing_website+contact_email_domain,name_tokens_on_page:7days+performance; attempt_count:1
155393,7Dxperts UK Ltd,7dxperts uk ltd,London,,,Other,Worker,Skilled Worker,https://7dxperts.com,speaktous@7dxperts.com,,https://7dxperts.com/,high,https://7dxperts.com/,existing_website+contact_email_domain,name_tokens_on_page:7dxperts;name_tokens_on_host:7dxperts;location_on_page; attempt_count:1
155395,7Hills Technologies Ltd,7hills technologies ltd,Newcastle-Under-Lyme,,,Other,Worker,Skilled Worker,https://7hillstechnologies.co.uk/,info@7hillstechnologies.co.uk,https://7hillstechnologies.co.uk/careers,https://7hillstechnologies.co.uk/,medium,https://7hillstechnologies.co.uk/,existing_website+contact_email_domain+existing_careers_url_domain+company_site_existing_file,name_tokens_on_page:7hills+technologies; attempt_count:1
155398,7N Architects (Randolph) Ltd,7n architects randolph ltd,Edinburgh,Scotland,Scotland,Other,Worker,Skilled Worker,https://www.7narchitects.com/,info@7Narchitects.com,,https://www.7narchitects.com/,high,https://www.7narchitects.com/,existing_website,name_tokens_on_page:architects+randolph;location_on_page; attempt_count:1
155399,7Ridge Limited,7ridge limited,London,,,Other,Worker,Skilled Worker,https://7ridge.com/,,,https://7ridge.com/,high,https://7ridge.com/,existing_website,name_tokens_on_page:7ridge;name_tokens_on_host:7ridge;location_on_page; attempt_count:1
155400,7TH HEAVEN FOODS LIMITED,7th heaven foods limited,London,,,Other,Worker,Global Business Mobility: Senior or Specialist Worker,https://www.7thheavenuk.com/,cs@7thheaven.in,,https://www.7thheaven.in/,medium,https://www.7thheaven.in/,contact_email_domain,name_tokens_on_page:7th+heaven; attempt_count:2
155401,7TH HEAVEN FOODS LIMITED,7th heaven foods limited,London,,,Other,Worker,Global Business Mobility: Senior or Specialist Worker,https://www.7thheavenuk.com/,cs@7thheaven.in,,https://www.7thheaven.in/,medium,https://www.7thheaven.in/,contact_email_domain,name_tokens_on_page:7th+heaven; verified_domain_identity_cache_hit; attempt_count:2
155402,7th Heaven Trade Ltd,7th heaven trade ltd,Brentford,,,Other,Worker,Skilled Worker,https://shopdiva.co.uk,,,https://my7thheaven.com/,medium,https://my7thheaven.com/,SponsorList,name_tokens_on_page:7th+heaven; attempt_count:2
155403,7th Heaven Trade Ltd,7th heaven trade ltd,Brentford,,,Other,Worker,Skilled Worker,https://shopdiva.co.uk,,,https://my7thheaven.com/,medium,https://my7thheaven.com/,SponsorList,name_tokens_on_page:7th+heaven; verified_domain_identity_cache_hit; attempt_count:2
155407,8 Million Stories Limited,8 million stories limited,Edinburgh,Edinburgh,Scotland,Other,Worker,Skilled Worker,https://8ms.com/,hello@8ms.com,https://8ms.com/about/careers,https://8ms.com/,high,https://8ms.com/,existing_website+contact_email_domain+existing_careers_url_domain+company_site_existing_file,name_tokens_on_page:million+stories;location_on_page; attempt_count:1
155409,"80,000 Hours Limited",80 000 hours limited,London,,,Other,Worker,Skilled Worker,https://80000hours.org/,,https://80000hours.org/career-guide,https://80000hours.org/,medium,https://80000hours.org/,existing_website+existing_careers_url_domain+company_site_existing_file+verified_company_site_source_host,name_tokens_on_page:000+hours; attempt_count:1
155410,80:20 Communications Limited,80 20 communications limited,Guildford,Surrey,South East,Other,Worker,Skilled Worker,https://80-20.co.uk,info@80-20.co.uk,,,low,https://www.8020comms.com/,SponsorList,possible_lead_not_accepted:only_one_name_token_on_page_without_hostname_match:communications; attempt_count:2
155411,80:20 Procurement Services Limited,80 20 procurement services limited,Aberdeen,,,Other,Worker,Global Business Mobility: Senior or Specialist Worker,https://www.8020procurement.com/,infouk@8020procurement.com,https://www.8020procurement.com/careers,,unverified,,,no_first_party_identity_verified; attempt_count:3
155412,80:20 Procurement Services Limited,80 20 procurement services limited,Aberdeen,,,Other,Worker,Global Business Mobility: Senior or Specialist Worker,https://www.8020procurement.com/,infouk@8020procurement.com,https://www.8020procurement.com/careers,,unverified,,,no_first_party_identity_verified; attempt_count:3
155416,85 Piccadilly Ltd,85 piccadilly ltd,London,Middlesex,,Other,Worker,Skilled Worker,https://hide.co.uk,info@hide.co.uk,https://hide.co.uk/careers,,low,https://hide.co.uk/,existing_website+contact_email_domain+existing_careers_url_domain+company_site_existing_file,possible_lead_not_accepted:only_one_name_token_on_page_without_hostname_match:piccadilly; attempt_count:2
155417,85 Secret Garden,85 secret garden,Staffs,,,Other,Worker,Skilled Worker,https://www.secretgardennw3.co.uk/,info@secretgardennw3.co.uk,https://www.secretgardennw3.co.uk/careers,https://www.secretgardennw3.co.uk/,medium,https://www.secretgardennw3.co.uk/,existing_website+existing_careers_url_domain+company_site_existing_file,name_tokens_on_page:secret+garden; attempt_count:1
155418,862 LTD t/a The McMillan Bar + Chop House,862 ltd t a the mcmillan bar chop house,Glasgow,,,Other,Worker,Skilled Worker,,,,https://www.themcmillan.co.uk/,high,https://www.themcmillan.co.uk/,SponsorList,name_tokens_on_page:mcmillan+bar;location_on_page; attempt_count:1
155424,89BK LTD T/A Quadrant Local - Premier Store,89bk ltd t a quadrant local premier store,Manchester,,,Other,Worker,Skilled Worker,http://89bk.co.uk/,,,https://www.premier-stores.co.uk/,high,https://www.premier-stores.co.uk/,SponsorList,name_tokens_on_page:premier+store;name_tokens_on_host:premier; attempt_count:2
155425,89up Ltd,89up ltd,London,,,Other,Worker,Skilled Worker,https://89up.org/,[email protected],https://89up.org/join-89up,https://89up.org/,high,https://89up.org/,existing_website+existing_careers_url_domain+company_site_existing_file,name_tokens_on_page:89up;name_tokens_on_host:89up;location_on_page; attempt_count:1
155426,8Ball Contractors Limited,8ball contractors limited,Nottingham,,,Other,Worker,Skilled Worker,https://www.8balls.co.uk/,Maintenance8ball@gmail.com,,,unverified,,,no_first_party_identity_verified; attempt_count:2; contact_email_domain_not_used_as_website_lead
155430,8th Earl Spencer's Family Settlement,8th earl spencer s family settlement,Althorp,Northamptonshire,East Midlands,Other,Worker,Skilled Worker,https://althorpestate.com/,[email protected],,,unverified,,,no_first_party_identity_verified; attempt_count:1
155431,8th Light Ltd,8th light ltd,London,,,Other,Worker,Global Business Mobility: Senior or Specialist Worker,https://8thlight.com,contact@8thlight.com,https://8thlight.com/careers,https://8thlight.com/,high,https://8thlight.com/,existing_website+contact_email_domain+existing_careers_url_domain+company_site_existing_file,name_tokens_on_page:8th+light;location_on_page; attempt_count:1
155432,8th Light Ltd,8th light ltd,London,,,Other,Worker,Global Business Mobility: Senior or Specialist Worker,https://8thlight.com,contact@8thlight.com,https://8thlight.com/careers,https://8thlight.com/,high,https://8thlight.com/,existing_website+contact_email_domain+existing_careers_url_domain+company_site_existing_file,name_tokens_on_page:8th+light;location_on_page; verified_domain_identity_cache_hit; attempt_count:1
155433,8th Wonder Ltd.,8th wonder ltd,Wigan,,,Other,Worker,Skilled Worker,https://8thwonder.co.uk/,info@8thwonder.co.uk,https://8thwonder.co.uk/pages/careers-1,https://8thwonder.co.uk/,medium,https://8thwonder.co.uk/,existing_website+contact_email_domain+existing_careers_url_domain+company_site_existing_file,name_tokens_on_page:8th+wonder; attempt_count:1
155435,8TWENTY3 LIMITED,8twenty3 limited,DUNSTABLE,,,Other,Worker,Skilled Worker,https://www.8twentythree.com,8twentythreee@gmail.com,,,unverified,,,no_first_party_identity_verified; attempt_count:2; contact_email_domain_not_used_as_website_lead
155436,8x8 UK LIMITED,8x8 uk limited,AYLESBURY,BUCKINGHAMSHIRE,South East,Other,Worker,Global Business Mobility: Senior or Specialist Worker,https://www.8x8.com/,uk-bid@8x8.com,,,unverified,,,no_first_party_identity_verified; attempt_count:3
155437,8x8 UK LIMITED,8x8 uk limited,AYLESBURY,BUCKINGHAMSHIRE,South East,Other,Worker,Global Business Mobility: Senior or Specialist Worker,https://www.8x8.com/,uk-bid@8x8.com,,,unverified,,,no_first_party_identity_verified; attempt_count:3
155438,9 Cuisines Limited,9 cuisines limited,London,,,Other,Worker,Skilled Worker,https://9cuisines.co.uk/,info@9cuisines.co.uk,,,low,https://9cuisines.co.uk/,existing_website+contact_email_domain,possible_lead_not_accepted:only_one_name_token_on_page_without_hostname_match:cuisines; attempt_count:2
155442,9 Property Group Ltd,9 property group ltd,Nottingham,,,Other,Worker,Skilled Worker,https://www.9pg.co.uk/,hello@9pg.co.uk,,,low,https://www.9pg.co.uk/,existing_website,possible_lead_not_accepted:only_one_name_token_on_page_without_hostname_match:property; attempt_count:3
155444,90 Sloane Street Limited,90 sloane street limited,London,,,Other,Worker,Skilled Worker,https://www.90sloanestreet.com,enquiries@90sloanestreet.com,,https://www.90sloanestreet.com/,high,https://www.90sloanestreet.com/,existing_website,name_tokens_on_page:sloane+street;location_on_page; attempt_count:1
155445,92 Degrees Limited,92 degrees limited,Liverpool,,,Other,Worker,Skilled Worker,https://92degrees.coffee/,,https://92degrees.coffee/pages/careers,,low,https://92degrees.coffee/,existing_website+existing_careers_url_domain+company_site_existing_file,possible_lead_not_accepted:only_one_name_token_on_page_without_hostname_match:degrees; attempt_count:2
155446,92 Higher Drive Ltd T/A Highfield House,92 higher drive ltd t a highfield house,Purley,Surrey,South East,Other,Worker,Skilled Worker,https://fairliehealthcare.co.uk/,nadeem.anwar@fairliehealthcaregroup.com,,,unverified,,,no_first_party_identity_verified; attempt_count:3
155449,93digital,93digital,London,,,Other,Worker,Skilled Worker,https://claritydx.global,,,,low,https://claritydx.global/,existing_website,possible_lead_not_accepted:only_one_name_token_on_page_without_hostname_match:93digital; attempt_count:2
155454,96 Harley Street Limited,96 harley street limited,London,,,Other,Worker,Skilled Worker,http://96harleystreet.co.uk,,,https://www.96harleystreet.co.uk/,high,https://www.96harleystreet.co.uk/,SponsorList,name_tokens_on_page:harley+street;location_on_page; attempt_count:2
155458,99 HIGH STREET LTD T/A SPICE ROUGE,99 high street ltd t a spice rouge,"Stevenage,",Hertfordshire,East of England,Other,Worker,Skilled Worker,https://spicerouge.com,admin@spicerouge.com,,https://spicerouge.com/,high,https://spicerouge.com/,existing_website+contact_email_domain,name_tokens_on_page:high+street;location_on_page; attempt_count:1
155459,99 V LIMITED t/a Victorious Tattoo Glasgow,99 v limited t a victorious tattoo glasgow,Glasgow,,,Other,Worker,Skilled Worker,https://victorioustattoo.com,,,https://victorioustattoo.co.uk/,high,https://victorioustattoo.co.uk/,SponsorList,name_tokens_on_page:victorious+tattoo+glasgow;location_on_page; attempt_count:2
155460,99K Limited,99k limited,Manchester,Greater Manchester,North West,Other,Worker,Skilled Worker,,,,,unverified,,,no_first_party_identity_verified; attempt_count:0
155461,99P Recycling Ltd,99p recycling ltd,Manchester,,,Other,Worker,Skilled Worker,https://www.99precycling.com/,info@99precycling.co.uk,,https://www.99precycling.com/,high,https://www.99precycling.com/,existing_website,name_tokens_on_page:99p+recycling;location_on_page; attempt_count:1
155464,9fin Limited,9fin limited,London,,,Other,Worker,Skilled Worker,https://9fin.com,,https://jobs.ashbyhq.com/9fin/form/talent-community,https://9fin.com/,high,https://9fin.com/,existing_website,name_tokens_on_page:9fin;name_tokens_on_host:9fin;location_on_page; attempt_count:1; existing_careers_url_not_employer_domain; company_site_cache_url_not_employer_domain; company_site_source_host_not_eligible
155465,9Nexus Limited,9nexus limited,Ruislip,,,Other,Worker,Skilled Worker,https://9nexus.com/,,,,unverified,,,no_first_party_identity_verified; attempt_count:2
155480,A & B Cabs (Leicester) Ltd,a and b cabs leicester ltd,Leicester,,,Other,Worker,Skilled Worker,https://abtaxisinleicester.co.uk/,info@abtaxisinleicester.co.uk,,https://abtaxisinleicester.co.uk/,high,https://abtaxisinleicester.co.uk/,existing_website+contact_email_domain,name_tokens_on_page:cabs+leicester;location_on_page; attempt_count:1
155481,A & B Concrete Pumping Limited,a and b concrete pumping limited,Southend-on-Sea,,,Other,Worker,Skilled Worker,https://www.abpumping.co.uk,[email protected],,https://www.abpumping.co.uk/,medium,https://www.abpumping.co.uk/,existing_website,name_tokens_on_page:concrete+pumping; attempt_count:1
155484,A & CO ACCOUNTANTS (NMN) LTD,a and co accountants nmn ltd,Manchester,Lancashire,North West,Other,Worker,Skilled Worker,https://aco-accountants.co.uk/,info@aco-accountants.co.uk,,https://aco-accountants.co.uk/,medium,https://aco-accountants.co.uk/,existing_website+contact_email_domain,name_tokens_on_page:accountants;name_tokens_on_host:accountants; attempt_count:1
155489,A & D Hope Limited,a and d hope limited,London,,,Other,Worker,Skilled Worker,https://adhope.com/,,,,low,https://www.adhope.com/,SponsorList,possible_lead_not_accepted:only_one_name_token_on_page_without_hostname_match:hope; attempt_count:2
155491,A & D Murco Friendly Ltd,a and d murco friendly ltd,Fishguard,Wales,Wales,Other,Worker,Skilled Worker,https://www.murco.co.uk/,,,https://www.murco.co.uk/,high,https://www.murco.co.uk/,existing_website,name_tokens_on_page:murco;name_tokens_on_host:murco;location_on_page; attempt_count:1
155497,A & F Foods Limited T/a Pizza Hut,a and f foods limited t a pizza hut,Reading,,,Other,Worker,Skilled Worker,https://www.careersatpizzahut.co.uk/,,,https://www.careersatpizzahut.co.uk/,medium,https://www.careersatpizzahut.co.uk/,existing_website,name_tokens_on_page:pizza+hut; attempt_count:1
155502,A & G Pet Medical Ltd,a and g pet medical ltd,Chatteris,Cambridgshire,,Other,Worker,Skilled Worker,,,,,unverified,,,no_first_party_identity_verified; attempt_count:1
155504,A & G Young,a and g young,Errol,Perth,,Other,Worker,Skilled Worker,https://agg.uk.com,anthony.alder@agg.uk.com,https://agg.uk.com/about/careers,,unverified,,,no_first_party_identity_verified; attempt_count:2
155506,A & H Exchange Limited,a and h exchange limited,Thornton Heath,Croydon,,Other,Worker,Skilled Worker,https://anhexchange.co.uk/,contact@anhexchange.co.uk,,,unverified,,,no_first_party_identity_verified; attempt_count:2
155514,A & J PROFESSIONALS LTD (T/A ZEST DRYCLEANERS),a and j professionals ltd t a zest drycleaners,MARLOW,,,Other,Worker,Skilled Worker,https://www.zestdrycleaners.com/,zestdrycleaners@yahoo.com,,,low,https://www.zestdrycleaners.co.uk/,SponsorList,possible_lead_not_accepted:only_one_name_token_on_page_without_hostname_match:zest; attempt_count:2; contact_email_domain_not_used_as_website_lead
155518,A & M Cars South Ltd,a and m cars south ltd,Hemel Hempstead,,,Other,Worker,Skilled Worker,https://www.amcarsltd.co.uk/,,,,unverified,,,no_first_party_identity_verified; attempt_count:2
155521,A & M Granite Solutions Ltd,a and m granite solutions ltd,Durham,County Durham,North East,Other,Worker,Skilled Worker,http://amgranitesolutions.co.uk,info@amgranitesolutions.com,,,low,https://amgranitesolutions.co.uk/,existing_website,possible_lead_not_accepted:only_one_name_token_on_page_without_hostname_match:granite; attempt_count:3
155522,A & M Motors,a and m motors,Nottingham,Nottinghamshire,East Midlands,Other,Worker,Skilled Worker,https://www.ammotors.co.uk/,info@AMMotors.co.uk,,,unverified,,,no_first_party_identity_verified; attempt_count:3
155524,A & M Rugs Limited,a and m rugs limited,Southampton,,,Other,Worker,Skilled Worker,http://latifrugs.com/,,,,unverified,,,no_first_party_identity_verified; attempt_count:2
155525,A & M SERVICES (ESSEX) LTD,a and m services essex ltd,Brentwood,Essex,East of England,Other,Worker,Skilled Worker,https://aandmltd.com/,,https://aandmltd.com/careers,,low,https://aandmltd.com/,existing_website+existing_careers_url_domain+company_site_existing_file+verified_company_site_source_host,possible_lead_not_accepted:only_one_name_token_on_page_without_hostname_match:essex; attempt_count:2
155528,A & N TRIMMINGS LIMITED,a and n trimmings limited,SOLIHULL,,,Other,Worker,Skilled Worker,https://www.antrimm.co.uk/,sales@antrimm.co.uk,,,low,https://www.antrimm.co.uk/,existing_website,possible_lead_not_accepted:only_one_name_token_on_page_without_hostname_match:trimmings; attempt_count:3
155529,A & R Care Limited,a and r care limited,Sanderstead,Surrey,South East,Other,Worker,Skilled Worker,https://arcarelimited.co.uk/,hr@arcarelimited.co.uk,https://arcarelimited.co.uk/pages/careers,,unverified,,,no_first_party_identity_verified; attempt_count:2
155533,A & S ACCOUNTING SERVICES LTD,a and s accounting services ltd,ILFORD,,,Other,Worker,Skilled Worker,,,,,unverified,,,no_first_party_identity_verified; attempt_count:1
155534,A & S food Store,a and s food store,Luton,,,Other,Worker,Skilled Worker,https://asmarket.co.uk/en,,,,low,https://asmarket.co.uk/,existing_website,possible_lead_not_accepted:only_one_name_token_on_page_without_hostname_match:food; attempt_count:2
155549,A & V Transitional Homes Ltd,a and v transitional homes ltd,Leeds,West Yorshire,,Other,Worker,Skilled Worker,https://www.avtransitionalhomes.org.uk/,kamila.ogrodnik@avth.org.uk,,https://www.avtransitionalhomes.org.uk/,high,https://www.avtransitionalhomes.org.uk/,existing_website,name_tokens_on_page:transitional+homes;location_on_page; attempt_count:1
155553,A & Z Trading Limited T/A Kaspas Desserts,a and z trading limited t a kaspas desserts,London,,,Other,Worker,Skilled Worker,https://kaspas.co.uk,,,,unverified,,,no_first_party_identity_verified; attempt_count:2
155555,A + I Services,a i services,Portadown,,,Other,Worker,Skilled Worker,https://aiservicesltd.co.uk/,enquiries@aiservicesltd-vpw6.1wp.site,,,unverified,,,no_first_party_identity_verified; attempt_count:3
155556,A 2 Z MOT Centre Ltd,a 2 z mot centre ltd,Slough,England,,Other,Worker,Skilled Worker,https://www.a2zautozoneltd.com/,a2zautozoneltd@gmail.com,,,low,https://www.a2zautozoneltd.com/,existing_website,possible_lead_not_accepted:only_one_name_token_on_page_without_hostname_match:mot; attempt_count:2; contact_email_domain_not_used_as_website_lead
155558,A 2 Z Windows Limited,a 2 z windows limited,London,,,Other,Worker,Skilled Worker,https://www.a2zwindows.co.uk/,Shaf@a2zwindows.co.uk,,,low,https://www.a2zwindows.co.uk/,existing_website,possible_lead_not_accepted:only_one_name_token_on_page_without_hostname_match:windows; attempt_count:3
155566,A A PROPERTY INVESTMENT (LUTON) LIMITED,a a property investment luton limited,Luton,,,Other,Worker,Skilled Worker,http://directparkinginvestment.co.uk,,,,unverified,,,no_first_party_identity_verified; attempt_count:2
155568,A and A Ali,a and a ali,Newcastle Upon Tyne,,,Other,Worker,Skilled Worker,https://www.aliali.uk/,info@aliali.uk,https://www.aliali.uk/careers,,low,https://www.aliali.uk/,existing_website+existing_careers_url_domain+company_site_existing_file,possible_lead_not_accepted:only_one_name_token_on_page_without_hostname_match:ali; attempt_count:3
155570,A and B Smart materials,a and b smart materials,Oxford,Oxfordshire,South East,Other,Worker,Skilled Worker,https://www.absmartmaterials.com/,,,https://www.absmartmaterials.com/,medium,https://www.absmartmaterials.com/,existing_website,name_tokens_on_page:smart+materials; attempt_count:1
155572,A and D Hendon Ltd t/a Oishii Sushi,a and d hendon ltd t a oishii sushi,Hendon,,,Other,Worker,Skilled Worker,https://oishiisushi.co.uk/,,,https://oishiisushi.co.uk/,high,https://oishiisushi.co.uk/,existing_website,name_tokens_on_page:oishii+sushi;location_on_page; attempt_count:1
155578,A and U Electrical Services,a and u electrical services,Rochdale,,,Other,Worker,Skilled Worker,,,,,unverified,,,no_first_party_identity_verified; attempt_count:1
155583,A B C Cargo & Courier UK Limited,a b c cargo and courier uk limited,England,,,Other,Worker,Global Business Mobility: UK Expansion Worker,https://www.abcargoexpress.com,info@abcargoexpress.com,,https://www.abcargoexpress.com/,high,https://www.abcargoexpress.com/,existing_website,name_tokens_on_page:cargo+courier;location_on_page; attempt_count:1
155584,A B C Cargo & Courier UK Limited,a b c cargo and courier uk limited,England,,,Other,Worker,Global Business Mobility: UK Expansion Worker,https://www.abcargoexpress.com,info@abcargoexpress.com,,https://www.abcargoexpress.com/,high,https://www.abcargoexpress.com/,existing_website,name_tokens_on_page:cargo+courier;location_on_page; verified_domain_identity_cache_hit; attempt_count:1
155586,A B Graphic International Limited,a b graphic international limited,Bridlington,,,Other,Worker,Skilled Worker,https://abgint.com/,info@abgint.com,https://abgint.com/careers,,low,https://abgint.com/,existing_website+contact_email_domain+existing_careers_url_domain+company_site_existing_file,possible_lead_not_accepted:only_one_name_token_on_page_without_hostname_match:graphic; attempt_count:2
155588,A Better Carehome Ltd T/As Breton Court,a better carehome ltd t as breton court,Tenterden,Kent,South East,Other,Worker,Skilled Worker,https://bretoncourt.co.uk/,,,https://bretoncourt.co.uk/,high,https://bretoncourt.co.uk/,existing_website,name_tokens_on_page:carehome+breton+court;location_on_page; attempt_count:1
155591,A C Hulme & Sons,a c hulme and sons,Canterbury,Kent,South East,Other,Worker,Skilled Worker,https://hulmeandson.co.uk,,,https://www.achfarming.co.uk/,high,https://www.achfarming.co.uk/,SponsorList,name_tokens_on_page:hulme+sons;location_on_page; attempt_count:2
155592,A C PREMIER FOODS UK LTD,a c premier foods uk ltd,Watlington,,,Other,Worker,Skilled Worker,https://acpremierfoods.co.uk/,info@acpremierfoods.co.uk,,https://acpremierfoods.co.uk/,high,https://acpremierfoods.co.uk/,existing_website+contact_email_domain,name_tokens_on_page:premier+foods;location_on_page; attempt_count:1
155593,A C UK GROUP LTD,a c uk group ltd,"Uxbridge,",,,Other,Worker,Skilled Worker,https://www.aandcgroup.co.uk,,,,unverified,,,no_first_party_identity_verified; attempt_count:2
155600,A Cloud Guru Ltd,a cloud guru ltd,Twickenham,,,Other,Worker,Global Business Mobility: Senior or Specialist Worker,https://acloudguru.com/,,,,unverified,,,no_first_party_identity_verified; attempt_count:1
155601,A Cloud Guru Ltd,a cloud guru ltd,Twickenham,,,Other,Worker,Global Business Mobility: Senior or Specialist Worker,https://acloudguru.com/,,,,unverified,,,no_first_party_identity_verified; attempt_count:1
155602,A Cloud Guru Ltd,a cloud guru ltd,Twickenham,,,Other,Worker,Global Business Mobility: Senior or Specialist Worker,https://acloudguru.com/,,,,unverified,,,no_first_party_identity_verified; attempt_count:1
155603,A Cloud Guru Ltd,a cloud guru ltd,Twickenham,,,Other,Worker,Global Business Mobility: Senior or Specialist Worker,https://acloudguru.com/,,,,unverified,,,no_first_party_identity_verified; attempt_count:1
155604,A Collected Man,a collected man,London,,,Other,Worker,Skilled Worker,https://www.acollectedman.com/,hiring@acollectedman.com,,,unverified,,,no_first_party_identity_verified; attempt_count:3
155607,A D FOODS LTD,a d foods ltd,London,,,Other,Worker,Skilled Worker,http://adfoods.co.uk,,,,low,https://adfoods.co.uk/,existing_website,possible_lead_not_accepted:only_one_name_token_on_page_without_hostname_match:foods; attempt_count:2
155609,A DESIGN STUDIO LIMITED,a design studio limited,ILFORD,ENGLAND,,Other,Worker,Skilled Worker,http://borisdesignstudio.com,,,https://adesignltd.co.uk/,high,https://adesignltd.co.uk/,SponsorList,name_tokens_on_page:design+studio;location_on_page; attempt_count:2
155610,A Di Maria & Sons Ltd,a di maria and sons ltd,Coventry,,,Other,Worker,Skilled Worker,https://adimaria.co.uk,,,,low,https://www.adimaria.co.uk/,SponsorList,possible_lead_not_accepted:only_one_name_token_on_page_without_hostname_match:maria; attempt_count:2
155611,A E Bishop Limited,a e bishop limited,Stortford,,,Other,Worker,Skilled Worker,https://bishopltd.com/,info@bishopltd.com,,,low,https://bishopltd.com/,existing_website+contact_email_domain,possible_lead_not_accepted:only_one_name_token_on_page_without_hostname_match:bishop; attempt_count:1
155613,A E L CRYSTALS LIMITED,a e l crystals limited,Redhill,Surrey,South East,Other,Worker,Skilled Worker,https://www.aelcrystals.co.uk,sales@aelcrystals.co.uk,,,unverified,,,no_first_party_identity_verified; attempt_count:3
155614,A Energy Solutions Ltd,a energy solutions ltd,London,,,Other,Worker,Skilled Worker,https://aenergysolutions.co.uk/,[email protected],,,low,https://aenergysolutions.co.uk/,existing_website,possible_lead_not_accepted:only_one_name_token_on_page_without_hostname_match:energy; attempt_count:2
155615,A F ENERGY SERVICES LIMITED,a f energy services limited,"Aylesford,",,,Other,Worker,Skilled Worker,,,,,low,https://af.farm/,SponsorList,possible_lead_not_accepted:only_one_name_token_on_page_without_hostname_match:energy; attempt_count:1
155617,A F J Limited,a f j limited,Birmingham,,,Other,Worker,Skilled Worker,https://afjltd.co.uk/,info@afjltd.co.uk,https://afjltd.co.uk/career,,unverified,,,no_first_party_identity_verified; attempt_count:2
155621,A G & SONS (UK) LTD,a g and sons uk ltd,HARROW,MIDDLESEX,,Other,Worker,Skilled Worker,https://www.agandsons.co.uk/,enquiries@agandsons.co.uk,,,low,https://www.agnsons.com/,SponsorList,possible_lead_not_accepted:only_one_name_token_on_page_without_hostname_match:sons; attempt_count:3
155632,A Holt and Sons LTD,a holt and sons ltd,London,,,Other,Worker,Skilled Worker,https://holtstextiles.co.uk/,enquiries@holtstextiles.co.uk,,https://holtstextiles.co.uk/,high,https://holtstextiles.co.uk/,existing_website+contact_email_domain,name_tokens_on_page:holt+sons;location_on_page; attempt_count:1
155634,A Hunt and Co City Ltd,a hunt and co city ltd,LONDON,Greater London,London,Other,Worker,Skilled Worker,https://ahuntandco.com/,sales@ahuntandco.com,,https://ahuntandco.com/,high,https://ahuntandco.com/,existing_website+contact_email_domain,name_tokens_on_page:hunt+city;location_on_page; attempt_count:1
155639,A is for Architecture Ltd,a is for architecture ltd,LONDON,,,Other,Worker,Skilled Worker,https://www.aisfor.co/,hello@aisfor.co,https://www.aisfor.co/news/join-our-team-part-i-ii,,low,https://www.aisfor.co/,existing_website+existing_careers_url_domain+company_site_existing_file,possible_lead_not_accepted:only_one_name_token_on_page_without_hostname_match:architecture; attempt_count:3
155641,A J (PVT) LTD,a j pvt ltd,Orpington,Kent,South East,Other,Worker,Skilled Worker,http://ajcast.com,,,,low,https://ajcast.com/,existing_website,possible_lead_not_accepted:only_one_name_token_on_page_without_hostname_match:pvt; attempt_count:2
155644,A J Caterers UK Limited,a j caterers uk limited,Blandford Forum,,,Other,Worker,Skilled Worker,https://www.ajcaterers.com/,info@ajcaterers.com,,,low,https://www.ajcaterers.com/,existing_website,possible_lead_not_accepted:only_one_name_token_on_page_without_hostname_match:caterers; attempt_count:3
155651,A J PIZZA WORCESTER LTD,a j pizza worcester ltd,Worcester,,,Other,Worker,Skilled Worker,https://ajpizza.co.uk,,,,low,https://ajpizza.co.uk/,existing_website,possible_lead_not_accepted:only_one_name_token_on_page_without_hostname_match:pizza; attempt_count:2
155654,A J Walter Aviation Limited,a j walter aviation limited,Slinfold,,,Other,Worker,Skilled Worker,https://www.ajw-group.com/,aog@ajw-group.com,https://www.ajw-group.com/careers,https://www.ajw-group.com/,medium,https://www.ajw-group.com/,existing_website+existing_careers_url_domain+company_site_existing_file,name_tokens_on_page:walter+aviation; attempt_count:1
155656,A Jolly Consulting Ltd,a jolly consulting ltd,Southend-on-Sea,,,Other,Worker,Skilled Worker,https://www.ajollyconsulting.co.uk/,,,https://www.ajollyconsulting.co.uk/,medium,https://www.ajollyconsulting.co.uk/,existing_website,name_tokens_on_page:jolly+consulting; attempt_count:1
155667,A K Stoddard Ltd,a k stoddard ltd,Broxburn,,,Other,Worker,Skilled Worker,https://www.akstoddart.co.uk/,,https://www.akstoddart.co.uk/careers.html,,unverified,,,no_first_party_identity_verified; attempt_count:2
155669,A Kahn Design Limited,a kahn design limited,Bradford,,,Other,Worker,Skilled Worker,https://www.kahndesign.com,enquiries@kahndesign.com,,,unverified,,,no_first_party_identity_verified; attempt_count:2
155672,A KHALIK PROPERTIES LIMITED,a khalik properties limited,London,England,,Other,Worker,Skilled Worker,http://akhalikproperties.com,,,,unverified,,,no_first_party_identity_verified; attempt_count:2
155674,A Kilo of Spices Ltd,a kilo of spices ltd,Sileby,,,Other,Worker,Skilled Worker,https://www.akospices.com/,sales@akospices.com,,https://www.akospices.com/,high,https://www.akospices.com/,existing_website,name_tokens_on_page:kilo+spices;location_on_page; attempt_count:1
155676,A KOMMS LTD,a komms ltd,Birmingham,,,Other,Worker,Skilled Worker,https://www.akomms.com/,office@akomms.co.uk,https://www.akomms.com/careers,,unverified,,,no_first_party_identity_verified; attempt_count:4
155677,A L A CARE LTD,a l a care ltd,Leicester,Leicestershire,East Midlands,Other,Worker,Skilled Worker,https://www.lacare.co.uk,enquiries@lacare.co.uk,,,unverified,,,no_first_party_identity_verified; attempt_count:3
155678,A L Dalton Ltd,a l dalton ltd,Nottingham,Great Britain,,Other,Worker,Skilled Worker,https://www.radalton.co.uk/,,,,low,https://www.radalton.co.uk/,existing_website,possible_lead_not_accepted:only_one_name_token_on_page_without_hostname_match:dalton; attempt_count:2
155679,A L Tozer Ltd,a l tozer ltd,Cobham,Surrey,South East,Other,Worker,Skilled Worker,https://www.tozerseeds.com,frances.gawthrop@tozerseeds.com,https://www.tozerseeds.com/careers,,low,https://www.tozerseeds.com/,existing_website+existing_careers_url_domain+company_site_existing_file,possible_lead_not_accepted:only_one_name_token_on_page_without_hostname_match:tozer; attempt_count:3
155682,A Little Extra Help Ltd,a little extra help ltd,Corby,,,Other,Worker,Skilled Worker,https://www.alittleextrahelp.co.uk,info@alittleextrahelp.co.uk,,https://www.alittleextrahelpltd.co.uk/,medium,https://www.alittleextrahelpltd.co.uk/,SponsorList,name_tokens_on_page:little+extra+help; attempt_count:3
155683,A Little Peace of Mind ltd,a little peace of mind ltd,Coventry,West Midlands,West Midlands,Other,Worker,Skilled Worker,https://www.little-peace-of-mind.co.uk/,,,https://www.little-peace-of-mind.co.uk/,high,https://www.little-peace-of-mind.co.uk/,existing_website,name_tokens_on_page:little+peace+mind;name_tokens_on_host:little+peace+mind;location_on_page; attempt_count:1
155688,A M Electrical Installations Limited,a m electrical installations limited,Halesowen,West Midlands,West Midlands,Other,Worker,Skilled Worker,https://am-electricals.com/,info@amelectricals.com,https://am-electricals.com/careers,,low,https://am-electricals.com/,existing_website+existing_careers_url_domain+company_site_existing_file,possible_lead_not_accepted:only_one_name_token_on_page_without_hostname_match:electrical; attempt_count:3
155691,A M Jamieson & Daughters,a m jamieson and daughters,Girvan,Ayrshire,,Other,Worker,Skilled Worker,,,,,unverified,,,no_first_party_identity_verified; attempt_count:1
155697,A Million Ads Limited,a million ads limited,London,,,Other,Worker,Skilled Worker,https://www.amillionads.com/,[email protected],,,unverified,,,no_first_party_identity_verified; attempt_count:2
155698,A Million Ads Limited,a million ads limited,London,,,Other,Worker,Skilled Worker,https://www.amillionads.com/,[email protected],,,unverified,,,no_first_party_identity_verified; attempt_count:2
155699,A MIRZA CONSULTANT LTD,a mirza consultant ltd,Birmingham,,,Other,Worker,Skilled Worker,https://amirzaconsultancy.co.uk/,info@amirzaconsultancy.co.uk,,,unverified,,,no_first_party_identity_verified; attempt_count:2
155701,A N ESTATES LTD,a n estates ltd,London,,,Other,Worker,Skilled Worker,https://anestate.co.uk/,an@anestate.co.uk,,,low,https://anestate.co.uk/,existing_website+contact_email_domain,possible_lead_not_accepted:only_one_name_token_on_page_without_hostname_match:estates; attempt_count:2
155706,A N U UTILITIES LTD,a n u utilities ltd,Manchester,,,Other,Worker,Skilled Worker,https://anuutilitiesltd.com/,[email protected],,,unverified,,,no_first_party_identity_verified; attempt_count:2
155709,A Nelson & Co Ltd,a nelson and co ltd,London,,,Other,Worker,Global Business Mobility: Senior or Specialist Worker,https://www.anelson.co.uk,info@nelsons.net,,,low,https://www.nelsons.com/en-us,SponsorList,possible_lead_not_accepted:only_one_name_token_on_page_without_hostname_match:nelson; attempt_count:3
155710,A Nelson & Co Ltd,a nelson and co ltd,London,,,Other,Worker,Global Business Mobility: Senior or Specialist Worker,https://www.anelson.co.uk,info@nelsons.net,,,low,https://www.nelsons.com/en-us,SponsorList,possible_lead_not_accepted:only_one_name_token_on_page_without_hostname_match:nelson; attempt_count:3
155711,A Number of Names Limited,a number of names limited,London,London,London,Other,Worker,Skilled Worker,http://anumberofnames.org/,,,,unverified,,,no_first_party_identity_verified; attempt_count:1
155715,A One Tyres Ltd,a one tyres ltd,Dromore,,,Other,Worker,Skilled Worker,https://aonetyres.co.uk/,info@aonetyres.co.uk,,https://aonetyres.co.uk/,high,https://aonetyres.co.uk/,existing_website+contact_email_domain,name_tokens_on_page:one+tyres;location_on_page; attempt_count:1
155722,A P TRAINING LTD,a p training ltd,Wolverhampton,,,Other,Worker,Skilled Worker,https://www.aptraining.co.uk/,info@aptraining.co.uk,,,low,https://www.aptraining.co.uk/,existing_website,possible_lead_not_accepted:only_one_name_token_on_page_without_hostname_match:training; attempt_count:3
155726,A Patel T/A Mail Boxes Etc Croydon,a patel t a mail boxes etc croydon,London,,,Other,Worker,Skilled Worker,https://www.mbe.co.uk/croydonhighst,croydon@centres.mbe.uk,https://www.mbe.co.uk/career-opportunities,https://www.mbe.co.uk/,high,https://www.mbe.co.uk/,existing_website+existing_careers_url_domain+company_site_existing_file,name_tokens_on_page:mail+boxes+etc+croydon;location_on_page; attempt_count:1
155730,A Place Called Common Ltd.,a place called common ltd,Manchester,,,Other,Worker,Skilled Worker,https://www.aplacecalledcommon.co.uk/,matthew@commonandco.co.uk,,https://www.aplacecalledcommon.co.uk/,high,https://www.aplacecalledcommon.co.uk/,existing_website,name_tokens_on_page:place+called+common;location_on_page; attempt_count:1
155732,A PLUS ACADEMY LTD,a plus academy ltd,Manchester,,,Other,Worker,Skilled Worker,https://aplusacademy.co.uk/,,https://www.aplusacademy.co.uk/careers,https://www.aplusacademy.co.uk/,high,https://www.aplusacademy.co.uk/,existing_careers_url_domain+company_site_existing_file,name_tokens_on_page:plus+academy;location_on_page; attempt_count:2
155733,A Plus Consulting Ltd,a plus consulting ltd,London,,,Other,Worker,Skilled Worker,https://www.aplusconsulting.co.uk/,info@aplusconsulting.co.uk,,https://www.aplusconsulting.co.uk/,high,https://www.aplusconsulting.co.uk/,existing_website,name_tokens_on_page:plus+consulting;location_on_page; attempt_count:1
155734,A PLUS DYNAMICS RECRUITMENT LTD,a plus dynamics recruitment ltd,CHATHAM,,,Other,Worker,Skilled Worker,https://www.aplusdynamicsrecruitmentltd.co.uk/,[email protected],,,unverified,,,no_first_party_identity_verified; attempt_count:2
155735,A Plus International Express Parcels (UK) Ltd,a plus international express parcels uk ltd,Feltham,Middlesex,,Other,Worker,Skilled Worker,http://www.apex100.co.uk,,,,unverified,,,no_first_party_identity_verified; attempt_count:2
155736,A Plus Windows and Doors Limited,a plus windows and doors limited,Watford,,,Other,Worker,Skilled Worker,https://aplusaluminium.co.uk/,sales@aplusaluminium.co.uk,,https://aplusaluminium.co.uk/,high,https://aplusaluminium.co.uk/,existing_website+contact_email_domain+verified_company_site_source_host,name_tokens_on_page:plus+windows+doors;location_on_page; attempt_count:1
155737,A Productions Limited,a productions limited,Bristol,,,Other,Worker,Skilled Worker,https://aproductions.co.uk/,info@aproductions.co.uk,https://aproductions.co.uk/careers,,low,https://aproductions.co.uk/,existing_website+contact_email_domain+existing_careers_url_domain+company_site_existing_file,possible_lead_not_accepted:only_one_name_token_on_page_without_hostname_match:productions; attempt_count:2
155738,A Productions Limited,a productions limited,Bristol,,,Other,Worker,Skilled Worker,https://aproductions.co.uk/,info@aproductions.co.uk,https://aproductions.co.uk/careers,,low,https://aproductions.co.uk/,existing_website+contact_email_domain+existing_careers_url_domain+company_site_existing_file,possible_lead_not_accepted:only_one_name_token_on_page_without_hostname_match:productions; attempt_count:2
155739,A Professional Guarding Facilities Management Limited,a professional guarding facilities management limited,"Park Royal, London",Ealing London,,Other,Worker,Skilled Worker,https://pgfm.co.uk/,info@pgfm.co.uk,https://pgfm.co.uk/work-for-us,,low,https://pgfm.co.uk/,existing_website+contact_email_domain+existing_careers_url_domain+company_site_existing_file,possible_lead_not_accepted:only_one_name_token_on_page_without_hostname_match:management; attempt_count:2
155745,A R PARMAR LTD,a r parmar ltd,LONDON,,,Other,Worker,Skilled Worker,http://shantyspharmacy.co.uk/,,,,unverified,,,no_first_party_identity_verified; attempt_count:2
155749,A R VISION LIMITED,a r vision limited,LONDON,,,Other,Worker,Skilled Worker,http://a-visionuk.com/,andrew.smith@a-visionuk.com,,,unverified,,,no_first_party_identity_verified; attempt_count:2
155750,A Rabbit's Foot Ltd,a rabbit s foot ltd,London,,,Other,Worker,Skilled Worker,https://a-rabbitsfoot.com/,contact@a-rabbitsfoot.com,,https://a-rabbitsfoot.com/,high,https://a-rabbitsfoot.com/,existing_website+contact_email_domain,name_tokens_on_page:rabbit+foot;location_on_page; attempt_count:1
155753,A Rated Windows Door and Conservatories Ltd,a rated windows door and conservatories ltd,Oldham,,,Other,Worker,Skilled Worker,https://arwindowsanddoors.co.uk/,,,https://arwindowsanddoors.co.uk/,high,https://arwindowsanddoors.co.uk/,existing_website,name_tokens_on_page:rated+windows+door+conservatories;location_on_page; attempt_count:1
155754,A Raymond Ltd,a raymond ltd,Wellesbourne,Warwickshire,West Midlands,Other,Worker,Skilled Worker,https://www.araymond.com,,https://careers.araymond.com/,,low,https://www.araymond.com/en,existing_website,possible_lead_not_accepted:only_one_name_token_on_page_without_hostname_match:raymond; attempt_count:3
155762,A S SOLUTIONS LONDON LTD,a s solutions london ltd,London,England,,Other,Worker,Skilled Worker,https://assolltd.com/,info@assolltd.com,https://assolltd.com/jobs,,low,https://assolltd.com/,existing_website+contact_email_domain+existing_careers_url_domain+company_site_existing_file+verified_company_site_source_host,possible_lead_not_accepted:only_one_name_token_on_page_without_hostname_match:london; attempt_count:2
155768,A STAR CARE SERVICES LIMITED,a star care services limited,Solihull,United kingdom,,Other,Worker,Skilled Worker,,,,,low,https://www.astarcare.co.uk/,SponsorList,possible_lead_not_accepted:only_one_name_token_on_page_without_hostname_match:star; attempt_count:1
155770,A STAR GARAGE LIMITED,a star garage limited,Shoreham-By-Sea,West Sussex,South East,Other,Worker,Skilled Worker,https://astargarage.com/,info@astargarage.com,,,unverified,,,no_first_party_identity_verified; attempt_count:2
155776,A STEP BEYOND LIMITED,a step beyond limited,Bromley,,,Other,Worker,Skilled Worker,https://www.astepbeyond.co.uk,info@astepbeyond.co.uk,https://www.astepbeyond.co.uk/vacancies,https://www.astepbeyond.co.uk/,medium,https://www.astepbeyond.co.uk/,existing_website+existing_careers_url_domain+company_site_existing_file,name_tokens_on_page:step+beyond; attempt_count:1
155777,A T & C PROFESSIONAL SYSTEMS LIMITED,a t and c professional systems limited,London,,,Other,Worker,Skilled Worker,https://www.atcprofessional.co.uk,info@atcprofessional.co.uk,,,low,https://atandc.net/,SponsorList,possible_lead_not_accepted:only_one_name_token_on_page_without_hostname_match:systems; attempt_count:3
155778,A T Kearney Limited,a t kearney limited,London,,,Other,Worker,Global Business Mobility: Senior or Specialist Worker,https://www.kearney.com,info@kearney.com,,,unverified,,,no_first_party_identity_verified; attempt_count:3
155779,A T Kearney Limited,a t kearney limited,London,,,Other,Worker,Global Business Mobility: Senior or Specialist Worker,https://www.kearney.com,info@kearney.com,,,unverified,,,no_first_party_identity_verified; attempt_count:3
155782,A TAYLOR ELECTRICAL LIMITED,a taylor electrical limited,SOUTH CROYDON,,,Other,Worker,Skilled Worker,,,,,unverified,,,no_first_party_identity_verified; attempt_count:1
155783,A TECH HEATING LIMITED,a tech heating limited,Cumbernauld,N. Lanarkshire,,Other,Worker,Skilled Worker,https://www.atechheat.co.uk/,info@atechheat.co.uk,https://www.atechheat.co.uk/careers,https://www.atechheat.co.uk/,medium,https://www.atechheat.co.uk/,existing_website+existing_careers_url_domain+company_site_existing_file,name_tokens_on_page:tech+heating; attempt_count:1
155785,A TO Z 4U LTD,a to z 4u ltd,London,,,Other,Worker,Skilled Worker,http://www.saakpay.co.uk,,,,unverified,,,no_first_party_identity_verified; attempt_count:2
155786,A to Z Accessories,a to z accessories,Leeds,,,Other,Worker,Skilled Worker,https://www.atozautoparts.net/,support@atozautoparts.net,,,low,https://www.accessorize.com/uk,SponsorList,possible_lead_not_accepted:only_one_name_token_on_page_without_hostname_match:accessories; attempt_count:3
155787,A to Z Autoparts (Midlands) Ltd,a to z autoparts midlands ltd,Birmingham,West Midlands,West Midlands,Other,Worker,Skilled Worker,https://www.atozautoparts.net/,support@atozautoparts.net,,,unverified,,,no_first_party_identity_verified; attempt_count:3
155788,A TO Z BUILDING WORKS LIMITED,a to z building works limited,Birmingham,England,,Other,Worker,Skilled Worker,https://a2zbuilding.co.uk/,a2z.buildingworks@gmail.com,,,unverified,,,no_first_party_identity_verified; attempt_count:2; contact_email_domain_not_used_as_website_lead
155789,A TO Z CAR PARTS LTD,a to z car parts ltd,Nottingham,,,Other,Worker,Skilled Worker,https://www.atozautoparts.net/,support@atozautoparts.net,,,unverified,,,no_first_party_identity_verified; attempt_count:3
155793,A TO Z DISCOUNT STORE LIMITED,a to z discount store limited,Huddersfield,,,Other,Worker,Skilled Worker,,,,,unverified,,,no_first_party_identity_verified; attempt_count:1
155796,A TO Z HOMES LTD,a to z homes ltd,Slough,,,Other,Worker,Skilled Worker,https://www.atozhomes.co.uk/,zilvinas@atozhomes.co.uk,,,low,https://www.atozhomes.co.uk/,existing_website,possible_lead_not_accepted:only_one_name_token_on_page_without_hostname_match:homes; attempt_count:3
155797,A TO Z MOTOR SPARES (DEWSBURY) LIMITED,a to z motor spares dewsbury limited,Dewsbury,West Yorkshire,Yorkshire and the Humber,Other,Worker,Skilled Worker,https://atozmotorsparesdewsbury.com/,[email protected],,https://www.a2zmotorspares.co.uk/,medium,https://www.a2zmotorspares.co.uk/,SponsorList,name_tokens_on_page:motor+spares; attempt_count:2
155803,A V Stone UK Ltd,a v stone uk ltd,London,,,Other,Worker,Skilled Worker,https://avstone.co.uk/,,,,low,https://avstone.co.uk/,existing_website,possible_lead_not_accepted:only_one_name_token_on_page_without_hostname_match:stone; attempt_count:2
155805,A W Control Systems Ltd,a w control systems ltd,Armagh,Armagh,Northern Ireland,Other,Worker,Skilled Worker,http://www.awcontrolsystems.com,info@awcontrolsystems.com,,https://awcontrolsystems.com/,high,https://awcontrolsystems.com/,existing_website,name_tokens_on_page:control+systems;location_on_page; attempt_count:1
155807,A W M F LTD,a w m f ltd,Dewsbury,,,Other,Worker,Skilled Worker,https://wfgpfednet.co.uk/,wfgpfednet.fednet-hr@nhs.net,https://www.wfgpfednet.co.uk/jobs,,unverified,,,no_first_party_identity_verified; attempt_count:4
155809,A Wong Limited,a wong limited,London,,,Other,Worker,Skilled Worker,https://awong.giftpro.co.uk/contact/,,,,low,https://awong.giftpro.co.uk/,existing_website,possible_lead_not_accepted:only_one_name_token_on_page_without_hostname_match:wong; attempt_count:2
155810,A Woodlands House,a woodlands house,West Sussex,,,Other,Worker,Skilled Worker,,,,,low,https://www.countrycourtcare.co/,SponsorList,possible_lead_not_accepted:only_one_name_token_on_page_without_hostname_match:house; attempt_count:1
155811,A Y & J Solicitors,a y and j solicitors,London,,,Other,Worker,Scale-up,https://ayjsolicitors.com/,contact@ayjsolicitors.com,https://ayjsolicitors.com/careers,,low,https://ayjsolicitors.com/,existing_website+contact_email_domain+existing_careers_url_domain+company_site_existing_file+verified_company_site_source_host,possible_lead_not_accepted:only_one_name_token_on_page_without_hostname_match:solicitors; attempt_count:2
155812,A Y & J Solicitors,a y and j solicitors,London,,,Other,Worker,Scale-up,https://ayjsolicitors.com/,contact@ayjsolicitors.com,https://ayjsolicitors.com/careers,,low,https://ayjsolicitors.com/,existing_website+contact_email_domain+existing_careers_url_domain+company_site_existing_file+verified_company_site_source_host,possible_lead_not_accepted:only_one_name_token_on_page_without_hostname_match:solicitors; attempt_count:2
155814,A Z REAL ESTATE LIMITED,a z real estate limited,London,,,Other,Worker,Skilled Worker,https://www.azrealestate.uk/,,https://www.azrealestate.uk/2026/06/25/could-property-be-the-flexible-career-more-mothers-need,https://www.azrealestate.uk/,high,https://www.azrealestate.uk/,existing_website+existing_careers_url_domain+company_site_existing_file,name_tokens_on_page:real+estate;location_on_page; attempt_count:1
155815,A&1 LTD T/A German Doner Kebab,a and 1 ltd t a german doner kebab,HOUNSLOW,,,Other,Worker,Skilled Worker,https://www.germandonerkebab.com,,,,unverified,,,no_first_party_identity_verified; attempt_count:2
155818,A&A COMMUNICATION LTD,a and a communication ltd,London,,,Other,Worker,Skilled Worker,https://aacommunication.co.uk/,info@aacommunication.co.uk,,,low,https://aacommunication.co.uk/,existing_website+contact_email_domain,possible_lead_not_accepted:only_one_name_token_on_page_without_hostname_match:communication; attempt_count:2
155819,A&A CONTRACTORS MIDLANDS LTD,a and a contractors midlands ltd,Handsworth,,,Other,Worker,Skilled Worker,https://aacontractorsmidlands.co.uk/,info@aacontractorsmidlands.co.uk,,https://aacontractorsmidlands.co.uk/,high,https://aacontractorsmidlands.co.uk/,existing_website+contact_email_domain,name_tokens_on_page:contractors+midlands;location_on_page; attempt_count:1
155821,A&A Halal Meat and Grocery Limited,a and a halal meat and grocery limited,London,,,Other,Worker,Skilled Worker,,,,,unverified,,,no_first_party_identity_verified; attempt_count:1
155823,A&A Homecare Ltd,a and a homecare ltd,Luton,,,Other,Worker,Skilled Worker,https://aahomecareltd.co.uk/,,,,unverified,,,no_first_party_identity_verified; attempt_count:2
155824,A&A Technology,a and a technology,BASINGSTOKE,Hampshire,South East,Other,Worker,Skilled Worker,,,,,unverified,,,no_first_party_identity_verified; attempt_count:1
155825,A&A Tours Services Limited,a and a tours services limited,Birmingham,,,Other,Worker,Skilled Worker,,,,,unverified,,,no_first_party_identity_verified; attempt_count:1
155829,A&B ELECTRICAL CONTRACTORS LIMITED,a and b electrical contractors limited,Ilford,London,London,Other,Worker,Skilled Worker,,,,,unverified,,,no_first_party_identity_verified; attempt_count:0
155830,A&B Engineering (Electrical Service Division) Limited,a and b engineering electrical service division limited,Liverpool,,,Other,Worker,Skilled Worker,https://www.abeng.co.uk/,,https://www.abeng.co.uk/careers,,low,https://www.abeng.co.uk/,existing_website+existing_careers_url_domain+company_site_existing_file,possible_lead_not_accepted:only_one_name_token_on_page_without_hostname_match:electrical; attempt_count:1
155831,A&B Engineering (Mechanical Service Division) Limited,a and b engineering mechanical service division limited,Liverpool,,,Other,Worker,Skilled Worker,,,,,unverified,,,no_first_party_identity_verified; attempt_count:0
155832,A&B Gardening Limited,a and b gardening limited,Shillingdon,Hertfordshire,East of England,Other,Worker,Skilled Worker,https://www.aandbgardening.com/,office@aandb.group,,,low,https://www.aandbgardening.com/,existing_website,possible_lead_not_accepted:only_one_name_token_on_page_without_hostname_match:gardening; attempt_count:3
155833,A&B Traders (NW) Ltd,a and b traders nw ltd,Bolton,Lancashire,North West,Other,Worker,Skilled Worker,https://www.abtraders.co.uk,info@abtraders.co.uk,https://www.abtraders.co.uk/pages/work-with-us,,low,https://www.abtraders.co.uk/,existing_website+existing_careers_url_domain+company_site_existing_file,possible_lead_not_accepted:only_one_name_token_on_page_without_hostname_match:traders; attempt_count:2
155839,A&F ASSOCIATES BD LTD,a and f associates bd ltd,London,,,Other,Worker,Skilled Worker,https://afassociatesuk.com,info@afassociatesuk.com,,,unverified,,,no_first_party_identity_verified; attempt_count:1
155841,A&F Sprinklers Ltd,a and f sprinklers ltd,Rochdale,,,Other,Worker,Skilled Worker,https://www.afsprinklers.co.uk/,info@afsprinklers.co.uk,https://www.afsprinklers.co.uk/careers,,low,https://www.afsprinklers.co.uk/,existing_website+existing_careers_url_domain+company_site_existing_file,possible_lead_not_accepted:only_one_name_token_on_page_without_hostname_match:sprinklers; attempt_count:2
155845,A&G LONDON PRIVATE LTD T/A SUBWAY,a and g london private ltd t a subway,IPSWICH,,,Other,Worker,Skilled Worker,https://mysubwaycareer.com/,,,,unverified,,,no_first_party_identity_verified; attempt_count:1
155849,A&H Pizza UK LTD T/A Dominos Pizza,a and h pizza uk ltd t a dominos pizza,London,,,Other,Worker,Skilled Worker,https://corporate.dominos.co.uk,,,https://corporate.dominos.co.uk/,high,https://corporate.dominos.co.uk/home,existing_website,name_tokens_on_page:dominos+pizza;name_tokens_on_host:dominos;location_on_page; attempt_count:1
155850,A&I Events Limited,a and i events limited,Mountsorrel,Leicestershire,East Midlands,Other,Worker,Skilled Worker,https://www.a-igroup.co.uk/,getintouch@a-igroup.co.uk,,,unverified,,,no_first_party_identity_verified; attempt_count:2
155851,A&I FAST FOOD LIMITED t/a Four in One,a and i fast food limited t a four in one,Bathgate,,,Other,Worker,Skilled Worker,https://www.fourinone.co.uk/,,,,unverified,,,no_first_party_identity_verified; attempt_count:1
155854,A&J Big Tops Ltd,a and j big tops ltd,Peterborough,Cambridgeshire,East of England,Other,Worker,Skilled Worker,https://www.ajbigtophire.com/,sales@ajbigtophire.com,,,unverified,,,no_first_party_identity_verified; attempt_count:2
155855,A&J Care Limited,a and j care limited,Norwich,Norfolk,East of England,Other,Worker,Skilled Worker,https://ajcaresolution.co.uk/,humanresources@ajcaresolution.co.uk,https://ajcaresolution.co.uk/career,,unverified,,,no_first_party_identity_verified; attempt_count:1
155858,A&J PROPERTY & ANIMATION LTD,a and j property and animation ltd,London,,,Other,Worker,Skilled Worker,https://aandjpropertyandanimation.co.uk/,info@aandjpropertyandanimation.co.uk,,,unverified,,,no_first_party_identity_verified; attempt_count:1
155859,A&J School Limited,a and j school limited,London,,,Other,Worker,Skilled Worker,,,,,unverified,,,no_first_party_identity_verified; attempt_count:0
155860,A&J TRANSIT LTD,a and j transit ltd,Derby,,,Other,Worker,Skilled Worker,https://ajtransit.co.uk/,,,,low,https://ajtransit.co.uk/,existing_website,possible_lead_not_accepted:only_one_name_token_on_page_without_hostname_match:transit; attempt_count:1
155861,A&K BROTHERS AUTOMOTIVE LTD,a and k brothers automotive ltd,Kent,,,Other,Worker,Skilled Worker,https://akbrothersautomotive.co.uk/,,,https://akbrothersautomotive.co.uk/,high,https://akbrothersautomotive.co.uk/,existing_website,name_tokens_on_page:brothers+automotive;location_on_page; attempt_count:1
155872,A&M KITCHENS LIMITED,a and m kitchens limited,Birmingham,,,Other,Worker,Skilled Worker,https://www.a-mkitchens.co.uk/,admin@a-mkitchens.co.uk,,,low,https://www.a-mkitchens.co.uk/,existing_website,possible_lead_not_accepted:only_one_name_token_on_page_without_hostname_match:kitchens; attempt_count:2
155873,A&M MOBILES LTD,a and m mobiles ltd,Wellingborough,,,Other,Worker,Skilled Worker,https://amobiles.co.uk/,info@amobiles.co.uk,,,low,https://amobiles.co.uk/,existing_website+contact_email_domain,possible_lead_not_accepted:only_one_name_token_on_page_without_hostname_match:mobiles; attempt_count:1
155878,A&O Shared Solutions Limited,a and o shared solutions limited,Bracknell,Berkshire,South East,Other,Worker,Skilled Worker,https://careers.aoitgroup.com/,,https://careers.aoitgroup.com/pages/it-engineer-careers,,unverified,,,no_first_party_identity_verified; attempt_count:1
155879,A&P Accountants Limited,a and p accountants limited,Central Milton Keynes,Bucks,,Other,Worker,Skilled Worker,https://aandpaccountants.co.uk/,info@aandpaccountants.co.uk,,,unverified,,,no_first_party_identity_verified; attempt_count:1
155880,A&P STOWAGE LTD,a and p stowage ltd,Northampton,,,Other,Worker,Skilled Worker,https://apstowage.uk/,[email protected],,,low,https://apstowage.uk/,existing_website,possible_lead_not_accepted:only_one_name_token_on_page_without_hostname_match:stowage; attempt_count:1
155882,A&Q Partnership (London) Ltd,a and q partnership london ltd,London,,,Other,Worker,Skilled Worker,https://aqp.co.uk/,london@aqp.co.uk,,,low,https://aqp.co.uk/,existing_website+contact_email_domain,possible_lead_not_accepted:only_one_name_token_on_page_without_hostname_match:london; attempt_count:1
155888,A&R Guardian Services Limited,a and r guardian services limited,Leicester,,,Other,Worker,Skilled Worker,https://arguardian.co.uk/,,https://arguardian.co.uk/index.php/vacancies,,low,https://arguardian.co.uk/,existing_website+existing_careers_url_domain+company_site_existing_file,possible_lead_not_accepted:only_one_name_token_on_page_without_hostname_match:guardian; attempt_count:2
155892,A&R Properties (London) Ltd,a and r properties london ltd,Walthamstow,,,Other,Worker,Skilled Worker,https://www.arproperties.org.uk/,info@arproperties.co.uk,,https://www.arproperties.org.uk/,high,https://www.arproperties.org.uk/,existing_website,name_tokens_on_page:properties+london;location_on_page; attempt_count:1
155898,A&S ENG SERVICES LIMITED,a and s eng services limited,Rochdale,,,Other,Worker,Skilled Worker,https://aandsengservices.co.uk/,,,,unverified,,,no_first_party_identity_verified; attempt_count:1
155901,A&S Lighting Limited,a and s lighting limited,Newcastle Upon Tyne,,,Other,Worker,Skilled Worker,https://www.aslighting.org/,,,,unverified,,,no_first_party_identity_verified; attempt_count:1
155903,A&S NETWORK ENTERPRISES LTD,a and s network enterprises ltd,London,,,Other,Worker,Skilled Worker,https://asnetworkenterprises.co.uk/,info@asnetworkenterprises.co.uk,https://asnetworkenterprises.co.uk/careers.html,https://asnetworkenterprises.co.uk/,medium,https://asnetworkenterprises.co.uk/,existing_website+contact_email_domain+existing_careers_url_domain+company_site_existing_file,name_tokens_on_page:network+enterprises; attempt_count:1
155904,A&S R Limited t/as Pepe's Piri Piri,a and s r limited t as pepe s piri piri,Kilmarnock,,,Other,Worker,Skilled Worker,https://pepes.co.uk/,info@pepes.co.uk,https://pepes.co.uk/job-vacancies,https://pepes.co.uk/,medium,https://pepes.co.uk/,existing_website+contact_email_domain+existing_careers_url_domain+company_site_existing_file,name_tokens_on_page:pepe+piri+piri; attempt_count:1
155907,A&S RETAILERS LTD,a and s retailers ltd,ASHTON-UNDER-LYNE,LANCASHIRE,North West,Other,Worker,Skilled Worker,,,,,unverified,,,no_first_party_identity_verified; attempt_count:0
155908,A&S SECURITY LIMITED,a and s security limited,Bradford,,,Other,Worker,Skilled Worker,https://assecuritylimited.co.uk/,info@assecuritylimited.co.uk,https://assecuritylimited.co.uk/work-with-us,,low,https://assecuritylimited.co.uk/,existing_website+contact_email_domain+existing_careers_url_domain+company_site_existing_file,possible_lead_not_accepted:only_one_name_token_on_page_without_hostname_match:security; attempt_count:1
155911,A&S Worldwide Ltd,a and s worldwide ltd,Barking,,,Other,Worker,Skilled Worker,https://astransportation.com/,,,,unverified,,,no_first_party_identity_verified; attempt_count:1
155914,A&T Caring Services Ltd,a and t caring services ltd,Bracknell,Berkshire,South East,Other,Worker,Skilled Worker,https://atcaringservices.co.uk/,admin@atcaringservices.co.uk,https://atcaringservices.co.uk/jobs,,low,https://atcaringservices.co.uk/,existing_website+contact_email_domain+existing_careers_url_domain+company_site_existing_file,possible_lead_not_accepted:only_one_name_token_on_page_without_hostname_match:caring; attempt_count:1
155916,A&T Trained Dogs Limited,a and t trained dogs limited,Lancaster,,,Other,Worker,Skilled Worker,https://at-traineddogs.com/,enquiries@at-traineddogs.com,,,unverified,,,no_first_party_identity_verified; attempt_count:1
155919,A&W CONSTRUCTION AND RENOVATION LTD,a and w construction and renovation ltd,LONDON,,,Other,Worker,Skilled Worker,,,,,unverified,,,no_first_party_identity_verified; attempt_count:0
155920,A&Y BLINDS LTD,a and y blinds ltd,Birmingham,,,Other,Worker,Skilled Worker,http://ayblinds.co.uk,[email protected],,,unverified,,,no_first_party_identity_verified; attempt_count:1
155922,A&Z CONSULTANTS MANGEMENT SERVICES LTD,a and z consultants mangement services ltd,NOTTINGHAM,,,Other,Worker,Skilled Worker,https://www.azconsultantsltd.com/,info@azconsultantsltd.com,,,low,https://www.azconsultantsltd.com/,existing_website,possible_lead_not_accepted:only_one_name_token_on_page_without_hostname_match:consultants; attempt_count:2
155923,A+J Global Designs Ltd,a j global designs ltd,Bedford,bedfordshire,East of England,Other,Worker,Skilled Worker,https://www.ajglobaldesigns.com/,info@ajglobaldesigns.com,,,unverified,,,no_first_party_identity_verified; attempt_count:2
155925,A-2-Sea Solutions Limited,a 2 sea solutions limited,Romsey,Hampshire,South East,Other,Worker,Skilled Worker,https://www.a2sea.co.uk/,UKInfo@subcom.com,https://www.a2sea.co.uk/careers,,low,https://www.a2sea.co.uk/,existing_website+existing_careers_url_domain+company_site_existing_file,possible_lead_not_accepted:only_one_name_token_on_page_without_hostname_match:sea; attempt_count:3
155927,A-Cold-Wall* Limited,a cold wall limited,London,,,Other,Worker,Skilled Worker,https://www.a-cold-wall.com/,help@a-cold-wall.com,,https://www.a-cold-wall.com/,high,https://www.a-cold-wall.com/,existing_website,name_tokens_on_page:cold+wall;name_tokens_on_host:cold+wall; attempt_count:1
155929,A-Frame Agency UK Limited,a frame agency uk limited,London,,,Other,Worker,Skilled Worker,https://www.a-frameagency.com/,akosua@a-frameagency.com,,https://www.a-frameagency.com/,high,https://www.a-frameagency.com/,existing_website,name_tokens_on_page:frame+agency;location_on_page; attempt_count:1
155930,A-Gas (UK) Ltd,a gas uk ltd,Bristol,,,Other,Worker,Skilled Worker,https://www.agas.com/,,https://www.agas.com/about-us/careers,,low,https://www.agas.com/,existing_website+existing_careers_url_domain+company_site_existing_file,possible_lead_not_accepted:only_one_name_token_on_page_without_hostname_match:gas; attempt_count:2
155931,A-Gas&Electrical ServicesLtd,a gas and electrical servicesltd,Halesowen,,,Other,Worker,Skilled Worker,https://a-gas.co.uk/,info@a-gas.co.uk,,https://a-gas.co.uk/,medium,https://a-gas.co.uk/,existing_website+contact_email_domain,name_tokens_on_page:gas;name_tokens_on_host:gas; attempt_count:1
155934,A-Lab Solutions Limited (T/A Reseo),a lab solutions limited t a reseo,London,,,Other,Worker,Skilled Worker,https://www.reseo.co.uk,info@reseo.co.uk,,https://reseo.global/,high,https://reseo.global/,SponsorList,name_tokens_on_page:reseo;name_tokens_on_host:reseo;location_on_page; attempt_count:3
155938,A-Safe HQ Ltd,a safe hq ltd,Elland,,,Other,Worker,Skilled Worker,https://www.asafe.com/en-gb/,[email protected],,,low,https://www.asafe.com/en-us/,existing_website,possible_lead_not_accepted:only_one_name_token_on_page_without_hostname_match:safe; attempt_count:1
155939,A-Side DesignLimited,a side designlimited,Redruth,Cornwall,South West,Other,Worker,Skilled Worker,https://a-side.studio/,[email protected],,https://a-side.studio/,high,https://a-side.studio/,existing_website,name_tokens_on_page:side;name_tokens_on_host:side;location_on_page; attempt_count:1
155940,A-squared Studio Engineers Ltd,a squared studio engineers ltd,London,,,Other,Worker,Skilled Worker,https://www.a2-studio.com/,contact@a2-studio.com,https://www.a2-studio.com/careers,https://www.a2-studio.com/,high,https://www.a2-studio.com/,existing_website+existing_careers_url_domain+company_site_existing_file,name_tokens_on_page:squared+studio+engineers;name_tokens_on_host:studio; attempt_count:1
155944,A-TEC LIMITED,a tec limited,Tunbridge Wells,England,,Other,Worker,Skilled Worker,https://a-tecltd.co.uk,,,,low,https://www.a-tecuk.com/,SponsorList,possible_lead_not_accepted:only_one_name_token_on_page_without_hostname_match:tec; attempt_count:2
155945,A-TECH FABRICATIONS LIMITED,a tech fabrications limited,NEWTON AYCLIFFE,Co Durham,,Other,Worker,Skilled Worker,https://a-tech.uk.com/,info@a-tech.uk.com,,https://a-tech.uk.com/,high,https://a-tech.uk.com/,existing_website+contact_email_domain,name_tokens_on_page:tech+fabrications;name_tokens_on_host:tech;location_on_page; attempt_count:1
155946,A-TO-E TRAINING AND SOLUTIONS LTD,a to e training and solutions ltd,London,,,Other,Worker,Skilled Worker,https://www.a-ets.com/,info@atoetrainingandsolutions.co.uk,,,unverified,,,no_first_party_identity_verified; attempt_count:3
155953,A-Z Law Solicitors Ltd,a z law solicitors ltd,London,,,Other,Worker,Skilled Worker,https://azlaw.co.uk,,,,unverified,,,no_first_party_identity_verified; attempt_count:2
155959,A-Z MOTOR SPARES (STAFFORD) LIMITED,a z motor spares stafford limited,Stafford,STAFFORDSHIRE,West Midlands,Other,Worker,Skilled Worker,https://azstaffordltd.co.uk/,,,https://azstaffordltd.co.uk/,high,https://azstaffordltd.co.uk/,existing_website,name_tokens_on_page:motor+spares+stafford;location_on_page; attempt_count:1
155963,A-Z Z-A COMPANIES,a z z a companies,BUSINESS CENTRE,,,Other,Worker,Skilled Worker,https://azzacompanies.co.uk/,[email protected],,,low,https://azzacompanies.co.uk/,existing_website,possible_lead_not_accepted:only_one_name_token_on_page_without_hostname_match:companies; attempt_count:2
155964,A-Zero Architects,a zero architects,London,London,London,Other,Worker,Skilled Worker,,,,https://www.a-zero.co.uk/,high,https://www.a-zero.co.uk/,SponsorList,name_tokens_on_page:zero+architects;name_tokens_on_host:zero;location_on_page; attempt_count:1
155965,A-ZFabrication ltd,a zfabrication ltd,Bexleyheath,,,Other,Worker,Skilled Worker,https://www.a-zfabrication.com/,,,,unverified,,,no_first_party_identity_verified; attempt_count:2
155966,A. & J. SPEELMAN LIMITED,a and j speelman limited,London,,,Other,Worker,Skilled Worker,https://www.ajspeelman.com,enquiries@ajspeelman.com,,,low,https://www.ajspeelman.com/,existing_website,possible_lead_not_accepted:only_one_name_token_on_page_without_hostname_match:speelman; attempt_count:3
155968,A. C. Entertainment Technologies Ltd,a c entertainment technologies ltd,High Wycombe,Bucks,,Other,Worker,Skilled Worker,https://www.ac-et.com/,careers@ac-et.com,https://www.ac-et.com/careers,https://www.ac-et.com/,high,https://www.ac-et.com/,existing_website+existing_careers_url_domain+company_site_existing_file,name_tokens_on_page:entertainment+technologies;location_on_page; attempt_count:1
155969,A. C. Goatham & Sons,a c goatham and sons,Rochester,Kent,South East,Other,Worker,Skilled Worker,https://www.pbeta8.co.uk/,,https://www.pbeta8.co.uk/about-us/why-work-for-us,,low,https://www.pbeta8.co.uk/,existing_website+existing_careers_url_domain+company_site_existing_file,possible_lead_not_accepted:only_one_name_token_on_page_without_hostname_match:goatham; attempt_count:1
155973,A. HAK UK Limited,a hak uk limited,Stafford,,,Other,Worker,Global Business Mobility: Senior or Specialist Worker,https://haklimited.com/,info@haklimited.com,,,low,https://haklimited.com/,existing_website+contact_email_domain,possible_lead_not_accepted:only_one_name_token_on_page_without_hostname_match:hak; attempt_count:1
155974,A. HAK UK Limited,a hak uk limited,Stafford,,,Other,Worker,Global Business Mobility: Senior or Specialist Worker,https://haklimited.com/,info@haklimited.com,,,low,https://haklimited.com/,existing_website+contact_email_domain,possible_lead_not_accepted:only_one_name_token_on_page_without_hostname_match:hak; attempt_count:1
155977,A. L. Sayers (Holbeton) Limited,a l sayers holbeton limited,Plymouth,Devon,South West,Other,Worker,Skilled Worker,http://carswellgroup.com/,,,,unverified,,,no_first_party_identity_verified; attempt_count:1
155978,A. N. Irwin Feeds Ltd,a n irwin feeds ltd,Dungannon,County Tyrone,,Other,Worker,Skilled Worker,https://www.irwinsfeed.com/,[email protected],,https://www.irwinsfeed.com/,high,https://www.irwinsfeed.com/,existing_website,name_tokens_on_page:irwin+feeds;location_on_page; attempt_count:1
155981,A. R SHIPPING SERVICES UK LIMITED,a r shipping services uk limited,MORDEN,ENGLAND,,Other,Worker,Global Business Mobility: UK Expansion Worker,https://arshipsreg.com/,,https://arshipsreg.com/careers,,low,https://arshipsreg.com/,existing_website+existing_careers_url_domain+company_site_existing_file,possible_lead_not_accepted:only_one_name_token_on_page_without_hostname_match:shipping; attempt_count:1
155985,A.B. Hotels (The Arch London) Limited,a b hotels the arch london limited,London,,,Other,Worker,Global Business Mobility: Senior or Specialist Worker,https://www.thearchlondon.com/,,,,unverified,,,no_first_party_identity_verified; attempt_count:1
155986,A.B. Hotels (The Arch London) Limited,a b hotels the arch london limited,London,,,Other,Worker,Global Business Mobility: Senior or Specialist Worker,https://www.thearchlondon.com/,,,,unverified,,,no_first_party_identity_verified; attempt_count:1
155987,A.C.C.E.S.S 2016 LIMITED,a c c e s s 2016 limited,Sutton-In-Ashfield,,,Other,Worker,Skilled Worker,https://www.accessmidlands.org,,https://www.accessmidlands.org/_files/ugd/95a405_19ecd4fd1f504bb78f0486bbe62fd7d6.pdf,,low,https://www.accessmidlands.org/,existing_website+existing_careers_url_domain+company_site_existing_file,possible_lead_not_accepted:only_one_name_token_on_page_without_hostname_match:2016; attempt_count:1
155989,A.D Recycling Solutions,a d recycling solutions,Birmingham,,,Other,Worker,Skilled Worker,https://www.adrecyclingsolutions.com/,alan@adrecyclingsolutions.com,,,low,https://www.adrecyclingsolutions.com/,existing_website,possible_lead_not_accepted:only_one_name_token_on_page_without_hostname_match:recycling; attempt_count:3
155991,A.D.K. Kooling Ltd,a d k kooling ltd,Uxbridge,,,Other,Worker,Skilled Worker,http://adkkooling.co.uk/,service@adk.co.uk,,,low,https://adk.co.uk/,contact_email_domain,possible_lead_not_accepted:only_one_name_token_on_page_without_hostname_match:kooling; attempt_count:2
155994,A.G. Barr PLC,a g barr plc,Cumbernauld,,,Other,Worker,Skilled Worker,https://www.agbarr.co.uk,info@agbarr.co.uk,,,unverified,,,no_first_party_identity_verified; attempt_count:2
155995,A.G. Parfett and Sons Limited,a g parfett and sons limited,Stockport,Cheshire,North West,Other,Worker,Skilled Worker,https://parfetts.co.uk,[email protected],https://www.parfetts.co.uk/jobs,,unverified,,,no_first_party_identity_verified; attempt_count:2
155997,A.G.E. Nursing Homes Limited,a g e nursing homes limited,Ilford,Essex,East of England,Other,Worker,Skilled Worker,https://www.brockfieldhouse.co.uk,,,,unverified,,,no_first_party_identity_verified; attempt_count:1
155999,A.H.P. MEDICAL SUPPLIES LTD,a h p medical supplies ltd,London,,,Other,Worker,Skilled Worker,http://amchealth.com,,,,unverified,,,no_first_party_identity_verified; attempt_count:1
156004,A.J Worldwide Services Ltd.,a j worldwide services ltd,West Drayton,,,Other,Worker,Skilled Worker,https://www.ajww.co.uk/,info@ajww.co.uk,,,low,https://www.ajww.co.uk/,existing_website,possible_lead_not_accepted:only_one_name_token_on_page_without_hostname_match:worldwide; attempt_count:2
156007,A.J.Armstrong & Sons Ltd,a j armstrong and sons ltd,Maghera,Co.Londonderry,,Other,Worker,Skilled Worker,https://ajarmstrongandsons.com/,machinery@ajarmstrongandsons.com,,https://ajarmstrongandsons.com/,high,https://ajarmstrongandsons.com/,existing_website+contact_email_domain+verified_company_site_source_host,name_tokens_on_page:armstrong+sons;location_on_page; attempt_count:1
156016,A.M. Best Europe Rating Services Limited,a m best europe rating services limited,London,,,Other,Worker,Global Business Mobility: Senior or Specialist Worker,https://www.ambest.com,europe.ratings@ambest.com,,,unverified,,,no_first_party_identity_verified; attempt_count:2
156017,A.M. Best Europe Rating Services Limited,a m best europe rating services limited,London,,,Other,Worker,Global Business Mobility: Senior or Specialist Worker,https://www.ambest.com,europe.ratings@ambest.com,,,unverified,,,no_first_party_identity_verified; attempt_count:2
156019,A.M. Nomikos & Son (UK) Ltd,a m nomikos and son uk ltd,London,,,Other,Worker,Skilled Worker,https://www.amnomikos.com,,,,low,https://www.amnomikos.com/,existing_website,possible_lead_not_accepted:only_one_name_token_on_page_without_hostname_match:nomikos; attempt_count:1
156020,A.M. Qattan Foundation,a m qattan foundation,London,,,Other,Temporary Worker,Creative Worker,https://qattanfoundation.org,info@qattanfoundation.org,,https://qattanfoundation.org/,medium,https://qattanfoundation.org/,existing_website+contact_email_domain,name_tokens_on_page:qattan+foundation; attempt_count:1
156021,A.M. Qattan Foundation,a m qattan foundation,London,,,Other,Temporary Worker,Creative Worker,https://qattanfoundation.org,info@qattanfoundation.org,,https://qattanfoundation.org/,medium,https://qattanfoundation.org/,existing_website+contact_email_domain,name_tokens_on_page:qattan+foundation; verified_domain_identity_cache_hit; attempt_count:1
156022,A.M. Qattan Foundation,a m qattan foundation,London,,,Other,Temporary Worker,Creative Worker,https://qattanfoundation.org,info@qattanfoundation.org,,https://qattanfoundation.org/,medium,https://qattanfoundation.org/,existing_website+contact_email_domain,name_tokens_on_page:qattan+foundation; verified_domain_identity_cache_hit; attempt_count:1
156026,A.Menarini Farmaceutica Internazionale SRL-UK Branch,a menarini farmaceutica internazionale srl uk branch,High Wycombe,,,Other,Worker,Skilled Worker,https://www.menarini.co.uk/,[email protected],https://www.menarini.co.uk/careers.html,https://www.menarini.co.uk/,high,https://www.menarini.co.uk/,existing_website+existing_careers_url_domain+company_site_existing_file,name_tokens_on_page:menarini+farmaceutica+internazionale+srl;name_tokens_on_host:menarini;location_on_page; attempt_count:1
156030,A.P.L.E. (MILTON KEYNES) LTD,a p l e milton keynes ltd,Bedford,,,Other,Worker,Skilled Worker,https://www.aplemk.co.uk/,[email protected],,https://www.aplemk.co.uk/,high,https://www.aplemk.co.uk/,existing_website,name_tokens_on_page:milton+keynes;location_on_page; attempt_count:1
156031,A.P.S. Auto Parts Ltd,a p s auto parts ltd,Crossmaglen,Armagh,Northern Ireland,Other,Worker,Skilled Worker,https://apsautoparts.co.uk/,support@apsautoparts.co.uk,,https://apsautoparts.co.uk/,high,https://apsautoparts.co.uk/,existing_website+contact_email_domain,name_tokens_on_page:auto+parts;location_on_page; attempt_count:1
156035,A.Poortman (London) Limited Trading AGT Poortman,a poortman london limited trading agt poortman,London,,,Other,Worker,Skilled Worker,https://www.poortman.com/,,,https://www.poortman.com/,high,https://www.poortman.com/,existing_website,name_tokens_on_page:poortman+london+agt+poortman;name_tokens_on_host:poortman+poortman;location_on_page; attempt_count:1
156036,A.Q. SKIN SOLUTIONS LIMITED,a q skin solutions limited,BURNHAM,,,Other,Worker,Skilled Worker,https://aqskinsolutions.co.uk,[email protected],,,low,https://aqskinsolutions.co.uk/,existing_website,possible_lead_not_accepted:only_one_name_token_on_page_without_hostname_match:skin; attempt_count:1
156037,A.R Racking SA t/a AR Storage Solutions UK,a r racking sa t a ar storage solutions uk,Slough,,,Other,Worker,Skilled Worker,https://www.arracking.com/en,info@arracking.com,,,unverified,,,no_first_party_identity_verified; attempt_count:2
156039,A.R.T.I. SERVICES LTD T/A Manor Farm Residential Home,a r t i services ltd t a manor farm residential home,Bath,Somerset,South West,Other,Worker,Skilled Worker,https://www.manorfarmresidentialhome.co.uk/,info@manorfarmresidentialhome.co.uk,,https://www.manorfarmresidentialhome.co.uk/,high,https://www.manorfarmresidentialhome.co.uk/,existing_website,name_tokens_on_page:manor+farm+residential+home;location_on_page; attempt_count:1
156046,A.S.I. (Research) Limited,a s i research limited,London,,,Other,Worker,Skilled Worker,http://adamsmith.org/,,https://www.adamsmith.org/current-vacancies,,unverified,,,no_first_party_identity_verified; attempt_count:2
156051,A.T.E. Solutions Ltd,a t e solutions ltd,Blisworth,Northamptonshire,East Midlands,Other,Worker,Skilled Worker,https://www.atesolutions.co.uk/,enquiries@atesolutions.co.uk,https://www.atesolutions.co.uk/careers,,unverified,,,no_first_party_identity_verified; attempt_count:2
156056,A.Vincent Solicitors Limited,a vincent solicitors limited,Woolwich,London,London,Other,Worker,Skilled Worker,https://avincentsolicitors.co.uk,info@avincentsolicitors.co.uk,,https://avincentsolicitors.co.uk/,high,https://avincentsolicitors.co.uk/,existing_website+contact_email_domain,name_tokens_on_page:vincent+solicitors;location_on_page; attempt_count:1
156058,A.W. Jenkinson Forest Products,a w jenkinson forest products,Penrith,Cumbria,North West,Other,Worker,Skilled Worker,https://www.awjenkinson.co.uk/,info@awjenkinson.co.uk,https://www.awjenkinson.co.uk/careers,https://www.awjenkinson.co.uk/,high,https://www.awjenkinson.co.uk/,existing_website+existing_careers_url_domain+company_site_existing_file,name_tokens_on_page:jenkinson+forest+products;location_on_page; attempt_count:1
156059,A.Williams & Co. (Solicitors),a williams and co solicitors,LONDON,london,London,Other,Worker,Skilled Worker,https://www.freezinginjunction.co.uk/,[email protected],,,unverified,,,no_first_party_identity_verified; attempt_count:1
156061,A.Y.A CAR SALES LTD,a y a car sales ltd,TIPTON,,,Other,Worker,Skilled Worker,https://ayacarsales.co.uk/,,,,unverified,,,no_first_party_identity_verified; attempt_count:1
156064,A/O VC UK Limited,a o vc uk limited,London,,,Other,Worker,Skilled Worker,https://www.noavc.com,info@noavc.com,,,unverified,,,no_first_party_identity_verified; attempt_count:2
156070,A1 Auto Claims Ltd,a1 auto claims ltd,Glasgow,,,Other,Worker,Skilled Worker,https://a1autoclaims.co.uk,info@a1autoclaims.co.uk,,,low,https://a1autoclaims.co.uk/,existing_website+contact_email_domain,possible_lead_not_accepted:only_one_name_token_on_page_without_hostname_match:claims; attempt_count:1
156074,A1 BUILDING MERCHANT ESSEX LTD,a1 building merchant essex ltd,Ilford,Essex,East of England,Other,Worker,Skilled Worker,https://a1building.co.uk/,sales@a1building.co.uk,,,unverified,,,no_first_party_identity_verified; attempt_count:1
156076,A1 Car Body Repairs Ltd,a1 car body repairs ltd,GLASGOW,Lanarkshire,,Other,Worker,Skilled Worker,https://www.a1carbodyrepairs.co.uk/,,,https://www.a1carbodyrepairs.co.uk/,high,https://www.a1carbodyrepairs.co.uk/,existing_website,name_tokens_on_page:car+body+repairs;location_on_page; attempt_count:1
156077,A1 CAR SHOP Ltd,a1 car shop ltd,Bedfordshire,,,Other,Worker,Skilled Worker,https://a1carshop.uk/,sales@a1carshop.uk,,https://a1carshop.uk/,high,https://a1carshop.uk/,existing_website+contact_email_domain,name_tokens_on_page:car+shop;location_on_page; attempt_count:1
156079,A1 CARPETS N FLOOR LTD,a1 carpets n floor ltd,BOLTON,,,Other,Worker,Skilled Worker,,,,,unverified,,,no_first_party_identity_verified; attempt_count:0
156080,A1 Cars,a1 cars,Worcester,,,Other,Worker,Skilled Worker,https://a1cars.co.uk,book@a1cars.co.uk,,,low,https://a1cars.co.uk/,existing_website+contact_email_domain+verified_company_site_source_host,possible_lead_not_accepted:only_one_name_token_on_page_without_hostname_match:cars; attempt_count:1
156081,A1 CARS BEDFORD LTD,a1 cars bedford ltd,Bedford,Beds,,Other,Worker,Skilled Worker,https://www.a1carsbedford.co.uk/,bookings@a1carsbedford.co.uk,,,unverified,,,no_first_party_identity_verified; attempt_count:2
156084,A1 CLUTCHES CANNOCK (UK) LIMITED,a1 clutches cannock uk limited,CANNOCK,,,Other,Worker,Skilled Worker,https://www.a1-clutches.co.uk/,info@a1-clutches.co.uk,,https://www.a1-clutches.co.uk/,high,https://www.a1-clutches.co.uk/,existing_website,name_tokens_on_page:clutches+cannock;name_tokens_on_host:clutches;location_on_page; attempt_count:1
156085,A1 CLUTCHES DERBY (UK) LIMITED,a1 clutches derby uk limited,DERBY,DERBYSHIRE,East Midlands,Other,Worker,Skilled Worker,https://www.a1-clutches.co.uk/,info@a1-clutches.co.uk,,https://www.a1-clutches.co.uk/,high,https://www.a1-clutches.co.uk/,existing_website,name_tokens_on_page:clutches+derby;name_tokens_on_host:clutches;location_on_page; attempt_count:1
156089,A1 Double Glazing London Ltd,a1 double glazing london ltd,Essex,,,Other,Worker,Skilled Worker,https://a1doubleglazinglondon.com/,info@doubleglazinglondon.com,,https://a1doubleglazinglondon.com/,high,https://a1doubleglazinglondon.com/,existing_website,name_tokens_on_page:double+glazing+london;location_on_page; attempt_count:1
156092,A1 Executive Travel Group LTD T/A A1 Executive Cars,a1 executive travel group ltd t a a1 executive cars,Watford,,,Other,Worker,Skilled Worker,https://www.a1executive.com/,sales@a1executive.com,,,unverified,,,no_first_party_identity_verified; attempt_count:2
156094,A1 Gasco Limited,a1 gasco limited,Staines Upon Thames,,,Other,Worker,Skilled Worker,http://a1gasltd.co.uk/,,,,unverified,,,no_first_party_identity_verified; attempt_count:1
156100,A1 Letting Services Ltd,a1 letting services ltd,Birmingham,,,Other,Worker,Skilled Worker,https://www.a1lettingservices.co.uk/,info@a1lettingservices.co.uk,,,low,https://www.a1lettingservices.co.uk/,existing_website,possible_lead_not_accepted:only_one_name_token_on_page_without_hostname_match:letting; attempt_count:2
156101,A1 Lettings Bolton,a1 lettings bolton,Bolton,,,Other,Worker,Skilled Worker,https://a1lettingsbolton.co.uk,,,,unverified,,,no_first_party_identity_verified; attempt_count:1
156103,A1 Minibus and Coach Ltd,a1 minibus and coach ltd,Luton,Beds,,Other,Worker,Skilled Worker,https://www.a1coaches.com/,a1coachesbookings@gmail.com,,https://www.a1coaches.com/,medium,https://www.a1coaches.com/,existing_website,name_tokens_on_page:minibus+coach; attempt_count:1; contact_email_domain_not_used_as_website_lead
156104,A1 MOT CENTRE NORTHAMPTON LTD,a1 mot centre northampton ltd,Northampton,,,Other,Worker,Skilled Worker,https://www.northamptonmot.co.uk/,[email protected],,https://www.northamptonmot.co.uk/,high,https://www.northamptonmot.co.uk/,existing_website,name_tokens_on_page:mot+centre+northampton;location_on_page; attempt_count:1
156105,A1 Permier Services Limited,a1 permier services limited,Solihull,,,Other,Worker,Skilled Worker,https://a1premiersolution.co.uk/,[email protected],,,unverified,,,no_first_party_identity_verified; attempt_count:2
156110,A1 Quality Homecare Ltd,a1 quality homecare ltd,Hastings,East Sussex,South East,Other,Worker,Skilled Worker,https://a1qhc.com,,,,unverified,,,no_first_party_identity_verified; attempt_count:1
156111,A1 Repair Ltd,a1 repair ltd,London,,,Other,Worker,Skilled Worker,https://a1repairltd.co.uk/,[email protected],,,unverified,,,no_first_party_identity_verified; attempt_count:1
156116,A1 Taxis Sheffield Ltd,a1 taxis sheffield ltd,Sheffield,,,Other,Worker,Skilled Worker,https://a1sheffieldtaxis.co.uk/,info@a1sheffieldtaxis.co.uk,,,unverified,,,no_first_party_identity_verified; attempt_count:1
156117,A1 Telecommunication Services Ltd,a1 telecommunication services ltd,Reading,Berkshire,South East,Other,Worker,Skilled Worker,https://a1telecomms.co.uk/,admin@a1telecomms.co.uk,,,low,https://a1telecomms.co.uk/,existing_website+contact_email_domain,possible_lead_not_accepted:only_one_name_token_on_page_without_hostname_match:telecommunication; attempt_count:1
156118,A1 Transport (NI) Ltd,a1 transport ni ltd,ENNISKILLEN,Fermanagh,Northern Ireland,Other,Worker,Skilled Worker,https://a1transportltd.com/,a1transport@live.co.uk,https://a1transportltd.com/careers,,unverified,,,no_first_party_identity_verified; attempt_count:2
156119,A1 Travel deals Limited,a1 travel deals limited,London,,,Other,Worker,Skilled Worker,https://www.a1traveldeals.co.uk/,info@a1traveldeals.co.uk,,https://www.a1traveldeals.co.uk/,medium,https://www.a1traveldeals.co.uk/,existing_website,name_tokens_on_page:travel+deals; attempt_count:1
156120,A1 TYRES (MANCHESTER) LTD,a1 tyres manchester ltd,Manchester,,,Other,Worker,Skilled Worker,http://www.a1tyresmcr.co.uk/,,,,unverified,,,no_first_party_identity_verified; attempt_count:2
156121,A1 Value Add Ltd. T/As Pepe's Piri Piri,a1 value add ltd t as pepe s piri piri,Tunbridge Wells,,,Other,Worker,Skilled Worker,https://pepes.co.uk/,,https://pepes.co.uk/job-vacancies,https://pepes.co.uk/,medium,https://pepes.co.uk/,existing_website+existing_careers_url_domain+company_site_existing_file,name_tokens_on_page:pepe+piri+piri; attempt_count:1
156125,A10 Networks Limited,a10 networks limited,Theale,,,Other,Worker,Skilled Worker,https://www.a10networks.com/,EMEA@A10Networks.com,https://www.a10networks.com/company/careers,https://www.a10networks.com/,medium,https://www.a10networks.com/,existing_website+existing_careers_url_domain+company_site_existing_file,name_tokens_on_page:a10+networks; attempt_count:1; company_site_source_host_not_eligible
156126,A12 PJ Limited T/A Papa Johns,a12 pj limited t a papa johns,Nottingham,,,Other,Worker,Skilled Worker,https://inside.papajohns.co.uk/,,https://inside.papajohns.co.uk/careers,https://inside.papajohns.co.uk/,medium,https://inside.papajohns.co.uk/,existing_website+existing_careers_url_domain+company_site_existing_file,name_tokens_on_page:papa+johns; attempt_count:1
156127,A1209 LTD T/A QUEDGELEY TANDOORI TAKEAWAY,a1209 ltd t a quedgeley tandoori takeaway,QUEDGELEY,GLOUCESTERSHIRE,South West,Other,Worker,Skilled Worker,https://quedgeleytandoori.com/,,,https://quedgeleytandoori.com/,high,https://quedgeleytandoori.com/,existing_website,name_tokens_on_page:quedgeley+tandoori+takeaway;location_on_page; attempt_count:1
156131,A1M TRAINING LTD,a1m training ltd,ERITH,,,Other,Worker,Skilled Worker,https://a1mtraining.com/,info@a1mtraining.com,,,unverified,,,no_first_party_identity_verified; attempt_count:1
156132,A1PHA SECURITY SERVICES LTD,a1pha security services ltd,Southampton,,,Other,Worker,Skilled Worker,https://www.alphasecurity.services/,Info@alphasecurity.services,https://www.alphasecurity.services/careers,https://www.alphasecurity.services/,high,https://www.alphasecurity.services/,existing_website+existing_careers_url_domain+company_site_existing_file,name_tokens_on_page:a1pha+security;location_on_page; attempt_count:1
156135,A212 Electric and Gas Ltd,a212 electric and gas ltd,London,Greater London,London,Other,Worker,Skilled Worker,https://www.a212electricandgas.co.uk/,info@a212electricandgas.co.uk,,https://www.a212electricandgas.co.uk/,medium,https://www.a212electricandgas.co.uk/,existing_website,name_tokens_on_page:a212+electric+gas; attempt_count:1
156136,A24 Group Ltd,a24 group ltd,Sutton,Surrey,South East,Other,Worker,Global Business Mobility: Senior or Specialist Worker,https://www.a24group.com,info@a24group.com,https://www.a24group.com/news/nursing-jobs-in-scotland,,low,https://www.a24group.com/,existing_website+existing_careers_url_domain+company_site_existing_file,possible_lead_not_accepted:only_one_name_token_on_page_without_hostname_match:a24; attempt_count:2
156137,A24 Group Ltd,a24 group ltd,Sutton,Surrey,South East,Other,Worker,Global Business Mobility: Senior or Specialist Worker,https://www.a24group.com,info@a24group.com,https://www.a24group.com/news/nursing-jobs-in-scotland,,low,https://www.a24group.com/,existing_website+existing_careers_url_domain+company_site_existing_file,possible_lead_not_accepted:only_one_name_token_on_page_without_hostname_match:a24; attempt_count:2
156138,A24 Studios Limited,a24 studios limited,London,,,Other,Worker,Skilled Worker,https://a24films.com,,https://a24films.com/jobs,,low,https://a24films.com/,existing_website+existing_careers_url_domain+company_site_existing_file,possible_lead_not_accepted:only_one_name_token_on_page_without_hostname_match:a24; attempt_count:1
156139,A2A Communication Limited,a2a communication limited,London,,,Other,Worker,Skilled Worker,https://a2acommunicationltd.co.uk/,,,https://a2acommunicationltd.co.uk/,high,https://a2acommunicationltd.co.uk/,existing_website,name_tokens_on_page:a2a+communication;location_on_page; attempt_count:1
156140,A2A SOLUTIONS,a2a solutions,London,,,Other,Worker,Skilled Worker,https://a2asolutions.co.uk/,A2aarslanriaz@gmail.com,https://a2asolutions.co.uk/careers.html,,low,https://a2asolutions.co.uk/,existing_website+existing_careers_url_domain+company_site_existing_file,possible_lead_not_accepted:only_one_name_token_on_page_without_hostname_match:a2a; attempt_count:1; contact_email_domain_not_used_as_website_lead
156141,A2B Aero Ltd,a2b aero ltd,Shoreham By Sea,,,Other,Worker,Skilled Worker,http://www.a2baero.co.uk,training@a2baero.co.uk,,https://www.a2baero.co.uk/,medium,https://www.a2baero.co.uk/,existing_website,name_tokens_on_page:a2b+aero; attempt_count:1
156142,A2B Logistiks Ltd,a2b logistiks ltd,Birmingham,,,Other,Worker,Skilled Worker,https://www.a2blogistiks.uk/,,,https://www.a2blogistiks.uk/,medium,https://www.a2blogistiks.uk/,existing_website,name_tokens_on_page:a2b+logistiks; attempt_count:1
156143,A2B TAX LTD,a2b tax ltd,London,,,Other,Worker,Skilled Worker,https://www.a2btax.co.uk/,info@a2btax.co.uk,https://www.a2btax.co.uk/careers,https://www.a2btax.co.uk/,high,https://www.a2btax.co.uk/,existing_website+existing_careers_url_domain+company_site_existing_file,name_tokens_on_page:a2b+tax;location_on_page; attempt_count:1
156144,A2B Taxis (Truro) Limited,a2b taxis truro limited,Truro,,,Other,Worker,Skilled Worker,https://a2btaxistruro.com/,,https://a2btaxistruro.com/jobs,https://a2btaxistruro.com/,high,https://a2btaxistruro.com/,existing_website+existing_careers_url_domain+company_site_existing_file,name_tokens_on_page:a2b+taxis+truro;location_on_page; attempt_count:1
156149,A2V Trade Limited,a2v trade limited,Ferndown,Dorset,South West,Other,Worker,Skilled Worker,https://www.a2v.com/,contact@a2v.com,https://www.a2v.com/careers,https://www.a2v.com/,high,https://www.a2v.com/,existing_website+existing_careers_url_domain+company_site_existing_file,name_tokens_on_page:a2v+trade;name_tokens_on_host:a2v;location_on_page; attempt_count:1
156150,A2VE Capital Advisors Limited,a2ve capital advisors limited,Battle,East Sussex,South East,Other,Worker,Skilled Worker,https://www.a2ve.com/,info@a2ve.com,,https://www.a2ve.com/,high,https://www.a2ve.com/,existing_website,name_tokens_on_page:a2ve+capital+advisors;name_tokens_on_host:a2ve; attempt_count:1
156151,A2Z 4 KIDS LIMITED,a2z 4 kids limited,Warrington,,,Other,Worker,Skilled Worker,https://a2z4kids.co.uk/,,,https://a2z4kids.co.uk/,high,https://a2z4kids.co.uk/,existing_website,name_tokens_on_page:a2z+kids;location_on_page; attempt_count:1
156155,A2Z Cloud Ltd.,a2z cloud ltd,Salisbury,Wiltshire,South West,Other,Worker,Skilled Worker,https://a2zcloud.com/,hello@a2zcloud.com,https://a2zcloud.com/were-hiring,https://a2zcloud.com/,medium,https://a2zcloud.com/,existing_website+contact_email_domain+existing_careers_url_domain+company_site_existing_file+verified_company_site_source_host,name_tokens_on_page:a2z+cloud; attempt_count:1
156157,A2Z CONSTRUCTION LONDON LTD,a2z construction london ltd,Colonbrook,slough,South East,Other,Worker,Skilled Worker,https://www.a2zbuildlondon.com/,[email protected],,,unverified,,,no_first_party_identity_verified; attempt_count:1
156160,A2Z FASTENERS LIMITED,a2z fasteners limited,LOUGHBOROUGH,LEICESTERSHIRE,East Midlands,Other,Worker,Skilled Worker,http://a2zfasteners.co.uk,cs@a2zfasteners.co.uk,,,unverified,,,no_first_party_identity_verified; attempt_count:1
156164,A2Z MOT Testing Ltd,a2z mot testing ltd,Bishop's Stortford,,,Other,Worker,Skilled Worker,http://a2zmottesting.co.uk/,,,,unverified,,,no_first_party_identity_verified; attempt_count:1
156169,A2Z STAFFING SOLUTIONS LIMITED,a2z staffing solutions limited,Ilford,England,,Other,Worker,Skilled Worker,https://a2zstaffing.co.uk/,info@a2zstaffing.co.uk,,,unverified,,,no_first_party_identity_verified; attempt_count:1
156170,A2Z Technologies Ltd,a2z technologies ltd,Bristol,South Gloucestershire,South West,Other,Worker,Skilled Worker,http://www.a2ztech.co.uk,,,,unverified,,,no_first_party_identity_verified; attempt_count:1
156174,A3 CARE LTD,a3 care ltd,Fleet,,,Other,Worker,Skilled Worker,https://a3care.co.uk,,,,unverified,,,no_first_party_identity_verified; attempt_count:1
156177,A3 GLOBAL TRAVEL LIMITED,a3 global travel limited,Manchester,,,Other,Worker,Skilled Worker,http://a3globaltravel.com,,,,low,https://a3globaltravel.com/,existing_website,possible_lead_not_accepted:only_one_name_token_on_page_without_hostname_match:travel; attempt_count:1
156183,A3N CONSULTING LIMITED,a3n consulting limited,Hounslow,,,Other,Worker,Skilled Worker,https://a3nconsultingg.com/,info@a3nconsulting.com,,https://a3nconsultingg.com/,medium,https://a3nconsultingg.com/,existing_website,name_tokens_on_page:a3n+consulting; attempt_count:1
156187,A4 Retail Limited T/A Braes Of Kirriemuir,a4 retail limited t a braes of kirriemuir,Kirriemuir,,,Other,Worker,Skilled Worker,https://www.snappyshopper.co.uk/stores/braes-of-kirriemuir-3761,braesofkirriemuir@gmail.com,,,unverified,,,no_first_party_identity_verified; attempt_count:1; contact_email_domain_not_used_as_website_lead
156190,A40 MOTORS LIMITED,a40 motors limited,Buckinghamshire,,,Other,Worker,Skilled Worker,https://a40motors.co.uk/,info@a40motors.co.uk,,,unverified,,,no_first_party_identity_verified; attempt_count:1
156191,A4FM LTD,a4fm ltd,Paisley,,,Other,Worker,Skilled Worker,https://facilities.a4fm.co.uk/,[email protected],https://a4fm.co.uk/careers,https://a4fm.co.uk/,high,https://a4fm.co.uk/,existing_website,name_tokens_on_page:a4fm;name_tokens_on_host:a4fm;location_on_page; attempt_count:1
156192,A4S SERVICES LIMITED,a4s services limited,London,,,Other,Worker,Skilled Worker,https://a4sservices.co.uk/,info@a4sservices.co.uk,https://a4sservices.co.uk/careers,,low,https://a4sservices.co.uk/,existing_website+contact_email_domain+existing_careers_url_domain+company_site_existing_file,possible_lead_not_accepted:only_one_name_token_on_page_without_hostname_match:a4s; attempt_count:1
156193,A5 NG1 Ltd T/A Papa Johns Pizza,a5 ng1 ltd t a papa johns pizza,Coventry,,,Other,Worker,Skilled Worker,https://inside.papajohns.co.uk/,,https://inside.papajohns.co.uk/careers,https://inside.papajohns.co.uk/,medium,https://inside.papajohns.co.uk/,existing_website+existing_careers_url_domain+company_site_existing_file,name_tokens_on_page:papa+johns+pizza; attempt_count:1
156194,A5 Products Limited,a5 products limited,Birmingham,,,Other,Worker,Skilled Worker,https://a5products.co.uk/,sales@a5products.co.uk,,,low,https://a5products.co.uk/,existing_website+contact_email_domain,possible_lead_not_accepted:only_one_name_token_on_page_without_hostname_match:products; attempt_count:1
156196,A6 Motors Limited,a6 motors limited,Bedford,,,Other,Worker,Skilled Worker,https://www.a6motors.co.uk/,[email protected],,,low,https://www.a6motors.co.uk/,existing_website,possible_lead_not_accepted:only_one_name_token_on_page_without_hostname_match:motors; attempt_count:1
156200,AA & JJ Food Ltd,aa and jj food ltd,Brighton,,,Other,Worker,Skilled Worker,https://www.jjfoodservice.com/,,https://www.jjfoodservice.com/content/careers,,low,https://www.jjfoodservice.com/,existing_website+existing_careers_url_domain+company_site_existing_file,possible_lead_not_accepted:only_one_name_token_on_page_without_hostname_match:food; attempt_count:2
156203,AA Access Partnership Limited,aa access partnership limited,London,,,Other,Worker,Global Business Mobility: Senior or Specialist Worker,https://aa-ap.com,,,,unverified,,,no_first_party_identity_verified; attempt_count:1
156204,AA Access Partnership Limited,aa access partnership limited,London,,,Other,Worker,Global Business Mobility: Senior or Specialist Worker,https://aa-ap.com,,,,unverified,,,no_first_party_identity_verified; attempt_count:1
156205,AA ACCOUNTANTS (UK) LTD,aa accountants uk ltd,Bristol,,,Other,Worker,Skilled Worker,https://aaaccountants.uk/,enquiries@aaaccountants.uk,,,low,https://aaaccountants.uk/,existing_website+contact_email_domain,possible_lead_not_accepted:only_one_name_token_on_page_without_hostname_match:accountants; attempt_count:1
156206,AA Accountants Ltd,aa accountants ltd,Peterborough,,,Other,Worker,Skilled Worker,https://aa-accountants.co.uk/,shaz@aa-accountants.co.uk,https://aa-accountants.co.uk/capital-allowances,https://aa-accountants.co.uk/,high,https://aa-accountants.co.uk/,existing_website+contact_email_domain+existing_careers_url_domain+company_site_existing_file,name_tokens_on_page:accountants;name_tokens_on_host:accountants;location_on_page; attempt_count:1
156207,AA Accountax Ltd,aa accountax ltd,Blackburn,Lancashire,North West,Other,Worker,Skilled Worker,https://iaccountax.co.uk/,info@iaccountax.co.uk,,,low,https://iaccountax.co.uk/,existing_website+contact_email_domain,possible_lead_not_accepted:only_one_name_token_on_page_without_hostname_match:accountax; attempt_count:1
156211,AA AUTOS MIDILANDS LTD,aa autos midilands ltd,Hull,,,Other,Worker,Skilled Worker,https://aaautos.net,tracyabrahams@googlemail.com,,,low,https://aaautos.net/,existing_website,possible_lead_not_accepted:only_one_name_token_on_page_without_hostname_match:autos; attempt_count:2; contact_email_domain_not_used_as_website_lead
156217,AA Cash & Carry Limited,aa cash and carry limited,Rushden,Northamptonshire,East Midlands,Other,Worker,Skilled Worker,http://aaccuk.com/,,,,unverified,,,no_first_party_identity_verified; attempt_count:1
156220,AA Concrete UK Ltd,aa concrete uk ltd,West Drayton,,,Other,Worker,Skilled Worker,https://aaconcrete.co.uk/,[email protected],,,low,https://aaconcrete.co.uk/,existing_website,possible_lead_not_accepted:only_one_name_token_on_page_without_hostname_match:concrete; attempt_count:1
156222,AA Dream Factory Ltd,aa dream factory ltd,Essex,,,Other,Worker,Skilled Worker,,,,,unverified,,,no_first_party_identity_verified; attempt_count:0
156224,AA EDINBURGH FOOD LIMITED TA Shapla Takeaway,aa edinburgh food limited ta shapla takeaway,Edinburgh,,,Other,Worker,Skilled Worker,https://shaplatakeaway.co.uk,,,https://shaplatakeaway.co.uk/,high,https://shaplatakeaway.co.uk/,existing_website,name_tokens_on_page:edinburgh+food+shapla+takeaway;location_on_page; attempt_count:1
156225,AA ELECTRICAL AND MECHANICAL SERVICES LTD,aa electrical and mechanical services ltd,London,,,Other,Worker,Skilled Worker,,,,,unverified,,,no_first_party_identity_verified; attempt_count:0
156227,AA Estate Agency Limited,aa estate agency limited,London,,,Other,Worker,Skilled Worker,https://www.aaestate.co.uk/,[email protected],,,low,https://www.aaestate.co.uk/,existing_website,possible_lead_not_accepted:only_one_name_token_on_page_without_hostname_match:estate; attempt_count:1
156228,AA Euro Recruitment UK Limited,aa euro recruitment uk limited,London,AA Euro Recruitment UK Ltd,,Other,Worker,Skilled Worker,https://aaeuro.com/,[email protected],http://aaeuro.com/permanent-vacancies,https://aaeuro.com/,high,https://aaeuro.com/,existing_website+existing_careers_url_domain+company_site_existing_file+verified_company_site_source_host,name_tokens_on_page:euro+recruitment;location_on_page; attempt_count:1
156231,AA Financial Bizz Limited,aa financial bizz limited,London,,,Other,Worker,Skilled Worker,,,,,unverified,,,no_first_party_identity_verified; attempt_count:0
156232,AA FOODIES LTD T/A SUBWAY,aa foodies ltd t a subway,Stevenage,Hertfordshire,East of England,Other,Worker,Skilled Worker,https://mysubwaycareer.com/,,,,unverified,,,no_first_party_identity_verified; attempt_count:1
156234,AA Global Ltd.,aa global ltd,Berkshire,,,Other,Worker,Skilled Worker,https://aagloballtd.co.uk/,av@aagloballtd.co.uk,,,unverified,,,no_first_party_identity_verified; attempt_count:1
156235,AA Grewal and Aggarwal Solicitors,aa grewal and aggarwal solicitors,LEICESTER,Leicester,East Midlands,Other,Worker,Skilled Worker,https://aagasolicitors.com/,info@aagasolicitors.com,,https://aagasolicitors.com/,high,https://aagasolicitors.com/,existing_website+contact_email_domain,name_tokens_on_page:grewal+aggarwal+solicitors;location_on_page; attempt_count:1
156239,AA Homes and Housing (Metro Point) Limited,aa homes and housing metro point limited,London,,,Other,Worker,Skilled Worker,https://www.aahomesandhousing.com/,administrator@aahomesandhousing.com,,,low,https://www.aahomesandhousing.com/,existing_website,possible_lead_not_accepted:only_one_name_token_on_page_without_hostname_match:homes; attempt_count:2
156246,AA Limited,aa limited,Basingstoke,Hampshire,South East,Other,Worker,Skilled Worker,https://www.aaltd.co.uk,info@aaltd.co.uk,,,unverified,,,no_first_party_identity_verified; attempt_count:2
156250,AA MINIBUS TRAVELS LTD T/A BRIT COACHES,aa minibus travels ltd t a brit coaches,"Hagley, Stourbridge",,,Other,Worker,Skilled Worker,https://www.aaminibus.co.uk/,[email protected],,https://www.aaminibus.co.uk/,medium,https://www.aaminibus.co.uk/,existing_website,name_tokens_on_page:minibus+travels; attempt_count:1
156252,AA Mobility Services Limited,aa mobility services limited,Crawley,West Sussex,South East,Other,Worker,Skilled Worker,https://www.theaacareers.co.uk/,,https://www.theaacareers.co.uk/roles/early-careers,,unverified,,,no_first_party_identity_verified; attempt_count:2
156253,AA Motors (UK) Limited,aa motors uk limited,Bradford,West Yorkshire,Yorkshire and the Humber,Other,Worker,Skilled Worker,https://www.aamotorsbradford.com/,aa.motors@yahoo.co.uk,,,low,https://www.aamotorsbradford.com/,existing_website,possible_lead_not_accepted:only_one_name_token_on_page_without_hostname_match:motors; attempt_count:1; contact_email_domain_not_used_as_website_lead
156258,AA Painting and Decorators ltd,aa painting and decorators ltd,Stoke On Trent,Staffs,,Other,Worker,Skilled Worker,https://aapaintingltd.uk,,,,unverified,,,no_first_party_identity_verified; attempt_count:1
156264,AA RECRUITMENT CONSULTANTS LIMITED,aa recruitment consultants limited,London,,,Other,Worker,Skilled Worker,https://aa-recruitment-consultants.co.uk/,admin@aa-recruitment-consultants.co.uk,,https://aa-recruitment-consultants.co.uk/,high,https://aa-recruitment-consultants.co.uk/,existing_website+contact_email_domain,name_tokens_on_page:recruitment+consultants;name_tokens_on_host:recruitment+consultants;location_on_page; attempt_count:1
156271,AA SKY LTD,aa sky ltd,Leicester,,,Other,Worker,Skilled Worker,,,,,unverified,,,no_first_party_identity_verified; attempt_count:0
156275,AA Transport,aa transport,Springfield,Milton Keynes,South East,Other,Worker,Skilled Worker,https://www.aaa-transport.com/,info@aaa-transport.co.uk,,,unverified,,,no_first_party_identity_verified; attempt_count:2
156277,AA XPRESS LTD,aa xpress ltd,Blaydon-on-Tyne,Tyne and Wear,North East,Other,Worker,Skilled Worker,https://www.aaxpress.co.uk/,info@aaxpress.co.uk,,,unverified,,,no_first_party_identity_verified; attempt_count:2
156283,AAA Accounting Ltd,aaa accounting ltd,Barking,Essex,East of England,Other,Worker,Skilled Worker,https://aaaaccounting.co.uk/,info@aaaaccounting.co.uk,,https://aaaaccounting.co.uk/,high,https://aaaaccounting.co.uk/,existing_website+contact_email_domain,name_tokens_on_page:aaa+accounting;location_on_page; attempt_count:1
156287,AAA Car Sale Ltd,aaa car sale ltd,Darlington,Durham,North East,Other,Worker,Skilled Worker,https://www.aaa-carsales.co.uk,,,,unverified,,,no_first_party_identity_verified; attempt_count:1
156288,AAA Dentalab Ltd,aaa dentalab ltd,London,,,Other,Worker,Skilled Worker,https://www.aaadentalab.co.uk/,infouk@aaadentalab.com,,https://www.aaadentalab.co.uk/,high,https://www.aaadentalab.co.uk/,existing_website,name_tokens_on_page:aaa+dentalab;location_on_page; attempt_count:1
156297,AAA HOSPITALITY LIMITED,aaa hospitality limited,CHERTSEY,,,Other,Worker,Skilled Worker,http://aaahospitality.co.uk/,,,,unverified,,,no_first_party_identity_verified; attempt_count:1
156303,AAA Taxis (Hatfield) Limited,aaa taxis hatfield limited,Barnet,Hertfs,,Other,Worker,Skilled Worker,https://aaataxisuk.com,info@aaataxisuk.com,,https://www.aaataxis.com/,high,https://www.aaataxis.com/,SponsorList,name_tokens_on_page:aaa+taxis+hatfield;location_on_page; attempt_count:2
156306,AAAA Communications Limited t/a Media Guru,aaaa communications limited t a media guru,London,,,Other,Worker,Skilled Worker,https://media-guru.co.uk,info@media-guru.co.uk,,https://media-guru.co.uk/,high,https://media-guru.co.uk/,existing_website+contact_email_domain,name_tokens_on_page:media+guru;name_tokens_on_host:media+guru;location_on_page; attempt_count:1
156309,AAARETAILERS LTD,aaaretailers ltd,Wigan,,,Other,Worker,Skilled Worker,https://aaaretail.co.uk/,infoaaaretail@gmail.com,,,unverified,,,no_first_party_identity_verified; attempt_count:1; contact_email_domain_not_used_as_website_lead
156312,AAASE Consultants Ltd,aaase consultants ltd,Blackburn,,,Other,Worker,Skilled Worker,https://aaase.co.uk/,,,https://aaase.co.uk/,high,https://aaase.co.uk/,existing_website,name_tokens_on_page:aaase+consultants;name_tokens_on_host:aaase; attempt_count:1
156317,AABRU LIMITED,aabru limited,LONDON,,,Other,Worker,Skilled Worker,https://aabru.co.uk/,,,,unverified,,,no_first_party_identity_verified; attempt_count:1
156318,AAC Technologies (Scotland) Limited,aac technologies scotland limited,Edinburgh,,,Other,Worker,Global Business Mobility: Senior or Specialist Worker,https://www.aactechnologies.com/en,bd@aactechnologies.com,,https://www.aactechnologies.com/,medium,https://www.aactechnologies.com/,existing_website,name_tokens_on_page:aac+technologies; attempt_count:1
156319,AAC Technologies (Scotland) Limited,aac technologies scotland limited,Edinburgh,,,Other,Worker,Global Business Mobility: Senior or Specialist Worker,https://www.aactechnologies.com/en,bd@aactechnologies.com,,https://www.aactechnologies.com/,medium,https://www.aactechnologies.com/,existing_website,name_tokens_on_page:aac+technologies; verified_domain_identity_cache_hit; attempt_count:1
156321,AACSL ACCOUNTANTS LTD,aacsl accountants ltd,Harlow,Essex,East of England,Other,Worker,Skilled Worker,https://aacsl.co.uk/,,http://aacsl.co.uk/career,https://aacsl.co.uk/,high,https://aacsl.co.uk/,existing_website+existing_careers_url_domain+company_site_existing_file,name_tokens_on_page:aacsl+accountants;name_tokens_on_host:aacsl;location_on_page; attempt_count:1
156326,AADHAM FUTURE LIMITED,aadham future limited,Dorking,England,,Other,Worker,Skilled Worker,https://aadhamfuture.uk/,[email protected],,https://aadhamfuture.uk/,high,https://aadhamfuture.uk/,existing_website,name_tokens_on_page:aadham+future;location_on_page; attempt_count:1
156340,AAE RETAIL LIMITED,aae retail limited,Coventry,,,Other,Worker,Skilled Worker,https://aaeretaillimited.co.uk,,,,unverified,,,no_first_party_identity_verified; attempt_count:1
156344,AAFAQ Bookstore,aafaq bookstore,London,London,London,Other,Worker,Global Business Mobility: UK Expansion Worker,,,,,unverified,,,no_first_party_identity_verified; attempt_count:0
156345,AAFD SERVICES LTD,aafd services ltd,Coalville,,,Other,Worker,Skilled Worker,https://aafdservices.co.uk/,,,,unverified,,,no_first_party_identity_verified; attempt_count:1
156350,AAGRAH (LEEDS) LIMITED,aagrah leeds limited,Leeds,,,Other,Worker,Skilled Worker,https://www.aagrah.com/,info@aagrah.com,https://www.aagrah.com/careers,https://www.aagrah.com/,high,https://www.aagrah.com/,existing_website+existing_careers_url_domain+company_site_existing_file,name_tokens_on_page:aagrah+leeds;name_tokens_on_host:aagrah;location_on_page; attempt_count:1
156352,AAH ACCOUNTING LIMITED,aah accounting limited,Trowbridge,,,Other,Worker,Skilled Worker,,,,,unverified,,,no_first_party_identity_verified; attempt_count:0
156354,AAH Pharmaceuticals Limited,aah pharmaceuticals limited,Warwick,,,Other,Worker,Skilled Worker,https://www.aah.co.uk,aahcreditmanagement@hallo-hg.com,,https://www.aah.co.uk/,medium,https://www.aah.co.uk/s/,existing_website,name_tokens_on_page:aah;name_tokens_on_host:aah; attempt_count:1
156359,AAHAR VEGETARIAN LIMITED,aahar vegetarian limited,Hayes,Greater London,London,Other,Worker,Skilled Worker,,,,,unverified,,,no_first_party_identity_verified; attempt_count:0
156369,AAJ CONSTRUCTION (PROPERTY) LTD,aaj construction property ltd,ILFORD,,,Other,Worker,Skilled Worker,,,,,low,https://aajconstruction.com/,SponsorList,possible_lead_not_accepted:only_one_name_token_on_page_without_hostname_match:aaj; attempt_count:1
156371,AAJJ CONSULTANTS LIMITED,aajj consultants limited,London,,,Other,Worker,Skilled Worker,https://aajjconsultants.co.uk/,,,https://aajjconsultants.co.uk/,high,https://aajjconsultants.co.uk/,existing_website,name_tokens_on_page:aajj+consultants;location_on_page; attempt_count:1
156374,AAK International,aak international,Hull,,,Other,Worker,Skilled Worker,https://aak-uk.com/,uk.info@aak.com,https://aak-uk.com/about/careers,https://aak-uk.com/,high,https://aak-uk.com/,existing_website+existing_careers_url_domain+company_site_existing_file,name_tokens_on_page:aak;name_tokens_on_host:aak;location_on_page; attempt_count:1
156375,AAK9 SECURITY LTD,aak9 security ltd,CHADWELL HEAT,ROMFORD,,Other,Worker,Skilled Worker,https://aaksecurity.co.uk/,info@aak9security.com,,https://aaksecurity.co.uk/,medium,https://aaksecurity.co.uk/,existing_website,name_tokens_on_page:aak9+security; attempt_count:1
156379,AAKWA GROUP LTD,aakwa group ltd,BURTON-ON-TRENT,Staffordshire,West Midlands,Other,Worker,Skilled Worker,https://www.aakwagroup.co.uk,info@aakwagroup.co.uk,,,low,https://aakwagroup.co.uk/,contact_email_domain,possible_lead_not_accepted:only_one_name_token_on_page_without_hostname_match:aakwa; attempt_count:2
156384,AAlex law,aalex law,Dudley,,,Other,Worker,Skilled Worker,https://www.aalexlaw.co.uk/,,,https://www.aalexlaw.co.uk/,medium,https://www.aalexlaw.co.uk/,existing_website,name_tokens_on_page:aalex+law; attempt_count:1
156385,Aalo Investment Ltd,aalo investment ltd,London,,,Other,Worker,Skilled Worker,,,,,unverified,,,no_first_party_identity_verified; attempt_count:0
156391,AAM ELECTRICAL SERVICES LTD,aam electrical services ltd,LONDON,,,Other,Worker,Skilled Worker,https://aamelectricalservices.co.uk/,a.a.melectricalservices@outlook.com,,https://aamelectricalservices.co.uk/,medium,https://aamelectricalservices.co.uk/,existing_website,name_tokens_on_page:aam+electrical; attempt_count:1; contact_email_domain_not_used_as_website_lead
156395,AAMAR TYRES & SERVICES LTD,aamar tyres and services ltd,London,,,Other,Worker,Skilled Worker,https://aamartyres.co.uk/,info@aamartyres.co.uk,,https://aamartyres.co.uk/,high,https://aamartyres.co.uk/,existing_website+contact_email_domain,name_tokens_on_page:aamar+tyres;location_on_page; attempt_count:1
156406,AANS FABRICS & TAILORS LTD,aans fabrics and tailors ltd,Manchester,,,Other,Worker,Skilled Worker,,,,https://aansfabricstailorsltd.com/,high,https://aansfabricstailorsltd.com/,SponsorList,name_tokens_on_page:aans+fabrics+tailors;location_on_page; attempt_count:1
156410,AAPrinters Ltd,aaprinters ltd,Manchester,,,Other,Worker,Skilled Worker,https://aaprinters.co.uk/,info@aaprinters.co.uk,,,unverified,,,no_first_party_identity_verified; attempt_count:1
156412,AAR CARS HUB LTD,aar cars hub ltd,Croydon,,,Other,Worker,Skilled Worker,https://aarcars.co.uk,,,,low,https://aarcars.co.uk/,existing_website,possible_lead_not_accepted:only_one_name_token_on_page_without_hostname_match:cars; attempt_count:2
156414,"AAR International, Inc.",aar international inc,London,,,Other,Worker,Global Business Mobility: Senior or Specialist Worker,https://www.aarcorp.com/en/,,https://www.aarcorp.com/en/careers,,low,https://www.aarcorp.com/,existing_website+existing_careers_url_domain+company_site_existing_file,possible_lead_not_accepted:only_one_name_token_on_page_without_hostname_match:aar; attempt_count:1; company_site_source_host_ambiguous
156415,"AAR International, Inc.",aar international inc,London,,,Other,Worker,Global Business Mobility: Senior or Specialist Worker,https://www.aarcorp.com/en/,,https://www.aarcorp.com/en/careers,,low,https://www.aarcorp.com/,existing_website+existing_careers_url_domain+company_site_existing_file,possible_lead_not_accepted:only_one_name_token_on_page_without_hostname_match:aar; attempt_count:1; company_site_source_host_ambiguous
156416,Aara Food and Wine Ltd,aara food and wine ltd,Wigan,,,Other,Worker,Skilled Worker,,,,,unverified,,,no_first_party_identity_verified; attempt_count:0
156433,AArete UK Limited,aarete uk limited,"Felbridge, East Grinstead",West Sussex,South East,Other,Worker,Global Business Mobility: Senior or Specialist Worker,https://www.aarete.com/,,https://www.aarete.com/join-our-team,https://www.aarete.com/,medium,https://www.aarete.com/,existing_website+existing_careers_url_domain+company_site_existing_file,name_tokens_on_page:aarete;name_tokens_on_host:aarete; attempt_count:1
156434,AArete UK Limited,aarete uk limited,"Felbridge, East Grinstead",West Sussex,South East,Other,Worker,Global Business Mobility: Senior or Specialist Worker,https://www.aarete.com/,,https://www.aarete.com/join-our-team,https://www.aarete.com/,medium,https://www.aarete.com/,existing_website+existing_careers_url_domain+company_site_existing_file,name_tokens_on_page:aarete;name_tokens_on_host:aarete; verified_domain_identity_cache_hit; attempt_count:1
156437,AARIA RETAIL UK LTD T/A Costcutter,aaria retail uk ltd t a costcutter,Great Bromley,Colchester,,Other,Worker,Skilled Worker,https://www.costcutter.co.uk,,,https://www.costcutter.co.uk/,medium,https://www.costcutter.co.uk/,existing_website,name_tokens_on_page:costcutter;name_tokens_on_host:costcutter; attempt_count:1
156440,AARIZ BUILD LTD,aariz build ltd,Ilford,,,Other,Worker,Skilled Worker,https://aarizbuild.co.uk/,info@aarizbuild.co.uk,https://aarizbuild.co.uk/careers,https://aarizbuild.co.uk/,high,https://aarizbuild.co.uk/,existing_website+contact_email_domain+existing_careers_url_domain+company_site_existing_file,name_tokens_on_page:aariz+build;location_on_page; attempt_count:1
156442,AARJ CARE SERVICES LTD,aarj care services ltd,Birmingham,West Midlands,West Midlands,Other,Worker,Skilled Worker,,,,,unverified,,,no_first_party_identity_verified; attempt_count:1
156445,AARK HEALTH LIMITED,aark health limited,LONDON,,,Other,Worker,Skilled Worker,,,,,unverified,,,no_first_party_identity_verified; attempt_count:0
156448,AARNA CONNECT TECH SERVICES LTD T/A AARNA CONNECT,aarna connect tech services ltd t a aarna connect,Slough,,,Other,Worker,Skilled Worker,,,,,unverified,,,no_first_party_identity_verified; attempt_count:0
156451,AAROH FOODS LTD,aaroh foods ltd,HATFIELD,,,Other,Worker,Skilled Worker,https://aarohfood.uk/,aarohfood@gmail.com,,,unverified,,,no_first_party_identity_verified; attempt_count:1; contact_email_domain_not_used_as_website_lead
156462,AARRR LTD TA Skewen Fish Bar,aarrr ltd ta skewen fish bar,Neath,,,Other,Worker,Skilled Worker,https://www.skewenfishbar.co.uk/,skewenfishbar2004@gmail.com,,https://www.skewenfishbar.co.uk/,high,https://www.skewenfishbar.co.uk/,existing_website,name_tokens_on_page:skewen+fish+bar;location_on_page; attempt_count:1; contact_email_domain_not_used_as_website_lead
156467,AARTI SAREES LIMITED,aarti sarees limited,Southall,,,Other,Worker,Skilled Worker,https://www.aartisarees.co.uk/,info@aartisarees.co.uk,,,unverified,,,no_first_party_identity_verified; attempt_count:2
156476,AARYA TECHNOLOGIES LTD,aarya technologies ltd,Wokingham,,,Other,Worker,Skilled Worker,http://aaryatechnologies.co.uk,,,https://aaryatechnologies.co.uk/,high,https://aaryatechnologies.co.uk/,existing_website+verified_company_site_source_host,name_tokens_on_page:aarya+technologies;location_on_page; attempt_count:1
156480,AARYAN MOBILE AND COMPUTER SERVICES LIMITED,aaryan mobile and computer services limited,"London,",United Kingdom,,Other,Worker,Skilled Worker,,,,,low,https://aaryangroup.co.uk/,SponsorList,possible_lead_not_accepted:only_one_name_token_on_page_without_hostname_match:aaryan; attempt_count:1
156485,AASEYA SOFTWARE SERVICES (UK)  LTD,aaseya software services uk ltd,Steyning,West Sussex,South East,Other,Temporary Worker,Global Business Mobility: Graduate Trainee,https://aaseya.com/,sales@aaseya.com,https://aaseya.com/careers,https://aaseya.com/,high,https://aaseya.com/,existing_website+contact_email_domain+existing_careers_url_domain+company_site_existing_file+verified_company_site_source_host,name_tokens_on_page:aaseya;name_tokens_on_host:aaseya;location_on_page; attempt_count:1
156486,AASEYA SOFTWARE SERVICES (UK)  LTD,aaseya software services uk ltd,Steyning,West Sussex,South East,Other,Temporary Worker,Global Business Mobility: Graduate Trainee,https://aaseya.com/,sales@aaseya.com,https://aaseya.com/careers,https://aaseya.com/,high,https://aaseya.com/,existing_website+contact_email_domain+existing_careers_url_domain+company_site_existing_file+verified_company_site_source_host,name_tokens_on_page:aaseya;name_tokens_on_host:aaseya;location_on_page; verified_domain_identity_cache_hit; attempt_count:1
156487,AASEYA SOFTWARE SERVICES (UK)  LTD,aaseya software services uk ltd,Steyning,West Sussex,South East,Other,Temporary Worker,Global Business Mobility: Graduate Trainee,https://aaseya.com/,sales@aaseya.com,https://aaseya.com/careers,https://aaseya.com/,high,https://aaseya.com/,existing_website+contact_email_domain+existing_careers_url_domain+company_site_existing_file+verified_company_site_source_host,name_tokens_on_page:aaseya;name_tokens_on_host:aaseya;location_on_page; verified_domain_identity_cache_hit; attempt_count:1
156489,AASHA (RETAIL) LTD,aasha retail ltd,HANTS,,,Other,Worker,Skilled Worker,,,,,unverified,,,no_first_party_identity_verified; attempt_count:1
156505,AAT Tree Services & Consultancy,aat tree services and consultancy,Hereford,Herefordshire,West Midlands,Other,Worker,Skilled Worker,https://www.aattreeservices.co.uk/,info@aattreeservices.co.uk,,,unverified,,,no_first_party_identity_verified; attempt_count:3
156515,AAVIOR LTD,aavior ltd,London,,,Other,Worker,Skilled Worker,https://aavior.com/,contact@aavior.com,https://aavior.com/career,https://aavior.com/,high,https://aavior.com/,existing_website+contact_email_domain+existing_careers_url_domain+company_site_existing_file,name_tokens_on_page:aavior;name_tokens_on_host:aavior;location_on_page; attempt_count:1
156517,AAVR Solutions Limited T/A Shell,aavr solutions limited t a shell,Kent,,,Other,Worker,Skilled Worker,https://www.shell.co.uk/,generalpublicenquiries-uk@shell.com,,https://www.shell.co.uk/,medium,https://www.shell.co.uk/,existing_website,name_tokens_on_page:shell;name_tokens_on_host:shell; attempt_count:1
156522,AAYAN MEDICAL IMAGING LIMITED,aayan medical imaging limited,New Malden,,,Other,Worker,Skilled Worker,http://www.aayanmedicalimaging.co.uk/,,,https://aayanmedicalimaging.co.uk/,high,https://aayanmedicalimaging.co.uk/,existing_website,name_tokens_on_page:aayan+imaging;location_on_page; attempt_count:1
156523,AAYNA LONDON LTD,aayna london ltd,London,,,Other,Worker,Skilled Worker,https://aaynalondon.co.uk/,info@aaynalondon.co.uk,,https://aaynalondon.co.uk/,high,https://aaynalondon.co.uk/,existing_website+contact_email_domain,name_tokens_on_page:aayna+london;location_on_page; attempt_count:1
156528,AAZA LTD,aaza ltd,Birmingham,,,Other,Worker,Skilled Worker,https://www.aaza.co.uk/,info@aaza.co.uk,,https://www.aaza.co.uk/,medium,https://www.aaza.co.uk/,existing_website,name_tokens_on_page:aaza;name_tokens_on_host:aaza; attempt_count:1
156529,AAziz &Co LTD,aaziz and co ltd,London,,,Other,Worker,Skilled Worker,https://aazizandco.co.uk,info@aazizandco.co.uk,,,unverified,,,no_first_party_identity_verified; attempt_count:2
156532,AB Agri Limited,ab agri limited,Peterborough,,,Other,Worker,Global Business Mobility: Senior or Specialist Worker,https://www.abagri.com/,,https://careers.abagri.com/,,low,https://www.abagri.com/,existing_website,possible_lead_not_accepted:only_one_name_token_on_page_without_hostname_match:agri; attempt_count:3
156533,AB Agri Limited,ab agri limited,Peterborough,,,Other,Worker,Global Business Mobility: Senior or Specialist Worker,https://www.abagri.com/,,https://careers.abagri.com/,,low,https://www.abagri.com/,existing_website,possible_lead_not_accepted:only_one_name_token_on_page_without_hostname_match:agri; attempt_count:3
156534,AB Beds North Ltd,ab beds north ltd,Heckmondwike,,,Other,Worker,Skilled Worker,https://abbeds.com/,info@abbeds.com,,,unverified,,,no_first_party_identity_verified; attempt_count:2
156538,AB Energy UK LTD,ab energy uk ltd,London,,,Other,Worker,Skilled Worker,https://www.gruppoab.com,abenergyuk@gruppoab.com,https://www.gruppoab.com/en-us/professional-opportunities,,low,https://www.gruppoab.com/en-us/,existing_website+existing_careers_url_domain+company_site_existing_file,possible_lead_not_accepted:only_one_name_token_on_page_without_hostname_match:energy; attempt_count:4
156540,AB Fire LTD,ab fire ltd,London,London,London,Other,Worker,Skilled Worker,https://www.abfiresolutions.co.uk/,info@abfs.ltd,,,low,https://www.abfiresolutions.co.uk/,existing_website,possible_lead_not_accepted:only_one_name_token_on_page_without_hostname_match:fire; attempt_count:3
156541,AB Gas & Property Service Limited,ab gas and property service limited,Smethwick,West Midlands,West Midlands,Other,Worker,Skilled Worker,https://abgas.co.uk/,info@abgas.co.uk,,,unverified,,,no_first_party_identity_verified; attempt_count:2
156542,AB Glass (Doors and Windows) Ltd,ab glass doors and windows ltd,Swansea,Swansea,Wales,Other,Worker,Skilled Worker,https://www.abglass.co.uk/,dave.richardson@abglass.co.uk,https://www.abglass.co.uk/vacancies,https://www.abglass.co.uk/,medium,https://www.abglass.co.uk/,existing_website+existing_careers_url_domain+company_site_existing_file,name_tokens_on_page:glass+doors+windows; attempt_count:1
156543,AB Global Consultant LTD,ab global consultant ltd,Northampton,,,Other,Worker,Skilled Worker,https://www.abglobalconsultant.com/,info@abglobalconsultant.com,,,low,https://www.abglobalconsultant.com/,existing_website,possible_lead_not_accepted:only_one_name_token_on_page_without_hostname_match:consultant; attempt_count:3
156545,AB Hotels Limited,ab hotels limited,St Albans,Hertfordshire,East of England,Other,Worker,Skilled Worker,http://abhotels.co.uk,,,,unverified,,,no_first_party_identity_verified; attempt_count:1
156547,AB InBev UK Ltd,ab inbev uk ltd,London,,,Other,Worker,Skilled Worker,https://www.ab-inbev.com/,,https://www.ab-inbev.com/careers,https://www.ab-inbev.com/,high,https://www.ab-inbev.com/,existing_website+existing_careers_url_domain+company_site_existing_file,name_tokens_on_page:inbev;name_tokens_on_host:inbev;location_on_page; attempt_count:1
156548,AB InBev UK Ltd,ab inbev uk ltd,London,,,Other,Worker,Skilled Worker,https://www.ab-inbev.com/,,https://www.ab-inbev.com/careers,https://www.ab-inbev.com/,high,https://www.ab-inbev.com/,existing_website+existing_careers_url_domain+company_site_existing_file,name_tokens_on_page:inbev;name_tokens_on_host:inbev;location_on_page; verified_domain_identity_cache_hit; attempt_count:1
156549,AB InBev UK Ltd,ab inbev uk ltd,London,,,Other,Worker,Skilled Worker,https://www.ab-inbev.com/,,https://www.ab-inbev.com/careers,https://www.ab-inbev.com/,high,https://www.ab-inbev.com/,existing_website+existing_careers_url_domain+company_site_existing_file,name_tokens_on_page:inbev;name_tokens_on_host:inbev;location_on_page; verified_domain_identity_cache_hit; attempt_count:1
156552,AB Mackenzie Ltd,ab mackenzie ltd,Bromley,,,Other,Worker,Skilled Worker,https://abmackenzie.co.uk/,info@abmackenzie.co.uk,https://abmackenzie.co.uk/vacancies,,low,https://abmackenzie.co.uk/,existing_website+contact_email_domain+existing_careers_url_domain+company_site_existing_file,possible_lead_not_accepted:only_one_name_token_on_page_without_hostname_match:mackenzie; attempt_count:2
156553,AB Mauri (UK)Ltd,ab mauri uk ltd,Peterborough,Cambs,,Other,Worker,Skilled Worker,https://www.abmauri.com/,info@abmauri.com,https://www.abmauri.com/careers,,low,https://www.abmauri.com/,existing_website+existing_careers_url_domain+company_site_existing_file,possible_lead_not_accepted:only_one_name_token_on_page_without_hostname_match:mauri; attempt_count:3
156554,AB Mauri (UK)Ltd,ab mauri uk ltd,Peterborough,Cambs,,Other,Worker,Skilled Worker,https://www.abmauri.com/,info@abmauri.com,https://www.abmauri.com/careers,,low,https://www.abmauri.com/,existing_website+existing_careers_url_domain+company_site_existing_file,possible_lead_not_accepted:only_one_name_token_on_page_without_hostname_match:mauri; attempt_count:3
156564,AB Solar Consulting Ltd,ab solar consulting ltd,London,,,Other,Worker,Skilled Worker,https://absolarconsulting.com/,info@absolarconsulting.com,,https://absolarconsulting.com/,medium,https://absolarconsulting.com/,existing_website+contact_email_domain,name_tokens_on_page:solar+consulting; attempt_count:1
156567,AB TASTY LIMITED LTD,ab tasty limited ltd,London,,,Other,Worker,Skilled Worker,https://www.abtasty.com/,,,,low,https://careers.abtasty.com/,verified_company_site_source_host,possible_lead_not_accepted:only_one_name_token_on_page_without_hostname_match:tasty; attempt_count:3
156570,AB World Foods Ltd,ab world foods ltd,Leigh,Lancashire,North West,Other,Worker,Skilled Worker,https://www.abworldfoods.com/,abwf-recruitment@abworldfoods.com,,https://www.abworldfoods.com/,high,https://www.abworldfoods.com/,existing_website,name_tokens_on_page:world+foods;location_on_page; attempt_count:1
156577,ABA Autism Education Ltd,aba autism education ltd,Norfolk,,,Other,Worker,Skilled Worker,https://aba-autism.org.uk,info@aba-autism.org.uk,,,unverified,,,no_first_party_identity_verified; attempt_count:2
156578,ABA Connected Limited,aba connected limited,Walsall,,,Other,Worker,Skilled Worker,https://abaconnected.co.uk/,support@abaconnected.co.uk,https://abaconnected.co.uk/work-with-us,https://abaconnected.co.uk/,medium,https://abaconnected.co.uk/,existing_website+contact_email_domain+existing_careers_url_domain+company_site_existing_file,name_tokens_on_page:aba+connected; attempt_count:1
156581,ABABEEL CARS LTD,ababeel cars ltd,Birmingham,,,Other,Worker,Skilled Worker,https://ababeelcars.com/,info@ababeelcars.com,,,unverified,,,no_first_party_identity_verified; attempt_count:2
156594,Abacus Information Technology UK Limited,abacus information technology uk limited,London,,,Other,Worker,Global Business Mobility: Senior or Specialist Worker,,,,,unverified,,,no_first_party_identity_verified; attempt_count:1
156595,Abacus Information Technology UK Limited,abacus information technology uk limited,London,,,Other,Worker,Global Business Mobility: Senior or Specialist Worker,,,,,unverified,,,no_first_party_identity_verified; attempt_count:1
156596,Abacus Lease Investment Limited,abacus lease investment limited,London,London,London,Other,Worker,Skilled Worker,,,,,unverified,,,no_first_party_identity_verified; attempt_count:1
156598,ABACUS TAX ADVISORS LTD,abacus tax advisors ltd,LEEDS,West Yorkshire,Yorkshire and the Humber,Other,Worker,Skilled Worker,https://www.abacusleeds.co.uk/,tax@abacusleeds.co.uk,,,unverified,,,no_first_party_identity_verified; attempt_count:3
156601,ABACUSBIO INTERNATIONAL LIMITED,abacusbio international limited,CITY OF EDINBURGH,MIDLOTHIAN,Scotland,Other,Worker,Global Business Mobility: Senior or Specialist Worker,https://abacusbio.com/,office@abacusbio.co.uk,https://abacusbio.com/careers,https://abacusbio.com/,high,https://abacusbio.com/,existing_website+existing_careers_url_domain+company_site_existing_file,name_tokens_on_page:abacusbio;name_tokens_on_host:abacusbio;location_on_page; attempt_count:1
156602,ABACUSBIO INTERNATIONAL LIMITED,abacusbio international limited,CITY OF EDINBURGH,MIDLOTHIAN,Scotland,Other,Worker,Global Business Mobility: Senior or Specialist Worker,https://abacusbio.com/,office@abacusbio.co.uk,https://abacusbio.com/careers,https://abacusbio.com/,high,https://abacusbio.com/,existing_website+existing_careers_url_domain+company_site_existing_file,name_tokens_on_page:abacusbio;name_tokens_on_host:abacusbio;location_on_page; verified_domain_identity_cache_hit; attempt_count:1
156608,ABAS SOLUTIONS LTD,abas solutions ltd,Leeds,,,Other,Worker,Skilled Worker,,,,,unverified,,,no_first_party_identity_verified; attempt_count:1
156610,ABASEEN CHAPLI KABAB LIMITED,abaseen chapli kabab limited,Manchester,,,Other,Worker,Skilled Worker,https://www.abaseen.uk/,Orders@abaseen.uk,,https://abaseen.uk/,high,https://abaseen.uk/,contact_email_domain,name_tokens_on_page:abaseen+chapli;name_tokens_on_host:abaseen;location_on_page; attempt_count:2
156613,Abaseen Superstore (UK) LTD,abaseen superstore uk ltd,Leeds,,,Other,Worker,Skilled Worker,,,,https://abaseen.byretail.net/,high,https://abaseen.byretail.net/menu,SponsorList,name_tokens_on_page:abaseen+superstore;name_tokens_on_host:abaseen;location_on_page; attempt_count:1
156618,ABB Limited,abb limited,Daresbury,Warrington,North West,Other,Temporary Worker,Global Business Mobility: Graduate Trainee,https://new.abb.com/uk,contact.centre@gb.abb.com,,https://www.abb.com/,medium,https://www.abb.com/global/en,existing_website,name_tokens_on_page:abb;name_tokens_on_host:abb; attempt_count:1
156619,ABB Limited,abb limited,Daresbury,Warrington,North West,Other,Temporary Worker,Global Business Mobility: Graduate Trainee,https://new.abb.com/uk,contact.centre@gb.abb.com,,https://www.abb.com/,medium,https://www.abb.com/global/en,existing_website,name_tokens_on_page:abb;name_tokens_on_host:abb; verified_domain_identity_cache_hit; attempt_count:1
156620,ABB Limited,abb limited,Daresbury,Warrington,North West,Other,Temporary Worker,Global Business Mobility: Graduate Trainee,https://new.abb.com/uk,contact.centre@gb.abb.com,,https://www.abb.com/,medium,https://www.abb.com/global/en,existing_website,name_tokens_on_page:abb;name_tokens_on_host:abb; verified_domain_identity_cache_hit; attempt_count:1
156621,ABBA CARS PRIVATE LIMITED,abba cars private limited,London,,,Other,Worker,Skilled Worker,https://www.abbacars.com,enquiries@abbacars.com,,https://www.abbacars.com/,medium,https://www.abbacars.com/,existing_website,name_tokens_on_page:abba+cars; attempt_count:1
156635,ABBEY AMBITIONS,abbey ambitions,BLACKWOOD,GWENT,,Other,Worker,Skilled Worker,,,,,unverified,,,no_first_party_identity_verified; attempt_count:1
156637,Abbey Care and Nursing @Home LTD,abbey care and nursing home ltd,Sheffield,,,Other,Worker,Skilled Worker,,,,,unverified,,,no_first_party_identity_verified; attempt_count:1
156641,Abbey Care Solutions Limited,abbey care solutions limited,Waltham Abbey,Essex,East of England,Other,Worker,Skilled Worker,,,,,low,https://www.abbeycaresolutions.com/,SponsorList,possible_lead_not_accepted:only_one_name_token_on_page_without_hostname_match:abbey; attempt_count:1
156642,Abbey College,abbey college,Huntingdon,Cambs,,Other,Worker,Skilled Worker,,,,,unverified,,,no_first_party_identity_verified; attempt_count:1
156649,Abbey Dingle Nursing Homes Ltd,abbey dingle nursing homes ltd,Llangollen,Denbighshire,Wales,Other,Worker,Skilled Worker,,,,,unverified,,,no_first_party_identity_verified; attempt_count:1
156676,Abbey School Limited,abbey school limited,Chester,,,Other,Worker,Skilled Worker,,,,,low,https://abbeyschool.com/,SponsorList,possible_lead_not_accepted:only_one_name_token_on_page_without_hostname_match:abbey; attempt_count:1
156700,Abbeyfield Primary Academy,abbeyfield primary academy,SHEFFIELD,South Yorkshire,Yorkshire and the Humber,Other,Worker,Skilled Worker,,,,,unverified,,,no_first_party_identity_verified; attempt_count:1
156707,ABBFEM CONSULTING LIMITED,abbfem consulting limited,Newport Pagnell,,,Other,Worker,Skilled Worker,https://abbfemconsulting.com/,consulting@abbfem.com,,https://abbfemconsulting.com/,medium,https://abbfemconsulting.com/,existing_website,name_tokens_on_page:abbfem+consulting; attempt_count:1
156710,ABBIS FILLING STATION,abbis filling station,OSSETT,WEST YORKSHIRE,Yorkshire and the Humber,Other,Worker,Skilled Worker,https://www.murco.co.uk/stations/abbis-service-station/,,,,unverified,,,no_first_party_identity_verified; attempt_count:2
156712,ABBOTS CARE LIMITED,abbots care limited,St. Albans,Hertfordshire,East of England,Other,Worker,Skilled Worker,https://abbotscare.com/,info@abbotscare.com,https://careers.abbotscare.com/,,low,https://abbotscare.com/,existing_website+contact_email_domain,possible_lead_not_accepted:only_one_name_token_on_page_without_hostname_match:abbots; attempt_count:3
156720,Abbotsholme School,abbotsholme school,Uttoxeter,Staffordshire,West Midlands,Other,Worker,Skilled Worker,,,,,unverified,,,no_first_party_identity_verified; attempt_count:1
156721,Abbotsholme School,abbotsholme school,Uttoxeter,Staffordshire,West Midlands,Other,Worker,Skilled Worker,,,,,unverified,,,no_first_party_identity_verified; attempt_count:1
156731,Abbott Laboratories Limited,abbott laboratories limited,Maidenhead,Berkshire,South East,Other,Worker,Skilled Worker,,,,,unverified,,,no_first_party_identity_verified; attempt_count:1
156749,ABC Builder (Aiub Building Construction),abc builder aiub building construction,Oldham,Greater Manchester,North West,Other,Worker,Skilled Worker,,,,,unverified,,,no_first_party_identity_verified; attempt_count:1
156753,ABC Construction and Materials Limited,abc construction and materials limited,Manchester,,,Other,Worker,Skilled Worker,,,,https://www.abc-group.com/,medium,https://www.abc-group.com/,SponsorList,name_tokens_on_page:abc;name_tokens_on_host:abc; attempt_count:1
156755,ABC EDUCATION CONSULTANCY LTD,abc education consultancy ltd,Manchester,England,,Other,Worker,Skilled Worker,https://www.abctutoring.co.uk/,info@abctutoring.co.uk,,https://www.abctutoring.co.uk/,medium,https://www.abctutoring.co.uk/,existing_website,name_tokens_on_page:abc+education; attempt_count:1
156759,ABC LETTERS,abc letters,LONDON,LONDON,London,Other,Worker,Skilled Worker,https://www.abc.org.uk,,,,unverified,,,no_first_party_identity_verified; attempt_count:2
156760,ABC Maintence London,abc maintence london,London,Greater London,London,Other,Worker,Skilled Worker,https://www.abc-maintenance.co.uk,info@abc-maintenance.co.uk,https://www.abc-maintenance.co.uk/jobs/appliance-engineer-ps30000-ps42000-3,https://www.abc-maintenance.co.uk/,high,https://www.abc-maintenance.co.uk/,existing_website+existing_careers_url_domain+company_site_existing_file,name_tokens_on_page:abc+london;name_tokens_on_host:abc;location_on_page; attempt_count:1
156761,ABC MOBIL LTD,abc mobil ltd,London,,,Other,Worker,Skilled Worker,https://abc-mobil.co.uk/,info@abcmobils.com,,https://abc-mobil.co.uk/,high,https://abc-mobil.co.uk/,existing_website,name_tokens_on_page:abc+mobil;name_tokens_on_host:abc+mobil;location_on_page; attempt_count:1
156762,ABC REFRIGERATION LTD,abc refrigeration ltd,WATFORD,MIDDLESEX,,Other,Worker,Skilled Worker,https://www.abcrefrigeration.co.uk/,abcrefrigerationltd@gmail.com,,https://www.abcrefrigeration.co.uk/,high,https://www.abcrefrigeration.co.uk/,existing_website,name_tokens_on_page:abc+refrigeration;location_on_page; attempt_count:1; contact_email_domain_not_used_as_website_lead
156763,ABC Skip Hire lTD,abc skip hire ltd,Walsall,West Midlands,West Midlands,Other,Worker,Skilled Worker,https://abcskiphire.com/,sales@abcwm.co.uk,,https://abcskiphire.com/,medium,https://abcskiphire.com/,existing_website,name_tokens_on_page:abc+skip+hire; attempt_count:1
156764,ABC Smile Ltd,abc smile ltd,London,,,Other,Worker,Skilled Worker,https://www.abc.dental/,enquire@abc.dental,,https://www.abc.dental/,high,https://www.abc.dental/,existing_website,name_tokens_on_page:abc+smile;name_tokens_on_host:abc;location_on_page; attempt_count:1
156766,ABC TAXIS 247 LIMITED,abc taxis 247 limited,Aylesbury,Bucks,,Other,Worker,Skilled Worker,https://www.abctaxis247.co.uk/,office@abctaxis247.co.uk,,https://www.abctaxis247.co.uk/,high,https://www.abctaxis247.co.uk/,existing_website,name_tokens_on_page:abc+taxis+247;location_on_page; attempt_count:1
156767,ABC Travel,abc travel,Reading,Berkshire,South East,Other,Worker,Skilled Worker,https://www.abctravel.co.uk/,info@abctravel.co.uk,,,unverified,,,no_first_party_identity_verified; attempt_count:3
156772,ABD Engineering & Development LTD,abd engineering and development ltd,Essex,,,Other,Worker,Skilled Worker,,,,https://abd-engineering.co.uk/,high,https://abd-engineering.co.uk/,SponsorList,name_tokens_on_page:abd+development;name_tokens_on_host:abd; attempt_count:1
156779,ABDUL HOME RENOVATE LIMITED,abdul home renovate limited,Manchester,,,Other,Worker,Skilled Worker,,,,,unverified,,,no_first_party_identity_verified; attempt_count:1
156799,ABDV2ltd,abdv2ltd,london,London,London,Other,Worker,Skilled Worker,https://www.abdynamics.com/,,https://www.abdynamics.com/careers,,unverified,,,no_first_party_identity_verified; attempt_count:1; company_site_source_host_ambiguous
156802,"ABeam Consulting Ltd., UK Branch",abeam consulting ltd uk branch,London,,,Other,Worker,Global Business Mobility: Senior or Specialist Worker,https://www.abeam.com/eu/en,,https://www.abeam.com/eu/en/careers,https://www.abeam.com/,high,https://www.abeam.com/jp/ja/,existing_website+existing_careers_url_domain+company_site_existing_file,name_tokens_on_page:abeam+consulting;name_tokens_on_host:abeam; attempt_count:1
156803,"ABeam Consulting Ltd., UK Branch",abeam consulting ltd uk branch,London,,,Other,Worker,Global Business Mobility: Senior or Specialist Worker,https://www.abeam.com/eu/en,,https://www.abeam.com/eu/en/careers,https://www.abeam.com/,high,https://www.abeam.com/jp/ja/,existing_website+existing_careers_url_domain+company_site_existing_file,name_tokens_on_page:abeam+consulting;name_tokens_on_host:abeam; verified_domain_identity_cache_hit; attempt_count:1
156804,ABEC LTD,abec ltd,Tewkesbury,Gloucestershire,South West,Other,Worker,Skilled Worker,https://abec.co.uk,enquiries@abec.co.uk,,,unverified,,,no_first_party_identity_verified; attempt_count:2
156807,ABEERA INVESTMENT LIMITED,abeera investment limited,Preston,,,Other,Worker,Skilled Worker,,,,,unverified,,,no_first_party_identity_verified; attempt_count:0
156815,ABELL CHEMIST LIMITED,abell chemist limited,Bushey,,,Other,Worker,Skilled Worker,https://www.abellchemist.co.uk/,[email protected],,https://www.abellchemist.co.uk/,high,https://www.abellchemist.co.uk/,existing_website,name_tokens_on_page:abell+chemist;location_on_page; attempt_count:1
156824,ABERCLEAN PLANT AND SWEEPER HIRE LTD,aberclean plant and sweeper hire ltd,ABERDEENSHIRE,,,Other,Worker,Skilled Worker,https://aberclean.com,,,https://aberclean.com/,high,https://aberclean.com/,existing_website,name_tokens_on_page:aberclean+plant+sweeper+hire;name_tokens_on_host:aberclean;location_on_page; attempt_count:1
156846,Aberdeen Hindu Temple Trust,aberdeen hindu temple trust,Aberdeen,,,Other,Temporary Worker,Religious Worker,,,,https://aberdeenhindutemple.org.uk/,high,https://aberdeenhindutemple.org.uk/,SponsorList,name_tokens_on_page:aberdeen+hindu+temple+trust;location_on_page; attempt_count:1
156852,ABERDEEN PERFORMING ARTS,aberdeen performing arts,ABERDEEN,SCOTLAND,Scotland,Other,Temporary Worker,Creative Worker,https://www.aberdeenperformingarts.com/,hello@aberdeenperformingarts.com,,,unverified,,,no_first_party_identity_verified; attempt_count:3
156860,ABERFELDY MUST EAT LIMITED,aberfeldy must eat limited,Glasgow,,,Other,Worker,Skilled Worker,http://musteatscotland.co.uk,lrehmn@gmail.com,,https://musteatscotland.co.uk/,medium,https://musteatscotland.co.uk/,existing_website,name_tokens_on_page:aberfeldy+must+eat; attempt_count:1; contact_email_domain_not_used_as_website_lead
156865,Abernethy Trust,abernethy trust,Nethy Bridge,Inverness-shire,,Other,Temporary Worker,Charity Worker,,,,,unverified,,,no_first_party_identity_verified; attempt_count:1
156867,Abertawe Medical Partnership,abertawe medical partnership,Swansea,West Glamorgan,,Other,Worker,Skilled Worker,,,,,low,https://www.abertawemedicalpartnership.co.uk/,SponsorList,possible_lead_not_accepted:only_one_name_token_on_page_without_hostname_match:abertawe; attempt_count:1
156875,ABETTER HEALTH LTD,abetter health ltd,Newport,Wales,Wales,Other,Worker,Skilled Worker,https://abetterhealthltd.com/,,,,unverified,,,no_first_party_identity_verified; attempt_count:2
156877,ABEXON LTD,abexon ltd,BRISTOL,NAILSEA,,Other,Worker,Skilled Worker,https://abexon.co.uk/,info@abexon.co.uk,,https://abexon.co.uk/,high,https://abexon.co.uk/,existing_website+contact_email_domain,name_tokens_on_page:abexon;name_tokens_on_host:abexon;location_on_page; attempt_count:1
156879,ABF EATERY LTD T/A Subway,abf eatery ltd t a subway,Glasgow,,,Other,Worker,Skilled Worker,https://jobs.mysubwaycareer.eu/,,,https://www.abf.co.uk/,medium,https://www.abf.co.uk/,SponsorList,name_tokens_on_page:abf;name_tokens_on_host:abf; attempt_count:2
156880,ABF Grain Products trading as Allied Bakeries,abf grain products trading as allied bakeries,Maidenhead,,,Other,Worker,Skilled Worker,https://www.alliedbakeries.co.uk,,,https://www.abf.co.uk/,high,https://www.abf.co.uk/,SponsorList,name_tokens_on_page:abf+products;name_tokens_on_host:abf; attempt_count:2
156881,ABF Ingredients Limited,abf ingredients limited,Peterborough,,,Other,Worker,Global Business Mobility: Senior or Specialist Worker,https://www.abfingredients.com/,info@abfingredients.com,https://www.abfingredients.com/en/careers,https://www.abfingredients.com/,medium,https://www.abfingredients.com/en/,existing_website+existing_careers_url_domain+company_site_existing_file,name_tokens_on_page:abf+ingredients; attempt_count:1
156882,ABF Ingredients Limited,abf ingredients limited,Peterborough,,,Other,Worker,Global Business Mobility: Senior or Specialist Worker,https://www.abfingredients.com/,info@abfingredients.com,https://www.abfingredients.com/en/careers,https://www.abfingredients.com/,medium,https://www.abfingredients.com/en/,existing_website+existing_careers_url_domain+company_site_existing_file,name_tokens_on_page:abf+ingredients; verified_domain_identity_cache_hit; attempt_count:1
156885,ABG SUNDAL COLLIER LIMITED,abg sundal collier limited,London,,,Other,Worker,Global Business Mobility: Senior or Specialist Worker,https://www.abgsc.com,,,https://www.abgsc.com/,high,https://www.abgsc.com/,existing_website,name_tokens_on_page:abg+sundal+collier;location_on_page; attempt_count:1
156886,ABH LIMITED,abh limited,Smethwick,,,Other,Worker,Skilled Worker,https://abhlimited.co.uk/,,,,unverified,,,no_first_party_identity_verified; attempt_count:2
156899,ABI BUSINESS SERVICES LIMITED,abi business services limited,Coventry,,,Other,Worker,Skilled Worker,http://v4telecom.co.uk,,,,unverified,,,no_first_party_identity_verified; attempt_count:2
156905,ABI Interiors International Limited,abi interiors international limited,London,,,Other,Worker,Skilled Worker,https://www.abiinteriors.co.uk/,,,https://www.abiinteriors.co.uk/,high,https://www.abiinteriors.co.uk/,existing_website,name_tokens_on_page:abi+interiors;location_on_page; attempt_count:1
156907,ABI Research UK Ltd,abi research uk ltd,Wellingborough,,,Other,Worker,Skilled Worker,https://www.abiresearch.com,,https://www.abiresearch.com/industry/telco-communications?hsLang=en,https://www.abiresearch.com/,medium,https://www.abiresearch.com/,existing_website+existing_careers_url_domain+company_site_existing_file,name_tokens_on_page:abi+research; attempt_count:1
156917,Abide Consulting Ltd TA Driver Hire Romford,abide consulting ltd ta driver hire romford,Romford,Essex,East of England,Other,Worker,Skilled Worker,,,,https://www.driverhire.co.uk/,high,https://www.driverhire.co.uk/,SponsorList,name_tokens_on_page:driver+hire;location_on_page; attempt_count:1
156922,ABIKE'S KITCHEN LIMITED,abike s kitchen limited,Nottingham,,,Other,Worker,Skilled Worker,https://abikeskitchen.co.uk,,https://abikeskitchen.co.uk/career,,unverified,,,no_first_party_identity_verified; attempt_count:2
156927,ABILITY OPTIONS LTD,ability options ltd,Huddersfield,England,,Other,Worker,Skilled Worker,https://abilityoptions.org.au/,info@abilityoptions.org.au,https://abilityoptions.org.au/disability-services/accommodation-and-supported-living/accommodation,https://abilityoptions.org.au/,medium,https://abilityoptions.org.au/,existing_website+contact_email_domain+existing_careers_url_domain+company_site_existing_file,name_tokens_on_page:ability+options; attempt_count:1
156928,Ability Post Production Academy Limited,ability post production academy limited,Glasgow,,,Other,Worker,Skilled Worker,,,,https://abilityacademy.co.uk/,high,https://abilityacademy.co.uk/,SponsorList,name_tokens_on_page:ability+post+production+academy;location_on_page; attempt_count:1
156929,ABILITY RECRUITMENT GROUP LIMITED,ability recruitment group limited,Romford,,,Other,Worker,Skilled Worker,https://abilityrg.com/,info@abilityrg.com,https://abilityrg.com/healthcare-staffing-agency,https://abilityrg.com/,high,https://abilityrg.com/,existing_website+contact_email_domain+existing_careers_url_domain+company_site_existing_file+verified_company_site_source_host,name_tokens_on_page:ability+recruitment;location_on_page; attempt_count:1
156931,ABIMATIC CARE LTD,abimatic care ltd,WOLVERHAMPTON,WEST MIDLANDS,West Midlands,Other,Worker,Skilled Worker,https://abimatic-care.co.uk/,info@abimatic-care.co.uk,,https://abimatic-care.co.uk/,high,https://abimatic-care.co.uk/,existing_website+contact_email_domain,name_tokens_on_page:abimatic;name_tokens_on_host:abimatic;location_on_page; attempt_count:1
156936,Abingdon and Witney College,abingdon and witney college,Abingdon,Oxfordshire,South East,Other,Worker,Skilled Worker,,,,https://abingdon-witney.ac.uk/,high,https://abingdon-witney.ac.uk/,SponsorList,name_tokens_on_page:abingdon+witney;name_tokens_on_host:abingdon+witney;location_on_page; attempt_count:1
156939,Abingdon School,abingdon school,Abingdon,Oxon,,Other,Temporary Worker,Charity Worker,,,,https://www.abingdon.org.uk/,high,https://www.abingdon.org.uk/,SponsorList,name_tokens_on_page:abingdon;name_tokens_on_host:abingdon;location_on_page; attempt_count:1
156940,Abingdon School,abingdon school,Abingdon,Oxon,,Other,Temporary Worker,Charity Worker,,,,https://www.abingdon.org.uk/,high,https://www.abingdon.org.uk/,SponsorList,name_tokens_on_page:abingdon;name_tokens_on_host:abingdon;location_on_page; verified_domain_identity_cache_hit; attempt_count:1
156961,ABL Care Ltd,abl care ltd,Kenley,Surrey,South East,Other,Worker,Skilled Worker,https://ablcare.com,[email protected],https://ablcare.com/work-with-us,,low,https://ablcare.com/,existing_website+existing_careers_url_domain+company_site_existing_file,possible_lead_not_accepted:only_one_name_token_on_page_without_hostname_match:abl; attempt_count:1
156962,ABL Energy & Marine Consultants Limited,abl energy and marine consultants limited,London,,,Other,Worker,Global Business Mobility: Senior or Specialist Worker,https://abl-group.com/,,https://abl-group.com/wp-content/uploads/2026/01/ABL-Group-Equal-Opportunities-Policy.pdf,https://abl-group.com/,high,https://abl-group.com/,existing_website+existing_careers_url_domain+company_site_existing_file,name_tokens_on_page:abl+energy+marine+consultants;name_tokens_on_host:abl;location_on_page; attempt_count:1
156963,ABL Energy & Marine Consultants Limited,abl energy and marine consultants limited,London,,,Other,Worker,Global Business Mobility: Senior or Specialist Worker,https://abl-group.com/,,https://abl-group.com/wp-content/uploads/2026/01/ABL-Group-Equal-Opportunities-Policy.pdf,https://abl-group.com/,high,https://abl-group.com/,existing_website+existing_careers_url_domain+company_site_existing_file,name_tokens_on_page:abl+energy+marine+consultants;name_tokens_on_host:abl;location_on_page; verified_domain_identity_cache_hit; attempt_count:1
156964,ABL London Limited,abl london limited,LONDON,,,Other,Worker,Skilled Worker,https://www.ablhealth.co.uk/,info@ablhealth.co.uk,,,unverified,,,no_first_party_identity_verified; attempt_count:2
156966,ABL1 Touch Ltd,abl1 touch ltd,Reigate,,,Other,Worker,Skilled Worker,https://abl1touch.com/,workforus@abl1touch.com,https://careers.abl1touch.com/,,low,https://abl1touch.com/,existing_website+contact_email_domain,possible_lead_not_accepted:only_one_name_token_on_page_without_hostname_match:touch; attempt_count:2
156967,ABLE BUSINESS SERVICES LTD,able business services ltd,Dagenham,Essex,East of England,Other,Worker,Skilled Worker,https://www.ablebusinessservices.com,support@ablebusinessservices.com,,https://www.ablebusinessservices.com/,medium,https://www.ablebusinessservices.com/,existing_website,name_tokens_on_page:able+business; attempt_count:1
156981,ABLEGRANGE SEVERN HEIGHTS LTD,ablegrange severn heights ltd,WORCESTER,,,Other,Worker,Skilled Worker,https://www.ablegrange.co.uk/,info@ablegrange.co.uk,,,unverified,,,no_first_party_identity_verified; attempt_count:2
156984,ABM Academy Limited,abm academy limited,Blackpool,,,Other,Worker,Skilled Worker,,,,,unverified,,,no_first_party_identity_verified; attempt_count:0
156985,ABM AVIATION UK LIMITED,abm aviation uk limited,Hounslow,Middlesex,,Other,Worker,Skilled Worker,https://www.abm.co.uk/,Solutions@ABM.com,https://www.abm.co.uk/careers,https://www.abm.co.uk/,medium,https://www.abm.co.uk/,existing_website+existing_careers_url_domain+company_site_existing_file,name_tokens_on_page:abm;name_tokens_on_host:abm; attempt_count:1
156986,ABM DIGITAL ACCOUNTANTS LTD,abm digital accountants ltd,Lonodn,,,Other,Worker,Skilled Worker,,,,,unverified,,,no_first_party_identity_verified; attempt_count:0
156987,ABM Electrical Distributors Limited,abm electrical distributors limited,Croydon,,,Other,Worker,Skilled Worker,https://www.abm-elec.co.uk,info@abm-elec.co.uk,,https://www.abm-elec.co.uk/,high,https://www.abm-elec.co.uk/,existing_website,name_tokens_on_page:abm+electrical;name_tokens_on_host:abm; attempt_count:1
156988,ABM GLOBAL COMPLIANCE (UK) LTD,abm global compliance uk ltd,London,,,Other,Worker,Skilled Worker,https://www.abmglobalcompliance.com,info@abmglobalcompliance.com,,https://abmglobalcompliance.com/,high,https://abmglobalcompliance.com/,existing_website,name_tokens_on_page:abm+compliance;location_on_page; attempt_count:1
156990,ABM Precast Solutions Ltd,abm precast solutions ltd,Tuxford,Notts,,Other,Worker,Skilled Worker,https://abmprecast.co.uk/,precast@abmeurope.com,,https://abmprecast.co.uk/,high,https://abmprecast.co.uk/,existing_website,name_tokens_on_page:abm+precast;location_on_page; attempt_count:1
156991,ABM Services Limited,abm services limited,Hounslow,,,Other,Worker,Skilled Worker,https://www.abm.co.uk/,Solutions@ABM.com,https://www.abm.co.uk/careers,https://www.abm.co.uk/,medium,https://www.abm.co.uk/,existing_website+existing_careers_url_domain+company_site_existing_file,name_tokens_on_page:abm;name_tokens_on_host:abm; attempt_count:1
156993,ABMI Engineering UK Ltd,abmi engineering uk ltd,London,,,Other,Worker,Skilled Worker,https://abmi-groupe.com/en/,,https://jobs.abmi-groupe.com/,https://abmi-groupe.com/,medium,https://abmi-groupe.com/,existing_website,name_tokens_on_page:abmi;name_tokens_on_host:abmi; attempt_count:1
156994,ABMI Engineering UK Ltd,abmi engineering uk ltd,London,,,Other,Worker,Skilled Worker,https://abmi-groupe.com/en/,,https://jobs.abmi-groupe.com/,https://abmi-groupe.com/,medium,https://abmi-groupe.com/,existing_website,name_tokens_on_page:abmi;name_tokens_on_host:abmi; verified_domain_identity_cache_hit; attempt_count:1
157002,ABO Energy United Kingdom Ltd,abo energy united kingdom ltd,Falkirk,,,Other,Worker,Skilled Worker,https://www.aboenergy.com/,,,,unverified,,,no_first_party_identity_verified; attempt_count:1
157009,ABOUT THE STAY LIMITED,about the stay limited,London,,,Other,Worker,Skilled Worker,https://aboutthestay.com/,careers@aboutthestay.com,,https://aboutthestay.com/,high,https://aboutthestay.com/,existing_website+contact_email_domain+verified_company_site_source_host,name_tokens_on_page:about+stay;location_on_page; attempt_count:1
157011,ABOVE & BEYOND CREATIVE LTD T/AS ABOVE + BEYOND,above and beyond creative ltd t as above beyond,LONDON,,,Other,Worker,Skilled Worker,https://www.beyondcreative.gg/,careers@beyondcreative.gg,https://www.beyondcreative.gg/careers,https://www.beyondcreative.gg/,medium,https://www.beyondcreative.gg/,existing_website+existing_careers_url_domain+company_site_existing_file,name_tokens_on_page:beyond+creative+beyond; attempt_count:1
157014,ABOVE DIFFERENCE LTD,above difference ltd,CHELMSFORD,ESSEX,East of England,Other,Worker,Skilled Worker,http://www.abovedifference.com,,,,unverified,,,no_first_party_identity_verified; attempt_count:1
157017,ABP Bridge of Allan,abp bridge of allan,Bridge of Allan,Stirling,Scotland,Other,Worker,Skilled Worker,https://abpfoodgroup.com/,info@abpfoodgroup.com,,,low,https://abpfoodgroup.com/,existing_website+contact_email_domain,possible_lead_not_accepted:only_one_name_token_on_page_without_hostname_match:abp; attempt_count:1
157018,ABP Doncaster,abp doncaster,Doncaster,,,Other,Worker,Skilled Worker,https://abpfoodgroup.com/,info@abpfoodgroup.com,,,low,https://abpfoodgroup.com/,existing_website+contact_email_domain,possible_lead_not_accepted:only_one_name_token_on_page_without_hostname_match:abp; attempt_count:1
157019,ABP Eatwell,abp eatwell,Knowsley,Merseyside,North West,Other,Worker,Skilled Worker,https://abpfoodgroup.com/,info@abpfoodgroup.com,,,low,https://abpfoodgroup.com/,existing_website+contact_email_domain,possible_lead_not_accepted:only_one_name_token_on_page_without_hostname_match:abp; attempt_count:1
157020,ABP Kingswinford,abp kingswinford,Kingswinford,,,Other,Worker,Skilled Worker,https://abpfoodgroup.com/,info@abpfoodgroup.com,,,low,https://abpfoodgroup.com/,existing_website+contact_email_domain,possible_lead_not_accepted:only_one_name_token_on_page_without_hostname_match:abp; attempt_count:1
157021,ABP Langport,abp langport,Langport,Somerset,South West,Other,Worker,Skilled Worker,https://abpuk.com/,info.uk@abpbeef.com,https://abpuk.com/careers-at-abp,https://abpuk.com/,high,https://abpuk.com/,existing_website+existing_careers_url_domain+company_site_existing_file,name_tokens_on_page:abp+langport;location_on_page; attempt_count:1
157022,ABP Penston,abp penston,Glasgow,Scotland,Scotland,Other,Worker,Skilled Worker,https://abpuk.com/,info.uk@abpbeef.com,https://abpuk.com/careers-at-abp,https://abpuk.com/,high,https://abpuk.com/,existing_website+existing_careers_url_domain+company_site_existing_file,name_tokens_on_page:abp+penston;location_on_page; attempt_count:1
157023,ABP UK,abp uk,Birmingham,,,Other,Worker,Skilled Worker,https://abpuk.com/,info.uk@abpbeef.com,https://abpuk.com/careers-at-abp,,low,https://abpuk.com/,existing_website+existing_careers_url_domain+company_site_existing_file,possible_lead_not_accepted:only_one_name_token_on_page_without_hostname_match:abp; attempt_count:2
157026,ABP Wessex,abp wessex,Northallerton,North Yorkshire,Yorkshire and the Humber,Other,Worker,Skilled Worker,https://abpfoodgroup.com/,,,,low,https://abpfoodgroup.com/,existing_website,possible_lead_not_accepted:only_one_name_token_on_page_without_hostname_match:abp; attempt_count:1
157027,ABP Yetminster,abp yetminster,Yetminster,Dorset,South West,Other,Worker,Skilled Worker,https://abpuk.com/,info.uk@abpbeef.com,https://abpuk.com/careers-at-abp,https://abpuk.com/,high,https://abpuk.com/,existing_website+existing_careers_url_domain+company_site_existing_file,name_tokens_on_page:abp+yetminster;location_on_page; attempt_count:1
157028,ABPI,abpi,London,,,Other,Worker,Skilled Worker,https://www.abpi.org.uk/,,https://www.abpi.org.uk/jobs-at-the-abpi,https://www.abpi.org.uk/,high,https://www.abpi.org.uk/,existing_website+existing_careers_url_domain+company_site_existing_file,name_tokens_on_page:abpi;name_tokens_on_host:abpi;location_on_page; attempt_count:1
157030,ABQ Investment UK Limited,abq investment uk limited,Bournemouth,Dorset,South West,Other,Worker,Skilled Worker,,,,,unverified,,,no_first_party_identity_verified; attempt_count:0
157031,ABR Health Ventures Ltd,abr health ventures ltd,London,,,Other,Worker,Skilled Worker,,,,,unverified,,,no_first_party_identity_verified; attempt_count:0
157033,ABR Tamwil Ltd T/A ABR Chartered Accountants,abr tamwil ltd t a abr chartered accountants,London,,,Other,Worker,Skilled Worker,https://abr.uk.com,info@abr.uk.com,,,unverified,,,no_first_party_identity_verified; attempt_count:1
157039,ABRAHAM NURSING HOMES LTD,abraham nursing homes ltd,PONTYCLUN,,,Other,Worker,Skilled Worker,https://www.llantrisantcarehome.co.uk,enquiries@llantrisantcarehome.co.uk,https://www.llantrisantcarehome.co.uk/job-vacancies,,low,https://www.llantrisantcarehome.co.uk/,existing_website+existing_careers_url_domain+company_site_existing_file,possible_lead_not_accepted:only_one_name_token_on_page_without_hostname_match:nursing; attempt_count:2
157048,Abridge Systems Limited,abridge systems limited,Chelmsford,,,Other,Worker,Skilled Worker,,,,,unverified,,,no_first_party_identity_verified; attempt_count:1
157050,ABRONN MEDICAL UNITS UK LIMITED,abronn medical units uk limited,Manchester,,,Other,Worker,Skilled Worker,,,,,unverified,,,no_first_party_identity_verified; attempt_count:0
157052,ABS,abs,Chorley,,,Other,Worker,Skilled Worker,https://www.absglobal.com/uk/,ABSServiceDesk@eagle.org,,,low,https://www.absglobal.com/,existing_website,possible_lead_not_accepted:only_one_name_token_on_page_without_hostname_match:abs; attempt_count:3
157053,ABS 12 LTD,abs 12 ltd,AYLSBURY,,,Other,Worker,Skilled Worker,https://absabetterway.co.uk,careers@absabetterway.co.uk,https://absabetterway.co.uk/about/careers,,low,https://absabetterway.co.uk/,existing_website+contact_email_domain+existing_careers_url_domain+company_site_existing_file,possible_lead_not_accepted:only_one_name_token_on_page_without_hostname_match:abs; attempt_count:1
157055,ABS Auto Centre Limited,abs auto centre limited,Nottingham,Nottinghamshire,East Midlands,Other,Worker,Skilled Worker,https://www.absautocentre.co.uk/,info@absautocentre.co.uk,,https://www.absautocentre.co.uk/,high,https://www.absautocentre.co.uk/,existing_website,name_tokens_on_page:abs+auto+centre;location_on_page; attempt_count:1
157058,ABS CARPETS AND BEDS LIMITED,abs carpets and beds limited,Tipton,Westmidlands,,Other,Worker,Skilled Worker,https://www.abscarpetsandbeds.co.uk/,info@abscarpetsandbeds.co.uk,,https://www.abscarpetsandbeds.co.uk/,high,https://www.abscarpetsandbeds.co.uk/,existing_website,name_tokens_on_page:abs+carpets+beds;location_on_page; attempt_count:1
157059,ABS DEVELOPMENT GROUP LTD,abs development group ltd,London,,,Other,Worker,Skilled Worker,https://www.absdevelopment.co.uk,,,,unverified,,,no_first_party_identity_verified; attempt_count:1
157060,ABS Europe Limited,abs europe limited,London,,,Other,Worker,Global Business Mobility: Senior or Specialist Worker,https://www.abs-group.com/,,https://hbbq.fa.us2.oraclecloud.com/hcmUI/CandidateExperience/en/sites/CX_1,https://www.abs-group.com/,high,https://www.abs-group.com/,existing_website,name_tokens_on_page:abs+europe;name_tokens_on_host:abs; attempt_count:1; existing_careers_url_not_employer_domain; company_site_cache_url_not_employer_domain
157061,ABS Europe Limited,abs europe limited,London,,,Other,Worker,Global Business Mobility: Senior or Specialist Worker,https://www.abs-group.com/,,https://hbbq.fa.us2.oraclecloud.com/hcmUI/CandidateExperience/en/sites/CX_1,https://www.abs-group.com/,high,https://www.abs-group.com/,existing_website,name_tokens_on_page:abs+europe;name_tokens_on_host:abs; verified_domain_identity_cache_hit; attempt_count:1; existing_careers_url_not_employer_domain; company_site_cache_url_not_employer_domain
157067,ABS QE Assurance Services (UK) Ltd,abs qe assurance services uk ltd,Warrington,,,Other,Worker,Global Business Mobility: Senior or Specialist Worker,https://www.abs-group.com/,,https://www.abs-group.com/Careers-at-ABS-Group,https://www.abs-group.com/,high,https://www.abs-group.com/,existing_website+existing_careers_url_domain+company_site_existing_file,name_tokens_on_page:abs+assurance;name_tokens_on_host:abs; attempt_count:1; company_site_source_host_not_eligible
157068,ABS QE Assurance Services (UK) Ltd,abs qe assurance services uk ltd,Warrington,,,Other,Worker,Global Business Mobility: Senior or Specialist Worker,https://www.abs-group.com/,,https://www.abs-group.com/Careers-at-ABS-Group,https://www.abs-group.com/,high,https://www.abs-group.com/,existing_website+existing_careers_url_domain+company_site_existing_file,name_tokens_on_page:abs+assurance;name_tokens_on_host:abs; verified_domain_identity_cache_hit; attempt_count:1; company_site_source_host_not_eligible
157075,ABSCapCo Limited,abscapco limited,London,,,Other,Worker,Skilled Worker,https://abscapco.com,,,https://abscapco.com/,high,https://abscapco.com/,existing_website,name_tokens_on_page:abscapco;name_tokens_on_host:abscapco;location_on_page; attempt_count:1
157084,ABSOLUTE ALL INCLUSIVE CARE LTD T/a AAICARE,absolute all inclusive care ltd t a aaicare,PORTLAND,DORSET,South West,Other,Worker,Skilled Worker,https://www.aaicare.co.uk,info@aaicare.co.uk,,,unverified,,,no_first_party_identity_verified; attempt_count:3
157087,ABSOLUTE CABS LIMITED,absolute cabs limited,Doncaster,,,Other,Worker,Skilled Worker,https://absolutecabs.co.uk/,admin@absolutecabs.co.uk,,,unverified,,,no_first_party_identity_verified; attempt_count:2
157093,ABSOLUTE CARE UK LTD,absolute care uk ltd,READING,BERKSHIRE,South East,Other,Worker,Skilled Worker,https://www.absolutecareagency.org,enquiries@absolutecareagency.org,,,low,https://www.absolutecareagency.org/,existing_website,possible_lead_not_accepted:only_one_name_token_on_page_without_hostname_match:absolute; attempt_count:3
157096,ABSOLUTE FIRE PROTECTION LIMITED,absolute fire protection limited,Feltham,,,Other,Worker,Skilled Worker,https://www.absolute-fire-protection.co.uk/,info@absolute-fire-protection.co.uk,,https://www.absolute-fire-protection.co.uk/,high,https://www.absolute-fire-protection.co.uk/,existing_website,name_tokens_on_page:absolute+fire+protection;name_tokens_on_host:absolute+fire+protection;location_on_page; attempt_count:1
157103,Absolute Medical International Ltd,absolute medical international ltd,Manchester,,,Other,Worker,Skilled Worker,,,,,unverified,,,no_first_party_identity_verified; attempt_count:1
157116,ABSORB SOFTWARE UK LTD,absorb software uk ltd,Huntingdon,Cambridgeshire,East of England,Other,Worker,Skilled Worker,https://www.absorblms.com,support@absorblms.com,,,unverified,,,no_first_party_identity_verified; attempt_count:3
157126,Abtrace Limited,abtrace limited,London,,,Other,Worker,Skilled Worker,,,,,unverified,,,no_first_party_identity_verified; attempt_count:1
157137,ABurnet (Hair Containment Solutions) Ltd.,aburnet hair containment solutions ltd,Ilkeston,Derbyshire,East Midlands,Other,Worker,Skilled Worker,https://www.aburnet.co.uk/,info@aburnet.co.uk,https://www.aburnet.co.uk//careers,https://www.aburnet.co.uk/,high,https://www.aburnet.co.uk/,existing_website+existing_careers_url_domain+company_site_existing_file,name_tokens_on_page:aburnet+hair+containment;name_tokens_on_host:aburnet; attempt_count:1
157140,ABV HAIR & BEAUTY LTD,abv hair and beauty ltd,Dartford,Kent,South East,Other,Worker,Skilled Worker,https://www.salonabv.com/,contact@salonabv.com,,https://www.salonabv.com/,high,https://www.salonabv.com/,existing_website,name_tokens_on_page:abv+hair+beauty;location_on_page; attempt_count:1
157145,AC  Quarterlight LTD,ac quarterlight ltd,Coventry,West Midlands,West Midlands,Other,Worker,Skilled Worker,https://acquarterlight.co.uk/,[email protected],,,low,https://acquarterlight.co.uk/,existing_website,possible_lead_not_accepted:only_one_name_token_on_page_without_hostname_match:quarterlight; attempt_count:2
157146,AC & AA Limited t/a Betterclean Services,ac and aa limited t a betterclean services,Tunbridge Wells,Kent,South East,Other,Worker,Skilled Worker,https://www.bettercleanservices.co.uk,,,,low,https://www.bettercleanservices.co.uk/,existing_website,possible_lead_not_accepted:only_one_name_token_on_page_without_hostname_match:betterclean; attempt_count:2
157147,AC and JA Brodie,ac and ja brodie,Dorking,Surrey,South East,Other,Worker,International Sportsperson,,,,,unverified,,,no_first_party_identity_verified; attempt_count:1
157151,AC FINANCIAL ASSOCIATES LTD,ac financial associates ltd,WATFORD,,,Other,Worker,Skilled Worker,http://www.acfinancialassociates.com,,,,unverified,,,no_first_party_identity_verified; attempt_count:2
157153,AC Gilead Solicitors,ac gilead solicitors,London,,,Other,Worker,Skilled Worker,https://acgilead.com,info@acgilead.com,,https://acgilead.com/,high,https://acgilead.com/,existing_website+contact_email_domain,name_tokens_on_page:gilead+solicitors;location_on_page; attempt_count:1
157154,AC Jade Trading Ltd,ac jade trading ltd,Surrey,,,Other,Worker,Skilled Worker,https://www.signaretrade.co.uk,info@acjade.co.uk,,,low,https://www.springfair.com/,SponsorList,possible_lead_not_accepted:only_one_name_token_on_page_without_hostname_match:trading; attempt_count:3
157155,AC Maben Ltd T/A Kevins Schoolwear,ac maben ltd t a kevins schoolwear,Greenford,Middlesex,,Other,Worker,Skilled Worker,https://kevins-schoolwear.co.uk/,avc.maben@outlook.com,,,unverified,,,no_first_party_identity_verified; attempt_count:2; contact_email_domain_not_used_as_website_lead
157157,AC Security Solutions Ltd,ac security solutions ltd,Chessington North,,,Other,Worker,Skilled Worker,https://www.accsecurity.com/,,https://www.accsecurity.com/careers,,low,https://www.accsecurity.com/,existing_website+existing_careers_url_domain+company_site_existing_file,possible_lead_not_accepted:only_one_name_token_on_page_without_hostname_match:security; attempt_count:2
157163,AC Whitehaven Ltd,ac whitehaven ltd,Norfolk,,,Other,Worker,Skilled Worker,https://www.acwhitehaven.co.uk,info@acwhitehaven.co.uk,,,unverified,,,no_first_party_identity_verified; attempt_count:3
157165,ACA Compliance (Europe) Limited,aca compliance europe limited,London,,,Other,Worker,Global Business Mobility: Senior or Specialist Worker,https://www.aca-compliance.com,info@aca-compliance.com,,,unverified,,,no_first_party_identity_verified; attempt_count:3
157166,ACA Compliance (Europe) Limited,aca compliance europe limited,London,,,Other,Worker,Global Business Mobility: Senior or Specialist Worker,https://www.aca-compliance.com,info@aca-compliance.com,,,unverified,,,no_first_party_identity_verified; attempt_count:3
157168,ACA Systems Support limited,aca systems support limited,Sunderland,Tyne And Wear,North East,Other,Worker,Skilled Worker,https://www.acasystems.co.uk/,sales@acasystems.co.uk,,,unverified,,,no_first_party_identity_verified; attempt_count:3
157171,Acacia Care and Education Limited,acacia care and education limited,Oxford,Oxfordshire,South East,Other,Worker,Skilled Worker,,,,,low,https://acaciacare.co.uk/,SponsorList,possible_lead_not_accepted:only_one_name_token_on_page_without_hostname_match:acacia; attempt_count:1
157172,ACACIA COMMUNITY CARE LIMITED,acacia community care limited,London,,,Other,Worker,Skilled Worker,https://www.acaciacomcare.co.uk/,info@acaciacomcare.co.uk,https://www.acaciacomcare.co.uk/jobs-at-acacia,https://www.acaciacomcare.co.uk/,high,https://www.acaciacomcare.co.uk/,existing_website+existing_careers_url_domain+company_site_existing_file,name_tokens_on_page:acacia+community;location_on_page; attempt_count:1
157174,ACACIA CREATIVE STUDIO LTD,acacia creative studio ltd,Doncaster,,,Other,Worker,Skilled Worker,https://acacia.design/,creative@acacia.design,,https://acacia.design/,high,https://acacia.design/,existing_website+contact_email_domain,name_tokens_on_page:acacia+creative;name_tokens_on_host:acacia; attempt_count:1
157182,Academia Park Ltd,academia park ltd,London,,,Other,Worker,Skilled Worker,,,,https://www.academiapark.co.uk/,high,https://www.academiapark.co.uk/,SponsorList,name_tokens_on_page:academia+park;location_on_page; attempt_count:1
157188,ACADEMY BUILDING WORKS LTD,academy building works ltd,"Hounslow,",,,Other,Worker,Skilled Worker,,,,,low,https://uk.globaldatabase.com/,SponsorList,possible_lead_not_accepted:only_one_name_token_on_page_without_hostname_match:works; attempt_count:1
157189,Academy Care Ltd,academy care ltd,Wakefield,,,Other,Worker,Skilled Worker,,,,,unverified,,,no_first_party_identity_verified; attempt_count:1
157191,Academy Films Ltd,academy films ltd,LONDON,,,Other,Temporary Worker,Creative Worker,,,,https://www.academyfilms.com/,high,https://www.academyfilms.com/,SponsorList,name_tokens_on_page:academy+films;location_on_page; attempt_count:1
157192,Academy Geomatics Ltd,academy geomatics ltd,Gateshead,Tyne and Wear,North East,Other,Worker,Skilled Worker,,,,https://www.academyg.com/,high,https://www.academyg.com/,SponsorList,name_tokens_on_page:academy+geomatics;location_on_page; attempt_count:1
157194,ACADEMY HOUSE LIMITED,academy house limited,GLASGOW,,,Other,Worker,Skilled Worker,http://academyhouseservices.com,,,,unverified,,,no_first_party_identity_verified; attempt_count:2
157196,Academy Music Group,academy music group,London,,,Other,Temporary Worker,Creative Worker,,,,https://www.academymusicgroup.com/,high,https://www.academymusicgroup.com/,SponsorList,name_tokens_on_page:academy+music;location_on_page; attempt_count:1
157197,Academy Music Group,academy music group,London,,,Other,Temporary Worker,Creative Worker,,,,https://www.academymusicgroup.com/,high,https://www.academymusicgroup.com/,SponsorList,name_tokens_on_page:academy+music;location_on_page; verified_domain_identity_cache_hit; attempt_count:1
157199,Academy of Medical Royal Colleges,academy of medical royal colleges,London,,,Other,Temporary Worker,Government Authorised Exchange,,,,https://www.aomrc.org.uk/,high,https://www.aomrc.org.uk/,SponsorList,name_tokens_on_page:academy+royal+colleges;location_on_page; attempt_count:1
157200,Academy of Motion Picture Arts and Sciences,academy of motion picture arts and sciences,London,,,Other,Worker,Global Business Mobility: Senior or Specialist Worker,,,,,unverified,,,no_first_party_identity_verified; attempt_count:1
157201,Academy of Motion Picture Arts and Sciences,academy of motion picture arts and sciences,London,,,Other,Worker,Global Business Mobility: Senior or Specialist Worker,,,,,unverified,,,no_first_party_identity_verified; attempt_count:1
157202,Academy of Motion Picture Arts and Sciences,academy of motion picture arts and sciences,London,,,Other,Worker,Global Business Mobility: Senior or Specialist Worker,,,,,unverified,,,no_first_party_identity_verified; attempt_count:1
157203,Academy of Robotics Ltd,academy of robotics ltd,Cardff,,,Other,Worker,Skilled Worker,,,,https://www.academyofrobotics.co.uk/,medium,https://www.academyofrobotics.co.uk/,SponsorList,name_tokens_on_page:academy+robotics; attempt_count:1
157204,Academy Of Sinology UK,academy of sinology uk,Swansea,,,Other,Worker,Skilled Worker,,,,https://www.uwtsd.ac.uk/,high,https://www.uwtsd.ac.uk/,SponsorList,name_tokens_on_page:academy+sinology;location_on_page; attempt_count:1
157205,Academy of the Annunciation,academy of the annunciation,Buckfastleigh,Devon,South West,Other,Worker,Skilled Worker,,,,,unverified,,,no_first_party_identity_verified; attempt_count:1
157206,Academy Restaurants LTD,academy restaurants ltd,Inverness,Highland,Scotland,Other,Worker,Skilled Worker,,,,,unverified,,,no_first_party_identity_verified; attempt_count:1
157207,Academy Transformation Trust,academy transformation trust,Sutton Coldfield,,,Other,Worker,Skilled Worker,,,,,unverified,,,no_first_party_identity_verified; attempt_count:1
157208,ACADEMY WHOLESALE ELECTRICS LTD,academy wholesale electrics ltd,GLASGOW,,,Other,Worker,Skilled Worker,http://www.academywholesale.co.uk,,,,unverified,,,no_first_party_identity_verified; attempt_count:2
157212,ACAMS (UK) Ltd,acams uk ltd,London,,,Other,Worker,Global Business Mobility: Senior or Specialist Worker,https://www.acams.org/en,[email protected],https://www.acams.org/en/acams-careers,,unverified,,,no_first_party_identity_verified; attempt_count:2
157213,ACAMS (UK) Ltd,acams uk ltd,London,,,Other,Worker,Global Business Mobility: Senior or Specialist Worker,https://www.acams.org/en,[email protected],https://www.acams.org/en/acams-careers,,unverified,,,no_first_party_identity_verified; attempt_count:2
157223,ACC Aviation Limited,acc aviation limited,Weybridge,Surrey,South East,Other,Worker,Skilled Worker,https://accaviation.com/,info@ACCaviation.com,,,unverified,,,no_first_party_identity_verified; attempt_count:1
157228,ACCA LIMITED,acca limited,Hitchin,,,Other,Worker,Skilled Worker,http://accaglobal.com/,,https://jobs.accaglobal.com/,,low,https://jobs.accaglobal.com/,existing_careers_url_domain+company_site_existing_file,possible_lead_not_accepted:only_one_name_token_on_page_without_hostname_match:acca; attempt_count:2
157234,ACCEL SOFTWARE SERVICES LIMITED,accel software services limited,GREATER MANCHESTER,,,Other,Worker,Skilled Worker,http://accelsoftwareservices.com,[email protected],,,unverified,,,no_first_party_identity_verified; attempt_count:1
157236,Accelerate Health CIC,accelerate health cic,London,,,Other,Worker,Skilled Worker,,info@acceleratecic.com,,,unverified,,,no_first_party_identity_verified; attempt_count:1
157244,ACCELLENCY LIMITED,accellency limited,LONDON,,,Other,Worker,Skilled Worker,https://accellency.eu/,info@accellency.eu,,https://accellency.eu/,high,https://accellency.eu/,existing_website+contact_email_domain,name_tokens_on_page:accellency;name_tokens_on_host:accellency;location_on_page; attempt_count:1
157246,Accely Ltd,accely ltd,Glasgow,,,Other,Worker,Skilled Worker,,,,,unverified,,,no_first_party_identity_verified; attempt_count:0
157251,"ACCENT International Consortium for Academic Programs Abroad, Ltd.",accent international consortium for academic programs abroad ltd,London,,,Other,Worker,Global Business Mobility: Senior or Specialist Worker,http://accentintl.com,,,,unverified,,,no_first_party_identity_verified; attempt_count:1
157258,ACCENTRIC FREIGHTS LTD,accentric freights ltd,Glasgow,,,Other,Worker,Skilled Worker,https://accentricfreights.com/,,,,unverified,,,no_first_party_identity_verified; attempt_count:1
157271,Access Building Contractors Ltd.,access building contractors ltd,London,,,Other,Worker,Skilled Worker,,,,,unverified,,,no_first_party_identity_verified; attempt_count:0
157275,ACCESS CARS LTD,access cars ltd,LONDON,,,Other,Worker,Skilled Worker,https://accesscarsltd.co.uk,[email protected],,https://accesscarsltd.co.uk/,high,https://accesscarsltd.co.uk/,existing_website,name_tokens_on_page:access+cars;location_on_page; attempt_count:1
157286,ACCESS INFINITY LTD,access infinity ltd,London,,,Other,Worker,Skilled Worker,https://accessinfinity.com/,contact@access-infinity.com,,,unverified,,,no_first_party_identity_verified; attempt_count:2
157292,Access Self Storage Limited,access self storage limited,London,,,Other,Worker,Skilled Worker,,,,,unverified,,,no_first_party_identity_verified; attempt_count:0
157293,ACCESS Speech and Language Therapy Limited,access speech and language therapy limited,Sawbridgeworth,Hertfordshire,East of England,Other,Worker,Skilled Worker,https://access-speechandlanguage.co.uk/,careers@access-speechandlanguage.co.uk,https://access-speechandlanguage.co.uk/join-our-team,https://access-speechandlanguage.co.uk/,high,https://access-speechandlanguage.co.uk/,existing_website+contact_email_domain+existing_careers_url_domain+company_site_existing_file,name_tokens_on_page:access+speech+language+therapy;name_tokens_on_host:access;location_on_page; attempt_count:1
157295,Access the Foundation for Social Investment,access the foundation for social investment,LONDON,,,Other,Worker,Skilled Worker,,,,,unverified,,,no_first_party_identity_verified; attempt_count:0
157302,ACCESSAFE UK LTD,accessafe uk ltd,BIRMINGHAM,WEST MIDLANDS,West Midlands,Other,Worker,Skilled Worker,https://www.accessafe.co.uk/,sales@accessafe.co.uk,,https://www.accessafe.co.uk/,high,https://www.accessafe.co.uk/,existing_website,name_tokens_on_page:accessafe;name_tokens_on_host:accessafe;location_on_page; attempt_count:1
157311,ACCIDENT CLAIM HELPLINE LTD,accident claim helpline ltd,London,,,Other,Worker,Skilled Worker,https://www.aihlclaim.co.uk/,office@aihlclaim.co.uk,,https://www.aihlclaim.co.uk/,medium,https://www.aihlclaim.co.uk/,existing_website,name_tokens_on_page:accident+claim+helpline; attempt_count:1
157325,ACCO UK LTD,acco uk ltd,AYLESBURY,BUCKINGHAMSHIRE,South East,Other,Worker,Global Business Mobility: Senior or Specialist Worker,https://accobrands.com,ukcontactus@acco.com,https://www.accobrands.com/careers,,low,https://www.accobrands.com/,existing_careers_url_domain+company_site_existing_file,possible_lead_not_accepted:only_one_name_token_on_page_without_hostname_match:acco; attempt_count:3
157326,ACCO UK LTD,acco uk ltd,AYLESBURY,BUCKINGHAMSHIRE,South East,Other,Worker,Global Business Mobility: Senior or Specialist Worker,https://accobrands.com,ukcontactus@acco.com,https://www.accobrands.com/careers,,low,https://www.accobrands.com/,existing_careers_url_domain+company_site_existing_file,possible_lead_not_accepted:only_one_name_token_on_page_without_hostname_match:acco; attempt_count:3
157343,ACCORD ACCOUNTANCY LTD,accord accountancy ltd,London,,,Other,Worker,Skilled Worker,https://accordacc.com/,admin@accordacc.com,,,unverified,,,no_first_party_identity_verified; attempt_count:1
157345,Accord Clinical Support Limited,accord clinical support limited,Harrow,Middlesex,,Other,Worker,Skilled Worker,,,,,unverified,,,no_first_party_identity_verified; attempt_count:0
157358,ACCOTAX LONDON LTD,accotax london ltd,Morden,Surrey,South East,Other,Worker,Skilled Worker,https://accotax.co.uk/,info@accotax.co.uk,,,unverified,,,no_first_party_identity_verified; attempt_count:1
157361,ACCOUNTANCY & TAX SOLUTIONS (SW) LIMITED,accountancy and tax solutions sw limited,Wimbledon,London,London,Other,Worker,Skilled Worker,,,,,unverified,,,no_first_party_identity_verified; attempt_count:0
157362,ACCOUNTANCY AND BOOKEEPING LIMITED,accountancy and bookeeping limited,LONDON,,,Other,Worker,Skilled Worker,,,,,unverified,,,no_first_party_identity_verified; attempt_count:0
157363,Accountancy and Taxation Services,accountancy and taxation services,London,,,Other,Worker,Skilled Worker,,,,,unverified,,,no_first_party_identity_verified; attempt_count:0
157364,Accountancy Global Services Ltd t/a Acumen Plus,accountancy global services ltd t a acumen plus,Luton,UK,,Other,Worker,Skilled Worker,,,,,unverified,,,no_first_party_identity_verified; attempt_count:0
157365,Accountancy Group Ltd,accountancy group ltd,London,,,Other,Worker,Skilled Worker,,,,,unverified,,,no_first_party_identity_verified; attempt_count:0
157366,Accountancy Managers Limited,accountancy managers limited,Greater London,,,Other,Worker,Skilled Worker,,,,,unverified,,,no_first_party_identity_verified; attempt_count:0
157367,ACCOUNTANCY SERVICES LONDON LTD,accountancy services london ltd,London,,,Other,Worker,Skilled Worker,https://www.ask-accountancy.com/,info@ask-accountancy.com,,https://www.ask-accountancy.com/,high,https://www.ask-accountancy.com/,existing_website,name_tokens_on_page:accountancy+london;name_tokens_on_host:accountancy;location_on_page; attempt_count:1
157368,ACCOUNTANCY SOLUTIONS ( EAST ANGLIA ) LTD,accountancy solutions east anglia ltd,CAMBRIDGESHIRE,,,Other,Worker,Skilled Worker,http://accountancy-solutions.co.uk,,,https://accountancy-solutions.co.uk/,medium,https://accountancy-solutions.co.uk/,existing_website,name_tokens_on_page:accountancy;name_tokens_on_host:accountancy; attempt_count:1
157373,ACCOUNTAX CENTRE LTD,accountax centre ltd,London,,,Other,Worker,Skilled Worker,http://accountaxcentre.co.uk,info@accountaxcentre.co.uk,,,unverified,,,no_first_party_identity_verified; attempt_count:1
157374,Accountax Consultants UK Ltd,accountax consultants uk ltd,London,,,Other,Worker,Skilled Worker,,,,,unverified,,,no_first_party_identity_verified; attempt_count:0
157375,ACCOUNTAX GROUP LTD T/A ACCOUNTAX GROUP,accountax group ltd t a accountax group,Romford,,,Other,Worker,Skilled Worker,https://www.accountaxgroups.co.uk/,info@accountaxgroups.co.uk,,,low,https://www.accountaxgroups.co.uk/,existing_website,possible_lead_not_accepted:only_one_name_token_on_page_without_hostname_match:accountax; attempt_count:2
157378,Accounting & Business Serv Ltd,accounting and business serv ltd,Woking,Surrey,South East,Other,Worker,Skilled Worker,,,,,unverified,,,no_first_party_identity_verified; attempt_count:0
157379,ACCOUNTING & TAX PLANNING UK LIMITED,accounting and tax planning uk limited,Leytonstone,,,Other,Worker,Skilled Worker,,,,,unverified,,,no_first_party_identity_verified; attempt_count:0
157380,ACCOUNTING AND TAX SOLUTIONS,accounting and tax solutions,MANCHESTER,,,Other,Worker,Skilled Worker,https://accounting-solutionsuk.com/,info@accounting-solutionsuk.com,,https://accounting-solutionsuk.com/,high,https://accounting-solutionsuk.com/,existing_website+contact_email_domain,name_tokens_on_page:accounting+tax;name_tokens_on_host:accounting;location_on_page; attempt_count:1
157381,Accounting and Taxation Advisory Firm Ltd,accounting and taxation advisory firm ltd,Derby,Derbyshire,East Midlands,Other,Worker,Skilled Worker,,,,,unverified,,,no_first_party_identity_verified; attempt_count:1
157382,Accounting Crunchers Limited,accounting crunchers limited,London,LONDON,London,Other,Worker,Skilled Worker,,,,,unverified,,,no_first_party_identity_verified; attempt_count:0
157383,Accounting for Sustainability,accounting for sustainability,London,,,Other,Worker,Skilled Worker,,,,,unverified,,,no_first_party_identity_verified; attempt_count:0
157385,Accounting People Ltd,accounting people ltd,London,London,London,Other,Worker,Global Business Mobility: Senior or Specialist Worker,,,,,unverified,,,no_first_party_identity_verified; attempt_count:0
157386,Accounting People Ltd,accounting people ltd,London,London,London,Other,Worker,Global Business Mobility: Senior or Specialist Worker,,,,,unverified,,,no_first_party_identity_verified; attempt_count:0
157388,ACCOUNTING SQUARE LIMITED,accounting square limited,LONDON,,,Other,Worker,Skilled Worker,https://accountingsquare.co.uk/,info@accountingsquare.co.uk,,,unverified,,,no_first_party_identity_verified; attempt_count:1
157392,ACCOUNTS & TAX INT LTD,accounts and tax int ltd,London,,,Other,Worker,Skilled Worker,http://accountstaxint.com/,[email protected],,,unverified,,,no_first_party_identity_verified; attempt_count:1
157395,Accounts Direct (Accounting & Bookkeeping) Limited,accounts direct accounting and bookkeeping limited,Salford,,,Other,Worker,Skilled Worker,,,,,unverified,,,no_first_party_identity_verified; attempt_count:0
157396,ACCOUNTS HOUSE LTD,accounts house ltd,Upminster,Essex,East of England,Other,Worker,Skilled Worker,https://accountshouse.co.uk/,[email protected],,,unverified,,,no_first_party_identity_verified; attempt_count:1
157410,Accu Technology UK Ltd,accu technology uk ltd,Oxford,,,Other,Worker,Global Business Mobility: Senior or Specialist Worker,,,,,unverified,,,no_first_party_identity_verified; attempt_count:0
157411,Accu Technology UK Ltd,accu technology uk ltd,Oxford,,,Other,Worker,Global Business Mobility: Senior or Specialist Worker,,,,,unverified,,,no_first_party_identity_verified; attempt_count:0
157417,Acculearn Trading Limited T/A Cranbrook College,acculearn trading limited t a cranbrook college,London,Essex,East of England,Other,Worker,Skilled Worker,,,,,unverified,,,no_first_party_identity_verified; attempt_count:0
157425,ACCURA RESOURCING LIMITED,accura resourcing limited,London,,,Other,Worker,Skilled Worker,https://www.accuraresourcing.co.uk/,operations@accuraresourcing.co.uk,,,unverified,,,no_first_party_identity_verified; attempt_count:2
157438,ACD Environmental Ltd,acd environmental ltd,Malmesbury,Wiltshire,South West,Other,Worker,Skilled Worker,https://www.acdgroup.eu,info@acdgroup.eu,,,unverified,,,no_first_party_identity_verified; attempt_count:2
157440,ACDOCO LIMITED,acdoco limited,Bolton,,,Other,Worker,Skilled Worker,https://www.acdoco.com/,,,,unverified,,,no_first_party_identity_verified; attempt_count:2
157441,ACE & Company UK Limited,ace and company uk limited,London,,,Other,Worker,Skilled Worker,https://aceandcompany.com/en,info@aceandcompany.com,,,low,https://aceandcompany.com/,existing_website+contact_email_domain,possible_lead_not_accepted:only_one_name_token_on_page_without_hostname_match:ace; attempt_count:1
157443,ACE ACCOUNTS AND TAX LTD,ace accounts and tax ltd,MILTON KEYNES,,,Other,Worker,Skilled Worker,https://www.aceaccountax.co.uk,info@aceaccountax.co.uk,,https://www.aceaccountax.co.uk/,high,https://www.aceaccountax.co.uk/,existing_website,name_tokens_on_page:ace+accounts+tax;location_on_page; attempt_count:1
157445,ACE ANALYTICS LIMITED,ace analytics limited,London,,,Other,Worker,Skilled Worker,https://www.aceanalytics.co.uk/,support@aceanalytics.co.uk,https://www.aceanalytics.co.uk/index.php/ace-analytics-careers,https://www.aceanalytics.co.uk/,medium,https://www.aceanalytics.co.uk/,existing_website+existing_careers_url_domain+company_site_existing_file,name_tokens_on_page:ace+analytics; attempt_count:1
157449,ACE CARGO SERVICE LTD,ace cargo service ltd,Feltham,,,Other,Worker,Skilled Worker,http://acecgo.co.uk/,,,,unverified,,,no_first_party_identity_verified; attempt_count:1
157450,ACE CARS & MINIBUSES LTD,ace cars and minibuses ltd,Walsall,,,Other,Worker,Skilled Worker,https://www.ace-cars.co.uk/,info@ace-cars.co.uk,https://ace-cars.co.uk/work-with-us,https://ace-cars.co.uk/,high,https://ace-cars.co.uk/,contact_email_domain+existing_careers_url_domain+company_site_existing_file,name_tokens_on_page:ace+cars;name_tokens_on_host:ace+cars; attempt_count:2
157451,ACE CHILDRENS OCCUPATIONAL THERAPY LIMITED,ace childrens occupational therapy limited,Crondall,Hampshire,South East,Other,Worker,Skilled Worker,https://acechildrensoccupationaltherapy.com/,acecothr@acecot.biz,https://acechildrensoccupationaltherapy.com/career-opportunities,https://acechildrensoccupationaltherapy.com/,high,https://acechildrensoccupationaltherapy.com/,existing_website+existing_careers_url_domain+company_site_existing_file+verified_company_site_source_host,name_tokens_on_page:ace+occupational+therapy;location_on_page; attempt_count:1
157455,ACE CONSULTANTS LTD,ace consultants ltd,Harrow,Middlesex,,Other,Worker,Skilled Worker,https://www.aceconsultants.co.uk/,info@aceconsultants.co.uk,https://www.aceconsultants.co.uk/about-us/vacancies,https://www.aceconsultants.co.uk/,medium,https://www.aceconsultants.co.uk/,existing_website+existing_careers_url_domain+company_site_existing_file,name_tokens_on_page:ace+consultants; attempt_count:1
157458,ACE FLEET LIMITED T/A MOMO'S,ace fleet limited t a momo s,London,,,Other,Worker,Skilled Worker,,,,,unverified,,,no_first_party_identity_verified; attempt_count:0
157460,ACE Group International Limited,ace group international limited,Gerrards Cross,Buckinghamshire,South East,Other,Worker,Skilled Worker,https://www.acegroup.org.uk/,rachael.smith@acegroup.org.uk,,,unverified,,,no_first_party_identity_verified; attempt_count:2
157468,ACE Medical Partnership,ace medical partnership,Birmingham,West Midlands,West Midlands,Other,Worker,Skilled Worker,https://www.acemedicalpartnership.co.uk/,maxine.butler1@nhs.net,,,unverified,,,no_first_party_identity_verified; attempt_count:2
157469,ACE MONEY TRANSFER LIMITED,ace money transfer limited,Manchester,,,Other,Worker,Skilled Worker,https://acemoneytransfer.com,,,,unverified,,,no_first_party_identity_verified; attempt_count:1
157470,ACE OF FADES BARBER SHOP LTD,ace of fades barber shop ltd,London,,,Other,Worker,Skilled Worker,https://aceoffades.co.uk,,,,unverified,,,no_first_party_identity_verified; attempt_count:1
157476,ACE REMOVALS LIMITED,ace removals limited,London,,,Other,Worker,Skilled Worker,https://aceremovalsbusiness.com/,info@aceremovalsbusiness.com,,https://aceremovalsbusiness.com/,medium,https://aceremovalsbusiness.com/,existing_website+contact_email_domain,name_tokens_on_page:ace+removals; attempt_count:1
157483,Ace Tech Repairs Limited,ace tech repairs limited,Pudsey,,,Other,Worker,Skilled Worker,,,,,unverified,,,no_first_party_identity_verified; attempt_count:0
157489,ACEBRIDGE EDUCATION LTD,acebridge education ltd,London,,,Other,Worker,Skilled Worker,,,,,unverified,,,no_first_party_identity_verified; attempt_count:0
157490,ACEDALE LIMITED,acedale limited,London,,,Other,Worker,Skilled Worker,https://www.aceda.co.uk,info@aceda.co.uk,,,unverified,,,no_first_party_identity_verified; attempt_count:2
157495,ACEPP UK LTD,acepp uk ltd,"London,",,,Other,Worker,Skilled Worker,https://acepp-uk.com/,contact@heverett.com,https://acepp-uk.com/careers,https://acepp-uk.com/,medium,https://acepp-uk.com/,existing_website+existing_careers_url_domain+company_site_existing_file,name_tokens_on_page:acepp;name_tokens_on_host:acepp; attempt_count:1
157497,ACER ACCOUNTANCY SERVICES LIMITED trading as Acumen+,acer accountancy services limited trading as acumen,Rushden,Northamptonshire,East Midlands,Other,Worker,Skilled Worker,,,,,unverified,,,no_first_party_identity_verified; attempt_count:0
157498,ACER International Limited,acer international limited,London,,,Other,Worker,Skilled Worker,https://www.acer.com/gb-en/,imprint.uk@acer.com,,https://www.acer.com/,medium,https://www.acer.com/us-en/,existing_website,name_tokens_on_page:acer;name_tokens_on_host:acer; attempt_count:1
157499,ACER International Limited,acer international limited,London,,,Other,Worker,Skilled Worker,https://www.acer.com/gb-en/,imprint.uk@acer.com,,https://www.acer.com/,medium,https://www.acer.com/us-en/,existing_website,name_tokens_on_page:acer;name_tokens_on_host:acer; verified_domain_identity_cache_hit; attempt_count:1
157503,Acer Trust,acer trust,Oxford,,,Other,Worker,Skilled Worker,,,,,unverified,,,no_first_party_identity_verified; attempt_count:0
157510,ACES Academies Trust,aces academies trust,Huntingdon,,,Other,Worker,Skilled Worker,https://www.catrust.co.uk/,,https://www.catrust.co.uk/join-us/vacancies,,low,https://www.catrust.co.uk/,existing_website+existing_careers_url_domain+company_site_existing_file,possible_lead_not_accepted:only_one_name_token_on_page_without_hostname_match:trust; attempt_count:1
157512,ACES JEWELLERS LIMITED,aces jewellers limited,LISBURN,LISBURN,,Other,Worker,Skilled Worker,https://acesjewellers.co.uk/,info@acesjewellers.co.uk,,https://acesjewellers.co.uk/,medium,https://acesjewellers.co.uk/,existing_website+contact_email_domain,name_tokens_on_page:aces+jewellers; attempt_count:1
157513,Aceso Global Health Consultants Limited,aceso global health consultants limited,Greater London,,,Other,Worker,Skilled Worker,,hello@acesohealth.co.uk,,,unverified,,,no_first_party_identity_verified; attempt_count:1
157517,ACEVENTURES GROUP LTD,aceventures group ltd,Willenhall,West Midlands,West Midlands,Other,Worker,Skilled Worker,https://www.aceventures.com/,sales@aceventures.com,,https://www.aceventures.com/,medium,https://www.aceventures.com/,existing_website,name_tokens_on_page:aceventures;name_tokens_on_host:aceventures; attempt_count:1
157518,ACG Advisors Group (UK) Ltd,acg advisors group uk ltd,London,,,Other,Worker,Skilled Worker,https://acg.group/,recruiting@acg.group,https://acg.group/careers,https://acg.group/,high,https://acg.group/,existing_website+contact_email_domain+existing_careers_url_domain+company_site_existing_file,name_tokens_on_page:acg;name_tokens_on_host:acg;location_on_page; attempt_count:1
157519,ACG Europe Ltd,acg europe ltd,Corby,,,Other,Worker,Global Business Mobility: Senior or Specialist Worker,https://www.acgineurope.com/,EuropeSales@ACGworld.com,,https://www.acgineurope.com/,medium,https://www.acgineurope.com/,existing_website,name_tokens_on_page:acg+europe; attempt_count:1
157520,ACG Europe Ltd,acg europe ltd,Corby,,,Other,Worker,Global Business Mobility: Senior or Specialist Worker,https://www.acgineurope.com/,EuropeSales@ACGworld.com,,https://www.acgineurope.com/,medium,https://www.acgineurope.com/,existing_website,name_tokens_on_page:acg+europe; verified_domain_identity_cache_hit; attempt_count:1
157521,ACG MEDICAL LIMITED,acg medical limited,Chatteris,Cambridgeshire,East of England,Other,Worker,Skilled Worker,,,,,unverified,,,no_first_party_identity_verified; attempt_count:0
157522,ACG Operations LTD,acg operations ltd,Birmingham,,,Other,Worker,Skilled Worker,https://www.acg-world.com/,info@acg-world.com,,,unverified,,,no_first_party_identity_verified; attempt_count:2
157524,ACH Partners Limited,ach partners limited,Perivale,,,Other,Worker,Skilled Worker,http://achpartners.co.uk,[email protected],,,low,https://achpartners.co.uk/,existing_website,possible_lead_not_accepted:only_one_name_token_on_page_without_hostname_match:ach; attempt_count:1
157526,ACHERON CAPITAL LIMITED,acheron capital limited,LONDON,,,Other,Worker,Skilled Worker,https://acheroncapital.com,,,https://acheroncapital.com/,medium,https://acheroncapital.com/,existing_website,name_tokens_on_page:acheron+capital; attempt_count:1
157540,ACI Group Ltd,aci group ltd,Cookham,Berkshire,South East,Other,Worker,Skilled Worker,https://acigroup.biz/,info@acigroup.biz,,,unverified,,,no_first_party_identity_verified; attempt_count:1
157542,ACI Worldwide (EMEA) Limited,aci worldwide emea limited,Brookwood,Surrey,South East,Other,Worker,Global Business Mobility: Senior or Specialist Worker,https://www.aciworldwide.com,contact@aciworldwide.com,https://ebwg.fa.us2.oraclecloud.com/hcmUI/CandidateExperience/en/sites/CX,https://www.aciworldwide.com/,medium,https://www.aciworldwide.com/,existing_website,name_tokens_on_page:aci+worldwide; attempt_count:1; existing_careers_url_not_employer_domain; company_site_cache_url_not_employer_domain
157543,ACI Worldwide (EMEA) Limited,aci worldwide emea limited,Brookwood,Surrey,South East,Other,Worker,Global Business Mobility: Senior or Specialist Worker,https://www.aciworldwide.com,contact@aciworldwide.com,https://ebwg.fa.us2.oraclecloud.com/hcmUI/CandidateExperience/en/sites/CX,https://www.aciworldwide.com/,medium,https://www.aciworldwide.com/,existing_website,name_tokens_on_page:aci+worldwide; verified_domain_identity_cache_hit; attempt_count:1; existing_careers_url_not_employer_domain; company_site_cache_url_not_employer_domain
157545,ACIBADEM,acibadem,London,,,Other,Worker,Skilled Worker,https://acibademinternational.com/,,https://acibademinternational.com/careers,,low,https://acibademinternational.com/,existing_website+existing_careers_url_domain+company_site_existing_file,possible_lead_not_accepted:only_one_name_token_on_page_without_hostname_match:acibadem; attempt_count:1
157549,acime UK Ltd,acime uk ltd,Manchester,Lancashire,North West,Other,Temporary Worker,Global Business Mobility: Graduate Trainee,,,,,unverified,,,no_first_party_identity_verified; attempt_count:0
157554,ACJ ACCOUNTANTS LIMITED,acj accountants limited,Radlett,,,Other,Worker,Skilled Worker,https://acjaccountantslimited.co.uk/,[email protected],,https://acjaccountantslimited.co.uk/,high,https://acjaccountantslimited.co.uk/,existing_website,name_tokens_on_page:acj+accountants;location_on_page; attempt_count:1
157562,Ackworth School,ackworth school,Pontefract,West Yorkshire,Yorkshire and the Humber,Other,Worker,Skilled Worker,,,,,unverified,,,no_first_party_identity_verified; attempt_count:0
157563,Ackworth School,ackworth school,Pontefract,West Yorkshire,Yorkshire and the Humber,Other,Worker,Skilled Worker,,,,,unverified,,,no_first_party_identity_verified; attempt_count:0
157565,ACL & Co,acl and co,Surrey,,,Other,Worker,Skilled Worker,https://www.acl-accountants.co.uk/,enquiries@acl-accountants.co.uk,,,unverified,,,no_first_party_identity_verified; attempt_count:2
157566,ACL Education Solutions Ltd,acl education solutions ltd,London,England,,Other,Worker,Skilled Worker,https://www.acleducation.co.uk,info@acleducation.co.uk,,,unverified,,,no_first_party_identity_verified; attempt_count:2
157567,ACL Homes Plus Ltd,acl homes plus ltd,Folkestone,Kent,South East,Other,Worker,Skilled Worker,,,,,unverified,,,no_first_party_identity_verified; attempt_count:0
157569,ACLAS Technics Ltd,aclas technics ltd,Livingston,West Lothian,Scotland,Other,Worker,Skilled Worker,https://aclastechnics.com/,,,https://aclastechnics.com/,high,https://aclastechnics.com/,existing_website,name_tokens_on_page:aclas+technics;location_on_page; attempt_count:1
157570,ACLI (CHRISTIAN ASSOCIATION OF ITALIAN WORKERS),acli christian association of italian workers,LONDON,,,Other,Temporary Worker,Charity Worker,https://www.patronato.acli.it,londra@patronato.acli.it,,https://www.patronato.acli.it/,medium,https://www.patronato.acli.it/,existing_website,name_tokens_on_page:acli;name_tokens_on_host:acli; attempt_count:1
157571,ACM Global Central Laboratory Limited,acm global central laboratory limited,York,North Yorkshire,Yorkshire and the Humber,Other,Worker,Skilled Worker,https://www.acmgloballab.com/,,,https://www.acmgloballab.com/,high,https://www.acmgloballab.com/,existing_website,name_tokens_on_page:acm+central+laboratory;location_on_page; attempt_count:1
157572,ACME CREDIT CONSULTANTS LIMITED,acme credit consultants limited,West Drayton,,,Other,Worker,Skilled Worker,https://acmecredit.co.uk/,[email protected],,,unverified,,,no_first_party_identity_verified; attempt_count:1
157576,ACME Shipping & Logistics,acme shipping and logistics,Southampton,,,Other,Worker,Skilled Worker,https://acme-shipping.com/,info@acme-shipping.com,,https://acme-shipping.com/,high,https://acme-shipping.com/,existing_website+contact_email_domain,name_tokens_on_page:acme+shipping+logistics;name_tokens_on_host:acme+shipping;location_on_page; attempt_count:1
157581,ACN ACCOUNTANTS,acn accountants,GRAYS,ESSEX,East of England,Other,Worker,Skilled Worker,https://acnaccountants.co.uk/,info@acnaccountants.co.uk,,https://acnaccountants.co.uk/,high,https://acnaccountants.co.uk/,existing_website+contact_email_domain,name_tokens_on_page:acn+accountants;location_on_page; attempt_count:1
157582,ACNielsen Company Limited,acnielsen company limited,Oxford,Oxfordshire,South East,Other,Temporary Worker,Global Business Mobility: Graduate Trainee,https://www.nielsen.com/,,https://careers.smartrecruiters.com/TheNielsenCompany/administration-jobs,,unverified,,,no_first_party_identity_verified; attempt_count:1; existing_careers_url_not_employer_domain; company_site_cache_url_not_employer_domain; company_site_source_host_not_eligible
157583,ACNielsen Company Limited,acnielsen company limited,Oxford,Oxfordshire,South East,Other,Temporary Worker,Global Business Mobility: Graduate Trainee,https://www.nielsen.com/,,https://careers.smartrecruiters.com/TheNielsenCompany/administration-jobs,,unverified,,,no_first_party_identity_verified; attempt_count:1; existing_careers_url_not_employer_domain; company_site_cache_url_not_employer_domain; company_site_source_host_not_eligible
157584,ACNielsen Company Limited,acnielsen company limited,Oxford,Oxfordshire,South East,Other,Temporary Worker,Global Business Mobility: Graduate Trainee,https://www.nielsen.com/,,https://careers.smartrecruiters.com/TheNielsenCompany/administration-jobs,,unverified,,,no_first_party_identity_verified; attempt_count:1; existing_careers_url_not_employer_domain; company_site_cache_url_not_employer_domain; company_site_source_host_not_eligible
157586,ACO Technologies plc,aco technologies plc,Shefford,,,Other,Worker,Skilled Worker,https://www.aco.co.uk,technologies@aco.co.uk,,https://www.aco.co.uk/,high,https://www.aco.co.uk/,existing_website,name_tokens_on_page:aco+technologies;name_tokens_on_host:aco; attempt_count:1
157587,ACOCKS GREEN CAKE BOX LIMITED,acocks green cake box limited,Coventry,,,Other,Worker,Skilled Worker,https://www.cakebox.com,,,https://www.cakebox.com/,medium,https://www.cakebox.com/,existing_website,name_tokens_on_page:cake+box; attempt_count:1
157592,ACOLYTE MANAGEMENT SERVICES LIMITED,acolyte management services limited,BLACKBURN,,,Other,Worker,Skilled Worker,http://acolytemanagementservices.co.uk/,,http://acolytemanagementservices.co.uk/careers,https://acolytemanagementservices.co.uk/,medium,https://acolytemanagementservices.co.uk/,existing_website+existing_careers_url_domain+company_site_existing_file,name_tokens_on_page:acolyte+management; attempt_count:1
157596,ACORD Corporation,acord corporation,London,,,Other,Worker,Global Business Mobility: Senior or Specialist Worker,https://www.acord.org,,https://www.acord.org/careers-events/acord-career-center,https://www.acord.org/,medium,https://www.acord.org/,existing_website+existing_careers_url_domain+company_site_existing_file,name_tokens_on_page:acord;name_tokens_on_host:acord; attempt_count:1
157597,ACORD Corporation,acord corporation,London,,,Other,Worker,Global Business Mobility: Senior or Specialist Worker,https://www.acord.org,,https://www.acord.org/careers-events/acord-career-center,https://www.acord.org/,medium,https://www.acord.org/,existing_website+existing_careers_url_domain+company_site_existing_file,name_tokens_on_page:acord;name_tokens_on_host:acord; verified_domain_identity_cache_hit; attempt_count:1
157604,Acorn Construction (Yorkshire) Ltd,acorn construction yorkshire ltd,Sherburn In Elmet,Leeds,Yorkshire and the Humber,Other,Worker,Skilled Worker,,,,,unverified,,,no_first_party_identity_verified; attempt_count:1
157605,ACORN DAY OPPORTUNITIES LTD,acorn day opportunities ltd,London,,,Other,Worker,Skilled Worker,https://www.acorndayopportunities.co.uk/,info@acorndayopportunities.co.uk,,https://www.acorndayopportunities.co.uk/,high,https://www.acorndayopportunities.co.uk/,existing_website,name_tokens_on_page:acorn+day+opportunities;location_on_page; attempt_count:1
157624,Acorn Recruitment Ltd,acorn recruitment ltd,Newport,County (optional),,Other,Worker,Skilled Worker,,,,,unverified,,,no_first_party_identity_verified; attempt_count:1
157631,Acorns Children's Hospice Trust,acorns children s hospice trust,Birmingham,,,Other,Worker,Skilled Worker,,,,,unverified,,,no_first_party_identity_verified; attempt_count:1
157642,ACP CONSULTANTS LTD.,acp consultants ltd,London,,,Other,Worker,Skilled Worker,https://acpconsultants.co.uk,info@acpconsultants.co.uk,,https://acp-consultants.com/,high,https://acp-consultants.com/,SponsorList,name_tokens_on_page:acp+consultants;name_tokens_on_host:acp+consultants;location_on_page; attempt_count:2
157646,ACP Trading Limited,acp trading limited,Brighton,,,Other,Worker,Skilled Worker,http://acptradingusa.com,,,,unverified,,,no_first_party_identity_verified; attempt_count:2
157647,ACPH Ltd T.A Hopscotch Children's Nurseries,acph ltd t a hopscotch children s nurseries,Brighton,,,Other,Worker,Skilled Worker,https://www.hopscotch.uk.com/,office@hopscotchmail.com,https://www.hopscotch.uk.com/work-with-us,https://www.hopscotch.uk.com/,high,https://www.hopscotch.uk.com/,existing_website+existing_careers_url_domain+company_site_existing_file,name_tokens_on_page:hopscotch+children+nurseries;name_tokens_on_host:hopscotch;location_on_page; attempt_count:1
157649,ACQUA KITCHENS LTD,acqua kitchens ltd,SURBITON,,,Other,Worker,Skilled Worker,https://www.acquakitchens.co.uk/,[email protected],,,unverified,,,no_first_party_identity_verified; attempt_count:2
157654,Acquire Learning College LTD,acquire learning college ltd,Sheffield,South Yorkshire,Yorkshire and the Humber,Other,Worker,Skilled Worker,,,,https://acquirelearning.co.uk/,high,https://acquirelearning.co.uk/,SponsorList,name_tokens_on_page:acquire+learning;location_on_page; attempt_count:1
157663,ACRE CARE SERVICES LTD,acre care services ltd,NORTHWOOD,,,Other,Worker,Skilled Worker,https://acrecareservices.com,info@acrecareservices.com,https://acrecareservices.com/careers,,low,https://acrecareservices.com/,existing_website+contact_email_domain+existing_careers_url_domain+company_site_existing_file,possible_lead_not_accepted:only_one_name_token_on_page_without_hostname_match:acre; attempt_count:2
157664,ACRE CONTRACTORS (LONDON) LTD,acre contractors london ltd,Willesden,,,Other,Worker,Skilled Worker,https://acrecontractors.com/,info@acrecontractors.com,,,unverified,,,no_first_party_identity_verified; attempt_count:2
157672,ACREO Ltd,acreo ltd,Oldmeldrum,Aberdeenshire,Scotland,Other,Worker,Skilled Worker,https://www.acreo.uk/,info@acreo.uk,https://www.acreo.uk/careers,https://www.acreo.uk/,medium,https://www.acreo.uk/,existing_website+existing_careers_url_domain+company_site_existing_file,name_tokens_on_page:acreo;name_tokens_on_host:acreo; attempt_count:1
157688,Across the Pond - Study in Britain Limited,across the pond study in britain limited,Crookham Village,,,Other,Worker,Skilled Worker,,,,,unverified,,,no_first_party_identity_verified; attempt_count:0
157691,ACRS Limited,acrs limited,Pershore,Worcestershire,West Midlands,Other,Worker,Skilled Worker,https://www.acrs.co.uk/,info@acrs.co.uk,,https://www.acrs.co.uk/,medium,https://www.acrs.co.uk/,existing_website,name_tokens_on_page:acrs;name_tokens_on_host:acrs; attempt_count:1
157697,ACS International,acs international,Nottingham,,,Other,Worker,Skilled Worker,https://www.acs-schools.com/,,,https://www.acs-schools.com/,medium,https://www.acs-schools.com/,existing_website,name_tokens_on_page:acs;name_tokens_on_host:acs; attempt_count:1
157698,ACS International Ltd - UK Branch,acs international ltd uk branch,Beaconsfield,,,Other,Worker,Skilled Worker,https://acs-uk.org,info@acs-uk.org,,https://acs-uk.org/,medium,https://acs-uk.org/,existing_website+contact_email_domain,name_tokens_on_page:acs;name_tokens_on_host:acs; attempt_count:1
157699,ACS International Ltd - UK Branch,acs international ltd uk branch,Beaconsfield,,,Other,Worker,Skilled Worker,https://acs-uk.org,info@acs-uk.org,,https://acs-uk.org/,medium,https://acs-uk.org/,existing_website+contact_email_domain,name_tokens_on_page:acs;name_tokens_on_host:acs; verified_domain_identity_cache_hit; attempt_count:1
157701,ACS INTERNATIONAL SCHOOLS LIMITED,acs international schools limited,Cobham,Surrey,South East,Other,Worker,Skilled Worker,https://www.acs-schools.com/,,,https://www.acs-schools.com/,high,https://www.acs-schools.com/,existing_website,name_tokens_on_page:acs+schools;name_tokens_on_host:acs+schools;location_on_page; attempt_count:1
157704,ACSI Europe Ltd,acsi europe ltd,WATCHFIELD,SWINDON,South West,Other,Worker,Skilled Worker,https://acsitoledo.com,contact@acsi.eu,,https://acsitoledo.com/,high,https://acsitoledo.com/,existing_website,name_tokens_on_page:acsi+europe;location_on_page; attempt_count:1
157705,ACT Blade Ltd,act blade ltd,Edinburgh,,,Other,Worker,Skilled Worker,http://actblade.com,,,https://www.actblade.com/,high,https://www.actblade.com/,existing_website,name_tokens_on_page:act+blade;location_on_page; attempt_count:1
157707,ACT Developments London Limited,act developments london limited,London,,,Other,Worker,Skilled Worker,https://act-developments.co.uk/,[email protected],https://act-developments.co.uk/careers,https://act-developments.co.uk/,high,https://act-developments.co.uk/,existing_website+existing_careers_url_domain+company_site_existing_file,name_tokens_on_page:act+developments+london;name_tokens_on_host:act+developments;location_on_page; attempt_count:1
157710,ACT LEGAL LTD,act legal ltd,BRIGHTON,,,Other,Worker,Skilled Worker,https://actlegal.co.uk/,enquiries@actlegal.co.uk,,,unverified,,,no_first_party_identity_verified; attempt_count:1
157722,Actify Training and Technology CIC,actify training and technology cic,Glasgow,Glasgow,Scotland,Other,Worker,Skilled Worker,,,,https://www.actify.org.uk/,medium,https://www.actify.org.uk/,SponsorList,name_tokens_on_page:actify;name_tokens_on_host:actify; attempt_count:1
157725,ACTING OFFICE LIMITED,acting office limited,London,,,Other,Worker,Skilled Worker,https://www.actingoffice.com/,info@actingoffice.com,,https://www.actingoffice.com/,high,https://www.actingoffice.com/,existing_website,name_tokens_on_page:acting+office;location_on_page; attempt_count:1
157727,ACTION 8 RECRUITMENT LIMITED,action 8 recruitment limited,LONDON,,,Other,Worker,Skilled Worker,https://action8recruitment.co.uk,,,,unverified,,,no_first_party_identity_verified; attempt_count:2
157730,Action for Arts Trust Ltd,action for arts trust ltd,Colwyn Bay,Conwy,Wales,Other,Temporary Worker,Creative Worker,,,,,unverified,,,no_first_party_identity_verified; attempt_count:0
157733,"Action for Health, Education and Disability (AHEAD) International",action for health education and disability ahead international,Birmingham,West Midlands,West Midlands,Other,Worker,Skilled Worker,,,,,unverified,,,no_first_party_identity_verified; attempt_count:0
157734,"Action for Health, Education and Disability (AHEAD) International",action for health education and disability ahead international,Birmingham,West Midlands,West Midlands,Other,Worker,Skilled Worker,,,,,unverified,,,no_first_party_identity_verified; attempt_count:0
157749,ACTIONPLUS FOUNDATION,actionplus foundation,LONDON,,,Other,Temporary Worker,Charity Worker,https://actionplusfoundation.org.uk,info@actionplusfoundation.org.uk,,,unverified,,,no_first_party_identity_verified; attempt_count:1
157754,ACTITO UK,actito uk,London,,,Other,Worker,Skilled Worker,https://www.actito.com,,,,unverified,,,no_first_party_identity_verified; attempt_count:1
157763,Activate Learning Education Trust,activate learning education trust,Reading,,,Other,Worker,Skilled Worker,,,,,unverified,,,no_first_party_identity_verified; attempt_count:0
157767,Active Care Education Ltd,active care education ltd,Dartford,,,Other,Worker,Skilled Worker,,,,,unverified,,,no_first_party_identity_verified; attempt_count:1
157768,ACTIVE CARE ORGANISATION LIMITED,active care organisation limited,Northampton,,,Other,Worker,Skilled Worker,https://activecare.online/,,,,unverified,,,no_first_party_identity_verified; attempt_count:1
157774,Active Health,active health,Bath,Bath and North East Somerset,South West,Other,Worker,Skilled Worker,,info@activehealthsolutions.co.uk,,,unverified,,,no_first_party_identity_verified; attempt_count:1
157778,ACTIVE INTERNATIONAL LTD,active international ltd,LONDON,,,Other,Worker,Global Business Mobility: Senior or Specialist Worker,https://activeinternational.co.uk/,ukreception@activeinternational.com,https://activeinternational.co.uk/careers,,low,https://activeinternational.co.uk/,existing_website+existing_careers_url_domain+company_site_existing_file,possible_lead_not_accepted:only_one_name_token_on_page_without_hostname_match:active; attempt_count:2
157779,ACTIVE INTERNATIONAL LTD,active international ltd,LONDON,,,Other,Worker,Global Business Mobility: Senior or Specialist Worker,https://activeinternational.co.uk/,ukreception@activeinternational.com,https://activeinternational.co.uk/careers,,low,https://activeinternational.co.uk/,existing_website+existing_careers_url_domain+company_site_existing_file,possible_lead_not_accepted:only_one_name_token_on_page_without_hostname_match:active; attempt_count:2
157788,Active Partners Trust,active partners trust,Chestefield,Derbyshire,East Midlands,Other,Worker,Skilled Worker,,,,https://makingourmove.org.uk/,high,https://makingourmove.org.uk/,SponsorList,name_tokens_on_page:active+trust;location_on_page; attempt_count:1
157796,Active Social Care Limited,active social care limited,Huddersfield,West Yorkshire,Yorkshire and the Humber,Other,Worker,Skilled Worker,,karishma.dua@activecaregroup.co.uk,,,low,https://activecaregroup.co.uk/,contact_email_domain,possible_lead_not_accepted:only_one_name_token_on_page_without_hostname_match:active; attempt_count:1
157797,ACTIVE SPORTS TOURISM LTD,active sports tourism ltd,London,,,Other,Worker,Skilled Worker,https://www.ast-travel.com,contact@ast-travel.com,,,low,https://www.ast-travel.com/,existing_website,possible_lead_not_accepted:only_one_name_token_on_page_without_hostname_match:sports; attempt_count:2
157798,Active Sports Trust Ltd,active sports trust ltd,Solihull,,,Other,Worker,Skilled Worker,,,,,unverified,,,no_first_party_identity_verified; attempt_count:0
157799,ACTIVE STUDY AND TRAVEL SERVICES LTD,active study and travel services ltd,London,England,,Other,Worker,Skilled Worker,https://activestudyuk.com/,global@activestudyuk.com,,https://activestudyuk.com/,high,https://activestudyuk.com/,existing_website+contact_email_domain,name_tokens_on_page:active+study+travel;location_on_page; attempt_count:1
157803,ACTIVE TUNNELLING LIMITED,active tunnelling limited,"Coventry, West Midlands",,,Other,Worker,Skilled Worker,https://www.activetunnelling.com,info@activetunnelling.com,,https://www.activetunnelling.com/,high,https://www.activetunnelling.com/,existing_website,name_tokens_on_page:active+tunnelling;location_on_page; attempt_count:1
157811,ActiveIS Limited,activeis limited,London,,,Other,Worker,Skilled Worker,,,,,unverified,,,no_first_party_identity_verified; attempt_count:0
157818,ACTIVINSIGHTS LIMITED,activinsights limited,KIMBOLTON,,,Other,Worker,Skilled Worker,https://activinsights.com/,info@activinsights.com,https://activinsights.com/company/activinsights-careers,https://activinsights.com/,high,https://activinsights.com/,existing_website+contact_email_domain+existing_careers_url_domain+company_site_existing_file+verified_company_site_source_host,name_tokens_on_page:activinsights;name_tokens_on_host:activinsights;location_on_page; attempt_count:1
157822,ACTIVTRADES,activtrades,LONDON,,,Other,Worker,Skilled Worker,https://www.activtrades.com/en/,,,,unverified,,,no_first_party_identity_verified; attempt_count:1
157832,ACTORS STUDIO LIMITED,actors studio limited,"Stoke Poges, Slough",Buckinghamshire,South East,Other,Temporary Worker,Creative Worker,https://actorsstudio.co.uk/,info@actorsstudio.co.uk,,https://actorsstudio.co.uk/,high,https://actorsstudio.co.uk/,existing_website+contact_email_domain+verified_company_site_source_host,name_tokens_on_page:actors+studio;location_on_page; attempt_count:1
157839,Actual Care Services Ltd,actual care services ltd,Birmingham,West Midlands,West Midlands,Other,Worker,Skilled Worker,,,,,unverified,,,no_first_party_identity_verified; attempt_count:0
157848,ACUA Ocean Limited,acua ocean limited,Plymouth,Devon,South West,Other,Worker,Skilled Worker,https://acuaocean.com,info@acuaocean.com,,,unverified,,,no_first_party_identity_verified; attempt_count:2
157850,ACUDEMY LIMITED,acudemy limited,London,,,Other,Worker,Skilled Worker,https://www.acudemy.co.uk,info@acudemy.co.uk,,https://www.acudemy.com/,medium,https://www.acudemy.com/,SponsorList,name_tokens_on_page:acudemy;name_tokens_on_host:acudemy; attempt_count:3
157856,ACUITY KNOWLEDGE PARTNERS (UK) LIMITED,acuity knowledge partners uk limited,London,,,Other,Worker,Global Business Mobility: Senior or Specialist Worker,https://www.acuitykp.com,contact@acuitykp.com,,,unverified,,,no_first_party_identity_verified; attempt_count:2
157857,ACUITY KNOWLEDGE PARTNERS (UK) LIMITED,acuity knowledge partners uk limited,London,,,Other,Worker,Global Business Mobility: Senior or Specialist Worker,https://www.acuitykp.com,contact@acuitykp.com,,,unverified,,,no_first_party_identity_verified; attempt_count:2
157859,ACUITY RESEARCH & PRACTICE LTD.,acuity research and practice ltd,Barnstaple,,,Other,Worker,Skilled Worker,https://www.acuityresearch.co.uk,info@acuityresearch.co.uk,,,unverified,,,no_first_party_identity_verified; attempt_count:2
157872,Acumen Field Limited,acumen field limited,Stockport,Greater Manchester,North West,Other,Worker,Skilled Worker,,,,https://www.acumenfieldwork.com/,high,https://www.acumenfieldwork.com/,SponsorList,name_tokens_on_page:acumen+field;location_on_page; attempt_count:1
157873,Acumen Global Academy Ltd,acumen global academy ltd,Romford,Essex,East of England,Other,Worker,Skilled Worker,,,,https://acumenga.com/,medium,https://acumenga.com/,SponsorList,name_tokens_on_page:acumen+academy; attempt_count:1
157876,ACUMEN LONDON LTD,acumen london ltd,London,,,Other,Worker,Skilled Worker,https://www.acumenci.com/,,,https://acumenlondon.com/,high,https://acumenlondon.com/,SponsorList,name_tokens_on_page:acumen+london;location_on_page; attempt_count:2
157882,ACUSERV SOLUTIONS LIMITED,acuserv solutions limited,London,,,Other,Worker,Skilled Worker,https://www.acuservsolutions.com,,,,low,https://www.acuservsolutions.com/,existing_website,possible_lead_not_accepted:only_one_name_token_on_page_without_hostname_match:acuserv; attempt_count:1
157886,ACUTEC Limited,acutec limited,Birmingham,,,Other,Worker,Skilled Worker,https://www.acutec.co.uk/,jobs@acutec.co.uk,,,unverified,,,no_first_party_identity_verified; attempt_count:3
157887,ACUTRO LTD,acutro ltd,London,,,Other,Worker,Skilled Worker,https://www.acutro.co.uk,hello@acutro.co.uk,,,unverified,,,no_first_party_identity_verified; attempt_count:3
157888,Acutus Medical UK Ltd,acutus medical uk ltd,London,,,Other,Worker,Global Business Mobility: Senior or Specialist Worker,,,,,unverified,,,no_first_party_identity_verified; attempt_count:1
157889,Acutus Medical UK Ltd,acutus medical uk ltd,London,,,Other,Worker,Global Business Mobility: Senior or Specialist Worker,,,,,unverified,,,no_first_party_identity_verified; attempt_count:1
157894,ACWIN LTD,acwin ltd,OLDHAM,LANCASHIRE,North West,Other,Worker,Skilled Worker,https://www.acwin.co.uk/,admin@acwin.co.uk,https://www.acwin.co.uk/jobs,https://www.acwin.co.uk/,medium,https://www.acwin.co.uk/,existing_website+existing_careers_url_domain+company_site_existing_file,name_tokens_on_page:acwin;name_tokens_on_host:acwin; attempt_count:1
157896,Acwin Ventures Ltd,acwin ventures ltd,Shrewsbury,Shropshire,West Midlands,Other,Worker,Skilled Worker,,,,https://www.acwin.co.uk/,medium,https://www.acwin.co.uk/,SponsorList,name_tokens_on_page:acwin;name_tokens_on_host:acwin; attempt_count:1
157897,ACX INSTRUMENTS LTD,acx instruments ltd,Cambridge,,,Other,Worker,Skilled Worker,https://www.acxinst.com,contact@acxinst.com,,https://www.acxinst.com/,high,https://www.acxinst.com/,existing_website,name_tokens_on_page:acx+instruments;location_on_page; attempt_count:1
157900,ACZONE CONSULTANTS LTD,aczone consultants ltd,Croydon,,,Other,Worker,Skilled Worker,https://aczone.co.uk,[email protected],,https://aczone.co.uk/,high,https://aczone.co.uk/,existing_website,name_tokens_on_page:aczone+consultants;name_tokens_on_host:aczone;location_on_page; attempt_count:1
157906,AD BUILDING RENOVATION LTD,ad building renovation ltd,Birmingham,,,Other,Worker,Skilled Worker,https://adbuildingrenovationltd.co.uk/,[email protected],https://adbuildingrenovationltd.co.uk/career,https://adbuildingrenovationltd.co.uk/,high,https://adbuildingrenovationltd.co.uk/,existing_website+existing_careers_url_domain+company_site_existing_file,name_tokens_on_page:building+renovation;location_on_page; attempt_count:1
157918,AD Recycling Limited,ad recycling limited,Flintshire,,,Other,Worker,Skilled Worker,https://adsrecycling.co.uk/,orders@adsrecycling.co.uk,,,low,https://adsrecycling.co.uk/,existing_website+contact_email_domain,possible_lead_not_accepted:only_one_name_token_on_page_without_hostname_match:recycling; attempt_count:2
157922,AD Services 2010 Ltd,ad services 2010 ltd,Birmingham,West Midlands,West Midlands,Other,Worker,Skilled Worker,http://gabconsult.net/,,,,unverified,,,no_first_party_identity_verified; attempt_count:2
157927,AD Technologies Ltd,ad technologies ltd,Reading,,,Other,Worker,Skilled Worker,https://www.adtechnology.com/,jobs@adtechnology.com,https://www.adtechnology.com/careers,,low,https://www.adtechnology.com/,existing_website+existing_careers_url_domain+company_site_existing_file,possible_lead_not_accepted:only_one_name_token_on_page_without_hostname_match:technologies; attempt_count:3
157930,Ad Valorem Accountancy Services Limited,ad valorem accountancy services limited,Milton Keynes,Buckinghamshire,South East,Other,Worker,Skilled Worker,,,,https://careers.advaloremgroup.uk/,high,https://careers.advaloremgroup.uk/,verified_company_site_source_host,name_tokens_on_page:valorem+accountancy;location_on_page; attempt_count:1
157931,AD-DUHA FOUNDATION,ad duha foundation,BIRMINGHAM,,,Other,Temporary Worker,Charity Worker,https://www.ad-duha.org.uk/,info@ad-duha.org.uk,,,unverified,,,no_first_party_identity_verified; attempt_count:3
157932,AD-DUHA FOUNDATION,ad duha foundation,BIRMINGHAM,,,Other,Temporary Worker,Charity Worker,https://www.ad-duha.org.uk/,info@ad-duha.org.uk,,,unverified,,,no_first_party_identity_verified; attempt_count:3
157934,ADA BUSINESS CONSULTANCY LTD,ada business consultancy ltd,Chelmsford,,,Other,Worker,Skilled Worker,https://www.adabusiness.co.uk/,[email protected],https://www.adabusiness.co.uk/work-with-us,https://www.adabusiness.co.uk/,high,https://www.adabusiness.co.uk/,existing_website+existing_careers_url_domain+company_site_existing_file,name_tokens_on_page:ada+business+consultancy;location_on_page; attempt_count:1
157935,ADA CO ACCOUNTS LTD,ada co accounts ltd,sheffield,,,Other,Worker,Skilled Worker,https://www.ada-co.uk/,,,https://www.ada-co.uk/,high,https://www.ada-co.uk/,existing_website,name_tokens_on_page:ada+accounts;name_tokens_on_host:ada;location_on_page; attempt_count:1
157937,Ada Digital Health Ltd,ada digital health ltd,London,,,Other,Worker,Skilled Worker,,,,https://ada.com/,medium,https://ada.com/,SponsorList,name_tokens_on_page:ada;name_tokens_on_host:ada; attempt_count:1
157938,Ada Digital Health Ltd,ada digital health ltd,London,,,Other,Worker,Skilled Worker,,,,https://ada.com/,medium,https://ada.com/,SponsorList,name_tokens_on_page:ada;name_tokens_on_host:ada; verified_domain_identity_cache_hit; attempt_count:1
157944,ADAB,adab,Bury,,,Other,Temporary Worker,Charity Worker,https://www.ada.ac.uk/,info@ada.ac.uk,https://www.ada.ac.uk/careers,https://www.adab.org.uk/,high,https://www.adab.org.uk/,SponsorList,name_tokens_on_page:adab;name_tokens_on_host:adab;location_on_page; attempt_count:2; contact_email_domain_not_used_as_website_lead
157950,ADAHJON DESIGN LTD,adahjon design ltd,Dundee,,,Other,Worker,Skilled Worker,,,,,unverified,,,no_first_party_identity_verified; attempt_count:0
157952,ADAJ LIMITED,adaj limited,Wembley,,,Other,Worker,Skilled Worker,https://adaj.co.uk/,enquiries@adaj.co.uk,,https://adaj.co.uk/,medium,https://adaj.co.uk/,existing_website+contact_email_domain,name_tokens_on_page:adaj;name_tokens_on_host:adaj; attempt_count:1
157958,Adam & Co Accountancy Ltd,adam and co accountancy ltd,Bradford,,,Other,Worker,Skilled Worker,,,,,unverified,,,no_first_party_identity_verified; attempt_count:1
157960,Adam Accountancy Limited,adam accountancy limited,Slough,,,Other,Worker,Skilled Worker,,,,https://adamaccountancy.co.uk/,high,https://adamaccountancy.co.uk/,SponsorList,name_tokens_on_page:adam+accountancy;location_on_page; attempt_count:1
157962,ADAM Architecture Ltd,adam architecture ltd,Winchester,Hampshire,South East,Other,Worker,Skilled Worker,https://www.adamarchitecture.com,contact@adamarchitecture.com,,https://adamarchitecture.com/,high,https://adamarchitecture.com/,contact_email_domain,name_tokens_on_page:adam+architecture;location_on_page; attempt_count:2
157969,Adam Build Ltd,adam build ltd,London,,,Other,Worker,Skilled Worker,,,,,unverified,,,no_first_party_identity_verified; attempt_count:0
157971,ADAM CABS LTD,adam cabs ltd,Cambridge,,,Other,Worker,Skilled Worker,https://adamcabsltd.co.uk/,adams411611@gmail.com,,https://adamcabsltd.co.uk/,high,https://adamcabsltd.co.uk/,existing_website,name_tokens_on_page:adam+cabs;location_on_page; attempt_count:1; contact_email_domain_not_used_as_website_lead
157978,ADAM FARM FRESH LIMITED,adam farm fresh limited,Hitchin,,,Other,Worker,Skilled Worker,,,,,unverified,,,no_first_party_identity_verified; attempt_count:1
157987,Adam Mathew Digital Limited,adam mathew digital limited,Marlborough,,,Other,Worker,Skilled Worker,,,,,unverified,,,no_first_party_identity_verified; attempt_count:1
157988,Adam Mosque & Dawah Academy,adam mosque and dawah academy,Birmingham,,,Other,Temporary Worker,Religious Worker,,,,https://dawahacademy.uk/,medium,https://dawahacademy.uk/,SponsorList,name_tokens_on_page:adam+mosque+dawah+academy; attempt_count:1
157989,Adam Mosque & Dawah Academy,adam mosque and dawah academy,Birmingham,,,Other,Temporary Worker,Religious Worker,,,,https://dawahacademy.uk/,medium,https://dawahacademy.uk/,SponsorList,name_tokens_on_page:adam+mosque+dawah+academy; verified_domain_identity_cache_hit; attempt_count:1
157990,Adam Mosque & Dawah Academy,adam mosque and dawah academy,Birmingham,,,Other,Temporary Worker,Religious Worker,,,,https://dawahacademy.uk/,medium,https://dawahacademy.uk/,SponsorList,name_tokens_on_page:adam+mosque+dawah+academy; verified_domain_identity_cache_hit; attempt_count:1
157998,ADAM TYRES LTD,adam tyres ltd,"Smethwick,",,,Other,Worker,Skilled Worker,https://adamtyresltd.wixsite.com/website,adamtyresltd@gmail.com,,,unverified,,,no_first_party_identity_verified; attempt_count:2; contact_email_domain_not_used_as_website_lead
158003,ADAMA Agricultural Solutions UK ltd,adama agricultural solutions uk ltd,Theale,Berkshire,South East,Other,Worker,Global Business Mobility: Senior or Specialist Worker,https://www.adama.com/uk/en/,ukenquiries@adama.com,,https://www.adama.com/,medium,https://www.adama.com/en,existing_website,name_tokens_on_page:adama;name_tokens_on_host:adama; attempt_count:1
158004,ADAMA Agricultural Solutions UK ltd,adama agricultural solutions uk ltd,Theale,Berkshire,South East,Other,Worker,Global Business Mobility: Senior or Specialist Worker,https://www.adama.com/uk/en/,ukenquiries@adama.com,,https://www.adama.com/,medium,https://www.adama.com/en,existing_website,name_tokens_on_page:adama;name_tokens_on_host:adama; verified_domain_identity_cache_hit; attempt_count:1
158005,ADAMA Entertainment Limited,adama entertainment limited,London,Greater London,London,Other,Worker,Skilled Worker,https://www.adama.com/en,,,https://www.adama.com/,medium,https://www.adama.com/en,existing_website,name_tokens_on_page:adama;name_tokens_on_host:adama; attempt_count:1
158011,ADAMS & CO UK LTD,adams and co uk ltd,England,,,Other,Worker,Skilled Worker,https://adamsandco.uk/,nick@adamsandco.uk,,,low,https://adamsandco.uk/,existing_website+contact_email_domain,possible_lead_not_accepted:only_one_name_token_on_page_without_hostname_match:adams; attempt_count:2
158014,Adams Academy Inc Ltd,adams academy inc ltd,Aldgate,London,London,Other,Worker,Skilled Worker,,,,https://adamsacademy.com/,high,https://adamsacademy.com/,SponsorList,name_tokens_on_page:adams+academy;location_on_page; attempt_count:1
158032,ADAN PROMOTIONAL CONCEPTS (UK) LTD,adan promotional concepts uk ltd,London,,,Other,Worker,Skilled Worker,https://adanpromo.com,sales@adanpromo.com,,https://adanpromo.com/,medium,https://adanpromo.com/,existing_website+contact_email_domain,name_tokens_on_page:adan+promotional+concepts; attempt_count:1
158034,ADAPPT LIMITED,adappt limited,TWICKENHAM,,,Other,Worker,Skilled Worker,https://adappt.co.uk,info@adappt.co.uk,,https://www.adappt.ai/,medium,https://www.adappt.ai/,SponsorList,name_tokens_on_page:adappt;name_tokens_on_host:adappt; attempt_count:2
158035,ADAPT ems Ltd,adapt ems ltd,Hitchin,Hertfordshire,East of England,Other,Worker,Skilled Worker,https://www.adaptems.com/,[email protected],https://www.adaptems.com/careers,https://www.adaptems.com/,high,https://www.adaptems.com/,existing_website+existing_careers_url_domain+company_site_existing_file,name_tokens_on_page:adapt+ems;location_on_page; attempt_count:1
158041,Adaptive Financial Consulting Ltd,adaptive financial consulting ltd,London,,,Other,Worker,Global Business Mobility: Senior or Specialist Worker,,,,,unverified,,,no_first_party_identity_verified; attempt_count:1
158042,Adaptive Financial Consulting Ltd,adaptive financial consulting ltd,London,,,Other,Worker,Global Business Mobility: Senior or Specialist Worker,,,,,unverified,,,no_first_party_identity_verified; attempt_count:1
158045,ADAPTOGENIC LAB LTD,adaptogenic lab ltd,London,,,Other,Worker,Skilled Worker,https://adaptogenique.com,info@adaptogenique.com,,https://adaptogenique.com/,medium,https://adaptogenique.com/,existing_website+contact_email_domain,name_tokens_on_page:adaptogenic+lab; attempt_count:1
158051,ADAS GLOBAL LIMITED,adas global limited,LEICESTER,,,Other,Worker,Skilled Worker,https://adasglobal.com,sales@adasglobal.com,,,unverified,,,no_first_party_identity_verified; attempt_count:2
158052,ADAS UK GROUP LTD,adas uk group ltd,Milton Keynes,,,Other,Worker,Skilled Worker,https://adas.co.uk/,enquiries@adas.co.uk,,,unverified,,,no_first_party_identity_verified; attempt_count:2
158057,ADB Safegate Airport Systems UK Ltd,adb safegate airport systems uk ltd,Manchester,,,Other,Worker,Skilled Worker,https://adbsafegate.com/,[email protected],https://careers.adbsafegate.com/,https://careers.adbsafegate.com/,medium,https://careers.adbsafegate.com/,existing_careers_url_domain+company_site_existing_file,name_tokens_on_page:adb+safegate; attempt_count:2
158058,ADB SAFEGATE BV BRANCH UK,adb safegate bv branch uk,London,,,Other,Worker,Skilled Worker,https://adbsafegate.com/,,https://careers.adbsafegate.com/,https://careers.adbsafegate.com/,medium,https://careers.adbsafegate.com/,existing_careers_url_domain+company_site_existing_file,name_tokens_on_page:adb+safegate; attempt_count:2
158061,ADC Infrastructure Limited,adc infrastructure limited,Nottingham,,,Other,Worker,Skilled Worker,https://adcinfrastructure.com,office@ADCinfrastructure.com,https://adcinfrastructure.com/careers-at-adc,https://adcinfrastructure.com/,high,https://adcinfrastructure.com/,existing_website+contact_email_domain+existing_careers_url_domain+company_site_existing_file,name_tokens_on_page:adc+infrastructure;location_on_page; attempt_count:1
158062,ADC Therapeutics (UK) Limited,adc therapeutics uk limited,Reading,Berkshire,South East,Other,Worker,Skilled Worker,https://www.adctherapeutics.com,,https://www.adctherapeutics.com/culture-careers/culture,https://www.adctherapeutics.com/,medium,https://www.adctherapeutics.com/,existing_website+existing_careers_url_domain+company_site_existing_file,name_tokens_on_page:adc+therapeutics; attempt_count:1
158064,Adcote School Ltd,adcote school ltd,Shrewsbury,Shropshire,West Midlands,Other,Worker,Skilled Worker,,,,,low,https://www.adcoteschool.co.uk/,SponsorList,possible_lead_not_accepted:only_one_name_token_on_page_without_hostname_match:adcote; attempt_count:1
158066,ADD ENTERPRISE INTERNATIONAL LTD,add enterprise international ltd,London,,,Other,Worker,Skilled Worker,https://www.addenterprise.com/,,,,unverified,,,no_first_party_identity_verified; attempt_count:2
158071,ADDAX LONDON LTD,addax london ltd,London,,,Other,Worker,Skilled Worker,https://addax.co.uk/,,https://addax.co.uk/pages/career,https://addax.co.uk/,medium,https://addax.co.uk/,existing_website+existing_careers_url_domain+company_site_existing_file,name_tokens_on_page:addax;name_tokens_on_host:addax; attempt_count:1
158077,ADDEPAR UK LTD,addepar uk ltd,Edinburgh,,,Other,Worker,Global Business Mobility: Senior or Specialist Worker,https://addepar.com/,ta-operations@addepar.com,https://addepar.com/careers,https://addepar.com/,medium,https://addepar.com/,existing_website+contact_email_domain+existing_careers_url_domain+company_site_existing_file,name_tokens_on_page:addepar;name_tokens_on_host:addepar; attempt_count:1
158078,ADDEPAR UK LTD,addepar uk ltd,Edinburgh,,,Other,Worker,Global Business Mobility: Senior or Specialist Worker,https://addepar.com/,ta-operations@addepar.com,https://addepar.com/careers,https://addepar.com/,medium,https://addepar.com/,existing_website+contact_email_domain+existing_careers_url_domain+company_site_existing_file,name_tokens_on_page:addepar;name_tokens_on_host:addepar; verified_domain_identity_cache_hit; attempt_count:1
158083,Addey and Stanhope School,addey and stanhope school,London,,,Other,Worker,Skilled Worker,,,,https://as.lewisham.sch.uk/,high,https://as.lewisham.sch.uk/,SponsorList,name_tokens_on_page:addey+stanhope;location_on_page; attempt_count:1
158087,Addi care services ltd,addi care services ltd,leicester,Leicestershire,East Midlands,Other,Worker,Skilled Worker,,,,,unverified,,,no_first_party_identity_verified; attempt_count:1
158092,Addionics Limited,addionics limited,London,,,Other,Worker,Global Business Mobility: Senior or Specialist Worker,,,,https://addionics.com/,medium,https://addionics.com/,SponsorList,name_tokens_on_page:addionics;name_tokens_on_host:addionics; attempt_count:1
158096,ADDISON BRADLEY & CO. LIMITED,addison bradley and co limited,London,,,Other,Worker,Skilled Worker,https://addison-bradley.co.uk/,info@addison-bradley.co.uk,,https://addison-bradley.co.uk/,high,https://addison-bradley.co.uk/,existing_website+contact_email_domain,name_tokens_on_page:addison+bradley;name_tokens_on_host:addison+bradley;location_on_page; attempt_count:1
158098,ADDISON LEE SERVICES LIMITED,addison lee services limited,London,,,Other,Worker,Skilled Worker,https://www.addisonlee.com,global@addisonlee.com,https://www.addisonlee.com/work-with-us,https://www.addisonlee.com/,high,https://www.addisonlee.com/,existing_website+existing_careers_url_domain+company_site_existing_file,name_tokens_on_page:addison+lee;location_on_page; attempt_count:1
158101,ADDITIONS PLUS LTD,additions plus ltd,Slough,Berkshire,South East,Other,Worker,Skilled Worker,https://additionsplus.co.uk/,admin@additionsplus.co.uk,,https://additionsplus.co.uk/,high,https://additionsplus.co.uk/,existing_website+contact_email_domain,name_tokens_on_page:additions+plus;location_on_page; attempt_count:1
158102,ADDITIV LTD,additiv ltd,London,,,Other,Worker,Skilled Worker,https://additiv.com/,,https://www.additiv.com/careers,https://additiv.com/,medium,https://additiv.com/,existing_website,name_tokens_on_page:additiv;name_tokens_on_host:additiv; attempt_count:1
158107,Addlestone Electrical Wholesalers Limited,addlestone electrical wholesalers limited,West Byfleet,,,Other,Worker,Skilled Worker,,,,,unverified,,,no_first_party_identity_verified; attempt_count:1
158110,AddQual,addqual,derby,derbyshire,East Midlands,Other,Worker,Skilled Worker,,,,https://www.addqual.com/,high,https://www.addqual.com/,SponsorList,name_tokens_on_page:addqual;name_tokens_on_host:addqual;location_on_page; attempt_count:1
158116,ADDSOFT SOLUTIONS LIMITED,addsoft solutions limited,Slough,Berkshire,South East,Other,Worker,Skilled Worker,https://www.addsoft.co.uk/,,,https://www.addsoft.co.uk/,medium,https://www.addsoft.co.uk/,existing_website,name_tokens_on_page:addsoft;name_tokens_on_host:addsoft; attempt_count:1
158117,ADE Power Limited,ade power limited,Pontefract,,,Other,Worker,Skilled Worker,https://ade-power.com/,enquiries@ade-power.com,https://ade-power.com/info/careers,https://ade-power.com/,high,https://ade-power.com/,existing_website+contact_email_domain+existing_careers_url_domain+company_site_existing_file,name_tokens_on_page:ade+power;name_tokens_on_host:ade+power;location_on_page; attempt_count:1
158118,ADE Tax,ade tax,London,,,Other,Worker,Skilled Worker,https://adetax.com/,info@adetax.co.uk,,https://adetax.com/,high,https://adetax.com/,existing_website,name_tokens_on_page:ade+tax;location_on_page; attempt_count:1
158122,ADEC SOLUTIONS LIMITED,adec solutions limited,Bourne End,Bucks,,Other,Worker,Skilled Worker,https://www.adec-innovations.com/adec-workforce/adec-uk/,uk@adec-innovations.com,https://www.adec-innovations.com/careers,https://www.adec-innovations.com/,medium,https://www.adec-innovations.com/,existing_website+existing_careers_url_domain+company_site_existing_file,name_tokens_on_page:adec;name_tokens_on_host:adec; attempt_count:1
158124,Adecco UK Limited,adecco uk limited,London,,,Other,Worker,Skilled Worker,,,,https://www.adecco.com/,medium,https://www.adecco.com/,SponsorList,name_tokens_on_page:adecco;name_tokens_on_host:adecco; attempt_count:1
158126,ADEEB FACILITIES MANAGEMENT LIMITED,adeeb facilities management limited,"Ilford,",,,Other,Worker,Skilled Worker,https://www.adeebfm.co.uk,,,,unverified,,,no_first_party_identity_verified; attempt_count:2
158133,Adelaide Children Physio ltd,adelaide children physio ltd,London,,,Other,Worker,Skilled Worker,,,,https://adelaidechildrensphysio.co.uk/,high,https://adelaidechildrensphysio.co.uk/,SponsorList,name_tokens_on_page:adelaide+children+physio;location_on_page; attempt_count:1
158134,Adelaide Family Practice,adelaide family practice,Blackpool,Lancashire,North West,Other,Worker,Skilled Worker,,,,,unverified,,,no_first_party_identity_verified; attempt_count:1
158137,ADELANTA CONSULTING LTD,adelanta consulting ltd,London,,,Other,Worker,Skilled Worker,https://www.adelantauk.com/,adelantauk@gmail.com,,https://www.adelantauk.com/,high,https://www.adelantauk.com/,existing_website,name_tokens_on_page:adelanta+consulting;location_on_page; attempt_count:1; contact_email_domain_not_used_as_website_lead
158144,Aden Engineering & Consultancy Ltd,aden engineering and consultancy ltd,Birmingham,West Midlands,West Midlands,Other,Worker,Skilled Worker,,,,https://www.adenengineering.co.uk/,medium,https://www.adenengineering.co.uk/,SponsorList,name_tokens_on_page:aden+consultancy; attempt_count:1
158149,ADENCAST LIMITED,adencast limited,Hemel Hempstead,,,Other,Worker,Skilled Worker,https://adencastlimited.com,info@adencastlimited.com,https://adencastlimited.com/careers,,low,https://adencastlimited.com/,existing_website+contact_email_domain+existing_careers_url_domain+company_site_existing_file,possible_lead_not_accepted:only_one_name_token_on_page_without_hostname_match:adencast; attempt_count:2
158151,Adenosh Limited,adenosh limited,Kent,,,Other,Worker,Skilled Worker,,,,,low,https://www.adenoshlimited.co.uk/,SponsorList,possible_lead_not_accepted:only_one_name_token_on_page_without_hostname_match:adenosh; attempt_count:1
158154,ADEPT ACCOUNTAX LTD,adept accountax ltd,MITCHAM,,,Other,Worker,Skilled Worker,https://adeptaccountax.com/,info@adeptaccountax.com,,https://adeptaccountax.com/,high,https://adeptaccountax.com/,existing_website+contact_email_domain,name_tokens_on_page:adept+accountax;location_on_page; attempt_count:1
158158,Adept Health and Social Care LTD,adept health and social care ltd,Leicester,,,Other,Worker,Skilled Worker,,,,https://adepthsc.net/,medium,https://adepthsc.net/,SponsorList,name_tokens_on_page:adept+social; attempt_count:1
158164,ADES  SALFORD M7 LTD,ades salford m7 ltd,SALFORD,MANCHESTER,North West,Other,Worker,Skilled Worker,https://adesfoods.com/,,https://adesfoods.com/career,,low,https://adesfoods.com/,existing_website+existing_careers_url_domain+company_site_existing_file+verified_company_site_source_host,possible_lead_not_accepted:only_one_name_token_on_page_without_hostname_match:ades; attempt_count:2
158165,ADES LTD,ades ltd,LONDON,,,Other,Worker,Skilled Worker,https://adesgroup.com/,,https://epgv.fa.em3.oraclecloud.com/hcmUI/CandidateExperience/en/sites/CX_2001,,low,https://adesgroup.com/,existing_website,possible_lead_not_accepted:only_one_name_token_on_page_without_hostname_match:ades; attempt_count:2; existing_careers_url_not_employer_domain; company_site_cache_url_not_employer_domain; company_site_source_host_not_eligible
158168,ADETA FAMILY GROUP LIMITED,adeta family group limited,LONDON,,,Other,Worker,Skilled Worker,https://adetafamily.com/,mail@adetafamily.com,https://adetafamily.com/careers.html,https://adetafamily.com/,high,https://adetafamily.com/,existing_website+contact_email_domain+existing_careers_url_domain+company_site_existing_file,name_tokens_on_page:adeta+family;location_on_page; attempt_count:1
158171,ADEX CARE LTD,adex care ltd,Liverpool,Merseyside,North West,Other,Worker,Skilled Worker,https://adexcare.co.uk/,adexcare@gmail.com,https://adexcare.co.uk/careers,,low,https://adexcare.co.uk/,existing_website+existing_careers_url_domain+company_site_existing_file,possible_lead_not_accepted:only_one_name_token_on_page_without_hostname_match:adex; attempt_count:2; contact_email_domain_not_used_as_website_lead
158173,ADEX360 LTD,adex360 ltd,Luton,,,Other,Worker,Skilled Worker,https://adex360.co.uk/,info@adex360.com,,https://adex360.com/,medium,https://adex360.com/,contact_email_domain,name_tokens_on_page:adex360;name_tokens_on_host:adex360; attempt_count:2
158174,ADEXA DIRECT LIMITED,adexa direct limited,Rugby,,,Other,Worker,Skilled Worker,https://adexa.co.uk,service@adexa.co.uk,,https://adexa.co.uk/,high,https://adexa.co.uk/,existing_website+contact_email_domain,name_tokens_on_page:adexa+direct;name_tokens_on_host:adexa; attempt_count:1
158177,ADF Foods UK Limited,adf foods uk limited,Harrow,,,Other,Worker,Skilled Worker,https://adf-foods.com/,info@adf-foods.com,https://adf-foods.com/careers,https://adf-foods.com/,high,https://adf-foods.com/,existing_website+contact_email_domain+existing_careers_url_domain+company_site_existing_file,name_tokens_on_page:adf+foods;name_tokens_on_host:adf+foods; attempt_count:1
158178,ADF London Limited,adf london limited,London,,,Other,Worker,Skilled Worker,https://facilitiesbyadf.com/,,,,low,https://facilitiesbyadf.com/,existing_website,possible_lead_not_accepted:only_one_name_token_on_page_without_hostname_match:adf; attempt_count:2
158182,ADG Accountants (Tax) Limited,adg accountants tax limited,Bradford,,,Other,Worker,Skilled Worker,https://adgaccountants.co.uk/,info@adgaccountants.co.uk,,,unverified,,,no_first_party_identity_verified; attempt_count:2
158184,ADGAN ELECTRICS LTD,adgan electrics ltd,CHEADLE,,,Other,Worker,Skilled Worker,,,,https://www.adganelectrics.co.uk/,high,https://www.adganelectrics.co.uk/,SponsorList,name_tokens_on_page:adgan+electrics;location_on_page; attempt_count:1
158187,ADHARA GROUP LIMITED,adhara group limited,Rochdale,,,Other,Worker,Skilled Worker,https://www.adaragroup.org/,careers@adaragroup.org,https://www.adaragroup.org/development/get-involved/work-with-us,https://adhara.io/,medium,https://adhara.io/,SponsorList,name_tokens_on_page:adhara;name_tokens_on_host:adhara; attempt_count:3
158189,ADHD Parenting LTD,adhd parenting ltd,London,,,Other,Worker,Skilled Worker,https://www.adhdparenting.com/,[email protected],,https://www.adhdparenting.com/,medium,https://www.adhdparenting.com/,existing_website,name_tokens_on_page:adhd+parenting; attempt_count:1
158192,Adhisthana Trust,adhisthana trust,Ledbury,Herefordshire,West Midlands,Other,Worker,Tier 2 Ministers of Religion,,,,,unverified,,,no_first_party_identity_verified; attempt_count:2
158193,Adhisthana Trust,adhisthana trust,Ledbury,Herefordshire,West Midlands,Other,Worker,Tier 2 Ministers of Religion,,,,,unverified,,,no_first_party_identity_verified; attempt_count:2
158198,ADI APPARELS LTD,adi apparels ltd,MANCHESTER,,,Other,Worker,Skilled Worker,http://adiapparels.com,[email protected],,,unverified,,,no_first_party_identity_verified; attempt_count:2
158201,ADI Facilities Engineering,adi facilities engineering,Birmingham,"West Midlands,England",,Other,Worker,Skilled Worker,https://adifeng.com,,,https://adiltd.co.uk/,medium,https://adiltd.co.uk/,SponsorList,name_tokens_on_page:adi+facilities; attempt_count:2
158206,ADI UK Limited,adi uk limited,Bolton,,,Other,Worker,Skilled Worker,https://www.adi.tv,info@adi.tv,,,unverified,,,no_first_party_identity_verified; attempt_count:3
158209,Adicare,adicare,Newark on Trent,Nottinghamshire,East Midlands,Other,Worker,Skilled Worker,,,,,unverified,,,no_first_party_identity_verified; attempt_count:1
158215,Adient Seating UK Ltd,adient seating uk ltd,Birmingham,,,Other,Worker,Skilled Worker,,,,https://www.adient.com/,high,https://www.adient.com/,SponsorList,name_tokens_on_page:adient+seating;name_tokens_on_host:adient; attempt_count:1
158222,ADInstruments Limited,adinstruments limited,Oxford,Oxfordshire,South East,Other,Worker,Skilled Worker,https://www.adinstruments.com,info.eu@adinstruments.com,,,unverified,,,no_first_party_identity_verified; attempt_count:3
158223,ADIOS LONDON LTD,adios london ltd,London,,,Other,Worker,Skilled Worker,http://adios.net,,,,unverified,,,no_first_party_identity_verified; attempt_count:2
158225,Adira Investment Services Limited,adira investment services limited,London,,,Other,Worker,Skilled Worker,,,,,unverified,,,no_first_party_identity_verified; attempt_count:1
158233,ADJUST-A-BED LTD,adjust a bed ltd,Dewsbury,,,Other,Worker,Skilled Worker,https://www.adjustabed.co.uk,,,,unverified,,,no_first_party_identity_verified; attempt_count:2
158236,ADL CARE,adl care,Leeds,Leeds,Yorkshire and the Humber,Other,Worker,Skilled Worker,https://adlcare.co.uk/,douniaglanville@adlcare.co.uk,https://adlcare.co.uk/our-current-vacancies-1,,low,https://adlcare.co.uk/,existing_website+contact_email_domain+existing_careers_url_domain+company_site_existing_file+verified_company_site_source_host,possible_lead_not_accepted:only_one_name_token_on_page_without_hostname_match:adl; attempt_count:2
158237,ADL Global Limited,adl global limited,London,,,Other,Worker,Skilled Worker,https://adlglobal-group.com/,info@adlglobal-group.com,,,low,https://adlglobal-group.com/,existing_website+contact_email_domain,possible_lead_not_accepted:only_one_name_token_on_page_without_hostname_match:adl; attempt_count:2
158238,ADL Homestore,adl homestore,Birmingham,West Midlands,West Midlands,Other,Worker,Skilled Worker,https://adl-home-improvements.co.uk/,info@adl-home-improvements.co.uk,,https://adl-home-improvements.co.uk/,medium,https://adl-home-improvements.co.uk/,existing_website+contact_email_domain,name_tokens_on_page:adl;name_tokens_on_host:adl; attempt_count:1
158242,ADLER ACCOUNTANTS LTD,adler accountants ltd,LONDON,,,Other,Worker,Skilled Worker,https://adleraccountants.co.uk/,info@adleraccountants.co.uk,,https://adleraccountants.co.uk/,high,https://adleraccountants.co.uk/,existing_website+contact_email_domain,name_tokens_on_page:adler+accountants;location_on_page; attempt_count:1
158250,ADM Cars,adm cars,Coventry,,,Other,Worker,Skilled Worker,https://www.adm.com/,ukmillinginfo@adm.com,https://www.adm.com/en-us/culture-and-careers,,unverified,,,no_first_party_identity_verified; attempt_count:3
158251,ADM COMPUTING,adm computing,CANTERBURY,KENT,South East,Other,Worker,Skilled Worker,https://www.adm-computing.co.uk/,careers@adm-computing.co.uk,https://www.adm-computing.co.uk/vacancies,https://www.adm-computing.co.uk/,high,https://www.adm-computing.co.uk/,existing_website+existing_careers_url_domain+company_site_existing_file,name_tokens_on_page:adm+computing;name_tokens_on_host:adm+computing;location_on_page; attempt_count:1
158253,ADM Promotions UK Limited,adm promotions uk limited,London,,,Other,Worker,Global Business Mobility: Senior or Specialist Worker,https://www.admgroup.com/,[email protected],,https://adm-indicia.com/,high,https://adm-indicia.com/,SponsorList,name_tokens_on_page:adm+promotions;name_tokens_on_host:adm; attempt_count:2
158254,ADM Promotions UK Limited,adm promotions uk limited,London,,,Other,Worker,Global Business Mobility: Senior or Specialist Worker,https://www.admgroup.com/,[email protected],,https://adm-indicia.com/,high,https://adm-indicia.com/,SponsorList,name_tokens_on_page:adm+promotions;name_tokens_on_host:adm; verified_domain_identity_cache_hit; attempt_count:2
158255,ADM-Indicia Marketing Services Limited,adm indicia marketing services limited,London,,,Other,Worker,Skilled Worker,https://adm-indicia.com/,[email protected],,https://adm-indicia.com/,high,https://adm-indicia.com/,existing_website,name_tokens_on_page:adm+indicia+marketing;name_tokens_on_host:adm+indicia; attempt_count:1
158256,ADM-Indicia Marketing Services Limited,adm indicia marketing services limited,London,,,Other,Worker,Skilled Worker,https://adm-indicia.com/,[email protected],,https://adm-indicia.com/,high,https://adm-indicia.com/,existing_website,name_tokens_on_page:adm+indicia+marketing;name_tokens_on_host:adm+indicia; verified_domain_identity_cache_hit; attempt_count:1
158259,ADMANAGE LIMITED,admanage limited,LONDON,,,Other,Worker,Skilled Worker,https://admanage.ai/,raph@admanage.ai,,https://www.admanage.com/,medium,https://www.admanage.com/,SponsorList,name_tokens_on_page:admanage;name_tokens_on_host:admanage; attempt_count:2
158263,ADMIN & FINANCIAL CONTROLS LTD,admin and financial controls ltd,Huddersfield,,,Other,Worker,Skilled Worker,,,,,unverified,,,no_first_party_identity_verified; attempt_count:1
158264,ADMIN & FINANCIAL CONTROLS LTD,admin and financial controls ltd,Huddersfield,,,Other,Worker,Skilled Worker,,,,,unverified,,,no_first_party_identity_verified; attempt_count:1
158276,ADMISSION NETWORK LTD,admission network ltd,London,,,Other,Worker,Skilled Worker,https://www.admissionnetwork.net/,info@admissionnetwork.net,,https://www.admissionnetwork.net/,high,https://www.admissionnetwork.net/,existing_website,name_tokens_on_page:admission+network;location_on_page; attempt_count:1
158277,ADMITIR VERSATILE LTD,admitir versatile ltd,LONDON,,,Other,Worker,Skilled Worker,https://admitirversatilewholesale.com/,info@admitirversatilewholesale.com,,https://admitirversatilewholesale.com/,high,https://admitirversatilewholesale.com/,existing_website+contact_email_domain,name_tokens_on_page:admitir+versatile;location_on_page; attempt_count:1
158278,ADMONGREL LTD,admongrel ltd,"Weybridge, Surrey",,,Other,Worker,Skilled Worker,http://www.admongrel.com,[email protected],,https://www.admongrel.com/,medium,https://www.admongrel.com/,existing_website,name_tokens_on_page:admongrel;name_tokens_on_host:admongrel; attempt_count:1
158280,ADNAMI LTD,adnami ltd,London,,,Other,Worker,Skilled Worker,https://www.adnami.io/,hello@adnami.io,,https://www.adnami.io/,medium,https://www.adnami.io/,existing_website,name_tokens_on_page:adnami;name_tokens_on_host:adnami; attempt_count:1
158283,Adnan Cricket Academy Ltd,adnan cricket academy ltd,London,,,Other,Worker,Skilled Worker,,,,https://aca.london/,high,https://aca.london/,SponsorList,name_tokens_on_page:adnan+cricket+academy;location_on_page; attempt_count:1
158289,ADNOC International UK Limited,adnoc international uk limited,London,,,Other,Worker,Skilled Worker,https://www.adnoc.ae/,,https://jobs.adnoc.ae/,https://www.adnoc.ae/,medium,https://www.adnoc.ae/,existing_website,name_tokens_on_page:adnoc;name_tokens_on_host:adnoc; attempt_count:1
158290,ADNOC International UK Limited,adnoc international uk limited,London,,,Other,Worker,Skilled Worker,https://www.adnoc.ae/,,https://jobs.adnoc.ae/,https://www.adnoc.ae/,medium,https://www.adnoc.ae/,existing_website,name_tokens_on_page:adnoc;name_tokens_on_host:adnoc; verified_domain_identity_cache_hit; attempt_count:1
158292,ADOBE GROUP LIMITED,adobe group limited,London,,,Other,Worker,Skilled Worker,https://www.adobe.com/uk/,emmaw@adobe.com,,https://www.adobe.com/,medium,https://www.adobe.com/,existing_website,name_tokens_on_page:adobe;name_tokens_on_host:adobe; attempt_count:1
158298,ADONAI SERVICES LIMITED,adonai services limited,Kent,,,Other,Worker,Skilled Worker,https://www.adonaiservices.co.uk,info@adonaiservices.co.uk,,,low,https://adonaihealthcareservices.co.uk/,SponsorList,possible_lead_not_accepted:only_one_name_token_on_page_without_hostname_match:adonai; attempt_count:3
158303,ADORAI LIMITED,adorai limited,Harrow,,,Other,Worker,Skilled Worker,https://adorai.net/,,,https://adorai.net/,medium,https://adorai.net/,existing_website,name_tokens_on_page:adorai;name_tokens_on_host:adorai; attempt_count:1
158304,ADORATE LTD,adorate ltd,Luton,,,Other,Worker,Skilled Worker,https://adorate.com/,,,,unverified,,,no_first_party_identity_verified; attempt_count:2
158308,ADORE DESIGNS YORKSHIRE LIMITED,adore designs yorkshire limited,Batley,"West Yorkshire,",,Other,Worker,Skilled Worker,https://adoredesigns.co.uk/,studio@adoredesigns.co.uk,,https://adoredesigns.co.uk/,medium,https://adoredesigns.co.uk/home,existing_website+contact_email_domain,name_tokens_on_page:adore+designs; attempt_count:1
158313,ADORN SPA LIMITED,adorn spa limited,WEMBLEY,MIDDLESEX,,Other,Worker,Skilled Worker,https://adorn.beauty/,,https://adorn.beauty/career,https://adorn.beauty/,high,https://adorn.beauty/,existing_website+existing_careers_url_domain+company_site_existing_file,name_tokens_on_page:adorn+spa;name_tokens_on_host:adorn; attempt_count:1
158314,ADP Architecture Limited,adp architecture limited,London,,,Other,Worker,Skilled Worker,https://adp-architecture.com/,careers@adp-architecture.com,,https://adp-architecture.com/,high,https://adp-architecture.com/,existing_website+contact_email_domain+verified_company_site_source_host,name_tokens_on_page:adp+architecture;name_tokens_on_host:adp+architecture; attempt_count:1
158317,ADP Security Systems Limited,adp security systems limited,Petersfield,Hampshire,South East,Other,Worker,Skilled Worker,https://www.adpsecurity.com/,enquiries@adpsecurity.com,https://www.adpsecurity.com/a-career-with-adp-security-systems,https://www.adpsecurity.com/,high,https://www.adpsecurity.com/,existing_website+existing_careers_url_domain+company_site_existing_file,name_tokens_on_page:adp+security+systems;location_on_page; attempt_count:1
158318,ADPAD Group Ltd,adpad group ltd,South Brent,Devon,South West,Other,Worker,Skilled Worker,https://ad-pad.co.uk/,info@adpad.uk,,,low,https://ad-pad.co.uk/,existing_website,possible_lead_not_accepted:only_one_name_token_on_page_without_hostname_match:adpad; attempt_count:3
158321,ADQURA LIMITED,adqura limited,Milton Keynes,,,Other,Worker,Skilled Worker,https://www.adqura.com/,hello@adqura.com,https://www.adqura.com/careers,https://www.adqura.com/,medium,https://www.adqura.com/,existing_website+existing_careers_url_domain+company_site_existing_file,name_tokens_on_page:adqura;name_tokens_on_host:adqura; attempt_count:1
158325,ADRENALINE ALLEY LTD.,adrenaline alley ltd,CORBY,NORTHAMPTONSHIRE,East Midlands,Other,Worker,International Sportsperson,https://www.adrenalinealley.co.uk/,enquiries@adrenalinealley.co.uk,https://www.adrenalinealley.co.uk/vacancies,https://www.adrenalinealley.co.uk/,high,https://www.adrenalinealley.co.uk/,existing_website+existing_careers_url_domain+company_site_existing_file,name_tokens_on_page:adrenaline+alley;location_on_page; attempt_count:1
158326,ADRIAN GIBSON MUSIC PRODUCTIONS,adrian gibson music productions,SURREY,,,Other,Temporary Worker,Creative Worker,http://agmp.co.uk,,,,low,https://agmp.co.uk/,existing_website,possible_lead_not_accepted:only_one_name_token_on_page_without_hostname_match:music; attempt_count:2
158327,ADRIAN GRANT COMMERCIALS LTD,adrian grant commercials ltd,CRUMLIN,NORTHERN IRELAND,Northern Ireland,Other,Worker,Skilled Worker,https://grantcommercials.co.uk/,info@grantcommercials.com,,,unverified,,,no_first_party_identity_verified; attempt_count:3
158333,ADRIATIC (UK) LTD,adriatic uk ltd,London,,,Other,Worker,Skilled Worker,https://www.adriaticgroup.uk/,office-uk@adriaticgroup.com,https://www.adriaticgroup.uk/contact-information/career,,low,https://www.adriaticgroup.uk/,existing_website+existing_careers_url_domain+company_site_existing_file,possible_lead_not_accepted:only_one_name_token_on_page_without_hostname_match:adriatic; attempt_count:4
158335,ADRIEL CARE LTD,adriel care ltd,POOLE,DORSET,South West,Other,Worker,Skilled Worker,https://adriel-care.co.uk/,admin@adriel-care.co.uk,,https://adriel-care.co.uk/,medium,https://adriel-care.co.uk/,existing_website+contact_email_domain,name_tokens_on_page:adriel;name_tokens_on_host:adriel; attempt_count:1
158336,ADRINAI LTD,adrinai ltd,Greenwich,,,Other,Worker,Skilled Worker,https://adrinai.co.uk,info@adrinai.co.uk,,,unverified,,,no_first_party_identity_verified; attempt_count:2
158339,ADROIT CONSULTING GROUP LTD,adroit consulting group ltd,London,,,Other,Worker,Skilled Worker,https://adroitcc.io/,info@adroitgrp.co.uk,https://adroitcc.io/careers,https://adroitcc.io/,high,https://adroitcc.io/,existing_website+existing_careers_url_domain+company_site_existing_file+verified_company_site_source_host,name_tokens_on_page:adroit+consulting;location_on_page; attempt_count:1
158343,ADROSONIC UK LIMITED,adrosonic uk limited,LONDON,,,Other,Worker,Skilled Worker,https://adrosonic.com/,,https://adrosonic.com/careers,https://adrosonic.com/,high,https://adrosonic.com/,existing_website+existing_careers_url_domain+company_site_existing_file,name_tokens_on_page:adrosonic;name_tokens_on_host:adrosonic;location_on_page; attempt_count:1
158344,ADROSONIC UK LIMITED,adrosonic uk limited,LONDON,,,Other,Worker,Skilled Worker,https://adrosonic.com/,,https://adrosonic.com/careers,https://adrosonic.com/,high,https://adrosonic.com/,existing_website+existing_careers_url_domain+company_site_existing_file,name_tokens_on_page:adrosonic;name_tokens_on_host:adrosonic;location_on_page; verified_domain_identity_cache_hit; attempt_count:1
158347,ADS COMPONENTS LIMITED,ads components limited,BARKING,,,Other,Worker,Skilled Worker,https://www.adscomponents.co.uk/,info@adscomponents.co.uk,,https://www.adscomponents.co.uk/,medium,https://www.adscomponents.co.uk/,existing_website,name_tokens_on_page:ads+components; attempt_count:1
158349,ADS Group Limited,ads group limited,London,,,Other,Worker,Skilled Worker,https://www.adsgroup.org.uk/,[email protected],https://www.adsgroup.org.uk/about/careers,,low,https://www.adsgroup.org.uk/,existing_website+existing_careers_url_domain+company_site_existing_file,possible_lead_not_accepted:only_one_name_token_on_page_without_hostname_match:ads; attempt_count:2
158350,ADS Group Limited,ads group limited,London,,,Other,Worker,Skilled Worker,https://www.adsgroup.org.uk/,[email protected],https://www.adsgroup.org.uk/about/careers,,low,https://www.adsgroup.org.uk/,existing_website+existing_careers_url_domain+company_site_existing_file,possible_lead_not_accepted:only_one_name_token_on_page_without_hostname_match:ads; attempt_count:2
158352,ADS Structural Ltd,ads structural ltd,St Helens,Merseyside,North West,Other,Worker,Skilled Worker,https://adsstructural.co.uk/,enquiries@adsconsult.uk,,,unverified,,,no_first_party_identity_verified; attempt_count:3
158357,ADSWIZZ LIMITED,adswizz limited,London,,,Other,Worker,Skilled Worker,https://www.adswizz.com/,,https://www.adswizz.com/about/careers,https://www.adswizz.com/,medium,https://www.adswizz.com/,existing_website+existing_careers_url_domain+company_site_existing_file,name_tokens_on_page:adswizz;name_tokens_on_host:adswizz; attempt_count:1
158359,ADTEK LIMITED,adtek limited,NEWCASTLE,TYNE & WEAR,,Other,Worker,Skilled Worker,https://www.adtekltd.com/,info@adtekltd.com,https://www.adtekltd.com/careers,,low,https://www.adtekltd.com/,existing_website+existing_careers_url_domain+company_site_existing_file,possible_lead_not_accepted:only_one_name_token_on_page_without_hostname_match:adtek; attempt_count:3
158363,ADTRAN Europe Limited,adtran europe limited,Basingstoke,Hampshire,South East,Other,Worker,Global Business Mobility: Senior or Specialist Worker,https://www.adtran.com/,contact@adtran.com,https://adtran.wd3.myworkdayjobs.com/ADTRAN,https://www.adtran.com/,medium,https://www.adtran.com/en,existing_website,name_tokens_on_page:adtran;name_tokens_on_host:adtran; attempt_count:1; existing_careers_url_not_employer_domain; company_site_cache_url_not_employer_domain
158364,ADTRAN Europe Limited,adtran europe limited,Basingstoke,Hampshire,South East,Other,Worker,Global Business Mobility: Senior or Specialist Worker,https://www.adtran.com/,contact@adtran.com,https://adtran.wd3.myworkdayjobs.com/ADTRAN,https://www.adtran.com/,medium,https://www.adtran.com/en,existing_website,name_tokens_on_page:adtran;name_tokens_on_host:adtran; verified_domain_identity_cache_hit; attempt_count:1; existing_careers_url_not_employer_domain; company_site_cache_url_not_employer_domain
158367,ADUKUS LAW LIMITED,adukus law limited,London,,,Other,Worker,Skilled Worker,https://www.adukussolicitors.com,[email protected],https://adukussolicitors.com/services/job-vacancies,https://adukussolicitors.com/,high,https://adukussolicitors.com/,existing_careers_url_domain+company_site_existing_file,name_tokens_on_page:adukus+law;location_on_page; attempt_count:2
158370,Adur Health Partnership,adur health partnership,Shoreham-By-Sea,West Sussex,South East,Other,Worker,Skilled Worker,,sxicb-wsx.ahp.hr@nhs.net,,,low,https://www.adurhealthpartnership.co.uk/,SponsorList,possible_lead_not_accepted:only_one_name_token_on_page_without_hostname_match:adur; attempt_count:2
158372,ADUT Limited T/A Chaiiwala,adut limited t a chaiiwala,Slough,,,Other,Worker,Skilled Worker,https://www.chaiiwala.co.uk/,hello@chaiiwala.co.uk,https://www.chaiiwala.co.uk/careers,https://www.chaiiwala.co.uk/,medium,https://www.chaiiwala.co.uk/,existing_website+existing_careers_url_domain+company_site_existing_file,name_tokens_on_page:chaiiwala;name_tokens_on_host:chaiiwala; attempt_count:1
158376,ADVANCE AGILITY LTD,advance agility ltd,Croydon,,,Other,Worker,Skilled Worker,https://advanceagility.com,[email protected],https://advanceagility.com/careers,,unverified,,,no_first_party_identity_verified; attempt_count:2
158380,ADVANCE BAR SECURITY LTD,advance bar security ltd,Harlow,,,Other,Worker,Skilled Worker,https://advancebarsecurity.co.uk/,info@advancebarsecurity.co.uk,,https://advancebarsecurity.co.uk/,high,https://advancebarsecurity.co.uk/,existing_website+contact_email_domain,name_tokens_on_page:advance+bar+security;location_on_page; attempt_count:1
158386,ADVANCE EDUCATION GROUP LTD,advance education group ltd,London,,,Other,Worker,Skilled Worker,https://advancededucationgroup.io/,walker@advancededucationgroup.io,,,low,https://advancededucationgroup.io/,existing_website+contact_email_domain,possible_lead_not_accepted:only_one_name_token_on_page_without_hostname_match:education; attempt_count:2
158387,Advance engineering uk ltd,advance engineering uk ltd,kings lynn,Norfolk,East of England,Other,Worker,Skilled Worker,,,,,low,https://www.advanceengineeringltd.co.uk/,SponsorList,possible_lead_not_accepted:only_one_name_token_on_page_without_hostname_match:advance; attempt_count:1
158395,ADVANCE MARKETING (PVT) LTD,advance marketing pvt ltd,Manchester,,,Other,Worker,Skilled Worker,https://advancemarketingpvt.co.uk/,[email protected],,https://advancemarketingpvt.co.uk/,high,https://advancemarketingpvt.co.uk/,existing_website,name_tokens_on_page:advance+marketing+pvt;location_on_page; attempt_count:1
158399,ADVANCE PHYSIOTHERAPY GROUP LTD,advance physiotherapy group ltd,"Solihull,",England,,Other,Worker,Skilled Worker,http://www.advancephysiotherapygroup.co.uk/,info@advancephysiotherapygroup.co.uk,,https://www.advancephysiotherapygroup.co.uk/,high,https://www.advancephysiotherapygroup.co.uk/,existing_website,name_tokens_on_page:advance+physiotherapy;location_on_page; attempt_count:1
158402,Advance Social Care Ltd,advance social care ltd,Burnley,Lancashire,North West,Other,Worker,Skilled Worker,,info@advancesocialcare.co.uk,,,unverified,,,no_first_party_identity_verified; attempt_count:2
158403,ADVANCE SOLUTIONS CORP LTD,advance solutions corp ltd,Belfast,Antrim,Northern Ireland,Other,Worker,Skilled Worker,https://www.advancesolutions.com/,careers@advancesolutions.com,,,unverified,,,no_first_party_identity_verified; attempt_count:3
158404,ADVANCE TASTE LTD T/A TANDOORI NIGHT,advance taste ltd t a tandoori night,Essex,,,Other,Worker,Skilled Worker,https://www.tandoorinights.uk/swindon/,[email protected],,https://tnights.co.uk/,medium,https://tnights.co.uk/,SponsorList,name_tokens_on_page:tandoori+night; attempt_count:2
158405,ADVANCE WATER TREATMENT TECHNOLOGIES LIMITED,advance water treatment technologies limited,Leighton Buzzard,,,Other,Worker,Skilled Worker,https://www.advanced-water.co.uk/,info@advanced-water.co.uk,https://www.advanced-water.co.uk/careers,https://www.advanced-water.co.uk/,high,https://www.advanced-water.co.uk/,existing_website+existing_careers_url_domain+company_site_existing_file,name_tokens_on_page:water+treatment+technologies;name_tokens_on_host:water; attempt_count:1
158416,ADVANCED BEAUTY MEDICAL LTD,advanced beauty medical ltd,London,,,Other,Worker,Skilled Worker,,,,https://advancedbeauty.co.uk/,high,https://advancedbeauty.co.uk/,SponsorList,name_tokens_on_page:advanced+beauty;location_on_page; attempt_count:1
158417,ADVANCED BROADCAST SERVICES LIMITED,advanced broadcast services limited,London,,,Other,Worker,Skilled Worker,https://www.abs.tv,info@abs.tv,https://www.abs.tv/careers,https://www.abs.tv/,high,https://www.abs.tv/,existing_website+existing_careers_url_domain+company_site_existing_file,name_tokens_on_page:advanced+broadcast;location_on_page; attempt_count:1
158420,ADVANCED CARE (NI) LTD,advanced care ni ltd,Lisburn,,,Other,Worker,Skilled Worker,https://advancedcareni.com/,,https://advancedcareni.com/careers,,unverified,,,no_first_party_identity_verified; attempt_count:2
158439,ADVANCED FLOURISH CARE LIMITED,advanced flourish care limited,Chatham,Kent,South East,Other,Worker,Skilled Worker,https://advancedflourishcare.co.uk,info@flourishadvancedcare.co.uk,https://advancedflourishcare.co.uk/career,https://advancedflourishcare.co.uk/,medium,https://advancedflourishcare.co.uk/,existing_website+existing_careers_url_domain+company_site_existing_file,name_tokens_on_page:advanced+flourish; attempt_count:1
158450,Advanced Manufacturing Control Systems (UK) Ltd,advanced manufacturing control systems uk ltd,Nuneaton,,,Other,Worker,Global Business Mobility: Senior or Specialist Worker,,,,,unverified,,,no_first_party_identity_verified; attempt_count:1
158451,Advanced Manufacturing Control Systems (UK) Ltd,advanced manufacturing control systems uk ltd,Nuneaton,,,Other,Worker,Global Business Mobility: Senior or Specialist Worker,,,,,unverified,,,no_first_party_identity_verified; attempt_count:1
158453,Advanced Manufacturing(Sheffield) Ltd,advanced manufacturing sheffield ltd,Rotherham,South Yorkshire,Yorkshire and the Humber,Other,Worker,Skilled Worker,,,,,unverified,,,no_first_party_identity_verified; attempt_count:2
158456,ADVANCED MEDCARE LTD,advanced medcare ltd,LEEDS,West Yorkshire,Yorkshire and the Humber,Other,Worker,Skilled Worker,https://www.advancedmedcare.com/,admin@advancedmedcare.com,https://www.advancedmedcare.com/careers-with-advanced-medcare,https://www.advancedmedcare.com/,high,https://www.advancedmedcare.com/,existing_website+existing_careers_url_domain+company_site_existing_file,name_tokens_on_page:advanced+medcare;location_on_page; attempt_count:1
158457,Advanced Medical Solutions Limited,advanced medical solutions limited,Winsford,Cheshire,North West,Other,Worker,Global Business Mobility: Senior or Specialist Worker,,,,,low,https://admedsol.com/,SponsorList,possible_lead_not_accepted:only_one_name_token_on_page_without_hostname_match:advanced; attempt_count:1
158458,Advanced Medical Solutions Limited,advanced medical solutions limited,Winsford,Cheshire,North West,Other,Worker,Global Business Mobility: Senior or Specialist Worker,,,,,low,https://admedsol.com/,SponsorList,possible_lead_not_accepted:only_one_name_token_on_page_without_hostname_match:advanced; attempt_count:1
158462,ADVANCED MOLECULAR DIAGNOSTICS LTD,advanced molecular diagnostics ltd,Nottingham,Nottinghamshire,East Midlands,Other,Worker,Skilled Worker,https://am-diagnostics.co.uk,info@am-diagnostics.co.uk,https://am-diagnostics.co.uk/jobs,https://am-diagnostics.co.uk/,high,https://am-diagnostics.co.uk/,existing_website+contact_email_domain+existing_careers_url_domain+company_site_existing_file,name_tokens_on_page:advanced+molecular+diagnostics;name_tokens_on_host:diagnostics;location_on_page; attempt_count:1
158463,ADVANCED MUSCULOSKELETAL ULTRASOUND LTD,advanced musculoskeletal ultrasound ltd,Dartford,Kent,South East,Other,Worker,Skilled Worker,https://www.advancedmsk.com/,advancedmsk@icloud.com,,https://mskultrasoundgroup.co.uk/,medium,https://mskultrasoundgroup.co.uk/,SponsorList,name_tokens_on_page:advanced+musculoskeletal+ultrasound; attempt_count:2; contact_email_domain_not_used_as_website_lead
158473,ADVANCED SEALED UNITS LIMITED,advanced sealed units limited,HATFIELD,,,Other,Worker,Skilled Worker,https://advancedsealedunits.com/,enquiry@asu.ltd,,,unverified,,,no_first_party_identity_verified; attempt_count:3
158474,Advanced Seals & Gaskets Ltd,advanced seals and gaskets ltd,Dudley,west midlands,West Midlands,Other,Worker,Skilled Worker,,,,,unverified,,,no_first_party_identity_verified; attempt_count:1
158479,ADVANCED STUDY LTD,advanced study ltd,Manchester,,,Other,Worker,Skilled Worker,https://www.advancedstudy.co.uk,[email protected],,,unverified,,,no_first_party_identity_verified; attempt_count:2
158481,ADVANCED TECHNOLOGY FOR INFORMATION SYSTEMS SOLUTIONS UK LIMITED (15373821),advanced technology for information systems solutions uk limited 15373821,ENGLAND,,,Other,Worker,Global Business Mobility: UK Expansion Worker,,,,https://atssol.co.uk/,medium,https://atssol.co.uk/,SponsorList,name_tokens_on_page:advanced+systems; attempt_count:1
158486,Advanced Visualisation Technologies Ltd T/A Digital Autopsy UK,advanced visualisation technologies ltd t a digital autopsy uk,Sheffield,,,Other,Worker,Skilled Worker,,,,,unverified,,,no_first_party_identity_verified; attempt_count:1
158499,ADVANTA LOSS ADJUSTERS LIMITED T/A ADVANTA INTERNATIONAL ADJUSTERS,advanta loss adjusters limited t a advanta international adjusters,London,,,Other,Worker,Skilled Worker,https://www.advantaglobal.com/,info@advantaglobal.com,https://www.advantaglobal.com/careers,https://www.advantaglobal.com/,high,https://www.advantaglobal.com/,existing_website+existing_careers_url_domain+company_site_existing_file,name_tokens_on_page:advanta+loss+adjusters;location_on_page; attempt_count:1
158501,Advantage Accounting (Scotland) LTd,advantage accounting scotland ltd,Glasgow,,,Other,Worker,Skilled Worker,,,,,unverified,,,no_first_party_identity_verified; attempt_count:1
158505,Advantage Health & Social Care Ltd,advantage health and social care ltd,Stourport-On-Severn,Worcestershire,West Midlands,Other,Worker,Skilled Worker,,,,https://advantagehsc.co.uk/,medium,https://advantagehsc.co.uk/,SponsorList,name_tokens_on_page:advantage+social; attempt_count:1
158506,ADVANTAGE HOTELS (WALSALL) LTD,advantage hotels walsall ltd,Harrow,,,Other,Worker,Skilled Worker,https://www.hiexwalsall.com/,admin@hiexwalsall.com,,https://www.hiexwalsall.com/,medium,https://www.hiexwalsall.com/,existing_website,name_tokens_on_page:advantage+hotels+walsall; attempt_count:1
158510,ADVANTAGE SECURITY LIMITED,advantage security limited,Birmingham,,,Other,Worker,Skilled Worker,https://advantagesec.co.uk/,info@advantagesec.co.uk,,https://advantagesec.co.uk/,medium,https://advantagesec.co.uk/,existing_website+contact_email_domain,name_tokens_on_page:advantage+security; attempt_count:1
158515,ADVANTAX ACCOUNTANTS LTD,advantax accountants ltd,Ealing,Middlesex,,Other,Worker,Skilled Worker,https://advantaxaccountants.co.uk/,info@ataas.co.uk,,https://advantaxaccountants.co.uk/,high,https://advantaxaccountants.co.uk/,existing_website,name_tokens_on_page:advantax+accountants;location_on_page; attempt_count:1
158535,Adventure Attractions Ltd,adventure attractions ltd,Bournemouth,,,Other,Worker,Skilled Worker,,,,,unverified,,,no_first_party_identity_verified; attempt_count:1
158546,ADVFN LTD,advfn ltd,London,,,Other,Worker,Skilled Worker,https://www.advfn.com/,support@advfn.com,,,unverified,,,no_first_party_identity_verified; attempt_count:3
158554,ADVISION INTERNATIONAL LTD,advision international ltd,London,,,Other,Worker,Skilled Worker,https://www.advisionint.co.uk/,,,,unverified,,,no_first_party_identity_verified; attempt_count:2
158556,ADVIZZO LIMITED,advizzo limited,MANCHESTER,,,Other,Worker,Skilled Worker,https://www.advizzo.com/,enquiries@calisen.com,https://www.advizzo.com/careers,https://www.advizzo.com/,high,https://www.advizzo.com/,existing_website+existing_careers_url_domain+company_site_existing_file,name_tokens_on_page:advizzo;name_tokens_on_host:advizzo;location_on_page; attempt_count:1
158557,ADVOCATE GROUP LTD,advocate group ltd,NORTHAMPTON,NORTHANTS,,Other,Worker,Skilled Worker,https://www.advocate-group.co.uk/,info@advocate-group.co.uk,,,unverified,,,no_first_party_identity_verified; attempt_count:3
158558,Advoco Solutions Limited,advoco solutions limited,Silchester,,,Other,Worker,Skilled Worker,,,,https://www.advoco-solutions.co.uk/,high,https://www.advoco-solutions.co.uk/,SponsorList,name_tokens_on_page:advoco;name_tokens_on_host:advoco;location_on_page; attempt_count:1
158565,ADWYSD LTD,adwysd ltd,London,,,Other,Worker,Skilled Worker,https://adwysd.net/,admin@adwysd.net,,,unverified,,,no_first_party_identity_verified; attempt_count:2
158568,ADYEN N.V. LONDON BRANCH,adyen n v london branch,London,,,Other,Worker,Global Business Mobility: Senior or Specialist Worker,https://www.adyen.com,,,https://careers.adyen.com/,high,https://careers.adyen.com/,verified_company_site_source_host,name_tokens_on_page:adyen+london;name_tokens_on_host:adyen;location_on_page; attempt_count:2
158569,ADYEN N.V. LONDON BRANCH,adyen n v london branch,London,,,Other,Worker,Global Business Mobility: Senior or Specialist Worker,https://www.adyen.com,,,https://careers.adyen.com/,high,https://careers.adyen.com/,verified_company_site_source_host,name_tokens_on_page:adyen+london;name_tokens_on_host:adyen;location_on_page; verified_domain_identity_cache_hit; attempt_count:2
158571,ADZ Food Distribution Ltd,adz food distribution ltd,Bolton,,,Other,Worker,Skilled Worker,https://www.adzfoods.com,info@adzfoods.com,,,unverified,,,no_first_party_identity_verified; attempt_count:3
158579,AE Industry UK Branch,ae industry uk branch,London,,,Other,Worker,Global Business Mobility: Senior or Specialist Worker,,,,,unverified,,,no_first_party_identity_verified; attempt_count:1
158620,Aegis Trust,aegis trust,Nottingham,Nottinghamshire,East Midlands,Other,Worker,Global Business Mobility: Senior or Specialist Worker,,,,https://aegistrust.online/,medium,https://aegistrust.online/,SponsorList,name_tokens_on_page:aegis+trust; attempt_count:1
158621,Aegis Trust,aegis trust,Nottingham,Nottinghamshire,East Midlands,Other,Worker,Global Business Mobility: Senior or Specialist Worker,,,,https://aegistrust.online/,medium,https://aegistrust.online/,SponsorList,name_tokens_on_page:aegis+trust; verified_domain_identity_cache_hit; attempt_count:1
158622,Aegis Trust,aegis trust,Nottingham,Nottinghamshire,East Midlands,Other,Worker,Global Business Mobility: Senior or Specialist Worker,,,,https://aegistrust.online/,medium,https://aegistrust.online/,SponsorList,name_tokens_on_page:aegis+trust; verified_domain_identity_cache_hit; attempt_count:1
158630,AEH Innovative Hydrogel,aeh innovative hydrogel,Manchester,,,Other,Worker,Skilled Worker,,,,https://aehinnovativehydrogel.com/,medium,https://aehinnovativehydrogel.com/,SponsorList,name_tokens_on_page:aeh+innovative+hydrogel; attempt_count:1
158688,Aerospares 2000 Ltd,aerospares 2000 ltd,Watford,Hertfordshire,East of England,Other,Worker,Skilled Worker,,,,https://www.sentry.aero/,medium,https://www.sentry.aero/,SponsorList,name_tokens_on_page:aerospares+2000; attempt_count:1
158695,Aertec Solutions Ltd,aertec solutions ltd,Chester,,,Other,Worker,Skilled Worker,,,,,low,https://aertecsolutions.com/,SponsorList,possible_lead_not_accepted:only_one_name_token_on_page_without_hostname_match:aertec; attempt_count:1
158702,AESC UK PLANT 1 LIMITED,aesc uk plant 1 limited,Sunderland,Tyne and Wear,North East,Other,Worker,Global Business Mobility: Senior or Specialist Worker,,,,https://aesc.co.uk/,high,https://aesc.co.uk/,SponsorList,name_tokens_on_page:aesc+plant;name_tokens_on_host:aesc;location_on_page; attempt_count:1
158726,Aetha Consulting Limited,aetha consulting limited,Cambridge,,,Other,Worker,Skilled Worker,,,,https://www.aethaconsulting.com/,high,https://www.aethaconsulting.com/,SponsorList,name_tokens_on_page:aetha+consulting;location_on_page; attempt_count:2
158742,AF Payments Limited,af payments limited,London,,,Other,Worker,Skilled Worker,,,,,unverified,,,no_first_party_identity_verified; attempt_count:1
158785,Affinity Fire Engineering (UK) Limited,affinity fire engineering uk limited,London,,,Other,Worker,Skilled Worker,,,,https://affinity-fire.com/,high,https://affinity-fire.com/,verified_company_site_source_host,name_tokens_on_page:affinity+fire;name_tokens_on_host:affinity+fire;location_on_page; attempt_count:1
158787,Affinity Health at Work,affinity health at work,London,,,Other,Worker,Skilled Worker,,,,,unverified,,,no_first_party_identity_verified; attempt_count:1
158788,Affinity Homecare Group Limited,affinity homecare group limited,Wilmslow,Cheshire,North West,Other,Worker,Skilled Worker,,,,,unverified,,,no_first_party_identity_verified; attempt_count:1
158791,Affinity Sports Academy Ltd,affinity sports academy ltd,Derby,,,Other,Worker,Skilled Worker,,,,https://www.affinitysports.uk/,high,https://www.affinitysports.uk/,SponsorList,name_tokens_on_page:affinity+sports+academy;location_on_page; attempt_count:1
158792,Affinity Sports Academy Ltd,affinity sports academy ltd,Derby,,,Other,Worker,Skilled Worker,,,,https://www.affinitysports.uk/,high,https://www.affinitysports.uk/,SponsorList,name_tokens_on_page:affinity+sports+academy;location_on_page; verified_domain_identity_cache_hit; attempt_count:1
158793,Affinity Trust,affinity trust,Thame,,,Other,Worker,Skilled Worker,,,,https://www.affinitytrust.org/,high,https://www.affinitytrust.org/,SponsorList,name_tokens_on_page:affinity+trust;location_on_page; attempt_count:2
158795,Affinius Capital UK Ltd,affinius capital uk ltd,London,,,Other,Worker,Global Business Mobility: Senior or Specialist Worker,,,,,unverified,,,no_first_party_identity_verified; attempt_count:1
158847,AFP Assets Limited,afp assets limited,London,,,Other,Worker,Skilled Worker,,,,https://afp.uk.com/,high,https://afp.uk.com/,SponsorList,name_tokens_on_page:afp+assets;name_tokens_on_host:afp; attempt_count:1
158864,AFRICAN ARTS AND ADVICE CENTRE,african arts and advice centre,London,,,Other,Temporary Worker,Charity Worker,,,,https://www.africarts.org.uk/,high,https://www.africarts.org.uk/,SponsorList,name_tokens_on_page:african+arts+advice+centre;location_on_page; attempt_count:1
158887,Afrika Tikkun UK,afrika tikkun uk,Egham,Surrey,South East,Other,Worker,Skilled Worker,,,,,unverified,,,no_first_party_identity_verified; attempt_count:1
158904,AFRO UK FOODS LTD,afro uk foods ltd,London,,,Other,Worker,Skilled Worker,,,,,unverified,,,no_first_party_identity_verified; attempt_count:0
158925,AFTAB FOROZE CONSULTANCIES LIMITED,aftab foroze consultancies limited,Bristol,,,Other,Worker,Skilled Worker,,,,,unverified,,,no_first_party_identity_verified; attempt_count:1
158948,AG GLOBAL TRADING LIMITED,ag global trading limited,WEMBLEY,,,Other,Worker,Skilled Worker,,,,,unverified,,,no_first_party_identity_verified; attempt_count:0
158949,AG GRID LTD,ag grid ltd,London,,,Other,Worker,Skilled Worker,,,,,unverified,,,no_first_party_identity_verified; attempt_count:1
158975,Agape Care Solutions Ltd,agape care solutions ltd,POOLE,Dorset,South West,Other,Worker,Skilled Worker,,,,,unverified,,,no_first_party_identity_verified; attempt_count:1
159003,"AGC Chemicals Europe, Ltd.",agc chemicals europe ltd,Thornton Cleveleys,Lancashire,North West,Other,Worker,Global Business Mobility: Senior or Specialist Worker,,,,,unverified,,,no_first_party_identity_verified; attempt_count:1
159039,AGENCY SOFTWARE WORLDWIDE LTD,agency software worldwide ltd,HADLOW,TONBRIDGE,,Other,Worker,Skilled Worker,,,,,unverified,,,no_first_party_identity_verified; attempt_count:1
159050,Agents For Accounting Ltd,agents for accounting ltd,London,,,Other,Worker,Skilled Worker,,,,,unverified,,,no_first_party_identity_verified; attempt_count:1
159064,AGGARWAL & CO LIMITED,aggarwal and co limited,Gillingham,,,Other,Worker,Skilled Worker,,,,,unverified,,,no_first_party_identity_verified; attempt_count:1
159069,Aggreko UK Limited,aggreko uk limited,Cannock,Staffordshire,West Midlands,Other,Worker,Skilled Worker,,,,,unverified,,,no_first_party_identity_verified; attempt_count:1
159091,Agile Engineering Consultancy Ltd,agile engineering consultancy ltd,Frognall,Lincs,,Other,Worker,Skilled Worker,,,,,low,https://agileengineering.co.uk/,SponsorList,possible_lead_not_accepted:only_one_name_token_on_page_without_hostname_match:agile; attempt_count:1
159099,AGILE SOFTWARE SYSTEMS LTD,agile software systems ltd,Colchester,essex,East of England,Other,Worker,Skilled Worker,,,,https://www.agilesoftwaresystems.com/,high,https://www.agilesoftwaresystems.com/,SponsorList,name_tokens_on_page:agile+systems;location_on_page; attempt_count:1
159114,Agilio Software Bidco Ltd.,agilio software bidco ltd,Sheffield,,,Other,Worker,Skilled Worker,,,,,low,https://agiliosoftware.com/,verified_company_site_source_host,possible_lead_not_accepted:only_one_name_token_on_page_without_hostname_match:agilio; attempt_count:2
159115,Agilio Software Bidco Ltd.,agilio software bidco ltd,Sheffield,,,Other,Worker,Skilled Worker,,,,,low,https://agiliosoftware.com/,verified_company_site_source_host,possible_lead_not_accepted:only_one_name_token_on_page_without_hostname_match:agilio; attempt_count:2
159131,Agincare Live-In Management Services,agincare live in management services,Portland,Dorset,South West,Other,Worker,Skilled Worker,,,,https://careers.agincare.com/,high,https://careers.agincare.com/,verified_company_site_source_host,name_tokens_on_page:agincare+management;name_tokens_on_host:agincare; attempt_count:1
159152,Agnes Foods International Ltd,agnes foods international ltd,Leicester,,,Other,Worker,Skilled Worker,,,,https://agnesfoods.co.uk/,medium,https://agnesfoods.co.uk/,SponsorList,name_tokens_on_page:agnes+foods; attempt_count:1
159187,Agri Fruit Ltd,agri fruit ltd,Somerset,Somerset,South West,Other,Worker,Skilled Worker,,,,https://www.agrisgj.com/,high,https://www.agrisgj.com/,SponsorList,name_tokens_on_page:agri+fruit;location_on_page; attempt_count:1
159206,AGS & ACCOUNTANCY LTD,ags and accountancy ltd,Harrow,,,Other,Worker,Skilled Worker,,,,,unverified,,,no_first_party_identity_verified; attempt_count:1
159210,AGS Cyber,ags cyber,London,,,Other,Worker,Skilled Worker,,,,,low,https://www.agscyber.com/,SponsorList,possible_lead_not_accepted:only_one_name_token_on_page_without_hostname_match:ags; attempt_count:1
159235,AH ENERGY SERVICES LIMITED,ah energy services limited,Burnley,,,Other,Worker,Skilled Worker,,,,,low,https://ahenergy.uk/,SponsorList,possible_lead_not_accepted:only_one_name_token_on_page_without_hostname_match:energy; attempt_count:1
159248,AH UK Animal Health (PVT) Ltd,ah uk animal health pvt ltd,London,,,Other,Worker,Global Business Mobility: Senior or Specialist Worker,,,,,unverified,,,no_first_party_identity_verified; attempt_count:1
159249,AH UK Animal Health (PVT) Ltd,ah uk animal health pvt ltd,London,,,Other,Worker,Global Business Mobility: Senior or Specialist Worker,,,,,unverified,,,no_first_party_identity_verified; attempt_count:1
159290,Ahmad & Co Accountancy Ltd,ahmad and co accountancy ltd,MANCHESTER,,,Other,Worker,Skilled Worker,,,,https://ahmadandco.co.uk/,medium,https://ahmadandco.co.uk/,SponsorList,name_tokens_on_page:ahmad+accountancy; attempt_count:1
159303,Ahmadiyya Muslim Association United Kingdom,ahmadiyya muslim association united kingdom,London,,,Other,Temporary Worker,Religious Worker,,,,https://ahmadiyya.uk/,high,https://ahmadiyya.uk/,SponsorList,name_tokens_on_page:ahmadiyya+muslim+association;name_tokens_on_host:ahmadiyya;location_on_page; attempt_count:1
159324,Ahmed Financial Accountants,ahmed financial accountants,West Bromwich,,,Other,Worker,Skilled Worker,,,,https://ahmedfinancialaccountants.co.uk/,medium,https://ahmedfinancialaccountants.co.uk/,SponsorList,name_tokens_on_page:ahmed+financial+accountants; attempt_count:1
159344,AHRO CENTER FOR ACADEMIC RESEARCH LIMITED,ahro center for academic research limited,London,,,Other,Worker,Skilled Worker,,,,,unverified,,,no_first_party_identity_verified; attempt_count:1
159364,AI Digital Limited,ai digital limited,Lincoln,,,Other,Worker,Skilled Worker,,,,,unverified,,,no_first_party_identity_verified; attempt_count:1
159365,AI Dizital Solutions LTD,ai dizital solutions ltd,Slough,Berkshire,South East,Other,Worker,Skilled Worker,,,,,unverified,,,no_first_party_identity_verified; attempt_count:1
159394,Aid Automotive Ltd T/A Actman Accounting,aid automotive ltd t a actman accounting,NECASTLE UPON TYNE,,,Other,Worker,Skilled Worker,,,,,unverified,,,no_first_party_identity_verified; attempt_count:1
159407,AIDEN BARBER LTD,aiden barber ltd,Waterlooville,,,Other,Worker,Skilled Worker,,,,,unverified,,,no_first_party_identity_verified; attempt_count:0
159420,Aigas Field Centre Ltd,aigas field centre ltd,Inverness-shire,Highland,Scotland,Other,Worker,Skilled Worker,,,,https://www.aigas.co.uk/,high,https://www.aigas.co.uk/,SponsorList,name_tokens_on_page:aigas+field+centre;name_tokens_on_host:aigas;location_on_page; attempt_count:1
159421,Aigburth Community Church,aigburth community church,Liverpool,,,Other,Temporary Worker,Religious Worker,,,,https://aigburth.church/,high,https://aigburth.church/,SponsorList,name_tokens_on_page:aigburth+community+church;name_tokens_on_host:aigburth+church;location_on_page; attempt_count:1
159422,Aigo Digital Repairs,aigo digital repairs,Manchester,,,Other,Worker,Skilled Worker,,,,https://aigo.digital/,medium,https://aigo.digital/,SponsorList,name_tokens_on_page:aigo;name_tokens_on_host:aigo+digital; attempt_count:1
159465,AIMPOINT DIGITAL UK LIMITED,aimpoint digital uk limited,London,,,Other,Worker,Global Business Mobility: Senior or Specialist Worker,,,,https://www.aimpointdigital.com/,medium,https://www.aimpointdigital.com/,SponsorList,name_tokens_on_page:aimpoint+digital; attempt_count:1
159466,AIMPOINT DIGITAL UK LIMITED,aimpoint digital uk limited,London,,,Other,Worker,Global Business Mobility: Senior or Specialist Worker,,,,https://www.aimpointdigital.com/,medium,https://www.aimpointdigital.com/,SponsorList,name_tokens_on_page:aimpoint+digital; verified_domain_identity_cache_hit; attempt_count:1
159468,AIMS Education Limited,aims education limited,Essex,,,Other,Worker,Skilled Worker,,,,,unverified,,,no_first_party_identity_verified; attempt_count:1
159493,Aintu Limited T/A Union Business Finance,aintu limited t a union business finance,Hemel Hempstead,Hertfordshire,East of England,Other,Worker,Skilled Worker,,,,,unverified,,,no_first_party_identity_verified; attempt_count:1
159494,AIO LONDON LTD,aio london ltd,London,,,Other,Worker,Skilled Worker,,,,,unverified,,,no_first_party_identity_verified; attempt_count:1
159514,Air Algerie,air algerie,London,,,Other,Worker,Global Business Mobility: Senior or Specialist Worker,,,,,unverified,,,no_first_party_identity_verified; attempt_count:1
159551,Air Technology Systems Ltd,air technology systems ltd,Bromsgrove,West Midlands,West Midlands,Other,Worker,Skilled Worker,,,,https://atsclimate.com/,high,https://atsclimate.com/,SponsorList,name_tokens_on_page:air+systems;location_on_page; attempt_count:1
159558,Aira Digital Limited,aira digital limited,Milton Keynes,Buckinghamshire,South East,Other,Worker,Skilled Worker,,,,,unverified,,,no_first_party_identity_verified; attempt_count:1
159574,AIRBRIDGE CENTRE LIMITED,airbridge centre limited,Birmingham,West Midlands,West Midlands,Other,Worker,Skilled Worker,,,,,unverified,,,no_first_party_identity_verified; attempt_count:1
159609,Aire Valley Surgery,aire valley surgery,Leeds,,,Other,Worker,Skilled Worker,,,,,unverified,,,no_first_party_identity_verified; attempt_count:1
159687,Aisin Europe Manufacturing (UK) Limited,aisin europe manufacturing uk limited,Birmingham,,,Other,Worker,Global Business Mobility: Senior or Specialist Worker,,,,https://www.aisin-europe.com/,high,https://www.aisin-europe.com/,SponsorList,name_tokens_on_page:aisin+europe;name_tokens_on_host:aisin+europe; attempt_count:1
159750,AJ TECH SERVICES LTD,aj tech services ltd,London,,,Other,Worker,Skilled Worker,,,,,unverified,,,no_first_party_identity_verified; attempt_count:1
159773,Ajinx Studios Limited,ajinx studios limited,Scotlandwell,,,Other,Worker,Skilled Worker,,,,,unverified,,,no_first_party_identity_verified; attempt_count:0
159779,AJL Medical Limited,ajl medical limited,London,,,Other,Worker,Skilled Worker,,,,,low,https://www.ajlmedical.com/,SponsorList,possible_lead_not_accepted:only_one_name_token_on_page_without_hostname_match:ajl; attempt_count:1
159796,Ajwa Jewellers Limited,ajwa jewellers limited,Southall,Middlesex,,Other,Worker,Skilled Worker,,,,,unverified,,,no_first_party_identity_verified; attempt_count:1
159809,AK Builders Merchants Limited,ak builders merchants limited,Hayes,,,Other,Worker,Skilled Worker,,,,https://www.akbm.uk/,high,https://www.akbm.uk/,SponsorList,name_tokens_on_page:builders+merchants;location_on_page; attempt_count:1
159852,AK Well Services Limited,ak well services limited,Aberdeen,Aberdeen City,,Other,Worker,Skilled Worker,,,,,unverified,,,no_first_party_identity_verified; attempt_count:1
159892,Akashi Digital Limited,akashi digital limited,London,,,Other,Worker,Skilled Worker,,,,https://www.akashi.digital/,high,https://www.akashi.digital/,SponsorList,name_tokens_on_page:akashi+digital;name_tokens_on_host:akashi+digital; attempt_count:1
159905,Akelius Residential Limited,akelius residential limited,London,,,Other,Temporary Worker,Global Business Mobility: Graduate Trainee,,,,,unverified,,,no_first_party_identity_verified; attempt_count:1
159915,Akeron Software UK Ltd,akeron software uk ltd,London,,,Other,Worker,Skilled Worker,,,,,unverified,,,no_first_party_identity_verified; attempt_count:2
159916,Akesis Health UK Ltd,akesis health uk ltd,London,,,Other,Worker,Skilled Worker,,,,https://akesis.com/,medium,https://akesis.com/,SponsorList,name_tokens_on_page:akesis;name_tokens_on_host:akesis; attempt_count:1
159918,AKFA Group Investment Ltd,akfa group investment ltd,London,,,Other,Worker,Skilled Worker,,,,,unverified,,,no_first_party_identity_verified; attempt_count:0
159935,Akin Gump Strauss Hauer & Feld,akin gump strauss hauer and feld,London,,,Other,Worker,Global Business Mobility: Senior or Specialist Worker,,,,,unverified,,,no_first_party_identity_verified; attempt_count:1
159940,AKIS SOLAR UK LTD,akis solar uk ltd,NORTHAMPTON,NORTHAMPTONSHIRE,East Midlands,Other,Worker,Global Business Mobility: Senior or Specialist Worker,,,,,unverified,,,no_first_party_identity_verified; attempt_count:1
159942,Akiva School,akiva school,London,London,London,Other,Worker,Skilled Worker,,,,,low,https://www.akivaschool.org/,SponsorList,possible_lead_not_accepted:only_one_name_token_on_page_without_hostname_match:akiva; attempt_count:2
159950,AKM Caf?? Ltd,akm caf ltd,Watford,Hertfordshire,East of England,Other,Worker,Skilled Worker,,,,,unverified,,,no_first_party_identity_verified; attempt_count:1
159951,AKM COMPUTER LIMITED,akm computer limited,LONDON,,,Other,Worker,Skilled Worker,,,,,unverified,,,no_first_party_identity_verified; attempt_count:1
159994,"AKSEKI, SONS & COMPANY LIMITED",akseki sons and company limited,London,,,Other,Worker,Skilled Worker,,,,https://www.akseki.co/,high,https://www.akseki.co/,SponsorList,name_tokens_on_page:akseki+sons;name_tokens_on_host:akseki;location_on_page; attempt_count:1
160003,Akshar Rup Ltd T/A Eggfree Cake Box - Cake Box Manchester (Cheetham Hill),akshar rup ltd t a eggfree cake box cake box manchester cheetham hill,Manchester,,,Other,Worker,Skilled Worker,,,,,unverified,,,no_first_party_identity_verified; attempt_count:1
160019,AKT UK&I LIMITED,akt uk and i limited,London,,,Other,Worker,Skilled Worker,,,,,unverified,,,no_first_party_identity_verified; attempt_count:1
160041,AL Accounting Solutions,al accounting solutions,London,,,Other,Worker,Skilled Worker,,,,,unverified,,,no_first_party_identity_verified; attempt_count:1
160042,AL AMAAN EDUCATION TRUST,al amaan education trust,LONDON,,,Other,Temporary Worker,Religious Worker,,,,,low,https://al-amaanet.org.uk/,SponsorList,possible_lead_not_accepted:only_one_name_token_on_page_without_hostname_match:amaan; attempt_count:1
160043,AL AMAAN EDUCATION TRUST,al amaan education trust,LONDON,,,Other,Temporary Worker,Religious Worker,,,,,low,https://al-amaanet.org.uk/,SponsorList,possible_lead_not_accepted:only_one_name_token_on_page_without_hostname_match:amaan; attempt_count:1
160044,AL AMAAN EDUCATION TRUST,al amaan education trust,LONDON,,,Other,Temporary Worker,Religious Worker,,,,,low,https://al-amaanet.org.uk/,SponsorList,possible_lead_not_accepted:only_one_name_token_on_page_without_hostname_match:amaan; attempt_count:1
160050,AL AQSA FISH MARKET LTD,al aqsa fish market ltd,London,,,Other,Worker,Skilled Worker,,,,,unverified,,,no_first_party_identity_verified; attempt_count:1
160059,Al Balagh Academy,al balagh academy,Bradford,,,Other,Worker,Skilled Worker,,,,https://www.albalaghacademy.org/,medium,https://www.albalaghacademy.org/,SponsorList,name_tokens_on_page:balagh+academy; attempt_count:2
160070,Al Fahad Foods Ltd,al fahad foods ltd,Dewsbury,,,Other,Worker,Skilled Worker,,,,,low,https://alfahadfoods.co.uk/,SponsorList,possible_lead_not_accepted:only_one_name_token_on_page_without_hostname_match:foods; attempt_count:1
160094,Al Hijrah Trust (CIO),al hijrah trust cio,Birmingham,West Midlands,West Midlands,Other,Temporary Worker,Religious Worker,,,,,unverified,,,no_first_party_identity_verified; attempt_count:1
160095,Al Hijrah Trust (CIO),al hijrah trust cio,Birmingham,West Midlands,West Midlands,Other,Temporary Worker,Religious Worker,,,,,unverified,,,no_first_party_identity_verified; attempt_count:1
160118,Al Majid Welfare Trust,al majid welfare trust,Reading,,,Other,Worker,Tier 2 Ministers of Religion,,,,,unverified,,,no_first_party_identity_verified; attempt_count:1
160131,AL MEDINA HAJJ & UMRAH TOURS LIMITED,al medina hajj and umrah tours limited,Rochdale,,,Other,Worker,Skilled Worker,,,,,unverified,,,no_first_party_identity_verified; attempt_count:1
160138,Al Mughal Constructions Ltd,al mughal constructions ltd,Bradford,,,Other,Worker,Skilled Worker,,,,https://mughals.uk/,medium,https://mughals.uk/,SponsorList,name_tokens_on_page:mughal+constructions; attempt_count:1
160139,Al Muntada Al Islami Trust,al muntada al islami trust,London,,,Other,Worker,Skilled Worker,,,,,unverified,,,no_first_party_identity_verified; attempt_count:1
160140,Al Muntada Al Islami Trust,al muntada al islami trust,London,,,Other,Worker,Skilled Worker,,,,,unverified,,,no_first_party_identity_verified; attempt_count:1
160143,Al Mustafa Trust International,al mustafa trust international,Rotherham,,,Other,Temporary Worker,Charity Worker,,,,,unverified,,,no_first_party_identity_verified; attempt_count:1
160144,Al Mustafa Welfare Trust International Ltd,al mustafa welfare trust international ltd,Brentford,,,Other,Temporary Worker,Charity Worker,,,,,unverified,,,no_first_party_identity_verified; attempt_count:1
160145,Al Mustafa Welfare Trust International Ltd,al mustafa welfare trust international ltd,Brentford,,,Other,Temporary Worker,Charity Worker,,,,,unverified,,,no_first_party_identity_verified; attempt_count:1
160146,Al Mustafa Welfare Trust International Ltd,al mustafa welfare trust international ltd,Brentford,,,Other,Temporary Worker,Charity Worker,,,,,unverified,,,no_first_party_identity_verified; attempt_count:1
160147,AL NASEEB WELFARE TRUST,al naseeb welfare trust,HUDDERSFIELD,,,Other,Worker,Skilled Worker,,,,,unverified,,,no_first_party_identity_verified; attempt_count:1
160154,Al Qalam Education Centre,al qalam education centre,Leicester,,,Other,Worker,Skilled Worker,,,,,unverified,,,no_first_party_identity_verified; attempt_count:1
160155,Al Qalam Education Centre,al qalam education centre,Leicester,,,Other,Worker,Skilled Worker,,,,,unverified,,,no_first_party_identity_verified; attempt_count:1
160174,Al Rowad International Schools Limited c/o The Pioneers Academy,al rowad international schools limited c o the pioneers academy,Birmingham,West Midlands,West Midlands,Other,Worker,Skilled Worker,,,,,unverified,,,no_first_party_identity_verified; attempt_count:0
160178,AL SADIQ ACADEMY UK,al sadiq academy uk,Manchester,Lancashire,North West,Other,Temporary Worker,Religious Worker,,,,,low,https://alsadiq.asazs.co.uk/,SponsorList,possible_lead_not_accepted:only_one_name_token_on_page_without_hostname_match:sadiq; attempt_count:1
160204,Al-Amin Holdings Company Ltd,al amin holdings company ltd,Slough,,,Other,Worker,Skilled Worker,,,,,low,https://alaminholdings.com/wp/,SponsorList,possible_lead_not_accepted:only_one_name_token_on_page_without_hostname_match:amin; attempt_count:1
160205,AL-AMIN TRAVELS LIMITED,al amin travels limited,London,,,Other,Worker,Skilled Worker,,,,,unverified,,,no_first_party_identity_verified; attempt_count:1
160208,AL-AYN SOCIAL CARE FOUNDATION,al ayn social care foundation,London,,,Other,Worker,Global Business Mobility: Senior or Specialist Worker,,,,https://www.alayn.co.uk/,medium,https://www.alayn.co.uk/,SponsorList,name_tokens_on_page:ayn+social+foundation; attempt_count:1
160210,Al-Baraka Welfare Trust International,al baraka welfare trust international,Birmingham,,,Other,Temporary Worker,Charity Worker,,,,,unverified,,,no_first_party_identity_verified; attempt_count:1
160211,Al-Baraka Welfare Trust International,al baraka welfare trust international,Birmingham,,,Other,Temporary Worker,Charity Worker,,,,,unverified,,,no_first_party_identity_verified; attempt_count:1
160213,Al-Falah Islamic Education Centre,al falah islamic education centre,West Drayton,,,Other,Worker,Tier 2 Ministers of Religion,,,,https://www.alfalahcentre.org/,medium,https://www.alfalahcentre.org/donation/,SponsorList,name_tokens_on_page:falah+centre; attempt_count:1
160214,Al-Farooq Education & Community Centre,al farooq education and community centre,Glasgow,,,Other,Worker,Skilled Worker,,,,https://www.afecc.co.uk/,high,https://www.afecc.co.uk/,SponsorList,name_tokens_on_page:farooq+education+community+centre;location_on_page; attempt_count:1
160225,AL-HUDA ACADEMY,al huda academy,BOLTON,,,Other,Temporary Worker,Charity Worker,,,,https://www.alhuda-academy.org.uk/,high,https://www.alhuda-academy.org.uk/,SponsorList,name_tokens_on_page:huda+academy;name_tokens_on_host:academy;location_on_page; attempt_count:1
160226,AL-HUDA ACADEMY,al huda academy,BOLTON,,,Other,Temporary Worker,Charity Worker,,,,https://www.alhuda-academy.org.uk/,high,https://www.alhuda-academy.org.uk/,SponsorList,name_tokens_on_page:huda+academy;name_tokens_on_host:academy;location_on_page; verified_domain_identity_cache_hit; attempt_count:1
160229,AL-IKHLAS CULTURE AND EDUCATION CENTRE,al ikhlas culture and education centre,Cardiff,,,Other,Temporary Worker,Charity Worker,,,,https://www.alikhlas.org.uk/,high,https://www.alikhlas.org.uk/,SponsorList,name_tokens_on_page:ikhlas+culture+education+centre;location_on_page; attempt_count:1
160242,AL-MADAD TRUST,al madad trust,Nottingham,,,Other,Temporary Worker,Charity Worker,,,,,unverified,,,no_first_party_identity_verified; attempt_count:1
160243,AL-MADAD TRUST,al madad trust,Nottingham,,,Other,Temporary Worker,Charity Worker,,,,,unverified,,,no_first_party_identity_verified; attempt_count:1
160284,Al-zahra Education Ltd T/a Step Institution,al zahra education ltd t a step institution,London,,,Other,Worker,Skilled Worker,,,,,unverified,,,no_first_party_identity_verified; attempt_count:0
160297,Aladin House Ltd,aladin house ltd,London,,,Other,Worker,Skilled Worker,,,,,unverified,,,no_first_party_identity_verified; attempt_count:0
160333,Alan Walters T/as The Crown,alan walters t as the crown,WILTS,,,Other,Worker,Skilled Worker,,,,,unverified,,,no_first_party_identity_verified; attempt_count:1
160335,Alan Woodard Limited,alan woodard limited,"Bournemouth, Dorset",Dorset,South West,Other,Worker,Skilled Worker,,,,,unverified,,,no_first_party_identity_verified; attempt_count:1
160338,Alanah Trading Ltd,alanah trading ltd,Wembley,Middlesex,,Other,Worker,Skilled Worker,,,,,unverified,,,no_first_party_identity_verified; attempt_count:1
160379,Alator Data Services LTD,alator data services ltd,Dundee,Angus,Scotland,Other,Worker,Skilled Worker,,,,https://alatorservices.com/,high,https://alatorservices.com/,SponsorList,name_tokens_on_page:alator+data;location_on_page; attempt_count:1
160384,ALB ACCOUNTING LTD,alb accounting ltd,London,,,Other,Worker,Skilled Worker,,,,,unverified,,,no_first_party_identity_verified; attempt_count:1
160388,ALB UK Construction & Development Ltd,alb uk construction and development ltd,South Cave,,,Other,Worker,Global Business Mobility: Senior or Specialist Worker,,,,https://albgroup.co.uk/,high,https://albgroup.co.uk/,SponsorList,name_tokens_on_page:alb+development;location_on_page; attempt_count:1
160389,ALB UK Construction & Development Ltd,alb uk construction and development ltd,South Cave,,,Other,Worker,Global Business Mobility: Senior or Specialist Worker,,,,https://albgroup.co.uk/,high,https://albgroup.co.uk/,SponsorList,name_tokens_on_page:alb+development;location_on_page; verified_domain_identity_cache_hit; attempt_count:1
160418,Albaraka Chester Ltd,albaraka chester ltd,Chester,,,Other,Worker,Skilled Worker,,,,,unverified,,,no_first_party_identity_verified; attempt_count:1
160421,Albatross Education Ltd,albatross education ltd,London,,,Other,Worker,Skilled Worker,,,,https://www.albatrosseducation.com/,high,https://www.albatrosseducation.com/,SponsorList,name_tokens_on_page:albatross+education;location_on_page; attempt_count:1
160444,Albida Consulting Limited,albida consulting limited,London,,,Other,Worker,Skilled Worker,,,,https://www.albida.com/,high,https://www.albida.com/,SponsorList,name_tokens_on_page:albida+consulting;name_tokens_on_host:albida; attempt_count:1
160452,ALBION FOOTBALL CLUB (BURTON-ON-TRENT) LIMITED (THE),albion football club burton on trent limited the,Burton On Trent,Staffordshire,West Midlands,Other,Worker,Skilled Worker,,,,,unverified,,,no_first_party_identity_verified; attempt_count:2
160472,Albyn School,albyn school,Aberdeen,,,Other,Worker,Skilled Worker,,,,,low,https://www.albynschool.org/,SponsorList,possible_lead_not_accepted:only_one_name_token_on_page_without_hostname_match:albyn; attempt_count:1
160535,ALDEN REPAIRS & MAINTENANCE LTD,alden repairs and maintenance ltd,London,,,Other,Worker,Skilled Worker,,,,https://www.aldenltd.uk/,medium,https://www.aldenltd.uk/,SponsorList,name_tokens_on_page:alden+repairs+maintenance; attempt_count:1
160549,Alderson Digital Ltd,alderson digital ltd,London,,,Other,Worker,Skilled Worker,,,,,unverified,,,no_first_party_identity_verified; attempt_count:1
160551,Alderton Accountancy Ltd,alderton accountancy ltd,Ilford,Essex,East of England,Other,Worker,Skilled Worker,,,,,low,https://www.aldertonsaccountants.co.uk/,SponsorList,possible_lead_not_accepted:only_one_name_token_on_page_without_hostname_match:accountancy; attempt_count:1
160554,ALDGATE ELECTRICAL & BUILDING MAINTENANCE LTD,aldgate electrical and building maintenance ltd,London,,,Other,Worker,Skilled Worker,,,,,unverified,,,no_first_party_identity_verified; attempt_count:1
160568,Aldridge Education,aldridge education,London,London,London,Other,Worker,Skilled Worker,,,,https://aldridgeeducation.org/,high,https://aldridgeeducation.org/,SponsorList,name_tokens_on_page:aldridge+education;location_on_page; attempt_count:1
160579,Alec Reed Academy,alec reed academy,Northolt,Middlesex,,Other,Worker,Skilled Worker,,,,https://www.alecreedacademy.co.uk/,high,https://www.alecreedacademy.co.uk/,SponsorList,name_tokens_on_page:alec+reed+academy;location_on_page; attempt_count:1
160585,Aleees UK Ltd,aleees uk ltd,London,,,Other,Worker,Global Business Mobility: Senior or Specialist Worker,,,,https://www.aleees.com/,medium,https://www.aleees.com/zh/,SponsorList,name_tokens_on_page:aleees;name_tokens_on_host:aleees; attempt_count:1
160600,Alert Logic UK LTD,alert logic uk ltd,Cardiff,,,Other,Worker,Global Business Mobility: Senior or Specialist Worker,,,,,unverified,,,no_first_party_identity_verified; attempt_count:1
160606,ALETHEIA ACADEMY LTD,aletheia academy ltd,Birmingham,,,Other,Worker,Skilled Worker,,,,https://www.aletheiatrust.org.uk/,medium,https://www.aletheiatrust.org.uk/,SponsorList,name_tokens_on_page:aletheia+academy; attempt_count:1
160607,Aletheia Anglican Academies Trust,aletheia anglican academies trust,Gravesend,Kent,South East,Other,Worker,Skilled Worker,,,,https://www.aletheiatrust.org.uk/,high,https://www.aletheiatrust.org.uk/,SponsorList,name_tokens_on_page:aletheia+academies+trust;location_on_page; attempt_count:1
160609,Aleti Software Systems Ltd,aleti software systems ltd,Newcastle Upon Tyne,,,Other,Worker,Skilled Worker,,,,https://aleti.io/,high,https://aleti.io/,SponsorList,name_tokens_on_page:aleti+systems;name_tokens_on_host:aleti;location_on_page; attempt_count:1
160614,ALEX CAR ELECTRIC AND MECHANICAL LTD,alex car electric and mechanical ltd,Bristol,,,Other,Worker,Skilled Worker,,,,,unverified,,,no_first_party_identity_verified; attempt_count:1
160656,Alexander's Mental Health Ltd,alexander s mental health ltd,Farnborough,Hampshire,South East,Other,Worker,Skilled Worker,,,,,low,https://www.cqc.org.uk/,SponsorList,possible_lead_not_accepted:only_one_name_token_on_page_without_hostname_match:mental; attempt_count:1
160673,Alexi Overseas Education Consultancy and Service Ltd.,alexi overseas education consultancy and service ltd,Newcastle Upon Tyne,,,Other,Worker,Skilled Worker,,,,,unverified,,,no_first_party_identity_verified; attempt_count:1
160675,ALEXIA MARINE LTD,alexia marine ltd,Manchester,Greater Manchester,North West,Other,Worker,Skilled Worker,,,,https://alexiamarine.com/,medium,https://alexiamarine.com/,SponsorList,name_tokens_on_page:alexia+marine; attempt_count:1
160683,ALFA CONSTRUCTION BIRMINGHAM LIMITED,alfa construction birmingham limited,Birmingham,,,Other,Worker,Skilled Worker,,,,,unverified,,,no_first_party_identity_verified; attempt_count:1
160710,ALFIE ELECTRICIAN LTD,alfie electrician ltd,BLACKBURN,LANCASHIRE,North West,Other,Worker,Skilled Worker,,,,,unverified,,,no_first_party_identity_verified; attempt_count:1
160711,Alfie Hyde,alfie hyde,Shurlock Row,Berkshire,South East,Other,Worker,International Sportsperson,,,,,unverified,,,no_first_party_identity_verified; attempt_count:1
160712,Alfie Medical Ltd,alfie medical ltd,LONDON,,,Other,Worker,Skilled Worker,,,,,unverified,,,no_first_party_identity_verified; attempt_count:0
160725,Alfreds Bar & Grill,alfreds bar and grill,pontypridd,rct,,Other,Worker,Skilled Worker,,,,https://alfredsbarandgrill.com/,high,https://alfredsbarandgrill.com/,SponsorList,name_tokens_on_page:alfreds+bar+grill;location_on_page; attempt_count:1
160726,Alfriston School,alfriston school,Beaconsfield,Bucks,,Other,Worker,Skilled Worker,,,,,unverified,,,no_first_party_identity_verified; attempt_count:0
160743,Algomarketing Ltd,algomarketing ltd,London,,,Other,Worker,Skilled Worker,,,,https://www.algomarketing.com/,medium,https://www.algomarketing.com/,SponsorList,name_tokens_on_page:algomarketing;name_tokens_on_host:algomarketing; attempt_count:1
160749,Algorithms Software UK Ltd,algorithms software uk ltd,London,,,Other,Worker,Skilled Worker,,,,,unverified,,,no_first_party_identity_verified; attempt_count:1
160750,Algorithms Software UK Ltd,algorithms software uk ltd,London,,,Other,Worker,Skilled Worker,,,,,unverified,,,no_first_party_identity_verified; attempt_count:1
160756,Alhambra Accounting Ltd,alhambra accounting ltd,Birmingham,West Midlands,West Midlands,Other,Worker,Skilled Worker,,,,,unverified,,,no_first_party_identity_verified; attempt_count:1
160825,Alibaba Eats Ltd,alibaba eats ltd,Alton,,,Other,Worker,Skilled Worker,,,,,unverified,,,no_first_party_identity_verified; attempt_count:1
160843,ALIFYA EDUCATION LTD,alifya education ltd,London,,,Other,Worker,Skilled Worker,,,,https://alifyaeducation.co.uk/,high,https://alifyaeducation.co.uk/,SponsorList,name_tokens_on_page:alifya+education;location_on_page; attempt_count:1
160852,Align Spinal Health Ltd,align spinal health ltd,Stockport,Cheshire,North West,Other,Worker,Skilled Worker,,,,,unverified,,,no_first_party_identity_verified; attempt_count:1
160853,Align Technology UK Limited,align technology uk limited,Solihull,,,Other,Worker,Skilled Worker,,,,,low,https://www.invisalign.co.uk/,SponsorList,possible_lead_not_accepted:only_one_name_token_on_page_without_hostname_match:align; attempt_count:1
160854,Align Technology UK Limited,align technology uk limited,Solihull,,,Other,Worker,Skilled Worker,,,,,low,https://www.invisalign.co.uk/,SponsorList,possible_lead_not_accepted:only_one_name_token_on_page_without_hostname_match:align; attempt_count:1
160861,ALIIZOR LTD T/A LIZOR CARE CONCEPT,aliizor ltd t a lizor care concept,TIDWORTH,,,Other,Worker,Skilled Worker,,,,,low,https://lizorcare.co.uk/,SponsorList,possible_lead_not_accepted:only_one_name_token_on_page_without_hostname_match:lizor; attempt_count:1
160886,Alison Education UK Ltd.,alison education uk ltd,Houslow,,,Other,Worker,Global Business Mobility: UK Expansion Worker,,,,,unverified,,,no_first_party_identity_verified; attempt_count:1
160887,Alison Education UK Ltd.,alison education uk ltd,Houslow,,,Other,Worker,Global Business Mobility: UK Expansion Worker,,,,,unverified,,,no_first_party_identity_verified; attempt_count:1
160903,ALIVIAR FINANCIAL LTD,aliviar financial ltd,Welwyn Garden City,Hertfordshire,East of England,Other,Worker,Skilled Worker,,,,,unverified,,,no_first_party_identity_verified; attempt_count:1
160910,ALIZ WORLD LTD,aliz world ltd,LUTON,,,Other,Worker,Skilled Worker,,,,,unverified,,,no_first_party_identity_verified; attempt_count:1
160911,Aliza Business Academy,aliza business academy,Birmingham,,,Other,Worker,Skilled Worker,,,,https://alizabusinessacademy.com/,high,https://alizabusinessacademy.com/,SponsorList,name_tokens_on_page:aliza+business+academy;location_on_page; attempt_count:1
160920,ALL 4 HEALTH LTD,all 4 health ltd,Aylesbury,Buckinghamshire,South East,Other,Worker,Skilled Worker,,,,,low,https://all4health.co.uk/,SponsorList,possible_lead_not_accepted:only_one_name_token_on_page_without_hostname_match:all; attempt_count:1
160924,ALL ABROAD EDUCATION UK LTD,all abroad education uk ltd,London,,,Other,Worker,Skilled Worker,,,,,unverified,,,no_first_party_identity_verified; attempt_count:1
160927,ALL BIKE SOLUTIONS LTD,all bike solutions ltd,London,,,Other,Worker,Skilled Worker,,,,,unverified,,,no_first_party_identity_verified; attempt_count:0
160943,All Eat App Network Technology Incorporated Ltd,all eat app network technology incorporated ltd,Croydon,,,Other,Worker,Skilled Worker,,,,https://alleatapp.com/,medium,https://alleatapp.com/,SponsorList,name_tokens_on_page:all+eat; attempt_count:1
160957,All In One Builders England Ltd,all in one builders england ltd,London,,,Other,Worker,Skilled Worker,,,,,unverified,,,no_first_party_identity_verified; attempt_count:1
160966,All Metal Services Limited,all metal services limited,Sutton Coldfield,,,Other,Worker,Global Business Mobility: Senior or Specialist Worker,,,,https://www.allmetal.co.uk/,medium,https://www.allmetal.co.uk/,SponsorList,name_tokens_on_page:all+metal; attempt_count:1
160973,All Nations Christian College,all nations christian college,WARE,Herts,,Other,Temporary Worker,Charity Worker,,,,https://www.allnations.ac.uk/,medium,https://www.allnations.ac.uk/,SponsorList,name_tokens_on_page:all+nations+christian; attempt_count:1
160974,All Nations Christian College,all nations christian college,WARE,Herts,,Other,Temporary Worker,Charity Worker,,,,https://www.allnations.ac.uk/,medium,https://www.allnations.ac.uk/,SponsorList,name_tokens_on_page:all+nations+christian; verified_domain_identity_cache_hit; attempt_count:1
160985,All Of Us Here Ltd,all of us here ltd,London,,,Other,Temporary Worker,Creative Worker,,,,,unverified,,,no_first_party_identity_verified; attempt_count:0
160992,All Saints Academy Dunstable,all saints academy dunstable,Dunstable,Beds,,Other,Worker,Skilled Worker,,,,https://www.allsaintsacademydunstable.org/,high,https://www.allsaintsacademydunstable.org/,SponsorList,name_tokens_on_page:all+saints+academy+dunstable;location_on_page; attempt_count:1
160995,ALL SAINTS CATHOLIC COLLEGE,all saints catholic college,LONDON,,,Other,Worker,Skilled Worker,,,,https://www.aschc.co.uk/,medium,https://www.aschc.co.uk/,SponsorList,name_tokens_on_page:all+saints+catholic; attempt_count:1
160996,ALL SAINTS CATHOLIC SCHOOL,all saints catholic school,DAGENHAM,LONDON,London,Other,Worker,Skilled Worker,,,,https://www.allsaintsschool.co.uk/,high,https://www.allsaintsschool.co.uk/,SponsorList,name_tokens_on_page:all+saints+catholic;location_on_page; attempt_count:1
161012,All Saints' Trust,all saints trust,Kenton,Middlsex,,Other,Worker,Skilled Worker,,,,,unverified,,,no_first_party_identity_verified; attempt_count:1
161059,Allambie Enterprises Limited,allambie enterprises limited,Coventry,,,Other,Worker,Skilled Worker,,,,,unverified,,,no_first_party_identity_verified; attempt_count:1
161068,Allans the Accountants Limited,allans the accountants limited,Surbiton,SURREY,South East,Other,Worker,Skilled Worker,,,,,unverified,,,no_first_party_identity_verified; attempt_count:1
161099,"Allen , Briggs and Turner Veterinary Surgeons",allen briggs and turner veterinary surgeons,Boston,,,Other,Worker,Skilled Worker,,,,https://www.allenbriggsandturnervets.co.uk/,high,https://www.allenbriggsandturnervets.co.uk/,SponsorList,name_tokens_on_page:allen+briggs+turner+veterinary+surgeons;location_on_page; attempt_count:1
161102,ALLEN CONSTRUCTION AND SUPPLIES LTD,allen construction and supplies ltd,BIRMINGHAM,WEST MIDLANDS,West Midlands,Other,Worker,Skilled Worker,,,,,unverified,,,no_first_party_identity_verified; attempt_count:1
161114,ALLENBROOK CARE LIMITED,allenbrook care limited,FORDINGBRIDGE,HAMPSHIRE,South East,Other,Worker,Skilled Worker,,,,,low,https://www.allenbrooknursinghome.co.uk/,SponsorList,possible_lead_not_accepted:only_one_name_token_on_page_without_hostname_match:allenbrook; attempt_count:1
161115,Allenby Commercial (Construction) Ltd,allenby commercial construction ltd,Hull,East Yorkshire,Yorkshire and the Humber,Other,Worker,Skilled Worker,,,,https://allenbycommercial.co.uk/,high,https://allenbycommercial.co.uk/,SponsorList,name_tokens_on_page:allenby+commercial;location_on_page; attempt_count:2
161130,Alleyn's School Ltd,alleyn s school ltd,London,,,Other,Worker,Skilled Worker,,,,,low,https://www.alleyns.org.uk/,SponsorList,possible_lead_not_accepted:only_one_name_token_on_page_without_hostname_match:alleyn; attempt_count:1
161139,Allgreen Energy,allgreen energy,Daresbury Cheshire,,,Other,Worker,Skilled Worker,,,,https://www.allgreenergy.org/,medium,https://www.allgreenergy.org/,SponsorList,name_tokens_on_page:allgreen+energy; attempt_count:1
161155,Alliance Financial Consultants Ltd,alliance financial consultants ltd,Birmingham,W. Midlands,,Other,Worker,Skilled Worker,,,,,unverified,,,no_first_party_identity_verified; attempt_count:1
161158,ALLIANCE FOR COHESION AND RACIAL EQUALITY LTD,alliance for cohesion and racial equality ltd,Reading,England,,Other,Worker,Skilled Worker,,,,,unverified,,,no_first_party_identity_verified; attempt_count:1
161159,Alliance for Natural Health International,alliance for natural health international,Fleet,Hampshire,South East,Other,Worker,Skilled Worker,,,,,unverified,,,no_first_party_identity_verified; attempt_count:0
161170,Alliance Group Management Ltd,alliance group management ltd,Greenock,,,Other,Worker,Skilled Worker,,,,,unverified,,,no_first_party_identity_verified; attempt_count:1
161174,Alliance Medical Limited,alliance medical limited,Warwick,Warwickshire,West Midlands,Other,Worker,Global Business Mobility: Senior or Specialist Worker,,jgreen@alliance.co.uk,,,low,https://www.alliancemedical.co.uk/,SponsorList,possible_lead_not_accepted:only_one_name_token_on_page_without_hostname_match:alliance; attempt_count:2
161175,Alliance Medical Limited,alliance medical limited,Warwick,Warwickshire,West Midlands,Other,Worker,Global Business Mobility: Senior or Specialist Worker,,jgreen@alliance.co.uk,,,low,https://www.alliancemedical.co.uk/,SponsorList,possible_lead_not_accepted:only_one_name_token_on_page_without_hostname_match:alliance; attempt_count:2
161176,Alliance Medical Limited,alliance medical limited,Warwick,Warwickshire,West Midlands,Other,Worker,Global Business Mobility: Senior or Specialist Worker,,jgreen@alliance.co.uk,,,low,https://www.alliancemedical.co.uk/,SponsorList,possible_lead_not_accepted:only_one_name_token_on_page_without_hostname_match:alliance; attempt_count:2
161177,Alliance Medical Limited,alliance medical limited,Warwick,Warwickshire,West Midlands,Other,Worker,Global Business Mobility: Senior or Specialist Worker,,jgreen@alliance.co.uk,,,low,https://www.alliancemedical.co.uk/,SponsorList,possible_lead_not_accepted:only_one_name_token_on_page_without_hostname_match:alliance; attempt_count:2
161200,Allied Computer UK Limited,allied computer uk limited,Wembley,,,Other,Worker,Skilled Worker,,,,,unverified,,,no_first_party_identity_verified; attempt_count:1
161201,ALLIED COMPUTER UK LTD,allied computer uk ltd,Wembley,,,Other,Worker,Skilled Worker,,,,,unverified,,,no_first_party_identity_verified; attempt_count:1
161211,ALLIED HEALTH PROFESSIONALS SERVICES LTD,allied health professionals services ltd,Kent,,,Other,Worker,Skilled Worker,,kevin.firman@ahpsuffolk-cic.nhs.uk,,,unverified,,,no_first_party_identity_verified; attempt_count:1; contact_email_domain_not_used_as_website_lead
161212,Allied Health South Lincolnshire Limited,allied health south lincolnshire limited,Moulton,Lincolnshire,East Midlands,Other,Worker,Skilled Worker,,s.oakman@nhs.net,,,unverified,,,no_first_party_identity_verified; attempt_count:2
161247,ALLISON HOUSE THORNABY LIMITED,allison house thornaby limited,THORNABY,STOCKTON-ON-TEES,North East,Other,Worker,Skilled Worker,,,,https://allisonhousethornabylimited.co.uk/,high,https://allisonhousethornabylimited.co.uk/,SponsorList,name_tokens_on_page:allison+house+thornaby;location_on_page; attempt_count:1
161251,Allium UK Holding Limited,allium uk holding limited,Bracknell,,,Other,Worker,Skilled Worker,,,,,unverified,,,no_first_party_identity_verified; attempt_count:1
161252,Allkind Mental Health And Wellbeing,allkind mental health and wellbeing,London,,,Other,Worker,Skilled Worker,,,,,unverified,,,no_first_party_identity_verified; attempt_count:1
161267,allpay Limited,allpay limited,Hereford,Herefordshire,West Midlands,Other,Worker,Skilled Worker,,,,https://www.allpay.net/,high,https://www.allpay.net/,SponsorList,name_tokens_on_page:allpay;name_tokens_on_host:allpay;location_on_page; attempt_count:1
161288,Alltaster Limited,alltaster limited,London,,,Other,Worker,Global Business Mobility: Senior or Specialist Worker,,,,,unverified,,,no_first_party_identity_verified; attempt_count:1
161306,Ally Health Ltd,ally health ltd,London,,,Other,Worker,Skilled Worker,,,,,unverified,,,no_first_party_identity_verified; attempt_count:1
161319,ALMA ENGINEERING CO LTD,alma engineering co ltd,BEDFORSHIRE,,,Other,Worker,Skilled Worker,,,,,low,https://almaengineering.co.uk/,SponsorList,possible_lead_not_accepted:only_one_name_token_on_page_without_hostname_match:alma; attempt_count:1
161375,ALOO GOBI WHALA LIMITED T/A PREMIER,aloo gobi whala limited t a premier,Dipton,Stanley,,Other,Worker,Skilled Worker,,,,,unverified,,,no_first_party_identity_verified; attempt_count:1
161378,ALP Financial Limited,alp financial limited,London,,,Other,Worker,Skilled Worker,,,,https://www.alpfin.com/,high,https://www.alpfin.com/,SponsorList,name_tokens_on_page:alp+financial;location_on_page; attempt_count:1
161395,Alperton Community School,alperton community school,Wembley,,,Other,Worker,Skilled Worker,,,,https://www.alperton.brent.sch.uk/,high,https://www.alperton.brent.sch.uk/,SponsorList,name_tokens_on_page:alperton+community;name_tokens_on_host:alperton;location_on_page; attempt_count:1
161399,Alpha 2 Bravo Aircraft Delivery Limited,alpha 2 bravo aircraft delivery limited,West Halton,Lincolnshire,East Midlands,Other,Worker,Skilled Worker,,,,https://www.alpha2bravo.com/,high,https://www.alpha2bravo.com/,SponsorList,name_tokens_on_page:alpha+aircraft+delivery;location_on_page; attempt_count:1
161402,Alpha Accountancy Services Ltd,alpha accountancy services ltd,Birmingham,,,Other,Worker,Skilled Worker,,,,,unverified,,,no_first_party_identity_verified; attempt_count:1
161416,Alpha Calligraphic Research Cambridge Ltd,alpha calligraphic research cambridge ltd,Cambridge,Cambridgeshire,East of England,Other,Worker,Skilled Worker,,,,,unverified,,,no_first_party_identity_verified; attempt_count:0
161424,Alpha Construction (Pvt) Ltd,alpha construction pvt ltd,Slough,,,Other,Worker,Skilled Worker,,,,,low,https://alphaconstruction.co.uk/,SponsorList,possible_lead_not_accepted:only_one_name_token_on_page_without_hostname_match:alpha; attempt_count:1
161442,Alpha Health& Care Services Ltd,alpha health and care services ltd,Southend on Sea,United Kingdom,,Other,Worker,Skilled Worker,,,,,low,https://alphahealthandcare.co.uk/,SponsorList,possible_lead_not_accepted:only_one_name_token_on_page_without_hostname_match:alpha; attempt_count:1
161475,Alpha Trust,alpha trust,Colchester,Essex,East of England,Other,Worker,Skilled Worker,,,,https://www.alphtrust-uk.com/,medium,https://www.alphtrust-uk.com/,SponsorList,name_tokens_on_page:alpha+trust; attempt_count:1
161529,ALPINE HEALTH LIMITED,alpine health limited,"Milton Keynes, England,",,,Other,Worker,Skilled Worker,,,,,low,https://www.alpinehealthgroup.co.uk/,SponsorList,possible_lead_not_accepted:only_one_name_token_on_page_without_hostname_match:alpine; attempt_count:1
161563,AlSaab Ltd t/a AlSaab Digital Ventures,alsaab ltd t a alsaab digital ventures,London,,,Other,Worker,Skilled Worker,,,,,unverified,,,no_first_party_identity_verified; attempt_count:1
161577,Alspa Construction & Development Ltd,alspa construction and development ltd,MANCHESTER,,,Other,Worker,Skilled Worker,,,,,unverified,,,no_first_party_identity_verified; attempt_count:1
161579,Alstom Engineering and Services Limited,alstom engineering and services limited,Derby,,,Other,Worker,Global Business Mobility: Senior or Specialist Worker,,,,https://www.alstom.com/,medium,https://www.alstom.com/,SponsorList,name_tokens_on_page:alstom;name_tokens_on_host:alstom; attempt_count:1
161580,Alstom Engineering and Services Limited,alstom engineering and services limited,Derby,,,Other,Worker,Global Business Mobility: Senior or Specialist Worker,,,,https://www.alstom.com/,medium,https://www.alstom.com/,SponsorList,name_tokens_on_page:alstom;name_tokens_on_host:alstom; verified_domain_identity_cache_hit; attempt_count:1
161594,Alt21 Ltd,alt21 ltd,London,,,Other,Worker,Skilled Worker,,,,https://www.alt21.com/,high,https://www.alt21.com/,SponsorList,name_tokens_on_page:alt21;name_tokens_on_host:alt21;location_on_page; attempt_count:1
161603,ALTAMIRA ART & DESIGN LTD,altamira art and design ltd,London,,,Other,Worker,Skilled Worker,,,,,unverified,,,no_first_party_identity_verified; attempt_count:1
161607,ALTAN EDUCATION & LANGUAGE CONSULTANCY SERVICES LTD,altan education and language consultancy services ltd,Wimborne,,,Other,Worker,Skilled Worker,,,,,unverified,,,no_first_party_identity_verified; attempt_count:1
161626,Alter Domus UK Limited,alter domus uk limited,London,,,Other,Worker,Global Business Mobility: Senior or Specialist Worker,,,,https://alterdomus.com/,medium,https://alterdomus.com/,SponsorList,name_tokens_on_page:alter+domus; attempt_count:1
161629,Alter Technology TUV NORD UK LTD,alter technology tuv nord uk ltd,Livingston,,,Other,Worker,Skilled Worker,,,,https://www.altertechnology-group.com/,medium,https://www.altertechnology-group.com/en/,SponsorList,name_tokens_on_page:alter+nord; attempt_count:1
161633,Altera Semiconductor Technology UK Limited,altera semiconductor technology uk limited,Marlow,,,Other,Worker,Skilled Worker,,,,https://www.altera.com/,medium,https://www.altera.com/,SponsorList,name_tokens_on_page:altera;name_tokens_on_host:altera; attempt_count:1
161634,Altera Semiconductor Technology UK Limited,altera semiconductor technology uk limited,Marlow,,,Other,Worker,Skilled Worker,,,,https://www.altera.com/,medium,https://www.altera.com/,SponsorList,name_tokens_on_page:altera;name_tokens_on_host:altera; verified_domain_identity_cache_hit; attempt_count:1
161652,Alternatives Trust East London,alternatives trust east london,London,,,Other,Temporary Worker,Charity Worker,,,,,unverified,,,no_first_party_identity_verified; attempt_count:1
161712,Altum Health Limited,altum health limited,London,,,Other,Worker,Skilled Worker,,,,,low,https://www.altumhealth.co.uk/,SponsorList,possible_lead_not_accepted:only_one_name_token_on_page_without_hostname_match:altum; attempt_count:1
161719,Altus Education Partnership,altus education partnership,Rochdale,,,Other,Worker,Skilled Worker,,,,https://www.altusep.com/,high,https://www.altusep.com/,SponsorList,name_tokens_on_page:altus+education;location_on_page; attempt_count:1
161727,Altwood C of E School,altwood c of e school,Maidenhead,Berkshire,South East,Other,Worker,Skilled Worker,,,,,low,https://www.altwoodschool.co.uk/,SponsorList,possible_lead_not_accepted:only_one_name_token_on_page_without_hostname_match:altwood; attempt_count:1
161728,AltynGold plc,altyngold plc,Rikmansworth,,,Other,Worker,Global Business Mobility: Senior or Specialist Worker,,,,,unverified,,,no_first_party_identity_verified; attempt_count:1
161740,ALUMAN SYSTEMS UK LIMITED,aluman systems uk limited,London,,,Other,Worker,Skilled Worker,,,,,low,https://www.grupoaluman.com/es/,SponsorList,possible_lead_not_accepted:only_one_name_token_on_page_without_hostname_match:aluman; attempt_count:1
161758,Alverium Health Limited,alverium health limited,Cobham,Surrey,South East,Other,Worker,Skilled Worker,,,,,unverified,,,no_first_party_identity_verified; attempt_count:0
161763,Alvi Health And Safety Consultancy Company Limited,alvi health and safety consultancy company limited,Hounslow,,,Other,Worker,Skilled Worker,,,,,unverified,,,no_first_party_identity_verified; attempt_count:0
161781,ALYAAN FINANCE SOLUTIONS LTD,alyaan finance solutions ltd,Manchester,,,Other,Worker,Skilled Worker,,,,,unverified,,,no_first_party_identity_verified; attempt_count:0
161792,Alza Accounting & Management Solutions Ltd,alza accounting and management solutions ltd,Wraysbury,Staines Upon Thames,,Other,Worker,Skilled Worker,,,,,unverified,,,no_first_party_identity_verified; attempt_count:0
161847,AMAAN POUND SHOP AND GROCERIES LIMITED,amaan pound shop and groceries limited,Leicester,,,Other,Worker,Skilled Worker,,,,,unverified,,,no_first_party_identity_verified; attempt_count:1
161867,AMAFHH Care Homes Ltd,amafhh care homes ltd,Leicester,,,Other,Worker,Skilled Worker,,,,,unverified,,,no_first_party_identity_verified; attempt_count:1
161894,Amana Trust,amana trust,Romford,Essex,East of England,Other,Temporary Worker,Religious Worker,,,,,unverified,,,no_first_party_identity_verified; attempt_count:1
161895,Amana Trust,amana trust,Romford,Essex,East of England,Other,Temporary Worker,Religious Worker,,,,,unverified,,,no_first_party_identity_verified; attempt_count:1
161896,Amana Trust,amana trust,Romford,Essex,East of England,Other,Temporary Worker,Religious Worker,,,,,unverified,,,no_first_party_identity_verified; attempt_count:1
161900,Amanat Charity Trust (trading as Ummah Welfare Trust),amanat charity trust trading as ummah welfare trust,Greater Manchester,,,Other,Worker,Skilled Worker,,,,https://uwt.org/,medium,https://uwt.org/,SponsorList,name_tokens_on_page:amanat+charity+trust; attempt_count:1
161936,Amari Commodities Ltd,amari commodities ltd,London,,,Other,Worker,Skilled Worker,,,,https://amaricommodities.com/,medium,https://amaricommodities.com/,SponsorList,name_tokens_on_page:amari+commodities; attempt_count:1
161968,Amazing Health Ltd,amazing health ltd,LUTON,,,Other,Worker,Skilled Worker,,,,,unverified,,,no_first_party_identity_verified; attempt_count:1
161971,Amazon Charitable Trust,amazon charitable trust,London,Greater London,London,Other,Worker,Skilled Worker,,,,,low,https://www.aboutamazon.co.uk/,SponsorList,possible_lead_not_accepted:only_one_name_token_on_page_without_hostname_match:amazon; attempt_count:1
161979,AMB Financial Ltd,amb financial ltd,Peterborough,Cambridgeshire,East of England,Other,Worker,Skilled Worker,,,,https://ambfinancial.co.uk/,high,https://ambfinancial.co.uk/,SponsorList,name_tokens_on_page:amb+financial;location_on_page; attempt_count:1
161999,Amber Advisers Limited,amber advisers limited,London,,,Other,Worker,Skilled Worker,,,,,unverified,,,no_first_party_identity_verified; attempt_count:0
162020,Amber Valley Health LImited,amber valley health limited,Heanor,Derbyshire,East Midlands,Other,Worker,Skilled Worker,,,,,unverified,,,no_first_party_identity_verified; attempt_count:0
162021,Amber-RTM Holdings Limited,amber rtm holdings limited,Surrey,,,Other,Worker,Skilled Worker,,,,,unverified,,,no_first_party_identity_verified; attempt_count:0
162023,AmberGreen Health & Social Care Ltd,ambergreen health and social care ltd,Luton,Bedfordshire,East of England,Other,Worker,Skilled Worker,,,,,unverified,,,no_first_party_identity_verified; attempt_count:0
162049,AMBITION COMMUNITY TRUST,ambition community trust,Dukinfield,,,Other,Worker,Skilled Worker,,,,,unverified,,,no_first_party_identity_verified; attempt_count:0
162050,Ambition Education Trust,ambition education trust,St Albans,Herts,,Other,Worker,Skilled Worker,,,,,unverified,,,no_first_party_identity_verified; attempt_count:0
162055,Ambiway Education Ltd,ambiway education ltd,London,,,Other,Worker,Skilled Worker,,,,,unverified,,,no_first_party_identity_verified; attempt_count:0
162068,Ambridge Europe Limited,ambridge europe limited,London,,,Other,Worker,Global Business Mobility: Senior or Specialist Worker,,,,,unverified,,,no_first_party_identity_verified; attempt_count:0
162077,Ambulatory Surgery International Ltd t/a Welbeck Health Partners,ambulatory surgery international ltd t a welbeck health partners,London,,,Other,Worker,Skilled Worker,,,,https://welbeck.com/,high,https://welbeck.com/,SponsorList,name_tokens_on_page:welbeck;name_tokens_on_host:welbeck;location_on_page; attempt_count:2
162082,AMC CARE LTD,amc care ltd,IPSWICH,SUFFOLK,East of England,Other,Worker,Skilled Worker,,,,,unverified,,,no_first_party_identity_verified; attempt_count:0
162083,AMC Consultants (UK) Limited,amc consultants uk limited,Reading,Berkshire,South East,Other,Worker,Global Business Mobility: Senior or Specialist Worker,,,,,unverified,,,no_first_party_identity_verified; attempt_count:0
162106,AMD Contract Services Ltd,amd contract services ltd,Dumfries,Dumfries and Galloway,Scotland,Other,Worker,Skilled Worker,,,,,unverified,,,no_first_party_identity_verified; attempt_count:0
162108,Amdel Medical Ltd,amdel medical ltd,Liverpool,Merseyside,North West,Other,Worker,Skilled Worker,,,,,unverified,,,no_first_party_identity_verified; attempt_count:0
162136,Amer Sports UK Limited,amer sports uk limited,Camberley,SURREY,South East,Other,Worker,Global Business Mobility: Senior or Specialist Worker,,,,,unverified,,,no_first_party_identity_verified; attempt_count:0
162139,Amer Sports UK Services Limited,amer sports uk services limited,Irvine,AYRSHIRE,,Other,Worker,Global Business Mobility: Senior or Specialist Worker,,,,,unverified,,,no_first_party_identity_verified; attempt_count:0
162166,American Lawyer Media International Limited,american lawyer media international limited,London,,,Other,Worker,Skilled Worker,,,,,unverified,,,no_first_party_identity_verified; attempt_count:0
162179,Amersham School,amersham school,Amersham,,,Other,Temporary Worker,Charity Worker,,,,,unverified,,,no_first_party_identity_verified; attempt_count:0
162180,Amersham School,amersham school,Amersham,,,Other,Temporary Worker,Charity Worker,,,,,unverified,,,no_first_party_identity_verified; attempt_count:0
162188,Amethyst Academies Trust,amethyst academies trust,Wolverhampton,,,Other,Worker,Skilled Worker,,,,,unverified,,,no_first_party_identity_verified; attempt_count:0
162193,AMETHYST CARE LTD,amethyst care ltd,TEIGNMOUTH,DEVON,South West,Other,Worker,Skilled Worker,,,,,unverified,,,no_first_party_identity_verified; attempt_count:0
162201,AMFAH LTD,amfah ltd,Old Trafford,,,Other,Worker,Skilled Worker,,,,,unverified,,,no_first_party_identity_verified; attempt_count:0
162210,AMH BUSINESS CONSULTANTS LIMITED.T/A-AMH Construction,amh business consultants limited t a amh construction,Stockton-On-Tees,,,Other,Worker,Skilled Worker,,,,,unverified,,,no_first_party_identity_verified; attempt_count:0
162216,AMI Medical Ltd,ami medical ltd,Nottingham,,,Other,Worker,Skilled Worker,,,,,unverified,,,no_first_party_identity_verified; attempt_count:1
162221,Amica Care Trust,amica care trust,Taunton,Somerset,South West,Other,Worker,Skilled Worker,,,,,unverified,,,no_first_party_identity_verified; attempt_count:0
162236,Amicus Health,amicus health,Tiverton,Devon,South West,Other,Worker,Skilled Worker,,,,,unverified,,,no_first_party_identity_verified; attempt_count:0
162268,AMINA TRADERS LTD,amina traders ltd,Leyton,,,Other,Worker,Skilled Worker,,,,,unverified,,,no_first_party_identity_verified; attempt_count:0
162295,Amitra Capital Limited,amitra capital limited,London,,,Other,Worker,Skilled Worker,,,,,unverified,,,no_first_party_identity_verified; attempt_count:0
162302,Amius Group Limited,amius group limited,London,,,Other,Worker,Global Business Mobility: Senior or Specialist Worker,,,,,unverified,,,no_first_party_identity_verified; attempt_count:1
162358,Amnomics Services Limited,amnomics services limited,Uxbridge,,,Other,Worker,Skilled Worker,,,,,unverified,,,no_first_party_identity_verified; attempt_count:1
162386,Amos Trust,amos trust,London,,,Other,Worker,Skilled Worker,,,,,unverified,,,no_first_party_identity_verified; attempt_count:0
162407,Ampersand Health,ampersand health,London,,,Other,Worker,Skilled Worker,,,,,unverified,,,no_first_party_identity_verified; attempt_count:0
162428,Ampleforth Abbey and College,ampleforth abbey and college,York,North Yorkshire,Yorkshire and the Humber,Other,Worker,Tier 2 Ministers of Religion,,,,,unverified,,,no_first_party_identity_verified; attempt_count:0
162429,Ampleforth Abbey and College,ampleforth abbey and college,York,North Yorkshire,Yorkshire and the Humber,Other,Worker,Tier 2 Ministers of Religion,,,,,unverified,,,no_first_party_identity_verified; attempt_count:0
162430,Ampleforth Abbey and College,ampleforth abbey and college,York,North Yorkshire,Yorkshire and the Humber,Other,Worker,Tier 2 Ministers of Religion,,,,,unverified,,,no_first_party_identity_verified; attempt_count:0
162431,Ampleforth Abbey and College,ampleforth abbey and college,York,North Yorkshire,Yorkshire and the Humber,Other,Worker,Tier 2 Ministers of Religion,,,,,unverified,,,no_first_party_identity_verified; attempt_count:0
162436,Amplifi Group Limited,amplifi group limited,Royal Leamington Spa,Warwickshire,West Midlands,Other,Worker,Skilled Worker,,,,,unverified,,,no_first_party_identity_verified; attempt_count:0
162452,AMPTRON ELECTRICAL SERVICES LIMITED,amptron electrical services limited,Nottingham,,,Other,Worker,Skilled Worker,,,,,unverified,,,no_first_party_identity_verified; attempt_count:0
162453,Ampyr Idea UK Ltd,ampyr idea uk ltd,London,,,Other,Worker,Skilled Worker,,,,,unverified,,,no_first_party_identity_verified; attempt_count:0
162464,Amref Health Africa,amref health africa,London,,,Other,Worker,Skilled Worker,,,,,unverified,,,no_first_party_identity_verified; attempt_count:0
162469,Amro Real Estate Partners Limited,amro real estate partners limited,London,,,Other,Worker,Skilled Worker,,,,,unverified,,,no_first_party_identity_verified; attempt_count:0
162523,AMWINS GLOBAL RISKS GROUP LIMITED,amwins global risks group limited,London,,,Other,Temporary Worker,Global Business Mobility: Graduate Trainee,,,,,unverified,,,no_first_party_identity_verified; attempt_count:0
162534,AMZ Care Ltd,amz care ltd,Slough,Berkshire,South East,Other,Worker,Skilled Worker,,,,,unverified,,,no_first_party_identity_verified; attempt_count:0
162536,Amzia Ltd,amzia ltd,Luton,,,Other,Worker,Skilled Worker,,,,,unverified,,,no_first_party_identity_verified; attempt_count:0
162538,AN ARLESEY VILLAGE LTD,an arlesey village ltd,Norfolk,,,Other,Worker,Skilled Worker,,,,,unverified,,,no_first_party_identity_verified; attempt_count:0
162566,AnaCap Financial Partners Limited,anacap financial partners limited,London,,,Other,Worker,Skilled Worker,,,,,unverified,,,no_first_party_identity_verified; attempt_count:0
162611,Ananda Bhavan Limited,ananda bhavan limited,London,,,Other,Worker,Skilled Worker,,,,,unverified,,,no_first_party_identity_verified; attempt_count:0
162647,ANAYA INVESTMENT LONDON LTD,anaya investment london ltd,London,England,,Other,Worker,Skilled Worker,,,,,unverified,,,no_first_party_identity_verified; attempt_count:0
162666,Anchor Care and Education Limited,anchor care and education limited,Melton Mowbray,,,Other,Worker,Skilled Worker,,,,https://anchorcareandeducation.co.uk/,high,https://anchorcareandeducation.co.uk/,SponsorList,name_tokens_on_page:anchor+education;location_on_page; attempt_count:1
162670,Anchor Financial Advisory Limited,anchor financial advisory limited,Southampton,,,Other,Worker,Skilled Worker,,,,https://www.anchoradvisory.co.uk/,medium,https://www.anchoradvisory.co.uk/,SponsorList,name_tokens_on_page:anchor+financial+advisory; attempt_count:1
162675,Anchor Nursing and Social Care Limited,anchor nursing and social care limited,Dunfermline,Fife,Scotland,Other,Worker,Skilled Worker,,,,https://www.anchor.org.uk/,high,https://www.anchor.org.uk/,SponsorList,name_tokens_on_page:anchor+social;name_tokens_on_host:anchor; attempt_count:1
162677,ANCHOR SERVICE STATION,anchor service station,KENT,,,Other,Worker,Skilled Worker,,,,,unverified,,,no_first_party_identity_verified; attempt_count:1
162686,ANCHORAGE CHAMBERS LTD,anchorage chambers ltd,SALFORD,,,Other,Worker,Skilled Worker,,,,,unverified,,,no_first_party_identity_verified; attempt_count:0
162701,AND Technology Research Limited,and technology research limited,Epping,Essex,East of England,Other,Worker,Skilled Worker,,,,,unverified,,,no_first_party_identity_verified; attempt_count:0
162707,Andaman Surgery,andaman surgery,Lowestoft,Suffolk,East of England,Other,Worker,Skilled Worker,,,,,unverified,,,no_first_party_identity_verified; attempt_count:1
162726,Anderson Pig Farms Limited,anderson pig farms limited,Cookstown,Tyrone,Northern Ireland,Other,Worker,Skilled Worker,,,,https://www.farmtransparency.org/,medium,https://www.farmtransparency.org/,SponsorList,name_tokens_on_page:pig+farms; attempt_count:1
162727,Anderson Ross Accounting and Tax Limited,anderson ross accounting and tax limited,London,,,Other,Worker,Skilled Worker,,,,,unverified,,,no_first_party_identity_verified; attempt_count:1
162738,Andor Technology,andor technology,Belfast,Northern Ireland,Northern Ireland,Other,Worker,Global Business Mobility: Senior or Specialist Worker,,,,,unverified,,,no_first_party_identity_verified; attempt_count:0
162739,Andor Technology,andor technology,Belfast,Northern Ireland,Northern Ireland,Other,Worker,Global Business Mobility: Senior or Specialist Worker,,,,,unverified,,,no_first_party_identity_verified; attempt_count:0
162751,Andra Health Ltd,andra health ltd,Derby,Derbyshire,East Midlands,Other,Worker,Skilled Worker,,,,,unverified,,,no_first_party_identity_verified; attempt_count:0
162781,Andrews Associates Engineers Ltd,andrews associates engineers ltd,Croydon,Surrey,South East,Other,Worker,Skilled Worker,,,,,unverified,,,no_first_party_identity_verified; attempt_count:0
162791,Andromeda Ltd,andromeda ltd,South Harrow,,,Other,Worker,Skilled Worker,,,,,unverified,,,no_first_party_identity_verified; attempt_count:0
162805,ANDY HARMON GROUP LTD,andy harmon group ltd,Sittingbourne,,,Other,Worker,Skilled Worker,,,,,unverified,,,no_first_party_identity_verified; attempt_count:0
162813,Anel Engineering & Contracting Limited,anel engineering and contracting limited,Chester,,,Other,Worker,Global Business Mobility: Senior or Specialist Worker,,,,,unverified,,,no_first_party_identity_verified; attempt_count:0
162814,Anel Engineering & Contracting Limited,anel engineering and contracting limited,Chester,,,Other,Worker,Global Business Mobility: Senior or Specialist Worker,,,,,unverified,,,no_first_party_identity_verified; attempt_count:0
162849,Angel Care Services UK,angel care services uk,Manchester,Lancashire,North West,Other,Worker,Skilled Worker,,,,,unverified,,,no_first_party_identity_verified; attempt_count:0
162878,ANGEL STAR TRADING LTD,angel star trading ltd,Newcastle,,,Other,Worker,Skilled Worker,,,,,unverified,,,no_first_party_identity_verified; attempt_count:0
162898,Angelika Beauty LTD,angelika beauty ltd,London,,,Other,Worker,Skilled Worker,,,,,unverified,,,no_first_party_identity_verified; attempt_count:0
162913,ANGELS ACADEMY LTD,angels academy ltd,Leicester,,,Other,Worker,Skilled Worker,,,,,unverified,,,no_first_party_identity_verified; attempt_count:0
162916,Angels Care Training Academy LTD,angels care training academy ltd,Enfield,,,Other,Worker,Skilled Worker,,,,,unverified,,,no_first_party_identity_verified; attempt_count:0
162985,Anglo European School,anglo european school,Ingatestone,Essex,East of England,Other,Worker,Skilled Worker,,,,https://www.aesessex.co.uk/,high,https://www.aesessex.co.uk/,SponsorList,name_tokens_on_page:anglo+european;location_on_page; attempt_count:1
162994,Anglo Medical Ltd,anglo medical ltd,London,,,Other,Worker,Skilled Worker,,,,,unverified,,,no_first_party_identity_verified; attempt_count:1
163027,Ani's House Ltd,ani s house ltd,Stourport-on-Severn,,,Other,Worker,Skilled Worker,,,,,unverified,,,no_first_party_identity_verified; attempt_count:0
163028,Aniara Ltd,aniara ltd,Richmond,,,Other,Worker,Skilled Worker,,,,,unverified,,,no_first_party_identity_verified; attempt_count:1
163034,ANIKCHEM LIMITED,anikchem limited,London,,,Other,Worker,Skilled Worker,,,,,unverified,,,no_first_party_identity_verified; attempt_count:0
163046,Animal Plant and Health Agency,animal plant and health agency,Addlestone,Surrey,South East,Other,Worker,Skilled Worker,,,,,unverified,,,no_first_party_identity_verified; attempt_count:0
163048,Animal Trust Vets CIC,animal trust vets cic,Ellesmere Port,Cheshire,North West,Other,Worker,Skilled Worker,,,,,unverified,,,no_first_party_identity_verified; attempt_count:0
163056,Animore Limited,animore limited,London,,,Other,Worker,Skilled Worker,,,,https://www.animore.com/,medium,https://www.animore.com/,SponsorList,name_tokens_on_page:animore;name_tokens_on_host:animore; attempt_count:1
163066,ANITA GELATO LONDON LTD,anita gelato london ltd,LONDON,,,Other,Worker,Skilled Worker,,,,,unverified,,,no_first_party_identity_verified; attempt_count:0
163071,Anivith Ltd T/A MFG Wood Street Service Station,anivith ltd t a mfg wood street service station,Barnet,Hertfordshire,East of England,Other,Worker,Skilled Worker,,,,,unverified,,,no_first_party_identity_verified; attempt_count:0
163095,Anjuma Raza E Mustafa,anjuma raza e mustafa,Newport,,,Other,Worker,Tier 2 Ministers of Religion,,,,,unverified,,,no_first_party_identity_verified; attempt_count:0
163100,Anka Accountancy Ltd,anka accountancy ltd,East Sussex/Hove,,,Other,Worker,Skilled Worker,,,,https://ankaaccountancy.uk/,high,https://ankaaccountancy.uk/,SponsorList,name_tokens_on_page:anka+accountancy;location_on_page; attempt_count:1
163103,Anker Technology (UK) Ltd,anker technology uk ltd,Watford,Hertfordshire,East of England,Other,Worker,Global Business Mobility: Senior or Specialist Worker,,,,,unverified,,,no_first_party_identity_verified; attempt_count:0
163104,Anker Technology (UK) Ltd,anker technology uk ltd,Watford,Hertfordshire,East of England,Other,Worker,Global Business Mobility: Senior or Specialist Worker,,,,,unverified,,,no_first_party_identity_verified; attempt_count:0
163132,ANNA HEALTH & BEAUTY LTD,anna health and beauty ltd,Northampton,,,Other,Worker,Skilled Worker,,,,,unverified,,,no_first_party_identity_verified; attempt_count:0
163137,ANNA TRAVEL & SCHOOL SERVICES LTD,anna travel and school services ltd,Crawley,West Sussex,South East,Other,Worker,Skilled Worker,,,,,unverified,,,no_first_party_identity_verified; attempt_count:0
163141,Annahat Group Limited,annahat group limited,Hounslow,,,Other,Worker,Skilled Worker,,,,,unverified,,,no_first_party_identity_verified; attempt_count:0
163162,Anne Shine Charity UK,anne shine charity uk,Middlesex,,,Other,Temporary Worker,Charity Worker,,,,,unverified,,,no_first_party_identity_verified; attempt_count:0
163205,ANR Manufacturing Services Ltd,anr manufacturing services ltd,Bourne End,Buckinghamshire,South East,Other,Worker,Skilled Worker,,,,,unverified,,,no_first_party_identity_verified; attempt_count:0
163230,Anschutz Sports Holdings Ltd.,anschutz sports holdings ltd,London,,,Other,Temporary Worker,Creative Worker,,,,,unverified,,,no_first_party_identity_verified; attempt_count:0
163233,ANSELL ELECTRICAL PRODUCTS LIMITED,ansell electrical products limited,Warrington,,,Other,Worker,Global Business Mobility: Senior or Specialist Worker,,,,,unverified,,,no_first_party_identity_verified; attempt_count:1
163234,ANSELL ELECTRICAL PRODUCTS LIMITED,ansell electrical products limited,Warrington,,,Other,Worker,Global Business Mobility: Senior or Specialist Worker,,,,,unverified,,,no_first_party_identity_verified; attempt_count:1
163241,Ansimicro Software UK Limited,ansimicro software uk limited,Gloucester,Gloucestershire,South West,Other,Temporary Worker,Global Business Mobility: Graduate Trainee,,,,,unverified,,,no_first_party_identity_verified; attempt_count:0
163242,Ansimicro Software UK Limited,ansimicro software uk limited,Gloucester,Gloucestershire,South West,Other,Temporary Worker,Global Business Mobility: Graduate Trainee,,,,,unverified,,,no_first_party_identity_verified; attempt_count:0
163243,Ansimicro Software UK Limited,ansimicro software uk limited,Gloucester,Gloucestershire,South West,Other,Temporary Worker,Global Business Mobility: Graduate Trainee,,,,,unverified,,,no_first_party_identity_verified; attempt_count:0
163246,ANSONG DESIGN + BUILD LIMITED,ansong design build limited,FELTHAM,MIDDLESEX,,Other,Worker,Skilled Worker,,,,,unverified,,,no_first_party_identity_verified; attempt_count:0
163252,Anstey Hall Events Limited,anstey hall events limited,Cambridge,Cambridgeshire,East of England,Other,Worker,Skilled Worker,,,,,unverified,,,no_first_party_identity_verified; attempt_count:0
163257,Anston Physiotherapy Ltd,anston physiotherapy ltd,Sheffield,South Yorkshire,Yorkshire and the Humber,Other,Worker,Skilled Worker,,,,,unverified,,,no_first_party_identity_verified; attempt_count:0
163287,Anthem Schools Trust,anthem schools trust,London,London,London,Other,Worker,Skilled Worker,,,,,unverified,,,no_first_party_identity_verified; attempt_count:0
163304,Anthony Toby Homes Trust,anthony toby homes trust,Wokingham,,,Other,Worker,Skilled Worker,,,,,unverified,,,no_first_party_identity_verified; attempt_count:0
163325,Antioch Community Trust,antioch community trust,Acton,London,London,Other,Temporary Worker,Charity Worker,,,,,unverified,,,no_first_party_identity_verified; attempt_count:0
163326,Antioch Community Trust,antioch community trust,Acton,London,London,Other,Temporary Worker,Charity Worker,,,,,unverified,,,no_first_party_identity_verified; attempt_count:0
163343,Antony  Co Accountants Ltd,antony co accountants ltd,Sutton Coldfield,Please select,,Other,Worker,Skilled Worker,,,,,unverified,,,no_first_party_identity_verified; attempt_count:0
163344,ANTONY AMALATHAS SOOSAIPILLAI T/A TOP SHOP,antony amalathas soosaipillai t a top shop,Mexborough,South Yorkshire,Yorkshire and the Humber,Other,Worker,Skilled Worker,,,,,unverified,,,no_first_party_identity_verified; attempt_count:0
163359,ANU FOOD STORE LTD,anu food store ltd,Motherwell,,,Other,Worker,Skilled Worker,,,,,unverified,,,no_first_party_identity_verified; attempt_count:0
163391,Anyskills Inc. Limited,anyskills inc limited,Ipswich,,,Other,Worker,Skilled Worker,,,,,unverified,,,no_first_party_identity_verified; attempt_count:0
163405,ANZ DIGITAL LIMITED,anz digital limited,"Welwyn Garden City,",,,Other,Worker,Skilled Worker,,,,,unverified,,,no_first_party_identity_verified; attempt_count:0
163410,ANZUK EDUCATION LTD,anzuk education ltd,LONDON,,,Other,Worker,Skilled Worker,,,,,unverified,,,no_first_party_identity_verified; attempt_count:1
163445,AP Barnet MAT Oak Hill School,ap barnet mat oak hill school,London,Hertfordshire,East of England,Other,Worker,Skilled Worker,,,,https://www.apoakhill.org.uk/,medium,https://www.apoakhill.org.uk/,SponsorList,name_tokens_on_page:barnet+oak+hill; attempt_count:1
163450,AP Financial Limited,ap financial limited,Ashford,,,Other,Worker,Skilled Worker,,,,,unverified,,,no_first_party_identity_verified; attempt_count:1
163489,APCO Worldwide,apco worldwide,London,,,Other,Worker,Global Business Mobility: Senior or Specialist Worker,,,,,unverified,,,no_first_party_identity_verified; attempt_count:1
163495,Apeiron Investment Advisory UK Limited,apeiron investment advisory uk limited,London,,,Other,Worker,Skilled Worker,,,,https://www.apeiron.com/,high,https://www.apeiron.com/,SponsorList,name_tokens_on_page:apeiron+investment;name_tokens_on_host:apeiron;location_on_page; attempt_count:1
163516,Apex Additive Technologies Ltd,apex additive technologies ltd,Ebbw Vale,,,Other,Worker,Skilled Worker,,,,https://www.apex.tech/,high,https://www.apex.tech/,SponsorList,name_tokens_on_page:apex+additive+technologies;name_tokens_on_host:apex;location_on_page; attempt_count:1
163565,Apex Prime Care,apex prime care,Cheltenham,Gloucestershire,South West,Other,Worker,Skilled Worker,,,,https://www.apexprimecare.org/,high,https://www.apexprimecare.org/,SponsorList,name_tokens_on_page:apex+prime;location_on_page; attempt_count:1
163580,APEXCO LIMITED t/a Furthergate Service Station - Shell,apexco limited t a furthergate service station shell,Blackburn,,,Other,Worker,Skilled Worker,,,,,unverified,,,no_first_party_identity_verified; attempt_count:0
163582,APEXIGHT ACCOUNTING SERVICE LIMITED,apexight accounting service limited,Dartford,,,Other,Worker,Skilled Worker,,,,,unverified,,,no_first_party_identity_verified; attempt_count:0
163586,APFUTURA UK SERVICES LTD,apfutura uk services ltd,London,,,Other,Worker,Global Business Mobility: Senior or Specialist Worker,,,,,unverified,,,no_first_party_identity_verified; attempt_count:0
163641,Apollo Education UK Limited,apollo education uk limited,Crewe,Cheshire,North West,Other,Worker,Skilled Worker,,,,,unverified,,,no_first_party_identity_verified; attempt_count:1
163642,Apollo Enterprise Strategies UK Ltd,apollo enterprise strategies uk ltd,London,,,Other,Worker,Global Business Mobility: Senior or Specialist Worker,,,,https://www.apollo.com/,high,https://www.apollo.com/,SponsorList,name_tokens_on_page:apollo+strategies;name_tokens_on_host:apollo; attempt_count:1
163675,Apostolic Faith Mission UK,apostolic faith mission uk,London,Southwark,,Other,Worker,Tier 2 Ministers of Religion,,,,https://apostolicfaith.org.uk/,medium,https://apostolicfaith.org.uk/,SponsorList,name_tokens_on_page:apostolic+faith+mission; attempt_count:1
163680,APP TECH DEVELOPMENT LIMITED,app tech development limited,London,,,Other,Worker,Skilled Worker,,,,,unverified,,,no_first_party_identity_verified; attempt_count:1
163684,Apparel-Tech UK LTD,apparel tech uk ltd,London,,,Other,Worker,Skilled Worker,,,,,unverified,,,no_first_party_identity_verified; attempt_count:1
163689,Appeal Marketing Ltd t/a Appeal Digital,appeal marketing ltd t a appeal digital,Bristol,,,Other,Worker,Skilled Worker,,,,https://appeal.digital/,high,https://appeal.digital/,SponsorList,name_tokens_on_page:appeal+digital;name_tokens_on_host:appeal+digital;location_on_page; attempt_count:1
163729,Apple Montessori School London Limited,apple montessori school london limited,Ealing,London,London,Other,Worker,Skilled Worker,,,,https://applemontessorilondon.co.uk/,high,https://applemontessorilondon.co.uk/,SponsorList,name_tokens_on_page:apple+montessori+london;location_on_page; attempt_count:1
163735,APPLE SOCIAL CARE LTD,apple social care ltd,Preston,,,Other,Worker,Skilled Worker,,,,https://www.apple-homecare.co.uk/,medium,https://www.apple-homecare.co.uk/,SponsorList,name_tokens_on_page:apple;name_tokens_on_host:apple; attempt_count:1
163755,Apples & Snakes Ltd,apples and snakes ltd,London,,,Other,Temporary Worker,Creative Worker,,,,https://applesandsnakes.org/,high,https://applesandsnakes.org/,verified_company_site_source_host,name_tokens_on_page:apples+snakes;location_on_page; attempt_count:1
163757,APPLESAM LTD,applesam ltd,ANGEL,,,Other,Worker,Skilled Worker,,,,,unverified,,,no_first_party_identity_verified; attempt_count:1
163766,Applewood Support,applewood support,Nuneaton,,,Other,Worker,Skilled Worker,,,,https://applewoodsupport.com/,high,https://applewoodsupport.com/,SponsorList,name_tokens_on_page:applewood+support;location_on_page; attempt_count:1
163783,Applied Manufacturing Technologies Ltd,applied manufacturing technologies ltd,Pembroke,Dyfed,,Other,Worker,Skilled Worker,,,,https://appliedmfg.com/,medium,https://appliedmfg.com/,SponsorList,name_tokens_on_page:applied+technologies; attempt_count:1
163785,Applied Materials UK Ltd,applied materials uk ltd,Reading,Berkshire,South East,Other,Worker,Global Business Mobility: Senior or Specialist Worker,,,,https://www.appliedmaterials.com/,medium,https://www.appliedmaterials.com/,SponsorList,name_tokens_on_page:applied+materials; attempt_count:1
163793,Applied Technology Developments Ltd,applied technology developments ltd,Leicester,Leicestershire,East Midlands,Other,Worker,Skilled Worker,,,,,unverified,,,no_first_party_identity_verified; attempt_count:1
163798,Apply Digital UK Ltd,apply digital uk ltd,London,,,Other,Worker,Skilled Worker,,,,https://www.applydigital.com/,medium,https://www.applydigital.com/,SponsorList,name_tokens_on_page:apply+digital; attempt_count:1
163818,APPS I.T. LIMITED,apps i t limited,Bromley,Kent,South East,Other,Worker,Skilled Worker,,,,,unverified,,,no_first_party_identity_verified; attempt_count:0
163821,Appsatile PM Ltd,appsatile pm ltd,Gateshead,Tyne & Wear,,Other,Worker,Skilled Worker,,,,,unverified,,,no_first_party_identity_verified; attempt_count:1
163852,AprilMay (UK) Ltd,aprilmay uk ltd,London,,,Other,Temporary Worker,Creative Worker,,,,,unverified,,,no_first_party_identity_verified; attempt_count:1
163860,Apron Payments Limited,apron payments limited,London,,,Other,Worker,Skilled Worker,,,,,unverified,,,no_first_party_identity_verified; attempt_count:1; company_site_source_host_not_eligible
163885,ApTap LTD,aptap ltd,London,,,Other,Worker,Skilled Worker,,,,,unverified,,,no_first_party_identity_verified; attempt_count:1
163892,Aptior Capital Services (UK) Limited,aptior capital services uk limited,London,,,Other,Worker,Skilled Worker,,,,https://www.aptiorcapital.com/,high,https://www.aptiorcapital.com/,SponsorList,name_tokens_on_page:aptior+capital;location_on_page; attempt_count:1
163905,Apuljack Engineering,apuljack engineering,East Brent,Somerset,South West,Other,Worker,Skilled Worker,,,,,unverified,,,no_first_party_identity_verified; attempt_count:1
163917,AQA Education,aqa education,Manchester,,,Other,Worker,Skilled Worker,,,,,unverified,,,no_first_party_identity_verified; attempt_count:2
163944,AQUA MEDICAL LABORATORIES LTD,aqua medical laboratories ltd,London,,,Other,Worker,Skilled Worker,,,,,unverified,,,no_first_party_identity_verified; attempt_count:1
163949,Aqua Security Software UK LTD,aqua security software uk ltd,London,,,Other,Worker,Skilled Worker,,,,https://www.aquasec.com/,medium,https://www.aquasec.com/,SponsorList,name_tokens_on_page:aqua+security; attempt_count:1
163950,Aqua Security Software UK LTD,aqua security software uk ltd,London,,,Other,Worker,Skilled Worker,,,,https://www.aquasec.com/,medium,https://www.aquasec.com/,SponsorList,name_tokens_on_page:aqua+security; verified_domain_identity_cache_hit; attempt_count:1
163972,Aquanzo Ltd,aquanzo ltd,Roslin,,,Other,Worker,Skilled Worker,,,,,unverified,,,no_first_party_identity_verified; attempt_count:0
163974,AQUAPHOR UK LTD,aquaphor uk ltd,Reading,Berkshire,South East,Other,Worker,Skilled Worker,,,,,unverified,,,no_first_party_identity_verified; attempt_count:0
163978,Aquarius Population Health,aquarius population health,London,,,Other,Worker,Skilled Worker,,,,,unverified,,,no_first_party_identity_verified; attempt_count:0
163986,Aquatem Services Limited,aquatem services limited,Hamilton,,,Other,Worker,Skilled Worker,,,,,unverified,,,no_first_party_identity_verified; attempt_count:0
164812,AROGYA CONNECTED HEALTH LTD,arogya connected health ltd,Salford,,,Other,Worker,Skilled Worker,,,,,unverified,,,no_first_party_identity_verified; attempt_count:1
164818,Aroma Care People Ltd,aroma care people ltd,Lutterworth,Leicestershire,East Midlands,Other,Worker,Skilled Worker,,,,,unverified,,,no_first_party_identity_verified; attempt_count:1
164827,Aroma Lounge Kent Limited,aroma lounge kent limited,Sittingbourne,,,Other,Worker,Skilled Worker,,,,,unverified,,,no_first_party_identity_verified; attempt_count:1
164844,Aros Kapital Ltd,aros kapital ltd,London,,,Other,Temporary Worker,Global Business Mobility: Graduate Trainee,,,,https://aroskapital.co.uk/,high,https://aroskapital.co.uk/,SponsorList,name_tokens_on_page:aros+kapital;location_on_page; attempt_count:1
164861,ARR Investment Partners Ltd,arr investment partners ltd,London,,,Other,Worker,Skilled Worker,,,,,unverified,,,no_first_party_identity_verified; attempt_count:1
164886,Arrival Education,arrival education,Leighton Buzzard,,,Other,Worker,Skilled Worker,,,,https://www.wearearrival.com/,medium,https://www.wearearrival.com/,SponsorList,name_tokens_on_page:arrival+education; attempt_count:1
164896,ARROW DIGITAL SPACE LTD,arrow digital space ltd,London,England,,Other,Worker,Skilled Worker,,,,https://www.arrowdigitalspaceltd.co.uk/,high,https://www.arrowdigitalspaceltd.co.uk/,SponsorList,name_tokens_on_page:arrow+digital+space;location_on_page; attempt_count:1
164908,Arrow Medical Limited,arrow medical limited,Kington,Herefordshire,West Midlands,Other,Worker,Global Business Mobility: Senior or Specialist Worker,,,,,low,https://arrowmedical.co.uk/,SponsorList,possible_lead_not_accepted:only_one_name_token_on_page_without_hostname_match:arrow; attempt_count:1
164917,ARROWMEAD LIMITED,arrowmead limited,London,,,Other,Worker,Skilled Worker,,,,,unverified,,,no_first_party_identity_verified; attempt_count:1
164951,Art Africa Ltd,art africa ltd,London,London,London,Other,Worker,Skilled Worker,,,,https://art.africa/,high,https://art.africa/,SponsorList,name_tokens_on_page:art+africa;name_tokens_on_host:art+africa; attempt_count:1
164968,Art Partner Productions Limited,art partner productions limited,LONDON,,,Other,Worker,Global Business Mobility: Senior or Specialist Worker,,,,https://www.artpartner.com/,medium,https://www.artpartner.com/,SponsorList,name_tokens_on_page:art+partner; attempt_count:1
165018,ARTERA LTD,artera ltd,London,,,Other,Worker,Skilled Worker,,,,,unverified,,,no_first_party_identity_verified; attempt_count:0
165025,ArtGeorge Care Services,artgeorge care services,Portsmouth,Hampshire,South East,Other,Worker,Skilled Worker,,,,,unverified,,,no_first_party_identity_verified; attempt_count:1
165044,Artichoke Trust,artichoke trust,London,United Kingdom (+44),,Other,Worker,Skilled Worker,,,,,unverified,,,no_first_party_identity_verified; attempt_count:1
165051,Artifex Creative Webnet Ltd,artifex creative webnet ltd,London,,,Other,Worker,Skilled Worker,,,,https://artifex.co.uk/,medium,https://artifex.co.uk/,SponsorList,name_tokens_on_page:artifex;name_tokens_on_host:artifex; attempt_count:1
165068,Artisan Furniture Ltd,artisan furniture ltd,Manchester,,,Other,Worker,Skilled Worker,,,,,unverified,,,no_first_party_identity_verified; attempt_count:1
165117,ARU Recruitment Ltd T/A ARU Homecare,aru recruitment ltd t a aru homecare,Hull,,,Other,Worker,Skilled Worker,,,,https://www.aru-homecare.co.uk/,high,https://www.aru-homecare.co.uk/,SponsorList,name_tokens_on_page:aru+homecare;name_tokens_on_host:aru+homecare; attempt_count:1
165122,ARUK Global Ltd,aruk global ltd,Leamington Spa,Warwickshire,West Midlands,Other,Worker,Global Business Mobility: Senior or Specialist Worker,,,,,unverified,,,no_first_party_identity_verified; attempt_count:0
165130,Arumarunthu Rajeevan,arumarunthu rajeevan,Wrexham,,,Other,Worker,Skilled Worker,,,,,unverified,,,no_first_party_identity_verified; attempt_count:1
165204,AS builders (Nottingham) limited,as builders nottingham limited,Nottinghamshire,,,Other,Worker,Skilled Worker,,,,,unverified,,,no_first_party_identity_verified; attempt_count:1
165212,AS COVENTRY LTD T/A Accountancy Solutions,as coventry ltd t a accountancy solutions,Coventry,,,Other,Worker,Skilled Worker,,,,,unverified,,,no_first_party_identity_verified; attempt_count:1
165217,AS Foreign Education Consultants Limited,as foreign education consultants limited,Birmingham,,,Other,Worker,Skilled Worker,,,,https://www.asfeconsultants.com/,high,https://www.asfeconsultants.com/,SponsorList,name_tokens_on_page:foreign+education+consultants;location_on_page; attempt_count:2
165225,AS MARYLEBONE LIMITED,as marylebone limited,London,,,Other,Worker,Skilled Worker,,,,,low,https://www.hdwe.co.uk/,SponsorList,possible_lead_not_accepted:only_one_name_token_on_page_without_hostname_match:marylebone; attempt_count:1
165235,AS SUBAH TRUST,as subah trust,London,,,Other,Worker,Skilled Worker,,,,,low,https://assubahoutreach.com/,SponsorList,possible_lead_not_accepted:only_one_name_token_on_page_without_hostname_match:subah; attempt_count:1
165246,ASA GLOBAL SERVICES LTD,asa global services ltd,Birmingham,West Midlands,West Midlands,Other,Worker,Skilled Worker,,,,,unverified,,,no_first_party_identity_verified; attempt_count:0
165249,ASABeauty LTD,asabeauty ltd,hillingdon,middlesex,,Other,Worker,Skilled Worker,,,,,unverified,,,no_first_party_identity_verified; attempt_count:1
165268,Asana Software UK Limited,asana software uk limited,London,,,Other,Worker,Global Business Mobility: Senior or Specialist Worker,,,,,unverified,,,no_first_party_identity_verified; attempt_count:0
165269,Asana Software UK Limited,asana software uk limited,London,,,Other,Worker,Global Business Mobility: Senior or Specialist Worker,,,,,unverified,,,no_first_party_identity_verified; attempt_count:0
165275,ASAP SYSTEMS LIMITED,asap systems limited,FELTHAM,,,Other,Worker,Skilled Worker,,,,,unverified,,,no_first_party_identity_verified; attempt_count:0
165289,ASBUILT DIGITAL UK LIMITED,asbuilt digital uk limited,London,,,Other,Worker,Skilled Worker,,,,,unverified,,,no_first_party_identity_verified; attempt_count:0
165337,Ascertia Limited,ascertia limited,Guildford,,,Other,Worker,Skilled Worker,,,,,unverified,,,no_first_party_identity_verified; attempt_count:0
165345,ASCO UK Ltd,asco uk ltd,Aberdeen,,,Other,Worker,Global Business Mobility: Senior or Specialist Worker,,,,,unverified,,,no_first_party_identity_verified; attempt_count:1
165348,Ascom,ascom,Lichfield,Staffordshire,West Midlands,Other,Worker,Skilled Worker,,,,https://career.ascom.com/,high,https://career.ascom.com/,verified_company_site_source_host,name_tokens_on_page:ascom;name_tokens_on_host:ascom;location_on_page; attempt_count:1
165352,Ascot Accountancy Limited,ascot accountancy limited,Pinner,,,Other,Worker,Skilled Worker,,,,,unverified,,,no_first_party_identity_verified; attempt_count:0
165377,ASD ELECTRICAL LTD,asd electrical ltd,Preston,,,Other,Worker,Skilled Worker,,,,,unverified,,,no_first_party_identity_verified; attempt_count:0
165407,ASFIN SOFTWARE & CONSULTANCY LTD,asfin software and consultancy ltd,London,,,Other,Worker,Skilled Worker,,,,,unverified,,,no_first_party_identity_verified; attempt_count:0
165412,ASG International Trading LTD,asg international trading ltd,Birmingham,,,Other,Worker,Skilled Worker,,,,,unverified,,,no_first_party_identity_verified; attempt_count:0
165430,Ash Accountancy Solutions Ltd,ash accountancy solutions ltd,Aberdeen,,,Other,Worker,Skilled Worker,,,,,unverified,,,no_first_party_identity_verified; attempt_count:0
165438,Ash Manor School,ash manor school,Ash,Surrey,South East,Other,Worker,Skilled Worker,,,,,unverified,,,no_first_party_identity_verified; attempt_count:0
165446,ASH TECH FUTURES LTD,ash tech futures ltd,Strabane,,,Other,Worker,Skilled Worker,,,,,unverified,,,no_first_party_identity_verified; attempt_count:0
165465,Ashbourne College,ashbourne college,London,,,Other,Worker,Skilled Worker,,,,,unverified,,,no_first_party_identity_verified; attempt_count:1
165473,Ashburnham Christian Trust,ashburnham christian trust,East Sussex,,,Other,Temporary Worker,Religious Worker,,,,,unverified,,,no_first_party_identity_verified; attempt_count:0
165474,Ashburnham Christian Trust,ashburnham christian trust,East Sussex,,,Other,Temporary Worker,Religious Worker,,,,,unverified,,,no_first_party_identity_verified; attempt_count:0
165475,Ashburnham Christian Trust,ashburnham christian trust,East Sussex,,,Other,Temporary Worker,Religious Worker,,,,,unverified,,,no_first_party_identity_verified; attempt_count:0
165485,Ashco Investments Ltd,ashco investments ltd,Peebles,,,Other,Worker,Skilled Worker,,,,,unverified,,,no_first_party_identity_verified; attempt_count:0
165496,Ashdene Service Stations limited,ashdene service stations limited,London,,,Other,Worker,Skilled Worker,,,,,unverified,,,no_first_party_identity_verified; attempt_count:0
165507,ASHFIELD EXCELLENCE ACADEMY LIMITED,ashfield excellence academy limited,Ashby-De-La-Zouch,Leicestershire,East Midlands,Other,Worker,Skilled Worker,,,,,unverified,,,no_first_party_identity_verified; attempt_count:0
165508,Ashfield Health Ltd,ashfield health ltd,Macclesfield,,,Other,Worker,Skilled Worker,,michaella.guilyfoyle@nhs.net,,,unverified,,,no_first_party_identity_verified; attempt_count:1
165526,Ashford Medical Partnership (Dr A Naky & Partners),ashford medical partnership dr a naky and partners,Ashford,Kent,South East,Other,Worker,Skilled Worker,,,,,unverified,,,no_first_party_identity_verified; attempt_count:0
165532,Ashford School,ashford school,Ashford,Kent,South East,Other,Worker,Skilled Worker,,,,,unverified,,,no_first_party_identity_verified; attempt_count:0
165533,Ashford Specsavers Limited T/A Specsavers Opticians,ashford specsavers limited t a specsavers opticians,Ashford,Kent,South East,Other,Worker,Skilled Worker,,,,,unverified,,,no_first_party_identity_verified; attempt_count:0
165565,ASHLEY COURT CARE LIMITED,ashley court care limited,PENN,,,Other,Worker,Skilled Worker,,,,,unverified,,,no_first_party_identity_verified; attempt_count:0
165572,Ashley Lodge,ashley lodge,BIRMINGHAM,,,Other,Worker,Skilled Worker,,,,,unverified,,,no_first_party_identity_verified; attempt_count:0
165588,Ashlyns School,ashlyns school,Berkhamsted,Hertfordshire,East of England,Other,Worker,Skilled Worker,,,,,unverified,,,no_first_party_identity_verified; attempt_count:0
165604,Ashorne Hill Management College,ashorne hill management college,Leamington Spa,Warwickshire,West Midlands,Other,Worker,Skilled Worker,,,,https://ashornehill.co.uk/,high,https://ashornehill.co.uk/,SponsorList,name_tokens_on_page:ashorne+hill+management;location_on_page; attempt_count:1
165615,Ashridge (Bonar Law Memorial) Trust,ashridge bonar law memorial trust,Berkhamsted,Herts,,Other,Worker,Skilled Worker,,,,,unverified,,,no_first_party_identity_verified; attempt_count:0
165617,Ashsam Medical Ltd,ashsam medical ltd,COLCHESTER,Essex,East of England,Other,Worker,Skilled Worker,,,,,unverified,,,no_first_party_identity_verified; attempt_count:0
165621,Ashtad Limited,ashtad limited,Glasgow,- None -,,Other,Worker,Skilled Worker,,,,,unverified,,,no_first_party_identity_verified; attempt_count:0
165634,Ashton Central Mosque Charitable Trust,ashton central mosque charitable trust,Ashton-Under-Lyne,Lancashire,North West,Other,Temporary Worker,Charity Worker,,,,https://www.ashtoncentralmosque.com/,high,https://www.ashtoncentralmosque.com/,SponsorList,name_tokens_on_page:ashton+central+mosque;location_on_page; attempt_count:1
165656,ASHU DUNDEE LIMITED,ashu dundee limited,Kirkton Of Auchterhouse,,,Other,Worker,Skilled Worker,,,,,unverified,,,no_first_party_identity_verified; attempt_count:0
165665,Ashville College,ashville college,Harrogate,N Yorkshire,,Other,Worker,Skilled Worker,,,,,unverified,,,no_first_party_identity_verified; attempt_count:0
165673,Ashwood House Limited,ashwood house limited,Leyton,London,London,Other,Worker,Skilled Worker,,,,,unverified,,,no_first_party_identity_verified; attempt_count:0
165748,ASID TECH PVT LTD.,asid tech pvt ltd,Birmingham,,,Other,Worker,Skilled Worker,,,,,unverified,,,no_first_party_identity_verified; attempt_count:0
165776,ASK GLOBAL ACCOUNTANCY SERVICES LTD,ask global accountancy services ltd,CARSHALTON,Surrey,South East,Other,Worker,Skilled Worker,,,,,unverified,,,no_first_party_identity_verified; attempt_count:0
165784,Ask Silver Ltd,ask silver ltd,London,,,Other,Worker,Skilled Worker,,,,https://www.asksilver.com/,medium,https://www.asksilver.com/,SponsorList,name_tokens_on_page:ask+silver; attempt_count:1
165828,Asmat Accountancy Services Limited,asmat accountancy services limited,Slough,Berkshire,South East,Other,Worker,Skilled Worker,,,,,unverified,,,no_first_party_identity_verified; attempt_count:0
165864,Aspect Capital Limited,aspect capital limited,London,,,Other,Worker,Skilled Worker,,,,,unverified,,,no_first_party_identity_verified; attempt_count:0
165866,Aspect Education Limited,aspect education limited,London,,,Other,Worker,Skilled Worker,,,,,unverified,,,no_first_party_identity_verified; attempt_count:0
165867,Aspect Education Limited,aspect education limited,London,,,Other,Worker,Skilled Worker,,,,,unverified,,,no_first_party_identity_verified; attempt_count:0
165868,Aspect Education Limited,aspect education limited,London,,,Other,Worker,Skilled Worker,,,,,unverified,,,no_first_party_identity_verified; attempt_count:0
165874,Aspect Lifts Ltd,aspect lifts ltd,Swanley,Kent,South East,Other,Worker,Skilled Worker,,,,,unverified,,,no_first_party_identity_verified; attempt_count:0
165876,Aspect Software UK Limited,aspect software uk limited,Hayes,,,Other,Worker,Skilled Worker,,,,,unverified,,,no_first_party_identity_verified; attempt_count:0
165917,ASPIRATIONS ACADEMIES TRUST,aspirations academies trust,Hounslow,Middlesex,,Other,Worker,Skilled Worker,,,,,unverified,,,no_first_party_identity_verified; attempt_count:1
165927,ASPIRE EXCEL LTD,aspire excel ltd,Barking,,,Other,Worker,Skilled Worker,,,,https://aspireexcellocums.com/,high,https://aspireexcellocums.com/,SponsorList,name_tokens_on_page:aspire+excel;location_on_page; attempt_count:1
165943,Aspire Medical Health,aspire medical health,Rochester,Kent,South East,Other,Worker,Skilled Worker,,,,,unverified,,,no_first_party_identity_verified; attempt_count:1
165961,Aspire Wellbeing Limited,aspire wellbeing limited,Newcastle upon Tyne,,,Other,Worker,Skilled Worker,,,,https://aspirewell.co.uk/,medium,https://aspirewell.co.uk/,SponsorList,name_tokens_on_page:aspire+wellbeing; attempt_count:1
165963,ASPIRED DIGITAL LTD,aspired digital ltd,Ilford,,,Other,Worker,Skilled Worker,,,,,unverified,,,no_first_party_identity_verified; attempt_count:1
165975,ASQ Education Ltd,asq education ltd,London,,,Other,Worker,Skilled Worker,,,,,unverified,,,no_first_party_identity_verified; attempt_count:1
165982,ASR Worldwide Limited,asr worldwide limited,Uxbridge,Middlesex,,Other,Worker,Skilled Worker,,,,,unverified,,,no_first_party_identity_verified; attempt_count:1
166009,Assembly Studios Ltd,assembly studios ltd,London,,,Other,Worker,Skilled Worker,,,,https://assemblystudios.com/,high,https://assemblystudios.com/,SponsorList,name_tokens_on_page:assembly+studios;location_on_page; attempt_count:1
166034,Assets Integrated Limited,assets integrated limited,London,,,Other,Worker,Skilled Worker,,,,https://assets-integrated.co.uk/,high,https://assets-integrated.co.uk/,SponsorList,name_tokens_on_page:assets+integrated;name_tokens_on_host:assets+integrated; attempt_count:1
166047,Assist Digital EU Limited,assist digital eu limited,LONDON,,,Other,Worker,Skilled Worker,,,,https://assistdigital.com/,medium,https://assistdigital.com/,SponsorList,name_tokens_on_page:assist+digital; attempt_count:1
166082,Association for Financial Markets in Europe,association for financial markets in europe,London,,,Other,Worker,Skilled Worker,,,,https://www.afme.eu/,high,https://www.afme.eu/,SponsorList,name_tokens_on_page:financial+markets+europe;location_on_page; attempt_count:1
166094,Association of Professional Property Eductors,association of professional property eductors,London,,,Other,Worker,Skilled Worker,,,,,unverified,,,no_first_party_identity_verified; attempt_count:1
166158,Asthma and Allergy Foundation,asthma and allergy foundation,Aberdeen,,,Other,Worker,Skilled Worker,,,,,unverified,,,no_first_party_identity_verified; attempt_count:1
166173,Aston Black Ltd,aston black ltd,Milton Keynes,Bucks,,Other,Worker,Skilled Worker,,,,https://accountantmk.co.uk/,high,https://accountantmk.co.uk/,SponsorList,name_tokens_on_page:aston+black;location_on_page; attempt_count:1
166176,Aston Community Education Trust,aston community education trust,Shirebrook,Nottinghamshire,East Midlands,Other,Worker,Skilled Worker,,,,https://www.astoncetrust.org/,high,https://www.astoncetrust.org/,SponsorList,name_tokens_on_page:aston+community+education+trust;location_on_page; attempt_count:1
166192,Aston Students' Union,aston students union,Birmingham,West Midlands,West Midlands,Other,Worker,Skilled Worker,,,,https://www.astonsu.com/,high,https://www.astonsu.com/,SponsorList,name_tokens_on_page:aston+students+union;location_on_page; attempt_count:1
166221,Astral Accountancy Services Ltd,astral accountancy services ltd,Chipping Norton,Oxon,,Other,Worker,Skilled Worker,,,,,unverified,,,no_first_party_identity_verified; attempt_count:1
166237,ASTRO TAPAS AND COCKTAIL BAR LTD,astro tapas and cocktail bar ltd,London,,,Other,Worker,Skilled Worker,,,,https://www.astrococktailbar.co.uk/,high,https://www.astrococktailbar.co.uk/,SponsorList,name_tokens_on_page:astro+cocktail+bar;location_on_page; attempt_count:1
166241,Astroscale Ltd,astroscale ltd,Didcot,Oxfordshire,South East,Other,Worker,Global Business Mobility: Senior or Specialist Worker,,,,https://www.astroscale.com/,medium,https://www.astroscale.com/en,SponsorList,name_tokens_on_page:astroscale;name_tokens_on_host:astroscale; attempt_count:1
166248,Astute Data Systems Ltd,astute data systems ltd,Canterbury,Kent,South East,Other,Worker,Skilled Worker,,,,,unverified,,,no_first_party_identity_verified; attempt_count:0
166261,ASUSTEK (UK) LIMITED,asustek uk limited,HEMEL HEMPSTEAD,HERTFORDSHIRE,East of England,Other,Worker,Global Business Mobility: Senior or Specialist Worker,,,,,unverified,,,no_first_party_identity_verified; attempt_count:1
166271,ASVSH ACCOUNTANCY SERVICES LTD,asvsh accountancy services ltd,London,,,Other,Worker,Skilled Worker,,,,,unverified,,,no_first_party_identity_verified; attempt_count:1
166279,Asylum Retail Limited t/as Damaged Society,asylum retail limited t as damaged society,Derby,,,Other,Worker,Skilled Worker,,,,,unverified,,,no_first_party_identity_verified; attempt_count:1
166288,AT Digital Ltd,at digital ltd,Hounslow,London,London,Other,Worker,Skilled Worker,,,,,low,https://atdigital.co.uk/,SponsorList,possible_lead_not_accepted:only_one_name_token_on_page_without_hostname_match:digital; attempt_count:1
166302,AT&T ISTEL,at and t istel,London,,,Other,Worker,Global Business Mobility: Senior or Specialist Worker,,,,,unverified,,,no_first_party_identity_verified; attempt_count:1
166305,AT3N LTD,at3n ltd,London,,,Other,Worker,Skilled Worker,,,,,unverified,,,no_first_party_identity_verified; attempt_count:1
166309,ATA HOME LTD,ata home ltd,Colchester,,,Other,Worker,Skilled Worker,,,,,unverified,,,no_first_party_identity_verified; attempt_count:1
166316,ATAG Heating Technology UK Limited,atag heating technology uk limited,West Malling,,,Other,Worker,Skilled Worker,,,,,unverified,,,no_first_party_identity_verified; attempt_count:1
166318,ATAK ENGINEERING UK LTD,atak engineering uk ltd,London,,,Other,Worker,Skilled Worker,,,,,unverified,,,no_first_party_identity_verified; attempt_count:1
166333,ATB Group UK Limited,atb group uk limited,Norwich,Norfolk,East of England,Other,Worker,Global Business Mobility: Senior or Specialist Worker,,,,,low,https://www.atbgroup.co.uk/,SponsorList,possible_lead_not_accepted:only_one_name_token_on_page_without_hostname_match:atb; attempt_count:1
166345,Atchem Ltd T/A Dev's Chemist,atchem ltd t a dev s chemist,London,,,Other,Worker,Skilled Worker,,,,,unverified,,,no_first_party_identity_verified; attempt_count:1
166358,Atelier One Ltd,atelier one ltd,London,,,Other,Worker,Skilled Worker,,,,https://www.atelierone.com/,medium,https://www.atelierone.com/,SponsorList,name_tokens_on_page:atelier+one; attempt_count:1
166371,ATEN COMMUNICATIONS UK LTD,aten communications uk ltd,London,,,Other,Worker,Skilled Worker,,,,,unverified,,,no_first_party_identity_verified; attempt_count:1
166376,ATEZ UK SOFTWARE TECHNOLOGIES LTD,atez uk software technologies ltd,London,,,Other,Worker,Skilled Worker,,,,,unverified,,,no_first_party_identity_verified; attempt_count:1
166407,Athena Trading Limited,athena trading limited,Chislehurst,,,Other,Worker,Skilled Worker,,,,,unverified,,,no_first_party_identity_verified; attempt_count:1
166411,ATHENEUM LIMITED,atheneum limited,London,,,Other,Worker,Global Business Mobility: Senior or Specialist Worker,,,,https://www.atheneum.ai/,high,https://www.atheneum.ai/,SponsorList,name_tokens_on_page:atheneum;name_tokens_on_host:atheneum;location_on_page; attempt_count:1
166430,Athletica Health Ltd,athletica health ltd,York,,,Other,Worker,Skilled Worker,,,,https://athletica.health/,high,https://athletica.health/,SponsorList,name_tokens_on_page:athletica;name_tokens_on_host:athletica;location_on_page; attempt_count:1
166445,ATI Fibrenet Limited,ati fibrenet limited,London,,,Other,Worker,Skilled Worker,,,,https://atifibrenet.com/,medium,https://atifibrenet.com/,SponsorList,name_tokens_on_page:ati+fibrenet; attempt_count:1
166459,Atkins Brickwork Limited,atkins brickwork limited,Chessington,,,Other,Worker,Skilled Worker,,,,https://www.atkinsbrickwork.co.uk/,high,https://www.atkinsbrickwork.co.uk/,SponsorList,name_tokens_on_page:atkins+brickwork;location_on_page; attempt_count:1
166499,Atlantic Trawlers Kilkeel Ltd,atlantic trawlers kilkeel ltd,Newry,Co Down,,Other,Worker,Skilled Worker,,,,,unverified,,,no_first_party_identity_verified; attempt_count:1
166510,Atlantis Health UK Limited,atlantis health uk limited,London,surrey,South East,Other,Worker,Skilled Worker,,,,,low,https://careers.atlantishealth.com/,verified_company_site_source_host,possible_lead_not_accepted:only_one_name_token_on_page_without_hostname_match:atlantis; attempt_count:2
166594,Atomic Digital Marketing Ltd,atomic digital marketing ltd,Cheshire,,,Other,Worker,Skilled Worker,,,,,unverified,,,no_first_party_identity_verified; attempt_count:1
166641,ATS Applied Tech Systems Ltd,ats applied tech systems ltd,Nuneaton,Warwickshire,West Midlands,Other,Worker,Skilled Worker,,,,https://www.ats-global.com/,high,https://www.ats-global.com/,SponsorList,name_tokens_on_page:ats+systems;name_tokens_on_host:ats; attempt_count:1
166660,Attain Health Management Services Ltd,attain health management services ltd,Buckinghamshire,,,Other,Worker,Skilled Worker,,,,https://attain.co.uk/,high,https://attain.co.uk/,SponsorList,name_tokens_on_page:attain+management;name_tokens_on_host:attain; attempt_count:1
166678,Attio Limited,attio limited,London,,,Other,Worker,Skilled Worker,,,,,unverified,,,no_first_party_identity_verified; attempt_count:2
166690,Attwood Academies,attwood academies,Cranbrook,,,Other,Worker,Skilled Worker,,,,https://www.attwoodacademies.org/,medium,https://www.attwoodacademies.org/,SponsorList,name_tokens_on_page:attwood+academies; attempt_count:1
166700,Atypic Skincare Ltd,atypic skincare ltd,LONDON,Please Select...,,Other,Worker,Skilled Worker,,,,,unverified,,,no_first_party_identity_verified; attempt_count:1
166702,ATZ MEDICAL LTD,atz medical ltd,Peterborough,,,Other,Worker,Skilled Worker,,,,,unverified,,,no_first_party_identity_verified; attempt_count:1
166715,AUBERGINE WITH FLOWER LTD,aubergine with flower ltd,London,,,Other,Worker,Skilled Worker,,,,,unverified,,,no_first_party_identity_verified; attempt_count:1
166834,AUN LTD,aun ltd,Bletchley,Milton Keynes,South East,Other,Worker,Skilled Worker,,,,,unverified,,,no_first_party_identity_verified; attempt_count:1
166835,AUN MEDICAL LTD,aun medical ltd,BARTON SEAGRAVE,,,Other,Worker,Skilled Worker,,,,,unverified,,,no_first_party_identity_verified; attempt_count:1
166836,Aunger Wareham Health Professionals Ltd,aunger wareham health professionals ltd,London,London,London,Other,Worker,Skilled Worker,,,,,low,https://www.finder.bupa.co.uk/,SponsorList,possible_lead_not_accepted:only_one_name_token_on_page_without_hostname_match:professionals; attempt_count:1
166867,Auria Accountancy (Herts ) Ltd,auria accountancy herts ltd,Herts,,,Other,Worker,Skilled Worker,,,,,unverified,,,no_first_party_identity_verified; attempt_count:1
166882,Aurora Care and Education OpCo Ltd,aurora care and education opco ltd,Gloucester,,,Other,Worker,Skilled Worker,,,,https://www.theauroragroup.co.uk/,high,https://www.theauroragroup.co.uk/,SponsorList,name_tokens_on_page:aurora+education+opco;location_on_page; attempt_count:1
166884,Aurora Energy Services Ltd,aurora energy services ltd,Inverness,,,Other,Worker,Skilled Worker,,,,https://www.auroraenergy.co/,medium,https://www.auroraenergy.co/en-gb,SponsorList,name_tokens_on_page:aurora+energy; attempt_count:2
166942,Authentic Education Group,authentic education group,Poole,Dorset,South West,Other,Worker,Skilled Worker,,,,,unverified,,,no_first_party_identity_verified; attempt_count:1
166957,Autify Digital Ltd,autify digital ltd,Nottingham,Nottinghamshire,East Midlands,Other,Worker,Skilled Worker,,,,https://www.autify.co.uk/,high,https://www.autify.co.uk/,SponsorList,name_tokens_on_page:autify+digital;name_tokens_on_host:autify;location_on_page; attempt_count:1
166958,AUTISM AT KINGWOOD,autism at kingwood,Didcot,Oxfordshire,South East,Other,Worker,Skilled Worker,,,,https://www.kingwood.org.uk/,high,https://www.kingwood.org.uk/,SponsorList,name_tokens_on_page:autism+kingwood;name_tokens_on_host:kingwood;location_on_page; attempt_count:2
166993,Auto Specialist Limited,auto specialist limited,Bolton,England,,Other,Worker,Skilled Worker,,,,,low,https://www.autospecialists.co.uk/,SponsorList,possible_lead_not_accepted:only_one_name_token_on_page_without_hostname_match:auto; attempt_count:1
167005,AUTO99 LTD,auto99 ltd,Walton-On-Thames,,,Other,Worker,Skilled Worker,,,,,unverified,,,no_first_party_identity_verified; attempt_count:1
167023,AutoFlow Limited,autoflow limited,Chelford,CHESHIRE,North West,Other,Worker,Skilled Worker,,,,https://autoflow.ltd.uk/,medium,https://autoflow.ltd.uk/,SponsorList,name_tokens_on_page:autoflow;name_tokens_on_host:autoflow; attempt_count:1
167076,Autopack Ltd,autopack ltd,Hereford,Herefordshire,West Midlands,Other,Worker,Skilled Worker,,,,,unverified,,,no_first_party_identity_verified; attempt_count:1
167088,Autosport Media UK Ltd,autosport media uk ltd,Isleworth,,,Other,Worker,Global Business Mobility: Senior or Specialist Worker,,,,,unverified,,,no_first_party_identity_verified; attempt_count:1
167131,AV OLD COMPTON STREET LTD T/A All'Antico Vinaio,av old compton street ltd t a all antico vinaio,London,,,Other,Worker,Global Business Mobility: Senior or Specialist Worker,,,,https://soho-london.co.uk/,high,https://soho-london.co.uk/,SponsorList,name_tokens_on_page:old+street;location_on_page; attempt_count:1
167143,Avacta Group plc,avacta group plc,Wetherby,West Yorkshire,Yorkshire and the Humber,Other,Worker,Skilled Worker,,,,https://avacta.com/,medium,https://avacta.com/,SponsorList,name_tokens_on_page:avacta;name_tokens_on_host:avacta; attempt_count:1
167145,Avadh Limited T/A Sundorne Store & Premier,avadh limited t a sundorne store and premier,Shropshire,,,Other,Worker,Skilled Worker,,,,,unverified,,,no_first_party_identity_verified; attempt_count:0
167155,AVALERE HEALTH GLOBAL LIMITED,avalere health global limited,London,,,Other,Worker,Global Business Mobility: Senior or Specialist Worker,,,,,low,https://avalerehealth.com/,SponsorList,possible_lead_not_accepted:only_one_name_token_on_page_without_hostname_match:avalere; attempt_count:1
167156,AVALERE HEALTH GLOBAL LIMITED,avalere health global limited,London,,,Other,Worker,Global Business Mobility: Senior or Specialist Worker,,,,,low,https://avalerehealth.com/,SponsorList,possible_lead_not_accepted:only_one_name_token_on_page_without_hostname_match:avalere; attempt_count:1
167203,Avanti Schools Trust,avanti schools trust,Stanmore,Middlesex,,Other,Worker,Skilled Worker,,,,https://avantitrust.schoolrecruiter.com/,high,https://avantitrust.schoolrecruiter.com/,verified_company_site_source_host,name_tokens_on_page:avanti+schools+trust;location_on_page; attempt_count:1
167226,Avaya UK,avaya uk,London,London,London,Other,Worker,Global Business Mobility: Senior or Specialist Worker,,,,,unverified,,,no_first_party_identity_verified; attempt_count:1
167227,Avaya UK,avaya uk,London,London,London,Other,Worker,Global Business Mobility: Senior or Specialist Worker,,,,,unverified,,,no_first_party_identity_verified; attempt_count:1
167231,AVC Tech Services,avc tech services,Letchworth Garden City,,,Other,Worker,Skilled Worker,,,,,low,https://avctechnicalservices.co.uk/,SponsorList,possible_lead_not_accepted:only_one_name_token_on_page_without_hostname_match:avc; attempt_count:1
167289,Avi Consulting London Limited,avi consulting london limited,Hounslow,,,Other,Worker,Skilled Worker,,,,https://consultingavi.com/,medium,https://consultingavi.com/,SponsorList,name_tokens_on_page:avi+consulting+london; attempt_count:1
167323,Avicenna (Clinical Centre of Chinese Medicine),avicenna clinical centre of chinese medicine,Hove,East Sussex,South East,Other,Worker,Skilled Worker,,,,https://www.avicenna.co.uk/,high,https://www.avicenna.co.uk/,SponsorList,name_tokens_on_page:avicenna+clinical+centre+chinese+medicine;name_tokens_on_host:avicenna;location_on_page; attempt_count:1
167332,AVIDITY SCIENCE LIMITED,avidity science limited,Aylesbury,,,Other,Worker,Skilled Worker,,,,,unverified,,,no_first_party_identity_verified; attempt_count:1
167350,Avione Saving & Investment Ltd,avione saving and investment ltd,Canterbury,,,Other,Worker,Skilled Worker,,,,,unverified,,,no_first_party_identity_verified; attempt_count:1
167375,Avivets Veterinary Services Ltd,avivets veterinary services ltd,Pickmere,Cheshire,North West,Other,Worker,Skilled Worker,,,,https://www.avivets.com/,medium,https://www.avivets.com/,SponsorList,name_tokens_on_page:avivets;name_tokens_on_host:avivets; attempt_count:1
167380,AVK Power Services Limited,avk power services limited,Lenham,Kent,South East,Other,Worker,Skilled Worker,,,,https://www.avk-seg.com/,high,https://www.avk-seg.com/,SponsorList,name_tokens_on_page:avk+power;name_tokens_on_host:avk; attempt_count:1
167395,AVN MEDICAL LIMITED,avn medical limited,Penrith,,,Other,Worker,Skilled Worker,,,,,unverified,,,no_first_party_identity_verified; attempt_count:0
167405,Avocet Trust,avocet trust,Hull,East Yorkshire,Yorkshire and the Humber,Other,Worker,Skilled Worker,,,,https://avocettrust.co.uk/,high,https://avocettrust.co.uk/,verified_company_site_source_host,name_tokens_on_page:avocet+trust;location_on_page; attempt_count:1
167420,Avon Education Services Ltd,avon education services ltd,Bristol,,,Other,Worker,Skilled Worker,,,,,unverified,,,no_first_party_identity_verified; attempt_count:1
167430,Avon Polymer Products Limited,avon polymer products limited,Melksham,Wiltshire,South West,Other,Worker,Skilled Worker,,,,,unverified,,,no_first_party_identity_verified; attempt_count:1
167452,AVR London,avr london,London,,,Other,Worker,Skilled Worker,,,,,unverified,,,no_first_party_identity_verified; attempt_count:1
167477,AVSL Group Ltd,avsl group ltd,Manchester,,,Other,Worker,Skilled Worker,,,,https://www.avsl.com/,high,https://www.avsl.com/,SponsorList,name_tokens_on_page:avsl;name_tokens_on_host:avsl;location_on_page; attempt_count:1
167490,AVUCCIRIA LIMITED,avucciria limited,Rawtenstall,,,Other,Worker,Skilled Worker,,,,,unverified,,,no_first_party_identity_verified; attempt_count:1
167495,AVYAGRAH UK LTD,avyagrah uk ltd,SLEAFORD,,,Other,Worker,Skilled Worker,,,,,unverified,,,no_first_party_identity_verified; attempt_count:1
167528,Aware Digital Ltd,aware digital ltd,Stoke on Trent,,,Other,Worker,Skilled Worker,,,,https://www.awaredigital.co.uk/,medium,https://www.awaredigital.co.uk/,SponsorList,name_tokens_on_page:aware+digital; attempt_count:1
167538,Awel Homecare Limited,awel homecare limited,Denbighshire,Wales,Wales,Other,Worker,Skilled Worker,,,,https://www.awelhomecareandsupport.com/,medium,https://www.awelhomecareandsupport.com/,SponsorList,name_tokens_on_page:awel+homecare; attempt_count:1
167569,AXA Investment Managers Ltd,axa investment managers ltd,London,,,Other,Worker,Skilled Worker,,,,,unverified,,,no_first_party_identity_verified; attempt_count:1
167570,AXA Investment Managers Ltd,axa investment managers ltd,London,,,Other,Worker,Skilled Worker,,,,,unverified,,,no_first_party_identity_verified; attempt_count:1
167577,Axalux LTD,axalux ltd,belfast,,,Other,Worker,Skilled Worker,,,,,unverified,,,no_first_party_identity_verified; attempt_count:1
167586,Axelbond Ltd,axelbond ltd,London,,,Other,Worker,Skilled Worker,,,,,unverified,,,no_first_party_identity_verified; attempt_count:1
167597,Axia Computer Systems Limited,axia computer systems limited,Watford,Hertfordshire,East of England,Other,Worker,Skilled Worker,,,,,unverified,,,no_first_party_identity_verified; attempt_count:1
167598,Axia Digital Ltd,axia digital ltd,Batley,West Yorkshire,Yorkshire and the Humber,Other,Worker,Skilled Worker,,,,https://www.axiadigital.uk/,medium,https://www.axiadigital.uk/,SponsorList,name_tokens_on_page:axia+digital; attempt_count:1
167601,Axial Medical Printing Limited,axial medical printing limited,Belfast,,,Other,Worker,Skilled Worker,,,,,unverified,,,no_first_party_identity_verified; attempt_count:0
167611,Axiom Engineering Associates Limited,axiom engineering associates limited,Stockton on Tees,,,Other,Worker,Skilled Worker,,,,,unverified,,,no_first_party_identity_verified; attempt_count:1
167617,Axiom Manufacturing Services Limited,axiom manufacturing services limited,Newbridge,Caerphilly,Wales,Other,Worker,Global Business Mobility: Senior or Specialist Worker,,,,https://www.axiom-ms.com/,high,https://www.axiom-ms.com/,SponsorList,name_tokens_on_page:axiom;name_tokens_on_host:axiom;location_on_page; attempt_count:1
167632,Axion Biosystems Manufacturing UK Ltd,axion biosystems manufacturing uk ltd,"Kidlington, Oxford",,,Other,Worker,Skilled Worker,,,,,unverified,,,no_first_party_identity_verified; attempt_count:1
167657,Axium Infrastructure UK Ltd,axium infrastructure uk ltd,London,,,Other,Worker,Global Business Mobility: Senior or Specialist Worker,,,,https://www.axiuminfra.com/,medium,https://www.axiuminfra.com/,SponsorList,name_tokens_on_page:axium+infrastructure; attempt_count:1
167683,AY Accounting Services Ltd,ay accounting services ltd,Slough,,,Other,Worker,Skilled Worker,,,,,unverified,,,no_first_party_identity_verified; attempt_count:1
167699,AYAM SECURITY LIMITED,ayam security limited,Sheffield,UK,,Other,Worker,Skilled Worker,,,,,unverified,,,no_first_party_identity_verified; attempt_count:0
167708,Ayantika Technologies Ltd,ayantika technologies ltd,London,,,Other,Worker,Skilled Worker,,,,https://www.ayantikatechnologies.com/,medium,https://www.ayantikatechnologies.com/,SponsorList,name_tokens_on_page:ayantika+technologies; attempt_count:1
167712,Ayat Trading Limited (Eggfree Cake Box),ayat trading limited eggfree cake box,Newport,,,Other,Worker,Skilled Worker,,,,,unverified,,,no_first_party_identity_verified; attempt_count:1
167725,Ayesha Holyhead Ltd T/A Nuha Tandoori,ayesha holyhead ltd t a nuha tandoori,Gwynedd,,,Other,Worker,Skilled Worker,,,,,unverified,,,no_first_party_identity_verified; attempt_count:1
167729,AYKO Digital Limited t/a AYKO,ayko digital limited t a ayko,Leeds,,,Other,Worker,Skilled Worker,,,,https://www.ayko.com/,high,https://www.ayko.com/,SponsorList,name_tokens_on_page:ayko+digital;name_tokens_on_host:ayko; attempt_count:1
167735,Aylesbury College,aylesbury college,Aylesbury,Bucks,,Other,Worker,Skilled Worker,,,,,low,https://www.buckscollegegroup.ac.uk/,SponsorList,possible_lead_not_accepted:only_one_name_token_on_page_without_hostname_match:aylesbury; attempt_count:2
167738,Aylesbury Used Cars Ltd,aylesbury used cars ltd,Aylesbury,,,Other,Worker,Skilled Worker,,,,,unverified,,,no_first_party_identity_verified; attempt_count:1
167761,Ayr United Football & Athletic Club Ltd,ayr united football and athletic club ltd,Ayr,South Ayrshire,Scotland,Other,Worker,International Sportsperson,,,,https://ayrunitedfc.co.uk/,medium,https://ayrunitedfc.co.uk/,SponsorList,name_tokens_on_page:ayr+football+athletic+club; attempt_count:1
167775,AYT LONDON LIMITED,ayt london limited,London,,,Other,Worker,Skilled Worker,,,,https://aytlondon.co.uk/,high,https://aytlondon.co.uk/,SponsorList,name_tokens_on_page:ayt+london;location_on_page; attempt_count:1
167781,AYU Health Ltd,ayu health ltd,Southampton,,,Other,Worker,Skilled Worker,,,,https://ayu.health/,medium,https://ayu.health/,SponsorList,name_tokens_on_page:ayu;name_tokens_on_host:ayu; attempt_count:1
167785,Ayub Accountancy Limited,ayub accountancy limited,Bolton,Greater Manchester,North West,Other,Worker,Skilled Worker,,,,https://ayubaccountantsltd.co.uk/,medium,https://ayubaccountantsltd.co.uk/,SponsorList,name_tokens_on_page:ayub+accountancy; attempt_count:1
167814,AZ Construction (Midlands) Ltd,az construction midlands ltd,Wolverhampton,,,Other,Worker,Skilled Worker,,,,,unverified,,,no_first_party_identity_verified; attempt_count:1
167819,AZILA LIMITED,azila limited,LONDON,,,Other,Worker,Skilled Worker,,,,https://azila.com/,medium,https://azila.com/,SponsorList,name_tokens_on_page:azila;name_tokens_on_host:azila; attempt_count:1
167842,B&R LONDON LIMITED,b and r london limited,LONDON,,,Other,Worker,Skilled Worker,,,,,unverified,,,no_first_party_identity_verified; attempt_count:1
167873,B-Well Health & Social Care Group Limited,b well health and social care group limited,Milton Keynes,,,Other,Worker,Skilled Worker,,,,https://bwellgroup.org/,high,https://bwellgroup.org/,SponsorList,name_tokens_on_page:well+social;location_on_page; attempt_count:1
167875,B. Braun Medical UK Ltd,b braun medical uk ltd,Sheffield,Yorkshire,Yorkshire and the Humber,Other,Worker,Global Business Mobility: Senior or Specialist Worker,,recruiting.bbmuk@bbraun.com,,,low,https://jobs.bbraun.com/,verified_company_site_source_host,possible_lead_not_accepted:only_one_name_token_on_page_without_hostname_match:braun; attempt_count:3
167876,B. Braun Medical UK Ltd,b braun medical uk ltd,Sheffield,Yorkshire,Yorkshire and the Humber,Other,Worker,Global Business Mobility: Senior or Specialist Worker,,recruiting.bbmuk@bbraun.com,,,low,https://jobs.bbraun.com/,verified_company_site_source_host,possible_lead_not_accepted:only_one_name_token_on_page_without_hostname_match:braun; attempt_count:3
167912,B2B HEATING LTD,b2b heating ltd,Croydon,,,Other,Worker,Skilled Worker,,,,,unverified,,,no_first_party_identity_verified; attempt_count:1
167914,B2B WORKFORCE LTD,b2b workforce ltd,Ilford,,,Other,Worker,Skilled Worker,,,,,unverified,,,no_first_party_identity_verified; attempt_count:0
167916,B2BSALESUK LIMITED trading as THALIM CONSTRUCTION,b2bsalesuk limited trading as thalim construction,Harrow,,,Other,Worker,Skilled Worker,,,,,low,https://thalimconstruction.co.uk/,SponsorList,possible_lead_not_accepted:only_one_name_token_on_page_without_hostname_match:b2bsalesuk; attempt_count:1
167965,BABA BUTCHERS AND GROCERS LIMITED,baba butchers and grocers limited,London,,,Other,Worker,Skilled Worker,,,,https://bababutchersandgrocers.co.uk/,high,https://bababutchersandgrocers.co.uk/,SponsorList,name_tokens_on_page:baba+butchers+grocers;location_on_page; attempt_count:1
167970,Baba Raiya Ltd T/a Taste of Belgium,baba raiya ltd t a taste of belgium,Belfast,,,Other,Worker,Skilled Worker,,,,,unverified,,,no_first_party_identity_verified; attempt_count:1
167989,Babcock & Wilcox Volund Limited,babcock and wilcox volund limited,London,,,Other,Worker,Global Business Mobility: Senior or Specialist Worker,,,,https://www.babcock.com/,high,https://www.babcock.com/,SponsorList,name_tokens_on_page:babcock+wilcox;name_tokens_on_host:babcock; attempt_count:1
168034,Babyfaced Baker Ltd,babyfaced baker ltd,Edinburgh,,,Other,Worker,Skilled Worker,,,,,unverified,,,no_first_party_identity_verified; attempt_count:1
168049,BAC Education Consultancy Ltd,bac education consultancy ltd,Dartford,Kent,South East,Other,Worker,Skilled Worker,,,,https://baceducationcons.co.uk/,high,https://baceducationcons.co.uk/,SponsorList,name_tokens_on_page:bac+education+consultancy;location_on_page; attempt_count:1
168053,Bacardi Global Brands Ltd,bacardi global brands ltd,London,,,Other,Worker,Skilled Worker,,,,https://www.bacardilimited.com/,medium,https://www.bacardilimited.com/,SponsorList,name_tokens_on_page:bacardi+brands; attempt_count:1
168055,Baccalalondon Ltd,baccalalondon ltd,London,,,Other,Worker,Skilled Worker,,,,,unverified,,,no_first_party_identity_verified; attempt_count:1
168069,Back in Motion Physiotherapy & Clinical Pilates Limited,back in motion physiotherapy and clinical pilates limited,Wymondham,Norfolk,East of England,Other,Worker,Skilled Worker,,,,,unverified,,,no_first_party_identity_verified; attempt_count:1
168077,Back to Health,back to health,Mold,,,Other,Worker,Skilled Worker,,,,,unverified,,,no_first_party_identity_verified; attempt_count:1
168085,Backend Tech Services Ltd,backend tech services ltd,Twickenham,,,Other,Worker,Skilled Worker,,,,,unverified,,,no_first_party_identity_verified; attempt_count:0
168096,Backwell School,backwell school,Backwell,,,Other,Worker,Skilled Worker,,,,,low,https://www.backwellschool.net/,SponsorList,possible_lead_not_accepted:only_one_name_token_on_page_without_hostname_match:backwell; attempt_count:1
168097,Backwell School,backwell school,Backwell,,,Other,Worker,Skilled Worker,,,,,low,https://www.backwellschool.net/,SponsorList,possible_lead_not_accepted:only_one_name_token_on_page_without_hostname_match:backwell; attempt_count:1
168117,BADITECH ENGINEERING AND CONSULTANCY LTD,baditech engineering and consultancy ltd,NEWARK,,,Other,Worker,Skilled Worker,,,,https://www.baditech.co.uk/,high,https://www.baditech.co.uk/,SponsorList,name_tokens_on_page:baditech+consultancy;name_tokens_on_host:baditech; attempt_count:1
168119,Badminton Association of England Limited,badminton association of england limited,Milton Keynes,,,Other,Worker,International Sportsperson,,,,,unverified,,,no_first_party_identity_verified; attempt_count:1
168157,Baglioni (UK) Limited,baglioni uk limited,London,,,Other,Worker,Skilled Worker,,,,,unverified,,,no_first_party_identity_verified; attempt_count:1
168169,Bahamas Maritime Authority,bahamas maritime authority,London,,,Other,Temporary Worker,International Agreement,,,,https://www.bahamasmaritime.com/,medium,https://www.bahamasmaritime.com/,SponsorList,name_tokens_on_page:bahamas+maritime+authority; attempt_count:1
168174,BAHIA 1 LTD,bahia 1 ltd,Slough,,,Other,Worker,Skilled Worker,,,,,unverified,,,no_first_party_identity_verified; attempt_count:1
168204,Bainscare Ltd,bainscare ltd,Hertfordshire,,,Other,Worker,Skilled Worker,,,,,unverified,,,no_first_party_identity_verified; attempt_count:1
168211,Baitul Mukarram Mosque Trust,baitul mukarram mosque trust,Leicester,,,Other,Temporary Worker,Charity Worker,,,,https://bmmic.co.uk/,medium,https://bmmic.co.uk/,SponsorList,name_tokens_on_page:baitul+mukarram; attempt_count:1
168212,Baitul Mukarram Mosque Trust,baitul mukarram mosque trust,Leicester,,,Other,Temporary Worker,Charity Worker,,,,https://bmmic.co.uk/,medium,https://bmmic.co.uk/,SponsorList,name_tokens_on_page:baitul+mukarram; verified_domain_identity_cache_hit; attempt_count:1
168213,Baitul Mukarram Mosque Trust,baitul mukarram mosque trust,Leicester,,,Other,Temporary Worker,Charity Worker,,,,https://bmmic.co.uk/,medium,https://bmmic.co.uk/,SponsorList,name_tokens_on_page:baitul+mukarram; verified_domain_identity_cache_hit; attempt_count:1
168214,Baitul Mukarram Mosque Trust,baitul mukarram mosque trust,Leicester,,,Other,Temporary Worker,Charity Worker,,,,https://bmmic.co.uk/,medium,https://bmmic.co.uk/,SponsorList,name_tokens_on_page:baitul+mukarram; verified_domain_identity_cache_hit; attempt_count:1
168240,BAKER BOYS LIMITED,baker boys limited,West Bromwich,West Midlands,West Midlands,Other,Worker,Skilled Worker,,,,https://bakerboys.co.uk/,medium,https://bakerboys.co.uk/,SponsorList,name_tokens_on_page:baker+boys; attempt_count:1
168246,Baker Hughes Energy Technology UK Limited,baker hughes energy technology uk limited,Bristol,,,Other,Temporary Worker,Global Business Mobility: Graduate Trainee,,,,https://www.bakerhughes.com/,medium,https://www.bakerhughes.com/,SponsorList,name_tokens_on_page:baker+hughes+energy; attempt_count:1
168247,Baker Hughes Energy Technology UK Limited,baker hughes energy technology uk limited,Bristol,,,Other,Temporary Worker,Global Business Mobility: Graduate Trainee,,,,https://www.bakerhughes.com/,medium,https://www.bakerhughes.com/,SponsorList,name_tokens_on_page:baker+hughes+energy; verified_domain_identity_cache_hit; attempt_count:1
168248,Baker Hughes Energy Technology UK Limited,baker hughes energy technology uk limited,Bristol,,,Other,Temporary Worker,Global Business Mobility: Graduate Trainee,,,,https://www.bakerhughes.com/,medium,https://www.bakerhughes.com/,SponsorList,name_tokens_on_page:baker+hughes+energy; verified_domain_identity_cache_hit; attempt_count:1
168286,Bala Impex Limited,bala impex limited,Leyton,,,Other,Worker,Skilled Worker,,,,https://balaimpex.com/,medium,https://balaimpex.com/,SponsorList,name_tokens_on_page:bala+impex; attempt_count:1
168308,BALANCEDBITE HEALTH LTD,balancedbite health ltd,London,,,Other,Worker,Skilled Worker,,,,,low,https://balancedbitehealth.co.uk/,SponsorList,possible_lead_not_accepted:only_one_name_token_on_page_without_hostname_match:balancedbite; attempt_count:1
168319,Balcarres Heritage Trust Ltd,balcarres heritage trust ltd,Leven,Fife,Scotland,Other,Worker,Skilled Worker,,,,,low,https://www.oscr.org.uk/,SponsorList,possible_lead_not_accepted:only_one_name_token_on_page_without_hostname_match:trust; attempt_count:1
168320,Balcas Timber Ltd,balcas timber ltd,Enniskillen,Fermanagh,Northern Ireland,Other,Worker,Skilled Worker,,,,https://balcas.com/,high,https://balcas.com/,SponsorList,name_tokens_on_page:balcas+timber;name_tokens_on_host:balcas;location_on_page; attempt_count:1
168334,BALDWIN ELECTRICAL COMPANY (ST.MARYLEBONE) LIMITED,baldwin electrical company st marylebone limited,LONDON,,,Other,Worker,Skilled Worker,,,,https://www.baldwinelectrical.co.uk/,high,https://www.baldwinelectrical.co.uk/,SponsorList,name_tokens_on_page:baldwin+electrical+marylebone;location_on_page; attempt_count:1
168339,Baleena Ltd,baleena ltd,Middlesbrough,Cleveland,,Other,Worker,Skilled Worker,,,,,unverified,,,no_first_party_identity_verified; attempt_count:1
168347,Balhousie Care Group,balhousie care group,Perth,,,Other,Worker,Skilled Worker,,,,,unverified,,,no_first_party_identity_verified; attempt_count:1
168391,Ballymore Development Management Limited,ballymore development management limited,London,,,Other,Worker,Skilled Worker,,,,https://www.ballymoregroup.com/,high,https://www.ballymoregroup.com/,SponsorList,name_tokens_on_page:ballymore+development;location_on_page; attempt_count:1
168435,Baltic Flour Mills Visual Arts Trust,baltic flour mills visual arts trust,Gateshead,Tyne & Wear,,Other,Temporary Worker,Creative Worker,,,,,unverified,,,no_first_party_identity_verified; attempt_count:0
168444,BALVAE & COMPANY UK LIMITED,balvae and company uk limited,Milton Keynes,Buckinghamshire,South East,Other,Worker,Skilled Worker,,,,,unverified,,,no_first_party_identity_verified; attempt_count:0
168466,Bamboo Medical Communications Ltd,bamboo medical communications ltd,Shepperton,County,,Other,Worker,Skilled Worker,,,,,unverified,,,no_first_party_identity_verified; attempt_count:0
168471,Bambooh Education Ltd,bambooh education ltd,Middleton Cheney,,,Other,Worker,Skilled Worker,,,,,unverified,,,no_first_party_identity_verified; attempt_count:0
168520,Bancroft's School,bancroft s school,Essex,,,Other,Worker,Skilled Worker,,,,,unverified,,,no_first_party_identity_verified; attempt_count:0
168553,Bange Nursing Homes Limited,bange nursing homes limited,Sale,Cheshire,North West,Other,Worker,Skilled Worker,,,,,unverified,,,no_first_party_identity_verified; attempt_count:0
168569,BANGLA INVESTMENT LTD T/A THE RICKSHAW,bangla investment ltd t a the rickshaw,Leicestershire,,,Other,Worker,Skilled Worker,,,,,unverified,,,no_first_party_identity_verified; attempt_count:0
168588,Bangor Diocesan Board of Finance,bangor diocesan board of finance,Bangor,Wales,Wales,Other,Worker,Tier 2 Ministers of Religion,,,,,unverified,,,no_first_party_identity_verified; attempt_count:0
168599,Banijay Services Limited,banijay services limited,London,,,Other,Temporary Worker,Creative Worker,,,,,unverified,,,no_first_party_identity_verified; attempt_count:0
168667,Bankrupt Beds Limited,bankrupt beds limited,Leeds,West Yorkshire,Yorkshire and the Humber,Other,Worker,Skilled Worker,,,,,unverified,,,no_first_party_identity_verified; attempt_count:0
168674,BANKTECH SOFTWARE SERVICES LIMITED,banktech software services limited,Cambridge,,,Other,Worker,Skilled Worker,,,,,unverified,,,no_first_party_identity_verified; attempt_count:0
168720,Baobab Social Care ltd,baobab social care ltd,Bedford,Bedfordshire,East of England,Other,Worker,Skilled Worker,,,,,unverified,,,no_first_party_identity_verified; attempt_count:0
168723,BAP Medical UK Limited,bap medical uk limited,Peterborough,,,Other,Worker,Skilled Worker,,,,https://www.bap-medical.co.uk/,high,https://www.bap-medical.co.uk/,SponsorList,name_tokens_on_page:bap;name_tokens_on_host:bap;location_on_page; attempt_count:1
168746,Bar Dona Ltd,bar dona ltd,North Shields,Tyne and Wear,North East,Other,Worker,Skilled Worker,,,,,unverified,,,no_first_party_identity_verified; attempt_count:0
168760,Baraka Property Group Limited,baraka property group limited,Birmingham,,,Other,Worker,Skilled Worker,,,,,unverified,,,no_first_party_identity_verified; attempt_count:0
168767,BARAKAH GHM FOODS LIMITED,barakah ghm foods limited,Leicester,,,Other,Worker,Skilled Worker,,,,,unverified,,,no_first_party_identity_verified; attempt_count:0
168829,Baresquare LTD,baresquare ltd,London,,,Other,Worker,Skilled Worker,,,,,unverified,,,no_first_party_identity_verified; attempt_count:0
168893,Barker Tatham Investment Consultants Ltd,barker tatham investment consultants ltd,Croydon,,,Other,Worker,Skilled Worker,,,,,unverified,,,no_first_party_identity_verified; attempt_count:0
168897,Barking & Dagenham College,barking and dagenham college,Romford,Essex,East of England,Other,Worker,Skilled Worker,,,,,unverified,,,no_first_party_identity_verified; attempt_count:0
168924,Barnard Castle School,barnard castle school,Barnard Castle,County Durham,North East,Other,Temporary Worker,Charity Worker,,,,,unverified,,,no_first_party_identity_verified; attempt_count:0
168925,Barnardiston Hall Preparatory School,barnardiston hall preparatory school,Nr Haverhill,Suffolk,East of England,Other,Worker,Skilled Worker,,,,,unverified,,,no_first_party_identity_verified; attempt_count:0
168938,Barnet and Southgate College,barnet and southgate college,Herts,,,Other,Worker,Skilled Worker,,,,,unverified,,,no_first_party_identity_verified; attempt_count:0
168954,Barnoldswick Medical Services,barnoldswick medical services,Barnoldswick,Lancashire,North West,Other,Worker,Skilled Worker,,,,,unverified,,,no_first_party_identity_verified; attempt_count:0
168958,Barnsley College,barnsley college,Barnsley,South Yorkshire,Yorkshire and the Humber,Other,Worker,Skilled Worker,,,,,unverified,,,no_first_party_identity_verified; attempt_count:0
168969,Barnwell School,barnwell school,Stevenage,Herts,,Other,Worker,Skilled Worker,,,,,unverified,,,no_first_party_identity_verified; attempt_count:0
169019,Barry Callebaut Manufacturing (UK) Limited,barry callebaut manufacturing uk limited,Banbury,Oxfordshire,South East,Other,Worker,Skilled Worker,,,,,unverified,,,no_first_party_identity_verified; attempt_count:0
169026,Barry's Bootcamp Ltd,barry s bootcamp ltd,London,,,Other,Worker,Skilled Worker,,,,,unverified,,,no_first_party_identity_verified; attempt_count:0
169037,Bartholomew School,bartholomew school,Witney,Oxfordshire,South East,Other,Worker,Skilled Worker,,,,,unverified,,,no_first_party_identity_verified; attempt_count:0
169042,Bartley Green School,bartley green school,Birmingham,,,Other,Worker,Skilled Worker,,,,,unverified,,,no_first_party_identity_verified; attempt_count:0
169045,Barton Best Food,barton best food,Gloucester,Glouchestershire,,Other,Worker,Skilled Worker,,,,,unverified,,,no_first_party_identity_verified; attempt_count:0
169050,Barton Cricket Club,barton cricket club,Torquay,Devon,South West,Other,Worker,International Sportsperson,,,,,unverified,,,no_first_party_identity_verified; attempt_count:0
169053,BARTON FIRTOP ENGINEERING CO LIMITED,barton firtop engineering co limited,Kidderminster,,,Other,Worker,Skilled Worker,,,,,unverified,,,no_first_party_identity_verified; attempt_count:0
169068,BAS (School) Ltd,bas school ltd,Battle,East Sussex,South East,Other,Worker,Skilled Worker,,,,,unverified,,,no_first_party_identity_verified; attempt_count:0
169069,BAS (School) Ltd,bas school ltd,Battle,East Sussex,South East,Other,Worker,Skilled Worker,,,,,unverified,,,no_first_party_identity_verified; attempt_count:0
169117,Basic Premier Limited,basic premier limited,Leicester,,,Other,Worker,Skilled Worker,,,,,unverified,,,no_first_party_identity_verified; attempt_count:1
169126,Basileia Investment Holdings (UK) Limited,basileia investment holdings uk limited,London,,,Other,Worker,Skilled Worker,,,,https://basileia.co.uk/,high,https://basileia.co.uk/,SponsorList,name_tokens_on_page:basileia+investment;name_tokens_on_host:basileia;location_on_page; attempt_count:1
169146,basketballscotland,basketballscotland,Edinburgh,,,Other,Worker,International Sportsperson,,,,,unverified,,,no_first_party_identity_verified; attempt_count:1
169159,Bassi Electrical Limited,bassi electrical limited,Banbury,Oxon,,Other,Worker,Skilled Worker,,,,,low,https://www.chamberofcommerce.uk/,SponsorList,possible_lead_not_accepted:only_one_name_token_on_page_without_hostname_match:electrical; attempt_count:1
169163,Basswood Investment (UK) ltd T/A JRC Global Buffet,basswood investment uk ltd t a jrc global buffet,Wembley,London,London,Other,Worker,Skilled Worker,,,,,unverified,,,no_first_party_identity_verified; attempt_count:1
169193,Bath College,bath college,Bath,,,Other,Worker,Skilled Worker,,,,,unverified,,,no_first_party_identity_verified; attempt_count:1
169214,Bathing under the Sky ltd,bathing under the sky ltd,Royston,Hertfordshire,East of England,Other,Worker,Skilled Worker,,,,,unverified,,,no_first_party_identity_verified; attempt_count:1
169248,BAU Hair Design Ltd,bau hair design ltd,Edinburgh,,,Other,Worker,Skilled Worker,,,,https://www.bauhair.co.uk/,high,https://www.bauhair.co.uk/,SponsorList,name_tokens_on_page:bau+hair+design;location_on_page; attempt_count:1
169253,Bauer Radio Limited,bauer radio limited,Peterborough,,,Other,Temporary Worker,Global Business Mobility: Graduate Trainee,,,,https://www.bauermedia.co.uk/,high,https://www.bauermedia.co.uk/,SponsorList,name_tokens_on_page:bauer+radio;location_on_page; attempt_count:1
169319,Bayis Sheli Limited,bayis sheli limited,London,,,Other,Worker,Skilled Worker,,,,https://bayissheli.org.uk/,medium,https://bayissheli.org.uk/,SponsorList,name_tokens_on_page:bayis+sheli; attempt_count:1
169359,BB Accounting Solution Ltd,bb accounting solution ltd,Glasgow,,,Other,Worker,Skilled Worker,,,,,unverified,,,no_first_party_identity_verified; attempt_count:1
169373,BB Securities Ltd,bb securities ltd,London,,,Other,Worker,Global Business Mobility: Senior or Specialist Worker,,,,,unverified,,,no_first_party_identity_verified; attempt_count:1
169402,BBK PARTNERSHIP,bbk partnership,Chipping Barnet,Barnet,,Other,Worker,Skilled Worker,,,,,low,https://www.bbkca.com/,SponsorList,possible_lead_not_accepted:only_one_name_token_on_page_without_hostname_match:bbk; attempt_count:1
169410,BBS & SONS CONSTRUCTION (UK) LTD,bbs and sons construction uk ltd,Middlesex,,,Other,Worker,Skilled Worker,,,,,low,https://bbsconstruction.uk/,SponsorList,possible_lead_not_accepted:only_one_name_token_on_page_without_hostname_match:bbs; attempt_count:1
169432,BC Sheffield Ltd,bc sheffield ltd,Sheffield,,,Other,Worker,Skilled Worker,,,,,unverified,,,no_first_party_identity_verified; attempt_count:1
169435,BCA Engineering Supplies Ltd,bca engineering supplies ltd,England,,,Other,Worker,Skilled Worker,,,,,unverified,,,no_first_party_identity_verified; attempt_count:1
169437,BCAS Bio-Medical Services Limited,bcas bio medical services limited,Reading,Berkshire,South East,Other,Worker,Skilled Worker,,,,,low,https://bcasbiomed.co.uk/,SponsorList,possible_lead_not_accepted:only_one_name_token_on_page_without_hostname_match:bcas; attempt_count:1
169446,BCEGI Construction (UK) Ltd,bcegi construction uk ltd,Manchester,,,Other,Temporary Worker,Global Business Mobility: Graduate Trainee,,,,https://bcegi.co.uk/,high,https://bcegi.co.uk/,SponsorList,name_tokens_on_page:bcegi;name_tokens_on_host:bcegi;location_on_page; attempt_count:1
169447,BCEGI Construction (UK) Ltd,bcegi construction uk ltd,Manchester,,,Other,Temporary Worker,Global Business Mobility: Graduate Trainee,,,,https://bcegi.co.uk/,high,https://bcegi.co.uk/,SponsorList,name_tokens_on_page:bcegi;name_tokens_on_host:bcegi;location_on_page; verified_domain_identity_cache_hit; attempt_count:1
169448,BCEGI Construction (UK) Ltd,bcegi construction uk ltd,Manchester,,,Other,Temporary Worker,Global Business Mobility: Graduate Trainee,,,,https://bcegi.co.uk/,high,https://bcegi.co.uk/,SponsorList,name_tokens_on_page:bcegi;name_tokens_on_host:bcegi;location_on_page; verified_domain_identity_cache_hit; attempt_count:1
169450,BCG Digital Ventures,bcg digital ventures,London,,,Other,Worker,Global Business Mobility: Senior or Specialist Worker,,,,https://www.bcg.com/,high,https://www.bcg.com/,SponsorList,name_tokens_on_page:bcg+digital+ventures;name_tokens_on_host:bcg; attempt_count:1
169451,BCG Digital Ventures,bcg digital ventures,London,,,Other,Worker,Global Business Mobility: Senior or Specialist Worker,,,,https://www.bcg.com/,high,https://www.bcg.com/,SponsorList,name_tokens_on_page:bcg+digital+ventures;name_tokens_on_host:bcg; verified_domain_identity_cache_hit; attempt_count:1
169452,BCG Electrical Services Ltd,bcg electrical services ltd,Fareham,Hampshire,South East,Other,Worker,Skilled Worker,,,,https://bcgelectrical.com/,high,https://bcgelectrical.com/,SponsorList,name_tokens_on_page:bcg+electrical;location_on_page; attempt_count:1
169454,BCG Global Specialty Businesses,bcg global specialty businesses,London,,,Other,Worker,Skilled Worker,,,,https://www.bcg.com/,high,https://www.bcg.com/,SponsorList,name_tokens_on_page:bcg+specialty+businesses;name_tokens_on_host:bcg; attempt_count:1
169459,BCI Management Services Limited,bci management services limited,london,,,Other,Worker,Skilled Worker,,,,https://bci.co.uk/,medium,https://bci.co.uk/,SponsorList,name_tokens_on_page:bci;name_tokens_on_host:bci; attempt_count:1
169460,BCI UK IRR Limited,bci uk irr limited,London,,,Other,Worker,Global Business Mobility: Senior or Specialist Worker,,,,,unverified,,,no_first_party_identity_verified; attempt_count:1
169493,BD Construction PM Ltd,bd construction pm ltd,London,,,Other,Worker,Skilled Worker,,,,,unverified,,,no_first_party_identity_verified; attempt_count:1
169505,BD UK Ltd,bd uk ltd,Wokingham,Berkshire,South East,Other,Worker,Skilled Worker,,,,,unverified,,,no_first_party_identity_verified; attempt_count:1
169509,Bdah for Animal Health and Agriculture Ltd,bdah for animal health and agriculture ltd,London,,,Other,Worker,Skilled Worker,,,,https://ahdb.org.uk/,medium,https://ahdb.org.uk/,SponsorList,name_tokens_on_page:animal+agriculture; attempt_count:1
169515,Bditto Limited,bditto limited,London,,,Other,Worker,Skilled Worker,,,,https://www.bditto.com/,medium,https://www.bditto.com/,SponsorList,name_tokens_on_page:bditto;name_tokens_on_host:bditto; attempt_count:1
169521,BDM Ads Ltd,bdm ads ltd,LONDON,,,Other,Worker,Global Business Mobility: Senior or Specialist Worker,,,,,unverified,,,no_first_party_identity_verified; attempt_count:1
169600,Beacon Health Kensington Limited,beacon health kensington limited,Liverpool,,,Other,Worker,Skilled Worker,,,,https://www.beaconhealthkensington.nhs.uk/,high,https://www.beaconhealthkensington.nhs.uk/,SponsorList,name_tokens_on_page:beacon+kensington;location_on_page; attempt_count:1
169601,Beacon Hill Academy,beacon hill academy,South Ockendon,Essex,East of England,Other,Worker,Skilled Worker,,,,,unverified,,,no_first_party_identity_verified; attempt_count:1
169602,Beacon Hill Community School,beacon hill community school,Aspatria,Cumbria,North West,Other,Worker,Skilled Worker,,,,https://www.beaconhill.cumbria.sch.uk/,high,https://www.beaconhill.cumbria.sch.uk/,SponsorList,name_tokens_on_page:beacon+hill+community;location_on_page; attempt_count:1
169603,Beacon Hill School,beacon hill school,Wallsend,North Tyneside,North East,Other,Worker,Skilled Worker,,,,https://beaconhill.org.uk/,high,https://beaconhill.org.uk/,SponsorList,name_tokens_on_page:beacon+hill;location_on_page; attempt_count:1
169608,Beacon Medical,beacon medical,Cleethorpes,NE Lincs,,Other,Worker,Skilled Worker,,beacon.hr@nhs.net,,,unverified,,,no_first_party_identity_verified; attempt_count:2
169611,Beacon Medical Services Group Limited,beacon medical services group limited,Manchester,,,Other,Worker,Skilled Worker,,beacon.hr@nhs.net,,,low,https://beaconmedicalservices.co.uk/,SponsorList,possible_lead_not_accepted:only_one_name_token_on_page_without_hostname_match:beacon; attempt_count:2
169663,Beano's,beano s,Clacton on Sea,,,Other,Worker,Skilled Worker,,,,https://www.beano.com/,medium,https://www.beano.com/,SponsorList,name_tokens_on_page:beano;name_tokens_on_host:beano; attempt_count:1
169688,BEARSDEN RETAIL HOLDINGS LTD,bearsden retail holdings ltd,Glasgow,,,Other,Worker,Skilled Worker,,,,,unverified,,,no_first_party_identity_verified; attempt_count:0
169698,Beatrice Tate School,beatrice tate school,LONDON,,,Other,Worker,Skilled Worker,,,,https://www.beatricetate.towerhamlets.sch.uk/,high,https://www.beatricetate.towerhamlets.sch.uk/,SponsorList,name_tokens_on_page:beatrice+tate;location_on_page; attempt_count:1
169727,Beaumonts Accountancy Services,beaumonts accountancy services,Middlesbrough,,,Other,Worker,Skilled Worker,,,,,unverified,,,no_first_party_identity_verified; attempt_count:1
169733,BEAUTIFUL WORLD TRAINING ACADEMY LTD,beautiful world training academy ltd,Hounslow,,,Other,Worker,Skilled Worker,,,,https://www.beautifulworldacademy.co.uk/,high,https://www.beautifulworldacademy.co.uk/,SponsorList,name_tokens_on_page:beautiful+world+training+academy;location_on_page; attempt_count:1
169734,BEAUTIZONE LTD,beautizone ltd,MITCHAM,SURREY,South East,Other,Worker,Skilled Worker,,,,,unverified,,,no_first_party_identity_verified; attempt_count:1
169774,BEAUTY SOLUTIONS U.K LTD,beauty solutions u k ltd,london,,,Other,Worker,Skilled Worker,,,,,unverified,,,no_first_party_identity_verified; attempt_count:0
169778,Beauty Tech Lab Ltd,beauty tech lab ltd,London,,,Other,Worker,Skilled Worker,,,,https://www.thebeautytechgroup.com/,medium,https://www.thebeautytechgroup.com/,SponsorList,name_tokens_on_page:beauty+tech+lab; attempt_count:1
169784,BEAUTYBOX MARKET LIMITED,beautybox market limited,London,,,Other,Worker,Skilled Worker,,,,,unverified,,,no_first_party_identity_verified; attempt_count:1
169812,Becket Keys Church of England School,becket keys church of england school,Brentwood,Essex,East of England,Other,Worker,Skilled Worker,,,,,unverified,,,no_first_party_identity_verified; attempt_count:0
169838,Bedales School,bedales school,Petersfield,Hampshire,South East,Other,Temporary Worker,Charity Worker,,,,https://www.bedales.org.uk/,high,https://www.bedales.org.uk/,SponsorList,name_tokens_on_page:bedales;name_tokens_on_host:bedales;location_on_page; attempt_count:2
169839,Bedales School,bedales school,Petersfield,Hampshire,South East,Other,Temporary Worker,Charity Worker,,,,https://www.bedales.org.uk/,high,https://www.bedales.org.uk/,SponsorList,name_tokens_on_page:bedales;name_tokens_on_host:bedales;location_on_page; verified_domain_identity_cache_hit; attempt_count:2
169844,Bedford Academy,bedford academy,Bedford,,,Other,Worker,Skilled Worker,,,,https://www.bedfordacademy.co.uk/,high,https://www.bedfordacademy.co.uk/,SponsorList,name_tokens_on_page:bedford+academy;location_on_page; attempt_count:1
169850,Bedford College,bedford college,Bedford,Bedfordshire,East of England,Other,Worker,Skilled Worker,,,,,unverified,,,no_first_party_identity_verified; attempt_count:1
169855,Bedford Hindu Temple and Community Trust,bedford hindu temple and community trust,Bedford,,,Other,Worker,Tier 2 Ministers of Religion,,,,https://www.bedfordhindutemple.org/,high,https://www.bedfordhindutemple.org/,SponsorList,name_tokens_on_page:bedford+hindu+temple+community+trust;location_on_page; attempt_count:1
169857,Bedford Specsavers Hearcare Limited,bedford specsavers hearcare limited,Bedford,,,Other,Worker,Skilled Worker,,,,,unverified,,,no_first_party_identity_verified; attempt_count:1
169860,Bedfordshire Car Sales Limited,bedfordshire car sales limited,Leighton Buzzard,Bedfordshire,East of England,Other,Worker,Skilled Worker,,,,,unverified,,,no_first_party_identity_verified; attempt_count:1
169864,Bedfordshire Schools Trust,bedfordshire schools trust,Shefford,Bedfordshire,East of England,Other,Worker,Skilled Worker,,,,https://www.bestacademies.org.uk/,high,https://www.bestacademies.org.uk/,SponsorList,name_tokens_on_page:bedfordshire+schools+trust;location_on_page; attempt_count:1
169897,Beech Construction Partnership Limited,beech construction partnership limited,Manchester,,,Other,Worker,Skilled Worker,,,,,unverified,,,no_first_party_identity_verified; attempt_count:1
169903,Beech House School,beech house school,ROCHDALE,GREATER MANCHESTER,North West,Other,Worker,Skilled Worker,,,,https://www.beechhouseschool.net/,high,https://www.beechhouseschool.net/,SponsorList,name_tokens_on_page:beech+house;location_on_page; attempt_count:1
169920,Beeches Learning and Development Trust,beeches learning and development trust,Burnham,Buckinghamshire,South East,Other,Worker,Skilled Worker,,,,https://www.burnhamgrammar.org.uk/,high,https://www.burnhamgrammar.org.uk/,SponsorList,name_tokens_on_page:learning+trust;location_on_page; attempt_count:1
169937,BEEKAY ELECTRICAL LIMITED,beekay electrical limited,Heckmondwike,West Yorkhsire,,Other,Worker,Skilled Worker,,,,https://beekay.co.uk/,high,https://beekay.co.uk/,SponsorList,name_tokens_on_page:beekay+electrical;name_tokens_on_host:beekay;location_on_page; attempt_count:1
169939,Beeks Financial Cloud Group PLC t/a Beeks Group,beeks financial cloud group plc t a beeks group,Renfrew,,,Other,Worker,Skilled Worker,,,,,unverified,,,no_first_party_identity_verified; attempt_count:1
169948,BEEP DIGITAL LTD,beep digital ltd,Poole,DORSET,South West,Other,Worker,Skilled Worker,,,,https://beep.digital/,high,https://beep.digital/,verified_company_site_source_host,name_tokens_on_page:beep+digital;name_tokens_on_host:beep+digital; attempt_count:1
169954,Beersheba Social Care Services Limited,beersheba social care services limited,Dartford,,,Other,Worker,Skilled Worker,,,,,unverified,,,no_first_party_identity_verified; attempt_count:0
169956,Bees Electrical Supplies (London) Limited,bees electrical supplies london limited,London,,,Other,Worker,Skilled Worker,,,,,unverified,,,no_first_party_identity_verified; attempt_count:0
169991,BEGUM INDIAN TAKEAWAY LTD T/A Llanberis Tandoori,begum indian takeaway ltd t a llanberis tandoori,Llanberis,Gwynedd,Wales,Other,Worker,Skilled Worker,,,,,unverified,,,no_first_party_identity_verified; attempt_count:0
170007,Beifang Education Group (UK) Ltd,beifang education group uk ltd,London,,,Other,Worker,Skilled Worker,,,,,unverified,,,no_first_party_identity_verified; attempt_count:0
170009,Beigi & Chiu Clinical Psychology Ltd,beigi and chiu clinical psychology ltd,London,,,Other,Worker,Skilled Worker,,,,,unverified,,,no_first_party_identity_verified; attempt_count:0
170016,beIN IP Limited,bein ip limited,London,,,Other,Worker,Global Business Mobility: Senior or Specialist Worker,,,,,unverified,,,no_first_party_identity_verified; attempt_count:0
170023,BEIRUTTRADES LIMITED,beiruttrades limited,Scotland,,,Other,Worker,Skilled Worker,,,,,unverified,,,no_first_party_identity_verified; attempt_count:0
170036,Bel UK Limited,bel uk limited,Sevenoaks,Kent,South East,Other,Worker,Global Business Mobility: Senior or Specialist Worker,,,,,unverified,,,no_first_party_identity_verified; attempt_count:0
170062,Belfast & Lisburn Women's Aid,belfast and lisburn women s aid,Belfast,,,Other,Worker,Skilled Worker,,,,,unverified,,,no_first_party_identity_verified; attempt_count:0
170063,BELFAST 9046 LTD,belfast 9046 ltd,BELFAST,,,Other,Worker,Skilled Worker,,,,,unverified,,,no_first_party_identity_verified; attempt_count:0
170066,Belfast City Vineyard Church,belfast city vineyard church,Belfast,Co Down,,Other,Temporary Worker,Religious Worker,,,,,unverified,,,no_first_party_identity_verified; attempt_count:0
170069,Belfast Health & Social Care Trust,belfast health and social care trust,Belfast,,,Other,Worker,Skilled Worker,,,,,unverified,,,no_first_party_identity_verified; attempt_count:0
170091,Belgrave Group Ltd,belgrave group ltd,Leicester,,,Other,Worker,Skilled Worker,,angeli.moss@nhs.net,,,unverified,,,no_first_party_identity_verified; attempt_count:1
170094,Belgrave School Ltd,belgrave school ltd,Bristol,,,Other,Worker,Skilled Worker,,,,,unverified,,,no_first_party_identity_verified; attempt_count:1
170099,BELHATI CONSULTING SERVICES LIMITED,belhati consulting services limited,Milton Keynes,,,Other,Worker,Skilled Worker,,,,,unverified,,,no_first_party_identity_verified; attempt_count:0
170100,Belhaven Hill School Trust,belhaven hill school trust,Dunbar,East Lothian,Scotland,Other,Temporary Worker,Charity Worker,,,,,unverified,,,no_first_party_identity_verified; attempt_count:0
170119,BELL GREEN FOOD & WINE,bell green food and wine,COVENTRY,,,Other,Worker,Skilled Worker,,,,,unverified,,,no_first_party_identity_verified; attempt_count:0
170135,Bella Diamonds Design Limited,bella diamonds design limited,London,,,Other,Worker,Skilled Worker,,,,,unverified,,,no_first_party_identity_verified; attempt_count:0
170154,Bellerive FCJ Catholic College,bellerive fcj catholic college,Liverpool,Merseyside,North West,Other,Worker,Skilled Worker,,,,,unverified,,,no_first_party_identity_verified; attempt_count:0
170156,Bellevue Dairies Limited,bellevue dairies limited,Newry,Co. Armagh,,Other,Worker,Skilled Worker,,,,,unverified,,,no_first_party_identity_verified; attempt_count:0
170159,Bellevue Education International Limited,bellevue education international limited,London,,,Other,Worker,Skilled Worker,,,,,unverified,,,no_first_party_identity_verified; attempt_count:0
170161,Bellevue Place Education Trust,bellevue place education trust,London,,,Other,Worker,Skilled Worker,,,,,unverified,,,no_first_party_identity_verified; attempt_count:0
170171,BELLMONT COLLEGE LIMITED,bellmont college limited,London,,,Other,Worker,Skilled Worker,,,,,unverified,,,no_first_party_identity_verified; attempt_count:0
170206,Belmont Lansdown Limited,belmont lansdown limited,Plymouth,,,Other,Worker,Skilled Worker,,,,,unverified,,,no_first_party_identity_verified; attempt_count:0
170240,BELVER ACCOUNTING AND BUSINESS SERVICES (BABS) LTD,belver accounting and business services babs ltd,Brighton,,,Other,Worker,Skilled Worker,,,,,unverified,,,no_first_party_identity_verified; attempt_count:0
170260,Ben Hard (UK1) Investment Ltd,ben hard uk1 investment ltd,Birmingham,,,Other,Worker,Skilled Worker,,,,,unverified,,,no_first_party_identity_verified; attempt_count:0
170268,BEN RIGBY GAME LTD,ben rigby game ltd,MALDON,ESSEX,East of England,Other,Worker,Skilled Worker,,,,,unverified,,,no_first_party_identity_verified; attempt_count:0
170287,Benchmark International CSS Transactions Limited,benchmark international css transactions limited,Manchester,Greater Manchester,North West,Other,Worker,Skilled Worker,,,,,unverified,,,no_first_party_identity_verified; attempt_count:0
170302,Benenden School,benenden school,Cranbrook,Kent,South East,Other,Worker,Skilled Worker,,,,,unverified,,,no_first_party_identity_verified; attempt_count:0
170322,Bengal Foods Limited,bengal foods limited,Northampton,,,Other,Worker,Skilled Worker,,,,,unverified,,,no_first_party_identity_verified; attempt_count:0
170332,Bengal Spice of Hull Ltd,bengal spice of hull ltd,Hull,,,Other,Worker,Skilled Worker,,,,,unverified,,,no_first_party_identity_verified; attempt_count:0
170359,Benjamin Hubert Ltd.,benjamin hubert ltd,London,,,Other,Worker,Skilled Worker,,,,,unverified,,,no_first_party_identity_verified; attempt_count:0
170371,Bennett Construction (London) Limited,bennett construction london limited,London,,,Other,Worker,Skilled Worker,,,,,unverified,,,no_first_party_identity_verified; attempt_count:0
170373,Bennett Memorial Diocesan School,bennett memorial diocesan school,Tunbridge Wells,Kent,South East,Other,Worker,Skilled Worker,,,,,unverified,,,no_first_party_identity_verified; attempt_count:0
170377,BENNETTS END LIMITED,bennetts end limited,HEMEL HEMPSTEAD,HERTFORDSHIRE,East of England,Other,Worker,Skilled Worker,,,,,unverified,,,no_first_party_identity_verified; attempt_count:0
170384,Benning Construction (Kent) Ltd,benning construction kent ltd,Rochester,kent,South East,Other,Worker,Skilled Worker,,,,,unverified,,,no_first_party_identity_verified; attempt_count:0
170395,Benslow Music Trust,benslow music trust,Hitchin,Hertfordshire,East of England,Other,Temporary Worker,Creative Worker,,,,,unverified,,,no_first_party_identity_verified; attempt_count:0
170410,Bentley House Ltd,bentley house ltd,Atherstone,Warwickshire,West Midlands,Other,Worker,Skilled Worker,,,,,unverified,,,no_first_party_identity_verified; attempt_count:0
170425,BENTREE LIMITED,bentree limited,London,,,Other,Worker,Skilled Worker,,,,,unverified,,,no_first_party_identity_verified; attempt_count:0
170451,Berganza Ltd,berganza ltd,London,,,Other,Worker,Skilled Worker,,,,,unverified,,,no_first_party_identity_verified; attempt_count:0
170458,Bericap UK Limited,bericap uk limited,Hull,East Yorkshire,Yorkshire and the Humber,Other,Worker,Skilled Worker,,,,,unverified,,,no_first_party_identity_verified; attempt_count:0
170467,Berkeley Financial Holdings Limited,berkeley financial holdings limited,London,,,Other,Worker,Skilled Worker,,,,,unverified,,,no_first_party_identity_verified; attempt_count:0
170468,Berkeley Financial Holdings Limited,berkeley financial holdings limited,London,,,Other,Worker,Skilled Worker,,,,,unverified,,,no_first_party_identity_verified; attempt_count:0
170469,Berkeley Health Limited,berkeley health limited,London,England,,Other,Worker,Skilled Worker,,,,,unverified,,,no_first_party_identity_verified; attempt_count:0
170482,Berkhamsted School,berkhamsted school,Berkhamsted,Herts,,Other,Temporary Worker,Creative Worker,,,,,unverified,,,no_first_party_identity_verified; attempt_count:0
170483,Berkhamsted School,berkhamsted school,Berkhamsted,Herts,,Other,Temporary Worker,Creative Worker,,,,,unverified,,,no_first_party_identity_verified; attempt_count:0
170490,BERKS INVESTMENT LIMITED,berks investment limited,Chesham,,,Other,Worker,Skilled Worker,,,,,unverified,,,no_first_party_identity_verified; attempt_count:0
170496,Berkshire Electrical Solutions Ltd,berkshire electrical solutions ltd,SLOUGH,,,Other,Worker,Skilled Worker,,,,,unverified,,,no_first_party_identity_verified; attempt_count:0
170518,BERMONDSEY ENGINEERING & TRADE CO. LTD,bermondsey engineering and trade co ltd,London,,,Other,Worker,Skilled Worker,,,,,unverified,,,no_first_party_identity_verified; attempt_count:0
170526,Bernard Leach (St. Ives) Trust Ltd,bernard leach st ives trust ltd,St. Ives,Cornwall,South West,Other,Temporary Worker,Charity Worker,,,,,unverified,,,no_first_party_identity_verified; attempt_count:0
170527,Bernard Leach (St. Ives) Trust Ltd,bernard leach st ives trust ltd,St. Ives,Cornwall,South West,Other,Temporary Worker,Charity Worker,,,,,unverified,,,no_first_party_identity_verified; attempt_count:0
170528,Bernard Leach (St. Ives) Trust Ltd,bernard leach st ives trust ltd,St. Ives,Cornwall,South West,Other,Temporary Worker,Charity Worker,,,,,unverified,,,no_first_party_identity_verified; attempt_count:0
170546,Berry Health Ltd,berry health ltd,London,,,Other,Worker,Skilled Worker,,,,,low,https://berryhealth.co.uk/,SponsorList,possible_lead_not_accepted:only_one_name_token_on_page_without_hostname_match:berry; attempt_count:1
170557,BerryWorld Ltd,berryworld ltd,Cheshunt,,,Other,Worker,Global Business Mobility: Senior or Specialist Worker,,,,https://www.berryworld.com/,medium,https://www.berryworld.com/,SponsorList,name_tokens_on_page:berryworld;name_tokens_on_host:berryworld; attempt_count:1
170574,Beryl Solutions Ltd,beryl solutions ltd,Andover,Hampshire,South East,Other,Worker,Skilled Worker,,,,,low,https://berylsolutions.co.uk/,SponsorList,possible_lead_not_accepted:only_one_name_token_on_page_without_hostname_match:beryl; attempt_count:1
170603,Bespoke Health and Social Care,bespoke health and social care,Nottingham,Nottinghamshire,East Midlands,Other,Worker,Skilled Worker,,,,,unverified,,,no_first_party_identity_verified; attempt_count:1
170617,Bespoke Specialist Care,bespoke specialist care,Chorley,Lancashire,North West,Other,Worker,Skilled Worker,,,,,unverified,,,no_first_party_identity_verified; attempt_count:1
170626,BEST 4X4 LTD,best 4x4 ltd,Grays,,,Other,Worker,Skilled Worker,,,,,unverified,,,no_first_party_identity_verified; attempt_count:1
170655,Best Choice Accountancy Ltd,best choice accountancy ltd,Bromley,,,Other,Worker,Skilled Worker,,,,,unverified,,,no_first_party_identity_verified; attempt_count:1
170675,BEST FURNITURE LTD,best furniture ltd,Manchester,,,Other,Worker,Skilled Worker,,,,,unverified,,,no_first_party_identity_verified; attempt_count:0
170725,BEST TECH SERVICES LIMITED,best tech services limited,STOKE-ON-TRENT,,,Other,Worker,Skilled Worker,,,,,low,https://www.bestservices.co.uk/,SponsorList,possible_lead_not_accepted:only_one_name_token_on_page_without_hostname_match:best; attempt_count:1
170737,BEST WHOLESALES LTD,best wholesales ltd,London,,,Other,Worker,Skilled Worker,,,,,unverified,,,no_first_party_identity_verified; attempt_count:1
170748,BestCare Ltd,bestcare ltd,Leicester,,,Other,Worker,Skilled Worker,,,,,unverified,,,no_first_party_identity_verified; attempt_count:1
170799,Betfair Limited,betfair limited,London,,,Other,Worker,Skilled Worker,,,,,unverified,,,no_first_party_identity_verified; attempt_count:1
170802,Beth Chatto Education Trust,beth chatto education trust,Colchester,,,Other,Temporary Worker,Charity Worker,,,,https://www.bethchatto.co.uk/,high,https://www.bethchatto.co.uk/,SponsorList,name_tokens_on_page:beth+chatto+education+trust;location_on_page; attempt_count:1
170803,Beth Ezra Trust,beth ezra trust,London,Greater London,London,Other,Worker,Skilled Worker,,,,https://bethezra.co.uk/,medium,https://bethezra.co.uk/,SponsorList,name_tokens_on_page:beth+ezra; attempt_count:1
170807,Bethany Care Trust,bethany care trust,Tadley,Hampshire,South East,Other,Worker,Skilled Worker,,,,,unverified,,,no_first_party_identity_verified; attempt_count:1
170809,Bethany Christian Trust,bethany christian trust,Edinburgh,,,Other,Worker,Skilled Worker,,,,https://www.bethanychristiantrust.com/,high,https://www.bethanychristiantrust.com/,SponsorList,name_tokens_on_page:bethany+christian+trust;location_on_page; attempt_count:1
170812,Bethany School Ltd,bethany school ltd,Tonbridge,Kent,South East,Other,Temporary Worker,Charity Worker,,,,,low,https://bethanyschool.org.uk/,verified_company_site_source_host,possible_lead_not_accepted:only_one_name_token_on_page_without_hostname_match:bethany; attempt_count:2
170813,Bethany School Ltd,bethany school ltd,Tonbridge,Kent,South East,Other,Temporary Worker,Charity Worker,,,,,low,https://bethanyschool.org.uk/,verified_company_site_source_host,possible_lead_not_accepted:only_one_name_token_on_page_without_hostname_match:bethany; attempt_count:2
170824,Bethnal Green Montessori School Limited,bethnal green montessori school limited,London,County,,Other,Worker,Skilled Worker,,,,,unverified,,,no_first_party_identity_verified; attempt_count:1
170826,Bethphage,bethphage,Shrewsbury,Shropshire,West Midlands,Other,Worker,Skilled Worker,,,,https://bethphage.co.uk/,high,https://bethphage.co.uk/,SponsorList,name_tokens_on_page:bethphage;name_tokens_on_host:bethphage;location_on_page; attempt_count:1
170841,Better Health MCR Ltd,better health mcr ltd,Manchester,,,Other,Worker,Skilled Worker,,,,https://www.betterhealthmcr.nhs.uk/,high,https://www.betterhealthmcr.nhs.uk/,SponsorList,name_tokens_on_page:better+mcr;location_on_page; attempt_count:1
170848,Better Planet UK Ltd,better planet uk ltd,Potters Bar,Hertfordshire,East of England,Other,Worker,Skilled Worker,,,,https://www.betterplanet.co.uk/,high,https://www.betterplanet.co.uk/,SponsorList,name_tokens_on_page:better+planet;location_on_page; attempt_count:1
170853,Better Support Staffing Ltd,better support staffing ltd,London,,,Other,Worker,Skilled Worker,,,,https://bettersupportstaffing.co.uk/,medium,https://bettersupportstaffing.co.uk/,SponsorList,name_tokens_on_page:better+support+staffing; attempt_count:1
170860,BetterLivingSpace Ltd,betterlivingspace ltd,Chertsey,SURREY,South East,Other,Worker,Skilled Worker,,,,,unverified,,,no_first_party_identity_verified; attempt_count:1
170869,Betty Technology UK Ltd.,betty technology uk ltd,London,GB,,Other,Worker,Skilled Worker,,,,,unverified,,,no_first_party_identity_verified; attempt_count:1
170877,Bev Global Limited,bev global limited,London,,,Other,Worker,Global Business Mobility: Senior or Specialist Worker,,,,,unverified,,,no_first_party_identity_verified; attempt_count:1
170901,Bexhill College,bexhill college,Bexhill,East Sussex,South East,Other,Worker,Skilled Worker,,,,,unverified,,,no_first_party_identity_verified; attempt_count:1
170925,Beyond Blue Limited,beyond blue limited,Edinburgh,,,Other,Worker,Skilled Worker,,,,https://www.beyondblue.tech/,medium,https://www.beyondblue.tech/,SponsorList,name_tokens_on_page:beyond+blue; attempt_count:1
170932,Beyond Engineering Consulting Ltd,beyond engineering consulting ltd,Wembley,London,London,Other,Worker,Skilled Worker,,,,https://beyondeng.co.uk/,high,https://beyondeng.co.uk/,SponsorList,name_tokens_on_page:beyond+consulting;location_on_page; attempt_count:1
170936,Beyond Health Limited,beyond health limited,London,,,Other,Worker,Skilled Worker,,jake.new@nhs.net,,https://beyond-health.co.uk/,high,https://beyond-health.co.uk/,SponsorList,name_tokens_on_page:beyond;name_tokens_on_host:beyond;location_on_page; attempt_count:2
170945,BEYOND SCHOOLS TRUST,beyond schools trust,CHATHAM,,,Other,Worker,Skilled Worker,,,,https://www.beyondschools.co.uk/,high,https://www.beyondschools.co.uk/,SponsorList,name_tokens_on_page:beyond+schools+trust;location_on_page; attempt_count:1
170956,BeYondWMS Ltd,beyondwms ltd,Nuneaton,,,Other,Worker,Skilled Worker,,,,https://beyondwms.com/,medium,https://beyondwms.com/,SponsorList,name_tokens_on_page:beyondwms;name_tokens_on_host:beyondwms; attempt_count:1
171001,BGK Ventures Limited,bgk ventures limited,Camberley,,,Other,Worker,Skilled Worker,,,,,unverified,,,no_first_party_identity_verified; attempt_count:1
171009,BGREENN LIMITED,bgreenn limited,BLACKBURN,LANCASHIRE,North West,Other,Worker,Skilled Worker,,,,,unverified,,,no_first_party_identity_verified; attempt_count:1
171019,BH Electrical Services Ltd,bh electrical services ltd,Huddersfield,,,Other,Worker,Skilled Worker,,,,,unverified,,,no_first_party_identity_verified; attempt_count:1
171021,BH MULTI FAMILY OFFICE LTD,bh multi family office ltd,London,,,Other,Worker,Skilled Worker,,,,,unverified,,,no_first_party_identity_verified; attempt_count:0
171026,BH1 Accounting Limited,bh1 accounting limited,London,,,Other,Worker,Skilled Worker,,,,https://www.bh1accounting.net/,high,https://www.bh1accounting.net/,SponsorList,name_tokens_on_page:bh1+accounting;location_on_page; attempt_count:1
171036,Bhai123 Ltd,bhai123 ltd,Edinburgh,,,Other,Worker,Skilled Worker,,,,,unverified,,,no_first_party_identity_verified; attempt_count:0
171065,Bharathi Oil Limited,bharathi oil limited,New Malden,,,Other,Worker,Skilled Worker,,,,,unverified,,,no_first_party_identity_verified; attempt_count:1
171093,BHH Resorts Limited,bhh resorts limited,Rutland,,,Other,Worker,Skilled Worker,,,,,unverified,,,no_first_party_identity_verified; attempt_count:1
171100,BHM International Construction (UK) Ltd,bhm international construction uk ltd,Belfast,Antrim,Northern Ireland,Other,Temporary Worker,Global Business Mobility: Graduate Trainee,,,,,unverified,,,no_first_party_identity_verified; attempt_count:1
171130,BI CAPITAL INVESTMENTS LTD,bi capital investments ltd,London,,,Other,Worker,Skilled Worker,,,,,unverified,,,no_first_party_identity_verified; attempt_count:1
171150,Bibby Maritime Crewing Services Limited,bibby maritime crewing services limited,Liverpool,Merseyside,North West,Other,Worker,Skilled Worker,,,,https://www.bibbymarine.com/,high,https://www.bibbymarine.com/,SponsorList,name_tokens_on_page:bibby+maritime;location_on_page; attempt_count:1
171157,Bible Baptist Church,bible baptist church,Dundee,Scotland,Scotland,Other,Worker,Tier 2 Ministers of Religion,,,,,unverified,,,no_first_party_identity_verified; attempt_count:1
171187,Biddenden Vineyards Ltd,biddenden vineyards ltd,Ashford,Kent,South East,Other,Worker,Skilled Worker,,,,https://biddendenvineyards.com/,high,https://biddendenvineyards.com/,SponsorList,name_tokens_on_page:biddenden+vineyards;location_on_page; attempt_count:1
171202,BIE Magnum Limited,bie magnum limited,Bristol,Bristol,South West,Other,Worker,Skilled Worker,,,,https://www.biemagnum.com/,high,https://www.biemagnum.com/,SponsorList,name_tokens_on_page:bie+magnum;location_on_page; attempt_count:1
171203,BIEA BRITISH INTERNATIONAL EDUCATION ASSOCIATION LTD,biea british international education association ltd,London,,,Other,Worker,Skilled Worker,,,,https://biea.org.uk/,high,https://biea.org.uk/,SponsorList,name_tokens_on_page:biea+education;name_tokens_on_host:biea;location_on_page; attempt_count:1
171228,Big Cookie Digital Ltd,big cookie digital ltd,Liverpool,Merseyside,North West,Other,Worker,Skilled Worker,,,,,unverified,,,no_first_party_identity_verified; attempt_count:0
171235,Big Education Trust,big education trust,London,,,Other,Worker,Skilled Worker,,,,,unverified,,,no_first_party_identity_verified; attempt_count:1
171244,Big Hearts Community Trust,big hearts community trust,Edinburgh,Midlothiaan,,Other,Worker,Skilled Worker,,,,https://bighearts.org.uk/,high,https://bighearts.org.uk/,SponsorList,name_tokens_on_page:big+hearts+community+trust;location_on_page; attempt_count:1
171248,Big Issue Invest Limited T/A The Big Issue Invest,big issue invest limited t a the big issue invest,London,,,Other,Worker,Skilled Worker,,,,https://www.bigissue.com/,high,https://www.bigissue.com/,SponsorList,name_tokens_on_page:big+issue+invest;location_on_page; attempt_count:1
171265,Big Orange Software trading as Sonin,big orange software trading as sonin,Reigate,Surrey,South East,Other,Worker,Skilled Worker,,,,https://sonin.agency/,high,https://sonin.agency/,SponsorList,name_tokens_on_page:big+orange;location_on_page; attempt_count:1
171268,BIG PICTURE (SOFTWARE) LIMITED,big picture software limited,Snaith,East Yorkshire,Yorkshire and the Humber,Other,Worker,Skilled Worker,,,,,unverified,,,no_first_party_identity_verified; attempt_count:1
171269,Big Picture Medical Limited,big picture medical limited,London,,,Other,Worker,Skilled Worker,,,,https://www.bigpicturemedical.com/,medium,https://www.bigpicturemedical.com/,SponsorList,name_tokens_on_page:big+picture; attempt_count:1
171270,Big Picture Medical Limited,big picture medical limited,London,,,Other,Worker,Skilled Worker,,,,https://www.bigpicturemedical.com/,medium,https://www.bigpicturemedical.com/,SponsorList,name_tokens_on_page:big+picture; verified_domain_identity_cache_hit; attempt_count:1
171291,BIGFOOT INTERNATIONAL EDUCATION LTD,bigfoot international education ltd,London,,,Other,Worker,Skilled Worker,,,,,unverified,,,no_first_party_identity_verified; attempt_count:1
171299,Bighand Limited,bighand limited,London,,,Other,Worker,Global Business Mobility: Senior or Specialist Worker,,,,https://www.bighand.com/,medium,https://www.bighand.com/en-us/,SponsorList,name_tokens_on_page:bighand;name_tokens_on_host:bighand; attempt_count:1
171351,Biliv Care Ltd,biliv care ltd,Birmingham,,,Other,Worker,Skilled Worker,,,,,unverified,,,no_first_party_identity_verified; attempt_count:1
171353,Bill Kenwright Ltd,bill kenwright ltd,London,,,Other,Worker,Skilled Worker,,,,https://www.kenwright.com/,high,https://www.kenwright.com/,SponsorList,name_tokens_on_page:bill+kenwright;name_tokens_on_host:kenwright; attempt_count:1
171354,Bill Kenwright Ltd,bill kenwright ltd,London,,,Other,Worker,Skilled Worker,,,,https://www.kenwright.com/,high,https://www.kenwright.com/,SponsorList,name_tokens_on_page:bill+kenwright;name_tokens_on_host:kenwright; verified_domain_identity_cache_hit; attempt_count:1
171382,Billon Financial Ltd,billon financial ltd,London,,,Other,Worker,Global Business Mobility: Senior or Specialist Worker,,,,https://billongroup.com/,high,https://billongroup.com/,SponsorList,name_tokens_on_page:billon+financial;location_on_page; attempt_count:1
171383,Billon Financial Ltd,billon financial ltd,London,,,Other,Worker,Global Business Mobility: Senior or Specialist Worker,,,,https://billongroup.com/,high,https://billongroup.com/,SponsorList,name_tokens_on_page:billon+financial;location_on_page; verified_domain_identity_cache_hit; attempt_count:1
171407,BIM United Kingdom Ltd,bim united kingdom ltd,Bolton,North West,,Other,Temporary Worker,Global Business Mobility: Graduate Trainee,,,,,low,https://www.bimkemi.com/,SponsorList,possible_lead_not_accepted:only_one_name_token_on_page_without_hostname_match:bim; attempt_count:1
171418,BIN KHALID ONLINE LTD,bin khalid online ltd,Glasgow,,,Other,Worker,Skilled Worker,,,,,unverified,,,no_first_party_identity_verified; attempt_count:0
171427,Binary10 Ltd,binary10 ltd,Swindon,,,Other,Worker,Skilled Worker,,,,,unverified,,,no_first_party_identity_verified; attempt_count:1
171458,Binyan Studios Limited,binyan studios limited,London,,,Other,Worker,Skilled Worker,,,,https://www.binyanstudios.com/,high,https://www.binyanstudios.com/,SponsorList,name_tokens_on_page:binyan+studios;location_on_page; attempt_count:1
171475,Biocatalysts Limited,biocatalysts limited,Cardiff,Mid Glamorgan,,Other,Worker,Skilled Worker,,,,https://www.biocatalysts.com/,medium,https://www.biocatalysts.com/,SponsorList,name_tokens_on_page:biocatalysts;name_tokens_on_host:biocatalysts; attempt_count:1
171503,BioMarin (UK) Limited,biomarin uk limited,London,,,Other,Worker,Global Business Mobility: Senior or Specialist Worker,,,,https://www.biomarin.com/,medium,https://www.biomarin.com/,SponsorList,name_tokens_on_page:biomarin;name_tokens_on_host:biomarin; attempt_count:1
171519,BIONIQ HEALTH TECH-SOLUTIONS LTD,bioniq health tech solutions ltd,LONDON,Islington,,Other,Worker,Skilled Worker,,,,,unverified,,,no_first_party_identity_verified; attempt_count:1
171531,Biorelevant.com Ltd,biorelevant com ltd,London,,,Other,Worker,Skilled Worker,,,,https://biorelevant.com/,high,https://biorelevant.com/,SponsorList,name_tokens_on_page:biorelevant+com;name_tokens_on_host:biorelevant+com;location_on_page; attempt_count:1
171533,BIOS Health Ltd,bios health ltd,Cambridge,,,Other,Worker,Skilled Worker,,,,https://www.bios.health/,high,https://www.bios.health/,SponsorList,name_tokens_on_page:bios;name_tokens_on_host:bios;location_on_page; attempt_count:1
171535,Bioscript Stirling,bioscript stirling,Macclesfield,Cheshire East,North West,Other,Worker,Skilled Worker,,,,,low,https://bioscriptgroup.com/,SponsorList,possible_lead_not_accepted:only_one_name_token_on_page_without_hostname_match:bioscript; attempt_count:1
171548,Biovantic Medical Limited,biovantic medical limited,Hitchin,,,Other,Worker,Skilled Worker,,,,,unverified,,,no_first_party_identity_verified; attempt_count:0
171557,Bipsync UK Ltd,bipsync uk ltd,Cardiff,,,Other,Worker,Skilled Worker,,,,https://bipsync.com/,medium,https://bipsync.com/,SponsorList,name_tokens_on_page:bipsync;name_tokens_on_host:bipsync; attempt_count:1
171573,Birchfield School,birchfield school,Wolverhampton,,,Other,Worker,Skilled Worker,,,,,low,https://www.birchfieldschool.co.uk/,SponsorList,possible_lead_not_accepted:only_one_name_token_on_page_without_hostname_match:birchfield; attempt_count:1
171600,BIRDLIFE INTERNATIONAL,birdlife international,CAMBRIDGE,EAST ANGLIA,,Other,Temporary Worker,Charity Worker,,,,https://www.birdlife.org/,high,https://www.birdlife.org/,SponsorList,name_tokens_on_page:birdlife;name_tokens_on_host:birdlife;location_on_page; attempt_count:1
171613,Birkbeck College,birkbeck college,London,,,Other,Worker,Skilled Worker,,,,,low,https://www.bbk.ac.uk/,SponsorList,possible_lead_not_accepted:only_one_name_token_on_page_without_hostname_match:birkbeck; attempt_count:1
171614,Birkbeck College,birkbeck college,London,,,Other,Worker,Skilled Worker,,,,,low,https://www.bbk.ac.uk/,SponsorList,possible_lead_not_accepted:only_one_name_token_on_page_without_hostname_match:birkbeck; attempt_count:1
171616,Birkby Medical Ltd,birkby medical ltd,Huddersfield,,,Other,Worker,Skilled Worker,,,,,unverified,,,no_first_party_identity_verified; attempt_count:1
171640,Birmingham Buddhist Vihara Trust,birmingham buddhist vihara trust,Birmingham,West Midlands,West Midlands,Other,Temporary Worker,Religious Worker,,,,https://birminghambuddhistvihara.org/,high,https://birminghambuddhistvihara.org/,SponsorList,name_tokens_on_page:birmingham+buddhist+vihara+trust;location_on_page; attempt_count:1
171641,Birmingham Buddhist Vihara Trust,birmingham buddhist vihara trust,Birmingham,West Midlands,West Midlands,Other,Temporary Worker,Religious Worker,,,,https://birminghambuddhistvihara.org/,high,https://birminghambuddhistvihara.org/,SponsorList,name_tokens_on_page:birmingham+buddhist+vihara+trust;location_on_page; verified_domain_identity_cache_hit; attempt_count:1
171644,BIRMINGHAM CARS LTD,birmingham cars ltd,Birmingham,,,Other,Worker,Skilled Worker,,,,https://www.birminghamcarsltd.co.uk/,high,https://www.birminghamcarsltd.co.uk/,SponsorList,name_tokens_on_page:birmingham+cars;location_on_page; attempt_count:1
171647,Birmingham Children's Trust,birmingham children s trust,Birmingham,,,Other,Worker,Skilled Worker,,alex.lalayiannis@nhs.net,,,unverified,,,no_first_party_identity_verified; attempt_count:2
171650,Birmingham Christian College,birmingham christian college,Birmingham,,,Other,Worker,Skilled Worker,,,,https://bccoll.ac.uk/,high,https://bccoll.ac.uk/,SponsorList,name_tokens_on_page:birmingham+christian;location_on_page; attempt_count:1
171651,Birmingham Christian College,birmingham christian college,Birmingham,,,Other,Worker,Skilled Worker,,,,https://bccoll.ac.uk/,high,https://bccoll.ac.uk/,SponsorList,name_tokens_on_page:birmingham+christian;location_on_page; verified_domain_identity_cache_hit; attempt_count:1
171659,Birmingham City Students' Union,birmingham city students union,Birmingham,West Midlands,West Midlands,Other,Worker,Skilled Worker,,,,https://www.bcusu.com/,high,https://www.bcusu.com/,SponsorList,name_tokens_on_page:birmingham+city+students+union;location_on_page; attempt_count:1
171661,Birmingham City Women Football Club Limited,birmingham city women football club limited,Birmingham,,,Other,Worker,Skilled Worker,,,,,unverified,,,no_first_party_identity_verified; attempt_count:1
171662,Birmingham City Women Football Club Limited,birmingham city women football club limited,Birmingham,,,Other,Worker,Skilled Worker,,,,,unverified,,,no_first_party_identity_verified; attempt_count:1
171670,Birmingham Hippodrome Theatre Trust,birmingham hippodrome theatre trust,Birmingham,West Midlands,West Midlands,Other,Temporary Worker,Creative Worker,,,,,unverified,,,no_first_party_identity_verified; attempt_count:1
171678,BIRMINGHAM MOSQUE TRUST LTD,birmingham mosque trust ltd,BIRMINGHAM,WEST MIDLANDS,West Midlands,Other,Worker,Tier 2 Ministers of Religion,,,,,unverified,,,no_first_party_identity_verified; attempt_count:1
171679,Birmingham Museums Trust,birmingham museums trust,Birmingham,,,Other,Worker,Skilled Worker,,,,,unverified,,,no_first_party_identity_verified; attempt_count:1
171692,Birmingham Roman Catholic Diocese,birmingham roman catholic diocese,Birmingham,West Midlands,West Midlands,Other,Worker,Skilled Worker,,,,https://www.birminghamdiocese.org.uk/,high,https://www.birminghamdiocese.org.uk/,SponsorList,name_tokens_on_page:birmingham+roman+catholic+diocese;location_on_page; attempt_count:1
171704,Birnat Ltd trading as Applejacks The Health Shop,birnat ltd trading as applejacks the health shop,Stratford,London,London,Other,Worker,Skilled Worker,,,,,unverified,,,no_first_party_identity_verified; attempt_count:1
171740,Bishop Burton College,bishop burton college,Bishop Burton,East Riding of Yorkshire,Yorkshire and the Humber,Other,Worker,Skilled Worker,,,,https://www.bishopburton.ac.uk/,high,https://www.bishopburton.ac.uk/,SponsorList,name_tokens_on_page:bishop+burton;location_on_page; attempt_count:1
171741,Bishop Chadwick Catholic Education Trust,bishop chadwick catholic education trust,Houghton Le Spring,,,Other,Worker,Skilled Worker,,,,https://bccet.org.uk/,high,https://bccet.org.uk/,SponsorList,name_tokens_on_page:bishop+chadwick+catholic+education+trust;location_on_page; attempt_count:1
171746,Bishop Ramsey CoE School,bishop ramsey coe school,Ruislip,Middlesex,,Other,Worker,Skilled Worker,,,,https://www.bishopramseyschool.org/,high,https://www.bishopramseyschool.org/,SponsorList,name_tokens_on_page:bishop+ramsey;location_on_page; attempt_count:1
171747,Bishop Stopford School,bishop stopford school,Kettering,Northamptonshire,East Midlands,Other,Worker,Skilled Worker,,,,https://www.bishopstopford.com/,high,https://www.bishopstopford.com/,SponsorList,name_tokens_on_page:bishop+stopford;location_on_page; attempt_count:1
171748,Bishop Stopford's School,bishop stopford s school,London,,,Other,Worker,Skilled Worker,,,,https://www.bishopstopford.com/,medium,https://www.bishopstopford.com/,SponsorList,name_tokens_on_page:bishop+stopford; attempt_count:1
171749,Bishop's Hatfield Girls' School,bishop s hatfield girls school,Hatfield,Hertfordshire,East of England,Other,Worker,Skilled Worker,,,,,unverified,,,no_first_party_identity_verified; attempt_count:1
171765,Bishopshalt School,bishopshalt school,Uxbridge,Middlesex,,Other,Worker,Skilled Worker,,,,https://www.bishopshalt.hillingdon.sch.uk/,high,https://www.bishopshalt.hillingdon.sch.uk/,SponsorList,name_tokens_on_page:bishopshalt;name_tokens_on_host:bishopshalt;location_on_page; attempt_count:1
171814,BITLogix Ltd,bitlogix ltd,Mitcham,,,Other,Worker,Skilled Worker,https://www.ebitlogix.com/,info@ebitlogix.com,,https://www.bitlogix.com/,medium,https://www.bitlogix.com/,SponsorList,name_tokens_on_page:bitlogix;name_tokens_on_host:bitlogix; attempt_count:3
171819,BITS IN GLASS UK LTD,bits in glass uk ltd,Tunbridge Wells,,,Other,Worker,Skilled Worker,https://bitsinglass.com/,[email protected],,,unverified,,,no_first_party_identity_verified; attempt_count:2
171822,BITTACY CS LTD,bittacy cs ltd,London,,,Other,Worker,Skilled Worker,https://bittacycars.com,bittacycs@hotmail.com,,,unverified,,,no_first_party_identity_verified; attempt_count:2; contact_email_domain_not_used_as_website_lead
171824,Bitterne Park School,bitterne park school,Southampton,Hampshire,South East,Other,Worker,Skilled Worker,,,,https://www.bitterneparkschool.org.uk/,medium,https://www.bitterneparkschool.org.uk/,SponsorList,name_tokens_on_page:bitterne+park; attempt_count:1
171829,BITZER UK LTD,bitzer uk ltd,Milton Keynes,Bucks,,Other,Worker,Skilled Worker,https://www.bitzeruk.com,sales@bitzeruk.com,,,unverified,,,no_first_party_identity_verified; attempt_count:3
171833,BIXTECH LIMITED,bixtech limited,NORTHAMPTON,,,Other,Worker,Skilled Worker,http://ever-glamour.com,,,,unverified,,,no_first_party_identity_verified; attempt_count:2
171835,Biz Accounting Ltd,biz accounting ltd,Harrow,Middlesex,,Other,Worker,Skilled Worker,,,,https://www.bizaccountingltd.com/,high,https://www.bizaccountingltd.com/,SponsorList,name_tokens_on_page:biz+accounting;location_on_page; attempt_count:1
171836,Biz Accounting Solutions Ltd,biz accounting solutions ltd,Wokingham,,,Other,Worker,Skilled Worker,,,,,unverified,,,no_first_party_identity_verified; attempt_count:1
171838,BIZ BIZE UK LTD,biz bize uk ltd,Greenford,,,Other,Worker,Skilled Worker,https://bizbize.uk,,,https://bizbize.uk/,medium,https://bizbize.uk/,existing_website,name_tokens_on_page:biz+bize; attempt_count:1
171850,BIZGROW HOLDINGS LTD,bizgrow holdings ltd,Essex,England,,Other,Worker,Skilled Worker,https://bizgrow-holdings.com/,info@bizgrow-holdings.co.uk,https://bizgrow-holdings.com/our-services/chas-scheme,https://bizgrow-holdings.com/,medium,https://bizgrow-holdings.com/,existing_website+existing_careers_url_domain+company_site_existing_file,name_tokens_on_page:bizgrow;name_tokens_on_host:bizgrow; attempt_count:1
171858,BIZTECH CONSULTANTS LTD,biztech consultants ltd,Ilford,,,Other,Worker,Skilled Worker,https://biztechconsultants.co.uk/,info@biztechconsultants.co.uk,,https://biztechconsultants.co.uk/,medium,https://biztechconsultants.co.uk/,existing_website+contact_email_domain,name_tokens_on_page:biztech+consultants; attempt_count:1
171869,BJM Group Limited,bjm group limited,Saffron Walden,Essex,East of England,Other,Worker,Skilled Worker,https://bjmgroup.co.uk/,accounting@bjmgroup.co.uk,,,low,https://bjmgroup.co.uk/,existing_website+contact_email_domain,possible_lead_not_accepted:only_one_name_token_on_page_without_hostname_match:bjm; attempt_count:2
171870,BJMCA Ltd trading as Bluebird Care (South Lanarkshire),bjmca ltd trading as bluebird care south lanarkshire,Hamilton,,,Other,Worker,Skilled Worker,https://www.bluebirdcare.co.uk/south-lanarkshire,southlanarkshire@bluebirdcare.co.uk,,,low,https://www.bluebirdcare.co.uk/,existing_website,possible_lead_not_accepted:only_one_name_token_on_page_without_hostname_match:bluebird; attempt_count:3
171871,BJR Foods Limited,bjr foods limited,Preston,,,Other,Worker,Skilled Worker,,,,,unverified,,,no_first_party_identity_verified; attempt_count:1
171878,BK Care Solutions Ltd,bk care solutions ltd,Finchley Central,Barnet,,Other,Worker,Skilled Worker,https://bkcaresolutions.co.uk/,info@bkcaresolutions.co.uk,,,unverified,,,no_first_party_identity_verified; attempt_count:2
171888,BK PLUS LIMITED,bk plus limited,Aldridge,,,Other,Worker,Skilled Worker,https://bkplus.co.uk/,hello@bkplus.co.uk,,,unverified,,,no_first_party_identity_verified; attempt_count:1
171892,BK Southall Ltd,bk southall ltd,Middlesex,,,Other,Worker,Skilled Worker,,,,,unverified,,,no_first_party_identity_verified; attempt_count:1
171897,BKB Accountants Ltd,bkb accountants ltd,Poole,Dorset,South West,Other,Worker,Skilled Worker,https://www.bkbaccountants.co.uk,info@bkb-poole.co.uk,,,low,https://www.bkbaccountants.co.uk/,existing_website,possible_lead_not_accepted:only_one_name_token_on_page_without_hostname_match:bkb; attempt_count:3
171904,BKP(UK) Limited,bkp uk limited,London,,,Other,Worker,Skilled Worker,https://www.bkpgroup.com/,sales@bkpgroup.com,https://www.bkpgroup.com/careers,,low,https://www.bkpgroup.com/,existing_website+existing_careers_url_domain+company_site_existing_file,possible_lead_not_accepted:only_one_name_token_on_page_without_hostname_match:bkp; attempt_count:3
171905,BKU SERVICES LTD,bku services ltd,NOTTINGHAM,,,Other,Worker,Skilled Worker,,,,,unverified,,,no_first_party_identity_verified; attempt_count:1
171906,BKUK Group Limited,bkuk group limited,London,,,Other,Worker,Skilled Worker,https://bkukgroup.com,,,,unverified,,,no_first_party_identity_verified; attempt_count:2
171908,BKW Foodstores Ltd T/A KW foodstores,bkw foodstores ltd t a kw foodstores,Bolton,,,Other,Worker,Skilled Worker,https://www.kwfood.co.uk,info@kwfood.co.uk,,,unverified,,,no_first_party_identity_verified; attempt_count:3
171910,BKWAI LTD,bkwai ltd,London,,,Other,Worker,Skilled Worker,https://www.bkwai.com/,info@bkwai.com,https://www.bkwai.com/careers,https://www.bkwai.com/,medium,https://www.bkwai.com/,existing_website+existing_careers_url_domain+company_site_existing_file,name_tokens_on_page:bkwai;name_tokens_on_host:bkwai; attempt_count:1
171911,BKZH Ltd,bkzh ltd,Dagenham,,,Other,Worker,Skilled Worker,https://bkzhltd.com/,[email protected],,,low,https://bkzhltd.com/,existing_website,possible_lead_not_accepted:only_one_name_token_on_page_without_hostname_match:bkzh; attempt_count:2
171913,BL CHESWICK GREEN LIMITED T/A Bangla Lounge Cheswick Green,bl cheswick green limited t a bangla lounge cheswick green,Cheswick Green,Solihull,,Other,Worker,Skilled Worker,https://www.banglaloungesolihull.co.uk/,,,https://www.banglaloungesolihull.co.uk/,high,https://www.banglaloungesolihull.co.uk/,existing_website,name_tokens_on_page:bangla+lounge+cheswick+green;location_on_page; attempt_count:1
171917,Blaby News LTD,blaby news ltd,Leicester,,,Other,Worker,Skilled Worker,,,,,unverified,,,no_first_party_identity_verified; attempt_count:1
171937,Black Box Bakery Ltd,black box bakery ltd,Newcastle,Down,Northern Ireland,Other,Worker,Skilled Worker,,,,https://blackboxdonuts.co.uk/,high,https://blackboxdonuts.co.uk/,SponsorList,name_tokens_on_page:black+box+bakery;location_on_page; attempt_count:1
171938,BLACK BOX DONUTS LTD,black box donuts ltd,Newcastle,Down,Northern Ireland,Other,Worker,Skilled Worker,https://blackboxdonuts.co.uk/,info@blackboxdonuts.co.uk,,https://blackboxdonuts.co.uk/,high,https://blackboxdonuts.co.uk/,existing_website+contact_email_domain,name_tokens_on_page:black+box+donuts;location_on_page; attempt_count:1
171959,BLACK FIRE SOLUTIONS LTD,black fire solutions ltd,LONDON,,,Other,Worker,Skilled Worker,https://blackfiresolutions.co.uk/,info@blackfiresolutions.co.uk,,https://blackfiresolutions.co.uk/,high,https://blackfiresolutions.co.uk/,existing_website+contact_email_domain,name_tokens_on_page:black+fire;location_on_page; attempt_count:1
171970,Black Pearl Medical Ltd,black pearl medical ltd,Birmingham,West Midlands,West Midlands,Other,Worker,Skilled Worker,,,,,unverified,,,no_first_party_identity_verified; attempt_count:1
171978,BLACK ROOSTER FRANCHISING LTD,black rooster franchising ltd,Glasgow,,,Other,Worker,Skilled Worker,https://www.blackroosterperiperi.com/,info@blackroosterperiperi.com,,https://www.blackroosterperiperi.com/,high,https://www.blackroosterperiperi.com/,existing_website,name_tokens_on_page:black+rooster+franchising;location_on_page; attempt_count:1
171980,Black Salt Sheen Limited T/A Black Salt Sheen,black salt sheen limited t a black salt sheen,London,,,Other,Worker,Skilled Worker,,bchft.medicaldirectorate@nhs.net,,https://blacksaltsheen.com/,high,https://blacksaltsheen.com/,SponsorList,name_tokens_on_page:black+salt+sheen;location_on_page; attempt_count:2
171983,"Black Stone Construction, Trading & Consultancy Ltd",black stone construction trading and consultancy ltd,Croydon,England,,Other,Worker,Skilled Worker,,,,,unverified,,,no_first_party_identity_verified; attempt_count:1
172024,BLACKBURN U K TRUST,blackburn u k trust,BLACKBURN,,,Other,Temporary Worker,Charity Worker,https://www.brfctrust.co.uk/,info@brfctrust.co.uk,,,unverified,,,no_first_party_identity_verified; attempt_count:4
172026,BLACKCOUNTRY MOTORS LTD,blackcountry motors ltd,Oldbury,,,Other,Worker,Skilled Worker,https://blackcountrymotors.co.uk/,,,,unverified,,,no_first_party_identity_verified; attempt_count:2
172030,Blackfen School for Girls,blackfen school for girls,Sidcup,Kent,South East,Other,Worker,Skilled Worker,,,,https://www.blackfenschoolforgirls.co.uk/,high,https://www.blackfenschoolforgirls.co.uk/,SponsorList,name_tokens_on_page:blackfen+girls;location_on_page; attempt_count:1
172033,Blackfinch Financial Ltd,blackfinch financial ltd,Gloucester,Gloucestershire,South West,Other,Worker,Skilled Worker,,,,,unverified,,,no_first_party_identity_verified; attempt_count:1
172049,BLACKLANE HAVN UK LTD,blacklane havn uk ltd,London,,,Other,Worker,Skilled Worker,https://www.blacklane.com/en-gb/blacklanehavnltd/,[email protected],https://www.blacklane.com/en-gb/career,https://www.blacklane.com/,high,https://www.blacklane.com/en/,existing_website+existing_careers_url_domain+company_site_existing_file,name_tokens_on_page:blacklane;name_tokens_on_host:blacklane;location_on_page; attempt_count:1
172059,Blackmoor Investment Partners Limited,blackmoor investment partners limited,London,,,Other,Worker,Skilled Worker,,,,https://blackmoorip.com/,medium,https://blackmoorip.com/,SponsorList,name_tokens_on_page:blackmoor+investment; attempt_count:1
172060,Blackmoor Investment Partners Limited,blackmoor investment partners limited,London,,,Other,Worker,Skilled Worker,,,,https://blackmoorip.com/,medium,https://blackmoorip.com/,SponsorList,name_tokens_on_page:blackmoor+investment; verified_domain_identity_cache_hit; attempt_count:1
172061,BLACKMORE SERVICES LIMITED,blackmore services limited,BRISTOL,,,Other,Worker,Skilled Worker,https://blackmoreservices.com/,,,,low,https://blackmoreservices.com/,existing_website+verified_company_site_source_host,possible_lead_not_accepted:only_one_name_token_on_page_without_hostname_match:blackmore; attempt_count:2
172062,Blackpool and The Fylde College,blackpool and the fylde college,Blackpool,Lancashire,North West,Other,Worker,Skilled Worker,,,,https://www.blackpool.ac.uk/,high,https://www.blackpool.ac.uk/,SponsorList,name_tokens_on_page:blackpool+fylde;name_tokens_on_host:blackpool;location_on_page; attempt_count:1
172066,Blackpool Estates Ltd,blackpool estates ltd,Blackpool,,,Other,Worker,Skilled Worker,,,,,unverified,,,no_first_party_identity_verified; attempt_count:1
172069,BLACKPOOL PARKS LIMITED,blackpool parks limited,BLACKPOOL,,,Other,Worker,Skilled Worker,https://www.nwcarparks.co.uk/,enquiries@nwcarparks.co.uk,,https://www.nwcarparks.co.uk/,high,https://www.nwcarparks.co.uk/,existing_website,name_tokens_on_page:blackpool+parks;location_on_page; attempt_count:1
172086,BLACKROD HOUSE LIMITED,blackrod house limited,"Bolton,",England,,Other,Worker,Skilled Worker,https://www.blackrodhouse.co.uk/,[email protected],,https://www.blackrodhouse.co.uk/,high,https://www.blackrodhouse.co.uk/,existing_website,name_tokens_on_page:blackrod+house;location_on_page; attempt_count:1
172087,Blackrow Engineering Co Ltd,blackrow engineering co ltd,Grimsby,North East Lincolnshire,Yorkshire and the Humber,Other,Worker,Skilled Worker,,,,,unverified,,,no_first_party_identity_verified; attempt_count:1
172114,Blackthorn Trust,blackthorn trust,Maidstone,Kent,South East,Other,Temporary Worker,Charity Worker,,,,https://blackthorn.org.uk/,high,https://blackthorn.org.uk/,SponsorList,name_tokens_on_page:blackthorn+trust;name_tokens_on_host:blackthorn;location_on_page; attempt_count:1
172116,BLACKWALL SECURITY LTD,blackwall security ltd,London,,,Other,Worker,Skilled Worker,https://blackwallsecurity.com/en/,ops@blackwallsecurity.com,,,unverified,,,no_first_party_identity_verified; attempt_count:2
172117,Blackwater Academy LTD,blackwater academy ltd,Birmingham,,,Other,Worker,Skilled Worker,,,,https://www.blackwateracademy.co.uk/,high,https://www.blackwateracademy.co.uk/,SponsorList,name_tokens_on_page:blackwater+academy;location_on_page; attempt_count:1
172134,BLADEZ TOYZ LIMITED,bladez toyz limited,MARLOW,BUCKINGHAMSHIRE,South East,Other,Worker,Skilled Worker,https://bladeztoyz.com,support@bladeztoyz.com,https://bladeztoyz.com/pages/careers,https://bladeztoyz.com/,medium,https://bladeztoyz.com/,existing_website+contact_email_domain+existing_careers_url_domain+company_site_existing_file,name_tokens_on_page:bladez+toyz; attempt_count:1
172147,BLAK DIAMOND SOCIAL CARE LIMITED,blak diamond social care limited,Basildon,Essex,East of England,Other,Worker,Skilled Worker,https://blakdiamond.co.uk/,info@blakdiamond.co.uk,https://blakdiamond.co.uk/careers,https://blakdiamond.co.uk/,high,https://blakdiamond.co.uk/,existing_website+contact_email_domain+existing_careers_url_domain+company_site_existing_file+verified_company_site_source_host,name_tokens_on_page:blak+diamond+social;location_on_page; attempt_count:1
172150,BLAKE & ERNST LIMITED,blake and ernst limited,London,,,Other,Worker,Skilled Worker,http://blakeandernst.co.uk,,,,unverified,,,no_first_party_identity_verified; attempt_count:2
172159,Blakewater Homecare Services Ltd,blakewater homecare services ltd,Blackburn,,,Other,Worker,Skilled Worker,,,,,unverified,,,no_first_party_identity_verified; attempt_count:1
172167,Blanchards Inheritance Ltd,blanchards inheritance ltd,Ramsgate,,,Other,Worker,Skilled Worker,,,,https://blanchardsltd.co.uk/,high,https://blanchardsltd.co.uk/,SponsorList,name_tokens_on_page:blanchards+inheritance;location_on_page; attempt_count:1
172168,Blanche Beauty Ltd,blanche beauty ltd,London,,,Other,Worker,Skilled Worker,,,,,unverified,,,no_first_party_identity_verified; attempt_count:1
172200,BLAZE PARKING MANAGEMENT LTD,blaze parking management ltd,Hounslow,,,Other,Worker,Skilled Worker,https://blazeparkingmanagement.co.uk/,contactus@blazeparkingmanagement.co.uk,,https://blazeparkingmanagement.co.uk/,medium,https://blazeparkingmanagement.co.uk/,existing_website+contact_email_domain,name_tokens_on_page:blaze+parking+management; attempt_count:1
172201,BLAZE PIZZA SLOUGH LTD TA ROCCO'S PIZZA,blaze pizza slough ltd ta rocco s pizza,Greenford,,,Other,Worker,Skilled Worker,,,,https://slough.roccospizza.co.uk/,high,https://slough.roccospizza.co.uk/,SponsorList,name_tokens_on_page:pizza+slough+rocco+pizza;name_tokens_on_host:slough; attempt_count:1
172205,BLB LAKESIDE LTD T/A BRICK LANE BAGEL CO,blb lakeside ltd t a brick lane bagel co,Grays,,,Other,Worker,Skilled Worker,https://bricklanebagel.com/,blbchingford@gmail.com,,https://bricklanebagel.com/,medium,https://bricklanebagel.com/,existing_website,name_tokens_on_page:brick+lane+bagel; attempt_count:1; contact_email_domain_not_used_as_website_lead
172207,BLC Corp-Serve Limited,blc corp serve limited,London,,,Other,Worker,Skilled Worker,https://www.blcservice.org,info@blcservice.org,,https://blcservice.org/,medium,https://blcservice.org/,contact_email_domain,name_tokens_on_page:blc+corp+serve; attempt_count:2
172209,BLE Lighting and Power Ltd,ble lighting and power ltd,Mexborough,,,Other,Worker,Skilled Worker,https://blelighting.co.uk/,[email protected],,https://blelighting.co.uk/,medium,https://blelighting.co.uk/,existing_website,name_tokens_on_page:ble+lighting+power; attempt_count:1
172223,BLENFORD LTD,blenford ltd,Oxford,,,Other,Worker,Skilled Worker,https://blenford.co.uk/,,,https://blenford.co.uk/,high,https://blenford.co.uk/,existing_website,name_tokens_on_page:blenford;name_tokens_on_host:blenford;location_on_page; attempt_count:1
172234,Blessed Hugh Faringdon Catholic School,blessed hugh faringdon catholic school,Reading,,,Other,Worker,Skilled Worker,,,,https://www.hughfaringdon.org/,high,https://www.hughfaringdon.org/,SponsorList,name_tokens_on_page:blessed+hugh+faringdon+catholic;location_on_page; attempt_count:1
172235,Blessed Thomas Holford Catholic College,blessed thomas holford catholic college,Altrincham,Cheshire,North West,Other,Worker,Skilled Worker,,,,https://www.bthcc.org.uk/,high,https://www.bthcc.org.uk/,SponsorList,name_tokens_on_page:blessed+thomas+holford+catholic;location_on_page; attempt_count:1
172246,Blick Rothenberg Limited,blick rothenberg limited,London,,,Other,Worker,Skilled Worker,,,,,unverified,,,no_first_party_identity_verified; attempt_count:1
172266,BLISS BEAUTY SALON LUTON LIMITED,bliss beauty salon luton limited,Luton,,,Other,Worker,Skilled Worker,https://blissbeauty908.wixsite.com/mysite,bliss.beauty908@gmail.com,,,unverified,,,no_first_party_identity_verified; attempt_count:2; contact_email_domain_not_used_as_website_lead
172268,BLISS CARE SOLUTIONS,bliss care solutions,EDINBURGH,,,Other,Worker,Skilled Worker,https://blisscaresolutions.co.uk/,,,,unverified,,,no_first_party_identity_verified; attempt_count:2
172269,BLISS CARE TORQUAY LIMITED,bliss care torquay limited,Torquay,,,Other,Worker,Skilled Worker,https://bliss.care/,,https://bliss.care/careers,https://bliss.care/,high,https://bliss.care/,existing_website+existing_careers_url_domain+company_site_existing_file,name_tokens_on_page:bliss+torquay;name_tokens_on_host:bliss;location_on_page; attempt_count:1
172272,BLISS GROWTH LTD,bliss growth ltd,Canterbury,,,Other,Worker,Skilled Worker,https://blissgrowth.com,,,https://blissgrowth.com/,medium,https://blissgrowth.com/,existing_website,name_tokens_on_page:bliss+growth; attempt_count:1
172287,BLK CAB COFFEE LTD,blk cab coffee ltd,London,,,Other,Worker,Skilled Worker,https://blkcab.com/,hello@blkcab.coffee,,https://blkcab.com/,medium,https://blkcab.com/,existing_website,name_tokens_on_page:blk+cab+coffee; attempt_count:1
172289,Bloc Digital Ltd,bloc digital ltd,Derby,,,Other,Worker,Skilled Worker,,,,,unverified,,,no_first_party_identity_verified; attempt_count:1
172301,BLOCKEYFI UK LIMITED,blockeyfi uk limited,Glasgow,,,Other,Worker,Skilled Worker,https://www.blockeyfi.com/,admin@blockeyfi.com,,,unverified,,,no_first_party_identity_verified; attempt_count:3
172315,BLOOM & GONSAI LIMITED,bloom and gonsai limited,London,,,Other,Worker,Skilled Worker,,,,https://dentistw1.co.uk/,high,https://dentistw1.co.uk/,SponsorList,name_tokens_on_page:bloom+gonsai;location_on_page; attempt_count:1
172317,BLOOM BUSINESS SOLUTIONS LTD,bloom business solutions ltd,London,,,Other,Worker,Skilled Worker,https://www.bloombusiness.co.uk/,,,https://www.bloombusiness.co.uk/,medium,https://www.bloombusiness.co.uk/,existing_website,name_tokens_on_page:bloom+business; attempt_count:1
172344,BLOOMING TULIPS MONTESSORI LTD,blooming tulips montessori ltd,Northwood,,,Other,Worker,Skilled Worker,https://bloomingtulipsmontessori.co.uk/,info@bloomingtulipsmontessori.co.uk,https://bloomingtulipsmontessori.co.uk/careers,https://bloomingtulipsmontessori.co.uk/,medium,https://bloomingtulipsmontessori.co.uk/,existing_website+contact_email_domain+existing_careers_url_domain+company_site_existing_file,name_tokens_on_page:blooming+tulips+montessori; attempt_count:1
172348,Bloompark Software Services Ltd,bloompark software services ltd,Brentford,,,Other,Worker,Skilled Worker,,,,,unverified,,,no_first_party_identity_verified; attempt_count:0
172376,Blossom High Limited,blossom high limited,Rainham,Essex,East of England,Other,Worker,Skilled Worker,,,,https://blossomhigh.co.uk/,high,https://blossomhigh.co.uk/,SponsorList,name_tokens_on_page:blossom+high;location_on_page; attempt_count:1
172378,Blossom House School Limited,blossom house school limited,New Malden,,,Other,Worker,Skilled Worker,,,,https://www.blossomhouseschool.co.uk/,high,https://www.blossomhouseschool.co.uk/,SponsorList,name_tokens_on_page:blossom+house;location_on_page; attempt_count:1
172382,Blossom Staffing Ltd,blossom staffing ltd,Birkenhead,,,Other,Worker,Skilled Worker,,,,https://blossomstaffing.co.uk/,medium,https://blossomstaffing.co.uk/,SponsorList,name_tokens_on_page:blossom+staffing; attempt_count:1
172394,BLS Burnells Limited,bls burnells limited,Uxbridge,Middlesex,,Other,Worker,Skilled Worker,https://blsburnells.com/,vishal@blsburnells.com,,https://blsburnells.com/,high,https://blsburnells.com/,existing_website+contact_email_domain,name_tokens_on_page:bls+burnells;location_on_page; attempt_count:1
172397,BLS INTERNATIONAL SERVICES (UK) Ltd,bls international services uk ltd,London,,,Other,Worker,Global Business Mobility: Senior or Specialist Worker,https://www.blsinternational.com/,info@blsinternational.com,,,low,https://www.blsinternational.com/,existing_website,possible_lead_not_accepted:only_one_name_token_on_page_without_hostname_match:bls; attempt_count:3
172411,BLUDA INDEX LTD,bluda index ltd,SWINDON,,,Other,Worker,Skilled Worker,https://bludaindex.com/,[email protected],https://bludaindex.com/careers,https://bludaindex.com/,medium,https://bludaindex.com/,existing_website+existing_careers_url_domain+company_site_existing_file,name_tokens_on_page:bluda+index; attempt_count:1
172412,BluDot Digital Limited,bludot digital limited,Kingsbury,London,London,Other,Worker,Skilled Worker,,,,,unverified,,,no_first_party_identity_verified; attempt_count:1
172417,BLUE ALPINE PARTNERS LIMITED T/A BLUE ALPINE,blue alpine partners limited t a blue alpine,London,,,Other,Worker,Skilled Worker,https://bluealpinepartners.com/,,,https://bluealpinepartners.com/,medium,https://bluealpinepartners.com/,existing_website,name_tokens_on_page:blue+alpine; attempt_count:1
172431,BLUE BUTTERFLY LIMITED,blue butterfly limited,PINNER,MIDDLESEX,,Other,Worker,Skilled Worker,https://bluebutterflymontessori.com/,pinner@bluebutterflymontessori.com,https://bluebutterflymontessori.com/careers,https://bluebutterflymontessori.com/,high,https://bluebutterflymontessori.com/,existing_website+contact_email_domain+existing_careers_url_domain+company_site_existing_file+verified_company_site_source_host,name_tokens_on_page:blue+butterfly;location_on_page; attempt_count:1
172441,Blue Consulting International Limited T/A Blue Education,blue consulting international limited t a blue education,London,,,Other,Worker,Skilled Worker,,,,https://careers.blueeducation.org/,high,https://careers.blueeducation.org/,SponsorList,name_tokens_on_page:blue+consulting;location_on_page; attempt_count:1
172462,BLUE FIRE AI LIMITED,blue fire ai limited,London,,,Other,Worker,Skilled Worker,https://bluefire.ai,info@bluefire.ai,,,unverified,,,no_first_party_identity_verified; attempt_count:2
172484,BLUE INC KENT LTD,blue inc kent ltd,March,,,Other,Worker,Skilled Worker,,,,,low,https://blueinc.co.uk/,SponsorList,possible_lead_not_accepted:only_one_name_token_on_page_without_hostname_match:blue; attempt_count:1
172510,Blue Moon Grocery Store Ltd,blue moon grocery store ltd,London,,,Other,Worker,Skilled Worker,,,,,unverified,,,no_first_party_identity_verified; attempt_count:1
172522,Blue Orchid Group Ltd,blue orchid group ltd,London,,,Other,Worker,Skilled Worker,,,,https://www.blueorchid.com/,high,https://www.blueorchid.com/,SponsorList,name_tokens_on_page:blue+orchid;location_on_page; attempt_count:1
172526,BLUE PARTNERS LOGISTICS UK LIMITED,blue partners logistics uk limited,Ipswich,,,Other,Worker,Skilled Worker,https://bluepartners.com/,,,,unverified,,,no_first_party_identity_verified; attempt_count:2
172528,BLUE PEARL PINXTON LTD,blue pearl pinxton ltd,Nottingham,,,Other,Worker,Skilled Worker,https://www.bluepearlpinxton.com/,,,https://www.bluepearlpinxton.com/,medium,https://www.bluepearlpinxton.com/,existing_website,name_tokens_on_page:blue+pearl; attempt_count:1
172565,Blue Springs Social Care Ltd,blue springs social care ltd,Nuneaton,Warwickshire,West Midlands,Other,Worker,Skilled Worker,,,,https://bluesprings.co.uk/,medium,https://bluesprings.co.uk/,SponsorList,name_tokens_on_page:blue+springs+social; attempt_count:1
172566,Blue State Digital UK Limited,blue state digital uk limited,London,,,Other,Worker,Skilled Worker,,,,https://www.bluestate.co/,medium,https://www.bluestate.co/,SponsorList,name_tokens_on_page:blue+state+digital; attempt_count:1
172568,Blue Tech (Scotland) Ltd t/a Cell Links,blue tech scotland ltd t a cell links,Glasgow,,,Other,Worker,Skilled Worker,,,,,low,https://mail.visasponsorshipuk.com/,SponsorList,possible_lead_not_accepted:only_one_name_token_on_page_without_hostname_match:links; attempt_count:1
172574,Blue Tomato Accounting Ltd,blue tomato accounting ltd,East Malling,Kent,South East,Other,Worker,Skilled Worker,,,,,unverified,,,no_first_party_identity_verified; attempt_count:1
172576,BLUE TYRES LIMITED,blue tyres limited,Reading,Berkshire,South East,Other,Worker,Skilled Worker,https://www.bluetyres.co.uk/,[email protected],,,unverified,,,no_first_party_identity_verified; attempt_count:2
172587,BLUE WIRE CAPITAL LTD,blue wire capital ltd,London,,,Other,Worker,Skilled Worker,https://www.bluewirecapital.com/,,,https://www.bluewirecapital.com/,high,https://www.bluewirecapital.com/,existing_website,name_tokens_on_page:blue+wire+capital;location_on_page; attempt_count:1
172615,Blueberry Transitional Care Limited,blueberry transitional care limited,Birmingham,West Midlands,West Midlands,Other,Worker,Skilled Worker,,,,https://blueberrytransitionalcare.co.uk/,medium,https://blueberrytransitionalcare.co.uk/,SponsorList,name_tokens_on_page:blueberry+transitional; attempt_count:1
172616,BLUEBERRY TRAVELS LTD,blueberry travels ltd,Uxbridge,,,Other,Worker,Skilled Worker,https://www.blueberrytravel.com,info@blueberrytravel.com,,,unverified,,,no_first_party_identity_verified; attempt_count:3
172618,BlueBinaries Engineering and Solutions Ltd,bluebinaries engineering and solutions ltd,Woking,Surrey,South East,Other,Worker,Skilled Worker,,,,https://www.bluebinaries.com/,medium,https://www.bluebinaries.com/,SponsorList,name_tokens_on_page:bluebinaries;name_tokens_on_host:bluebinaries; attempt_count:1
172631,BLUEBOARD CARE SERVICES LTD,blueboard care services ltd,Dagenham,Essex,East of England,Other,Worker,Skilled Worker,https://blueboardcareservices.com/,,,,low,https://blueboardcareservices.com/,existing_website+verified_company_site_source_host,possible_lead_not_accepted:only_one_name_token_on_page_without_hostname_match:blueboard; attempt_count:2
172644,BLUECROSSLIFECARE LTD,bluecrosslifecare ltd,Manchester,,,Other,Worker,Skilled Worker,https://www.bluecrosslifecareltd.co.uk,,,,unverified,,,no_first_party_identity_verified; attempt_count:2
172676,Bluemax Technology Support Ltd.,bluemax technology support ltd,Cambridge,Cambridgeshire,East of England,Other,Worker,Skilled Worker,,,,https://bluemaxinfo.co.uk/,high,https://bluemaxinfo.co.uk/,SponsorList,name_tokens_on_page:bluemax+support;location_on_page; attempt_count:1
172678,BLUEMOOR PROPERTIES LTD TA PRESTED HALL,bluemoor properties ltd ta prested hall,Colchester,,,Other,Worker,Skilled Worker,https://prested.co.uk,,,https://prested.co.uk/,high,https://prested.co.uk/,existing_website,name_tokens_on_page:prested+hall;name_tokens_on_host:prested;location_on_page; attempt_count:1
172686,BLUEPI PROPERTIES LIMITED,bluepi properties limited,London,England,,Other,Worker,Skilled Worker,https://bluepiproperties.com,,,,low,https://www.openrent.co.uk/,SponsorList,possible_lead_not_accepted:only_one_name_token_on_page_without_hostname_match:properties; attempt_count:2
172692,Blueprint Sport Consulting Limited,blueprint sport consulting limited,Kington,Herefordshire,West Midlands,Other,Worker,Skilled Worker,,,,https://www.blueprintsport.co.uk/,medium,https://www.blueprintsport.co.uk/,SponsorList,name_tokens_on_page:blueprint+sport; attempt_count:1
172706,BLUESTAAR LIMITED TA Bargain Beers,bluestaar limited ta bargain beers,Bristol,,,Other,Worker,Skilled Worker,https://www.bargainbeers.co.uk/,dynamic.nwltd@gmail.com,,,unverified,,,no_first_party_identity_verified; attempt_count:2; contact_email_domain_not_used_as_website_lead
172710,BLUESTONE ASSOCIATES LTD,bluestone associates ltd,London,England,,Other,Worker,Skilled Worker,https://bluestoneassociates.co.uk/,info@bluestoneassociates.co.uk,,,low,https://bluestoneassociates.co.uk/,existing_website+contact_email_domain,possible_lead_not_accepted:only_one_name_token_on_page_without_hostname_match:bluestone; attempt_count:2
172739,Blum Health Ltd,blum health ltd,Birkenhead,Merseyside,North West,Other,Worker,Skilled Worker,,,,,low,https://blumtechgroup.com/,SponsorList,possible_lead_not_accepted:only_one_name_token_on_page_without_hostname_match:blum; attempt_count:1
172745,Blundell's School,blundell s school,Tiverton,Devon,South West,Other,Worker,Skilled Worker,,,,,low,https://www.blundells.org/,SponsorList,possible_lead_not_accepted:only_one_name_token_on_page_without_hostname_match:blundell; attempt_count:1
172753,BLUSPEC GROUP LIMITED,bluspec group limited,STAINES UPON THAMES,SURREY,South East,Other,Worker,Skilled Worker,https://bluspec.co.uk/,info@bluspec.co.uk,,https://bluspec.co.uk/,high,https://bluspec.co.uk/,existing_website+contact_email_domain+verified_company_site_source_host,name_tokens_on_page:bluspec;name_tokens_on_host:bluspec;location_on_page; attempt_count:1
172757,BLUX CONSULTANCY LIMITED,blux consultancy limited,London,,,Other,Worker,Skilled Worker,https://bluxconsultancy.co.uk/,,,,unverified,,,no_first_party_identity_verified; attempt_count:1
172765,BM BRISLINGTON LIMITED,bm brislington limited,Bristol,,,Other,Worker,Skilled Worker,https://www.bmstores.co.uk/,,,,unverified,,,no_first_party_identity_verified; attempt_count:1
172766,BM Coaches & Rental Ltd,bm coaches and rental ltd,Hayes,Middlesex,,Other,Worker,Skilled Worker,https://bmcoaches.co.uk,info@bmcoaches.co.uk,,,unverified,,,no_first_party_identity_verified; attempt_count:1
172769,BM Dynamic Ltd,bm dynamic ltd,Stoke-on-Trent,,,Other,Worker,Skilled Worker,https://bmdynamic.co.uk,,,,unverified,,,no_first_party_identity_verified; attempt_count:1
172772,BM MOBILE CARE LTD,bm mobile care ltd,Slough,,,Other,Worker,Skilled Worker,https://www.bmcare.co.uk/,hr@bmcare.co.uk,,,unverified,,,no_first_party_identity_verified; attempt_count:2
172777,BM3 Services Ltd,bm3 services ltd,Birmingham,West Midlands,West Midlands,Other,Worker,Skilled Worker,https://www.bm3.co.uk/,design@bm3.co.uk,,https://www.bm3.co.uk/,high,https://www.bm3.co.uk/,existing_website,name_tokens_on_page:bm3;name_tokens_on_host:bm3;location_on_page; verified_domain_identity_cache_hit; attempt_count:1
172782,BMA FOODS LIMITED T/A BAKERS + BARISTAS,bma foods limited t a bakers baristas,CASTLEFORD,,,Other,Worker,Skilled Worker,https://www.bakersbaristas.com/,customercare@bakersbaristas.com,https://www.bakersbaristas.com/pages/jobs,https://www.bakersbaristas.com/,medium,https://www.bakersbaristas.com/,existing_website+existing_careers_url_domain+company_site_existing_file,name_tokens_on_page:bakers+baristas; attempt_count:1
172786,BMAS Accountants Ltd,bmas accountants ltd,London,,,Other,Worker,Skilled Worker,https://bmasaccountants.co.uk/,info@bmasaccountants.co.uk,https://bmasaccountants.co.uk/career,https://bmasaccountants.co.uk/,high,https://bmasaccountants.co.uk/,existing_website+contact_email_domain+existing_careers_url_domain+company_site_existing_file,name_tokens_on_page:bmas+accountants;location_on_page; attempt_count:1
172787,BMAT EDUCATION,bmat education,Harlow,,,Other,Worker,Skilled Worker,https://bmat-trust.org.uk,info@bmat-trust.org.uk,,https://www.bmat-trust.org/,high,https://www.bmat-trust.org/,SponsorList,name_tokens_on_page:bmat;name_tokens_on_host:bmat;location_on_page; attempt_count:2
172788,BMB Clothing Ltd,bmb clothing ltd,Leeds,,,Other,Worker,Skilled Worker,https://www.baird-group.co.uk,,,,unverified,,,no_first_party_identity_verified; attempt_count:1
172795,BMD Infrastructure Services Limited,bmd infrastructure services limited,London,,,Other,Worker,Skilled Worker,https://www.bmdgroup.global/,london@empowergroup.global,,,unverified,,,no_first_party_identity_verified; attempt_count:2
172796,BME Enclosures (NI) Limited,bme enclosures ni limited,Ballymena,Co. Antrim,,Other,Worker,Skilled Worker,https://bmeenclosures.co.uk/,,,https://bmeenclosures.co.uk/,high,https://bmeenclosures.co.uk/,existing_website,name_tokens_on_page:bme+enclosures;location_on_page; attempt_count:1
172799,BMG Rights Management Services (UK) Limited,bmg rights management services uk limited,London,,,Other,Temporary Worker,Creative Worker,https://www.bmg.com,info.uk@bmg.com,https://www.bmg.com/careers,https://www.bmg.com/,high,https://www.bmg.com/,existing_website+existing_careers_url_domain,name_tokens_on_page:bmg+rights+management;name_tokens_on_host:bmg; verified_domain_identity_cache_hit; attempt_count:1; company_site_support_name_ambiguous
172801,BMH Shipbroking Limited,bmh shipbroking limited,LONDON,,,Other,Worker,Skilled Worker,https://bmh.co.uk,,,,unverified,,,no_first_party_identity_verified; attempt_count:1
172803,BMI GLOBALED LTD,bmi globaled ltd,London,,,Other,Worker,Skilled Worker,https://bmiglobaled.com/,info@bmiglobaled.com,https://bmiglobaled.com/about-bmi/careers,https://bmiglobaled.com/,high,https://bmiglobaled.com/,existing_website+contact_email_domain+existing_careers_url_domain+company_site_existing_file,name_tokens_on_page:bmi+globaled;location_on_page; attempt_count:1
172810,BMJ GROUPS SOLUTIONS LTD,bmj groups solutions ltd,Birmingham,,,Other,Worker,Skilled Worker,https://bmjgroup.com/,support@bmj.com,https://bmjgroup.com/careers-and-learning,https://jobsearch.bmj.com/,medium,https://jobsearch.bmj.com/,verified_company_site_source_host,name_tokens_on_page:bmj;name_tokens_on_host:bmj; attempt_count:3
172812,BMLL Technologies Ltd,bmll technologies ltd,London,,,Other,Worker,Skilled Worker,https://www.bmlltech.com,,https://www.bmlltech.com/about-bmll/careers,,low,https://www.bmlltech.com/,existing_website+existing_careers_url_domain+company_site_existing_file,possible_lead_not_accepted:only_one_name_token_on_page_without_hostname_match:bmll; attempt_count:1
172823,BMSL Accountancy & Tax Services Ltd,bmsl accountancy and tax services ltd,London,,,Other,Worker,Skilled Worker,,,,,unverified,,,no_first_party_identity_verified; attempt_count:0
172840,BNANO UK LTD,bnano uk ltd,London,,,Other,Worker,Skilled Worker,,,,,unverified,,,no_first_party_identity_verified; attempt_count:0
172845,BNF Capital Limited,bnf capital limited,London,,,Other,Worker,Skilled Worker,,,,,unverified,,,no_first_party_identity_verified; attempt_count:0
172880,Bo Digital Ltd,bo digital ltd,Cambridge,Cambridgeshire,East of England,Other,Worker,Skilled Worker,,,,,unverified,,,no_first_party_identity_verified; attempt_count:0
172885,Boardclic UK Limited,boardclic uk limited,London,,,Other,Worker,Global Business Mobility: Senior or Specialist Worker,,,,,unverified,,,no_first_party_identity_verified; attempt_count:0
172886,BOARDMAN ENGINEERING AND MANAGEMENT SERVICES LTD,boardman engineering and management services ltd,Nottingham,Nottinghamshire,East Midlands,Other,Worker,Skilled Worker,,,,,unverified,,,no_first_party_identity_verified; attempt_count:0
172948,Bodhi College,bodhi college,Totnes,Devon,South West,Other,Temporary Worker,Religious Worker,,,,,unverified,,,no_first_party_identity_verified; attempt_count:0
172967,Body Logic Health Ltd,body logic health ltd,London,London,London,Other,Worker,Skilled Worker,,,,,unverified,,,no_first_party_identity_verified; attempt_count:0
172974,Bodycote PLC,bodycote plc,Macclesfield,Cheshire,North West,Other,Worker,Skilled Worker,,,,,unverified,,,no_first_party_identity_verified; attempt_count:0
173007,Bohemia Club Limited,bohemia club limited,London,,,Other,Worker,Skilled Worker,,,,,unverified,,,no_first_party_identity_verified; attempt_count:0
173012,Bohunt Education Trust,bohunt education trust,Liphook,Hampshire,South East,Other,Worker,Skilled Worker,,,,,unverified,,,no_first_party_identity_verified; attempt_count:0
173031,Boku Labs Ltd,boku labs ltd,London,,,Other,Worker,Skilled Worker,,,,,unverified,,,no_first_party_identity_verified; attempt_count:0
173039,Bold Investment Limited,bold investment limited,London,,,Other,Worker,Skilled Worker,,,,,unverified,,,no_first_party_identity_verified; attempt_count:0
173075,Bolongaro & Trevor Co,bolongaro and trevor co,London,,,Other,Worker,Skilled Worker,,,,,unverified,,,no_first_party_identity_verified; attempt_count:0
173100,Bolton Muslim Girlsâ?? School,bolton muslim girlsâ school,Bolton,Greater Manchester,North West,Other,Worker,Skilled Worker,,,,,unverified,,,no_first_party_identity_verified; attempt_count:0
173105,Bolton Spinal Health,bolton spinal health,Bolton,Lancs,,Other,Worker,Skilled Worker,,,,,unverified,,,no_first_party_identity_verified; attempt_count:0
173117,BOMBAY BICYCLE BATTERSEA LTD,bombay bicycle battersea ltd,London,,,Other,Worker,Skilled Worker,,,,,unverified,,,no_first_party_identity_verified; attempt_count:0
173167,Bond Financial Technologies Ltd,bond financial technologies ltd,London,,,Other,Worker,Skilled Worker,,,,,unverified,,,no_first_party_identity_verified; attempt_count:0
173185,Bone Cancer Research Trust,bone cancer research trust,Leeds,,,Other,Worker,Skilled Worker,,,,,unverified,,,no_first_party_identity_verified; attempt_count:0
173224,BOOK A BASE LTD,book a base ltd,Liverpool,Merseyside,North West,Other,Worker,Skilled Worker,,,,,unverified,,,no_first_party_identity_verified; attempt_count:0
173249,Bookyup.com LTD,bookyup com ltd,Birmingham,,,Other,Worker,Skilled Worker,,,,,unverified,,,no_first_party_identity_verified; attempt_count:0
173252,Boomerang Digital Ltd,boomerang digital ltd,Hessle,East Yorkshire,Yorkshire and the Humber,Other,Worker,Skilled Worker,,,,,unverified,,,no_first_party_identity_verified; attempt_count:0
173259,BOOMSATSUMA EDUCATION LIMITED,boomsatsuma education limited,Bristol,,,Other,Worker,Skilled Worker,,,,,unverified,,,no_first_party_identity_verified; attempt_count:0
173272,BOOTEND STORE LTD,bootend store ltd,Bagillt,,,Other,Worker,Skilled Worker,,,,,unverified,,,no_first_party_identity_verified; attempt_count:0
173298,"BOOZE, DRINK, RUNNERS LTD",booze drink runners ltd,Wembley,,,Other,Worker,Skilled Worker,,,,,unverified,,,no_first_party_identity_verified; attempt_count:0
173319,BOREAS SOFTWARE AND CONSULTING LTD,boreas software and consulting ltd,London,,,Other,Worker,Skilled Worker,,,,,unverified,,,no_first_party_identity_verified; attempt_count:0
173373,Bosch Global Software Technologies Private Limited,bosch global software technologies private limited,Denham,Middlesex,,Other,Worker,Global Business Mobility: Senior or Specialist Worker,,,,,unverified,,,no_first_party_identity_verified; attempt_count:0
173374,Bosch Global Software Technologies Private Limited,bosch global software technologies private limited,Denham,Middlesex,,Other,Worker,Global Business Mobility: Senior or Specialist Worker,,,,,unverified,,,no_first_party_identity_verified; attempt_count:0
173381,Bosco Catholic Education Trust,bosco catholic education trust,Bognor Regis,West Sussex,South East,Other,Worker,Skilled Worker,,,,,unverified,,,no_first_party_identity_verified; attempt_count:0
173431,Boston Accountancy Ltd,boston accountancy ltd,Dagenham,,,Other,Worker,Skilled Worker,,,,,unverified,,,no_first_party_identity_verified; attempt_count:0
173432,Boston College,boston college,Boston,Lincolnshire,East Midlands,Other,Worker,Skilled Worker,,,,,unverified,,,no_first_party_identity_verified; attempt_count:0
173464,Both Bright Croydon Ltd T/A Oodles,both bright croydon ltd t a oodles,Croydon,,,Other,Worker,Skilled Worker,,,,,unverified,,,no_first_party_identity_verified; attempt_count:1
173487,Boubker Delights Limited T/A Treatz,boubker delights limited t a treatz,South Ruislip,Middlesex,,Other,Worker,Skilled Worker,,,,,unverified,,,no_first_party_identity_verified; attempt_count:1
173514,Bourne Education Trust,bourne education trust,Epsom,Surrey,South East,Other,Worker,Skilled Worker,,,,https://www.bourne.education/,high,https://www.bourne.education/,SponsorList,name_tokens_on_page:bourne+education+trust;name_tokens_on_host:bourne+education;location_on_page; attempt_count:1
173516,Bourne Health Partnership,bourne health partnership,Purley,Croydon,,Other,Worker,Skilled Worker,,,,,low,https://bournehealth.co.uk/,SponsorList,possible_lead_not_accepted:only_one_name_token_on_page_without_hostname_match:bourne; attempt_count:1
173546,BOUTIQUE HEALTH TOUR LTD,boutique health tour ltd,Coventry,,,Other,Worker,Skilled Worker,,,,,unverified,,,no_first_party_identity_verified; attempt_count:0
173548,Bouwen Services Design Ltd,bouwen services design ltd,Rochdale,,,Other,Worker,Skilled Worker,,,,,unverified,,,no_first_party_identity_verified; attempt_count:0
173561,Bovis Construction (Europe) Limited,bovis construction europe limited,London,,,Other,Worker,Skilled Worker,,,,https://www.bovis.com/,high,https://www.bovis.com/,SponsorList,name_tokens_on_page:bovis;name_tokens_on_host:bovis;location_on_page; attempt_count:1
173563,Bow Fiddle Fishing Company Limited,bow fiddle fishing company limited,Buckie,Scotland,Scotland,Other,Worker,Skilled Worker,,,,,unverified,,,no_first_party_identity_verified; attempt_count:1
173572,BOW WOW LONDON LIMITED,bow wow london limited,London,,,Other,Worker,Skilled Worker,,,,https://www.bowwow.london/,high,https://www.bowwow.london/,SponsorList,name_tokens_on_page:bow+wow+london;name_tokens_on_host:london;location_on_page; attempt_count:1
173589,Bowers Electricals Ltd,bowers electricals ltd,Heanor,Derbyshire,East Midlands,Other,Worker,Skilled Worker,,,,,unverified,,,no_first_party_identity_verified; attempt_count:0
173625,Boxcat Studio,boxcat studio,Maidstone,Kent,South East,Other,Worker,Skilled Worker,,,,,unverified,,,no_first_party_identity_verified; attempt_count:0
173673,BPACL Accountancy Services Limited,bpacl accountancy services limited,BOREHAMWOOD,Hertfordshire,East of England,Other,Worker,Skilled Worker,,,,,unverified,,,no_first_party_identity_verified; attempt_count:0
173680,BPD Global Group Limited,bpd global group limited,London,,,Other,Worker,Global Business Mobility: Senior or Specialist Worker,,,,,unverified,,,no_first_party_identity_verified; attempt_count:0
173697,BPX Electro Mechanical Co Lt,bpx electro mechanical co lt,Rothley,Leicestershire,East Midlands,Other,Worker,Skilled Worker,,,,,unverified,,,no_first_party_identity_verified; attempt_count:0
173701,BQM CARPENTRY LTD,bqm carpentry ltd,Bexleyheath,,,Other,Worker,Skilled Worker,,,,,unverified,,,no_first_party_identity_verified; attempt_count:0
173716,Brabers Consultancy Ltd,brabers consultancy ltd,London,,,Other,Worker,Skilled Worker,,,,https://brabers.com/,high,https://brabers.com/,SponsorList,name_tokens_on_page:brabers+consultancy;name_tokens_on_host:brabers;location_on_page; attempt_count:1
173735,Bracknell Islamic Cultural Society,bracknell islamic cultural society,Bracknell,,,Other,Temporary Worker,Charity Worker,,,,,unverified,,,no_first_party_identity_verified; attempt_count:0
173751,Bradfield College,bradfield college,Reading,Berkshire,South East,Other,Worker,Skilled Worker,,,,,unverified,,,no_first_party_identity_verified; attempt_count:0
173756,Bradford Academy,bradford academy,Bradford,West Yorkshire,Yorkshire and the Humber,Other,Worker,Skilled Worker,,,,,unverified,,,no_first_party_identity_verified; attempt_count:0
173761,Bradford Children & Families Trust,bradford children and families trust,Bradford,,,Other,Worker,Skilled Worker,,,,,unverified,,,no_first_party_identity_verified; attempt_count:0
173780,BRADING SUPER MARKET,brading super market,Brading,,,Other,Worker,Skilled Worker,,,,,unverified,,,no_first_party_identity_verified; attempt_count:0
173812,Brafe Engineering,brafe engineering,ipswich,None,,Other,Worker,Skilled Worker,,,,,unverified,,,no_first_party_identity_verified; attempt_count:0
173822,BRAIN BOOSTERS ACADEMY GB LIMITED,brain boosters academy gb limited,Luton,,,Other,Worker,Skilled Worker,,,,,unverified,,,no_first_party_identity_verified; attempt_count:0
173826,Brain Labs Digital Ltd,brain labs digital ltd,London,,,Other,Worker,Global Business Mobility: Senior or Specialist Worker,,,,,unverified,,,no_first_party_identity_verified; attempt_count:0
173827,Brain Labs Digital Ltd,brain labs digital ltd,London,,,Other,Worker,Global Business Mobility: Senior or Specialist Worker,,,,,unverified,,,no_first_party_identity_verified; attempt_count:0
173852,Braithwate Ltd,braithwate ltd,London,London,London,Other,Worker,Skilled Worker,,,,,unverified,,,no_first_party_identity_verified; attempt_count:0
173866,Brambletye School Trust Limited,brambletye school trust limited,East Grinstead,West Sussex,South East,Other,Temporary Worker,Charity Worker,,,,,unverified,,,no_first_party_identity_verified; attempt_count:0
173873,Bramley Health Limited,bramley health limited,Croydon,,,Other,Worker,Skilled Worker,,,,,unverified,,,no_first_party_identity_verified; attempt_count:0
173876,Bramley Village Health & Wellbeing Centre,bramley village health and wellbeing centre,Leeds,West Yorkshire,Yorkshire and the Humber,Other,Worker,Skilled Worker,,,,,unverified,,,no_first_party_identity_verified; attempt_count:0
173877,Brampton College,brampton college,London,,,Other,Worker,Skilled Worker,,,,,unverified,,,no_first_party_identity_verified; attempt_count:0
173878,Brampton Manor Trust,brampton manor trust,London,"Newham, East Ham",,Other,Worker,Skilled Worker,,,,,unverified,,,no_first_party_identity_verified; attempt_count:0
173892,Brand Design Lab (Limited),brand design lab limited,Lutterworth,Leicestershire,East Midlands,Other,Worker,Skilled Worker,,,,,unverified,,,no_first_party_identity_verified; attempt_count:0
173926,Brandon Medical,brandon medical,Leeds,West Yorkshire,Yorkshire and the Humber,Other,Worker,Skilled Worker,,,,,unverified,,,no_first_party_identity_verified; attempt_count:0
173928,Brandon Trust (Region A),brandon trust region a,Bristol,,,Other,Worker,Skilled Worker,,,,,unverified,,,no_first_party_identity_verified; attempt_count:0
173929,Brandon Trust (Region B),brandon trust region b,Bristol,,,Other,Worker,Skilled Worker,,,,,unverified,,,no_first_party_identity_verified; attempt_count:0
173930,Brandon Trust (Region C),brandon trust region c,Bristol,,,Other,Worker,Skilled Worker,,,,,unverified,,,no_first_party_identity_verified; attempt_count:0
173931,Brandpie Digital Limited,brandpie digital limited,London,,,Other,Worker,Skilled Worker,,,,,unverified,,,no_first_party_identity_verified; attempt_count:0
173957,Brantingham Auto Manchester Limited t/a Brantingham Auto Centre,brantingham auto manchester limited t a brantingham auto centre,Manchester,,,Other,Worker,Skilled Worker,,,,,unverified,,,no_first_party_identity_verified; attempt_count:0
173978,Brave Software Europe Ltd,brave software europe ltd,London,,,Other,Worker,Global Business Mobility: Senior or Specialist Worker,,,,,unverified,,,no_first_party_identity_verified; attempt_count:0
173979,Brave Software Europe Ltd,brave software europe ltd,London,,,Other,Worker,Global Business Mobility: Senior or Specialist Worker,,,,,unverified,,,no_first_party_identity_verified; attempt_count:0
173991,Bravura Solutions (UK) Limited,bravura solutions uk limited,London,,,Other,Worker,Global Business Mobility: Senior or Specialist Worker,,,,,unverified,,,no_first_party_identity_verified; attempt_count:0
174014,BREAD & OREGANO LTD,bread and oregano ltd,London,,,Other,Worker,Skilled Worker,,,,,unverified,,,no_first_party_identity_verified; attempt_count:0
174028,BREAK POINT LTD,break point ltd,LONDON,,,Other,Worker,Skilled Worker,,,,,unverified,,,no_first_party_identity_verified; attempt_count:0
174035,Breakthrough Business System Limited,breakthrough business system limited,Maidenhead,Berkshire,South East,Other,Worker,Skilled Worker,,,,,unverified,,,no_first_party_identity_verified; attempt_count:0
174040,Brean Leisure Park Ltd,brean leisure park ltd,Burnham-On-Sea,Somerset,South West,Other,Worker,Skilled Worker,,,,,unverified,,,no_first_party_identity_verified; attempt_count:0
174047,BreatheOx Limited (trading as Albus Health),breatheox limited trading as albus health,Oxford,,,Other,Worker,Skilled Worker,,,,,unverified,,,no_first_party_identity_verified; attempt_count:0
174053,Brecons Design & Build Ltd,brecons design and build ltd,London,,,Other,Worker,Skilled Worker,,,,,unverified,,,no_first_party_identity_verified; attempt_count:0
174078,Brenbar Electrical Services,brenbar electrical services,Brentwood,Essex,East of England,Other,Worker,Skilled Worker,,,,,unverified,,,no_first_party_identity_verified; attempt_count:0
174095,Brentford School For Girls,brentford school for girls,Brentford,Middlesex,,Other,Worker,Skilled Worker,,,,https://www.brentford.hounslow.sch.uk/,high,https://www.brentford.hounslow.sch.uk/,SponsorList,name_tokens_on_page:brentford+girls;name_tokens_on_host:brentford;location_on_page; attempt_count:1
174100,Brentside Primary Academy,brentside primary academy,Hanwell,,,Other,Worker,Skilled Worker,,,,,unverified,,,no_first_party_identity_verified; attempt_count:1
174104,Brentwood School,brentwood school,Brentwood,Essex,East of England,Other,Worker,Skilled Worker,,,,,low,https://www.brentwoodschool.co.uk/,SponsorList,possible_lead_not_accepted:only_one_name_token_on_page_without_hostname_match:brentwood; attempt_count:1
174136,Brewin Group Limited T/A Circle Homes,brewin group limited t a circle homes,Leicester,,,Other,Worker,Skilled Worker,,,,,unverified,,,no_first_party_identity_verified; attempt_count:0
174140,Brexa International Limited,brexa international limited,London,,,Other,Worker,Skilled Worker,,,,https://brexa-international.com/,medium,https://brexa-international.com/,SponsorList,name_tokens_on_page:brexa;name_tokens_on_host:brexa; attempt_count:1
174169,Brick Digital,brick digital,Watford,Hertfordshire,East of England,Other,Worker,Skilled Worker,,,,,unverified,,,no_first_party_identity_verified; attempt_count:0
174191,Bricks to Blocks Ltd,bricks to blocks ltd,London,,,Other,Worker,Skilled Worker,,,,,unverified,,,no_first_party_identity_verified; attempt_count:0
174193,Brickwise Labs Ltd,brickwise labs ltd,London,,,Other,Worker,Skilled Worker,,,,https://www.brickwise.homes/,medium,https://www.brickwise.homes/,SponsorList,name_tokens_on_page:brickwise;name_tokens_on_host:brickwise; attempt_count:1
174205,Bridge Academy,bridge academy,London,,,Other,Worker,Skilled Worker,,,,,unverified,,,no_first_party_identity_verified; attempt_count:0
174207,Bridge Autocare Limited,bridge autocare limited,Milton Keynes,,,Other,Worker,Skilled Worker,,,,,unverified,,,no_first_party_identity_verified; attempt_count:0
174247,Bridge to Care Housing Limited,bridge to care housing limited,SHEFFIELD,,,Other,Worker,Skilled Worker,,,,,unverified,,,no_first_party_identity_verified; attempt_count:1
174248,"Bridge UK, Limited",bridge uk limited,London,,,Other,Worker,Global Business Mobility: Senior or Specialist Worker,,bridge.surgery@staffs.nhs.uk,,,unverified,,,no_first_party_identity_verified; attempt_count:0; contact_email_domain_not_used_as_website_lead
174251,Bridge View Medical,bridge view medical,Bristol,,,Other,Worker,Skilled Worker,,bnssg.bvmhr@nhs.net,,,unverified,,,no_first_party_identity_verified; attempt_count:1
174274,Bridgepoint Alliance Ltd,bridgepoint alliance ltd,Wembley Park,Middlesex,,Other,Worker,Skilled Worker,,,,https://www.bridgepointalliance.com/,high,https://www.bridgepointalliance.com/,SponsorList,name_tokens_on_page:bridgepoint+alliance;location_on_page; attempt_count:1
174276,Bridges Electrical Engineers Ltd,bridges electrical engineers ltd,Midsomer Norton,,,Other,Worker,Skilled Worker,,,,https://bridgesltd.co.uk/,high,https://bridgesltd.co.uk/,SponsorList,name_tokens_on_page:bridges+electrical+engineers;location_on_page; attempt_count:1
174279,Bridges Fund Management Limited,bridges fund management limited,London,,,Other,Worker,Skilled Worker,,,,,unverified,,,no_first_party_identity_verified; attempt_count:1
174296,Bridgewood Trust Limited,bridgewood trust limited,Huddersfield,West Yorkshire,Yorkshire and the Humber,Other,Worker,Skilled Worker,,,,https://bridgewoodtrust.co.uk/,high,https://bridgewoodtrust.co.uk/,SponsorList,name_tokens_on_page:bridgewood+trust;location_on_page; attempt_count:1
174309,BRIDON International Ltd,bridon international ltd,Doncaster,South Yorkshire,Yorkshire and the Humber,Other,Worker,Skilled Worker,,,,,low,https://ropes.bekaert.com/,SponsorList,possible_lead_not_accepted:only_one_name_token_on_page_without_hostname_match:bridon; attempt_count:1
174332,Briggs Automotive Company (BAC) Ltd,briggs automotive company bac ltd,Liverpool,,,Other,Worker,Skilled Worker,,,,https://www.bac-mono.com/,medium,https://www.bac-mono.com/,SponsorList,name_tokens_on_page:bac;name_tokens_on_host:bac; attempt_count:1
174333,Briggs Commercial Limited,briggs commercial limited,Burntisland,Fife,Scotland,Other,Worker,Skilled Worker,,,,https://www.briggsmarine.com/,high,https://www.briggsmarine.com/,SponsorList,name_tokens_on_page:briggs+commercial;location_on_page; attempt_count:1
174347,Bright Care at Home Ltd,bright care at home ltd,Edinburgh,,,Other,Worker,Skilled Worker,,,,,unverified,,,no_first_party_identity_verified; attempt_count:1
174396,BRIGHTEDGE ACADEMY LIMITED,brightedge academy limited,LONDON,ILFORD,,Other,Worker,Skilled Worker,,,,https://brightedgeacademy.com/,high,https://brightedgeacademy.com/,SponsorList,name_tokens_on_page:brightedge+academy;location_on_page; attempt_count:1
174402,Brighter Green Engineering,brighter green engineering,High Wycombe,,,Other,Worker,Global Business Mobility: Senior or Specialist Worker,,,,https://brightergreenengineering.com/,high,https://brightergreenengineering.com/,SponsorList,name_tokens_on_page:brighter+green;location_on_page; attempt_count:1
174403,Brighter Green Engineering,brighter green engineering,High Wycombe,,,Other,Worker,Global Business Mobility: Senior or Specialist Worker,,,,https://brightergreenengineering.com/,high,https://brightergreenengineering.com/,SponsorList,name_tokens_on_page:brighter+green;location_on_page; verified_domain_identity_cache_hit; attempt_count:1
174415,BRIGHTLINK POWER TESTING LIMITED,brightlink power testing limited,Stafford,,,Other,Worker,Skilled Worker,,,,,unverified,,,no_first_party_identity_verified; attempt_count:1
174429,Brighton College,brighton college,Brighton,East Sussex,South East,Other,Temporary Worker,Charity Worker,,,,,low,https://www.brightoncollege.org.uk/,SponsorList,possible_lead_not_accepted:only_one_name_token_on_page_without_hostname_match:brighton; attempt_count:1
174430,Brighton College,brighton college,Brighton,East Sussex,South East,Other,Temporary Worker,Charity Worker,,,,,low,https://www.brightoncollege.org.uk/,SponsorList,possible_lead_not_accepted:only_one_name_token_on_page_without_hostname_match:brighton; attempt_count:1
174432,Brighton Dome & Festival Ltd,brighton dome and festival ltd,Brighton,East Sussex,South East,Other,Temporary Worker,Creative Worker,,,,https://brightondome.org/,high,https://brightondome.org/,verified_company_site_source_host,name_tokens_on_page:brighton+dome+festival;location_on_page; attempt_count:1
174438,Brighton Indian Ltd T/A Le Spice,brighton indian ltd t a le spice,Worthing,,,Other,Worker,Skilled Worker,,,,,unverified,,,no_first_party_identity_verified; attempt_count:1
174455,BrightSign Digital Ltd,brightsign digital ltd,Great Shelford,,,Other,Worker,Skilled Worker,,,,https://www.brightsign.biz/,high,https://www.brightsign.biz/,SponsorList,name_tokens_on_page:brightsign+digital;name_tokens_on_host:brightsign; attempt_count:1
174488,BRILLAR LIMITED,brillar limited,Manchester,,,Other,Worker,Skilled Worker,,,,,unverified,,,no_first_party_identity_verified; attempt_count:1
174502,Brillio Technologies Private Limited,brillio technologies private limited,London,,,Other,Worker,Global Business Mobility: Senior or Specialist Worker,,,,https://www.brillio.com/,medium,https://www.brillio.com/,SponsorList,name_tokens_on_page:brillio;name_tokens_on_host:brillio; attempt_count:1
174519,Brindley Medical Ltd,brindley medical ltd,Birmingham,,,Other,Worker,Skilled Worker,,,,,unverified,,,no_first_party_identity_verified; attempt_count:1
174528,Brink's Global Services Limited,brink s global services limited,Feltham,Middlesex,,Other,Worker,Skilled Worker,,,,,low,https://brinksglobal.com/,SponsorList,possible_lead_not_accepted:only_one_name_token_on_page_without_hostname_match:brink; attempt_count:1
174531,Brinkworth Design Limited,brinkworth design limited,London,,,Other,Worker,Skilled Worker,,,,https://brinkworth.com/,high,https://brinkworth.com/,SponsorList,name_tokens_on_page:brinkworth+design;name_tokens_on_host:brinkworth; attempt_count:1
174559,Bristol Care Homes Limited,bristol care homes limited,Bristol,,,Other,Worker,Skilled Worker,,,,https://www.bristolcarehomes.co.uk/,high,https://www.bristolcarehomes.co.uk/,SponsorList,name_tokens_on_page:bristol+homes;location_on_page; attempt_count:1
174576,Bristol Health Ltd,bristol health ltd,Bristol,,,Other,Worker,Skilled Worker,,matteo.francescon@bristol.ac.uk,,https://bristol-health.co.uk/,high,https://bristol-health.co.uk/,SponsorList,name_tokens_on_page:bristol;name_tokens_on_host:bristol;location_on_page; attempt_count:1; contact_email_domain_not_used_as_website_lead
174581,Bristol Music Trust,bristol music trust,Bristol,,,Other,Temporary Worker,Creative Worker,,,,https://bristolbeacon.org/,high,https://bristolbeacon.org/,SponsorList,name_tokens_on_page:bristol+music+trust;location_on_page; attempt_count:1
174582,Bristol Music Trust,bristol music trust,Bristol,,,Other,Temporary Worker,Creative Worker,,,,https://bristolbeacon.org/,high,https://bristolbeacon.org/,SponsorList,name_tokens_on_page:bristol+music+trust;location_on_page; verified_domain_identity_cache_hit; attempt_count:1
174585,BRISTOL NURSING SERVICES LIMITED,bristol nursing services limited,BRISTOL,,,Other,Worker,Skilled Worker,,,,,unverified,,,no_first_party_identity_verified; attempt_count:1
174586,Bristol Old Vic & Theatre Royal Trust Limited,bristol old vic and theatre royal trust limited,Bristol,City of Bristol,,Other,Temporary Worker,Creative Worker,,,,https://bristololdvic.org.uk/,high,https://bristololdvic.org.uk/,SponsorList,name_tokens_on_page:bristol+old+vic+theatre+royal+trust;location_on_page; attempt_count:1
174587,Bristol Old Vic & Theatre Royal Trust Limited,bristol old vic and theatre royal trust limited,Bristol,City of Bristol,,Other,Temporary Worker,Creative Worker,,,,https://bristololdvic.org.uk/,high,https://bristololdvic.org.uk/,SponsorList,name_tokens_on_page:bristol+old+vic+theatre+royal+trust;location_on_page; verified_domain_identity_cache_hit; attempt_count:1
174588,BRISTOL OLD VIC THEATRE SCHOOL LTD,bristol old vic theatre school ltd,BRISTOL,,,Other,Worker,Skilled Worker,,,,https://oldvic.ac.uk/,high,https://oldvic.ac.uk/,SponsorList,name_tokens_on_page:bristol+old+vic+theatre;location_on_page; attempt_count:1
174589,BRISTOL PHONES & TECH SPECIALISTS LIMITED,bristol phones and tech specialists limited,Bristol,,,Other,Worker,Skilled Worker,,,,https://bristolphonerepairs.co.uk/,high,https://bristolphonerepairs.co.uk/,SponsorList,name_tokens_on_page:bristol+phones+tech+specialists;location_on_page; attempt_count:1
174640,Britannia Education Trust,britannia education trust,London,,,Other,Worker,Skilled Worker,,,,https://britanniaeducationgroup.co.uk/,medium,https://britanniaeducationgroup.co.uk/,SponsorList,name_tokens_on_page:britannia+education+trust; attempt_count:1
174642,Britannia Financial Group Limited,britannia financial group limited,London,,,Other,Worker,Global Business Mobility: Senior or Specialist Worker,,,,,unverified,,,no_first_party_identity_verified; attempt_count:1
174643,Britannia Financial Group Limited,britannia financial group limited,London,,,Other,Worker,Global Business Mobility: Senior or Specialist Worker,,,,,unverified,,,no_first_party_identity_verified; attempt_count:1
174659,Britannia Social Care Ltd,britannia social care ltd,Wolverhampton,West Midlands,West Midlands,Other,Worker,Skilled Worker,,,,,unverified,,,no_first_party_identity_verified; attempt_count:0
174671,Britdeals Limited,britdeals limited,Warrington,Cheshire,North West,Other,Worker,Skilled Worker,,,,,unverified,,,no_first_party_identity_verified; attempt_count:0
174686,British Academy,british academy,London,,,Other,Worker,Skilled Worker,,,,,unverified,,,no_first_party_identity_verified; attempt_count:0
174687,British Academy of Jewellery Ltd,british academy of jewellery ltd,London,,,Other,Worker,Skilled Worker,,,,,unverified,,,no_first_party_identity_verified; attempt_count:0
174688,"British Academy Of Songwriters, Composers and Authors",british academy of songwriters composers and authors,London,,,Other,Worker,Skilled Worker,,,,,unverified,,,no_first_party_identity_verified; attempt_count:0
174702,British Asian Trust,british asian trust,London,,,Other,Worker,Skilled Worker,,,,,unverified,,,no_first_party_identity_verified; attempt_count:0
174703,British Asian Trust,british asian trust,London,,,Other,Worker,Skilled Worker,,,,,unverified,,,no_first_party_identity_verified; attempt_count:0
174705,British Association for Performing Arts Medicine,british association for performing arts medicine,London,,,Other,Worker,Skilled Worker,,,,,unverified,,,no_first_party_identity_verified; attempt_count:0
174708,British Aviation Academy Ltd,british aviation academy ltd,Cambourne,,,Other,Worker,Skilled Worker,,,,,unverified,,,no_first_party_identity_verified; attempt_count:0
174709,BRITISH BANGLA WELFARE TRUST,british bangla welfare trust,London,,,Other,Temporary Worker,Charity Worker,,,,,unverified,,,no_first_party_identity_verified; attempt_count:0
174710,BRITISH BANGLA WELFARE TRUST,british bangla welfare trust,London,,,Other,Temporary Worker,Charity Worker,,,,,unverified,,,no_first_party_identity_verified; attempt_count:0
174713,BRITISH BOARD OF AGREMENT,british board of agrement,Watford,Hertfordshire,East of England,Other,Worker,Skilled Worker,,,,,unverified,,,no_first_party_identity_verified; attempt_count:0
174714,British Board of Film Classification,british board of film classification,London,,,Other,Worker,Skilled Worker,,,,,unverified,,,no_first_party_identity_verified; attempt_count:0
174744,British International Investment plc,british international investment plc,London,,,Other,Worker,Global Business Mobility: Senior or Specialist Worker,,,,,unverified,,,no_first_party_identity_verified; attempt_count:0
174745,British International Investment plc,british international investment plc,London,,,Other,Worker,Global Business Mobility: Senior or Specialist Worker,,,,,unverified,,,no_first_party_identity_verified; attempt_count:0
174746,British International Investment plc,british international investment plc,London,,,Other,Worker,Global Business Mobility: Senior or Specialist Worker,,,,,unverified,,,no_first_party_identity_verified; attempt_count:0
174774,British Trust for Ornithology,british trust for ornithology,Thetford,Norfolk,East of England,Other,Temporary Worker,Charity Worker,,,,,unverified,,,no_first_party_identity_verified; attempt_count:0
174775,British Trust for Ornithology,british trust for ornithology,Thetford,Norfolk,East of England,Other,Temporary Worker,Charity Worker,,,,,unverified,,,no_first_party_identity_verified; attempt_count:0
174795,BRITSK9 LTD,britsk9 ltd,Brentwood,,,Other,Worker,Skilled Worker,,,,,unverified,,,no_first_party_identity_verified; attempt_count:0
174800,Brittania Accounting Services Limited,brittania accounting services limited,London,Essex,East of England,Other,Worker,Skilled Worker,,,,,unverified,,,no_first_party_identity_verified; attempt_count:0
174801,Brittania Consultancy Services Ltd,brittania consultancy services ltd,London,,,Other,Worker,Skilled Worker,,,,,unverified,,,no_first_party_identity_verified; attempt_count:0
174802,Brittania Hindu (Shiva) Temple Trust,brittania hindu shiva temple trust,London,,,Other,Temporary Worker,Religious Worker,,,,,unverified,,,no_first_party_identity_verified; attempt_count:0
174808,Britval Ltd,britval ltd,Coventry,,,Other,Worker,Skilled Worker,,,,,unverified,,,no_first_party_identity_verified; attempt_count:0
174838,Broadening Choices For Older People,broadening choices for older people,Birmingham,,,Other,Worker,Skilled Worker,,,,,unverified,,,no_first_party_identity_verified; attempt_count:0
174847,Broadleaf Partnership Trust,broadleaf partnership trust,Birmingham,West Midlands,West Midlands,Other,Worker,Skilled Worker,,,,,unverified,,,no_first_party_identity_verified; attempt_count:0
174853,Broadplace Advertising Ltd,broadplace advertising ltd,Leatherhead,,,Other,Worker,Skilled Worker,,,,,unverified,,,no_first_party_identity_verified; attempt_count:0
174872,Broadway Food and Wine,broadway food and wine,"Elm Park, Hornchurch",,,Other,Worker,Skilled Worker,,,,,unverified,,,no_first_party_identity_verified; attempt_count:0
174891,Brocc Finance AB - UK Branch,brocc finance ab uk branch,London,,,Other,Worker,Skilled Worker,,,,https://broccfinance.com/,high,https://broccfinance.com/,SponsorList,name_tokens_on_page:brocc+branch;location_on_page; attempt_count:1
174895,Brockenhurst College,brockenhurst college,Brockenhurst,Hampshire,South East,Other,Worker,Skilled Worker,,,,,unverified,,,no_first_party_identity_verified; attempt_count:1
174897,Brockhill Park Performing Arts College,brockhill park performing arts college,Hythe,Kent,South East,Other,Worker,Skilled Worker,,,,,unverified,,,no_first_party_identity_verified; attempt_count:0
174920,Bromgrove Limited,bromgrove limited,Brighton,,,Other,Worker,Skilled Worker,,,,,unverified,,,no_first_party_identity_verified; attempt_count:0
174924,Bromley by Bow Health Partnership,bromley by bow health partnership,Bromley By Bow,London,London,Other,Worker,Skilled Worker,,s.hart5@nhs.net,,,unverified,,,no_first_party_identity_verified; attempt_count:1
174930,Bromley Computer And Laptop Repairs,bromley computer and laptop repairs,Bromley,,,Other,Worker,Skilled Worker,,,,,unverified,,,no_first_party_identity_verified; attempt_count:0
174945,Brompton Lodge Residential Home Limited,brompton lodge residential home limited,Colwyn Bay,,,Other,Worker,Skilled Worker,,,,,unverified,,,no_first_party_identity_verified; attempt_count:0
174950,Bromsgrove School,bromsgrove school,Bromsgrove,Worcestershire,West Midlands,Other,Worker,Skilled Worker,,,,,unverified,,,no_first_party_identity_verified; attempt_count:0
174966,BRONZE TOWER (DBI) LIMITED,bronze tower dbi limited,Kingston upon Thames,,,Other,Worker,Skilled Worker,,,,,unverified,,,no_first_party_identity_verified; attempt_count:0
174975,Brook House Health Ltd,brook house health ltd,Colchester,Essex,East of England,Other,Worker,Skilled Worker,,,,,unverified,,,no_first_party_identity_verified; attempt_count:0
174979,Brook Medical Partnership Limited,brook medical partnership limited,Northampton,Northamptonshire,East Midlands,Other,Worker,Skilled Worker,,recruitment@conduso.co.uk,,,unverified,,,no_first_party_identity_verified; attempt_count:1
174986,Brooke and District Cricket Club,brooke and district cricket club,Norwich,Norfolk,East of England,Other,Worker,International Sportsperson,,,,,unverified,,,no_first_party_identity_verified; attempt_count:0
175007,BROOKLAND FINANCIAL LIMITED,brookland financial limited,LONDON,,,Other,Worker,Skilled Worker,,,,,unverified,,,no_first_party_identity_verified; attempt_count:0
175013,Brooklands Museum Trust Ltd,brooklands museum trust ltd,Weybridge,Surrey,South East,Other,Worker,Skilled Worker,,,,,unverified,,,no_first_party_identity_verified; attempt_count:0
175032,BROOKS RESOURCE ACADEMY LIMITED,brooks resource academy limited,London,,,Other,Worker,Skilled Worker,,,,,unverified,,,no_first_party_identity_verified; attempt_count:0
175041,Brooktherm Refrigeration Ltd,brooktherm refrigeration ltd,Birkenhead,Wirral,North West,Other,Worker,Skilled Worker,,,,,unverified,,,no_first_party_identity_verified; attempt_count:0
175059,Brose Ltd,brose ltd,Coventry,,,Other,Worker,Skilled Worker,,,,,unverified,,,no_first_party_identity_verified; attempt_count:0
175155,Browns Cars Limited,browns cars limited,Newry,Down,Northern Ireland,Other,Worker,Skilled Worker,,,,,unverified,,,no_first_party_identity_verified; attempt_count:0
175215,Brunswick Consultants LTD,brunswick consultants ltd,London,,,Other,Worker,Skilled Worker,,,,,unverified,,,no_first_party_identity_verified; attempt_count:0
175231,Bruton School For Girls,bruton school for girls,Bruton,Somerset,South West,Other,Temporary Worker,Charity Worker,,,,,unverified,,,no_first_party_identity_verified; attempt_count:0
175232,Bruton School For Girls,bruton school for girls,Bruton,Somerset,South West,Other,Temporary Worker,Charity Worker,,,,,unverified,,,no_first_party_identity_verified; attempt_count:0
175243,Bryanston School Incorporated,bryanston school incorporated,Blandford,Dorset,South West,Other,Worker,Skilled Worker,,,,,unverified,,,no_first_party_identity_verified; attempt_count:0
175244,Bryanston School Incorporated,bryanston school incorporated,Blandford,Dorset,South West,Other,Worker,Skilled Worker,,,,,unverified,,,no_first_party_identity_verified; attempt_count:0
175246,Bryant Medical Ltd,bryant medical ltd,Lyne,Chertsey,,Other,Worker,Skilled Worker,,,,,unverified,,,no_first_party_identity_verified; attempt_count:0
175251,BRYMBO & TANYFRON REGENERATION TRUST,brymbo and tanyfron regeneration trust,Brymbo Wrexham,Clwyd,,Other,Worker,Skilled Worker,,,,,unverified,,,no_first_party_identity_verified; attempt_count:0
175294,BS4 Limited,bs4 limited,Kent,,,Other,Worker,Skilled Worker,,,,,unverified,,,no_first_party_identity_verified; attempt_count:0
175297,BSA PROPERTIES & INVESTMENT LIMITED,bsa properties and investment limited,Hounslow,,,Other,Worker,Skilled Worker,,,,,unverified,,,no_first_party_identity_verified; attempt_count:0
175318,BSIP WALTHAMSTOW FOODS LTS,bsip walthamstow foods lts,London,LONDON,London,Other,Worker,Skilled Worker,,,,,unverified,,,no_first_party_identity_verified; attempt_count:0
175319,BSJT T/A Bushey Meads School,bsjt t a bushey meads school,Bushey,,,Other,Worker,Skilled Worker,,,,,unverified,,,no_first_party_identity_verified; attempt_count:0
175340,BSS & Co (Accountancy Services) LTd,bss and co accountancy services ltd,Shifnal,Shropshire,West Midlands,Other,Worker,Skilled Worker,,,,,unverified,,,no_first_party_identity_verified; attempt_count:1
175471,Buckswood School,buckswood school,Near Hastings,East Sussex,South East,Other,Worker,Skilled Worker,,,,https://www.buckswood.co.uk/,high,https://www.buckswood.co.uk/,SponsorList,name_tokens_on_page:buckswood;name_tokens_on_host:buckswood;location_on_page; attempt_count:1
175475,Bud Financial Limited,bud financial limited,London,,,Other,Worker,Skilled Worker,,,,https://www.thisisbud.com/,medium,https://www.thisisbud.com/en-us,SponsorList,name_tokens_on_page:bud+financial; attempt_count:1
175489,BUDDY BEAR TRUST CONDUCTIVE EDUCATION SCHOOL,buddy bear trust conductive education school,Dungannon,County Tyrone,,Other,Worker,Skilled Worker,,,,https://buddybeartrust.com/,high,https://buddybeartrust.com/,SponsorList,name_tokens_on_page:buddy+bear+trust+conductive+education;location_on_page; attempt_count:1
175494,Budget Express,budget express,Borehamwood,,,Other,Worker,Skilled Worker,,,,,unverified,,,no_first_party_identity_verified; attempt_count:1
175519,Buglife The Invertebrate Conservation Trust,buglife the invertebrate conservation trust,Peterborough,,,Other,Worker,Skilled Worker,,,,https://www.buglife.org.uk/,high,https://www.buglife.org.uk/,SponsorList,name_tokens_on_page:buglife+invertebrate+conservation+trust;name_tokens_on_host:buglife;location_on_page; attempt_count:1
175525,BUI LTD,bui ltd,DERBY,DERBYSHIRE,East Midlands,Other,Worker,Global Business Mobility: Senior or Specialist Worker,,,,https://bui.co/,medium,https://bui.co/,SponsorList,name_tokens_on_page:bui;name_tokens_on_host:bui; attempt_count:1
175527,Build 2 Design Limited,build 2 design limited,Keston,Kent,South East,Other,Worker,Skilled Worker,,,,https://www.build2designltd.co.uk/,high,https://www.build2designltd.co.uk/,SponsorList,name_tokens_on_page:build+design;location_on_page; attempt_count:1
175549,Building & Construction City Limited,building and construction city limited,Bournemouth,Dorset,South West,Other,Worker,Skilled Worker,,,,,unverified,,,no_first_party_identity_verified; attempt_count:1
175569,BUILDREX LTD,buildrex ltd,London,England,,Other,Worker,Skilled Worker,,,,,unverified,,,no_first_party_identity_verified; attempt_count:1
175574,Buildvantage Limited,buildvantage limited,"Ilford,",Essex,East of England,Other,Worker,Skilled Worker,,,,https://buildvantage.co.uk/,high,https://buildvantage.co.uk/,SponsorList,name_tokens_on_page:buildvantage;name_tokens_on_host:buildvantage;location_on_page; attempt_count:1
175608,Bulletproof Cyber Ltd,bulletproof cyber ltd,Stevenage,,,Other,Worker,Skilled Worker,,,,,unverified,,,no_first_party_identity_verified; attempt_count:1
175620,Bullseye Financial Ltd,bullseye financial ltd,London,England,,Other,Worker,Skilled Worker,,,,,unverified,,,no_first_party_identity_verified; attempt_count:1
175667,Bupa Occupational Health Limited,bupa occupational health limited,London,,,Other,Worker,Global Business Mobility: Senior or Specialist Worker,,,,,unverified,,,no_first_party_identity_verified; attempt_count:1
175668,Bupa Occupational Health Limited,bupa occupational health limited,London,,,Other,Worker,Global Business Mobility: Senior or Specialist Worker,,,,,unverified,,,no_first_party_identity_verified; attempt_count:1
175684,Burcuaras Ltd,burcuaras ltd,Hoddesdon,,,Other,Worker,Skilled Worker,,,,,unverified,,,no_first_party_identity_verified; attempt_count:1
175692,Bureau Proberts International Limited,bureau proberts international limited,London,,,Other,Worker,Skilled Worker,,,,,unverified,,,no_first_party_identity_verified; attempt_count:0
175748,Burlington School Limited,burlington school limited,Balham,London,London,Other,Worker,Skilled Worker,,,,,low,https://burlingtonschool.co.uk/,SponsorList,possible_lead_not_accepted:only_one_name_token_on_page_without_hostname_match:burlington; attempt_count:1
175752,Burlingtown UK Limited,burlingtown uk limited,London,,,Other,Worker,Skilled Worker,,,,,unverified,,,no_first_party_identity_verified; attempt_count:0
175789,Buro Happold Engineers Limited,buro happold engineers limited,Bath,Somerset,South West,Other,Worker,Skilled Worker,,,,https://www.burohappold.com/,medium,https://www.burohappold.com/,SponsorList,name_tokens_on_page:buro+happold+engineers; attempt_count:1
175796,Burrell & Mistry Ltd,burrell and mistry ltd,London,,,Other,Worker,Skilled Worker,,,,https://www.burrellmistry.com/,high,https://www.burrellmistry.com/,SponsorList,name_tokens_on_page:burrell+mistry;location_on_page; attempt_count:1
175873,BUSINESS CONSULTING & ACCOUNTING LIMITED,business consulting and accounting limited,Portsmouth,Hampshire,South East,Other,Worker,Skilled Worker,,,,,unverified,,,no_first_party_identity_verified; attempt_count:1
175904,Business School England Limited,business school england limited,London,,,Other,Worker,Skilled Worker,,,,https://www.bpp.com/,high,https://www.bpp.com/,SponsorList,name_tokens_on_page:business+england;location_on_page; attempt_count:1
175914,Business Sweden Business Support Office UK branch,business sweden business support office uk branch,London,,,Other,Worker,Global Business Mobility: Senior or Specialist Worker,,,,https://www.business-sweden.com/,high,https://www.business-sweden.com/,SponsorList,name_tokens_on_page:business+sweden+business+support+office;name_tokens_on_host:business+sweden+business; attempt_count:1
175946,Bute House Preparatory School for Girls Limited,bute house preparatory school for girls limited,LONDON,,,Other,Worker,Skilled Worker,,,,https://www.butehouse.co.uk/,high,https://www.butehouse.co.uk/,SponsorList,name_tokens_on_page:bute+house+girls;location_on_page; attempt_count:1
175950,Butler Investment Managers Limited,butler investment managers limited,London,,,Other,Worker,Skilled Worker,,,,,unverified,,,no_first_party_identity_verified; attempt_count:1
175953,Butler Traditional Wooden Boats Ltd,butler traditional wooden boats ltd,Truro,Cornwall,South West,Other,Worker,Skilled Worker,,,,https://www.butlerboatyards.co.uk/,high,https://www.butlerboatyards.co.uk/,SponsorList,name_tokens_on_page:butler+traditional+wooden+boats;location_on_page; attempt_count:1
175969,BUTTAR CONSTRUCTION (UK) LIMITED,buttar construction uk limited,HOUNSLOW,,,Other,Worker,Skilled Worker,,,,,unverified,,,no_first_party_identity_verified; attempt_count:1
175992,Button Tech UK Limited,button tech uk limited,London,,,Other,Worker,Skilled Worker,,,,,unverified,,,no_first_party_identity_verified; attempt_count:1
176002,Buxton School,buxton school,London,,,Other,Worker,Skilled Worker,,,,,low,https://www.buxtonschool.org.uk/,SponsorList,possible_lead_not_accepted:only_one_name_token_on_page_without_hostname_match:buxton; attempt_count:1
176010,Buy-Investment-Properties Limited,buy investment properties limited,LEEDS,West Yorkshire,Yorkshire and the Humber,Other,Worker,Skilled Worker,,,,,unverified,,,no_first_party_identity_verified; attempt_count:1
176020,BUYXPRESS LTD,buyxpress ltd,Stockport,,,Other,Worker,Skilled Worker,,,,,unverified,,,no_first_party_identity_verified; attempt_count:0
176034,BVISION LIMITED,bvision limited,Watford,,,Other,Worker,Skilled Worker,,,,,unverified,,,no_first_party_identity_verified; attempt_count:1
176038,BVM Medical Ltd,bvm medical ltd,Hinckley,Leicestershire,East Midlands,Other,Worker,Skilled Worker,,,,,unverified,,,no_first_party_identity_verified; attempt_count:1
176049,"BVU Ventures Ltd, t/a T4 Education",bvu ventures ltd t a t4 education,Hemel Hempstead,Hertfordshire,East of England,Other,Worker,Skilled Worker,,,,,unverified,,,no_first_party_identity_verified; attempt_count:1
176065,BWA HEALTH & CARE SERVICES LTD,bwa health and care services ltd,DERBY,DERBYSHIRE,East Midlands,Other,Worker,Skilled Worker,,,,,unverified,,,no_first_party_identity_verified; attempt_count:1
176125,Byrne Bros (Formwork) Ltd,byrne bros formwork ltd,London,,,Other,Worker,Skilled Worker,,,,,unverified,,,no_first_party_identity_verified; attempt_count:1
176142,Bytes Software Services Limited,bytes software services limited,Leatherhead,Surrey,South East,Other,Worker,Skilled Worker,,,,https://www.bytes.co.uk/,medium,https://www.bytes.co.uk/,SponsorList,name_tokens_on_page:bytes;name_tokens_on_host:bytes; attempt_count:1
176143,Bytes Software Services Limited,bytes software services limited,Leatherhead,Surrey,South East,Other,Worker,Skilled Worker,,,,https://www.bytes.co.uk/,medium,https://www.bytes.co.uk/,SponsorList,name_tokens_on_page:bytes;name_tokens_on_host:bytes; verified_domain_identity_cache_hit; attempt_count:1
176157,C & C Reservoirs Limited,c and c reservoirs limited,Reading,Berkshire,South East,Other,Worker,Skilled Worker,,,,,low,https://ccreservoirs.com/,SponsorList,possible_lead_not_accepted:only_one_name_token_on_page_without_hostname_match:reservoirs; attempt_count:1
176169,C & R Construction South West Ltd,c and r construction south west ltd,Crediton,Devon,South West,Other,Worker,Skilled Worker,,,,https://www.candrconstructionsw.co.uk/,high,https://www.candrconstructionsw.co.uk/,SponsorList,name_tokens_on_page:south+west;location_on_page; attempt_count:1
176171,C & S CHURCH  OF ZION,c and s church of zion,LONDON,ENFIELD,,Other,Worker,Tier 2 Ministers of Religion,,,,,unverified,,,no_first_party_identity_verified; attempt_count:1
176226,C&C EXPRESS LTD,c and c express ltd,WOKING,SURREY,South East,Other,Worker,Skilled Worker,,,,,unverified,,,no_first_party_identity_verified; attempt_count:1
176230,C&D Mechanical Limited,c and d mechanical limited,SHEFFIELD,South Yorkshire,Yorkshire and the Humber,Other,Worker,Skilled Worker,,,,,unverified,,,no_first_party_identity_verified; attempt_count:0
176261,C.A.A Restaurants Limited,c a a restaurants limited,London,Greater London,London,Other,Worker,Skilled Worker,,,,,unverified,,,no_first_party_identity_verified; attempt_count:0
176271,C.D.S. Computer Design Systems Ltd,c d s computer design systems ltd,Salford,Greater Manchester,North West,Other,Worker,Skilled Worker,,,,,unverified,,,no_first_party_identity_verified; attempt_count:0
176278,C.I.K. Accounting Solutions Ltd,c i k accounting solutions ltd,Dundee,,,Other,Worker,Skilled Worker,,,,,unverified,,,no_first_party_identity_verified; attempt_count:0
176315,C6 Digital Ltd,c6 digital ltd,London,,,Other,Worker,Skilled Worker,,,,,unverified,,,no_first_party_identity_verified; attempt_count:0
176318,CA AUTO FINANCE UK LTD,ca auto finance uk ltd,SLOUGH,,,Other,Worker,Global Business Mobility: Senior or Specialist Worker,,,,,unverified,,,no_first_party_identity_verified; attempt_count:0
176319,CA AUTO FINANCE UK LTD,ca auto finance uk ltd,SLOUGH,,,Other,Worker,Global Business Mobility: Senior or Specialist Worker,,,,,unverified,,,no_first_party_identity_verified; attempt_count:0
176328,Caafi Health CIC,caafi health cic,Bristol,,,Other,Worker,Skilled Worker,,,,,unverified,,,no_first_party_identity_verified; attempt_count:0
176361,Cabot UK Holdco Limited,cabot uk holdco limited,Kent,,,Other,Worker,Skilled Worker,,,,,unverified,,,no_first_party_identity_verified; attempt_count:0
176364,CABZONE LTD,cabzone ltd,Worcester,,,Other,Worker,Skilled Worker,,,,,unverified,,,no_first_party_identity_verified; attempt_count:0
176399,Cadensys Limited,cadensys limited,London,,,Other,Worker,Skilled Worker,,,,,unverified,,,no_first_party_identity_verified; attempt_count:0
176425,CADUCIFER MEDICAL SERVICES LIMITED,caducifer medical services limited,Salisbury,Wiltshire,South West,Other,Worker,Skilled Worker,,,,,unverified,,,no_first_party_identity_verified; attempt_count:0
176432,CAE ENGINEERING & ARCHITECTURE LTD,cae engineering and architecture ltd,Bournemouth,Dorset,South West,Other,Worker,Skilled Worker,,,,,unverified,,,no_first_party_identity_verified; attempt_count:0
176453,CAETOP COLLEGE LONDON LTD,caetop college london ltd,Ilford,,,Other,Worker,Skilled Worker,,,,,unverified,,,no_first_party_identity_verified; attempt_count:0
176489,Cafe Maestro Pizzaiolo Ltd,cafe maestro pizzaiolo ltd,London,,,Other,Worker,Skilled Worker,,,,,unverified,,,no_first_party_identity_verified; attempt_count:0
176498,Cafe OTO Limited,cafe oto limited,London,,,Other,Worker,Skilled Worker,,,,,unverified,,,no_first_party_identity_verified; attempt_count:0
176505,Cafe Royal Management Limited,cafe royal management limited,London,,,Other,Worker,Skilled Worker,,,,,unverified,,,no_first_party_identity_verified; attempt_count:0
176523,CAFFE ATTLAS LTD,caffe attlas ltd,London,,,Other,Worker,Skilled Worker,,,,,unverified,,,no_first_party_identity_verified; attempt_count:0
176557,Cairngorm Canoeing & Sailing School Ltd,cairngorm canoeing and sailing school ltd,Kingussie,Highland,Scotland,Other,Worker,Skilled Worker,,,,,unverified,,,no_first_party_identity_verified; attempt_count:0
176616,CAKES AND BAKES LUTON LIMITED,cakes and bakes luton limited,Luton,,,Other,Worker,Skilled Worker,,,,,unverified,,,no_first_party_identity_verified; attempt_count:0
176632,Calcot Health and Leisure Limited,calcot health and leisure limited,Tetbury,,,Other,Worker,Skilled Worker,,,,,unverified,,,no_first_party_identity_verified; attempt_count:0
176644,Calderdale Health Focus Ltd,calderdale health focus ltd,Halifax,,,Other,Worker,Skilled Worker,,,,,unverified,,,no_first_party_identity_verified; attempt_count:0
176658,Caldicott Trust Ltd,caldicott trust ltd,Farnham Royal,Bucks,,Other,Worker,Skilled Worker,,,,,unverified,,,no_first_party_identity_verified; attempt_count:0
176659,Caldicott Trust Ltd,caldicott trust ltd,Farnham Royal,Bucks,,Other,Worker,Skilled Worker,,,,,unverified,,,no_first_party_identity_verified; attempt_count:0
176676,Caledonia Technologies Ltd,caledonia technologies ltd,East Kilbride,,,Other,Worker,Skilled Worker,,,,,unverified,,,no_first_party_identity_verified; attempt_count:0
176679,Caledonian Education Information Centre,caledonian education information centre,Edinburgh,,,Other,Worker,Skilled Worker,,,,,unverified,,,no_first_party_identity_verified; attempt_count:0
176695,Calibrate Accounting Limited,calibrate accounting limited,Aylesbury,,,Other,Worker,Skilled Worker,,,,,unverified,,,no_first_party_identity_verified; attempt_count:0
176698,CALIBRECODE SOLUTIONS LTD,calibrecode solutions ltd,London,,,Other,Worker,Skilled Worker,,,,,unverified,,,no_first_party_identity_verified; attempt_count:0
176716,Calla Lily Clinical Care Ltd,calla lily clinical care ltd,London,,,Other,Worker,Skilled Worker,,,,,unverified,,,no_first_party_identity_verified; attempt_count:0
176742,Calnex Solutions plc,calnex solutions plc,Belfast,,,Other,Worker,Skilled Worker,,,,,unverified,,,no_first_party_identity_verified; attempt_count:0
176771,Calvary Chapel York,calvary chapel york,York,North Yorkshire,Yorkshire and the Humber,Other,Temporary Worker,Religious Worker,,,,,unverified,,,no_first_party_identity_verified; attempt_count:0
176826,Cambridge Arts Theatre Trust Ltd,cambridge arts theatre trust ltd,Cambridge,,,Other,Temporary Worker,Creative Worker,,,,,unverified,,,no_first_party_identity_verified; attempt_count:0
176838,CAMBRIDGE CENTER FOR EDUCATION EXCHANGE LTD,cambridge center for education exchange ltd,Cambridge,,,Other,Worker,Skilled Worker,,,,,unverified,,,no_first_party_identity_verified; attempt_count:0
176843,Cambridge Clinical Laboratories Limited,cambridge clinical laboratories limited,Cambridge,CAMBRIDGESHIRE,East of England,Other,Worker,Skilled Worker,,,,,unverified,,,no_first_party_identity_verified; attempt_count:0
176856,Cambridge Digital Health,cambridge digital health,Cambridge,,,Other,Worker,Skilled Worker,,,,,unverified,,,no_first_party_identity_verified; attempt_count:0
176880,Cambridge Insitu Ltd,cambridge insitu ltd,Cambridge,,,Other,Worker,Skilled Worker,,,,,unverified,,,no_first_party_identity_verified; attempt_count:0
176887,Cambridge Medical Technologies Limited,cambridge medical technologies limited,Harston,Cambridgeshire,East of England,Other,Worker,Skilled Worker,,,,,unverified,,,no_first_party_identity_verified; attempt_count:0
176891,Cambridge Muslim College,cambridge muslim college,Cambridge,,,Other,Worker,Skilled Worker,,,,,unverified,,,no_first_party_identity_verified; attempt_count:0
176897,Cambridge Professional Academy Ltd,cambridge professional academy ltd,Cambridge,,,Other,Worker,Skilled Worker,,,,,unverified,,,no_first_party_identity_verified; attempt_count:0
176900,Cambridge Regional College,cambridge regional college,Cambridge,Cambs,,Other,Worker,Skilled Worker,,,,,unverified,,,no_first_party_identity_verified; attempt_count:0
176901,Cambridge Regulatory Services,cambridge regulatory services,St Ives,Cambridgeshire,East of England,Other,Worker,Skilled Worker,,,,,unverified,,,no_first_party_identity_verified; attempt_count:0
176907,Cambridge Seminars College,cambridge seminars college,Cambridge,,,Other,Worker,Skilled Worker,,,,https://csc.uk/,high,https://csc.uk/,SponsorList,name_tokens_on_page:cambridge+seminars;location_on_page; attempt_count:1
176914,Cambridge Star College Ltd,cambridge star college ltd,Cambridge,,,Other,Worker,Skilled Worker,,,,,unverified,,,no_first_party_identity_verified; attempt_count:1
176915,Cambridge Steiner School Project,cambridge steiner school project,Cambridge,Cambridgeshire,East of England,Other,Worker,Skilled Worker,,,,https://www.waldorfcambridge.uk/,high,https://www.waldorfcambridge.uk/,SponsorList,name_tokens_on_page:cambridge+steiner;location_on_page; attempt_count:1
176916,Cambridge Stoke College Limited,cambridge stoke college limited,Sudbury,Suffolk,East of England,Other,Worker,Skilled Worker,,,,,unverified,,,no_first_party_identity_verified; attempt_count:1
176917,Cambridge Street School,cambridge street school,Batley,,,Other,Worker,Skilled Worker,,,,https://www.cambridgestreetschool.com/,high,https://www.cambridgestreetschool.com/,SponsorList,name_tokens_on_page:cambridge+street;location_on_page; attempt_count:1
176919,Cambridge Tutors College,cambridge tutors college,Croydon,,,Other,Worker,Skilled Worker,,,,,unverified,,,no_first_party_identity_verified; attempt_count:1
176953,Camden Giving,camden giving,London,,,Other,Worker,Skilled Worker,,,,,unverified,,,no_first_party_identity_verified; attempt_count:1
176955,Camden Health Evolution Ltd,camden health evolution ltd,London,,,Other,Worker,Skilled Worker,,,,,unverified,,,no_first_party_identity_verified; attempt_count:1
176977,Cameron Flow Control Technology (UK) Limited,cameron flow control technology uk limited,Crawley,West Sussex,South East,Other,Worker,Global Business Mobility: Senior or Specialist Worker,,,,https://www.slb.com/,high,https://www.slb.com/,SponsorList,name_tokens_on_page:cameron+flow+control;location_on_page; attempt_count:1
176978,Cameron Flow Control Technology (UK) Limited,cameron flow control technology uk limited,Crawley,West Sussex,South East,Other,Worker,Global Business Mobility: Senior or Specialist Worker,,,,https://www.slb.com/,high,https://www.slb.com/,SponsorList,name_tokens_on_page:cameron+flow+control;location_on_page; verified_domain_identity_cache_hit; attempt_count:1
177009,Campbell College,campbell college,Belfast,,,Other,Worker,Skilled Worker,,,,,low,https://www.campbellcollege.co.uk/,SponsorList,possible_lead_not_accepted:only_one_name_token_on_page_without_hostname_match:campbell; attempt_count:1
177010,Campbell College,campbell college,Belfast,,,Other,Worker,Skilled Worker,,,,,low,https://www.campbellcollege.co.uk/,SponsorList,possible_lead_not_accepted:only_one_name_token_on_page_without_hostname_match:campbell; attempt_count:1
177030,Camphill Blair Drummond Trust Ltd,camphill blair drummond trust ltd,Stirling,Scotland,Scotland,Other,Temporary Worker,Charity Worker,,,,https://camphillblairdrummond.org.uk/,high,https://camphillblairdrummond.org.uk/,SponsorList,name_tokens_on_page:camphill+blair+drummond;location_on_page; attempt_count:1
177031,Camphill Blair Drummond Trust Ltd,camphill blair drummond trust ltd,Stirling,Scotland,Scotland,Other,Temporary Worker,Charity Worker,,,,https://camphillblairdrummond.org.uk/,high,https://camphillblairdrummond.org.uk/,SponsorList,name_tokens_on_page:camphill+blair+drummond;location_on_page; verified_domain_identity_cache_hit; attempt_count:1
177055,Camry Limited,camry limited,Edinburgh,,,Other,Worker,Skilled Worker,,,,,unverified,,,no_first_party_identity_verified; attempt_count:1
177064,Camvision Education Limited,camvision education limited,London,,,Other,Worker,Skilled Worker,,,,https://camvision.education/,high,https://camvision.education/,SponsorList,name_tokens_on_page:camvision+education;name_tokens_on_host:camvision+education;location_on_page; attempt_count:1
177078,Canada Pension Plan Investment Board,canada pension plan investment board,London,,,Other,Worker,Global Business Mobility: Senior or Specialist Worker,,,,,unverified,,,no_first_party_identity_verified; attempt_count:1
177079,Canada Pension Plan Investment Board,canada pension plan investment board,London,,,Other,Worker,Global Business Mobility: Senior or Specialist Worker,,,,,unverified,,,no_first_party_identity_verified; attempt_count:1
177099,Canary Wharf College,canary wharf college,London,,,Other,Worker,Skilled Worker,,,,,unverified,,,no_first_party_identity_verified; attempt_count:1
177149,Canford School,canford school,Wimborne,Dorset,South West,Other,Worker,Skilled Worker,,,,https://www.canford.com/,high,https://www.canford.com/,SponsorList,name_tokens_on_page:canford;name_tokens_on_host:canford;location_on_page; attempt_count:1
177175,Canon Europe Limited,canon europe limited,Uxbridge,Middlesex,,Other,Worker,Skilled Worker,,,,https://www.canon-europe.com/,high,https://www.canon-europe.com/,SponsorList,name_tokens_on_page:canon+europe;name_tokens_on_host:canon+europe; attempt_count:1
177177,Canon Medical Research Europe Ltd,canon medical research europe ltd,Edinburgh,,,Other,Worker,Global Business Mobility: Senior or Specialist Worker,,,,,unverified,,,no_first_party_identity_verified; attempt_count:1
177178,Canon Medical Research Europe Ltd,canon medical research europe ltd,Edinburgh,,,Other,Worker,Global Business Mobility: Senior or Specialist Worker,,,,,unverified,,,no_first_party_identity_verified; attempt_count:1
177185,Canopy Education CIC,canopy education cic,London,London,London,Other,Worker,Skilled Worker,,,,,unverified,,,no_first_party_identity_verified; attempt_count:1
177199,CANTELL School,cantell school,SOUTHAMPTON,HAMPSHIRE,South East,Other,Worker,Skilled Worker,,,,https://www.cantell.co.uk/,high,https://www.cantell.co.uk/,SponsorList,name_tokens_on_page:cantell;name_tokens_on_host:cantell;location_on_page; attempt_count:1
177208,Canterbury Diocesan Board of Finance,canterbury diocesan board of finance,Canterbury,Kent,South East,Other,Temporary Worker,Religious Worker,,,,https://www.canterburydiocese.org/,high,https://www.canterburydiocese.org/,SponsorList,name_tokens_on_page:canterbury+diocesan;location_on_page; attempt_count:1
177209,Canterbury Diocesan Board of Finance,canterbury diocesan board of finance,Canterbury,Kent,South East,Other,Temporary Worker,Religious Worker,,,,https://www.canterburydiocese.org/,high,https://www.canterburydiocese.org/,SponsorList,name_tokens_on_page:canterbury+diocesan;location_on_page; verified_domain_identity_cache_hit; attempt_count:1
177212,Canterbury Theatre & Festival Trust,canterbury theatre and festival trust,Canterbury,,,Other,Temporary Worker,Creative Worker,,,,,unverified,,,no_first_party_identity_verified; attempt_count:1
177257,Cape Medical Services Limited,cape medical services limited,Worcester,Worcestershire,West Midlands,Other,Worker,Skilled Worker,,,,,unverified,,,no_first_party_identity_verified; attempt_count:1
177295,Capital City College Group,capital city college group,London,,,Other,Worker,Skilled Worker,,,,https://www.capitalccg.ac.uk/,high,https://www.capitalccg.ac.uk/,SponsorList,name_tokens_on_page:capital+city;location_on_page; attempt_count:1
177304,Capital Construction and Development Limited,capital construction and development limited,London,,,Other,Worker,Skilled Worker,,,,,low,https://www.capitalconstruction.london/,SponsorList,possible_lead_not_accepted:only_one_name_token_on_page_without_hostname_match:capital; attempt_count:1
177345,CAPITAL PROPERTY & CONSTRUCTION CONSULTANTS LTD,capital property and construction consultants ltd,London,,,Other,Worker,Skilled Worker,,,,,unverified,,,no_first_party_identity_verified; attempt_count:1
177353,Capital Tax Accountants,capital tax accountants,Borehamwood,Hertfordshire,East of England,Other,Worker,Skilled Worker,,,,,unverified,,,no_first_party_identity_verified; attempt_count:1
177355,Capital Theatres,capital theatres,Edinburgh,,,Other,Temporary Worker,Creative Worker,,,,,unverified,,,no_first_party_identity_verified; attempt_count:1
177361,CAPITAL WEALTH PROPERTY DEVELOPMENT LIMITED,capital wealth property development limited,Southall,,,Other,Worker,Skilled Worker,,,,,unverified,,,no_first_party_identity_verified; attempt_count:1
177362,CAPITAL WINDOW MANUFACTURING (UXBRIDGE) LIMITED,capital window manufacturing uxbridge limited,Uxbridge,,,Other,Worker,Skilled Worker,,,,,unverified,,,no_first_party_identity_verified; attempt_count:1
177371,Capitax Financial Ltd,capitax financial ltd,Stanmore,Middlesex,,Other,Worker,Skilled Worker,,,,https://capitaxfinancial.com/,high,https://capitaxfinancial.com/,SponsorList,name_tokens_on_page:capitax+financial;location_on_page; attempt_count:1
177373,CAPITOL TAXIS LIMITED,capitol taxis limited,Newport,Gwent,,Other,Worker,Skilled Worker,,,,,unverified,,,no_first_party_identity_verified; attempt_count:1
177380,Capontree Ltd,capontree ltd,Brampton,Cumbria,North West,Other,Worker,Skilled Worker,,,,,low,https://www.capontreevets.co.uk/,SponsorList,possible_lead_not_accepted:only_one_name_token_on_page_without_hostname_match:capontree; attempt_count:1
177382,Cappagh Contractors Construction (London) Ltd,cappagh contractors construction london ltd,London,,,Other,Worker,Skilled Worker,,,,,unverified,,,no_first_party_identity_verified; attempt_count:1
177426,CAPSTONE CONSTRUCTION (NW) LTD,capstone construction nw ltd,Manchester,Greater Manchester,North West,Other,Worker,Skilled Worker,,,,,unverified,,,no_first_party_identity_verified; attempt_count:1
177450,Capula Investment Services Limited,capula investment services limited,London,,,Other,Worker,Global Business Mobility: Senior or Specialist Worker,,,,https://capula.com/,medium,https://capula.com/,SponsorList,name_tokens_on_page:capula;name_tokens_on_host:capula; attempt_count:1
177451,Capula Investment Services Limited,capula investment services limited,London,,,Other,Worker,Global Business Mobility: Senior or Specialist Worker,,,,https://capula.com/,medium,https://capula.com/,SponsorList,name_tokens_on_page:capula;name_tokens_on_host:capula; verified_domain_identity_cache_hit; attempt_count:1
177492,Car-Tech Prestige LTD,car tech prestige ltd,Durham,Not required for this country,,Other,Worker,Skilled Worker,,,,https://www.cartechprestige.co.uk/,high,https://www.cartechprestige.co.uk/,SponsorList,name_tokens_on_page:car+tech+prestige;location_on_page; attempt_count:1
177509,Caramel Rock,caramel rock,London,,,Other,Worker,Skilled Worker,,,,https://caramelrock.com/,high,https://caramelrock.com/,SponsorList,name_tokens_on_page:caramel+rock;location_on_page; attempt_count:1
177535,Carbon Plan Engineering,carbon plan engineering,Huddersfield,West Yorkshire,Yorkshire and the Humber,Other,Worker,Skilled Worker,,,,,unverified,,,no_first_party_identity_verified; attempt_count:1
177573,Cardiff and Vale College,cardiff and vale college,Cardiff,,,Other,Worker,Skilled Worker,,,,https://cavc.ac.uk/,high,https://cavc.ac.uk/en,SponsorList,name_tokens_on_page:cardiff+vale;location_on_page; attempt_count:1
177586,Cardiff Montessori School Limited,cardiff montessori school limited,Swansea,Wales,Wales,Other,Worker,Skilled Worker,,,,https://www.cms.cardiff.sch.uk/,high,https://www.cms.cardiff.sch.uk/,SponsorList,name_tokens_on_page:cardiff+montessori;name_tokens_on_host:cardiff; attempt_count:1
177605,Cardinal Health U.K. 432 Limited,cardinal health u k 432 limited,Leeds,West Yorkshire,Yorkshire and the Humber,Other,Worker,Global Business Mobility: Senior or Specialist Worker,,,,,low,https://www.cardinalhealth.co.uk/en_gb.html,SponsorList,possible_lead_not_accepted:only_one_name_token_on_page_without_hostname_match:cardinal; attempt_count:1
177606,Cardinal Health U.K. 432 Limited,cardinal health u k 432 limited,Leeds,West Yorkshire,Yorkshire and the Humber,Other,Worker,Global Business Mobility: Senior or Specialist Worker,,,,,low,https://www.cardinalhealth.co.uk/en_gb.html,SponsorList,possible_lead_not_accepted:only_one_name_token_on_page_without_hostname_match:cardinal; attempt_count:1
177611,Cardinal Pole Catholic School,cardinal pole catholic school,Hackney,,,Other,Worker,Skilled Worker,,,,https://www.cardinalpole.co.uk/,high,https://www.cardinalpole.co.uk/,SponsorList,name_tokens_on_page:cardinal+pole+catholic;location_on_page; attempt_count:1
177627,Care & Co Ltd,care and co ltd,Swansea,,,Other,Worker,Skilled Worker,,,,,unverified,,,no_first_party_identity_verified; attempt_count:1
177631,Care 24 (UK) Limited,care 24 uk limited,Manchester,Lancashire,North West,Other,Worker,Skilled Worker,,,,,unverified,,,no_first_party_identity_verified; attempt_count:1
177646,CARE AND MANAGEMENT SERVICES LIMITED,care and management services limited,Birmingham,West Midlands,West Midlands,Other,Worker,Skilled Worker,,,,,unverified,,,no_first_party_identity_verified; attempt_count:1
177652,Care And Trust Limited,care and trust limited,Nottingham,,,Other,Worker,Skilled Worker,,,,,unverified,,,no_first_party_identity_verified; attempt_count:1
177655,Care Assist Limited,care assist limited,Harrow,Middlesex,,Other,Worker,Skilled Worker,,,,,unverified,,,no_first_party_identity_verified; attempt_count:1
177696,Care Education Ltd T/A Staffing Connect,care education ltd t a staffing connect,Hounslow,,,Other,Worker,Skilled Worker,,,,,unverified,,,no_first_party_identity_verified; attempt_count:1
177742,CARE MEDICAL LIMITED,care medical limited,Teddington,Middlesex,,Other,Worker,Skilled Worker,,,,,unverified,,,no_first_party_identity_verified; attempt_count:1
177755,Care Partners (Newbury) Ltd,care partners newbury ltd,Newbury,Berkshire,South East,Other,Worker,Skilled Worker,,,,,unverified,,,no_first_party_identity_verified; attempt_count:1
177770,CARE PRISM LIMITED,care prism limited,NORTHAMPTON,NORTHAMPTONSHIRE,East Midlands,Other,Worker,Skilled Worker,,,,,low,https://www.prismhealthcare.co.uk/,SponsorList,possible_lead_not_accepted:only_one_name_token_on_page_without_hostname_match:prism; attempt_count:1
177771,Care Pro (South East) Limited,care pro south east limited,Bexhill on Sea,,,Other,Worker,Skilled Worker,,,,https://careprosoutheast.co.uk/,high,https://careprosoutheast.co.uk/,SponsorList,name_tokens_on_page:pro+south+east;location_on_page; attempt_count:1
177843,Careach Limited,careach limited,Birmingham,West Midlands,West Midlands,Other,Worker,Skilled Worker,,,,https://careach.co.uk/,high,https://careach.co.uk/,SponsorList,name_tokens_on_page:careach;name_tokens_on_host:careach;location_on_page; attempt_count:1
177855,CAREBUILD CONSTRUCTION & ENGINEERING PVT. LTD,carebuild construction and engineering pvt ltd,Walsall,,,Other,Worker,Skilled Worker,,,,,unverified,,,no_first_party_identity_verified; attempt_count:1
177922,Carers Trust Heart of England,carers trust heart of england,Coventry,West Midlands,West Midlands,Other,Worker,Skilled Worker,,,,https://www.carerstrusthofe.org.uk/,high,https://www.carerstrusthofe.org.uk/,SponsorList,name_tokens_on_page:carers+trust+heart+england;location_on_page; attempt_count:1
177928,Caressa Kahn Manufacturing Company Limited,caressa kahn manufacturing company limited,Hatfield,,,Other,Worker,Skilled Worker,,,,,unverified,,,no_first_party_identity_verified; attempt_count:0
177949,Carfax Health Enterprise Community Interest Company,carfax health enterprise community interest company,Swindon,Wiltshire,South West,Other,Worker,Skilled Worker,,,,,low,https://www.cqc.org.uk/,SponsorList,possible_lead_not_accepted:only_one_name_token_on_page_without_hostname_match:community; attempt_count:1
177954,Cargilfield School,cargilfield school,Edinburgh,,,Other,Worker,Skilled Worker,,,,https://www.cargilfield.com/,high,https://www.cargilfield.com/,SponsorList,name_tokens_on_page:cargilfield;name_tokens_on_host:cargilfield;location_on_page; attempt_count:1
177955,Cargilfield School,cargilfield school,Edinburgh,,,Other,Worker,Skilled Worker,,,,https://www.cargilfield.com/,high,https://www.cargilfield.com/,SponsorList,name_tokens_on_page:cargilfield;name_tokens_on_host:cargilfield;location_on_page; verified_domain_identity_cache_hit; attempt_count:1
177979,Caribbean & African Health Network (CAHN),caribbean and african health network cahn,Manchester,,,Other,Worker,Skilled Worker,,,,https://www.cahn.org.uk/,high,https://www.cahn.org.uk/,SponsorList,name_tokens_on_page:caribbean+african+network+cahn;name_tokens_on_host:cahn;location_on_page; attempt_count:1
178010,Caring Hearts Limited,caring hearts limited,Paisley,,,Other,Worker,Skilled Worker,,,,https://caringheartsltd.co.uk/,medium,https://caringheartsltd.co.uk/,SponsorList,name_tokens_on_page:caring+hearts; attempt_count:1
178013,Caring Locals,caring locals,Grays,Essex,East of England,Other,Worker,Skilled Worker,,,,https://www.caringlocals.co.uk/,high,https://www.caringlocals.co.uk/,SponsorList,name_tokens_on_page:caring+locals;location_on_page; attempt_count:1
178031,Caritas Support Ltd,caritas support ltd,Trowbridge,Wiltshire,South West,Other,Worker,Skilled Worker,,,,,low,https://www.cqc.org.uk/,SponsorList,possible_lead_not_accepted:only_one_name_token_on_page_without_hostname_match:support; attempt_count:1
178033,Carl Kostyal Limited,carl kostyal limited,London,,,Other,Worker,Skilled Worker,,,,,unverified,,,no_first_party_identity_verified; attempt_count:1
178044,Carlin How Mini Market,carlin how mini market,Carlin How,Saltburn By The Sea,,Other,Worker,Skilled Worker,,,,,unverified,,,no_first_party_identity_verified; attempt_count:1
178068,Carlton Towers Cricket Club,carlton towers cricket club,"Carlton, Selby",North Yorkshire,Yorkshire and the Humber,Other,Worker,International Sportsperson,,,,https://www.pitchero.com/,medium,https://www.pitchero.com/,SponsorList,name_tokens_on_page:cricket+club; attempt_count:1
178077,Carmelite Monastery,carmelite monastery,Ware,Hertfordshire,East of England,Other,Worker,Tier 2 Ministers of Religion,,,,,unverified,,,no_first_party_identity_verified; attempt_count:0
178078,CARMELITE PRIORY - OXFORD (The Friends of Whitefriars Oxford Trust),carmelite priory oxford the friends of whitefriars oxford trust,Oxford,Oxfordshire,South East,Other,Temporary Worker,Religious Worker,,,,https://www.carmelite.uk.net/,high,https://www.carmelite.uk.net/,SponsorList,name_tokens_on_page:carmelite+priory+oxford+friends+whitefriars+oxford+trust;name_tokens_on_host:carmelite;location_on_page; attempt_count:1
178079,CARMELITE PRIORY - OXFORD (The Friends of Whitefriars Oxford Trust),carmelite priory oxford the friends of whitefriars oxford trust,Oxford,Oxfordshire,South East,Other,Temporary Worker,Religious Worker,,,,https://www.carmelite.uk.net/,high,https://www.carmelite.uk.net/,SponsorList,name_tokens_on_page:carmelite+priory+oxford+friends+whitefriars+oxford+trust;name_tokens_on_host:carmelite;location_on_page; verified_domain_identity_cache_hit; attempt_count:1
178080,CARMELITE PRIORY - OXFORD (The Friends of Whitefriars Oxford Trust),carmelite priory oxford the friends of whitefriars oxford trust,Oxford,Oxfordshire,South East,Other,Temporary Worker,Religious Worker,,,,https://www.carmelite.uk.net/,high,https://www.carmelite.uk.net/,SponsorList,name_tokens_on_page:carmelite+priory+oxford+friends+whitefriars+oxford+trust;name_tokens_on_host:carmelite;location_on_page; verified_domain_identity_cache_hit; attempt_count:1
178084,Carmichael Engineering & Consulting Limited,carmichael engineering and consulting limited,Thame,Oxfordshire,South East,Other,Worker,Skilled Worker,,,,,unverified,,,no_first_party_identity_verified; attempt_count:1
178101,Carnot Ltd T/A Carnot Engines,carnot ltd t a carnot engines,London,,,Other,Worker,Skilled Worker,,,,,unverified,,,no_first_party_identity_verified; attempt_count:1
178131,carr Manor Community School,carr manor community school,Leeds,West Yorkshire,Yorkshire and the Humber,Other,Worker,Skilled Worker,,,,,unverified,,,no_first_party_identity_verified; attempt_count:1
178144,Carrickfergus Gateway Trust,carrickfergus gateway trust,Carrickfergus,County Antrim,,Other,Temporary Worker,Charity Worker,,,,https://www.carrickseniorgateway.org/,high,https://www.carrickseniorgateway.org/,SponsorList,name_tokens_on_page:carrickfergus+gateway;location_on_page; attempt_count:1
178158,Carron Contracts Ltd,carron contracts ltd,Glasgow,,,Other,Worker,Skilled Worker,,,,,unverified,,,no_first_party_identity_verified; attempt_count:1
178170,Cars4you Ltd,cars4you ltd,Edinburgh,Midlothian,Scotland,Other,Worker,Skilled Worker,,,,,unverified,,,no_first_party_identity_verified; attempt_count:1
178171,Carshalton Boys Sports College,carshalton boys sports college,Carshalton,Surrey,South East,Other,Worker,Skilled Worker,,,,https://www.carshaltonboys.org/,high,https://www.carshaltonboys.org/,SponsorList,name_tokens_on_page:carshalton+boys+sports;location_on_page; attempt_count:1
178200,Cartgator Limited,cartgator limited,Aylesbury,,,Other,Worker,Skilled Worker,,,,,unverified,,,no_first_party_identity_verified; attempt_count:1
178219,Carus Animal Health Limited,carus animal health limited,Reigate,Surrey,South East,Other,Worker,Global Business Mobility: Senior or Specialist Worker,,,,https://carusanimalhealth.com/,medium,https://carusanimalhealth.com/,SponsorList,name_tokens_on_page:carus+animal; attempt_count:1
178220,Carus Animal Health Limited,carus animal health limited,Reigate,Surrey,South East,Other,Worker,Global Business Mobility: Senior or Specialist Worker,,,,https://carusanimalhealth.com/,medium,https://carusanimalhealth.com/,SponsorList,name_tokens_on_page:carus+animal; verified_domain_identity_cache_hit; attempt_count:1
178282,CASE INTERNATIONAL EDUCATION LTD,case international education ltd,London,,,Other,Worker,Skilled Worker,,,,,unverified,,,no_first_party_identity_verified; attempt_count:0
178324,CASS INTERNATIONAL EDUCATION & CONSULTING LTD,cass international education and consulting ltd,London,,,Other,Worker,Skilled Worker,,,,,unverified,,,no_first_party_identity_verified; attempt_count:1
178357,Castle Consulting Group Limited,castle consulting group limited,Bromley,,,Other,Worker,Skilled Worker,,,,,unverified,,,no_first_party_identity_verified; attempt_count:1
178389,Castle School Education Trust,castle school education trust,Mangotsfield,South Gloucestershire,South West,Other,Worker,Skilled Worker,,,,https://cset.co.uk/,high,https://cset.co.uk/,SponsorList,name_tokens_on_page:castle+education+trust;location_on_page; attempt_count:1
178393,Castle Trust Capital Plc,castle trust capital plc,London,,,Other,Worker,Skilled Worker,,,,,unverified,,,no_first_party_identity_verified; attempt_count:1
178442,Cat Tech Europe Limited,cat tech europe limited,Scunthorpe,North Lincolnshire,Yorkshire and the Humber,Other,Worker,Global Business Mobility: Senior or Specialist Worker,,,,,unverified,,,no_first_party_identity_verified; attempt_count:0
178443,CAT UK SERVICES LIMITED,cat uk services limited,Avonmouth,Bristol,South West,Other,Worker,Skilled Worker,,,,,unverified,,,no_first_party_identity_verified; attempt_count:0
178458,Catalonia Trade & Investment London Limited,catalonia trade and investment london limited,London,,,Other,Worker,Global Business Mobility: Senior or Specialist Worker,,,,,unverified,,,no_first_party_identity_verified; attempt_count:0
178459,Catalonia Trade & Investment London Limited,catalonia trade and investment london limited,London,,,Other,Worker,Global Business Mobility: Senior or Specialist Worker,,,,,unverified,,,no_first_party_identity_verified; attempt_count:0
178469,Catalyst Sport and Health Limited,catalyst sport and health limited,London,,,Other,Worker,Skilled Worker,,,,,unverified,,,no_first_party_identity_verified; attempt_count:1
178481,Catch Digital,catch digital,London,,,Other,Worker,Skilled Worker,,,,,low,https://www.freeview.co.uk/,SponsorList,possible_lead_not_accepted:only_one_name_token_on_page_without_hostname_match:catch; attempt_count:1
178493,Caterham School Ltd,caterham school ltd,Caterham,Surrey,South East,Other,Worker,Tier 2 Ministers of Religion,,,,,low,https://www.caterhamschool.co.uk/,SponsorList,possible_lead_not_accepted:only_one_name_token_on_page_without_hostname_match:caterham; attempt_count:2
178494,Caterham School Ltd,caterham school ltd,Caterham,Surrey,South East,Other,Worker,Tier 2 Ministers of Religion,,,,,low,https://www.caterhamschool.co.uk/,SponsorList,possible_lead_not_accepted:only_one_name_token_on_page_without_hostname_match:caterham; attempt_count:2
178521,Cathedral Schools Trust,cathedral schools trust,North Somerset,,,Other,Worker,Skilled Worker,,,,https://www.cathedralschoolstrust.org/,medium,https://www.cathedralschoolstrust.org/,SponsorList,name_tokens_on_page:cathedral+schools+trust; attempt_count:1
178544,Cato Networks (UK) Limited,cato networks uk limited,London,,,Other,Worker,Skilled Worker,,,,,unverified,,,no_first_party_identity_verified; attempt_count:1
178547,Cats Eye Trading Limited,cats eye trading limited,Milton Keynes,,,Other,Worker,Skilled Worker,,,,,unverified,,,no_first_party_identity_verified; attempt_count:1
178566,Cauri ltd,cauri ltd,London,,,Other,Worker,Skilled Worker,,,,,unverified,,,no_first_party_identity_verified; attempt_count:1
178575,Cavalier Inns Ltd.,cavalier inns ltd,Beaconsfield,Buckinghamshire,South East,Other,Worker,Skilled Worker,,,,,unverified,,,no_first_party_identity_verified; attempt_count:1
178588,Cavendish Education Ltd,cavendish education ltd,London,,,Other,Worker,Skilled Worker,,,,,unverified,,,no_first_party_identity_verified; attempt_count:1
178591,Cavendish Philatelic Auctions Ltd.,cavendish philatelic auctions ltd,Derby,,,Other,Worker,Skilled Worker,,,,https://www.cavendish-auctions.com/,high,https://www.cavendish-auctions.com/,SponsorList,name_tokens_on_page:cavendish+philatelic+auctions;name_tokens_on_host:cavendish+auctions;location_on_page; attempt_count:1
178618,Caysure Digital Limited,caysure digital limited,Leigh-On-Sea,Essex,East of England,Other,Worker,Skilled Worker,,,,,unverified,,,no_first_party_identity_verified; attempt_count:0
178622,CB Electrical & Mechanical Services,cb electrical and mechanical services,Isleworth,,,Other,Worker,Skilled Worker,,,,,unverified,,,no_first_party_identity_verified; attempt_count:0
178636,CBBG Group Construction Expert Services LTD,cbbg group construction expert services ltd,London,,,Other,Worker,Skilled Worker,,,,,unverified,,,no_first_party_identity_verified; attempt_count:0
178637,CBBG Group Construction Expert Services Ltd,cbbg group construction expert services ltd,London,,,Other,Worker,Skilled Worker,,,,,unverified,,,no_first_party_identity_verified; attempt_count:0
178640,CBC UK Limited,cbc uk limited,London,,,Other,Worker,Skilled Worker,,,,,unverified,,,no_first_party_identity_verified; attempt_count:0
178641,CBD Health Foods Ltd,cbd health foods ltd,Wokingham,Berkshire,South East,Other,Worker,Skilled Worker,,,,,unverified,,,no_first_party_identity_verified; attempt_count:0
178646,CBM Accounting LTD,cbm accounting ltd,Ilford,Essex,East of England,Other,Worker,Skilled Worker,,,,,unverified,,,no_first_party_identity_verified; attempt_count:0
178648,Cboe Clear Europe N.V. (London Branch),cboe clear europe n v london branch,London,,,Other,Worker,Skilled Worker,,,,,unverified,,,no_first_party_identity_verified; attempt_count:0
178655,Cboe UK Limited,cboe uk limited,London,,,Other,Worker,Global Business Mobility: Senior or Specialist Worker,,,,,unverified,,,no_first_party_identity_verified; attempt_count:0
178671,CC BANSTEAD LTD,cc banstead ltd,Banstead,,,Other,Worker,Skilled Worker,,,,,unverified,,,no_first_party_identity_verified; attempt_count:0
178672,CC Construction,cc construction,London,,,Other,Worker,Skilled Worker,,,,,unverified,,,no_first_party_identity_verified; attempt_count:0
178718,CCLI,ccli,Eastbourne,East Sussex,South East,Other,Worker,Skilled Worker,,,,,unverified,,,no_first_party_identity_verified; attempt_count:0
178738,CCTV Express (NW) Limited,cctv express nw limited,Blackburn,Lancashire,North West,Other,Worker,Skilled Worker,,,,,unverified,,,no_first_party_identity_verified; attempt_count:0
178739,CCUK Education Ltd,ccuk education ltd,London,,,Other,Worker,Skilled Worker,,,,,unverified,,,no_first_party_identity_verified; attempt_count:0
178792,CEA CAPA Education Abroad,cea capa education abroad,London,,,Other,Worker,Skilled Worker,,,,,unverified,,,no_first_party_identity_verified; attempt_count:0
178793,Ceasefire Industries U.K. Limited,ceasefire industries u k limited,Birmingham,,,Other,Worker,Global Business Mobility: Senior or Specialist Worker,,,,,unverified,,,no_first_party_identity_verified; attempt_count:0
178799,CECOS College London,cecos college london,London,,,Other,Worker,Scale-up,,,,,unverified,,,no_first_party_identity_verified; attempt_count:0
178800,CECOS College London,cecos college london,London,,,Other,Worker,Scale-up,,,,,unverified,,,no_first_party_identity_verified; attempt_count:0
178813,CEDAR HEALTH AND WELLBEING LIMITED,cedar health and wellbeing limited,DRONFIELD,DERBYSHIRE,East Midlands,Other,Worker,Skilled Worker,,,,,unverified,,,no_first_party_identity_verified; attempt_count:0
178836,Cedus Limited,cedus limited,Ringwood,Hampshire,South East,Other,Worker,Skilled Worker,,,,,unverified,,,no_first_party_identity_verified; attempt_count:0
178844,CEG Administrative Services Limited,ceg administrative services limited,Cambridge,Cambridgeshire,East of England,Other,Worker,Skilled Worker,,,,,unverified,,,no_first_party_identity_verified; attempt_count:0
178925,Celestial Globe Estates Ltd,celestial globe estates ltd,London,,,Other,Worker,Skilled Worker,,,,,unverified,,,no_first_party_identity_verified; attempt_count:0
178936,Celia Hammond Animal Trust,celia hammond animal trust,Wadhurst,East Sussex,South East,Other,Worker,Skilled Worker,,,,,unverified,,,no_first_party_identity_verified; attempt_count:0
178948,CELL TECH EXCHANGE LTD,cell tech exchange ltd,ROMFORD,,,Other,Worker,Skilled Worker,,,,,unverified,,,no_first_party_identity_verified; attempt_count:0
178963,Cellebrite UK Limited,cellebrite uk limited,London,,,Other,Worker,Global Business Mobility: Senior or Specialist Worker,,,,,unverified,,,no_first_party_identity_verified; attempt_count:0
179011,Cen Group Ltd,cen group ltd,Tamworth,Staffordshire,West Midlands,Other,Worker,Skilled Worker,,,,,unverified,,,no_first_party_identity_verified; attempt_count:0
179017,Cenkos Global Investment Limited,cenkos global investment limited,Wolverhampton,West Midlands,West Midlands,Other,Worker,Skilled Worker,,,,,unverified,,,no_first_party_identity_verified; attempt_count:0
179037,Center for Countering Digital Hate LTD,center for countering digital hate ltd,London,,,Other,Worker,Skilled Worker,,,,,unverified,,,no_first_party_identity_verified; attempt_count:0
179046,Center on Long-term Risk,center on long term risk,London,,,Other,Worker,Skilled Worker,,,,,unverified,,,no_first_party_identity_verified; attempt_count:0
179050,CenterSquare Investment Advisors UK Ltd,centersquare investment advisors uk ltd,London,,,Other,Worker,Skilled Worker,,,,,unverified,,,no_first_party_identity_verified; attempt_count:0
179060,Centra Technology UK Limited,centra technology uk limited,London,,,Other,Worker,Skilled Worker,,,,,unverified,,,no_first_party_identity_verified; attempt_count:0
179067,Central Bedrooms and Kitchens Limited,central bedrooms and kitchens limited,Uxbridge,,,Other,Worker,Skilled Worker,,,,,unverified,,,no_first_party_identity_verified; attempt_count:0
179082,Central Foundation Boys' School,central foundation boys school,London,,,Other,Worker,Skilled Worker,,,,,unverified,,,no_first_party_identity_verified; attempt_count:0
179088,Central Health Holdings Ltd,central health holdings ltd,London,,,Other,Worker,Skilled Worker,,,,,unverified,,,no_first_party_identity_verified; attempt_count:0
179089,Central Health Holdings Ltd,central health holdings ltd,London,,,Other,Worker,Skilled Worker,,,,,unverified,,,no_first_party_identity_verified; attempt_count:0
179095,Central Jamia Mosque Madni & Education Centre,central jamia mosque madni and education centre,Halifax,West Yorkshire,Yorkshire and the Humber,Other,Temporary Worker,Religious Worker,,,,,unverified,,,no_first_party_identity_verified; attempt_count:0
179096,Central Jamia Mosque Madni & Education Centre,central jamia mosque madni and education centre,Halifax,West Yorkshire,Yorkshire and the Humber,Other,Temporary Worker,Religious Worker,,,,,unverified,,,no_first_party_identity_verified; attempt_count:0
179106,Central Mosque Rochdale,central mosque rochdale,Rochdale,Lancashire,North West,Other,Temporary Worker,Religious Worker,,,,,unverified,,,no_first_party_identity_verified; attempt_count:0
179124,Central Surgery,central surgery,Rugby,Warwickshire,West Midlands,Other,Worker,Skilled Worker,,,,,unverified,,,no_first_party_identity_verified; attempt_count:0
179128,Central Surrey Health Limited,central surrey health limited,Woking,Surrey,South East,Other,Worker,Skilled Worker,,,,,unverified,,,no_first_party_identity_verified; attempt_count:0
179130,Central Trust,central trust,South Woodford,,,Other,Worker,Skilled Worker,,,,,unverified,,,no_first_party_identity_verified; attempt_count:0
179131,Central Trust Limited,central trust limited,Watford,Hertfordshire,East of England,Other,Worker,Skilled Worker,,,,,unverified,,,no_first_party_identity_verified; attempt_count:0
179143,CENTRE ACADEMY LONDON,centre academy london,LONDON,,,Other,Worker,Skilled Worker,,,,,unverified,,,no_first_party_identity_verified; attempt_count:0
179150,CENTRE FOR EDUCATION-UK LTD,centre for education uk ltd,London,,,Other,Worker,Skilled Worker,,,,,unverified,,,no_first_party_identity_verified; attempt_count:0
179157,"Centre for Finance, Technology and Entrepreneurship Ltd",centre for finance technology and entrepreneurship ltd,"London,",,,Other,Worker,Skilled Worker,,,,,unverified,,,no_first_party_identity_verified; attempt_count:0
179158,"Centre for Finance, Technology and Entrepreneurship Ltd",centre for finance technology and entrepreneurship ltd,"London,",,,Other,Worker,Skilled Worker,,,,,unverified,,,no_first_party_identity_verified; attempt_count:0
179159,"Centre for Finance, Technology and Entrepreneurship Ltd",centre for finance technology and entrepreneurship ltd,"London,",,,Other,Worker,Skilled Worker,,,,,unverified,,,no_first_party_identity_verified; attempt_count:0
179160,Centre for Global Education,centre for global education,Belfast,Antrim,Northern Ireland,Other,Temporary Worker,Charity Worker,,,,,unverified,,,no_first_party_identity_verified; attempt_count:0
179162,Centre for Health Sciences Training Research and Development (CHESTRAD) International,centre for health sciences training research and development chestrad international,London,,,Other,Worker,Skilled Worker,,,,,unverified,,,no_first_party_identity_verified; attempt_count:0
179166,Centre for Mental Health,centre for mental health,London,,,Other,Worker,Skilled Worker,,,,,unverified,,,no_first_party_identity_verified; attempt_count:0
179183,Centre of Accountancy Careers & Training Ltd,centre of accountancy careers and training ltd,London,,,Other,Worker,Skilled Worker,,,,,unverified,,,no_first_party_identity_verified; attempt_count:0
179195,Centrepoint Computer Services Ltd,centrepoint computer services ltd,Epsom,Surrey,South East,Other,Worker,Skilled Worker,,,,,unverified,,,no_first_party_identity_verified; attempt_count:0
179237,Century Inns Limited,century inns limited,St Ives,Cambridgeshire,East of England,Other,Worker,Skilled Worker,,,,,unverified,,,no_first_party_identity_verified; attempt_count:0
179300,CERTAX ACCOUNTING BRISTOL LIMITED,certax accounting bristol limited,Bristol,,,Other,Worker,Skilled Worker,,,,,unverified,,,no_first_party_identity_verified; attempt_count:1
179301,CERTAX ACCOUNTING EAST KENT LIMITED,certax accounting east kent limited,Margate,Kent,South East,Other,Worker,Skilled Worker,,,,,unverified,,,no_first_party_identity_verified; attempt_count:1
179314,Certua Group Limited,certua group limited,Harrow,,,Other,Worker,Skilled Worker,,,,,unverified,,,no_first_party_identity_verified; attempt_count:0
179335,Ceva Animal Health Limited,ceva animal health limited,Wooburn Green,Buckinghamshire,South East,Other,Worker,Global Business Mobility: Senior or Specialist Worker,,,,https://www.ceva.co.uk/,high,https://www.ceva.co.uk/,SponsorList,name_tokens_on_page:ceva+animal;name_tokens_on_host:ceva;location_on_page; attempt_count:1
179336,Ceva Animal Health Limited,ceva animal health limited,Wooburn Green,Buckinghamshire,South East,Other,Worker,Global Business Mobility: Senior or Specialist Worker,,,,https://www.ceva.co.uk/,high,https://www.ceva.co.uk/,SponsorList,name_tokens_on_page:ceva+animal;name_tokens_on_host:ceva;location_on_page; verified_domain_identity_cache_hit; attempt_count:1
179352,Ceylon Express Company Limited,ceylon express company limited,London,,,Other,Worker,Skilled Worker,,,,,unverified,,,no_first_party_identity_verified; attempt_count:1
179419,CHA CHA CHAI OLDHAM LTD,cha cha chai oldham ltd,Oldham,,,Other,Worker,Skilled Worker,,,,,unverified,,,no_first_party_identity_verified; attempt_count:1
179427,Chace Community School,chace community school,Enfield,,,Other,Worker,Skilled Worker,,,,https://www.chace.enfield.sch.uk/,high,https://www.chace.enfield.sch.uk/,SponsorList,name_tokens_on_page:chace+community;name_tokens_on_host:chace;location_on_page; attempt_count:1
179432,Chad Engineering UK Ltd,chad engineering uk ltd,Windsor,,,Other,Worker,Skilled Worker,,,,https://www.chad-engineering.co.uk/,medium,https://www.chad-engineering.co.uk/,SponsorList,name_tokens_on_page:chad;name_tokens_on_host:chad; attempt_count:1
179465,CHAIN & CHAIN TECHNOLOGIES LIMITED,chain and chain technologies limited,LONDON,,,Other,Worker,Skilled Worker,,,,,unverified,,,no_first_party_identity_verified; attempt_count:0
179476,Chaiwalla,chaiwalla,London,,,Other,Worker,Skilled Worker,,,,,unverified,,,no_first_party_identity_verified; attempt_count:1
179490,Chalice Medical Limited,chalice medical limited,Nottinghamshire,,,Other,Worker,Skilled Worker,,,,,unverified,,,no_first_party_identity_verified; attempt_count:1
179523,Chameleon Design and Build Ltd,chameleon design and build ltd,Bristol,,,Other,Worker,Skilled Worker,,,,https://www.chameleondesignandbuild.co.uk/,medium,https://www.chameleondesignandbuild.co.uk/,SponsorList,name_tokens_on_page:chameleon+design+build; attempt_count:1
179527,CHAMP Cargosystems (UK) Ltd,champ cargosystems uk ltd,Reading,BERKSHIRE,South East,Other,Worker,Skilled Worker,,,,https://www.champ.aero/,high,https://www.champ.aero/,SponsorList,name_tokens_on_page:champ+cargosystems;name_tokens_on_host:champ;location_on_page; attempt_count:2
179538,Champion Health Plus Ltd,champion health plus ltd,"Fareham, Lee-on-the-Solent",Hampshire,South East,Other,Worker,Skilled Worker,,,,https://www.championhealthplus.co.uk/,medium,https://www.championhealthplus.co.uk/,SponsorList,name_tokens_on_page:champion+plus; attempt_count:1
179561,Chancery Education Trust,chancery education trust,Bromley,Kent,South East,Other,Worker,Skilled Worker,,,,https://www.chanceryeducation.com/,high,https://www.chanceryeducation.com/,SponsorList,name_tokens_on_page:chancery+education+trust;location_on_page; attempt_count:1
179609,Channel Digital Holdings Limited,channel digital holdings limited,London,,,Other,Worker,Skilled Worker,,,,https://www.channeldigital.co.uk/,medium,https://www.channeldigital.co.uk/,SponsorList,name_tokens_on_page:channel+digital; attempt_count:1
179613,Channel Global Ltd,channel global ltd,London,,,Other,Worker,Global Business Mobility: Senior or Specialist Worker,,,,,unverified,,,no_first_party_identity_verified; attempt_count:1
179614,Channel Health Alliance,channel health alliance,Lydden,KENT,South East,Other,Worker,Skilled Worker,,cha.hr@nhs.net,,https://www.channelhealthalliance.co.uk/,high,https://www.channelhealthalliance.co.uk/,SponsorList,name_tokens_on_page:channel+alliance;location_on_page; attempt_count:2
179619,Channing School,channing school,London,,,Other,Worker,Skilled Worker,,,,https://www.channing.co.uk/,high,https://www.channing.co.uk/,SponsorList,name_tokens_on_page:channing;name_tokens_on_host:channing;location_on_page; attempt_count:1
179646,Chaperone K9,chaperone k9,Husbands Bosworth,,,Other,Worker,Skilled Worker,,,,,low,https://www.chaperonek9.co.uk/,SponsorList,possible_lead_not_accepted:only_one_name_token_on_page_without_hostname_match:chaperone; attempt_count:1
179674,Charcoal Grill,charcoal grill,Wiltshire,ENGLAND,,Other,Worker,Skilled Worker,,,,,unverified,,,no_first_party_identity_verified; attempt_count:1
179705,Charis UK Ltd,charis uk ltd,Edinburgh,,,Other,Worker,Skilled Worker,,,,,unverified,,,no_first_party_identity_verified; attempt_count:1
179743,Charles Rippin and Turner,charles rippin and turner,Middlesex,,,Other,Worker,Skilled Worker,,,,,unverified,,,no_first_party_identity_verified; attempt_count:1
179760,CHARLES WILLIAM PROPERTY INVESTMENT LTD,charles william property investment ltd,London,,,Other,Worker,Skilled Worker,,,,,unverified,,,no_first_party_identity_verified; attempt_count:1
179795,Charlton Kings Cricket Club,charlton kings cricket club,Cheltenham,Gloucestershire,South West,Other,Worker,International Sportsperson,,,,https://charltonkings.play-cricket.com/,medium,https://charltonkings.play-cricket.com/,SponsorList,name_tokens_on_page:cricket;name_tokens_on_host:cricket; attempt_count:1
179796,Charlton Park Academy,charlton park academy,London,,,Other,Worker,Skilled Worker,,,,,unverified,,,no_first_party_identity_verified; attempt_count:1
179842,Charters School,charters school,Ascot,Berkshire,South East,Other,Worker,Skilled Worker,,,,,unverified,,,no_first_party_identity_verified; attempt_count:0
179846,Chartwell Care Services Limited,chartwell care services limited,Leicester,,,Other,Worker,Skilled Worker,,,,,unverified,,,no_first_party_identity_verified; attempt_count:0
179893,Chatham Financial Europe Ltd,chatham financial europe ltd,London,,,Other,Temporary Worker,Global Business Mobility: Graduate Trainee,,,,,unverified,,,no_first_party_identity_verified; attempt_count:0
179894,Chatham Financial Europe Ltd,chatham financial europe ltd,London,,,Other,Temporary Worker,Global Business Mobility: Graduate Trainee,,,,,unverified,,,no_first_party_identity_verified; attempt_count:0
179895,Chatham Financial Europe Ltd,chatham financial europe ltd,London,,,Other,Temporary Worker,Global Business Mobility: Graduate Trainee,,,,,unverified,,,no_first_party_identity_verified; attempt_count:0
179930,Chaumet (London) Limited,chaumet london limited,London,,,Other,Worker,Skilled Worker,,,,,unverified,,,no_first_party_identity_verified; attempt_count:0
179931,Chauncy School,chauncy school,Ware,Herts,,Other,Worker,Skilled Worker,,,,,unverified,,,no_first_party_identity_verified; attempt_count:0
179941,CHAYAN LONDON LTD,chayan london ltd,London,,,Other,Worker,Skilled Worker,,,,,unverified,,,no_first_party_identity_verified; attempt_count:0
179954,Cheadle Hulme School,cheadle hulme school,Stockport,Cheshire,North West,Other,Worker,Skilled Worker,,,,,unverified,,,no_first_party_identity_verified; attempt_count:0
179972,CHECKMATE CAFE & GRILL LTD,checkmate cafe and grill ltd,Luton,Bedfordshire,East of England,Other,Worker,Skilled Worker,,,,,unverified,,,no_first_party_identity_verified; attempt_count:0
179985,CHEEKY MONKEY LONDON LTD,cheeky monkey london ltd,Watford,Hertfordshire,East of England,Other,Worker,Skilled Worker,,,,,unverified,,,no_first_party_identity_verified; attempt_count:0
179986,CHEEKY SCONE LIMITED,cheeky scone limited,PINNER,,,Other,Worker,Skilled Worker,,,,,unverified,,,no_first_party_identity_verified; attempt_count:0
180010,CHEETHAM KIDS ACADEMY LTD,cheetham kids academy ltd,Manchester,,,Other,Worker,Skilled Worker,,,,,unverified,,,no_first_party_identity_verified; attempt_count:0
180049,Chelmsford Visionplus Limited T/A Specsavers Opticians,chelmsford visionplus limited t a specsavers opticians,Chelmsford,Essex,East of England,Other,Worker,Skilled Worker,,,,,unverified,,,no_first_party_identity_verified; attempt_count:0
180052,Chelsea Academy (A Science Academy),chelsea academy a science academy,London,,,Other,Worker,Skilled Worker,,,,,unverified,,,no_first_party_identity_verified; attempt_count:0
180059,Chelsea Construction Co Ltd,chelsea construction co ltd,London,,,Other,Worker,Skilled Worker,,,,,unverified,,,no_first_party_identity_verified; attempt_count:0
180062,Chelsea Education Group Services Ltd,chelsea education group services ltd,London,,,Other,Worker,Skilled Worker,,,,,unverified,,,no_first_party_identity_verified; attempt_count:0
180074,CHELSEA LONDON LIMITED,chelsea london limited,London,,,Other,Worker,Skilled Worker,,,,,unverified,,,no_first_party_identity_verified; attempt_count:0
180079,Chelsfield Electrical Ltd,chelsfield electrical ltd,Great Amwell,Hertfordshire,East of England,Other,Worker,Skilled Worker,,,,,unverified,,,no_first_party_identity_verified; attempt_count:0
180082,CHELSTON PARK NURSING & RESIDENTIAL HOME LTD,chelston park nursing and residential home ltd,"Wellington, Somerset",,,Other,Worker,Skilled Worker,,,,,unverified,,,no_first_party_identity_verified; attempt_count:1
180083,CHELSTON PARK NURSING AND RESIDENTIAL HOME LTD,chelston park nursing and residential home ltd,WELLINGTON,SOMERSET,South West,Other,Worker,Skilled Worker,,,,,unverified,,,no_first_party_identity_verified; attempt_count:0
180085,Cheltenham College,cheltenham college,Cheltenham,Gloucestershire,South West,Other,Temporary Worker,Charity Worker,,,,,unverified,,,no_first_party_identity_verified; attempt_count:0
180086,Cheltenham College,cheltenham college,Cheltenham,Gloucestershire,South West,Other,Temporary Worker,Charity Worker,,,,,unverified,,,no_first_party_identity_verified; attempt_count:0
180089,Cheltenham Ladies' College,cheltenham ladies college,Cheltenham,Glos,,Other,Worker,Skilled Worker,,,,,unverified,,,no_first_party_identity_verified; attempt_count:0
180096,Chelvaa Homes (Pvt) Ltd,chelvaa homes pvt ltd,Essex,,,Other,Worker,Skilled Worker,,,,,unverified,,,no_first_party_identity_verified; attempt_count:0
180117,Chemring Group PLC,chemring group plc,Romsey,Hampshire,South East,Other,Worker,Global Business Mobility: Senior or Specialist Worker,,,,,unverified,,,no_first_party_identity_verified; attempt_count:0
180128,Chenavari Financial Group Ltd,chenavari financial group ltd,London,,,Other,Worker,Global Business Mobility: Senior or Specialist Worker,,,,,unverified,,,no_first_party_identity_verified; attempt_count:0
180140,CHEONG'S HOLDING LIMITED,cheong s holding limited,LONDON,,,Other,Worker,Skilled Worker,,,,,unverified,,,no_first_party_identity_verified; attempt_count:0
180152,Chequp Health Limited,chequp health limited,Chippenham,England,,Other,Worker,Skilled Worker,,,,,unverified,,,no_first_party_identity_verified; attempt_count:0
180160,CHERISH SOCIAL CARE,cherish social care,Hatfield,Hertfordshire,East of England,Other,Worker,Skilled Worker,,,,,unverified,,,no_first_party_identity_verified; attempt_count:0
180208,Cherwell College Oxford Ltd,cherwell college oxford ltd,Oxford,Oxfordshire,South East,Other,Temporary Worker,Charity Worker,,,,,unverified,,,no_first_party_identity_verified; attempt_count:0
180209,Cherwell College Oxford Ltd,cherwell college oxford ltd,Oxford,Oxfordshire,South East,Other,Temporary Worker,Charity Worker,,,,,unverified,,,no_first_party_identity_verified; attempt_count:0
180219,Cheshire College South & West,cheshire college south and west,Crewe,Cheshire,North West,Other,Worker,Skilled Worker,,,,,unverified,,,no_first_party_identity_verified; attempt_count:0
180237,CHESSVANTAGE ACADEMY LIMITED,chessvantage academy limited,London,,,Other,Worker,Skilled Worker,,,,,unverified,,,no_first_party_identity_verified; attempt_count:0
180253,Chesterfield College,chesterfield college,Chesterfield,Derbyshire,East Midlands,Other,Worker,Skilled Worker,,,,,unverified,,,no_first_party_identity_verified; attempt_count:0
180264,Chesterton Community College,chesterton community college,Cambridge,Cambridgeshire,East of England,Other,Worker,Skilled Worker,,,,,unverified,,,no_first_party_identity_verified; attempt_count:0
180277,Cheswardine Hall Nursing & Residential Home,cheswardine hall nursing and residential home,Market Drayton,Shropshire,West Midlands,Other,Worker,Skilled Worker,,,,,unverified,,,no_first_party_identity_verified; attempt_count:0
180286,Chetwood Financial Limited,chetwood financial limited,Wrexham,Wrexham,Wales,Other,Worker,Skilled Worker,,,,,unverified,,,no_first_party_identity_verified; attempt_count:0
