sponsor_licence_id,organisation_name,normalized_organisation_name,town_city,county,region,industry,route,sub_route,existing_website,existing_contact_email,existing_careers_url,official_website_url,website_confidence,website_evidence_url,source,notes
154151,B & H Care Ltd,b and h care ltd,Ipswich,Suffolk,East of England,Social Care,Worker,Skilled Worker,https://bhhomecare.co.uk,,https://bhhomecare.co.uk/careers,,unverified,,,no_first_party_identity_verified; attempt_count:2
154175,B and V Brown t/a Adelphi Rest Home,b and v brown t a adelphi rest home,Chorley,Lanchashire,,Social Care,Worker,Skilled Worker,,,,,low,https://www.cqc.org.uk/,SponsorList,possible_lead_not_accepted:only_one_name_token_on_page_without_hostname_match:home; attempt_count:1
154447,CREATIVE CARE HOME LIMITED,creative care home limited,Halifax,,,Social Care,Worker,Skilled Worker,,,,,unverified,,,no_first_party_identity_verified; attempt_count:1
154470,Ian Tappin t/a Lovat House Residential Care Home,ian tappin t a lovat house residential care home,Wokingham,Berkshire,South East,Social Care,Worker,Skilled Worker,,,,,unverified,,,no_first_party_identity_verified; attempt_count:1
154745,1st Care Limited t/as The Hawthorne Nursing Home,1st care limited t as the hawthorne nursing home,Nottinghamshire,,,Social Care,Worker,Skilled Worker,https://hawthornenursinghome.com/,admin@hawthornenursinghome.com,,https://hawthornenursinghome.com/,medium,https://hawthornenursinghome.com/,existing_website+contact_email_domain,name_tokens_on_page:hawthorne+nursing+home; attempt_count:1
154794,2 CARERS LTD,2 carers ltd,Stafford,Staffordshire,West Midlands,Social Care,Worker,Skilled Worker,https://www.2carers.co.uk/,,https://www.2carers.co.uk/careers,,low,https://www.2carers.co.uk/,existing_website+existing_careers_url_domain+company_site_existing_file,possible_lead_not_accepted:only_one_name_token_on_page_without_hostname_match:carers; attempt_count:1
154862,24HRS HC Home Care Services LTD,24hrs hc home care services ltd,Hudderfield,,,Social Care,Worker,Skilled Worker,,,,,unverified,,,no_first_party_identity_verified; attempt_count:0
154912,2M Health & Home Care Ltd,2m health and home care ltd,Smethwick,West Midlands,West Midlands,Social Care,Worker,Skilled Worker,https://www.2mhealthandhomecare.co.uk,,,,unverified,,,no_first_party_identity_verified; attempt_count:2
154996,365 Care Homes Ltd T/A Delph House Care Home,365 care homes ltd t a delph house care home,Littleport,Ely,,Social Care,Worker,Skilled Worker,https://www.365carehomes.co.uk,info@365carehomes.co.uk,,https://365carehomes.co.uk/,medium,https://365carehomes.co.uk/,contact_email_domain,name_tokens_on_page:delph+house+home; attempt_count:2
155427,8K Home Care Ltd,8k home care ltd,Harrogate,North Yorkshire,Yorkshire and the Humber,Social Care,Worker,Skilled Worker,,,,,low,https://www.cqc.org.uk/,SponsorList,possible_lead_not_accepted:only_one_name_token_on_page_without_hostname_match:home; attempt_count:1
155511,A & I Care Homes Ltd T/a The Meadows Residential Care Home,a and i care homes ltd t a the meadows residential care home,Greenford,Middlesex,,Social Care,Worker,Skilled Worker,https://aicarehome.co.uk/,careers@ic24.nhs.uk,https://aicarehome.co.uk/career,https://aicarehome.co.uk/,high,https://aicarehome.co.uk/,existing_website+existing_careers_url_domain+company_site_existing_file+verified_company_site_source_host,name_tokens_on_page:residential+home;location_on_page; attempt_count:1; contact_email_domain_not_used_as_website_lead
155573,a and k home care services ltd,a and k home care services ltd,daventry,northamptonshire,East Midlands,Social Care,Worker,Skilled Worker,,,,,unverified,,,no_first_party_identity_verified; attempt_count:1
155772,A STAR SUPPORT SERVICES LTD,a star support services ltd,Holywell,Flintshire,Wales,Social Care,Worker,Skilled Worker,https://astargroup.co.uk/,,https://astargroup.co.uk/work-for-us,https://astargroup.co.uk/,high,https://astargroup.co.uk/,existing_website+existing_careers_url_domain+company_site_existing_file,name_tokens_on_page:star+support;location_on_page; attempt_count:1
156078,A1 Care Services Ty Ceirios Nursing Home,a1 care services ty ceirios nursing home,Pontypool,Torfaen,Wales,Social Care,Worker,Skilled Worker,https://a1care.co.uk/,bournemouth@a1care.co.uk,https://a1care.co.uk/care-jobs,https://a1care.co.uk/,medium,https://a1care.co.uk/,existing_website+contact_email_domain+existing_careers_url_domain+company_site_existing_file+verified_company_site_source_host,name_tokens_on_page:nursing+home; attempt_count:1
156109,A1 Quality Home Care Limited,a1 quality home care limited,Colchester,,,Social Care,Worker,Skilled Worker,https://www.a1qualityhomecare.co.uk,info@a1qualityhomecare.co.uk,,https://www.cqc.org.uk/,medium,https://www.cqc.org.uk/,SponsorList,name_tokens_on_page:quality+home; attempt_count:3
156162,A2Z Home Care Services Limited,a2z home care services limited,Watford,Hertfordshire,East of England,Social Care,Worker,Skilled Worker,,,,,unverified,,,no_first_party_identity_verified; attempt_count:0
156324,Aadamson House Care Home,aadamson house care home,Preston,,,Social Care,Worker,Skilled Worker,,,,,unverified,,,no_first_party_identity_verified; attempt_count:0
156630,ABBENDON HEALTH CARE LTD T/A ABBENDON NURSING HOME,abbendon health care ltd t a abbendon nursing home,SOUTHPORT,,,Social Care,Worker,Skilled Worker,,,,,unverified,,,no_first_party_identity_verified; attempt_count:0
156645,Abbey Court Care Home,abbey court care home,Bourne,Lincolnshire,East Midlands,Social Care,Worker,Skilled Worker,,,,,unverified,,,no_first_party_identity_verified; attempt_count:1
156653,Abbey Grange Care Home Ltd,abbey grange care home ltd,Burnley,,,Social Care,Worker,Skilled Worker,,,,,unverified,,,no_first_party_identity_verified; attempt_count:1
156659,ABBEY HOUSE RESEDENTIAL CARE HOME,abbey house resedential care home,MORDEN,SURREY,South East,Social Care,Worker,Skilled Worker,https://www.abbeycareservices.co.uk/Abbey_House.htm,contact@abbeycareservices.co.uk,,https://www.abbeycareservices.co.uk/,medium,https://www.abbeycareservices.co.uk/,existing_website,name_tokens_on_page:abbey+house+home; attempt_count:1
156661,Abbey lodge care home limited,abbey lodge care home limited,london colony,St Albans,,Social Care,Worker,Skilled Worker,,,,,unverified,,,no_first_party_identity_verified; attempt_count:1
156671,Abbey Private Nursing Home Ltd,abbey private nursing home ltd,Dungannon,Tyrone,Northern Ireland,Social Care,Worker,Skilled Worker,,,,,unverified,,,no_first_party_identity_verified; attempt_count:1
156672,Abbey Ravenscroft Park LTD T/A Abbey Ravenscroft Park Nursing Home,abbey ravenscroft park ltd t a abbey ravenscroft park nursing home,Barnet,,,Social Care,Worker,Skilled Worker,,e82402.abbeyroadsurgery@nhs.net,,,unverified,,,no_first_party_identity_verified; attempt_count:2
156675,Abbey Rose Care Home,abbey rose care home,Ringwood,,,Social Care,Worker,Skilled Worker,,,,,unverified,,,no_first_party_identity_verified; attempt_count:1
156691,Abbeycroft Care Home,abbeycroft care home,Redditch,Worcestershire,West Midlands,Social Care,Worker,Skilled Worker,,,,,unverified,,,no_first_party_identity_verified; attempt_count:1
156692,ABBEYDALE NURSING HOME,abbeydale nursing home,Liverpool,Merseyside,North West,Social Care,Worker,Skilled Worker,https://www.abbeyhealthcare.org.uk/,info@abbeyhealthcare.org.uk,https://www.abbeyhealthcare.org.uk/careers,,low,https://www.abbeyhealthcare.org.uk/,existing_website+existing_careers_url_domain+company_site_existing_file,possible_lead_not_accepted:only_one_name_token_on_page_without_hostname_match:home; attempt_count:3
156693,Abbeydale Residential Care Home,abbeydale residential care home,Ilkley,West Yorkshire,Yorkshire and the Humber,Social Care,Worker,Skilled Worker,,,,,unverified,,,no_first_party_identity_verified; attempt_count:1
156696,Abbeyfield Hertfordshire Residential Care Society Ltd,abbeyfield hertfordshire residential care society ltd,Kings Langley,,,Social Care,Worker,Skilled Worker,,,,https://www.abbeyfieldengland.com/,medium,https://www.abbeyfieldengland.com/,SponsorList,name_tokens_on_page:abbeyfield+residential; attempt_count:1
156704,Abbeyside Nursing Home Limited,abbeyside nursing home limited,Elgin,Moray,Scotland,Social Care,Worker,Skilled Worker,,,,https://www.abbeysidecaregroup.co.uk/,high,https://www.abbeysidecaregroup.co.uk/,SponsorList,name_tokens_on_page:abbeyside+nursing+home;location_on_page; attempt_count:2
156718,ABBOTSFORD RESIDENTIAL CARE HOME LIMITED T/ AS Abbotsford Residential Care Home,abbotsford residential care home limited t as abbotsford residential care home,Pinner,Middlesex,,Social Care,Worker,Skilled Worker,,recruitment@akaricare.co.uk,,https://akaricare.co.uk/,medium,https://akaricare.co.uk/,contact_email_domain,name_tokens_on_page:residential+home+residential+home; attempt_count:1
156724,Abbotswood Court Care Home,abbotswood court care home,Romsey,Hampshire,South East,Social Care,Worker,Skilled Worker,,,,,unverified,,,no_first_party_identity_verified; attempt_count:1
156751,ABC CARE HOME LTD,abc care home ltd,CATERHAM,SURREY,South East,Social Care,Worker,Skilled Worker,https://www.abccare.co.uk/,,,https://www.abccare.co.uk/,medium,https://www.abccare.co.uk/,existing_website,name_tokens_on_page:abc+home; attempt_count:1
156752,ABC CARE HOME LTD,abc care home ltd,CATERHAM,SURREY,South East,Social Care,Worker,Skilled Worker,https://www.abccare.co.uk/,,,https://www.abccare.co.uk/,medium,https://www.abccare.co.uk/,existing_website,name_tokens_on_page:abc+home; verified_domain_identity_cache_hit; attempt_count:1
156862,Abergarw Care Home Limited,abergarw care home limited,Bridgend,,,Social Care,Worker,Skilled Worker,,,,,low,https://www.carongroup.wales/,SponsorList,possible_lead_not_accepted:only_one_name_token_on_page_without_hostname_match:home; attempt_count:1
156918,Abide Home Care Limited,abide home care limited,Brixham,,,Social Care,Worker,Skilled Worker,,,,,unverified,,,no_first_party_identity_verified; attempt_count:1
156942,Abington Park View Care Home,abington park view care home,Northampton,,,Social Care,Worker,Skilled Worker,,carlasmith@nhs.net,,,unverified,,,no_first_party_identity_verified; attempt_count:2
156943,Abington Park View Care Home,abington park view care home,Northampton,,,Social Care,Worker,Skilled Worker,,carlasmith@nhs.net,,,unverified,,,no_first_party_identity_verified; attempt_count:2
156969,Able Carers Ltd,able carers ltd,York,,,Social Care,Worker,Skilled Worker,,,,,unverified,,,no_first_party_identity_verified; attempt_count:0
156977,AbleCare (Menwinnion) Ltd T/A Menwinnion Country House Care Home,ablecare menwinnion ltd t a menwinnion country house care home,Penzance,Cornwall,South West,Social Care,Worker,Skilled Worker,,,,,unverified,,,no_first_party_identity_verified; attempt_count:0
157100,Absolute Healthcare West Ltd T/A The Village Nursing Home,absolute healthcare west ltd t a the village nursing home,Brierley Hill,,,Social Care,Worker,Skilled Worker,,,,,unverified,,,no_first_party_identity_verified; attempt_count:1
157176,Acacia Lodge Care Home Limited,acacia lodge care home limited,Billericay,,,Social Care,Worker,Skilled Worker,,,,https://www.acacialodge.co/,medium,https://www.acacialodge.co/,SponsorList,name_tokens_on_page:acacia+lodge+home; attempt_count:1
157352,Accordia Supported Living Services Limited,accordia supported living services limited,Lewes,,,Social Care,Worker,Skilled Worker,,,,,unverified,,,no_first_party_identity_verified; attempt_count:0
157462,Ace Home Care Services Limited t/a Ace Homecare London,ace home care services limited t a ace homecare london,London,,,Social Care,Worker,Skilled Worker,,,,,unverified,,,no_first_party_identity_verified; attempt_count:0
157494,ACEPAY LIMITED TRADING AS THE COTTAGE NURSING HOME,acepay limited trading as the cottage nursing home,WALSALL,,,Social Care,Worker,Skilled Worker,,,,https://www.cqc.org.uk/,medium,https://www.cqc.org.uk/,SponsorList,name_tokens_on_page:nursing+home; attempt_count:1
157600,Acorn Care Home,acorn care home,Ilford,,,Social Care,Worker,Skilled Worker,,,,https://acorncarehome.com/,medium,https://acorncarehome.com/,SponsorList,name_tokens_on_page:acorn+home; attempt_count:1
157617,Acorn Lodge Care Home,acorn lodge care home,London,,,Social Care,Worker,Skilled Worker,,,,,unverified,,,no_first_party_identity_verified; attempt_count:1
157618,Acorn Lodge Ltd t/a Acorn Lodge Care Home,acorn lodge ltd t a acorn lodge care home,Hackney,London,London,Social Care,Worker,Skilled Worker,,recruitment@conduso.co.uk,,,low,https://conduso.co.uk/,contact_email_domain,possible_lead_not_accepted:only_one_name_token_on_page_without_hostname_match:home; attempt_count:2
157621,Acorn Nursing Home,acorn nursing home,Birmingham,,,Social Care,Worker,Skilled Worker,,,,,unverified,,,no_first_party_identity_verified; attempt_count:1
158136,Adelaide Nursing Home Ltd,adelaide nursing home ltd,Brighton,East Sussex,South East,Social Care,Worker,Skilled Worker,,,,,unverified,,,no_first_party_identity_verified; attempt_count:1
158221,Adina Home Care Service Ltd.,adina home care service ltd,Pinner,Middlesex,,Social Care,Worker,Skilled Worker,,,,,unverified,,,no_first_party_identity_verified; attempt_count:1
158331,Adriana Ltd t/a The Priory Nursing & Residential Care Home,adriana ltd t a the priory nursing and residential care home,Monmouth,Gwent,,Social Care,Worker,Skilled Worker,,,,,unverified,,,no_first_party_identity_verified; attempt_count:1
158382,ADVANCE CARE PROVIDER LIMITED,advance care provider limited,Essex,,,Social Care,Worker,Skilled Worker,https://www.advancecareprovider.co.uk/,info@advancecareprovider.co.uk,https://www.advancecareprovider.co.uk/jobs-1,https://www.advancecareprovider.co.uk/,high,https://www.advancecareprovider.co.uk/,existing_website+existing_careers_url_domain+company_site_existing_file,name_tokens_on_page:advance+provider;location_on_page; attempt_count:1
158392,Advance Home Care Ltd T/A Carewatch Kingston & Merton,advance home care ltd t a carewatch kingston and merton,Mitcham,,,Social Care,Worker,Skilled Worker,,,,,unverified,,,no_first_party_identity_verified; attempt_count:1
158617,Aegis Group of Companies t/a Aegis Support Services,aegis group of companies t a aegis support services,Luton,Bedfordshire,East of England,Social Care,Worker,Skilled Worker,,,,https://aegissupportservices.com/,high,https://aegissupportservices.com/,SponsorList,name_tokens_on_page:aegis+companies;location_on_page; attempt_count:1
158765,Affectionate Care Home Limited T/A Ersham House Nursing Home,affectionate care home limited t a ersham house nursing home,Hailsham,East Sussex,South East,Social Care,Worker,Skilled Worker,,manager@ingleboroughnursinghome.com,,https://ingleboroughnursinghome.com/,medium,https://ingleboroughnursinghome.com/,contact_email_domain,name_tokens_on_page:nursing+home; attempt_count:1
158766,Affectionate Healthcare Limited T/A Barons Down Nursing Home,affectionate healthcare limited t a barons down nursing home,Lewes,East Sussex,South East,Social Care,Worker,Skilled Worker,,,,https://www.baronsdown.com/,high,https://www.baronsdown.com/,SponsorList,name_tokens_on_page:barons+down+nursing+home;location_on_page; attempt_count:1
158782,Affinity Care and Support Services Ltd,affinity care and support services ltd,Rainhill,,,Social Care,Worker,Skilled Worker,,affinitycarehr@bradford.nhs.uk,,,unverified,,,no_first_party_identity_verified; attempt_count:1; contact_email_domain_not_used_as_website_lead
159120,Agility Children Residential Care Ltd,agility children residential care ltd,London,,,Social Care,Worker,Skilled Worker,,,,,low,https://www.cqc.org.uk/,SponsorList,possible_lead_not_accepted:only_one_name_token_on_page_without_hostname_match:residential; attempt_count:1
159237,AH Home Care Limited,ah home care limited,Birmingham,West Midlands,West Midlands,Social Care,Worker,Skilled Worker,,,,,low,https://ah-care.co.uk/,SponsorList,possible_lead_not_accepted:only_one_name_token_on_page_without_hostname_match:home; attempt_count:1
159395,Aid Home Care Harmony Homecare Suffolk,aid home care harmony homecare suffolk,Kentford,Suffolk,East of England,Social Care,Worker,Skilled Worker,,,,,unverified,,,no_first_party_identity_verified; attempt_count:1
159614,Airedale Nursing Home,airedale nursing home,Bedford,Bedfordshire,East of England,Social Care,Worker,Skilled Worker,,,,,unverified,,,no_first_party_identity_verified; attempt_count:1
159794,AJT Prestige Ltd t/a Radfield Home Care Chippenham & North Wiltshire,ajt prestige ltd t a radfield home care chippenham and north wiltshire,Chippenham,Wilts,,Social Care,Worker,Skilled Worker,,,,,unverified,,,no_first_party_identity_verified; attempt_count:1
160023,Aktrion Manufacturing Support Services Ltd,aktrion manufacturing support services ltd,Telford,,,Social Care,Worker,Skilled Worker,,,,https://www.aktrion.com/,high,https://www.aktrion.com/,SponsorList,name_tokens_on_page:aktrion+support;name_tokens_on_host:aktrion; attempt_count:1
160469,Albury Care Home,albury care home,Guildford,,,Social Care,Worker,Skilled Worker,,,,https://alburycarehome.co.uk/,high,https://alburycarehome.co.uk/,verified_company_site_source_host,name_tokens_on_page:albury+home;location_on_page; attempt_count:1
160474,ALC Supported Living,alc supported living,LIVERPOOL,-1,,Social Care,Worker,Skilled Worker,,,,,unverified,,,no_first_party_identity_verified; attempt_count:1
160527,Aldbourne Nursing Home Ltd.,aldbourne nursing home ltd,Marlborough,Wiltshire,South West,Social Care,Worker,Skilled Worker,https://aldbournenursinghome.com/,,https://aldbournenursinghome.com/volunteer,https://aldbournenursinghome.com/,high,https://aldbournenursinghome.com/,existing_website+existing_careers_url_domain+company_site_existing_file,name_tokens_on_page:aldbourne+nursing+home;location_on_page; attempt_count:1
160626,Alexander Court Nursing Home Limited,alexander court nursing home limited,Sheffield,,,Social Care,Worker,Skilled Worker,,,,,unverified,,,no_first_party_identity_verified; attempt_count:1
160634,Alexander House Care Home - Cheltenham,alexander house care home cheltenham,Cheltenham,Gloucestershire,South West,Social Care,Worker,Skilled Worker,,,,,unverified,,,no_first_party_identity_verified; attempt_count:1
160661,Alexandra House Support Services Ltd,alexandra house support services ltd,Prestatyn,Denbighshire,Wales,Social Care,Worker,Skilled Worker,,info@alexandrahouse-supportservices.co.uk,,https://www.alexandrahouse-supportservices.co.uk/,high,https://www.alexandrahouse-supportservices.co.uk/,contact_email_domain+verified_company_site_source_host,name_tokens_on_page:alexandra+house+support;location_on_page; attempt_count:1
160662,Alexandra Lodge Care Home Limited,alexandra lodge care home limited,Manchester,,,Social Care,Worker,Skilled Worker,,,,,unverified,,,no_first_party_identity_verified; attempt_count:1
160664,Alexandra Nursing home,alexandra nursing home,Poulton Le Fylde,Lancashire,North West,Social Care,Worker,Skilled Worker,,,,,unverified,,,no_first_party_identity_verified; attempt_count:1
160666,Alexandra Rose Residential Care Home,alexandra rose residential care home,Portsmouth,Hampshire,South East,Social Care,Worker,Skilled Worker,,,,https://www.alexandra-rose.co.uk/,high,https://www.alexandra-rose.co.uk/,SponsorList,name_tokens_on_page:alexandra+rose+home;name_tokens_on_host:alexandra+rose;location_on_page; attempt_count:1
160667,ALEXANDRA SPECIALIST CARE LIMITED T/A BROOKLANDS NURSING & CARE HOME,alexandra specialist care limited t a brooklands nursing and care home,BLACKPOOL,,,Social Care,Worker,Skilled Worker,,,,,unverified,,,no_first_party_identity_verified; attempt_count:1
160758,Alhambra Care Limited T/A Elm Lodge Residential Care Home,alhambra care limited t a elm lodge residential care home,Wakefield,,,Social Care,Worker,Skilled Worker,,recruitment@akaricare.co.uk,,https://akaricare.co.uk/,medium,https://akaricare.co.uk/,contact_email_domain,name_tokens_on_page:lodge+residential+home; attempt_count:1
160954,All Home Care T/A Right At Home Basingstoke & District,all home care t a right at home basingstoke and district,Basingstoke,,,Social Care,Worker,Skilled Worker,,,,https://basingstokecareers.rightathome.co.uk/,high,https://basingstokecareers.rightathome.co.uk/,verified_company_site_source_host,name_tokens_on_page:right+home+basingstoke;location_on_page; attempt_count:1
161150,Alliance Community Home Care Ltd,alliance community home care ltd,Holmfirth,West Yorkshire,Yorkshire and the Humber,Social Care,Worker,Skilled Worker,,,,,low,https://duckduckgo.com/,SponsorList,possible_lead_not_accepted:only_one_name_token_on_page_without_hostname_match:community; attempt_count:1
161418,Alpha Care and Support Services Limited,alpha care and support services limited,Ealing,,,Social Care,Worker,Skilled Worker,,,,,unverified,,,no_first_party_identity_verified; attempt_count:1
161690,Alton Manor Care Home,alton manor care home,Southsea,Hampshire,South East,Social Care,Worker,Skilled Worker,,,,https://altoncaregroup.com/,high,https://altoncaregroup.com/,SponsorList,name_tokens_on_page:alton+manor+home;location_on_page; attempt_count:1
161737,Alum Care Ltd T/A Kings Lodge Nursing Home,alum care ltd t a kings lodge nursing home,Redhill,Surrey County,,Social Care,Worker,Skilled Worker,,,,https://www.cqc.org.uk/,medium,https://www.cqc.org.uk/,SponsorList,name_tokens_on_page:nursing+home; attempt_count:1
161759,Alverstoke House Nursing Home,alverstoke house nursing home,Fareham,Hampshire,South East,Social Care,Worker,Skilled Worker,,,,,unverified,,,no_first_party_identity_verified; attempt_count:0
162010,Amber Home Carers Ltd,amber home carers ltd,London,,,Social Care,Worker,Skilled Worker,,,,,unverified,,,no_first_party_identity_verified; attempt_count:0
162014,Amber Residential Care Homes Ltd,amber residential care homes ltd,Winchester,,,Social Care,Worker,Skilled Worker,,,,,unverified,,,no_first_party_identity_verified; attempt_count:0
162019,AMBER TRAINING ADVISORY & SUPPORT SERVICES LTD,amber training advisory and support services ltd,Hounslow,Middlesex,,Social Care,Worker,Skilled Worker,,,,,unverified,,,no_first_party_identity_verified; attempt_count:0
162024,Amberley Court Care Home,amberley court care home,Birmingham,West Midland,,Social Care,Worker,Skilled Worker,,,,,unverified,,,no_first_party_identity_verified; attempt_count:1
162027,Amberley Lodge Care Home LTD,amberley lodge care home ltd,Worthing,West Sussex,South East,Social Care,Worker,Skilled Worker,,,,,unverified,,,no_first_party_identity_verified; attempt_count:0
162058,Ambleside Care Home,ambleside care home,Bexhill on Sea,East Sussex,South East,Social Care,Worker,Skilled Worker,,,,,unverified,,,no_first_party_identity_verified; attempt_count:0
162060,Ambleside Nursing Home,ambleside nursing home,Weston-super-Mare,North Somerset,South West,Social Care,Worker,Skilled Worker,,,,,unverified,,,no_first_party_identity_verified; attempt_count:0
162192,Amethyst Care Home Limited,amethyst care home limited,Carshalton,Surrey,South East,Social Care,Worker,Skilled Worker,,,,,unverified,,,no_first_party_identity_verified; attempt_count:1
162214,AMI HOME CARE LIMITED,ami home care limited,Isleworth,TW7 6EL,,Social Care,Worker,Skilled Worker,,,,,unverified,,,no_first_party_identity_verified; attempt_count:0
162215,AMI HOME CARE LIMITED,ami home care limited,Isleworth,TW7 6EL,,Social Care,Worker,Skilled Worker,,,,,unverified,,,no_first_party_identity_verified; attempt_count:0
162226,Amicare Domiciliary Care Services Ltd,amicare domiciliary care services ltd,Leicester,Leicestershire,East Midlands,Social Care,Worker,Skilled Worker,,,,,unverified,,,no_first_party_identity_verified; attempt_count:0
162288,"Amison Wellbeing Services Ltd T/A Radfield Home Care Leicester East, Groby & Oadby",amison wellbeing services ltd t a radfield home care leicester east groby and oadby,Leicester,,,Social Care,Worker,Skilled Worker,,,,,unverified,,,no_first_party_identity_verified; attempt_count:0
162489,Amsek Support Services Ltd,amsek support services ltd,Borehamwood,,,Social Care,Worker,Skilled Worker,,,,,unverified,,,no_first_party_identity_verified; attempt_count:0
162679,Anchor Support Services Ltd,anchor support services ltd,Strood,Kent,South East,Social Care,Worker,Skilled Worker,,,,https://www.anchorsupport.org/,high,https://www.anchorsupport.org/,SponsorList,name_tokens_on_page:anchor+support;location_on_page; attempt_count:1
162863,ANGEL HOME CARE CONSULTANCY LIMITED,angel home care consultancy limited,London,,,Social Care,Worker,Skilled Worker,,,,,unverified,,,no_first_party_identity_verified; attempt_count:0
162864,ANGEL HOME CARE SERVICE PRIVATE LIMITED,angel home care service private limited,STOCKPORT,,,Social Care,Worker,Skilled Worker,,,,,unverified,,,no_first_party_identity_verified; attempt_count:0
162919,ANGELS DOMICILIARY CARE LTD,angels domiciliary care ltd,London,,,Social Care,Worker,Skilled Worker,,,,,unverified,,,no_first_party_identity_verified; attempt_count:1
163040,ANIMA RESIDENTIAL CARE LIMITED,anima residential care limited,Dartford,,,Social Care,Worker,Skilled Worker,,,,,unverified,,,no_first_party_identity_verified; attempt_count:0
163115,Anley Hall Nursing Home,anley hall nursing home,Settle,North Yorkshire,Yorkshire and the Humber,Social Care,Worker,Skilled Worker,,,,,unverified,,,no_first_party_identity_verified; attempt_count:0
163172,Anniscliff Residential Care Home,anniscliff residential care home,Maghera,,,Social Care,Worker,Skilled Worker,,,,,unverified,,,no_first_party_identity_verified; attempt_count:0
163174,Anns Home Care,anns home care,Portadown,Armagh,Northern Ireland,Social Care,Worker,Skilled Worker,,office@annshomecare.co.uk,,https://www.anns.co.uk/,high,https://www.anns.co.uk/,verified_company_site_source_host,name_tokens_on_page:home;name_tokens_on_host:anns;location_on_page; attempt_count:2
163269,Antac Support Services Ltd,antac support services ltd,High Wycombe,Buckinghamshire,South East,Social Care,Worker,Skilled Worker,,,,,unverified,,,no_first_party_identity_verified; attempt_count:0
163398,Anytime Home Care Ltd,anytime home care ltd,Dudley,West Midlands,West Midlands,Social Care,Worker,Skilled Worker,,,,,unverified,,,no_first_party_identity_verified; attempt_count:0
163753,Applegarth Care Home Limited,applegarth care home limited,Maidenhead,,,Social Care,Worker,Skilled Worker,,,,https://www.applegarthcarehome.co.uk/,high,https://www.applegarthcarehome.co.uk/,SponsorList,name_tokens_on_page:applegarth+home;location_on_page; attempt_count:1
164000,Aquila Supported Living Services,aquila supported living services,Northampton,,,Social Care,Worker,Skilled Worker,,,,,unverified,,,no_first_party_identity_verified; attempt_count:0
164144,Arboretum Nursing Home Limited,arboretum nursing home limited,Walsall,,,Social Care,Worker,Skilled Worker,,,,,unverified,,,no_first_party_identity_verified; attempt_count:0
165146,Arundel Domiciliary Care Services,arundel domiciliary care services,Worthing,West Sussex,South East,Social Care,Worker,Skilled Worker,,enquiries@arundelcareservices.co.uk,,https://arundelcareservices.co.uk/,high,https://arundelcareservices.co.uk/,contact_email_domain+verified_company_site_source_host,name_tokens_on_page:arundel+domiciliary;location_on_page; attempt_count:1
165242,ASA Care Home Limited,asa care home limited,East Dean,East Sussex,South East,Social Care,Worker,Skilled Worker,,,,,unverified,,,no_first_party_identity_verified; attempt_count:1
165331,ASCENTIA SUPPORT SERVICES LTD,ascentia support services ltd,Harrow,England,,Social Care,Worker,Skilled Worker,,,,,unverified,,,no_first_party_identity_verified; attempt_count:0
165374,ASD Care Limited T/A Gosberton House Care Home,asd care limited t a gosberton house care home,Spalding,,,Social Care,Worker,Skilled Worker,,,,,unverified,,,no_first_party_identity_verified; attempt_count:0
165436,Ash Hall Limited T/ AS Ash Hall Nursing Home,ash hall limited t as ash hall nursing home,Stoke On Trent,Staffordshire,West Midlands,Social Care,Worker,Skilled Worker,,recruitment@conduso.co.uk,,,low,https://conduso.co.uk/,contact_email_domain,possible_lead_not_accepted:only_one_name_token_on_page_without_hostname_match:home; attempt_count:1
165466,Ashbourne Court Residential Care Home Limited,ashbourne court residential care home limited,Aldershot,Hampshire,South East,Social Care,Worker,Skilled Worker,,,,,unverified,,,no_first_party_identity_verified; attempt_count:1
165471,Ashbrook Care Home,ashbrook care home,Coalisland,Tyrone,Northern Ireland,Social Care,Worker,Skilled Worker,,,,,unverified,,,no_first_party_identity_verified; attempt_count:0
165476,Ashburton House Care Home Ltd,ashburton house care home ltd,Ashburton,Devon,South West,Social Care,Worker,Skilled Worker,https://www.ashburton-house.co.uk/,,,https://www.ashburton-house.co.uk/,high,https://www.ashburton-house.co.uk/,existing_website,name_tokens_on_page:ashburton+house+home;name_tokens_on_host:ashburton+house;location_on_page; attempt_count:1
165490,Ashcroft Hollow Care Home,ashcroft hollow care home,Cannock,,,Social Care,Worker,Skilled Worker,,,,,unverified,,,no_first_party_identity_verified; attempt_count:0
165498,Ashdown House Care Home,ashdown house care home,Daventry,Northamptonshire,East Midlands,Social Care,Worker,Skilled Worker,,,,,unverified,,,no_first_party_identity_verified; attempt_count:0
165511,Ashfield Nursing Home,ashfield nursing home,Nottingham,Nottinghamshire,East Midlands,Social Care,Worker,Skilled Worker,,info@ashfieldwetherby.com,,,unverified,,,no_first_party_identity_verified; attempt_count:2
165512,ASHFIELD NURSING HOME LTD,ashfield nursing home ltd,LEEDS,WEST YORKSHIRE,Yorkshire and the Humber,Social Care,Worker,Skilled Worker,,info@ashfieldwetherby.com,,,unverified,,,no_first_party_identity_verified; attempt_count:2
165537,Ashgill Care Home Limited,ashgill care home limited,Glasgow,,,Social Care,Worker,Skilled Worker,,,,,unverified,,,no_first_party_identity_verified; attempt_count:0
165539,Ashgrove Care Home Group Ltd,ashgrove care home group ltd,Cleethorpes,Lincolnshire,East Midlands,Social Care,Worker,Skilled Worker,,,,,unverified,,,no_first_party_identity_verified; attempt_count:0
165540,Ashgrove Care Home Limited,ashgrove care home limited,Dudley,,,Social Care,Worker,Skilled Worker,,,,,unverified,,,no_first_party_identity_verified; attempt_count:0
165555,Ashlands Manor Care Home,ashlands manor care home,Sale (Manchester),,,Social Care,Worker,Skilled Worker,,,,,unverified,,,no_first_party_identity_verified; attempt_count:0
165556,Ashlea Court Care Home,ashlea court care home,Larkhall,,,Social Care,Worker,Skilled Worker,,,,,unverified,,,no_first_party_identity_verified; attempt_count:1
165568,Ashley Gardens Care Home,ashley gardens care home,Eastbourne,East Sussex,South East,Social Care,Worker,Skilled Worker,,,,,unverified,,,no_first_party_identity_verified; attempt_count:0
165641,Ashton Manor Care Home Ltd,ashton manor care home ltd,Farnham,Surrey,South East,Social Care,Worker,Skilled Worker,,,,,unverified,,,no_first_party_identity_verified; attempt_count:0
165661,Ashurst Park Care Home,ashurst park care home,Tunbridge Wells,,,Social Care,Worker,Skilled Worker,,,,,low,https://www.cqc.org.uk/,SponsorList,possible_lead_not_accepted:only_one_name_token_on_page_without_hostname_match:home; attempt_count:1
165669,Ashwell Home Care Services Limited,ashwell home care services limited,Malvern,,,Social Care,Worker,Skilled Worker,,,,,unverified,,,no_first_party_identity_verified; attempt_count:0
165672,ASHWOOD CHILDRENS CARE HOME LTD,ashwood childrens care home ltd,Burton on Trent,,,Social Care,Worker,Skilled Worker,,,,,unverified,,,no_first_party_identity_verified; attempt_count:0
165892,Aspen Lodge Care Home,aspen lodge care home,Skegness,,,Social Care,Worker,Skilled Worker,,,,,unverified,,,no_first_party_identity_verified; attempt_count:0
165952,Aspire Supported Living Services,aspire supported living services,London,,,Social Care,Worker,Skilled Worker,,,,,unverified,,,no_first_party_identity_verified; attempt_count:1
166011,Assent Care and Support Services Ltd,assent care and support services ltd,Spalding,Lincolnshire,East Midlands,Social Care,Worker,Skilled Worker,,,,,unverified,,,no_first_party_identity_verified; attempt_count:1
166045,Assist Care Home Ltd,assist care home ltd,Bradford,,,Social Care,Worker,Skilled Worker,,,,,unverified,,,no_first_party_identity_verified; attempt_count:1
166048,ASSIST DOMICILIARY CARE LIMITED,assist domiciliary care limited,Stafford,,,Social Care,Worker,Skilled Worker,,,,,unverified,,,no_first_party_identity_verified; attempt_count:1
166107,Assure Residential Care Ltd,assure residential care ltd,Leicester,,,Social Care,Worker,Skilled Worker,,,,,unverified,,,no_first_party_identity_verified; attempt_count:1
166165,Astley Grange Nursing Home,astley grange nursing home,Bolton,Greater Manchester,North West,Social Care,Worker,Skilled Worker,,,,,unverified,,,no_first_party_identity_verified; attempt_count:1
166166,Astley House Nursing Home Limited,astley house nursing home limited,North Berwick,East Lothian,Scotland,Social Care,Worker,Skilled Worker,,,,https://astleyhousenursinghome.co.uk/,high,https://astleyhousenursinghome.co.uk/,SponsorList,name_tokens_on_page:astley+house+nursing+home;location_on_page; attempt_count:1
166295,At Home Support Services Ltd,at home support services ltd,Harlow,Essex,East of England,Social Care,Worker,Skilled Worker,,,,,unverified,,,no_first_party_identity_verified; attempt_count:1
166668,Attentive Carers Ltd,attentive carers ltd,Macclesfield,,,Social Care,Worker,Skilled Worker,,,,,unverified,,,no_first_party_identity_verified; attempt_count:1
167223,Avatar SWH Limited T/a Selly Wood House Nursing Home,avatar swh limited t a selly wood house nursing home,Birmingham,,,Social Care,Worker,Skilled Worker,,,,https://avatarcaregroup.co.uk/,high,https://avatarcaregroup.co.uk/,SponsorList,name_tokens_on_page:selly+wood+house+nursing+home;location_on_page; attempt_count:1
167327,Avida LTD trading as Avida Supported Living,avida ltd trading as avida supported living,COLESHILL,Warwickshire,West Midlands,Social Care,Worker,Skilled Worker,,,,https://avidaservices.co.uk/,medium,https://avidaservices.co.uk/,SponsorList,name_tokens_on_page:avida+supported+living; attempt_count:1
167423,Avon Home Carers Ltd,avon home carers ltd,Bristol,,,Social Care,Worker,Skilled Worker,,,,,unverified,,,no_first_party_identity_verified; attempt_count:1
167437,Avondale Care Home,avondale care home,Motherwell,,,Social Care,Worker,Skilled Worker,,,,,unverified,,,no_first_party_identity_verified; attempt_count:1
167438,Avondale Care Home Limited,avondale care home limited,Leigh-on-Sea,,,Social Care,Worker,Skilled Worker,,,,https://www.avondalecare.co.uk/,medium,https://www.avondalecare.co.uk/,SponsorList,name_tokens_on_page:avondale+home; attempt_count:1
167581,Axe Valley Home Care,axe valley home care,Seaton,Devon,South West,Social Care,Worker,Skilled Worker,,,,,unverified,,,no_first_party_identity_verified; attempt_count:1
167615,Axiom Home Care Limited,axiom home care limited,Hemel Hempstead,Hertfordshire,East of England,Social Care,Worker,Skilled Worker,,,,https://www.axiomcare.co.uk/,high,https://www.axiomcare.co.uk/,SponsorList,name_tokens_on_page:axiom+home;location_on_page; attempt_count:1
167744,Aymaan Limited T/A Parr Care Home,aymaan limited t a parr care home,St.Helens,Merseyside,North West,Social Care,Worker,Skilled Worker,,,,,low,https://www.cqc.org.uk/,SponsorList,possible_lead_not_accepted:only_one_name_token_on_page_without_hostname_match:home; attempt_count:1
167745,Aymaan Ltd T/A Parr Care Home,aymaan ltd t a parr care home,Liverpool,,,Social Care,Worker,Skilled Worker,,,,,low,https://www.cqc.org.uk/,SponsorList,possible_lead_not_accepted:only_one_name_token_on_page_without_hostname_match:home; attempt_count:1
167768,AYRUS LTD T/A SYCAMORE HOUSE CARE HOME,ayrus ltd t a sycamore house care home,East Yorkshire,Hull,Yorkshire and the Humber,Social Care,Worker,Skilled Worker,,,,,low,https://www.cqc.org.uk/,SponsorList,possible_lead_not_accepted:only_one_name_token_on_page_without_hostname_match:home; attempt_count:1
168270,BAKEWELL COTTAGE CARE HOME LIMITED,bakewell cottage care home limited,derbyshire,,,Social Care,Worker,Skilled Worker,,,,,unverified,,,no_first_party_identity_verified; attempt_count:1
168397,Balmain Care Home Ltd,balmain care home ltd,Plymouth,,,Social Care,Worker,Skilled Worker,,,,,unverified,,,no_first_party_identity_verified; attempt_count:1
168518,Bancroft Home Limited T/A Ashlands Care Home,bancroft home limited t a ashlands care home,Mansfield,,,Social Care,Worker,Skilled Worker,,,,,unverified,,,no_first_party_identity_verified; attempt_count:0
168540,BANDRUM NURSING HOME LIMITED,bandrum nursing home limited,DUNFERMLINE,FIFE,Scotland,Social Care,Worker,Skilled Worker,,,,,unverified,,,no_first_party_identity_verified; attempt_count:0
168677,BANNER HOUSE SUPPORT SERVICES LIMITED,banner house support services limited,Dartford,,,Social Care,Worker,Skilled Worker,,,,,unverified,,,no_first_party_identity_verified; attempt_count:0
168711,Banyan Care Homes 2 Limited T/A Red Rose Care Home,banyan care homes 2 limited t a red rose care home,Ebbw Vale,,,Social Care,Worker,Skilled Worker,,recruitment@akaricare.co.uk,,,low,https://akaricare.co.uk/,contact_email_domain,possible_lead_not_accepted:only_one_name_token_on_page_without_hostname_match:homes; attempt_count:1
168824,Bare Hall Quality Carers Ltd,bare hall quality carers ltd,Morecambe,Lancashire,North West,Social Care,Worker,Skilled Worker,,,,,unverified,,,no_first_party_identity_verified; attempt_count:0
168908,Barley Brook Care Home,barley brook care home,Wigan,,,Social Care,Worker,Skilled Worker,,,,,unverified,,,no_first_party_identity_verified; attempt_count:0
168920,Barn Park Ltd T/A Barn Park Residential/Dementia Care Home,barn park ltd t a barn park residential dementia care home,Beaworthy,,,Social Care,Worker,Skilled Worker,,hr@regentsparkhealthcare.com,,,unverified,,,no_first_party_identity_verified; attempt_count:1
168976,Baronsmede Support Services Ltd,baronsmede support services ltd,Crowborough,England,,Social Care,Worker,Skilled Worker,,,,,unverified,,,no_first_party_identity_verified; attempt_count:0
169271,BAVANI CARE HOME LIMITED,bavani care home limited,RAYNESPARK,LONDON,London,Social Care,Worker,Skilled Worker,,,,,unverified,,,no_first_party_identity_verified; attempt_count:1
169290,Bay Care Domiciliary Care Limited,bay care domiciliary care limited,Paignton,Devon,South West,Social Care,Worker,Skilled Worker,,recruitment@akaricare.co.uk,,,unverified,,,no_first_party_identity_verified; attempt_count:2
169292,Bay Court Residential & Nursing Home,bay court residential and nursing home,Budleigh Salterton,Devon,South West,Social Care,Worker,Skilled Worker,,,,,unverified,,,no_first_party_identity_verified; attempt_count:1
169333,Bayswift ltd Trading as Chegworth Nursing Home,bayswift ltd trading as chegworth nursing home,Sutton,,,Social Care,Worker,Skilled Worker,,,,https://www.chegworthnursinghome.com/,medium,https://www.chegworthnursinghome.com/,SponsorList,name_tokens_on_page:chegworth+nursing+home; attempt_count:1
169659,Beanlands Nursing Home,beanlands nursing home,Keighley,,,Social Care,Worker,Skilled Worker,,,,,unverified,,,no_first_party_identity_verified; attempt_count:1
169723,Beaumont Home Care Limited,beaumont home care limited,Ingatestone,Essex,East of England,Social Care,Worker,Skilled Worker,,,,https://beaumonthomecare.co.uk/,high,https://beaumonthomecare.co.uk/,SponsorList,name_tokens_on_page:beaumont+home;location_on_page; attempt_count:1
169901,Beech Hill Grange Nursing Home,beech hill grange nursing home,Sutton Coldfield,West Midlands,West Midlands,Social Care,Worker,Skilled Worker,,,,,unverified,,,no_first_party_identity_verified; attempt_count:1
169905,Beech Lodge Limited t/a Sevenhills Nursing Home,beech lodge limited t a sevenhills nursing home,Sheffield,South Yorkshire,Yorkshire and the Humber,Social Care,Worker,Skilled Worker,,,,,low,https://www.nhs.uk/,SponsorList,possible_lead_not_accepted:only_one_name_token_on_page_without_hostname_match:home; attempt_count:1
169906,Beech Tree Care Home,beech tree care home,Basingstoke,Hampshire,South East,Social Care,Worker,Skilled Worker,,lucy.wylie1@nhs.net,,,unverified,,,no_first_party_identity_verified; attempt_count:2
169914,Beechdale House Nursing Home,beechdale house nursing home,Nottingham,Nottinghamshire,East Midlands,Social Care,Worker,Skilled Worker,,,,,unverified,,,no_first_party_identity_verified; attempt_count:1
169915,Beeches Care Home,beeches care home,Chorley,Lancashire,North West,Social Care,Worker,Skilled Worker,,,,https://beechescarehome.co.uk/,high,https://beechescarehome.co.uk/,SponsorList,name_tokens_on_page:beeches+home;location_on_page; attempt_count:1
169926,Beechfiields Nursing Home Ltd,beechfiields nursing home ltd,Harrow,Middlesex,,Social Care,Worker,Skilled Worker,,,,,unverified,,,no_first_party_identity_verified; attempt_count:1
169930,Beechvale Nursing Home Limited,beechvale nursing home limited,Newtonards,Co Down,,Social Care,Worker,Skilled Worker,,,,,unverified,,,no_first_party_identity_verified; attempt_count:1
169933,Beechwood Gardens Care Home,beechwood gardens care home,COVENTRY,,,Social Care,Worker,Skilled Worker,,,,,unverified,,,no_first_party_identity_verified; attempt_count:1
170090,Belgrave Court Residential Care Home,belgrave court residential care home,Bridlington,,,Social Care,Worker,Skilled Worker,,,,,unverified,,,no_first_party_identity_verified; attempt_count:0
170095,Belgravia Care Home Limited,belgravia care home limited,St Anne's on Sea,Lancashire,North West,Social Care,Worker,Skilled Worker,,,,,unverified,,,no_first_party_identity_verified; attempt_count:0
170110,Beling & Co. Ltd T/A Wensley House Residential Care Home,beling and co ltd t a wensley house residential care home,Epping,Essex,East of England,Social Care,Worker,Skilled Worker,,,,,unverified,,,no_first_party_identity_verified; attempt_count:0
170146,BELLAVISTA  NURSING HOME (WALES) LIMITTED,bellavista nursing home wales limitted,BARRY,VALE OF GLAMORGAN,Wales,Social Care,Worker,Skilled Worker,,,,,unverified,,,no_first_party_identity_verified; attempt_count:0
170148,BELLCARE DOMICILIARY CARE SERVICES LTD,bellcare domiciliary care services ltd,Workington,Cumbria,North West,Social Care,Worker,Skilled Worker,,,,,unverified,,,no_first_party_identity_verified; attempt_count:0
170167,Bellhouse Care Home Ltd,bellhouse care home ltd,Huddersfield,,,Social Care,Worker,Skilled Worker,,,,,unverified,,,no_first_party_identity_verified; attempt_count:0
170174,Bells Home Care LTD,bells home care ltd,Hornsea,east riding of yorkshire,Yorkshire and the Humber,Social Care,Worker,Skilled Worker,,,,,unverified,,,no_first_party_identity_verified; attempt_count:0
170180,Bellsgrove Care Home,bellsgrove care home,"Fetcham, Surrey",,,Social Care,Worker,Skilled Worker,,,,,unverified,,,no_first_party_identity_verified; attempt_count:0
170198,BELMONT GRANGE LTD T/A BELMONT GRANGE CARE HOME,belmont grange ltd t a belmont grange care home,ILFRACOMBE,DEVON,South West,Social Care,Worker,Skilled Worker,,karen.brain@nhs.net,,,unverified,,,no_first_party_identity_verified; attempt_count:1
170210,Belmont Residential Care Home,belmont residential care home,Abergavenny,,,Social Care,Worker,Skilled Worker,,,,,unverified,,,no_first_party_identity_verified; attempt_count:0
170211,BELMONT RESIDENTIAL CARE LTD,belmont residential care ltd,Ilford,Essex,East of England,Social Care,Worker,Skilled Worker,,,,https://www.belmonthealthcare.co.uk/,high,https://www.belmonthealthcare.co.uk/,SponsorList,name_tokens_on_page:belmont+residential;location_on_page; attempt_count:1
170213,Belmont Villa Care Home Limited,belmont villa care home limited,Frome,Somerset,South West,Social Care,Worker,Skilled Worker,,,,,unverified,,,no_first_party_identity_verified; attempt_count:0
170244,Belvoir Home Care Ltd,belvoir home care ltd,Car Colston,Nottinghamshire,East Midlands,Social Care,Worker,Skilled Worker,,,,,unverified,,,no_first_party_identity_verified; attempt_count:0
170411,Bentley Lodge Care Home Ltd,bentley lodge care home ltd,Farnham,Surrey,South East,Social Care,Worker,Skilled Worker,,,,,unverified,,,no_first_party_identity_verified; attempt_count:0
170470,Berkeley Healthcare Ltd t/as Newlands Nursing Home,berkeley healthcare ltd t as newlands nursing home,Gloucestershire,,,Social Care,Worker,Skilled Worker,,,,,unverified,,,no_first_party_identity_verified; attempt_count:0
170592,Bespoke Care & Support services,bespoke care and support services,Huddersfield,West Yorkshire,Yorkshire and the Humber,Social Care,Worker,Skilled Worker,,,,,unverified,,,no_first_party_identity_verified; attempt_count:1
170630,Best At Home Domiciliary Care Services Ltd,best at home domiciliary care services ltd,Mitcham,,,Social Care,Worker,Skilled Worker,,,,,unverified,,,no_first_party_identity_verified; attempt_count:1
170842,Better Home Care Ltd,better home care ltd,Hardwick,Cambridgeshire,East of England,Social Care,Worker,Skilled Worker,,,,,unverified,,,no_first_party_identity_verified; attempt_count:1
170843,Better Home Care Services Limited,better home care services limited,London,,,Social Care,Worker,Skilled Worker,,,,,unverified,,,no_first_party_identity_verified; attempt_count:1
170887,Beverley Park Nursing Home,beverley park nursing home,Manchester,Lancanshire,,Social Care,Worker,Skilled Worker,,,,,unverified,,,no_first_party_identity_verified; attempt_count:1
171024,BH RESIDENTIAL CARE HOME LIMITED,bh residential care home limited,Bolton,,,Social Care,Worker,Skilled Worker,,,,,unverified,,,no_first_party_identity_verified; attempt_count:1
171373,Billington Carers Ltd,billington carers ltd,Hedge End,Hampshire,South East,Social Care,Worker,Skilled Worker,,,,,unverified,,,no_first_party_identity_verified; attempt_count:1
171560,Bira care homes ltd TA Avenue road Nursing Home,bira care homes ltd ta avenue road nursing home,Abergavvany,,,Social Care,Worker,Skilled Worker,,,,,unverified,,,no_first_party_identity_verified; attempt_count:1
171618,Birkdale Park Nursing Home,birkdale park nursing home,Southport,Merseyside,North West,Social Care,Worker,Skilled Worker,,,,,unverified,,,no_first_party_identity_verified; attempt_count:1
171619,Birkdale Village Care Home,birkdale village care home,Southport,Merseyside,North West,Social Care,Worker,Skilled Worker,,,,,unverified,,,no_first_party_identity_verified; attempt_count:1
171795,"Bistre Nursing Home,",bistre nursing home,Buckley,Flintshire,Wales,Social Care,Worker,Skilled Worker,,,,,unverified,,,no_first_party_identity_verified; attempt_count:1
171823,Bitterne Care Homes Ltd T/A St Katherine Care Home,bitterne care homes ltd t a st katherine care home,Southampton,Hampshire,South East,Social Care,Worker,Skilled Worker,,enquiries@westbrookcare.com,,,unverified,,,no_first_party_identity_verified; attempt_count:2
172018,BLACKBURN HOME CARE SERVICES LIMITED,blackburn home care services limited,Darwen,Lancashire,North West,Social Care,Worker,Skilled Worker,,,,,unverified,,,no_first_party_identity_verified; attempt_count:1
172029,Blackfaulds Nursing Home Limited,blackfaulds nursing home limited,Falkirk,,,Social Care,Worker,Skilled Worker,,,,,unverified,,,no_first_party_identity_verified; attempt_count:1
172178,Blanefield Care Home,blanefield care home,Glasgow,,,Social Care,Worker,Skilled Worker,,,,,unverified,,,no_first_party_identity_verified; attempt_count:1
172337,Bloomfields Private Nursing Home t/a Bloomfield Care Homes Ltd,bloomfields private nursing home t a bloomfield care homes ltd,Belfast,,,Social Care,Worker,Skilled Worker,,,,,unverified,,,no_first_party_identity_verified; attempt_count:1
172377,Blossom Home Care Cornwall,blossom home care cornwall,Truro,Cornwall,South West,Social Care,Worker,Skilled Worker,,,,,unverified,,,no_first_party_identity_verified; attempt_count:1
172494,Blue Lily Home Care Limited,blue lily home care limited,Harrow,Middlesex,,Social Care,Worker,Skilled Worker,,,,,unverified,,,no_first_party_identity_verified; attempt_count:1
172608,Bluebell Support Services Limited,bluebell support services limited,King's Lynn,,,Social Care,Worker,Skilled Worker,,,,https://www.bluebellsupportservices.com/,high,https://www.bluebellsupportservices.com/,SponsorList,name_tokens_on_page:bluebell+support;location_on_page; attempt_count:1
172873,BNTL Care Limited t/a Summerdale Court Care Home,bntl care limited t a summerdale court care home,London,London,London,Social Care,Worker,Skilled Worker,,recruitment@akaricare.co.uk,,https://akaricare.co.uk/,high,https://akaricare.co.uk/,contact_email_domain,name_tokens_on_page:court+home;location_on_page; attempt_count:1
173029,Bokhiria Homes Ltd T/A Royal Court Care Home,bokhiria homes ltd t a royal court care home,Lincolnshire,,,Social Care,Worker,Skilled Worker,,,,,unverified,,,no_first_party_identity_verified; attempt_count:0
173051,Boldlawn Limited T/A Moorland View Care Home,boldlawn limited t a moorland view care home,Darwen,Lancashire,North West,Social Care,Worker,Skilled Worker,,,,,unverified,,,no_first_party_identity_verified; attempt_count:0
173052,Boldmere Court Care Home,boldmere court care home,Birmingham,,,Social Care,Worker,Skilled Worker,,,,,unverified,,,no_first_party_identity_verified; attempt_count:0
173086,Bolters Corner Nursing Home,bolters corner nursing home,Banstead,Surrey,South East,Social Care,Worker,Skilled Worker,,,,,unverified,,,no_first_party_identity_verified; attempt_count:0
173158,Bonaer Care Home,bonaer care home,Hayle,Cornwall,South West,Social Care,Worker,Skilled Worker,,,,,unverified,,,no_first_party_identity_verified; attempt_count:0
173453,Bosworth Care Home,bosworth care home,Weymouth,Dorset,South West,Social Care,Worker,Skilled Worker,,,,,unverified,,,no_first_party_identity_verified; attempt_count:1
173466,Bothwells Ltd T/A Parkview Nursing Home,bothwells ltd t a parkview nursing home,Swindon,,,Social Care,Worker,Skilled Worker,,,,https://www.cqc.org.uk/,medium,https://www.cqc.org.uk/,SponsorList,name_tokens_on_page:nursing+home; attempt_count:1
173507,BOUNTIFUL CARE & SUPPORT SERVICES LIMITED,bountiful care and support services limited,SOUTHAMPTON,HAMPSHIRE,South East,Social Care,Worker,Skilled Worker,,,,,unverified,,,no_first_party_identity_verified; attempt_count:1
173747,Bradeney House Care Home,bradeney house care home,Bridgnorth,Shropshire,West Midlands,Social Care,Worker,Skilled Worker,,,,,unverified,,,no_first_party_identity_verified; attempt_count:0
173794,Bradwell Hall Nursing Home Limited,bradwell hall nursing home limited,Newcastle Under Lyme,,,Social Care,Worker,Skilled Worker,,,,,unverified,,,no_first_party_identity_verified; attempt_count:0
173861,Bramble Home Care Ltd,bramble home care ltd,Staverton,,,Social Care,Worker,Skilled Worker,,,,,unverified,,,no_first_party_identity_verified; attempt_count:0
173863,Brambles Care Home LTD,brambles care home ltd,Leigh On Sea,Essex,East of England,Social Care,Worker,Skilled Worker,,,,,unverified,,,no_first_party_identity_verified; attempt_count:0
173874,Bramley Home Care Limited,bramley home care limited,Shaftesbury,Dorset,South West,Social Care,Worker,Skilled Worker,,,,,unverified,,,no_first_party_identity_verified; attempt_count:0
174033,Breakforth Mental Health Support Services Limited,breakforth mental health support services limited,Halesworth,Suffolk,East of England,Social Care,Worker,Skilled Worker,,,,,unverified,,,no_first_party_identity_verified; attempt_count:0
174103,BRENTWOOD HOMES LTD T/A SEVEN ARCHES NURSING HOME,brentwood homes ltd t a seven arches nursing home,Brentwood,Essex,East of England,Social Care,Worker,Skilled Worker,,,,https://wavemillhealthcare.co.uk/,high,https://wavemillhealthcare.co.uk/,SponsorList,name_tokens_on_page:seven+arches+nursing+home;location_on_page; attempt_count:1
174112,Bretby Care Home Limited,bretby care home limited,Birmingham,,,Social Care,Worker,Skilled Worker,,,,,unverified,,,no_first_party_identity_verified; attempt_count:1
174159,Briarcroft Care Home,briarcroft care home,Teignmouth,,,Social Care,Worker,Skilled Worker,,,,,unverified,,,no_first_party_identity_verified; attempt_count:0
174161,Briardene Limited T/A Briar Dene Residential Care Home,briardene limited t a briar dene residential care home,Scarborough,,,Social Care,Worker,Skilled Worker,,,,,unverified,,,no_first_party_identity_verified; attempt_count:0
174163,BRIARLEA CARE & SUPPORTED LIVING LIMITED,briarlea care and supported living limited,EVESHAM,WORCESTERSHIRE,West Midlands,Social Care,Worker,Skilled Worker,,,,,unverified,,,no_first_party_identity_verified; attempt_count:0
174281,Bridges Home Care Ltd,bridges home care ltd,Henley on Thames,Oxfordshire,South East,Social Care,Worker,Skilled Worker,,,,,unverified,,,no_first_party_identity_verified; attempt_count:1
174518,Brindley Manor Nursing Home,brindley manor nursing home,Droitwich,Worcestershire,West Midlands,Social Care,Worker,Skilled Worker,,,,,unverified,,,no_first_party_identity_verified; attempt_count:1
174593,Bristol Reach Supported Living Services Ltd.,bristol reach supported living services ltd,Bristol,,,Social Care,Worker,Skilled Worker,,,,,unverified,,,no_first_party_identity_verified; attempt_count:1
174846,Broadlands Residential Care Home Ltd t/a Broadlands Care Home,broadlands residential care home ltd t a broadlands care home,Nottingham,,,Social Care,Worker,Skilled Worker,,careers@ic24.nhs.uk,,,unverified,,,no_first_party_identity_verified; attempt_count:1; contact_email_domain_not_used_as_website_lead
174961,BRONTE RESIDENTIAL CARE HOME,bronte residential care home,EXETER,DEVON,South West,Social Care,Worker,Skilled Worker,,,,,unverified,,,no_first_party_identity_verified; attempt_count:0
174985,BROOKDALE CARE HOME LIMITED,brookdale care home limited,BURY,,,Social Care,Worker,Skilled Worker,,,,,unverified,,,no_first_party_identity_verified; attempt_count:0
174994,Brookes Home Care Services Limited,brookes home care services limited,London,Willesden,,Social Care,Worker,Skilled Worker,,,,,unverified,,,no_first_party_identity_verified; attempt_count:0
175001,Brookfield House Care Home Ltd,brookfield house care home ltd,Nantwich,,,Social Care,Worker,Skilled Worker,,,,,unverified,,,no_first_party_identity_verified; attempt_count:0
175010,Brooklands Care Home Ltd,brooklands care home ltd,Leigh-On-Sea,Essex,East of England,Social Care,Worker,Skilled Worker,,,,,unverified,,,no_first_party_identity_verified; attempt_count:0
175012,Brooklands House Care Home,brooklands house care home,Lytham,Lancashire,North West,Social Care,Worker,Skilled Worker,,,,,unverified,,,no_first_party_identity_verified; attempt_count:0
175014,BROOKLANDS NURSING HOME,brooklands nursing home,FOREST ROW,EAST SUSSEX,South East,Social Care,Worker,Skilled Worker,,,,,unverified,,,no_first_party_identity_verified; attempt_count:0
175024,BROOKMOUNT CARE HOME LTD,brookmount care home ltd,Coalisland,Tyrone,Northern Ireland,Social Care,Worker,Skilled Worker,,,,,unverified,,,no_first_party_identity_verified; attempt_count:0
175037,Brookside Residential Care Home,brookside residential care home,Preston,,,Social Care,Worker,Skilled Worker,,,,,unverified,,,no_first_party_identity_verified; attempt_count:0
175096,Brough Manor Care Home Ltd,brough manor care home ltd,Brough,East Riding Of Yorkshire Council,,Social Care,Worker,Skilled Worker,,,,,unverified,,,no_first_party_identity_verified; attempt_count:0
175168,BROXBURN NURSING HOME LTD,broxburn nursing home ltd,Broxburn,,,Social Care,Worker,Skilled Worker,,,,,unverified,,,no_first_party_identity_verified; attempt_count:0
175254,Bryn Awelon Care Home Ltd,bryn awelon care home ltd,Gwynedd,,,Social Care,Worker,Skilled Worker,,,,,unverified,,,no_first_party_identity_verified; attempt_count:0
175257,BRYN ILLTYD CARE HOME LTD,bryn illtyd care home ltd,Carmarthen,,,Social Care,Worker,Skilled Worker,,,,,unverified,,,no_first_party_identity_verified; attempt_count:0
175258,Bryn Yr Haul Nursing Home,bryn yr haul nursing home,Mold,Flintshire,Wales,Social Care,Worker,Skilled Worker,,,,,unverified,,,no_first_party_identity_verified; attempt_count:0
175261,Brynhaulog Limited T/A Sunnybank Care Home,brynhaulog limited t a sunnybank care home,Newport,Pembrokeshire,Wales,Social Care,Worker,Skilled Worker,,,,,unverified,,,no_first_party_identity_verified; attempt_count:1
175422,Buchanan House Care Home,buchanan house care home,Glasgow,,,Social Care,Worker,Skilled Worker,,,,,unverified,,,no_first_party_identity_verified; attempt_count:1
175439,BUCKINGHAM HOME CARE LTD T/A BUCKINGHAM HOME CARE,buckingham home care ltd t a buckingham home care,BUCKINGHAM,,,Social Care,Worker,Skilled Worker,,careers@ic24.nhs.uk,,,low,https://www.cqc.org.uk/,SponsorList,possible_lead_not_accepted:only_one_name_token_on_page_without_hostname_match:home; attempt_count:1; contact_email_domain_not_used_as_website_lead
175453,BUCKLAND REST HOMES LTD T/A GREENBANKS CARE HOME,buckland rest homes ltd t a greenbanks care home,"LIPHOOK,",HAMPSHIRE,South East,Social Care,Worker,Skilled Worker,,,,,unverified,,,no_first_party_identity_verified; attempt_count:1
175729,Burgh House Residential Care Home Ltd,burgh house residential care home ltd,Great Yarmouth,Norfolk,East of England,Social Care,Worker,Skilled Worker,,,,,unverified,,,no_first_party_identity_verified; attempt_count:1
175745,BURLINGTON NURSING HOME LIMITED,burlington nursing home limited,West Sussex,,,Social Care,Worker,Skilled Worker,,,,,unverified,,,no_first_party_identity_verified; attempt_count:0
175746,Burlington Nursing Home Limited,burlington nursing home limited,Bognor Regis,,,Social Care,Worker,Skilled Worker,,,,https://burlingtonnursinghome.co.uk/,high,https://burlingtonnursinghome.co.uk/,SponsorList,name_tokens_on_page:burlington+nursing+home;location_on_page; attempt_count:1
175770,Burnlea Care Home,burnlea care home,Largs,,,Social Care,Worker,Skilled Worker,,,,,unverified,,,no_first_party_identity_verified; attempt_count:1
175802,Burrow Down Support Services Limited,burrow down support services limited,Milton Keynes,,,Social Care,Worker,Skilled Worker,,,,https://www.burrowdown.co.uk/,medium,https://www.burrowdown.co.uk/,SponsorList,name_tokens_on_page:burrow+down+support; attempt_count:1
176132,Byron Lodge Care Home Ltd T/A Byron Lodge Nursing Home,byron lodge care home ltd t a byron lodge nursing home,Gillingham,,,Social Care,Worker,Skilled Worker,,recruitment@conduso.co.uk,,,low,https://conduso.co.uk/,contact_email_domain,possible_lead_not_accepted:only_one_name_token_on_page_without_hostname_match:home; attempt_count:2
176149,Byway House Care Home,byway house care home,Bognor Regis,West Sussex,South East,Social Care,Worker,Skilled Worker,,,,,unverified,,,no_first_party_identity_verified; attempt_count:1
176441,Caerleon House Care Ltd T/A Caerleon House Nursing Home,caerleon house care ltd t a caerleon house nursing home,Caerleon,Newport,Wales,Social Care,Worker,Skilled Worker,,careers@ghhospicecare.org.uk,,,unverified,,,no_first_party_identity_verified; attempt_count:1
176645,Calderdale Home Care Limited,calderdale home care limited,Newcastle on Tyne,,,Social Care,Worker,Skilled Worker,,,,,unverified,,,no_first_party_identity_verified; attempt_count:0
176688,Caley Home Care Ltd,caley home care ltd,Edinburgh,MidLothian,Scotland,Social Care,Worker,Skilled Worker,,,,,unverified,,,no_first_party_identity_verified; attempt_count:0
176892,Cambridge Nursing Home,cambridge nursing home,Wanstead,London,London,Social Care,Worker,Skilled Worker,,,,,unverified,,,no_first_party_identity_verified; attempt_count:0
176968,Camelot Care (Bridgwater) Ltd t/a Avalon Nursing Home,camelot care bridgwater ltd t a avalon nursing home,Bridgwater,Somerset,South West,Social Care,Worker,Skilled Worker,,,,,unverified,,,no_first_party_identity_verified; attempt_count:1
177049,CAMPION GARDENS CARE HOME LIMITED,campion gardens care home limited,SWANSEA,WEST GLAMORGAN,,Social Care,Worker,Skilled Worker,,,,,unverified,,,no_first_party_identity_verified; attempt_count:1
177234,Canwick House Care Home Limited,canwick house care home limited,Lincoln,lincolnshire,East Midlands,Social Care,Worker,Skilled Worker,,,,,unverified,,,no_first_party_identity_verified; attempt_count:1
177581,Cardiff Home Care Limited,cardiff home care limited,Cardiff,,,Social Care,Worker,Skilled Worker,,,,,unverified,,,no_first_party_identity_verified; attempt_count:1
177625,Care & Carers Ltd,care and carers ltd,Aylesbury,,,Social Care,Worker,Skilled Worker,,,,,unverified,,,no_first_party_identity_verified; attempt_count:1
177626,Care & Carers Ltd,care and carers ltd,Aylesbury,,,Social Care,Worker,Skilled Worker,,,,,unverified,,,no_first_party_identity_verified; attempt_count:1
177720,Care Home Consultancy Services Ltd T/A Rushey Mead Manor,care home consultancy services ltd t a rushey mead manor,Leicester,,,Social Care,Worker,Skilled Worker,,,,,unverified,,,no_first_party_identity_verified; attempt_count:1
177846,Carebase (Colchester) Limited trading as Alderwood Care Home,carebase colchester limited trading as alderwood care home,Colchester,Essex,East of England,Social Care,Worker,Skilled Worker,,,,https://alderwoodcarehome.co.uk/,high,https://alderwoodcarehome.co.uk/,SponsorList,name_tokens_on_page:carebase+colchester;location_on_page; attempt_count:1
177848,Carebase (Hemel) Limited t/a Water Mill House Care Home,carebase hemel limited t a water mill house care home,Hertfordshire,,,Social Care,Worker,Skilled Worker,,,,,unverified,,,no_first_party_identity_verified; attempt_count:1
177850,Carebase (Redhill) Limited trading as Acorn Court Care Home,carebase redhill limited trading as acorn court care home,Redhill,Surrey,South East,Social Care,Worker,Skilled Worker,,,,https://acorncourtcarehome.co.uk/,high,https://acorncourtcarehome.co.uk/,SponsorList,name_tokens_on_page:acorn+court+home;location_on_page; attempt_count:1
177851,Carebase (Sewardstone) Limited t/a Ashbrook Court Care Home,carebase sewardstone limited t a ashbrook court care home,London,,,Social Care,Worker,Skilled Worker,,,,,unverified,,,no_first_party_identity_verified; attempt_count:1
177894,Carelytical Home Care Limted,carelytical home care limted,Accrington,,,Social Care,Worker,Skilled Worker,,,,,unverified,,,no_first_party_identity_verified; attempt_count:0
177903,CAREMAX SUPPORT SERVICES LTD,caremax support services ltd,Wolverhampton,,,Social Care,Worker,Skilled Worker,,,,,unverified,,,no_first_party_identity_verified; attempt_count:1
177919,Carers Limited,carers limited,Peterhead,Aberdeenshire,Scotland,Social Care,Worker,Skilled Worker,,,,,unverified,,,no_first_party_identity_verified; attempt_count:1
177935,CareUK247 Home Care Ltd T/A CareUK247 Cambridgeshire,careuk247 home care ltd t a careuk247 cambridgeshire,Cambridgeshire,,,Social Care,Worker,Skilled Worker,,,,,unverified,,,no_first_party_identity_verified; attempt_count:1
177939,Carewise Homes Ltd t/a Orchar Nursing Home,carewise homes ltd t a orchar nursing home,Dundee,,,Social Care,Worker,Skilled Worker,,,,,unverified,,,no_first_party_identity_verified; attempt_count:1
178006,CARING HANDS HOME CARE SERVICES LTD,caring hands home care services ltd,Birmingham,West Midland,,Social Care,Worker,Skilled Worker,,,,,unverified,,,no_first_party_identity_verified; attempt_count:1
178019,CaringHearts Support Services Ltd,caringhearts support services ltd,Bridgwater,SOMERSET,South West,Social Care,Worker,Skilled Worker,,,,https://caringheartsuk.org/,high,https://caringheartsuk.org/,SponsorList,name_tokens_on_page:caringhearts+support;location_on_page; attempt_count:1
178065,Carlton House Residential Care Home Limited,carlton house residential care home limited,Hatch-End,Middlesex,,Social Care,Worker,Skilled Worker,,,,,unverified,,,no_first_party_identity_verified; attempt_count:1
178135,Carrcroft Care Home Limited,carrcroft care home limited,Leeds,,,Social Care,Worker,Skilled Worker,,,,,unverified,,,no_first_party_identity_verified; attempt_count:1
178136,CARRCROFT CARE HOME LIMITED,carrcroft care home limited,LEEDS,,,Social Care,Worker,Skilled Worker,,,,,unverified,,,no_first_party_identity_verified; attempt_count:1
178141,CARRICK HOUSE NURSING HOME,carrick house nursing home,AYR,South Ayrshire,Scotland,Social Care,Worker,Skilled Worker,https://carrickcare.co.uk/,,,https://carrickcare.co.uk/,high,https://carrickcare.co.uk/,existing_website,name_tokens_on_page:carrick+house+nursing+home;location_on_page; attempt_count:1
178148,Carrington Care Ltd T/A Carrington House Care Home,carrington care ltd t a carrington house care home,Nottingham,Nottinghamshire,East Midlands,Social Care,Worker,Skilled Worker,,careers@ghhospicecare.org.uk,,,unverified,,,no_first_party_identity_verified; attempt_count:2
178270,Casbens Supported Living Community And Home Support Services Ltd,casbens supported living community and home support services ltd,Swindon,Wiltshire,South West,Social Care,Worker,Skilled Worker,,,,,low,https://duckduckgo.com/,SponsorList,possible_lead_not_accepted:only_one_name_token_on_page_without_hostname_match:community; attempt_count:1
178375,Castle Grove Nursing Home,castle grove nursing home,Tiverton,Devon,South West,Social Care,Worker,Skilled Worker,,,,,unverified,,,no_first_party_identity_verified; attempt_count:1
178383,Castle House Nursing Home Limited,castle house nursing home limited,Somerton,Somerset,South West,Social Care,Worker,Skilled Worker,,,,,unverified,,,no_first_party_identity_verified; attempt_count:1
178396,Castlebank Care Home,castlebank care home,County Durham,,,Social Care,Worker,Skilled Worker,,,,,unverified,,,no_first_party_identity_verified; attempt_count:1
178420,Castlemeadow Care Home ( Halesworth) Ltd,castlemeadow care home halesworth ltd,Halesworth,Suffolk,East of England,Social Care,Worker,Skilled Worker,,,,,unverified,,,no_first_party_identity_verified; attempt_count:0
178582,Cavendish Care Home Limited,cavendish care home limited,"Gloucester,",,,Social Care,Worker,Skilled Worker,,,,,unverified,,,no_first_party_identity_verified; attempt_count:1
178593,Cavendish Residential Care Homes Limited,cavendish residential care homes limited,Essex,,,Social Care,Worker,Skilled Worker,,,,,unverified,,,no_first_party_identity_verified; attempt_count:0
178720,CCNH LIMITED t/a CLEVEDON COURT NURSING HOME,ccnh limited t a clevedon court nursing home,Somerset,,,Social Care,Worker,Skilled Worker,,,,,unverified,,,no_first_party_identity_verified; attempt_count:0
178815,Cedar House Care Home Limited,cedar house care home limited,Maidenhead,Berkshire,South East,Social Care,Worker,Skilled Worker,,,,,unverified,,,no_first_party_identity_verified; attempt_count:0
178819,Cedar Tree Care Home Ltd,cedar tree care home ltd,Derby,Derbyshire,East Midlands,Social Care,Worker,Skilled Worker,,,,,unverified,,,no_first_party_identity_verified; attempt_count:0
178835,Cedric House Residential Care Home,cedric house residential care home,Rainhill,Merseyside,North West,Social Care,Worker,Skilled Worker,,,,,unverified,,,no_first_party_identity_verified; attempt_count:0
178842,Cefn Lodge Limited T/A Cefn Lodge Nursing Home,cefn lodge limited t a cefn lodge nursing home,Neath,,,Social Care,Worker,Skilled Worker,,recruitment@conduso.co.uk,,,low,https://conduso.co.uk/,contact_email_domain,possible_lead_not_accepted:only_one_name_token_on_page_without_hostname_match:home; attempt_count:1
179233,CENTURY HEALTHCARE 2 LIMITED T/A EUXTON PARK CARE HOME,century healthcare 2 limited t a euxton park care home,EUXTON,CHORLEY,,Social Care,Worker,Skilled Worker,,,,,unverified,,,no_first_party_identity_verified; attempt_count:0
179485,CHALCRAFT HALL LTD t/as Chalcraft Hall Care Home,chalcraft hall ltd t as chalcraft hall care home,Bognor Regis,West Sussex,South East,Social Care,Worker,Skilled Worker,,recruitment@conduso.co.uk,,https://chalcrafthall.co.uk/,high,https://chalcrafthall.co.uk/,SponsorList,name_tokens_on_page:chalcraft+hall+chalcraft+hall+home;location_on_page; attempt_count:2
179687,Charing Court Residential Care Home,charing court residential care home,Charing,Kent,South East,Social Care,Worker,Skilled Worker,,,,,low,https://www.nhs.uk/,SponsorList,possible_lead_not_accepted:only_one_name_token_on_page_without_hostname_match:home; attempt_count:1
179692,Charing Lodge Limited (T/A St. Michael's Nursing Home),charing lodge limited t a st michael s nursing home,Westgate-On-Sea,Kent,South East,Social Care,Worker,Skilled Worker,,,,https://www.cqc.org.uk/,medium,https://www.cqc.org.uk/,SponsorList,name_tokens_on_page:nursing+home; attempt_count:1
179713,Charity Earnshaw Home Care Agency,charity earnshaw home care agency,Sidmouth,Devon,South West,Social Care,Worker,Skilled Worker,,,,https://charityearnshaw-homecareagency.co.uk/,high,https://charityearnshaw-homecareagency.co.uk/,SponsorList,name_tokens_on_page:charity+earnshaw+home+agency;location_on_page; attempt_count:1
179794,Charlton Kings Care Home,charlton kings care home,Cheltenham,Gloucestershire,South West,Social Care,Worker,Skilled Worker,,,,,unverified,,,no_first_party_identity_verified; attempt_count:1
179813,Charnwood House Nursing Home Limited t/a Charnwood House Nursing Home,charnwood house nursing home limited t a charnwood house nursing home,Gloucester,,,Social Care,Worker,Skilled Worker,,recruitment@tappinghouse.org.uk,,https://tappinghouse.org.uk/,medium,https://tappinghouse.org.uk/,contact_email_domain,name_tokens_on_page:house+home; attempt_count:1
180005,Cheery Blossom Supported Living Ltd,cheery blossom supported living ltd,Oldham,Greater Manchester,North West,Social Care,Worker,Skilled Worker,,,,,unverified,,,no_first_party_identity_verified; attempt_count:0
180029,Chele Care Limited,chele care limited,Birmingham,West Midlands,West Midlands,Social Care,Worker,Skilled Worker,,,,,unverified,,,no_first_party_identity_verified; attempt_count:0
180031,Chelham Healthcare Ltd t/a Rosedale Care Home,chelham healthcare ltd t a rosedale care home,Luton,,,Social Care,Worker,Skilled Worker,,,,,unverified,,,no_first_party_identity_verified; attempt_count:0
180032,CHELLAM SERVICES LTD,chellam services ltd,London,England,,Social Care,Worker,Skilled Worker,,,,,unverified,,,no_first_party_identity_verified; attempt_count:0
180033,Chelmer Medical Partnership,chelmer medical partnership,Chelmsford,Essex,East of England,Social Care,Worker,Skilled Worker,,laura.bridge2@nhs.net,,,unverified,,,no_first_party_identity_verified; attempt_count:1
180035,Chelmscare Ltd,chelmscare ltd,Borehamwood,Hertfordshire,East of England,Social Care,Worker,Skilled Worker,,,,,unverified,,,no_first_party_identity_verified; attempt_count:0
180036,Chelmsford Care Centre Ltd,chelmsford care centre ltd,Chelmsford,Essex,East of England,Social Care,Worker,Skilled Worker,,,,,unverified,,,no_first_party_identity_verified; attempt_count:0
180037,Chelmsford Chieftains IHC,chelmsford chieftains ihc,Brentwood,Essex,East of England,Social Care,Worker,International Sportsperson,,,,,unverified,,,no_first_party_identity_verified; attempt_count:0
180127,Chenai Hollistic Home Care Agency Ltd,chenai hollistic home care agency ltd,Chelmsford,,,Social Care,Worker,Skilled Worker,,,,,unverified,,,no_first_party_identity_verified; attempt_count:0
180158,Cherish Home Care Limited,cherish home care limited,Sutton Coldfield,,,Social Care,Worker,Skilled Worker,,,,,unverified,,,no_first_party_identity_verified; attempt_count:0
180161,Cherish Support Services Ltd,cherish support services ltd,Bolton,,,Social Care,Worker,Skilled Worker,,,,,unverified,,,no_first_party_identity_verified; attempt_count:0
180162,Cherish Support Services Ltd,cherish support services ltd,Bolton,,,Social Care,Worker,Skilled Worker,,,,,unverified,,,no_first_party_identity_verified; attempt_count:0
180170,Cherre Residential Care Limited,cherre residential care limited,Leicester,Leicestershire,East Midlands,Social Care,Worker,Skilled Worker,,,,,unverified,,,no_first_party_identity_verified; attempt_count:0
180185,Cherry Tree Lodge Private Residential Care Home,cherry tree lodge private residential care home,Rossendale,Lancashire,North West,Social Care,Worker,Skilled Worker,,,,,unverified,,,no_first_party_identity_verified; attempt_count:0
180191,Cherry Wood Grange Chelmsford Limited trading as Cherry Wood Grange Care Home,cherry wood grange chelmsford limited trading as cherry wood grange care home,Chelmsford,Essex,East of England,Social Care,Worker,Skilled Worker,,anishadsouza@nhs.net,,https://cherrywoodgrangecarehome.co.uk/,high,https://cherrywoodgrangecarehome.co.uk/,SponsorList,name_tokens_on_page:cherry+wood+grange+chelmsford;location_on_page; attempt_count:2
180216,CHESFORD GRANGE CARE HOME,chesford grange care home,STOKE ON TRENT,,,Social Care,Worker,Skilled Worker,,,,,unverified,,,no_first_party_identity_verified; attempt_count:0
180246,Chester House Care Home,chester house care home,Stockport,Cheshire,North West,Social Care,Worker,Skilled Worker,,,,,unverified,,,no_first_party_identity_verified; attempt_count:0
180269,Chestnut Court Care Home,chestnut court care home,New Milton,,,Social Care,Worker,Skilled Worker,,,,,unverified,,,no_first_party_identity_verified; attempt_count:0
180271,Chestnut House Nursing Home Ltd,chestnut house nursing home ltd,"Hope, Flintshire",,,Social Care,Worker,Skilled Worker,,,,,unverified,,,no_first_party_identity_verified; attempt_count:0
180272,Chestnut Lodge Nursing Home,chestnut lodge nursing home,STOCKTON-ON-TEES,Cleveland,,Social Care,Worker,Skilled Worker,,,,,unverified,,,no_first_party_identity_verified; attempt_count:0
180276,Chestnuts Care Home,chestnuts care home,Gravesand,Kent,South East,Social Care,Worker,Skilled Worker,,,,,unverified,,,no_first_party_identity_verified; attempt_count:0
180492,Chilworth care ltd TA Peel House Nursing Home,chilworth care ltd ta peel house nursing home,Fareham,,,Social Care,Worker,Skilled Worker,,info.peelhouse@nhs.net,,,unverified,,,no_first_party_identity_verified; attempt_count:2
180604,Chinite Resourcing Limited (trading as Chinite Home Care),chinite resourcing limited trading as chinite home care,Braintree,Essex,East of England,Social Care,Worker,Skilled Worker,,,,https://www.chinitehomecare.com/,high,https://www.chinitehomecare.com/,SponsorList,name_tokens_on_page:chinite+home;location_on_page; attempt_count:1
180691,Choice First Health and Home Care Ltd,choice first health and home care ltd,Smethwick,West Midlands,West Midlands,Social Care,Worker,Skilled Worker,,caroline.beard10@nhs.net,,,unverified,,,no_first_party_identity_verified; attempt_count:2
180704,Choices Home Care Limited,choices home care limited,Barnsley,South Yorkshire,Yorkshire and the Humber,Social Care,Worker,Skilled Worker,,,,https://choiceshomecare.co.uk/,high,https://choiceshomecare.co.uk/,SponsorList,name_tokens_on_page:choices+home;location_on_page; attempt_count:1
180716,CHOLWELL HOUSE NURSING HOME LTD,cholwell house nursing home ltd,BRISTOL,,,Social Care,Worker,Skilled Worker,,,,https://www.cholwellhouse.co.uk/,high,https://www.cholwellhouse.co.uk/,SponsorList,name_tokens_on_page:cholwell+house+nursing+home;location_on_page; attempt_count:1
180909,Christ the King Residential Care Homes Limited,christ the king residential care homes limited,South Croydon,,,Social Care,Worker,Skilled Worker,,,,https://www.ctkresidentialcarehomes.co.uk/,high,https://www.ctkresidentialcarehomes.co.uk/,SponsorList,name_tokens_on_page:christ+king+residential+homes;location_on_page; attempt_count:1
180987,CHRISTOPHER GRANGE LTD T/A CHRISTOPHER GRANGE RESIDENTIAL CARE & CHRISTOPHER GRANGE RHONA HOUSE,christopher grange ltd t a christopher grange residential care and christopher grange rhona house,LIVERPOOL,,,Social Care,Worker,Skilled Worker,,recruitment@stchristophers.org.uk,,,low,https://www.cqc.org.uk/,SponsorList,possible_lead_not_accepted:only_one_name_token_on_page_without_hostname_match:residential; attempt_count:2
181053,Church Farm Nursing Home Ltd,church farm nursing home ltd,Cotgrave,Nottingham,East Midlands,Social Care,Worker,Skilled Worker,,,,,unverified,,,no_first_party_identity_verified; attempt_count:0
181112,Churchill Residential Care & Nursing Homes Ltd T/A St Judes Nursing Home,churchill residential care and nursing homes ltd t a st judes nursing home,Sutton,Surrey,South East,Social Care,Worker,Skilled Worker,,,,,unverified,,,no_first_party_identity_verified; attempt_count:0
181113,Churchill Residential Care and Nursing Homes Limited,churchill residential care and nursing homes limited,Surrey,,,Social Care,Worker,Skilled Worker,,,,,unverified,,,no_first_party_identity_verified; attempt_count:1
181422,City and Provincial Support Services Ltd,city and provincial support services ltd,London,,,Social Care,Worker,Skilled Worker,,,,,unverified,,,no_first_party_identity_verified; attempt_count:1
181726,Claremont Care Home,claremont care home,Manchester,,,Social Care,Worker,Skilled Worker,,,,https://www.claremontcarehome.co.uk/,medium,https://www.claremontcarehome.co.uk/,SponsorList,name_tokens_on_page:claremont+home; attempt_count:1
181728,Claremont Court Care Home,claremont court care home,Pontypridd,,,Social Care,Worker,Skilled Worker,,,,,unverified,,,no_first_party_identity_verified; attempt_count:1
181734,Clarence Court Care Home,clarence court care home,Glasgow,,,Social Care,Worker,Skilled Worker,,,,,unverified,,,no_first_party_identity_verified; attempt_count:1
181744,Clarendon Home Care,clarendon home care,Kingston Upon Thames,,,Social Care,Worker,Skilled Worker,,,,,unverified,,,no_first_party_identity_verified; attempt_count:1
182130,Cliff Court Care Home,cliff court care home,East Sussex,,,Social Care,Worker,Skilled Worker,,,,,unverified,,,no_first_party_identity_verified; attempt_count:0
182141,Clifford House Residential Care Home,clifford house residential care home,Andover,Hampshire,South East,Social Care,Worker,Skilled Worker,,,,,unverified,,,no_first_party_identity_verified; attempt_count:0
182144,Clifftop Care Home,clifftop care home,Swanage,Dorset,South West,Social Care,Worker,Skilled Worker,,,,,unverified,,,no_first_party_identity_verified; attempt_count:0
182408,Clovelly House Care Home Limited,clovelly house care home limited,Newquay,Cornwall,South West,Social Care,Worker,Skilled Worker,,,,,unverified,,,no_first_party_identity_verified; attempt_count:0
182468,Clyde Court Care Home,clyde court care home,Clydebank,,,Social Care,Worker,Skilled Worker,,,,,unverified,,,no_first_party_identity_verified; attempt_count:0
182502,CM SUPPORTED LIVING SERVICES,cm supported living services,SOUTHAMPTON,HAMPSHIRE,South East,Social Care,Worker,Skilled Worker,,,,,unverified,,,no_first_party_identity_verified; attempt_count:0
182642,Coastal Home Care (Hove) Ltd,coastal home care hove ltd,Hove,,,Social Care,Worker,Skilled Worker,,,,,unverified,,,no_first_party_identity_verified; attempt_count:1
182646,Coastal Supported Living C.I.C,coastal supported living c i c,Hornchurch,Essex,East of England,Social Care,Worker,Skilled Worker,,,,https://www.coastal-housing.co.uk/,high,https://www.coastal-housing.co.uk/,SponsorList,name_tokens_on_page:coastal+supported+living;name_tokens_on_host:coastal;location_on_page; attempt_count:1
182652,Coate Water Care (Church View Nursing Home) Ltd,coate water care church view nursing home ltd,Swindon,Wilts,,Social Care,Worker,Skilled Worker,,,,,unverified,,,no_first_party_identity_verified; attempt_count:1
182805,Coed Isaf nursing home,coed isaf nursing home,llandudno,conwy,Wales,Social Care,Worker,Skilled Worker,,,,https://www.vshans.co.uk/,high,https://www.vshans.co.uk/,SponsorList,name_tokens_on_page:coed+isaf+nursing+home;location_on_page; attempt_count:1
182806,Coed Mor Residential Care Home,coed mor residential care home,Abergele,,,Social Care,Worker,Skilled Worker,,,,,unverified,,,no_first_party_identity_verified; attempt_count:1
182907,Cohiba Support Services Limeted,cohiba support services limeted,SIMONSTONE,Lancashire,North West,Social Care,Worker,Skilled Worker,,,,,unverified,,,no_first_party_identity_verified; attempt_count:1
183028,Collegeland Nursing Home,collegeland nursing home,Dungannon,Tyrone,Northern Ireland,Social Care,Worker,Skilled Worker,,,,,unverified,,,no_first_party_identity_verified; attempt_count:1
183048,Collingwood Court Care Home,collingwood court care home,London,,,Social Care,Worker,Skilled Worker,,,,,unverified,,,no_first_party_identity_verified; attempt_count:1
183136,Colwyn Bay Old Convent Nursing Home Ltd,colwyn bay old convent nursing home ltd,Colwyn Bay,,,Social Care,Worker,Skilled Worker,,,,https://www.oldconventnursinghome.com/,high,https://www.oldconventnursinghome.com/,SponsorList,name_tokens_on_page:colwyn+bay+old+convent+nursing+home;location_on_page; attempt_count:1
183149,Combe Domiciliary Care Limited,combe domiciliary care limited,Dalston,Carlisle,,Social Care,Worker,Skilled Worker,,,,,unverified,,,no_first_party_identity_verified; attempt_count:1
183187,Comfort Home Care,comfort home care,HUDDERSFIELD,County,,Social Care,Worker,Skilled Worker,,,,,unverified,,,no_first_party_identity_verified; attempt_count:1
183194,Comfort Support Services Ltd,comfort support services ltd,Bolton,,,Social Care,Worker,Skilled Worker,,,,https://comfort-supportservices.com/,high,https://comfort-supportservices.com/,SponsorList,name_tokens_on_page:comfort+support;name_tokens_on_host:comfort;location_on_page; attempt_count:1
183449,Compassionate Care Home Limited,compassionate care home limited,Worthing,West Sussex,South East,Social Care,Worker,Skilled Worker,,,,,unverified,,,no_first_party_identity_verified; attempt_count:1
183480,COMPLETE CARE GROUP LIMITED trading as St Anne's Residential Care Home,complete care group limited trading as st anne s residential care home,Eastbourne,East Sussex,South East,Social Care,Worker,Skilled Worker,,recruitment@akaricare.co.uk,,https://akaricare.co.uk/,high,https://akaricare.co.uk/,contact_email_domain,name_tokens_on_page:residential+home;location_on_page; attempt_count:1
183717,CONFIDENT HOME CARE LIMITED,confident home care limited,WORKSOP,,,Social Care,Worker,Skilled Worker,,,,,unverified,,,no_first_party_identity_verified; attempt_count:1
183758,Conifers Care Home,conifers care home,Thornton Cleveleys,Lancashire,North West,Social Care,Worker,Skilled Worker,,,,,unverified,,,no_first_party_identity_verified; attempt_count:1
183760,Conifers Nursing Home,conifers nursing home,Great Wyrley,,,Social Care,Worker,Skilled Worker,,,,,unverified,,,no_first_party_identity_verified; attempt_count:0
183873,Consensus Support Services Limited,consensus support services limited,Colchester,Essex,East of England,Social Care,Worker,Skilled Worker,,,,,unverified,,,no_first_party_identity_verified; attempt_count:0
183887,CONSIDERATE HOME CARE LTD,considerate home care ltd,London,,,Social Care,Worker,Skilled Worker,,,,,unverified,,,no_first_party_identity_verified; attempt_count:0
184010,Contact 4 Support Services Limited,contact 4 support services limited,Harrow,Middlesex,,Social Care,Worker,Skilled Worker,,,,,unverified,,,no_first_party_identity_verified; attempt_count:0
184097,Contracts Support Services Limited,contracts support services limited,Braintree,Essex,East of England,Social Care,Worker,Skilled Worker,,,,,unverified,,,no_first_party_identity_verified; attempt_count:0
184307,Copthorne Care Homes Ltd T/as Penlee Residential Care Home,copthorne care homes ltd t as penlee residential care home,Cornwall,,,Social Care,Worker,Skilled Worker,,careers@ic24.nhs.uk,,,unverified,,,no_first_party_identity_verified; attempt_count:0; contact_email_domain_not_used_as_website_lead
184308,Copthorne Complete Home Care Limited,copthorne complete home care limited,Shrewsbury,Shropshire,West Midlands,Social Care,Worker,Skilled Worker,,,,,unverified,,,no_first_party_identity_verified; attempt_count:0
184333,Coralyn House Residential Care Home,coralyn house residential care home,Hunstanton,,,Social Care,Worker,Skilled Worker,,,,,unverified,,,no_first_party_identity_verified; attempt_count:0
184381,Core Care Provider Services Limited,core care provider services limited,Kettering,Northamptonshire,East Midlands,Social Care,Worker,Skilled Worker,,,,,unverified,,,no_first_party_identity_verified; attempt_count:0
184456,Cornelia Manor residential Care Home,cornelia manor residential care home,Newport,Isle of Wight,South East,Social Care,Worker,Skilled Worker,,,,,unverified,,,no_first_party_identity_verified; attempt_count:1
184750,Cotswold House Care Home Limited,cotswold house care home limited,Stroud,Gloucestershire,South West,Social Care,Worker,Skilled Worker,,,,,unverified,,,no_first_party_identity_verified; attempt_count:1
184798,Coulson and Collings Care Home LTD,coulson and collings care home ltd,Bolton,,,Social Care,Worker,Skilled Worker,,,,,unverified,,,no_first_party_identity_verified; attempt_count:1
184831,COUNTRY LODGE NURSING HOME LTD T/A COUNTRY LODGE NURSING HOME,country lodge nursing home ltd t a country lodge nursing home,WORTHING,,,Social Care,Worker,Skilled Worker,,d-icb.rcmg.hr@nhs.net,,,unverified,,,no_first_party_identity_verified; attempt_count:2
184851,County Homes Care Home,county homes care home,Wirral,,,Social Care,Worker,Skilled Worker,,,,,unverified,,,no_first_party_identity_verified; attempt_count:1
184915,COVE MANOR CARE HOME LIMITED,cove manor care home limited,DUNGANNON,COUNTY TYRONE,,Social Care,Worker,Skilled Worker,,,,,unverified,,,no_first_party_identity_verified; attempt_count:1
185026,COZEE CARE HOMES LTD T/A BARNSTON COURT CARE HOME,cozee care homes ltd t a barnston court care home,Wirral,Merseyside,North West,Social Care,Worker,Skilled Worker,,careers@ic24.nhs.uk,,https://wecaregroup.co.uk/,high,https://wecaregroup.co.uk/,SponsorList,name_tokens_on_page:court+home;location_on_page; attempt_count:1; contact_email_domain_not_used_as_website_lead
185113,Crabtree t/as Crabtree Care Home,crabtree t as crabtree care home,Ilkley,,,Social Care,Worker,Skilled Worker,,,,,unverified,,,no_first_party_identity_verified; attempt_count:1
185156,Craigarran Care Home With Nursing,craigarran care home with nursing,Co. Durham,,,Social Care,Worker,Skilled Worker,,,,,unverified,,,no_first_party_identity_verified; attempt_count:1
185230,Craven Nursing Home,craven nursing home,Skipton,North Yorkshire,Yorkshire and the Humber,Social Care,Worker,Skilled Worker,,,,,unverified,,,no_first_party_identity_verified; attempt_count:1
185280,Cream Residential Care Limited,cream residential care limited,Taunton,Somerset,South West,Social Care,Worker,Skilled Worker,,,,https://www.creamcare.co.uk/,high,https://www.creamcare.co.uk/,SponsorList,name_tokens_on_page:cream+residential;location_on_page; attempt_count:1
185463,Crescent Care Home Cornwall limited,crescent care home cornwall limited,Newquay,Cornwall,South West,Social Care,Worker,Skilled Worker,,,,https://thecrescentcarehome.com/,high,https://thecrescentcarehome.com/,SponsorList,name_tokens_on_page:crescent+home;location_on_page; attempt_count:1
185485,Cressington Court care home,cressington court care home,Liverpool,,,Social Care,Worker,Skilled Worker,,,,,unverified,,,no_first_party_identity_verified; attempt_count:1
185539,Crick Care Home Limited,crick care home limited,Caldicot,Monmouthshire,Wales,Social Care,Worker,Skilled Worker,,,,,unverified,,,no_first_party_identity_verified; attempt_count:1
185625,Croft Avenue Care Home Limited,croft avenue care home limited,Penrith,,,Social Care,Worker,Skilled Worker,,,,https://croftavenuecarehome.co.uk/,high,https://croftavenuecarehome.co.uk/,SponsorList,name_tokens_on_page:croft+avenue+home;location_on_page; attempt_count:1
185631,CROFT HOUSE CARE HOME LIMITED,croft house care home limited,Keighley,,,Social Care,Worker,Skilled Worker,,,,,unverified,,,no_first_party_identity_verified; attempt_count:1
185708,Crossbind Limited T/A Cosham Court Nursing Home,crossbind limited t a cosham court nursing home,Cosham,,,Social Care,Worker,Skilled Worker,,,,https://www.coshamcourt.co.uk/,high,https://www.coshamcourt.co.uk/,SponsorList,name_tokens_on_page:cosham+court+nursing+home;location_on_page; attempt_count:1
185752,Crossways Healthcare Limited T/A Crossways Care Home,crossways healthcare limited t a crossways care home,"West Sussex,",,,Social Care,Worker,Skilled Worker,,,,,unverified,,,no_first_party_identity_verified; attempt_count:1
185753,Crossways Nursing Home,crossways nursing home,Sutton,Surrey,South East,Social Care,Worker,Skilled Worker,,,,,unverified,,,no_first_party_identity_verified; attempt_count:1
185842,Crown Supported Living Spaces Ltd,crown supported living spaces ltd,Bromley,,,Social Care,Worker,Skilled Worker,,,,https://www.crownsupportedliving.com/,high,https://www.crownsupportedliving.com/,SponsorList,name_tokens_on_page:crown+supported+living+spaces;location_on_page; attempt_count:1
185846,Crowne Home Care Ltd T/A Littleton House,crowne home care ltd t a littleton house,Birmingham,,,Social Care,Worker,Skilled Worker,,,,https://www.crownecare.com/,high,https://www.crownecare.com/,SponsorList,name_tokens_on_page:crowne+home;location_on_page; attempt_count:1
186046,CTA Healthcare Ltd T/A Bonnyton House Care Home,cta healthcare ltd t a bonnyton house care home,Ellon,,,Social Care,Worker,Skilled Worker,,,,,unverified,,,no_first_party_identity_verified; attempt_count:1
186188,Culwood House Residential Care Home,culwood house residential care home,Chesham,Bucks,,Social Care,Worker,Skilled Worker,,,,,unverified,,,no_first_party_identity_verified; attempt_count:1
186215,Cumloden Manor Nursing Home Ltd,cumloden manor nursing home ltd,NEWTON STEWART,WIGTOWNSHIRE,,Social Care,Worker,Skilled Worker,https://cumlodenmanor.co.uk/,,https://cumlodenmanor.co.uk/careers,https://cumlodenmanor.co.uk/,high,https://cumlodenmanor.co.uk/,existing_website+existing_careers_url_domain+company_site_existing_file,name_tokens_on_page:cumloden+manor+nursing+home;location_on_page; attempt_count:1
186271,Curo Blackpool ltd t/a Royal Care Home,curo blackpool ltd t a royal care home,Lytham Saint Annes,Lancashire,North West,Social Care,Worker,Skilled Worker,,,,,low,https://www.cqc.org.uk/,SponsorList,possible_lead_not_accepted:only_one_name_token_on_page_without_hostname_match:home; attempt_count:1
186372,CUSTOM HOME CARE LTD.,custom home care ltd,SHEFFIELD,SOUTH YORKSHIRE,Yorkshire and the Humber,Social Care,Worker,Skilled Worker,,,,,unverified,,,no_first_party_identity_verified; attempt_count:0
186451,Cwm Cartref Care Home,cwm cartref care home,Pontardawe,Swansea,Wales,Social Care,Worker,Skilled Worker,,,,,unverified,,,no_first_party_identity_verified; attempt_count:0
186582,Cypress Court Care Home,cypress court care home,Crewe,,,Social Care,Worker,Skilled Worker,,,,,unverified,,,no_first_party_identity_verified; attempt_count:0
186749,D'ELEVATED HOMECARE AND SUPPORT SERVICES LIMITED,d elevated homecare and support services limited,"Cardiff,",Wales,Wales,Social Care,Worker,Skilled Worker,,,,,unverified,,,no_first_party_identity_verified; attempt_count:1
186880,DAFFODILS CARE AND SUPPORT SERVICES,daffodils care and support services,South Croydon,,,Social Care,Worker,Skilled Worker,,,,,unverified,,,no_first_party_identity_verified; attempt_count:0
187015,Dalemead Care Home Ltd,dalemead care home ltd,Twickenham,,,Social Care,Worker,Skilled Worker,,,,,unverified,,,no_first_party_identity_verified; attempt_count:1
187021,Daleside Nursing Home Ltd t/a Daleside Nursing Home,daleside nursing home ltd t a daleside nursing home,Birkenhead,,,Social Care,Worker,Skilled Worker,,manager@ingleboroughnursinghome.com,,https://ingleboroughnursinghome.com/,medium,https://ingleboroughnursinghome.com/,contact_email_domain,name_tokens_on_page:nursing+home; attempt_count:1
187027,Daley Home Care,daley home care,Bridport,Dorset,South West,Social Care,Worker,Skilled Worker,,,,,low,https://www.cqc.org.uk/,SponsorList,possible_lead_not_accepted:only_one_name_token_on_page_without_hostname_match:home; attempt_count:1
187030,Dalgety Bay Care Home,dalgety bay care home,Dalgety Bay,Fife,Scotland,Social Care,Worker,Skilled Worker,,,,,unverified,,,no_first_party_identity_verified; attempt_count:1
187120,Danaz Healthcare Ltd (trading as Pax Hill Care Home),danaz healthcare ltd trading as pax hill care home,Farnham,Surrey,South East,Social Care,Worker,Skilled Worker,,,,,unverified,,,no_first_party_identity_verified; attempt_count:0
187147,Danesford Grange Care Home,danesford grange care home,Bridgnorth,Shropshire,West Midlands,Social Care,Worker,Skilled Worker,,,,,unverified,,,no_first_party_identity_verified; attempt_count:0
187169,DANICO Care Ltd T/A Pontcanna House Care Home,danico care ltd t a pontcanna house care home,Cardiff,Wales,Wales,Social Care,Worker,Skilled Worker,,careers@ghhospicecare.org.uk,,,unverified,,,no_first_party_identity_verified; attempt_count:1
187327,Darroch Nursing Home Ltd,darroch nursing home ltd,Glasgow,,,Social Care,Worker,Skilled Worker,,,,,unverified,,,no_first_party_identity_verified; attempt_count:1
187341,Dartford Home Care ltd t/a Home Instead Dartford,dartford home care ltd t a home instead dartford,Erith,,,Social Care,Worker,Skilled Worker,,a.zakaryan@nhs.net,,,unverified,,,no_first_party_identity_verified; attempt_count:1
187390,Dash Care T/A Oak House Care Home,dash care t a oak house care home,Axminster,Devon,South West,Social Care,Worker,Skilled Worker,,careers@ghhospicecare.org.uk,,,unverified,,,no_first_party_identity_verified; attempt_count:1
187996,Dearnlea Park Residential Care Home,dearnlea park residential care home,Rotherham,South Yorkshire,Yorkshire and the Humber,Social Care,Worker,Skilled Worker,,,,,unverified,,,no_first_party_identity_verified; attempt_count:1
188090,Dee View Court Care Home,dee view court care home,Aberdeen,Aberdeenshire,Scotland,Social Care,Worker,Skilled Worker,,,,,unverified,,,no_first_party_identity_verified; attempt_count:1
188292,DELIGHT SUPPORT SERVICES LTD,delight support services ltd,SHEFFIELD,,,Social Care,Worker,Skilled Worker,,,,,unverified,,,no_first_party_identity_verified; attempt_count:1
188293,Delight Supported living Ltd,delight supported living ltd,Letchworth Garden City,Hertfordshire,East of England,Social Care,Worker,Skilled Worker,,,,,unverified,,,no_first_party_identity_verified; attempt_count:1
188439,DELUXE SUPPORTED LIVING SERVICES LTD,deluxe supported living services ltd,CHADWELL HEATH,ESSEX,East of England,Social Care,Worker,Skilled Worker,,,,https://dslservices.org/,high,https://dslservices.org/,SponsorList,name_tokens_on_page:deluxe+supported+living;location_on_page; attempt_count:1
188498,Dene Court Care Home Limited,dene court care home limited,Exeter,Devon,South West,Social Care,Worker,Skilled Worker,,,,,unverified,,,no_first_party_identity_verified; attempt_count:1
188660,Dependable Home Care Services,dependable home care services,Worcester,Worcestershire,West Midlands,Social Care,Worker,Skilled Worker,,,,,unverified,,,no_first_party_identity_verified; attempt_count:0
188689,Derby Care Home Ltd t/a Westside Nursing Home,derby care home ltd t a westside nursing home,Derby,,,Social Care,Worker,Skilled Worker,,manager@ingleboroughnursinghome.com,,https://ingleboroughnursinghome.com/,medium,https://ingleboroughnursinghome.com/,contact_email_domain,name_tokens_on_page:nursing+home; attempt_count:1
188716,Derbyshire Home Care Services Ltd,derbyshire home care services ltd,Matlock,Derbyshire,East Midlands,Social Care,Worker,Skilled Worker,,,,,unverified,,,no_first_party_identity_verified; attempt_count:0
188748,Derwent Residential Care Limited,derwent residential care limited,St Leonards on Sea,East Sussex,South East,Social Care,Worker,Skilled Worker,,,,,unverified,,,no_first_party_identity_verified; attempt_count:0
189053,DEVOTED SUPPORTED LIVING LIMITED,devoted supported living limited,Hertfordshire,,,Social Care,Worker,Skilled Worker,,,,,unverified,,,no_first_party_identity_verified; attempt_count:0
189108,DFD Care and Support Services Ltd,dfd care and support services ltd,Corby,Northamptonshire,East Midlands,Social Care,Worker,Skilled Worker,,,,,unverified,,,no_first_party_identity_verified; attempt_count:0
189282,DHR Support Services Pvt Ltd,dhr support services pvt ltd,ENFIELD,Middlesex,,Social Care,Worker,Skilled Worker,,,,https://dhr-support.co.uk/,high,https://dhr-support.co.uk/,SponsorList,name_tokens_on_page:dhr+support;name_tokens_on_host:dhr+support;location_on_page; attempt_count:1
189382,Diamond House Care Home Limited T/A Diamond House,diamond house care home limited t a diamond house,Downham Market,,,Social Care,Worker,Skilled Worker,,careers@ghhospicecare.org.uk,,,unverified,,,no_first_party_identity_verified; attempt_count:2
189446,didcot home care ltd,didcot home care ltd,Didcot,Oxon,,Social Care,Worker,Skilled Worker,,,,,unverified,,,no_first_party_identity_verified; attempt_count:1
189830,DIRECT CARE AND SUPPORT SERVICES UK LTD,direct care and support services uk ltd,CARSHALTON,SURREY,South East,Social Care,Worker,Skilled Worker,,admin@directcareservice.co.uk,,https://directcareservice.co.uk/,medium,https://directcareservice.co.uk/,contact_email_domain+verified_company_site_source_host,name_tokens_on_page:direct+support; attempt_count:1
189993,District Home Care Ltd,district home care ltd,Woking,Surrey,South East,Social Care,Worker,Skilled Worker,,,,,unverified,,,no_first_party_identity_verified; attempt_count:0
190023,Diverse Home Care LTD,diverse home care ltd,Nottingham,,,Social Care,Worker,Skilled Worker,,,,,unverified,,,no_first_party_identity_verified; attempt_count:0
190041,DIVINE CARE PROVIDER LTD,divine care provider ltd,Colchester,Essex,East of England,Social Care,Worker,Skilled Worker,,,,,unverified,,,no_first_party_identity_verified; attempt_count:0
190059,Divine Home Care,divine home care,Leicester,,,Social Care,Worker,Skilled Worker,,,,,unverified,,,no_first_party_identity_verified; attempt_count:0
190143,DJAS SUPPORT SERVICES LTD,djas support services ltd,Milton Keynes,,,Social Care,Worker,Skilled Worker,,,,,unverified,,,no_first_party_identity_verified; attempt_count:0
190482,Domiciliary Care Experts Limited,domiciliary care experts limited,Gillingham,,,Social Care,Worker,Skilled Worker,,,,,unverified,,,no_first_party_identity_verified; attempt_count:1
190483,Domiciliary Care Services (UK) Limited,domiciliary care services uk limited,Leicester,,,Social Care,Worker,Skilled Worker,,,,,low,https://www.domiciliarycareservices.org.uk/,SponsorList,possible_lead_not_accepted:only_one_name_token_on_page_without_hostname_match:domiciliary; attempt_count:1
190676,Dorset Home Care Limited (Trading as Home Instead Dorchester),dorset home care limited trading as home instead dorchester,Dorchester,Dorset,South West,Social Care,Worker,Skilled Worker,,,,,unverified,,,no_first_party_identity_verified; attempt_count:1
190784,Doulton Court Care Home,doulton court care home,Mablethorpe,,,Social Care,Worker,Skilled Worker,,,,,unverified,,,no_first_party_identity_verified; attempt_count:1
190785,Dounemount Care Home,dounemount care home,Banff,Aberdeenshire,Scotland,Social Care,Worker,Skilled Worker,,,,,unverified,,,no_first_party_identity_verified; attempt_count:1
190862,Downside House Residential Care Home,downside house residential care home,Ventnor,Isle of Wight,South East,Social Care,Worker,Skilled Worker,https://www.downsidehouseresidentialcarehome.co.uk/,,https://www.downsidehouseresidentialcarehome.co.uk/careers,https://www.downsidehouseresidentialcarehome.co.uk/,high,https://www.downsidehouseresidentialcarehome.co.uk/,existing_website+existing_careers_url_domain+company_site_existing_file,name_tokens_on_page:downside+house+residential+home;location_on_page; attempt_count:1
191183,Dream Home Care Ltd.,dream home care ltd,Wembley,,,Social Care,Worker,Skilled Worker,,,,,unverified,,,no_first_party_identity_verified; attempt_count:1
191324,Drombane Nursing Home,drombane nursing home,Dromore,Northern Ireland,Northern Ireland,Social Care,Worker,Skilled Worker,,,,,unverified,,,no_first_party_identity_verified; attempt_count:1
191380,Drumconner Nursing Home,drumconner nursing home,Lancing,,,Social Care,Worker,Skilled Worker,,,,,unverified,,,no_first_party_identity_verified; attempt_count:1
191445,DSL Care Ltd T/A Wellcross Grange Nursing Home,dsl care ltd t a wellcross grange nursing home,Horsham,West Sussex,South East,Social Care,Worker,Skilled Worker,,,,,unverified,,,no_first_party_identity_verified; attempt_count:0
191637,Dulas Court Care Home,dulas court care home,Hereford,Herefordshire,West Midlands,Social Care,Worker,Skilled Worker,,,,,unverified,,,no_first_party_identity_verified; attempt_count:0
191702,Dundonald House Nursing Home Ltd,dundonald house nursing home ltd,"Dundonald, Kilmarnock",South Ayrshire,Scotland,Social Care,Worker,Skilled Worker,,,,,unverified,,,no_first_party_identity_verified; attempt_count:0
191787,Duratem Supported Living Ltd,duratem supported living ltd,Dagenham,,,Social Care,Worker,Skilled Worker,,,,,unverified,,,no_first_party_identity_verified; attempt_count:0
192279,Eamal LTD t/a At Home Care,eamal ltd t a at home care,Hemel Hempstead,Hertfordshire,East of England,Social Care,Worker,Skilled Worker,,,,,unverified,,,no_first_party_identity_verified; attempt_count:1
192280,Eamal LTD t/a At Home Care,eamal ltd t a at home care,Hemel Hempstead,Hertfordshire,East of England,Social Care,Worker,Skilled Worker,,,,,unverified,,,no_first_party_identity_verified; attempt_count:1
192307,Earlsfield Court Care Home,earlsfield court care home,Bexhill-on-Sea,East Sussex,South East,Social Care,Worker,Skilled Worker,,,,,unverified,,,no_first_party_identity_verified; attempt_count:1
192393,East Coast Home Care Limited T/A Home Instead (Lowestoft),east coast home care limited t a home instead lowestoft,Suffolk,,,Social Care,Worker,Skilled Worker,,,,https://eastcoastcare.co.uk/,high,https://eastcoastcare.co.uk/,SponsorList,name_tokens_on_page:east+coast+home;location_on_page; attempt_count:1
192520,Eastcote Park Care Home,eastcote park care home,Solihull,West Midlands,West Midlands,Social Care,Worker,Skilled Worker,,,,,unverified,,,no_first_party_identity_verified; attempt_count:1
192521,EASTCROFT NURSING HOME,eastcroft nursing home,BANSTEAD,SURREY,South East,Social Care,Worker,Skilled Worker,,,,,unverified,,,no_first_party_identity_verified; attempt_count:1
192580,EASTLEIGH CARE HOME,eastleigh care home,Peterculter,,,Social Care,Worker,Skilled Worker,,,,,unverified,,,no_first_party_identity_verified; attempt_count:1
192608,Eastwood Court Care Home,eastwood court care home,Glasgow,,,Social Care,Worker,Skilled Worker,,,,,unverified,,,no_first_party_identity_verified; attempt_count:1
192712,Eaton Home Care Limited,eaton home care limited,Waterbeach,,,Social Care,Worker,Skilled Worker,,,,,unverified,,,no_first_party_identity_verified; attempt_count:0
192817,Ecatsue 2 Limited T/A Allendale House Care Home,ecatsue 2 limited t a allendale house care home,Hedon,,,Social Care,Worker,Skilled Worker,,,,,unverified,,,no_first_party_identity_verified; attempt_count:1
192864,ECHO SUPPORTED LIVING SERVICES LTD,echo supported living services ltd,Walsall,,,Social Care,Worker,Skilled Worker,,,,https://www.echouk.net/,medium,https://www.echouk.net/,SponsorList,name_tokens_on_page:echo+supported+living; attempt_count:1
193124,Eden Care Support Services Ltd,eden care support services ltd,Bolton,,,Social Care,Worker,Skilled Worker,,,,,unverified,,,no_first_party_identity_verified; attempt_count:1
193127,EDEN COTTAGE CARE HOME LTD,eden cottage care home ltd,DARLINGTON,DURHAM,North East,Social Care,Worker,Skilled Worker,,,,,unverified,,,no_first_party_identity_verified; attempt_count:1
193128,Eden Court Care Home,eden court care home,London,,,Social Care,Worker,Skilled Worker,,,,,unverified,,,no_first_party_identity_verified; attempt_count:1
193154,Eden Residential Care Ltd,eden residential care ltd,West Molesey,Surrey,South East,Social Care,Worker,Skilled Worker,,,,,unverified,,,no_first_party_identity_verified; attempt_count:1
193156,Eden Supported Living Limited,eden supported living limited,Newark,,,Social Care,Worker,Skilled Worker,,,,https://edenfutures.org/,medium,https://edenfutures.org/,SponsorList,name_tokens_on_page:eden+supported+living; attempt_count:1
193231,Edggbasston Investments Ltd t/a Prince of Wales Nursing Home,edggbasston investments ltd t a prince of wales nursing home,Birmingham,,,Social Care,Worker,Skilled Worker,,practicemanager.pow@nhs.net,,,unverified,,,no_first_party_identity_verified; attempt_count:1
193295,Edinburgh Support Services & Healthcare Training Ltd,edinburgh support services and healthcare training ltd,Edinburgh,Lothian,,Social Care,Worker,Skilled Worker,,,,,unverified,,,no_first_party_identity_verified; attempt_count:0
193489,EF SUPPORT SERVICES LIMITED,ef support services limited,LONDON,,,Social Care,Worker,Skilled Worker,,,,,unverified,,,no_first_party_identity_verified; attempt_count:0
193897,elderly care home ltd,elderly care home ltd,eastbourne,east sussex,South East,Social Care,Worker,Skilled Worker,,,,,unverified,,,no_first_party_identity_verified; attempt_count:0
193913,Eleanor Hodson House Nursing Home,eleanor hodson house nursing home,Caerleon,,,Social Care,Worker,Skilled Worker,,,,,unverified,,,no_first_party_identity_verified; attempt_count:1
194000,Eleeo Limited T/A Engelhard Lodge Care Home,eleeo limited t a engelhard lodge care home,Norwich,,,Social Care,Worker,Skilled Worker,,,,,unverified,,,no_first_party_identity_verified; attempt_count:1
194025,Elegantcare Limited T/A Elegance Nursing Home,elegantcare limited t a elegance nursing home,Kettering,Northamptonshire,East Midlands,Social Care,Worker,Skilled Worker,,,,,unverified,,,no_first_party_identity_verified; attempt_count:1
194107,ELEVATION SUPPORT SERVICES LTD,elevation support services ltd,LONDON,ENGLAND,,Social Care,Worker,Skilled Worker,,,,https://www.elevationsupportservices.co.uk/,high,https://www.elevationsupportservices.co.uk/,SponsorList,name_tokens_on_page:elevation+support;location_on_page; attempt_count:1
194156,Eliezer Supported Living Services Limited,eliezer supported living services limited,Nottingham,Nottinghamshire,East Midlands,Social Care,Worker,Skilled Worker,,,,https://eliezersls.co.uk/,high,https://eliezersls.co.uk/,SponsorList,name_tokens_on_page:eliezer+supported+living;location_on_page; attempt_count:1
194214,Elite Choice Home Care Ltd,elite choice home care ltd,Sayers Common,West Sussex,South East,Social Care,Worker,Skilled Worker,,,,,unverified,,,no_first_party_identity_verified; attempt_count:1
194231,Elite Domiciliary Care Ltd,elite domiciliary care ltd,Newcastle-under-Lyme,,,Social Care,Worker,Skilled Worker,,,,https://elitedomicare.co.uk/,medium,https://elitedomicare.co.uk/,SponsorList,name_tokens_on_page:elite+domiciliary; attempt_count:1
194248,Elite Home Care Services Ltd,elite home care services ltd,Hartlepool,,,Social Care,Worker,Skilled Worker,,,,,unverified,,,no_first_party_identity_verified; attempt_count:1
194291,ELITE SUPPORT SERVICES(LONDON) LTD,elite support services london ltd,London,,,Social Care,Worker,Skilled Worker,,,,https://elitess.co.uk/,high,https://elitess.co.uk/,SponsorList,name_tokens_on_page:elite+support+london;location_on_page; attempt_count:1
194370,ELLIOTT CARE HOME LTD,elliott care home ltd,LEICESTER,,,Social Care,Worker,Skilled Worker,,,,,unverified,,,no_first_party_identity_verified; attempt_count:1
194372,Elliott Home Care Limited,elliott home care limited,Saintfield,Down,Northern Ireland,Social Care,Worker,Skilled Worker,,,,,unverified,,,no_first_party_identity_verified; attempt_count:1
194405,Elm Lea Residential Care Home,elm lea residential care home,Hythe,Kent,South East,Social Care,Worker,Skilled Worker,,,,,unverified,,,no_first_party_identity_verified; attempt_count:1
194416,Elmar Home Care Limited,elmar home care limited,Leeds,,,Social Care,Worker,Skilled Worker,,,,https://www.elmarhomecare.co.uk/,high,https://www.elmarhomecare.co.uk/,SponsorList,name_tokens_on_page:elmar+home;location_on_page; attempt_count:1
194419,Elmcroft Care Home Limited,elmcroft care home limited,Essex,,,Social Care,Worker,Skilled Worker,,,,,unverified,,,no_first_party_identity_verified; attempt_count:1
194429,Elmglade Residential Care Home,elmglade residential care home,Sutton,Surrey,South East,Social Care,Worker,Skilled Worker,,,,,low,https://www.nhs.uk/,SponsorList,possible_lead_not_accepted:only_one_name_token_on_page_without_hostname_match:home; attempt_count:1
194445,Elmsdene Care Home,elmsdene care home,Blackpool,,,Social Care,Worker,Skilled Worker,,,,,unverified,,,no_first_party_identity_verified; attempt_count:1
194452,Elmwood Nursing Homes Ltd - Pinewood Nursing Home,elmwood nursing homes ltd pinewood nursing home,Budleigh Salterton,Devon,South West,Social Care,Worker,Skilled Worker,,manager@ingleboroughnursinghome.com,,https://ingleboroughnursinghome.com/,medium,https://ingleboroughnursinghome.com/,contact_email_domain,name_tokens_on_page:nursing+nursing+home; attempt_count:1
194466,Elpha Lodge Residential Care Home Limited,elpha lodge residential care home limited,Morpeth,Northumberland,North East,Social Care,Worker,Skilled Worker,,,,https://www.cqc.org.uk/,medium,https://www.cqc.org.uk/,SponsorList,name_tokens_on_page:residential+home; attempt_count:1
194484,ELSTREE HOME CARE LTD,elstree home care ltd,Watford,Hertfordshire,East of England,Social Care,Worker,Skilled Worker,,,,,low,https://www.cqc.org.uk/,SponsorList,possible_lead_not_accepted:only_one_name_token_on_page_without_hostname_match:home; attempt_count:1
194533,Elysium Care Ltd T/A Stockton Lodge Care Home,elysium care ltd t a stockton lodge care home,Stockton on Tees,,,Social Care,Worker,Skilled Worker,,careers@ic24.nhs.uk,,,unverified,,,no_first_party_identity_verified; attempt_count:1; contact_email_domain_not_used_as_website_lead
194737,EMJ &GP Ltd trading as Park View Care home,emj and gp ltd trading as park view care home,Neath,Glamorgan,,Social Care,Worker,Skilled Worker,,carlasmith@nhs.net,,https://www.parkview-carehome.co.uk/,high,https://www.parkview-carehome.co.uk/,SponsorList,name_tokens_on_page:park+view+home;location_on_page; attempt_count:2
194763,Emmanuel Care Home Ltd,emmanuel care home ltd,Heanor,,,Social Care,Worker,Skilled Worker,,,,,unverified,,,no_first_party_identity_verified; attempt_count:1
194937,Enable Support Services LTd,enable support services ltd,Yeovil,Somerset,South West,Social Care,Worker,Skilled Worker,,,,https://enableandsupport.co.uk/,high,https://enableandsupport.co.uk/,SponsorList,name_tokens_on_page:enable+support;location_on_page; attempt_count:1
194961,ENBRIDGE HOUSE CARE HOME,enbridge house care home,NEWBURY,BERKSHIRE,South East,Social Care,Worker,Skilled Worker,,,,,unverified,,,no_first_party_identity_verified; attempt_count:1
195501,Envico Supported Living Ltd,envico supported living ltd,Hayes,,,Social Care,Worker,Skilled Worker,,,,https://envicosl.co.uk/,high,https://envicosl.co.uk/,SponsorList,name_tokens_on_page:envico+supported+living;location_on_page; attempt_count:1
195508,Enviro Medical Limited T/a Consiton Care Home,enviro medical limited t a consiton care home,Felixstowe,,,Social Care,Worker,Skilled Worker,,,,,low,https://www.cqc.org.uk/,SponsorList,possible_lead_not_accepted:only_one_name_token_on_page_without_hostname_match:home; attempt_count:1
195838,ER Musah LTD trading as Sizwim Home care,er musah ltd trading as sizwim home care,Hull,,,Social Care,Worker,Skilled Worker,,,,https://sizwimhomecare.co.uk/,high,https://sizwimhomecare.co.uk/,SponsorList,name_tokens_on_page:sizwim+home;location_on_page; attempt_count:1
195913,Eriskay residential care ltd,eriskay residential care ltd,Chepstow,Monmouth,,Social Care,Worker,Skilled Worker,,,,,unverified,,,no_first_party_identity_verified; attempt_count:1
195927,EROS HOME CARE SERVICES LTD,eros home care services ltd,SOUTHPORT,,,Social Care,Worker,Skilled Worker,,,,,unverified,,,no_first_party_identity_verified; attempt_count:1
196106,ESS Education and Support Services,ess education and support services,Langport,Somerset,South West,Social Care,Temporary Worker,Charity Worker,,,,,unverified,,,no_first_party_identity_verified; attempt_count:1
196131,ESSENCE SUPPORTED LIVING LIMITED,essence supported living limited,Barking,,,Social Care,Worker,Skilled Worker,,,,https://essencesupportedliving.uk/,high,https://essencesupportedliving.uk/,SponsorList,name_tokens_on_page:essence+supported+living;location_on_page; attempt_count:1
196198,essington manor care home ltd,essington manor care home ltd,essington,Europe,,Social Care,Worker,Skilled Worker,,,,,unverified,,,no_first_party_identity_verified; attempt_count:1
196799,EVERBRIGHT HOME CARE LTD,everbright home care ltd,WIRRAL,Merseyside,North West,Social Care,Worker,Skilled Worker,,,,,unverified,,,no_first_party_identity_verified; attempt_count:1
196809,Everdale Grange Care Home,everdale grange care home,Leicester,,,Social Care,Worker,Skilled Worker,,,,,unverified,,,no_first_party_identity_verified; attempt_count:1
196810,Eveready Carers Limited,eveready carers limited,London,Surrey,South East,Social Care,Worker,Skilled Worker,,,,https://www.evereadycarers.co.uk/,high,https://www.evereadycarers.co.uk/,SponsorList,name_tokens_on_page:eveready+carers;location_on_page; attempt_count:1
196875,Evergreen House Care Home Limited,evergreen house care home limited,Tamworth,Staffordshire,West Midlands,Social Care,Worker,Skilled Worker,,,,,unverified,,,no_first_party_identity_verified; attempt_count:1
196924,Eversleigh Nursing Home,eversleigh nursing home,Leamington Spa,,,Social Care,Worker,Skilled Worker,,,,,unverified,,,no_first_party_identity_verified; attempt_count:1
197185,Excelle Home Care,excelle home care,romford,essex,East of England,Social Care,Worker,Skilled Worker,,,,,unverified,,,no_first_party_identity_verified; attempt_count:1
197191,Excellence Home Care Limited,excellence home care limited,Meadowfield,Durham,North East,Social Care,Worker,Skilled Worker,,,,,unverified,,,no_first_party_identity_verified; attempt_count:1
197222,Exceptional Support Services,exceptional support services,Nuneaton,Warwickshire,West Midlands,Social Care,Worker,Skilled Worker,,,,https://www.exceptionalsupportservices.co.uk/,high,https://www.exceptionalsupportservices.co.uk/,SponsorList,name_tokens_on_page:exceptional+support;location_on_page; attempt_count:1
197251,Executive Carers Ltd,executive carers ltd,Lichfield,Staffordshire,West Midlands,Social Care,Worker,Skilled Worker,,,,,unverified,,,no_first_party_identity_verified; attempt_count:1
197688,F&A Supported Living Ltd,f and a supported living ltd,Gosport,Hants,,Social Care,Worker,Skilled Worker,,,,https://supportedliving-hampshire.co.uk/,high,https://supportedliving-hampshire.co.uk/,SponsorList,name_tokens_on_page:supported+living;location_on_page; attempt_count:1
197924,FAIRDENE LODGE CARE HOME LIMITED,fairdene lodge care home limited,Hove,,,Social Care,Worker,Skilled Worker,,,,,unverified,,,no_first_party_identity_verified; attempt_count:1
197939,Fairfield Nursing Home,fairfield nursing home,Heswall,Wirral,North West,Social Care,Worker,Skilled Worker,,,,https://fairfieldnh.co.uk/,medium,https://fairfieldnh.co.uk/,SponsorList,name_tokens_on_page:fairfield+nursing+home; attempt_count:1
197943,Fairfields House Support Services Limited,fairfields house support services limited,Stockton-on-Tees,Choose State/Province,,Social Care,Worker,Skilled Worker,,,,,low,https://www.cqc.org.uk/,SponsorList,possible_lead_not_accepted:only_one_name_token_on_page_without_hostname_match:support; attempt_count:1
197945,FAIRHAVEN CARE HOME LIMITED,fairhaven care home limited,Kingston Upon Thames,Surrey,South East,Social Care,Worker,Skilled Worker,,,,,unverified,,,no_first_party_identity_verified; attempt_count:1
197949,Fairholme Nursing Home,fairholme nursing home,Camborne,Cornwall,South West,Social Care,Worker,Skilled Worker,,,,,unverified,,,no_first_party_identity_verified; attempt_count:1
197951,Fairlawns Care Home,fairlawns care home,Armagh,United Kingdom,,Social Care,Worker,Skilled Worker,,,,,unverified,,,no_first_party_identity_verified; attempt_count:1
198021,FAITH HOME CARE LTD,faith home care ltd,Chelmsford,Essex,East of England,Social Care,Worker,Skilled Worker,,,,,unverified,,,no_first_party_identity_verified; attempt_count:1
198133,FALCON SUPPORT SERVICES,falcon support services,LOUGHBOROUGH,LEICESTERSHIRE,East Midlands,Social Care,Worker,Skilled Worker,,,,https://falconsupportservices.org.uk/,high,https://falconsupportservices.org.uk/,SponsorList,name_tokens_on_page:falcon+support;location_on_page; attempt_count:1
198186,Family Care UK Limited T/A Larchmere Nursing Home,family care uk limited t a larchmere nursing home,Cranbrook,Kent,South East,Social Care,Worker,Skilled Worker,,,,,unverified,,,no_first_party_identity_verified; attempt_count:1
198205,FAMILY FIRST RESIDENTIAL CARE HOMES LTD,family first residential care homes ltd,DUNMOW,,,Social Care,Worker,Skilled Worker,,caroline.beard10@nhs.net,,https://www.familyfirstcare.co.uk/,medium,https://www.familyfirstcare.co.uk/,SponsorList,name_tokens_on_page:family+first; attempt_count:2
198347,Farmhouse Care Home Ltd,farmhouse care home ltd,Totton,Southampton,South East,Social Care,Worker,Skilled Worker,,,,,unverified,,,no_first_party_identity_verified; attempt_count:1
198376,Farnworth Nursing Home,farnworth nursing home,Bolton,,,Social Care,Worker,Skilled Worker,,,,,unverified,,,no_first_party_identity_verified; attempt_count:1
198483,FAST SUPPORT SERVICES LTD,fast support services ltd,Warrington,,,Social Care,Worker,Skilled Worker,,,,,low,https://www.nhs.uk/,SponsorList,possible_lead_not_accepted:only_one_name_token_on_page_without_hostname_match:support; attempt_count:1
198575,Fauld Nursing Home,fauld nursing home,Burton-On-Trent,Staffordshire,West Midlands,Social Care,Worker,Skilled Worker,,,,,unverified,,,no_first_party_identity_verified; attempt_count:1
198622,FBC Care Homes Ltd T/A Cherry Holt Care Home,fbc care homes ltd t a cherry holt care home,Retford,Nottinghamshire,East Midlands,Social Care,Worker,Skilled Worker,,,,,unverified,,,no_first_party_identity_verified; attempt_count:1
198815,Fenham Lodge Residential Care Homes Ltd,fenham lodge residential care homes ltd,Chelmsford,Essex,East of England,Social Care,Worker,Skilled Worker,,,,,unverified,,,no_first_party_identity_verified; attempt_count:1
198861,Fern Gardens Care Home,fern gardens care home,Feltham,Middlesex,,Social Care,Worker,Skilled Worker,,,,,unverified,,,no_first_party_identity_verified; attempt_count:0
198862,Fern Hill House Care Home,fern hill house care home,Bacup,Lancashire,North West,Social Care,Worker,Skilled Worker,,,,,unverified,,,no_first_party_identity_verified; attempt_count:0
198900,FERROL LODGE CARE HOME LIMITED,ferrol lodge care home limited,Sale,,,Social Care,Worker,Skilled Worker,,,,,unverified,,,no_first_party_identity_verified; attempt_count:1
199053,Field House Residential Care Home Limited,field house residential care home limited,Fleet Hargate,Spalding,,Social Care,Worker,Skilled Worker,,,,,unverified,,,no_first_party_identity_verified; attempt_count:0
199059,Field View Care Home Ltd,field view care home ltd,Redditch,,,Social Care,Worker,Skilled Worker,,,,,unverified,,,no_first_party_identity_verified; attempt_count:0
199067,Fieldhouse Care Ltd (T/A The Chestnuts Care Home),fieldhouse care ltd t a the chestnuts care home,Normanton,West Yorkshire,Yorkshire and the Humber,Social Care,Worker,Skilled Worker,,careers@ic24.nhs.uk,,,unverified,,,no_first_party_identity_verified; attempt_count:0; contact_email_domain_not_used_as_website_lead
199216,Finch Manor Care Home,finch manor care home,Liverpool,,,Social Care,Worker,Skilled Worker,,,,,unverified,,,no_first_party_identity_verified; attempt_count:0
199218,FINCH SUPPORT SERVICES LTD,finch support services ltd,London,,,Social Care,Worker,Skilled Worker,,,,,unverified,,,no_first_party_identity_verified; attempt_count:0
199256,Fine Care Homes (Stevenage) Ltd T/A Roebuck Nursing Home,fine care homes stevenage ltd t a roebuck nursing home,Stevenage,Hertfordshire,East of England,Social Care,Worker,Skilled Worker,,,,,unverified,,,no_first_party_identity_verified; attempt_count:0
199332,FiNN Home Care Ltd,finn home care ltd,Wantage,,,Social Care,Worker,Skilled Worker,,,,https://www.finnhomecare.co.uk/,high,https://www.finnhomecare.co.uk/,SponsorList,name_tokens_on_page:finn+home;location_on_page; attempt_count:1
199397,Firbanks Supported Living Ltd,firbanks supported living ltd,Petersborough,,,Social Care,Worker,Skilled Worker,,,,,unverified,,,no_first_party_identity_verified; attempt_count:0
199526,First Choice Home Care Ltd,first choice home care ltd,Snetterton,,,Social Care,Worker,Skilled Worker,,caroline.beard10@nhs.net,,,unverified,,,no_first_party_identity_verified; attempt_count:1
199707,Fishbourne Nursing Home,fishbourne nursing home,Ballynahinch,,,Social Care,Worker,Skilled Worker,,,,,unverified,,,no_first_party_identity_verified; attempt_count:1
199798,Five Rise Nursing Home Ltd,five rise nursing home ltd,Bingley,West Yorkshire,Yorkshire and the Humber,Social Care,Worker,Skilled Worker,,,,https://holtfamilycaregroup.co.uk/,high,https://holtfamilycaregroup.co.uk/,SponsorList,name_tokens_on_page:five+rise+nursing+home;location_on_page; attempt_count:1
199814,FIVE STAR SUPPORT SERVICES LIMITED,five star support services limited,Essex,,,Social Care,Worker,Skilled Worker,,,,,low,https://www.cqc.org.uk/,SponsorList,possible_lead_not_accepted:only_one_name_token_on_page_without_hostname_match:support; attempt_count:1
200012,Fleet Valley Care Home,fleet valley care home,Gatehouse of Fleet,,,Social Care,Worker,Skilled Worker,,,,,unverified,,,no_first_party_identity_verified; attempt_count:1
200031,Flemington Care Home Limited,flemington care home limited,Cambuslang,Lanarkshire,,Social Care,Worker,Skilled Worker,,,,,unverified,,,no_first_party_identity_verified; attempt_count:1
200184,Florence Justice Care Home,florence justice care home,Newport,,,Social Care,Worker,Skilled Worker,,,,,unverified,,,no_first_party_identity_verified; attempt_count:1
200394,Focus Care Supported Living Ltd,focus care supported living ltd,Peterborough,,,Social Care,Worker,Skilled Worker,,,,https://fcsupportedliving.co.uk/,high,https://fcsupportedliving.co.uk/,SponsorList,name_tokens_on_page:focus+supported+living;location_on_page; attempt_count:1
200405,Focus Home Care Limited,focus home care limited,West Molesey,Surrey,South East,Social Care,Worker,Skilled Worker,,,,https://focushomecare.net/,high,https://focushomecare.net/,SponsorList,name_tokens_on_page:focus+home;location_on_page; attempt_count:1
200434,Folkestone Nursing Home Ltd,folkestone nursing home ltd,London,,,Social Care,Worker,Skilled Worker,,,,,unverified,,,no_first_party_identity_verified; attempt_count:1
200653,FORD HOUSE CARE HOME LTD,ford house care home ltd,ST NEOTS,CAMBRIDGESHIRE,East of England,Social Care,Worker,Skilled Worker,,,,,unverified,,,no_first_party_identity_verified; attempt_count:1
200717,forest grange care home,forest grange care home,birmingham,,,Social Care,Worker,Skilled Worker,,,,,unverified,,,no_first_party_identity_verified; attempt_count:1
200727,Forest Manor Care Home,forest manor care home,Nottingham,Nottinghamshire,East Midlands,Social Care,Worker,Skilled Worker,,,,,unverified,,,no_first_party_identity_verified; attempt_count:1
200731,Forest of Dean Crossroads - Caring for Carers Limited,forest of dean crossroads caring for carers limited,Cinderford,Gloucestershire,South West,Social Care,Worker,Skilled Worker,,,,https://www.crossroadsglos.org.uk/,high,https://www.crossroadsglos.org.uk/,SponsorList,name_tokens_on_page:forest+dean+crossroads+caring+carers;location_on_page; attempt_count:1
200736,Forest Residential Care Homes Ltd,forest residential care homes ltd,London,Greater London,London,Social Care,Worker,Skilled Worker,,,,,unverified,,,no_first_party_identity_verified; attempt_count:1
200741,Forest View Residential Care Home,forest view residential care home,WALTHAMSTOW,,,Social Care,Worker,Skilled Worker,,,,,unverified,,,no_first_party_identity_verified; attempt_count:1
200795,Forget Me Not Home Care Ltd,forget me not home care ltd,Sleaford,,,Social Care,Worker,Skilled Worker,,,,,unverified,,,no_first_party_identity_verified; attempt_count:1
200873,FORT HORSTED CARE HOME LTD T/A Fort Horsted Nursing Home,fort horsted care home ltd t a fort horsted nursing home,Chatham,,,Social Care,Worker,Skilled Worker,,manager@ingleboroughnursinghome.com,,https://ingleboroughnursinghome.com/,medium,https://ingleboroughnursinghome.com/,contact_email_domain,name_tokens_on_page:nursing+home; attempt_count:1
200881,FORTE SUPPORT SERVICES LIMITED,forte support services limited,ESSEX,,,Social Care,Worker,Skilled Worker,,,,https://www.forteservices.co.uk/,high,https://www.forteservices.co.uk/,SponsorList,name_tokens_on_page:forte+support;location_on_page; attempt_count:1
201052,Found8tions Youth Support Services Ltd.,found8tions youth support services ltd,London,,,Social Care,Worker,Skilled Worker,,,,,unverified,,,no_first_party_identity_verified; attempt_count:1
201083,Fountain Lodge Care Home Ltd,fountain lodge care home ltd,Coventry,,,Social Care,Worker,Skilled Worker,,,,,unverified,,,no_first_party_identity_verified; attempt_count:1
201085,Fountain Nursing Home,fountain nursing home,Birmingham,West Midlands,West Midlands,Social Care,Worker,Skilled Worker,,,,,unverified,,,no_first_party_identity_verified; attempt_count:1
201192,FOXBY HILL CARE HOME LIMITED,foxby hill care home limited,GAINSBOROUGH,,,Social Care,Worker,Skilled Worker,,,,,unverified,,,no_first_party_identity_verified; attempt_count:1
201193,Foxby Hill Care Home Ltd,foxby hill care home ltd,Gainsborough,Lincolnshire,East Midlands,Social Care,Worker,Skilled Worker,,,,,unverified,,,no_first_party_identity_verified; attempt_count:1
201195,Foxearth Lodge Nursing Home,foxearth lodge nursing home,Woodbridge,Suffolk,East of England,Social Care,Worker,Skilled Worker,,,,,unverified,,,no_first_party_identity_verified; attempt_count:1
201200,Foxglove Supported Living Limited,foxglove supported living limited,Hull,East Yorkshire,Yorkshire and the Humber,Social Care,Worker,Skilled Worker,,,,https://www.foxglovecare.co.uk/,high,https://www.foxglovecare.co.uk/,SponsorList,name_tokens_on_page:foxglove+supported+living;location_on_page; attempt_count:1
201202,Foxholes Nursing Home Limited,foxholes nursing home limited,Hertfordshire,,,Social Care,Worker,Skilled Worker,,,,,unverified,,,no_first_party_identity_verified; attempt_count:1
201204,Foxleigh Grove Nursing Home,foxleigh grove nursing home,Maidenhead,Berkshire,South East,Social Care,Worker,Skilled Worker,,,,https://www.foxleighgrove.co.uk/,high,https://www.foxleighgrove.co.uk/,SponsorList,name_tokens_on_page:foxleigh+grove+nursing+home;location_on_page; attempt_count:1
201365,Fraser Home Care Ltd,fraser home care ltd,Inverness,Inverness-Shire,,Social Care,Worker,Skilled Worker,,,,,unverified,,,no_first_party_identity_verified; attempt_count:1
201511,Freivan Support Services Ltd,freivan support services ltd,Barking,,,Social Care,Worker,Skilled Worker,,,,https://www.freivan.co.uk/,high,https://www.freivan.co.uk/,SponsorList,name_tokens_on_page:freivan+support;name_tokens_on_host:freivan;location_on_page; attempt_count:1
201721,FRIERN RESIDENTIAL CARE HOME,friern residential care home,London,,,Social Care,Worker,Skilled Worker,,,,,unverified,,,no_first_party_identity_verified; attempt_count:0
201761,Fronhaul and Brookfield Care Home Ltd,fronhaul and brookfield care home ltd,Carmarthen,Carmarthenshire,Wales,Social Care,Worker,Skilled Worker,,,,,unverified,,,no_first_party_identity_verified; attempt_count:1
201793,Frontier Support Services,frontier support services,South Croydon,,,Social Care,Worker,Skilled Worker,,,,,unverified,,,no_first_party_identity_verified; attempt_count:1
201989,Fulford Nursing Home,fulford nursing home,York,North Yorkshire,Yorkshire and the Humber,Social Care,Worker,Skilled Worker,,,,,unverified,,,no_first_party_identity_verified; attempt_count:1
202247,Future Success Adult Supported Living Limited,future success adult supported living limited,Colne,Lancashire,North West,Social Care,Worker,Skilled Worker,,,,,unverified,,,no_first_party_identity_verified; attempt_count:1
202324,Fylde Care Group Limited t/a Rose House Residential Care Home,fylde care group limited t a rose house residential care home,Lytham ST ANNES,Lancashire,North West,Social Care,Worker,Skilled Worker,,careers@ghhospicecare.org.uk,,,unverified,,,no_first_party_identity_verified; attempt_count:2
202393,G Hill Ltd T/A Cornmill Nursing Home,g hill ltd t a cornmill nursing home,Preston,Lancashire,North West,Social Care,Worker,Skilled Worker,,,,,unverified,,,no_first_party_identity_verified; attempt_count:1
202413,G Rose Care Ltd T/A Lavender Lodge Care home,g rose care ltd t a lavender lodge care home,Blackpool,Lancashire,North West,Social Care,Worker,Skilled Worker,,careers@ic24.nhs.uk,,,unverified,,,no_first_party_identity_verified; attempt_count:1; contact_email_domain_not_used_as_website_lead
202896,Garden Residential Care Home,garden residential care home,Peterborough,Cambridgeshire,East of England,Social Care,Worker,Skilled Worker,,,,,unverified,,,no_first_party_identity_verified; attempt_count:0
202929,Garioch Care Home,garioch care home,Inverurie,,,Social Care,Worker,Skilled Worker,,,,,unverified,,,no_first_party_identity_verified; attempt_count:0
202960,Garsewednack Care Home Ltd,garsewednack care home ltd,Cornwall,Please select,,Social Care,Worker,Skilled Worker,,,,,unverified,,,no_first_party_identity_verified; attempt_count:0
202964,Garson House Care Home,garson house care home,Lynton,Devon,South West,Social Care,Worker,Skilled Worker,,,,,unverified,,,no_first_party_identity_verified; attempt_count:0
203552,GENIUS SUPPORT SERVICES LTD,genius support services ltd,Rainham,Essex,East of England,Social Care,Worker,Skilled Worker,,,,,unverified,,,no_first_party_identity_verified; attempt_count:0
203605,Genuine Carers Ltd,genuine carers ltd,Huddersfield,West Yorkshire,Yorkshire and the Humber,Social Care,Worker,Skilled Worker,,,,,unverified,,,no_first_party_identity_verified; attempt_count:1
203670,George Potter Care Home Limited,george potter care home limited,Egham,Surrey,South East,Social Care,Worker,Skilled Worker,,,,https://georgepotterhouseofbattersea.co.uk/,medium,https://georgepotterhouseofbattersea.co.uk/,SponsorList,name_tokens_on_page:george+potter+home; attempt_count:1
203696,Georgian House Nursing Home,georgian house nursing home,Ealing,London,London,Social Care,Worker,Skilled Worker,,,,,unverified,,,no_first_party_identity_verified; attempt_count:1
203943,Ghyll Royd Nursing Home,ghyll royd nursing home,Guiseley,Leeds,Yorkshire and the Humber,Social Care,Worker,Skilled Worker,,,,,unverified,,,no_first_party_identity_verified; attempt_count:1
204098,Gillaroo Lodge Nursing Home Limited,gillaroo lodge nursing home limited,Larne,Antrim,Northern Ireland,Social Care,Worker,Skilled Worker,,,,,unverified,,,no_first_party_identity_verified; attempt_count:1
204179,Girlington Nursing Home Limited T/A Britannia Care,girlington nursing home limited t a britannia care,Bradford,West Yorkshire,Yorkshire and the Humber,Social Care,Worker,Skilled Worker,,,,,unverified,,,no_first_party_identity_verified; attempt_count:1
204301,GLAIS HOUSE NURSING HOME,glais house nursing home,SWANSEA,,,Social Care,Worker,Skilled Worker,,,,,unverified,,,no_first_party_identity_verified; attempt_count:1
204394,GLEAMING SUPPORT SERVICES LIMITED,gleaming support services limited,Sevenkings,,,Social Care,Worker,Skilled Worker,,,,,unverified,,,no_first_party_identity_verified; attempt_count:0
204443,Glencoe Care Limited t/a Glencoe Nursing Home,glencoe care limited t a glencoe nursing home,Hayle,Cornwall,South West,Social Care,Worker,Skilled Worker,,,,,unverified,,,no_first_party_identity_verified; attempt_count:1
204466,Glendun Nursing Home Limited,glendun nursing home limited,Ballymena,Antrim,Northern Ireland,Social Care,Worker,Skilled Worker,,,,,unverified,,,no_first_party_identity_verified; attempt_count:1
204468,Glenfield House Nursing Home,glenfield house nursing home,Birmingham,,,Social Care,Worker,Skilled Worker,,,,,unverified,,,no_first_party_identity_verified; attempt_count:1
204470,Glenfields Care Home Limited,glenfields care home limited,Driffield,North Humberside,,Social Care,Worker,Skilled Worker,,,,https://www.glenfieldscarehome.co.uk/,high,https://www.glenfieldscarehome.co.uk/,SponsorList,name_tokens_on_page:glenfields+home;location_on_page; attempt_count:1
204482,Glenkindie Lodge Residential Care Home,glenkindie lodge residential care home,Desborough,Northamptonshire,East Midlands,Social Care,Worker,Skilled Worker,,,,,unverified,,,no_first_party_identity_verified; attempt_count:1
204483,Glenkindie Lodge Residential Care Home,glenkindie lodge residential care home,Desborough,Northamptonshire,East Midlands,Social Care,Worker,Skilled Worker,,,,,unverified,,,no_first_party_identity_verified; attempt_count:1
204907,Globe Court Care Home Ltd,globe court care home ltd,London,,,Social Care,Worker,Skilled Worker,,,,,unverified,,,no_first_party_identity_verified; attempt_count:1
205457,Golden Manor Healthcare (Ealing) Ltd TA Charlton Grange Care Home,golden manor healthcare ealing ltd ta charlton grange care home,Shepperton,,,Social Care,Worker,Skilled Worker,,,,,unverified,,,no_first_party_identity_verified; attempt_count:1
205502,Goldendale House Care Home,goldendale house care home,Stoke-on-Trent,,,Social Care,Worker,Skilled Worker,,,,,unverified,,,no_first_party_identity_verified; attempt_count:0
205790,Gorselands Nursing Home,gorselands nursing home,Burley,Hampshire,South East,Social Care,Worker,Skilled Worker,,,,,unverified,,,no_first_party_identity_verified; attempt_count:0
205990,Grace House Care Home Ltd,grace house care home ltd,Farnham,Surrey,South East,Social Care,Worker,Skilled Worker,,,,,unverified,,,no_first_party_identity_verified; attempt_count:1
206014,Gracefield Nursing & Residential Care Home,gracefield nursing and residential care home,Cambridge,Cambridgeshire,East of England,Social Care,Worker,Skilled Worker,,,,,unverified,,,no_first_party_identity_verified; attempt_count:1
206190,Grange Cottage Residential Care Home,grange cottage residential care home,Grange Over Sands,Cumbria,North West,Social Care,Worker,Skilled Worker,,,,,unverified,,,no_first_party_identity_verified; attempt_count:1
206204,Grangefield Residential Care Home,grangefield residential care home,Northampton,,,Social Care,Worker,Skilled Worker,,,,,unverified,,,no_first_party_identity_verified; attempt_count:1
206373,Great Care Home Health Care Services Ltd,great care home health care services ltd,Oldbury,,,Social Care,Worker,Skilled Worker,,careers@ic24.nhs.uk,,,unverified,,,no_first_party_identity_verified; attempt_count:1; contact_email_domain_not_used_as_website_lead
206412,Great North Home Care,great north home care,Newcastle upon Tyne,,,Social Care,Worker,Skilled Worker,,sue.bushell@nhs.net,,,unverified,,,no_first_party_identity_verified; attempt_count:2
206613,Green Pastures Christian Nursing Home,green pastures christian nursing home,Banbury,Oxon,,Social Care,Worker,Skilled Worker,,,,,unverified,,,no_first_party_identity_verified; attempt_count:1
206618,Green Range LTD T/A The Willows Care Home,green range ltd t a the willows care home,London,,,Social Care,Worker,Skilled Worker,,,,,low,https://www.cqc.org.uk/,SponsorList,possible_lead_not_accepted:only_one_name_token_on_page_without_hostname_match:home; attempt_count:1
206644,Green Trees Care Home,green trees care home,Barnet,Hertfordshire,East of England,Social Care,Worker,Skilled Worker,,,,,unverified,,,no_first_party_identity_verified; attempt_count:1
206656,Greenacres Care Home,greenacres care home,Caistor,Lincolnshire,East Midlands,Social Care,Worker,Skilled Worker,,,,,unverified,,,no_first_party_identity_verified; attempt_count:1
206659,Greenacres Nursing Home Ltd,greenacres nursing home ltd,Liverpool,,,Social Care,Worker,Skilled Worker,,,,,unverified,,,no_first_party_identity_verified; attempt_count:1
206666,Greenbanks Residential Care Home,greenbanks residential care home,Maidstone,Kent,South East,Social Care,Worker,Skilled Worker,,,,,unverified,,,no_first_party_identity_verified; attempt_count:1
206694,Greenfield Care Home,greenfield care home,Mitcham,,,Social Care,Worker,Skilled Worker,,,,,unverified,,,no_first_party_identity_verified; attempt_count:1
206747,Greenmantle Care Home Limited,greenmantle care home limited,Woodford Green,,,Social Care,Worker,Skilled Worker,,,,,unverified,,,no_first_party_identity_verified; attempt_count:1
206757,Greenpark Private Nursing Home Ltd,greenpark private nursing home ltd,Armagh,Armagh,Northern Ireland,Social Care,Worker,Skilled Worker,,,,,unverified,,,no_first_party_identity_verified; attempt_count:1
206786,GREENSLEEVES RESIDENTIAL CARE HOME LIMITED,greensleeves residential care home limited,Southampton,Hampshire,South East,Social Care,Worker,Skilled Worker,,,,,unverified,,,no_first_party_identity_verified; attempt_count:2
206851,GreenZone Cleaning and Support Services Ltd,greenzone cleaning and support services ltd,London,,,Social Care,Worker,Skilled Worker,,,,https://www.gzcss.co.uk/,high,https://www.gzcss.co.uk/,SponsorList,name_tokens_on_page:greenzone+cleaning+support;location_on_page; attempt_count:1
206880,Gresham Care Home,gresham care home,Great Yarmouth,Norfolk,East of England,Social Care,Worker,Skilled Worker,,,,,unverified,,,no_first_party_identity_verified; attempt_count:1
206930,Greystones Nursing Home Ltd,greystones nursing home ltd,Bradford,,,Social Care,Worker,Skilled Worker,,,,,unverified,,,no_first_party_identity_verified; attempt_count:1
207108,Grove Hill Care Home,grove hill care home,Highworth,,,Social Care,Worker,Skilled Worker,,,,,unverified,,,no_first_party_identity_verified; attempt_count:1
207369,GUARDIAN SUPPORTED LIVING LIMITED,guardian supported living limited,Birmingham,West Midlands,West Midlands,Social Care,Worker,Skilled Worker,,,,https://guardiansl.com/,high,https://guardiansl.com/,SponsorList,name_tokens_on_page:guardian+supported+living;location_on_page; attempt_count:1
207783,Gwernllwyn Care Home,gwernllwyn care home,Llanelli,Casrmarthenshire,,Social Care,Worker,Skilled Worker,,,,,unverified,,,no_first_party_identity_verified; attempt_count:1
207934,H&E COMMUNITY SUPPORT SERVICES LTD,h and e community support services ltd,Manchester,England,,Social Care,Worker,Skilled Worker,,,,,unverified,,,no_first_party_identity_verified; attempt_count:0
208016,H.McCambridge Ltd t/a Somerton Private Nursing Home,h mccambridge ltd t a somerton private nursing home,Belfast,County Antrim,,Social Care,Worker,Skilled Worker,,,,,unverified,,,no_first_party_identity_verified; attempt_count:1
208101,Habitat Support services LTD,habitat support services ltd,FAREHAM,Hampshire,South East,Social Care,Worker,Skilled Worker,,,,,unverified,,,no_first_party_identity_verified; attempt_count:1
208221,Haighfield Care Home,haighfield care home,Wigan,Greater Manchester,North West,Social Care,Worker,Skilled Worker,,,,,unverified,,,no_first_party_identity_verified; attempt_count:0
208436,Halwill Manor Nursing Home,halwill manor nursing home,Beaworthy,Devon,South West,Social Care,Worker,Skilled Worker,,,,,unverified,,,no_first_party_identity_verified; attempt_count:0
208492,Hamilton Nursing Home Limited,hamilton nursing home limited,Ballyclare,County Antrim,,Social Care,Worker,Skilled Worker,,,,,unverified,,,no_first_party_identity_verified; attempt_count:0
208589,Hamshaw Care Home Ltd,hamshaw care home ltd,Heanor,,,Social Care,Worker,Skilled Worker,,,,,unverified,,,no_first_party_identity_verified; attempt_count:0
208657,Hands in Harmony Home Care Services Ltd,hands in harmony home care services ltd,Milton Keynes,Buckinghamshire,South East,Social Care,Worker,Skilled Worker,,,,,unverified,,,no_first_party_identity_verified; attempt_count:0
208788,Hanumaan Limited T/A Blyth Country House Care Home,hanumaan limited t a blyth country house care home,Worksop,Nottinghamshire,East Midlands,Social Care,Worker,Skilled Worker,,,,,unverified,,,no_first_party_identity_verified; attempt_count:1
208928,Harbour Rise Care Home,harbour rise care home,Paignton,Devon,South West,Social Care,Worker,Skilled Worker,,,,,unverified,,,no_first_party_identity_verified; attempt_count:0
209039,Harlequin Home Care Ltd,harlequin home care ltd,Llantrisant,,,Social Care,Worker,Skilled Worker,,,,,unverified,,,no_first_party_identity_verified; attempt_count:1
209047,HARLEY HOUSE SUPPORTED LIVING LTD,harley house supported living ltd,COLCHESTER,,,Social Care,Worker,Skilled Worker,,,,,unverified,,,no_first_party_identity_verified; attempt_count:1
209109,Harmony Homes(HH) LImited T/A Harmony Supported Living,harmony homes hh limited t a harmony supported living,Banstead,Surrey,South East,Social Care,Worker,Skilled Worker,,,,,unverified,,,no_first_party_identity_verified; attempt_count:1
209233,HARROWBY LODGE NURSING HOME LIMITED,harrowby lodge nursing home limited,grantham,,,Social Care,Worker,Skilled Worker,,,,,unverified,,,no_first_party_identity_verified; attempt_count:1
209282,Hartlands Care Home Limited,hartlands care home limited,Shrewsbury,Shropshire,West Midlands,Social Care,Worker,Skilled Worker,,,,,unverified,,,no_first_party_identity_verified; attempt_count:1
209286,Hartley Home Care Limited,hartley home care limited,Camelford,Cornwall,South West,Social Care,Worker,Skilled Worker,,,,,unverified,,,no_first_party_identity_verified; attempt_count:1
209309,Hartwood House Care Home,hartwood house care home,Lyndhurst,New Hampshire,,Social Care,Worker,Skilled Worker,,,,,unverified,,,no_first_party_identity_verified; attempt_count:1
209359,Harveys Healthcare (Scotland) Ltd T/A Bute house Care home,harveys healthcare scotland ltd t a bute house care home,Cumnock,,,Social Care,Worker,Skilled Worker,,,,,unverified,,,no_first_party_identity_verified; attempt_count:1
209360,Harveys Healthcare Limited T/A Queensberry Care Home,harveys healthcare limited t a queensberry care home,Dumfriesshire,Scotland,Scotland,Social Care,Worker,Skilled Worker,,,,,unverified,,,no_first_party_identity_verified; attempt_count:1
209379,Hasbury Home Care Services Ltd,hasbury home care services ltd,Birmingham,,,Social Care,Worker,Skilled Worker,,,,,unverified,,,no_first_party_identity_verified; attempt_count:1
209452,HATCHMOOR NURSING HOME LTD,hatchmoor nursing home ltd,GREAT TORRINGTON,DEVON,South West,Social Care,Worker,Skilled Worker,,,,,unverified,,,no_first_party_identity_verified; attempt_count:0
209456,HATFIELD LODGE CARE HOME LIMITED,hatfield lodge care home limited,Folkestone,,,Social Care,Worker,Skilled Worker,,,,,unverified,,,no_first_party_identity_verified; attempt_count:0
209463,Hatherley Care Home Ltd,hatherley care home ltd,Saffron Walden,Essex,East of England,Social Care,Worker,Skilled Worker,,,,,unverified,,,no_first_party_identity_verified; attempt_count:0
209532,HAVEN CARE SUPPORT SERVICES LIMITED,haven care support services limited,Gravesend,Kent,South East,Social Care,Worker,Skilled Worker,,,,,unverified,,,no_first_party_identity_verified; attempt_count:0
209537,HAVEN RESIDENTIAL CARE LTD,haven residential care ltd,LONDON,,,Social Care,Worker,Skilled Worker,,,,https://www.thehavenresidentialhome.co.uk/,medium,https://www.thehavenresidentialhome.co.uk/,SponsorList,name_tokens_on_page:haven+residential; attempt_count:1
209538,Haven Rose Residential Care Home Ltd,haven rose residential care home ltd,Southampton,,,Social Care,Worker,Skilled Worker,,,,,unverified,,,no_first_party_identity_verified; attempt_count:0
209583,Hawkeye Security Support Services Ltd,hawkeye security support services ltd,London,England,,Social Care,Worker,Skilled Worker,,,,,unverified,,,no_first_party_identity_verified; attempt_count:0
209612,Hawthorne Nursing Home,hawthorne nursing home,Nottingham,,,Social Care,Worker,Skilled Worker,,,,,unverified,,,no_first_party_identity_verified; attempt_count:0
209653,HAYES COTTAGE NURSING HOME LIMITED,hayes cottage nursing home limited,HAYES,MIDDLESEX,,Social Care,Worker,Skilled Worker,,,,,unverified,,,no_first_party_identity_verified; attempt_count:0
209654,HAYES COURT CARE HOME,hayes court care home,SURREY,,,Social Care,Worker,Skilled Worker,,,,,unverified,,,no_first_party_identity_verified; attempt_count:0
209727,HAZELGROVE HEALTHCARE LTD  (T/A HAZELGROVE NURSING HOME),hazelgrove healthcare ltd t a hazelgrove nursing home,Harrow,Middlesex,,Social Care,Worker,Skilled Worker,,,,,unverified,,,no_first_party_identity_verified; attempt_count:0
209731,HAZELMERE NURSING HOME,hazelmere nursing home,BEXHILL ON SEA,,,Social Care,Worker,Skilled Worker,,,,,unverified,,,no_first_party_identity_verified; attempt_count:0
209737,Hazelwell Care Home,hazelwell care home,Heswall,,,Social Care,Worker,Skilled Worker,,,,,unverified,,,no_first_party_identity_verified; attempt_count:0
209855,HD2 CARE SUPPORT SERVICES,hd2 care support services,CRAYFORD,,,Social Care,Worker,Skilled Worker,,,,,unverified,,,no_first_party_identity_verified; attempt_count:0
209906,Headstart Residential Care,headstart residential care,Ninfield,East Sussex,South East,Social Care,Worker,Skilled Worker,,,,,unverified,,,no_first_party_identity_verified; attempt_count:0
209974,Healthcare Education Student Support Services Limited,healthcare education student support services limited,Newcastle Upon Tyne,,,Social Care,Worker,Skilled Worker,,,,https://www.heinfo.slc.co.uk/,medium,https://www.heinfo.slc.co.uk/,SponsorList,name_tokens_on_page:education+student+support; attempt_count:1
210031,Healthy Home Care Services Ltd,healthy home care services ltd,Boston,Lincolnshire,East Midlands,Social Care,Worker,Skilled Worker,,,,,unverified,,,no_first_party_identity_verified; attempt_count:0
210125,Heathcote Care Home,heathcote care home,Swanage,Dorset,South West,Social Care,Worker,Skilled Worker,,,,,unverified,,,no_first_party_identity_verified; attempt_count:1
210135,HEATHERLAND CARE LTD T/A WOODLANDS CARE HOME,heatherland care ltd t a woodlands care home,WATERLOOVILLE,HAMPSHIRE,South East,Social Care,Worker,Skilled Worker,,careers@ic24.nhs.uk,,,unverified,,,no_first_party_identity_verified; attempt_count:1; contact_email_domain_not_used_as_website_lead
210138,HEATHERWOOD NURSING HOME,heatherwood nursing home,PURLEY,SURREY,South East,Social Care,Worker,Skilled Worker,,,,,unverified,,,no_first_party_identity_verified; attempt_count:1
210147,Heathfield Residential Care Ltd,heathfield residential care ltd,Grappenhall,Warrington,North West,Social Care,Worker,Skilled Worker,,,,https://www.heathfieldresidentialhome.co.uk/,high,https://www.heathfieldresidentialhome.co.uk/,SponsorList,name_tokens_on_page:heathfield+residential;location_on_page; attempt_count:1
210153,Heathland House Care Home,heathland house care home,Ferndown,Dorset,South West,Social Care,Worker,Skilled Worker,,,,https://www.cinnamoncc.com/,high,https://www.cinnamoncc.com/,SponsorList,name_tokens_on_page:heathland+house+home;location_on_page; attempt_count:1
210188,HEATON HOUSE CARE HOME,heaton house care home,WORTHING,,,Social Care,Worker,Skilled Worker,,,,,unverified,,,no_first_party_identity_verified; attempt_count:1
210227,HEBRON HOUSE NURSING HOME LTD,hebron house nursing home ltd,Nairn,Highland,Scotland,Social Care,Worker,Skilled Worker,,,,,unverified,,,no_first_party_identity_verified; attempt_count:1
210372,HELP @ HOME CARE LIMITED,help home care limited,"Wallsend, Tyne And Wear",,,Social Care,Worker,Skilled Worker,,,,,low,https://duckduckgo.com/,SponsorList,possible_lead_not_accepted:only_one_name_token_on_page_without_hostname_match:help; attempt_count:1
210375,HELP AT HOME CARE SERVICE LTD,help at home care service ltd,FALMOUTH,CORNWALL,South West,Social Care,Worker,Skilled Worker,,,,,low,https://duckduckgo.com/,SponsorList,possible_lead_not_accepted:only_one_name_token_on_page_without_hostname_match:help; attempt_count:1
210385,Helping Hand Care Home Limited T/A Goodwood Orchard Care Home,helping hand care home limited t a goodwood orchard care home,Leicester,,,Social Care,Worker,Skilled Worker,,recruitment@akaricare.co.uk,,,low,https://akaricare.co.uk/,contact_email_domain,possible_lead_not_accepted:only_one_name_token_on_page_without_hostname_match:home; attempt_count:2
210445,Hengoed Court Care Home Limited,hengoed court care home limited,Swansea,West Glamorgan,,Social Care,Worker,Skilled Worker,,,,https://www.hengoedcare.co.uk/,high,https://www.hengoedcare.co.uk/,SponsorList,name_tokens_on_page:hengoed+court+home;location_on_page; attempt_count:1
210501,Henshall and Sheehy Support Services Limited,henshall and sheehy support services limited,London,,,Social Care,Worker,Skilled Worker,,,,https://hssupport.co.uk/,high,https://hssupport.co.uk/,SponsorList,name_tokens_on_page:henshall+sheehy+support;location_on_page; attempt_count:1
210599,Hermes Care Ltd t/a Swinton Grange Care Home,hermes care ltd t a swinton grange care home,Rotherham,,,Social Care,Worker,Skilled Worker,,careers@ic24.nhs.uk,,https://hermescare.co.uk/,high,https://hermescare.co.uk/,SponsorList,name_tokens_on_page:swinton+grange+home;location_on_page; attempt_count:1; contact_email_domain_not_used_as_website_lead
210618,Heron Hill Care Home,heron hill care home,Cumbria,,,Social Care,Worker,Skilled Worker,,,,,unverified,,,no_first_party_identity_verified; attempt_count:1
210733,HEXIS SUPPORT SERVICES LTD,hexis support services ltd,London,,,Social Care,Worker,Skilled Worker,,,,,unverified,,,no_first_party_identity_verified; attempt_count:1
210758,Heydays Care & Support Services LTD,heydays care and support services ltd,Barrow in Furnes,Cumbria,North West,Social Care,Worker,Skilled Worker,,,,,unverified,,,no_first_party_identity_verified; attempt_count:1
210846,Hi Flyers Home Care,hi flyers home care,Preston.,Lancashire,North West,Social Care,Worker,Skilled Worker,,,,,unverified,,,no_first_party_identity_verified; attempt_count:1
210874,Hiba Home Care Ltd,hiba home care ltd,London,,,Social Care,Worker,Skilled Worker,,,,,unverified,,,no_first_party_identity_verified; attempt_count:1
210958,High Peak Carers Ltd,high peak carers ltd,Buxton,,,Social Care,Worker,Skilled Worker,,,,,unverified,,,no_first_party_identity_verified; attempt_count:1
210991,High Wray Residential Care Home,high wray residential care home,Ormskirk,,,Social Care,Worker,Skilled Worker,,,,,unverified,,,no_first_party_identity_verified; attempt_count:1
210999,Highborder Care Home Gloucestershire Limited,highborder care home gloucestershire limited,Stroud,Gloucestershire,South West,Social Care,Worker,Skilled Worker,,rachael.smith@ghc.nhs.uk,,https://www.highborderlodge.co.uk/,high,https://www.highborderlodge.co.uk/,SponsorList,name_tokens_on_page:highborder+home+gloucestershire;location_on_page; attempt_count:1; contact_email_domain_not_used_as_website_lead
211013,Highcroft Care Home,highcroft care home,Weston Super Mare,,,Social Care,Worker,Skilled Worker,,,,,unverified,,,no_first_party_identity_verified; attempt_count:1
211035,Highfield House Residential Care Home Limited T/A Highfield House,highfield house residential care home limited t a highfield house,Isleworth,,,Social Care,Worker,Skilled Worker,,careers@ghhospicecare.org.uk,,,unverified,,,no_first_party_identity_verified; attempt_count:2
211052,Highgrove House Care Home Ltd,highgrove house care home ltd,Worthing,West Sussex,South East,Social Care,Worker,Skilled Worker,,,,,unverified,,,no_first_party_identity_verified; attempt_count:1
211070,Highlands Borders Care Home Ltd,highlands borders care home ltd,Exeter,Devon,South West,Social Care,Worker,Skilled Worker,,,,,unverified,,,no_first_party_identity_verified; attempt_count:1
211109,Highwell House Nursing Home,highwell house nursing home,Bromyard,Herefordshire,West Midlands,Social Care,Worker,Skilled Worker,,,,,unverified,,,no_first_party_identity_verified; attempt_count:1
211155,Hill House  Residential care home,hill house residential care home,Huntingdon,,,Social Care,Worker,Skilled Worker,,,,,unverified,,,no_first_party_identity_verified; attempt_count:1
211158,Hill House Nursing Home Limited,hill house nursing home limited,Kenley,Surrey,South East,Social Care,Worker,Skilled Worker,,,,,unverified,,,no_first_party_identity_verified; attempt_count:1
211166,HILL VIEW CARE HOME,hill view care home,BARGOED,,,Social Care,Worker,Skilled Worker,,,,,unverified,,,no_first_party_identity_verified; attempt_count:0
211167,Hill View Care Home,hill view care home,Camberley,Surrey,South East,Social Care,Worker,Skilled Worker,,,,,unverified,,,no_first_party_identity_verified; attempt_count:1
211174,Hillcrest and Lyndale Care and Support Services Limited,hillcrest and lyndale care and support services limited,Pontefract,West Yorkshire,Yorkshire and the Humber,Social Care,Worker,Skilled Worker,,,,,unverified,,,no_first_party_identity_verified; attempt_count:1
211181,Hillcroft Care Home Limited,hillcroft care home limited,Wordsley,Stourbridge,,Social Care,Worker,Skilled Worker,,,,,unverified,,,no_first_party_identity_verified; attempt_count:1
211183,Hillcroft Residential Care Home,hillcroft residential care home,Aughton,Lancashire,North West,Social Care,Worker,Skilled Worker,,,,,unverified,,,no_first_party_identity_verified; attempt_count:1
211184,Hillcroft Residential Care Home Limited,hillcroft residential care home limited,Llandaff,Cardiff,Wales,Social Care,Worker,Skilled Worker,,,,,unverified,,,no_first_party_identity_verified; attempt_count:1
211185,Hilldales Residential Care Home Ltd,hilldales residential care home ltd,Ilfracombe,North Devon,,Social Care,Worker,Skilled Worker,,,,,unverified,,,no_first_party_identity_verified; attempt_count:1
211205,Hillside Lodge Care Home,hillside lodge care home,Berwick-upon-tweed,,,Social Care,Worker,Skilled Worker,,,,,unverified,,,no_first_party_identity_verified; attempt_count:1
211206,Hillside Nursing Home,hillside nursing home,Aylesbury,Buckinghamshire,South East,Social Care,Worker,Skilled Worker,,,,https://www.goldcarehomes.com/,high,https://www.goldcarehomes.com/,SponsorList,name_tokens_on_page:hillside+nursing+home;location_on_page; attempt_count:1
211790,Holbrook Hall Care Home,holbrook hall care home,Derby,Derbyshire,East Midlands,Social Care,Worker,Skilled Worker,,,,,unverified,,,no_first_party_identity_verified; attempt_count:1
211854,Hollin Knowle Residential Care Home,hollin knowle residential care home,Buxton,Derbyshire,East Midlands,Social Care,Worker,Skilled Worker,,,,,unverified,,,no_first_party_identity_verified; attempt_count:1
211884,Hollybank Care Home Ltd,hollybank care home ltd,Wrexham,,,Social Care,Worker,Skilled Worker,,,,,unverified,,,no_first_party_identity_verified; attempt_count:1
211936,Holmwood Meadows Supported Living,holmwood meadows supported living,Leicester,Leicestershire,East Midlands,Social Care,Worker,Skilled Worker,,,,,unverified,,,no_first_party_identity_verified; attempt_count:1
211967,Holy Cross Care Home,holy cross care home,Heathfield,East Sussex,South East,Social Care,Worker,Skilled Worker,,,,,unverified,,,no_first_party_identity_verified; attempt_count:0
212004,Holyspirit Home Care,holyspirit home care,Worksop,,,Social Care,Worker,Skilled Worker,,,,,unverified,,,no_first_party_identity_verified; attempt_count:0
212021,Home Care & Rehab Limited,home care and rehab limited,London,,,Social Care,Worker,Skilled Worker,,,,,unverified,,,no_first_party_identity_verified; attempt_count:0
212022,HOME CARE (SCOTLAND) LTD,home care scotland ltd,Peterhead,Aberdeenshire,Scotland,Social Care,Worker,Skilled Worker,,,,,unverified,,,no_first_party_identity_verified; attempt_count:0
212023,Home Care for you Limited,home care for you limited,Blackburn,,,Social Care,Worker,Skilled Worker,,,,,unverified,,,no_first_party_identity_verified; attempt_count:0
212024,Home Care Harborough Ltd,home care harborough ltd,Market Harborough,Leicestershire,East Midlands,Social Care,Worker,Skilled Worker,,,,,unverified,,,no_first_party_identity_verified; attempt_count:1
212025,Home Care Home Ltd,home care home ltd,Nottingham,,,Social Care,Worker,Skilled Worker,,,,,unverified,,,no_first_party_identity_verified; attempt_count:0
212026,Home Care Scotland Ltd,home care scotland ltd,Peterhead,Aberdeenshire,Scotland,Social Care,Worker,Skilled Worker,,,,,unverified,,,no_first_party_identity_verified; attempt_count:0
212027,Home Care Services (NI) Limited,home care services ni limited,Newtownards,,,Social Care,Worker,Skilled Worker,,,,,unverified,,,no_first_party_identity_verified; attempt_count:0
212034,Home Counties Carers Limited,home counties carers limited,Ripley,Surrey,South East,Social Care,Worker,Skilled Worker,,,,,unverified,,,no_first_party_identity_verified; attempt_count:0
212048,Home from Home Care Ltd,home from home care ltd,Lincoln,,,Social Care,Worker,Skilled Worker,,,,,unverified,,,no_first_party_identity_verified; attempt_count:0
212049,Home From Home Support Services Ltd,home from home support services ltd,Basildon,,,Social Care,Worker,Skilled Worker,,,,,unverified,,,no_first_party_identity_verified; attempt_count:0
212085,Home Support Services (Havering & Essex) Limited,home support services havering and essex limited,Romford,Essex,East of England,Social Care,Worker,Skilled Worker,,,,,unverified,,,no_first_party_identity_verified; attempt_count:0
212086,HOME SWEET HOME CARE LIMITED,home sweet home care limited,ROMFORD,ESSEX,East of England,Social Care,Worker,Skilled Worker,,,,,unverified,,,no_first_party_identity_verified; attempt_count:0
212087,Home to Home Care Services Ltd,home to home care services ltd,Warwick,Warwickshire,West Midlands,Social Care,Worker,Skilled Worker,,,,,unverified,,,no_first_party_identity_verified; attempt_count:0
212136,Homeleigh Residential Care Home,homeleigh residential care home,London,Royal Borough of Greenwich,,Social Care,Worker,Skilled Worker,,,,,unverified,,,no_first_party_identity_verified; attempt_count:0
212144,Homely Supported Living Ltd,homely supported living ltd,Ilford,,,Social Care,Worker,Skilled Worker,,,,,unverified,,,no_first_party_identity_verified; attempt_count:0
212176,Homestead Residential Care Limited TA Hanwell House,homestead residential care limited ta hanwell house,Hanwell,London,London,Social Care,Worker,Skilled Worker,,,,,low,https://www.cqc.org.uk/,SponsorList,possible_lead_not_accepted:only_one_name_token_on_page_without_hostname_match:residential; attempt_count:1
212190,Homewood Support Services Ltd,homewood support services ltd,London,,,Social Care,Worker,Skilled Worker,,,,https://homewoodsolutions.co.uk/,high,https://homewoodsolutions.co.uk/,SponsorList,name_tokens_on_page:homewood+support;location_on_page; attempt_count:1
212205,HONEST CARE GROUP LTD T/A LYLES HOUSE CARE HOME,honest care group ltd t a lyles house care home,DEREHAM,,,Social Care,Worker,Skilled Worker,,careers@ghhospicecare.org.uk,,,unverified,,,no_first_party_identity_verified; attempt_count:2
212243,Honeywood House Nursing Home,honeywood house nursing home,Horsham,West Sussex,South East,Social Care,Worker,Skilled Worker,,,,,unverified,,,no_first_party_identity_verified; attempt_count:1
212267,Hooklands Care Home t/as HOOKLANDS LIMITED,hooklands care home t as hooklands limited,Chichester,West Sussex,South East,Social Care,Worker,Skilled Worker,,,,,unverified,,,no_first_party_identity_verified; attempt_count:1
212321,Hope Home Care Services LTD,hope home care services ltd,Barnet,Hertfordshire,East of England,Social Care,Worker,Skilled Worker,,,,https://hopehomecare.co.uk/,high,https://hopehomecare.co.uk/,SponsorList,name_tokens_on_page:hope+home;location_on_page; attempt_count:1
212334,Hope Valley Care Home Ltd,hope valley care home ltd,Glossop,,,Social Care,Worker,Skilled Worker,,,,,unverified,,,no_first_party_identity_verified; attempt_count:1
212363,Hopton Cottage Care Home,hopton cottage care home,Mirfield,,,Social Care,Worker,Skilled Worker,,,,,unverified,,,no_first_party_identity_verified; attempt_count:0
212419,Horizon Support Services Limited,horizon support services limited,Swansea,,,Social Care,Worker,Skilled Worker,,,,https://www.horizonsupportservices.co.uk/,high,https://www.horizonsupportservices.co.uk/,SponsorList,name_tokens_on_page:horizon+support;location_on_page; attempt_count:1
212429,Horizons Residential Care Ltd,horizons residential care ltd,Edinburgh,Midlothian,Scotland,Social Care,Worker,Skilled Worker,,,,,unverified,,,no_first_party_identity_verified; attempt_count:0
212471,Horton House Residential Care Home,horton house residential care home,Gloucester,Gloucestershire,South West,Social Care,Worker,Skilled Worker,,,,,unverified,,,no_first_party_identity_verified; attempt_count:1
212583,Houndswood House care home,houndswood house care home,Radlett,,,Social Care,Worker,Skilled Worker,,,,,unverified,,,no_first_party_identity_verified; attempt_count:1
212714,HOWARD COURT CARE HOME LIMITED,howard court care home limited,CARLISLE,,,Social Care,Worker,Skilled Worker,,,,,unverified,,,no_first_party_identity_verified; attempt_count:0
213098,Hult Support Services Ltd,hult support services ltd,London,,,Social Care,Worker,Skilled Worker,,,,,unverified,,,no_first_party_identity_verified; attempt_count:0
213099,Hulton Care home,hulton care home,Birmingham,West Midlands,West Midlands,Social Care,Worker,Skilled Worker,,,,,unverified,,,no_first_party_identity_verified; attempt_count:0
213171,Hummingbird care home LLP,hummingbird care home llp,Somerset,,,Social Care,Worker,Skilled Worker,,,,,unverified,,,no_first_party_identity_verified; attempt_count:0
213174,Hummingbird Home Care Yeovil Ltd,hummingbird home care yeovil ltd,Yeovil,,,Social Care,Worker,Skilled Worker,,,,,unverified,,,no_first_party_identity_verified; attempt_count:0
213286,HURST HALL CARE HOME LIMITED,hurst hall care home limited,Birmingham,West Midlands,West Midlands,Social Care,Worker,Skilled Worker,,,,,unverified,,,no_first_party_identity_verified; attempt_count:0
213289,Hurstead House Care Home,hurstead house care home,Rochdale,,,Social Care,Worker,Skilled Worker,,,,,unverified,,,no_first_party_identity_verified; attempt_count:0
213290,Hurstead House Care Home,hurstead house care home,Rochdale,,,Social Care,Worker,Skilled Worker,,,,,unverified,,,no_first_party_identity_verified; attempt_count:0
213344,Hutton Park Care Home,hutton park care home,Largs,Ayrshire,,Social Care,Worker,Skilled Worker,,,,,unverified,,,no_first_party_identity_verified; attempt_count:0
213415,HYDE CROOK NURSING HOME LTD T/A GROVE LODGE RESIDENTIAL HOME,hyde crook nursing home ltd t a grove lodge residential home,DORCHESTER,,,Social Care,Worker,Skilled Worker,,manager@ingleboroughnursinghome.com,,https://ingleboroughnursinghome.com/,medium,https://ingleboroughnursinghome.com/,contact_email_domain,name_tokens_on_page:nursing+home; attempt_count:1
214068,Ideal Home Care Ltd,ideal home care ltd,Telford,,,Social Care,Worker,Skilled Worker,,,,https://idealhomecare.uk/,high,https://idealhomecare.uk/,SponsorList,name_tokens_on_page:ideal+home;location_on_page; attempt_count:1
214905,In-Home Carer LTD t/a Caremark,in home carer ltd t a caremark,Letchworth Garden City,,,Social Care,Worker,Skilled Worker,,,,,unverified,,,no_first_party_identity_verified; attempt_count:1
215044,Independent Supported Living and Disabilities LTD,independent supported living and disabilities ltd,Slough,,,Social Care,Worker,Skilled Worker,,,,,unverified,,,no_first_party_identity_verified; attempt_count:0
215548,Ingleborough Nursing Home LLP,ingleborough nursing home llp,Ingleton,North Yorkshire,Yorkshire and the Humber,Social Care,Worker,Skilled Worker,,manager@ingleboroughnursinghome.com,,https://ingleboroughnursinghome.com/,high,https://ingleboroughnursinghome.com/,contact_email_domain,name_tokens_on_page:ingleborough+nursing+home;location_on_page; attempt_count:1
215880,Inspirations Residential Care Home Ltd,inspirations residential care home ltd,Wolvehampton,,,Social Care,Worker,Skilled Worker,,,,,unverified,,,no_first_party_identity_verified; attempt_count:0
215910,Inspire Supported Living Ltd,inspire supported living ltd,Bedford,,,Social Care,Worker,Skilled Worker,,,,https://inspiresupportedliving.co.uk/,high,https://inspiresupportedliving.co.uk/,SponsorList,name_tokens_on_page:inspire+supported+living;location_on_page; attempt_count:1
216152,Integrated Support Services Ltd,integrated support services ltd,Benfleet,Benfleet,,Social Care,Worker,Skilled Worker,,,,,unverified,,,no_first_party_identity_verified; attempt_count:0
216163,INTEGRATIVE SUPPORTED LIVING CARE LTD,integrative supported living care ltd,Northampton,Northamptonshire,East Midlands,Social Care,Worker,Skilled Worker,,,,,unverified,,,no_first_party_identity_verified; attempt_count:0
216889,IOMI SUPPORTED LIVING LTD,iomi supported living ltd,Luton,Bedfordshire,East of England,Social Care,Worker,Skilled Worker,,,,,unverified,,,no_first_party_identity_verified; attempt_count:0
216896,Ion Care and Support Services Ltd,ion care and support services ltd,Broxburn,West Lothian,Scotland,Social Care,Worker,Skilled Worker,,,,,unverified,,,no_first_party_identity_verified; attempt_count:0
217532,ITility Engineering And Support Services Limited,itility engineering and support services limited,Brandon,Suffolk,East of England,Social Care,Worker,Skilled Worker,,,,https://itility.com/,high,https://itility.com/,SponsorList,name_tokens_on_page:itility+support;name_tokens_on_host:itility; attempt_count:1
217631,IVELHURST NURSING HOME LIMITED T/A IVELHURST NURSING HOME,ivelhurst nursing home limited t a ivelhurst nursing home,Yeovil,Somerset,South West,Social Care,Worker,Skilled Worker,,manager@ingleboroughnursinghome.com,,https://ingleboroughnursinghome.com/,medium,https://ingleboroughnursinghome.com/,contact_email_domain,name_tokens_on_page:nursing+home; attempt_count:1
217679,IVYBANK  HEALTH CARE LIMITED T/A IVY BANK RESIDENTIAL CARE HOME,ivybank health care limited t a ivy bank residential care home,DOVER,,,Social Care,Worker,Skilled Worker,,recruitment@akaricare.co.uk,,https://akaricare.co.uk/,medium,https://akaricare.co.uk/,contact_email_domain,name_tokens_on_page:residential+home; attempt_count:1
217682,Ivybridge Home Care Limited,ivybridge home care limited,Ivybridge,Devon,South West,Social Care,Worker,Skilled Worker,,,,,unverified,,,no_first_party_identity_verified; attempt_count:0
218172,Jadeas Ltd t/a Harnham Croft Care Home,jadeas ltd t a harnham croft care home,Barnstaple,Devon,South West,Social Care,Worker,Skilled Worker,,,,,low,https://www.cqc.org.uk/,SponsorList,possible_lead_not_accepted:only_one_name_token_on_page_without_hostname_match:home; attempt_count:1
218687,Jason Hylton Court Nursing Home,jason hylton court nursing home,Swadlincote,,,Social Care,Worker,Skilled Worker,,,,,unverified,,,no_first_party_identity_verified; attempt_count:0
218698,Jasper Education and Support Services Limited t/a Jess Care,jasper education and support services limited t a jess care,Colchester,,,Social Care,Worker,Skilled Worker,,,,,unverified,,,no_first_party_identity_verified; attempt_count:0
219013,JEM CARE HOME SERVICES LIMITED,jem care home services limited,CLACTON ON SEA,,,Social Care,Worker,Skilled Worker,,,,,unverified,,,no_first_party_identity_verified; attempt_count:0
219015,Jem Support Services Limited,jem support services limited,London,,,Social Care,Worker,Skilled Worker,,,,,unverified,,,no_first_party_identity_verified; attempt_count:0
219147,Jesyem Medicare Limited T/A Hendford Nursing Home,jesyem medicare limited t a hendford nursing home,Epsom,,,Social Care,Worker,Skilled Worker,,,,,unverified,,,no_first_party_identity_verified; attempt_count:0
219150,Jet Support Services Inc Ltd,jet support services inc ltd,Farnborough,Hampshire,South East,Social Care,Worker,Skilled Worker,,,,,unverified,,,no_first_party_identity_verified; attempt_count:0
219189,Jewel Home Care Ltd,jewel home care ltd,Leicester,,,Social Care,Worker,Skilled Worker,,,,,unverified,,,no_first_party_identity_verified; attempt_count:0
219475,JK SUPPORT SERVICES LTD,jk support services ltd,Birmingham,,,Social Care,Worker,Skilled Worker,,,,,low,https://jksupportservices.co.uk/,SponsorList,possible_lead_not_accepted:only_one_name_token_on_page_without_hostname_match:support; attempt_count:1
219625,JNN (JAST-SAFE HOME CARE) LTD,jnn jast safe home care ltd,Welwyn Garden City,Hertfordshire,East of England,Social Care,Worker,Skilled Worker,,,,https://jastsafe.com/,high,https://jastsafe.com/,SponsorList,name_tokens_on_page:jnn+jast+safe+home;location_on_page; attempt_count:1
219637,JOAN'S CARERS LIMITED,joan s carers limited,Helensburgh,Argyll & Bute,,Social Care,Worker,Skilled Worker,,,,,unverified,,,no_first_party_identity_verified; attempt_count:0
219836,Johnston's Home Care LTD,johnston s home care ltd,Enfield,,,Social Care,Worker,Skilled Worker,,,,https://www.johnstonshomecare.co.uk/,high,https://www.johnstonshomecare.co.uk/,SponsorList,name_tokens_on_page:johnston+home;location_on_page; attempt_count:1
219991,Joshi Home Care Ltd,joshi home care ltd,Harrow,,,Social Care,Worker,Skilled Worker,,,,,unverified,,,no_first_party_identity_verified; attempt_count:1
220024,JOURNEYING SUPPORT SERVICES LIMITED,journeying support services limited,South Croydon,,,Social Care,Worker,Skilled Worker,,,,,unverified,,,no_first_party_identity_verified; attempt_count:1
220281,Jubilee Care Home Limited,jubilee care home limited,Rotherham,,,Social Care,Worker,Skilled Worker,,,,,unverified,,,no_first_party_identity_verified; attempt_count:1
220288,Jubilee Court Care Home,jubilee court care home,Coseley,West Midlands,West Midlands,Social Care,Worker,Skilled Worker,,,,,unverified,,,no_first_party_identity_verified; attempt_count:1
220750,K-Lodge Care Home Ltd,k lodge care home ltd,Rushden,Northamptonshire,East Midlands,Social Care,Worker,Skilled Worker,,,,,unverified,,,no_first_party_identity_verified; attempt_count:1
221261,KARA CARE HOME LIMITED,kara care home limited,Luton,Bedfordshire,East of England,Social Care,Worker,Skilled Worker,,,,,unverified,,,no_first_party_identity_verified; attempt_count:0
222020,Kensington Home Care Limited,kensington home care limited,Stockton,,,Social Care,Worker,Skilled Worker,,,,,unverified,,,no_first_party_identity_verified; attempt_count:0
222065,Kent Home Care,kent home care,CANTERBURY,,,Social Care,Worker,Skilled Worker,,,,,unverified,,,no_first_party_identity_verified; attempt_count:0
222671,Kilmar House Care Home,kilmar house care home,Cornwall,,,Social Care,Worker,Skilled Worker,,,,,unverified,,,no_first_party_identity_verified; attempt_count:0
222785,Kineton Manor Nursing Home,kineton manor nursing home,Warwick,Warwickshire,West Midlands,Social Care,Worker,Skilled Worker,,,,,unverified,,,no_first_party_identity_verified; attempt_count:1
222942,Kings Residential Care Homes Ltd,kings residential care homes ltd,Loughborough,Leicestershire,East Midlands,Social Care,Worker,Skilled Worker,,,,,unverified,,,no_first_party_identity_verified; attempt_count:0
223050,Kingswood Court Nursing Home,kingswood court nursing home,Tadworth,Surrey,South East,Social Care,Worker,Skilled Worker,,,,,unverified,,,no_first_party_identity_verified; attempt_count:1
223076,Kinning Park Care Home (Scotland) Limited,kinning park care home scotland limited,Glasgow,,,Social Care,Worker,Skilled Worker,,,,,unverified,,,no_first_party_identity_verified; attempt_count:1
223087,Kinsley Limited t/a Kinsley Support Services,kinsley limited t a kinsley support services,Thornton Heath,,,Social Care,Worker,Skilled Worker,,,,https://www.kinsleysupportservices.com/,medium,https://www.kinsleysupportservices.com/,SponsorList,name_tokens_on_page:kinsley+support; attempt_count:1
223495,Knight Home Care Limited,knight home care limited,Wilmslow,,,Social Care,Worker,Skilled Worker,,,,,unverified,,,no_first_party_identity_verified; attempt_count:1
223496,Knight Home Care Limited T/A Walfinch Greater Manchester South,knight home care limited t a walfinch greater manchester south,Wilmslow,,,Social Care,Worker,Skilled Worker,,a.whitehead7@nhs.net,,,unverified,,,no_first_party_identity_verified; attempt_count:2
223536,Knightswood Care Home,knightswood care home,Bolton,,,Social Care,Worker,Skilled Worker,,,,,unverified,,,no_first_party_identity_verified; attempt_count:1
223541,Knockagh Rise Nursing home,knockagh rise nursing home,Carrickfergus,Antrim,Northern Ireland,Social Care,Worker,Skilled Worker,,,,,unverified,,,no_first_party_identity_verified; attempt_count:1
224098,KRG Care Limited Trading as Prime Home Care,krg care limited trading as prime home care,Harrow,,,Social Care,Worker,Skilled Worker,,recruitment@akaricare.co.uk,,,low,https://akaricare.co.uk/,contact_email_domain,possible_lead_not_accepted:only_one_name_token_on_page_without_hostname_match:home; attempt_count:2
224260,KSD Support Services Ltd,ksd support services ltd,Brighton,East Sussex,South East,Social Care,Worker,Skilled Worker,,,,https://ksd-group.co.uk/,high,https://ksd-group.co.uk/,SponsorList,name_tokens_on_page:ksd+support;name_tokens_on_host:ksd;location_on_page; attempt_count:1
224957,Ladymead Care Home,ladymead care home,Hurstpierpoint,,,Social Care,Worker,Skilled Worker,,,,,unverified,,,no_first_party_identity_verified; attempt_count:0
225030,Lakeland Care & Support Services Ltd,lakeland care and support services ltd,Ulverston,,,Social Care,Worker,Skilled Worker,,,,,unverified,,,no_first_party_identity_verified; attempt_count:0
225038,Lakenham Residential Care Home,lakenham residential care home,Northam,Devon,South West,Social Care,Worker,Skilled Worker,,,,,unverified,,,no_first_party_identity_verified; attempt_count:0
225058,LAKESIDE NURSING HOME,lakeside nursing home,LONDON,Greater London,London,Social Care,Worker,Skilled Worker,,,,https://lakesidenursinghome.co.uk/,high,https://lakesidenursinghome.co.uk/,SponsorList,name_tokens_on_page:lakeside+nursing+home;location_on_page; attempt_count:1
225059,Lakeside Watermead Care Home,lakeside watermead care home,Aylesbury,,,Social Care,Worker,Skilled Worker,,,,,unverified,,,no_first_party_identity_verified; attempt_count:0
225065,Lakeview Grange Care Home,lakeview grange care home,Chichester,West Sussex,South East,Social Care,Worker,Skilled Worker,,,,,unverified,,,no_first_party_identity_verified; attempt_count:0
225306,Langdale Heights Care Home,langdale heights care home,Derby,,,Social Care,Worker,Skilled Worker,,,,,unverified,,,no_first_party_identity_verified; attempt_count:1
225308,Langdale Lodge Care Home,langdale lodge care home,Chesterfield,,,Social Care,Worker,Skilled Worker,,,,,unverified,,,no_first_party_identity_verified; attempt_count:1
225309,Langdale Nursing Home,langdale nursing home,Gosport,Hants,,Social Care,Worker,Skilled Worker,,,,,unverified,,,no_first_party_identity_verified; attempt_count:1
225333,Langley Haven Care Home LTD,langley haven care home ltd,Slough,,,Social Care,Worker,Skilled Worker,,,,,unverified,,,no_first_party_identity_verified; attempt_count:1
225446,Lark View Care Home,lark view care home,Canterbury,Aberdeenshire,Scotland,Social Care,Worker,Skilled Worker,,,,,unverified,,,no_first_party_identity_verified; attempt_count:1
225609,Laurel Care Home Limited,laurel care home limited,Southampton,,,Social Care,Worker,Skilled Worker,,,,https://www.laurelcarehome.co.uk/,high,https://www.laurelcarehome.co.uk/,SponsorList,name_tokens_on_page:laurel+home;location_on_page; attempt_count:1
225635,LAVENDER HOUSE CARE HOME LLP,lavender house care home llp,PETERBOROUGH,,,Social Care,Worker,Skilled Worker,,,,,unverified,,,no_first_party_identity_verified; attempt_count:1
225638,Lavender Support Services Ltd,lavender support services ltd,Irthlingborough,Northants,,Social Care,Worker,Skilled Worker,,,,https://lavendersupportservices.co.uk/,high,https://lavendersupportservices.co.uk/,SponsorList,name_tokens_on_page:lavender+support;location_on_page; attempt_count:1
225686,Lawnbrook Care Home Limited,lawnbrook care home limited,Southampton,,,Social Care,Worker,Skilled Worker,,,,,unverified,,,no_first_party_identity_verified; attempt_count:1
225726,Layden Court Care Home,layden court care home,Rotherham,,,Social Care,Worker,Skilled Worker,,,,,unverified,,,no_first_party_identity_verified; attempt_count:1
225907,Leafield Care Home,leafield care home,Abingdon,,,Social Care,Worker,Skilled Worker,,,,,unverified,,,no_first_party_identity_verified; attempt_count:1
225930,LEANN SUPPORT SERVICES LIMITED,leann support services limited,London,,,Social Care,Worker,Skilled Worker,,,,,unverified,,,no_first_party_identity_verified; attempt_count:1
225957,Learning and Support Services Limited,learning and support services limited,Ford End,Essex,East of England,Social Care,Worker,Skilled Worker,,,,https://learningandsupportservices.com/,high,https://learningandsupportservices.com/,SponsorList,name_tokens_on_page:learning+support;location_on_page; attempt_count:1
225996,LEAZES HALL CARE HOME LTD,leazes hall care home ltd,BURNOPFIELD,NEWCASTLE UPON TYNE,North East,Social Care,Worker,Skilled Worker,,,,https://www.leazeshall.co.uk/,high,https://www.leazeshall.co.uk/,SponsorList,name_tokens_on_page:leazes+hall+home;location_on_page; attempt_count:1
226042,Lee Mount Care Home,lee mount care home,HALIFAX,,,Social Care,Worker,Skilled Worker,,,,,unverified,,,no_first_party_identity_verified; attempt_count:0
226573,Lewisham Park Care Home,lewisham park care home,London,london,London,Social Care,Worker,Skilled Worker,,selicb.tlcp-hrhub@nhs.net,,,unverified,,,no_first_party_identity_verified; attempt_count:1
226765,Liberty Support Services Ltd,liberty support services ltd,Wolverhampton,,,Social Care,Worker,Skilled Worker,,,,,unverified,,,no_first_party_identity_verified; attempt_count:0
226766,Liberty Supported Living Ltd,liberty supported living ltd,Slough,,,Social Care,Worker,Skilled Worker,,,,,unverified,,,no_first_party_identity_verified; attempt_count:0
227022,Lilies Home Care,lilies home care,BRADFORD,West Yorkshire,Yorkshire and the Humber,Social Care,Worker,Skilled Worker,,,,,unverified,,,no_first_party_identity_verified; attempt_count:0
227040,Lily Healthcare & Supported Living,lily healthcare and supported living,Stevenage,,,Social Care,Worker,Skilled Worker,,,,,unverified,,,no_first_party_identity_verified; attempt_count:1
227140,Lincoln House Care Home Ltd,lincoln house care home ltd,Swanton Morley,Norfolk,East of England,Social Care,Worker,Skilled Worker,,,,,unverified,,,no_first_party_identity_verified; attempt_count:1
227152,LINCOLNSHIRE HOME CARE LTD,lincolnshire home care ltd,Spalding,Lincolnshire,East Midlands,Social Care,Worker,Skilled Worker,,,,,unverified,,,no_first_party_identity_verified; attempt_count:1
227181,Linden House Nursing Home,linden house nursing home,Wellington,Somerset,South West,Social Care,Worker,Skilled Worker,,,,,unverified,,,no_first_party_identity_verified; attempt_count:1
227354,Lion Care Home Ltd,lion care home ltd,Gerrards Cross,,,Social Care,Worker,Skilled Worker,,,,,unverified,,,no_first_party_identity_verified; attempt_count:1
227368,LionHeart Domiciliary Care Services limited,lionheart domiciliary care services limited,Ringway,Preston,,Social Care,Worker,Skilled Worker,,,,https://www.lionheartdomiciliary.co.uk/,high,https://www.lionheartdomiciliary.co.uk/,SponsorList,name_tokens_on_page:lionheart+domiciliary;location_on_page; attempt_count:1
227462,Little Acre Care Home,little acre care home,Wigton,,,Social Care,Worker,Skilled Worker,,,,,unverified,,,no_first_party_identity_verified; attempt_count:1
227486,Little Court Care Home Ltd,little court care home ltd,Tunbridge Wells,Kent,South East,Social Care,Worker,Skilled Worker,,,,,unverified,,,no_first_party_identity_verified; attempt_count:1
227541,LITTLE OAKS RESIDENTIAL CARE LIMITED,little oaks residential care limited,High Wycombe,Buckinghamshire,South East,Social Care,Worker,Skilled Worker,,,,,unverified,,,no_first_party_identity_verified; attempt_count:0
227591,Littleborough Care Home Ltd,littleborough care home ltd,Littleborough,,,Social Care,Worker,Skilled Worker,,,,,unverified,,,no_first_party_identity_verified; attempt_count:1
227669,Liverbird Home Care Ltd,liverbird home care ltd,Liverpool,,,Social Care,Worker,Skilled Worker,,,,,unverified,,,no_first_party_identity_verified; attempt_count:1
227845,Llangoedmor Properties Limited T/A Parkside House Care Home,llangoedmor properties limited t a parkside house care home,Penarth,,,Social Care,Worker,Skilled Worker,,,,,unverified,,,no_first_party_identity_verified; attempt_count:1
227852,Llantarnam Lodge Care Home,llantarnam lodge care home,Newport,,,Social Care,Worker,Skilled Worker,,,,,unverified,,,no_first_party_identity_verified; attempt_count:1
227860,LLEWELYN SUPPORT SERVICES LTD,llewelyn support services ltd,Swansea,,,Social Care,Worker,Skilled Worker,,,,https://llewelynsupportservices.com/,medium,https://llewelynsupportservices.com/,SponsorList,name_tokens_on_page:llewelyn+support; attempt_count:1
227889,Llysfield Nursing Home,llysfield nursing home,Oswestry,,,Social Care,Worker,Skilled Worker,,,,,unverified,,,no_first_party_identity_verified; attempt_count:1
228068,Lodge Lane Care Home LTD,lodge lane care home ltd,Harrow,Middlesex,,Social Care,Worker,Skilled Worker,,,,,unverified,,,no_first_party_identity_verified; attempt_count:1
228124,LOGINI CASTLEFORD CARE HOME LTD,logini castleford care home ltd,Pontefract,West Yorkshire,Yorkshire and the Humber,Social Care,Worker,Skilled Worker,,,,,unverified,,,no_first_party_identity_verified; attempt_count:1
228125,Logini Hollies Care Home Ltd T/A The Hollies,logini hollies care home ltd t a the hollies,Wakefield,,,Social Care,Worker,Skilled Worker,,,,,unverified,,,no_first_party_identity_verified; attempt_count:1
228165,Lola's House Residential care home limited,lola s house residential care home limited,Brough,East Yorkshire,Yorkshire and the Humber,Social Care,Worker,Skilled Worker,,,,,unverified,,,no_first_party_identity_verified; attempt_count:1
228741,LONGACRE CARE HOME LTD,longacre care home ltd,WORTHING,WEST SUSSEX,South East,Social Care,Worker,Skilled Worker,,,,,unverified,,,no_first_party_identity_verified; attempt_count:1
228748,Longbridge Deverill House and Nursing Home,longbridge deverill house and nursing home,Warminster,Wiltshire,South West,Social Care,Worker,Skilled Worker,,,,,unverified,,,no_first_party_identity_verified; attempt_count:1
228791,Longview Care Home Cornwall Ltd,longview care home cornwall ltd,TRURO,Cornwall,South West,Social Care,Worker,Skilled Worker,,,,,unverified,,,no_first_party_identity_verified; attempt_count:1
228929,Lotus Home Care Limited,lotus home care limited,Wakefield,,,Social Care,Worker,Skilled Worker,,,,,unverified,,,no_first_party_identity_verified; attempt_count:1
228966,Lougher Home Care Ltd.,lougher home care ltd,Caldicot,Monmouthshire,Wales,Social Care,Worker,Skilled Worker,,,,,unverified,,,no_first_party_identity_verified; attempt_count:1
229033,Love to Care Home Care Norfolk Ltd,love to care home care norfolk ltd,Norwich,Norfolk,East of England,Social Care,Worker,Skilled Worker,,recruitment@norfolkprimarycare.com,,https://norfolkprimarycare.com/,high,https://norfolkprimarycare.com/,contact_email_domain,name_tokens_on_page:home+norfolk;location_on_page; attempt_count:1
229034,Love To Care Home Care Norfolk Ltd,love to care home care norfolk ltd,Norwich,,,Social Care,Worker,Skilled Worker,,recruitment@norfolkprimarycare.com,,https://norfolkprimarycare.com/,medium,https://norfolkprimarycare.com/,contact_email_domain,name_tokens_on_page:home+norfolk; attempt_count:1
229035,Love To Care Home Care Northwest Ltd,love to care home care northwest ltd,Wirral,,,Social Care,Worker,Skilled Worker,,admin@libertyassessments.co.uk,,,unverified,,,no_first_party_identity_verified; attempt_count:2
229049,Loved Ones Home Care Ltd t/a Bluebird Care East Suffolk and Great Yarmouth,loved ones home care ltd t a bluebird care east suffolk and great yarmouth,GREAT YARMOUTH,Norfolk,East of England,Social Care,Worker,Skilled Worker,,spc.research@nhs.net,,,unverified,,,no_first_party_identity_verified; attempt_count:2
229119,LOWMOOR NURSING HOME,lowmoor nursing home,Kirkby in Ashfield,Nottinghamshire,East Midlands,Social Care,Worker,Skilled Worker,,,,,unverified,,,no_first_party_identity_verified; attempt_count:1
229267,Luanelle Limited t/a Blossom Home Care Tunbridge Wells,luanelle limited t a blossom home care tunbridge wells,Kent,,,Social Care,Worker,Skilled Worker,,,,,unverified,,,no_first_party_identity_verified; attempt_count:1
229404,Lukka Care Homes (2010) Limited t/a Ashton Lodge Care Home,lukka care homes 2010 limited t a ashton lodge care home,London,London,London,Social Care,Worker,Skilled Worker,,recruitment@akaricare.co.uk,,https://akaricare.co.uk/,high,https://akaricare.co.uk/,contact_email_domain,name_tokens_on_page:lodge+home;location_on_page; attempt_count:1
229460,LUMINOUS DOMICILIARY CARE LTD,luminous domiciliary care ltd,Norwich,Norfolk,East of England,Social Care,Worker,Skilled Worker,,,,,unverified,,,no_first_party_identity_verified; attempt_count:0
229578,LUV TO CARE HOME CARE LTD,luv to care home care ltd,Southampton,,,Social Care,Worker,Skilled Worker,,admin@libertyassessments.co.uk,,,unverified,,,no_first_party_identity_verified; attempt_count:1
229669,LV & JL t/a Broadoak Manor Nursing Home,lv and jl t a broadoak manor nursing home,Hertford,,,Social Care,Worker,Skilled Worker,,,,,unverified,,,no_first_party_identity_verified; attempt_count:1
229729,Lyme Regis Care Home Limited,lyme regis care home limited,Lyme Regis,,,Social Care,Worker,Skilled Worker,,,,,unverified,,,no_first_party_identity_verified; attempt_count:1
229743,LYNDALE CARE HOME LIMITED,lyndale care home limited,SOUTHPORT,,,Social Care,Worker,Skilled Worker,,,,,unverified,,,no_first_party_identity_verified; attempt_count:1
229744,Lyndell House Nursing Home,lyndell house nursing home,Swansea,West Glamorgan,,Social Care,Worker,Skilled Worker,,,,,unverified,,,no_first_party_identity_verified; attempt_count:1
229749,Lyndhurst Park Nursing & Residential Care Home,lyndhurst park nursing and residential care home,Weston Super Mare,,,Social Care,Worker,Skilled Worker,,,,,unverified,,,no_first_party_identity_verified; attempt_count:1
229979,M T SUPPORTED LIVING LTD,m t supported living ltd,SWINDON,WILTSHIRE,South West,Social Care,Worker,Skilled Worker,,,,,unverified,,,no_first_party_identity_verified; attempt_count:1
230010,M&C Care Limited t/a Rowan House Care Home,m and c care limited t a rowan house care home,Saltash,Cornwall,South West,Social Care,Worker,Skilled Worker,,careers@ghhospicecare.org.uk,,,unverified,,,no_first_party_identity_verified; attempt_count:2
230149,M.C.A. Dom Care LTD T/A Bridgewater Home Care Watford,m c a dom care ltd t a bridgewater home care watford,Watford (Hertfordshire),Hertfordshire,East of England,Social Care,Worker,Skilled Worker,,careers@ic24.nhs.uk,,,unverified,,,no_first_party_identity_verified; attempt_count:0; contact_email_domain_not_used_as_website_lead
230735,Magnolia House Care Home,magnolia house care home,Axminster,,,Social Care,Worker,Skilled Worker,,,,,unverified,,,no_first_party_identity_verified; attempt_count:0
230869,MAHOGANY HOUSE(NEWTOWN)LTD T/A MAHOGANY CARE HOME,mahogany house newtown ltd t a mahogany care home,WIGAN,,,Social Care,Worker,Skilled Worker,,,,https://wecaregroup.co.uk/,medium,https://wecaregroup.co.uk/,SponsorList,name_tokens_on_page:mahogany+house; attempt_count:1
230961,MAJESTIC CARE HOME LIMITED,majestic care home limited,Handsworth,West Midlands,West Midlands,Social Care,Worker,Skilled Worker,,,,,unverified,,,no_first_party_identity_verified; attempt_count:1
231009,Mak Support Services Ltd,mak support services ltd,London,,,Social Care,Worker,Skilled Worker,,,,,unverified,,,no_first_party_identity_verified; attempt_count:0
231173,Malkuwth Home Care Ltd,malkuwth home care ltd,High Wycombe,,,Social Care,Worker,Skilled Worker,,,,,unverified,,,no_first_party_identity_verified; attempt_count:0
231544,Manor Care Home,manor care home,Middlewich,Cheshire,North West,Social Care,Worker,Skilled Worker,,,,https://www.manorcare.co.uk/,medium,https://www.manorcare.co.uk/,SponsorList,name_tokens_on_page:manor+home; attempt_count:1
231545,Manor Care Home Group,manor care home group,Birtley,County Durham,North East,Social Care,Worker,Skilled Worker,,,,,unverified,,,no_first_party_identity_verified; attempt_count:1
231552,Manor Homes Poulton Ltd. T/A Cleveleys Nursing Home,manor homes poulton ltd t a cleveleys nursing home,Thornton Cleveleys,Lancashir,,Social Care,Worker,Skilled Worker,,,,,unverified,,,no_first_party_identity_verified; attempt_count:1
231560,Manor Park Care Home,manor park care home,Keighley,,,Social Care,Worker,Skilled Worker,,,,,unverified,,,no_first_party_identity_verified; attempt_count:1
231572,Manorfield Residential Care Home,manorfield residential care home,"Chichester,","West Sussex,",,Social Care,Worker,Skilled Worker,,,,,unverified,,,no_first_party_identity_verified; attempt_count:0
231684,Maple House Care Home,maple house care home,Aldershot,,,Social Care,Worker,Skilled Worker,,,,,unverified,,,no_first_party_identity_verified; attempt_count:0
231764,"Marble Hall Services Ltd t/a Radfield Home Care Camberley, Farnborough & Fleet",marble hall services ltd t a radfield home care camberley farnborough and fleet,Camberley,,,Social Care,Worker,Skilled Worker,,,,https://www.radfieldhomecare.co.uk/,medium,https://www.radfieldhomecare.co.uk/,SponsorList,name_tokens_on_page:radfield+home; attempt_count:1
231833,Margaret House Residential and Dementia Care Home,margaret house residential and dementia care home,Royston,Hertfordshire,East of England,Social Care,Worker,Skilled Worker,,,,,unverified,,,no_first_party_identity_verified; attempt_count:0
231836,Margaret Rose Care Ltd T/As Warberries Nursing Home,margaret rose care ltd t as warberries nursing home,Torquay,Devon,South West,Social Care,Worker,Skilled Worker,,,,,unverified,,,no_first_party_identity_verified; attempt_count:0
231879,Marian House Care Home,marian house care home,Uxbridge,,,Social Care,Worker,Skilled Worker,,,,,unverified,,,no_first_party_identity_verified; attempt_count:1
231889,MARICARE LIMITED T/A BEECH HAVEN CARE HOME,maricare limited t a beech haven care home,Oxfordshire,,,Social Care,Worker,Skilled Worker,,,,,unverified,,,no_first_party_identity_verified; attempt_count:1
232135,MARLEY COURT CARE HOME LIMITED,marley court care home limited,Chorley,,,Social Care,Worker,Skilled Worker,,,,,unverified,,,no_first_party_identity_verified; attempt_count:0
232161,Marmora Ltd T/A Marmora Care Home,marmora ltd t a marmora care home,Essex,,,Social Care,Worker,Skilled Worker,,,,,unverified,,,no_first_party_identity_verified; attempt_count:1
232228,Marsden Grange residential care home,marsden grange residential care home,Nelson,Lancashire,North West,Social Care,Worker,Skilled Worker,,,,,unverified,,,no_first_party_identity_verified; attempt_count:1
232383,Mary Bilsborough T/A as Cheshire Support Services,mary bilsborough t a as cheshire support services,Winsford,,,Social Care,Worker,Skilled Worker,,,,,unverified,,,no_first_party_identity_verified; attempt_count:0
232388,Mary Jayne Jarvis and Peter Jarvis Trading as Rathmore Care Home,mary jayne jarvis and peter jarvis trading as rathmore care home,Lytham Saint Annes,Lancashire,North West,Social Care,Worker,Skilled Worker,,,,,unverified,,,no_first_party_identity_verified; attempt_count:0
232722,Matrix Support Services UK LTD,matrix support services uk ltd,London,,,Social Care,Worker,Skilled Worker,,,,https://teammatrix.com/,medium,https://teammatrix.com/,SponsorList,name_tokens_on_page:matrix+support; attempt_count:1
232723,Matrix Supported Living ltd,matrix supported living ltd,Burton Joyce,Nottinghamshire,East Midlands,Social Care,Worker,Skilled Worker,,,,,unverified,,,no_first_party_identity_verified; attempt_count:1
232842,Mawii Home Care Limited,mawii home care limited,Barnet,Hertfordshire,East of England,Social Care,Worker,Skilled Worker,,,,,unverified,,,no_first_party_identity_verified; attempt_count:0
232905,MAXIMUS SUPPORT SERVICES LTD,maximus support services ltd,Shanklin,Isle Of Wight,South East,Social Care,Worker,Skilled Worker,,,,,unverified,,,no_first_party_identity_verified; attempt_count:1
232975,Maya Supported Living Limited,maya supported living limited,London,Middlesex,,Social Care,Worker,Skilled Worker,,,,,unverified,,,no_first_party_identity_verified; attempt_count:1
232997,Maycroft Care Home,maycroft care home,Royston,,,Social Care,Worker,Skilled Worker,,,,,unverified,,,no_first_party_identity_verified; attempt_count:1
233037,Mayfield House Residential Care Home Ltd,mayfield house residential care home ltd,Crewe,Cheshire,North West,Social Care,Worker,Skilled Worker,,,,,unverified,,,no_first_party_identity_verified; attempt_count:0
233505,Meadow Grange Nursing Home Limited,meadow grange nursing home limited,Dronfield Woodhouse,Derbyshire,East Midlands,Social Care,Worker,Skilled Worker,,,,,unverified,,,no_first_party_identity_verified; attempt_count:1
233511,Meadows Edge Care Home Ltd,meadows edge care home ltd,Boston,Lincolnshire,East Midlands,Social Care,Worker,Skilled Worker,,,,,unverified,,,no_first_party_identity_verified; attempt_count:1
233519,Meadowside Residential Care Home,meadowside residential care home,Marlow,,,Social Care,Worker,Skilled Worker,,,,,unverified,,,no_first_party_identity_verified; attempt_count:1
233521,Meadowview Nursing Home,meadowview nursing home,Witney,Oxon,,Social Care,Worker,Skilled Worker,,,,,unverified,,,no_first_party_identity_verified; attempt_count:1
233576,MED CARE HOME SERVICES LIMITED T/A Proactive Life Midlands,med care home services limited t a proactive life midlands,Birmingham,,,Social Care,Worker,Skilled Worker,,,,,unverified,,,no_first_party_identity_verified; attempt_count:1
233785,Mediline Supported Living Ltd,mediline supported living ltd,Liverpool,Merseyside,North West,Social Care,Worker,Skilled Worker,,,,,unverified,,,no_first_party_identity_verified; attempt_count:1
234093,Melton House Care Home,melton house care home,Wymondham,,,Social Care,Worker,Skilled Worker,,,,,unverified,,,no_first_party_identity_verified; attempt_count:1
234162,Mental Health Care (U.K) Limited,mental health care u k limited,Denbigh,Denbighshire,Wales,Social Care,Worker,Skilled Worker,,,,,low,https://mentalhealthcare-uk.com/,SponsorList,possible_lead_not_accepted:only_one_name_token_on_page_without_hostname_match:mental; attempt_count:1
234305,MERCY HOME CARE SERVICES LIMITED,mercy home care services limited,BASINGSTOKE,,,Social Care,Worker,Skilled Worker,,,,,unverified,,,no_first_party_identity_verified; attempt_count:1
234405,Merriman Grange Care Home,merriman grange care home,Worthing,West Sussex,South East,Social Care,Worker,Skilled Worker,,,,,unverified,,,no_first_party_identity_verified; attempt_count:0
234409,Merrycare Ltd T/A Merrifield House Care Home,merrycare ltd t a merrifield house care home,Wootton,Northamptom,,Social Care,Worker,Skilled Worker,,,,,unverified,,,no_first_party_identity_verified; attempt_count:0
234798,MGRWK Business Support Services Ltd,mgrwk business support services ltd,London,,,Social Care,Worker,Skilled Worker,,,,,unverified,,,no_first_party_identity_verified; attempt_count:0
235107,MIDDLEPATCH LTD T/A COLLEGE FIELDS NURSING HOME,middlepatch ltd t a college fields nursing home,BARRY,VALE OF GLAMORGON,,Social Care,Worker,Skilled Worker,,,,,unverified,,,no_first_party_identity_verified; attempt_count:0
235164,Midland Residential Care Ltd,midland residential care ltd,WALSALL,,,Social Care,Worker,Skilled Worker,,,,,unverified,,,no_first_party_identity_verified; attempt_count:0
235187,MIDLANDS RESIDENTIAL CARE LTD,midlands residential care ltd,Walsall,West Midlands,West Midlands,Social Care,Worker,Skilled Worker,,,,,unverified,,,no_first_party_identity_verified; attempt_count:0
235202,Midplant LTD  T/A promenade care home,midplant ltd t a promenade care home,Southport,,,Social Care,Worker,Skilled Worker,,,,,unverified,,,no_first_party_identity_verified; attempt_count:0
235207,Midshires Care Ltd (Helping Hands Home Care - North),midshires care ltd helping hands home care north,Kinwarton,Alcester,,Social Care,Worker,Skilled Worker,,tpc.hr.queries@bradford.nhs.uk,,,unverified,,,no_first_party_identity_verified; attempt_count:1; contact_email_domain_not_used_as_website_lead
235208,Midshires Care Ltd (Helping Hands Home Care) - Central,midshires care ltd helping hands home care central,Alcester,,,Social Care,Worker,Skilled Worker,,careers@ic24.nhs.uk,,,unverified,,,no_first_party_identity_verified; attempt_count:1; contact_email_domain_not_used_as_website_lead
235209,Midshires Care Ltd (Helping Hands Home Care) - East,midshires care ltd helping hands home care east,Alcester,,,Social Care,Worker,Skilled Worker,,tpc.hr.queries@bradford.nhs.uk,,,unverified,,,no_first_party_identity_verified; attempt_count:1; contact_email_domain_not_used_as_website_lead
235245,MIG House residential care home Limited,mig house residential care home limited,London,,,Social Care,Worker,Skilled Worker,,,,,unverified,,,no_first_party_identity_verified; attempt_count:1
235282,Mike Pownall Ltd  Broughton House Care Home,mike pownall ltd broughton house care home,Liverpool,Merseyside,North West,Social Care,Worker,Skilled Worker,,,,,unverified,,,no_first_party_identity_verified; attempt_count:1
235347,Milestone Support Services Limited,milestone support services limited,SOUTHAMPTON,Hampshire,South East,Social Care,Worker,Skilled Worker,,,,,unverified,,,no_first_party_identity_verified; attempt_count:1
235348,Milestone Support Services Limited,milestone support services limited,SOUTHAMPTON,Hampshire,South East,Social Care,Worker,Skilled Worker,,,,,unverified,,,no_first_party_identity_verified; attempt_count:1
235399,Millbrook Care Home,millbrook care home,Blackwood,,,Social Care,Worker,Skilled Worker,,,,,unverified,,,no_first_party_identity_verified; attempt_count:0
235415,Millenium Care Homes Limited T/A Abbey House Nursing Home,millenium care homes limited t a abbey house nursing home,Southampton,,,Social Care,Worker,Skilled Worker,,,,,unverified,,,no_first_party_identity_verified; attempt_count:0
235424,"Millennium Care Homes Ltd T/A Abbey House Nursing Home,",millennium care homes ltd t a abbey house nursing home,Southampton,,,Social Care,Worker,Skilled Worker,,,,,unverified,,,no_first_party_identity_verified; attempt_count:0
235635,Minehome LTD T/A Church Terrace Nursing Home,minehome ltd t a church terrace nursing home,Stoke-on-trent,STAFFS,,Social Care,Worker,Skilled Worker,,,,,unverified,,,no_first_party_identity_verified; attempt_count:1
235648,Minerva Supported Living Ltd,minerva supported living ltd,Leicester,,,Social Care,Worker,Skilled Worker,,,,,unverified,,,no_first_party_identity_verified; attempt_count:1
235750,Minster Home Care Limited,minster home care limited,York,,,Social Care,Worker,Skilled Worker,,,,,unverified,,,no_first_party_identity_verified; attempt_count:1
235921,mishael care home ltd,mishael care home ltd,newport,,,Social Care,Worker,Skilled Worker,,,,,unverified,,,no_first_party_identity_verified; attempt_count:0
235927,MISHMA CARE LIMITED T/A Badenscoth House Nursing Home,mishma care limited t a badenscoth house nursing home,Inverurie,,,Social Care,Worker,Skilled Worker,,,,,unverified,,,no_first_party_identity_verified; attempt_count:0
235951,Mission Care Associate Ltd T/A Clarence House Care Home,mission care associate ltd t a clarence house care home,Norwich,,,Social Care,Worker,Skilled Worker,,careers@ghhospicecare.org.uk,,,unverified,,,no_first_party_identity_verified; attempt_count:1
236174,MJS Care Limited T/A Park Lodge Residential Care Home,mjs care limited t a park lodge residential care home,St Asaph,,,Social Care,Worker,Skilled Worker,,recruitment@akaricare.co.uk,,https://akaricare.co.uk/,medium,https://akaricare.co.uk/,contact_email_domain,name_tokens_on_page:park+lodge+residential+home; attempt_count:1
236435,MNS Consul Home Care Ltd,mns consul home care ltd,"Chelmsford, Essex",Essex,East of England,Social Care,Worker,Skilled Worker,,,,,unverified,,,no_first_party_identity_verified; attempt_count:0
236753,Molescroft Nursing Home Holdiings,molescroft nursing home holdiings,Beverley,,,Social Care,Worker,Skilled Worker,,,,,unverified,,,no_first_party_identity_verified; attempt_count:0
236804,Momentum Residential Care Home,momentum residential care home,Canvey Island,Essex,East of England,Social Care,Worker,Skilled Worker,,,,,unverified,,,no_first_party_identity_verified; attempt_count:0
236846,Monarch Healthcare (HB) LimitedT/A Heeley Bank Care Home,monarch healthcare hb limitedt a heeley bank care home,Sheffield,,,Social Care,Worker,Skilled Worker,,,,,unverified,,,no_first_party_identity_verified; attempt_count:0
236849,MONARCH KM LTD T/A DOWNSVALE NURSING HOME,monarch km ltd t a downsvale nursing home,DORKING,SURREY,South East,Social Care,Worker,Skilled Worker,,,,,unverified,,,no_first_party_identity_verified; attempt_count:0
237164,Moor House Residential Care Home,moor house residential care home,Middlesex,,,Social Care,Worker,Skilled Worker,,,,,unverified,,,no_first_party_identity_verified; attempt_count:1
237172,Moorcroft Residential Care Home Ltd,moorcroft residential care home ltd,Llandudno,Conwy,Wales,Social Care,Worker,Skilled Worker,,,,,unverified,,,no_first_party_identity_verified; attempt_count:1
237186,moorgate care home,moorgate care home,plymouth,devon,South West,Social Care,Worker,Skilled Worker,,,,,unverified,,,no_first_party_identity_verified; attempt_count:1
237201,Moorleigh Residential Care Home Limited,moorleigh residential care home limited,Torquay,,,Social Care,Worker,Skilled Worker,,,,,unverified,,,no_first_party_identity_verified; attempt_count:1
237230,Morar Lodge Nursing Home Limited,morar lodge nursing home limited,Helensburgh,,,Social Care,Worker,Skilled Worker,,,,,unverified,,,no_first_party_identity_verified; attempt_count:1
237263,Moreland House Care Home LimitedT/A Moreland House Care Home,moreland house care home limitedt a moreland house care home,Hornchurch,,,Social Care,Worker,Skilled Worker,,careers@ghhospicecare.org.uk,,,unverified,,,no_first_party_identity_verified; attempt_count:1
237311,Moriah House Limited T/A Moriah House Care Home,moriah house limited t a moriah house care home,Nottingham,,,Social Care,Worker,Skilled Worker,,careers@ghhospicecare.org.uk,,,unverified,,,no_first_party_identity_verified; attempt_count:2
237342,Mornington Court Care Home,mornington court care home,New Milton,Hampshire,South East,Social Care,Worker,Skilled Worker,,,,,unverified,,,no_first_party_identity_verified; attempt_count:1
237441,Mossvale Care Home,mossvale care home,Glasgow,,,Social Care,Worker,Skilled Worker,,,,,unverified,,,no_first_party_identity_verified; attempt_count:0
237626,MOUNT VERNON TERRACE RESIDENTIAL CARE HOME LIMITED,mount vernon terrace residential care home limited,Nottingham,Nottinghamshire,East Midlands,Social Care,Worker,Skilled Worker,,,,,unverified,,,no_first_party_identity_verified; attempt_count:1
237640,Mountbatten Nursing Home Limited,mountbatten nursing home limited,Taunton,Somerset,South West,Social Care,Worker,Skilled Worker,,,,,unverified,,,no_first_party_identity_verified; attempt_count:0
237658,Mountvale Private Nursing Home,mountvale private nursing home,Dromore,County Down,,Social Care,Worker,Skilled Worker,,,,,unverified,,,no_first_party_identity_verified; attempt_count:0
237809,Mr & Mrs Mascarenhas T/A St Chamonds Nursing Home,mr and mrs mascarenhas t a st chamonds nursing home,Prestatyn,Denbigshire,,Social Care,Worker,Skilled Worker,,,,,unverified,,,no_first_party_identity_verified; attempt_count:0
237925,Mr K and Mrs R H Bhanji T/A Fernbank Nursing Home,mr k and mrs r h bhanji t a fernbank nursing home,London,,,Social Care,Worker,Skilled Worker,,,,,unverified,,,no_first_party_identity_verified; attempt_count:0
238134,Mr Y Abhee and Mrs D Abhee T/A Foxley Lodge Residential Care Home,mr y abhee and mrs d abhee t a foxley lodge residential care home,Purley,,,Social Care,Worker,Skilled Worker,,,,,unverified,,,no_first_party_identity_verified; attempt_count:0
238617,Mukesh Patel and Bhavna Patel T/A Eaton Lodge Nursing Home,mukesh patel and bhavna patel t a eaton lodge nursing home,Westgate - on - Sea,Kent,South East,Social Care,Worker,Skilled Worker,,,,https://www.cqc.org.uk/,medium,https://www.cqc.org.uk/,SponsorList,name_tokens_on_page:nursing+home; attempt_count:1
238632,Mulberry Court Supported Living Limited,mulberry court supported living limited,Derby,Derbyshire,East Midlands,Social Care,Worker,Skilled Worker,,,,https://www.mulberrycourtcarehome.com/,medium,https://www.mulberrycourtcarehome.com/,SponsorList,name_tokens_on_page:mulberry+court; attempt_count:1
238635,Mulberry Home Care Services Ltd,mulberry home care services ltd,Weybridge,Surrey,South East,Social Care,Worker,Skilled Worker,,,,https://mulberryhomecareservices.uk/,high,https://mulberryhomecareservices.uk/,SponsorList,name_tokens_on_page:mulberry+home;location_on_page; attempt_count:1
238650,Mullaghboy Limited T/A Mullaghboy Nursing Home,mullaghboy limited t a mullaghboy nursing home,Donaghadee,Down,Northern Ireland,Social Care,Worker,Skilled Worker,,,,,unverified,,,no_first_party_identity_verified; attempt_count:1
238799,Munnelly Support Services Limited,munnelly support services limited,Kings Langley,,,Social Care,Worker,Skilled Worker,,,,https://munnellys.com/,medium,https://munnellys.com/,SponsorList,name_tokens_on_page:munnelly+support; attempt_count:1
238843,Murray Home Care Ltd,murray home care ltd,Preston,Lancashire,North West,Social Care,Worker,Skilled Worker,,,,,unverified,,,no_first_party_identity_verified; attempt_count:1
239423,NA SS CARE LIMITED t/as HADLEY HOUSE NURSING HOME,na ss care limited t as hadley house nursing home,Middlesex,,,Social Care,Worker,Skilled Worker,,,,,unverified,,,no_first_party_identity_verified; attempt_count:0
239468,NADAM CARE LTD t/a BELAMIE GABLES CARE HOME,nadam care ltd t a belamie gables care home,READING,BERKS,,Social Care,Worker,Skilled Worker,,careers@cleosystems.com,,,unverified,,,no_first_party_identity_verified; attempt_count:1
240111,NAVARA LODGE RESIDENTIAL CARE HOME,navara lodge residential care home,READING,BERKSHIRE,South East,Social Care,Worker,Skilled Worker,,,,,unverified,,,no_first_party_identity_verified; attempt_count:1
240466,Nelson Manor Care Home,nelson manor care home,Nelson,Lancashire,North West,Social Care,Worker,Skilled Worker,,,,,unverified,,,no_first_party_identity_verified; attempt_count:0
240474,NEMA HOME CARE LIMITED,nema home care limited,Buckhurst Hill,Essex,East of England,Social Care,Worker,Skilled Worker,,,,,unverified,,,no_first_party_identity_verified; attempt_count:0
240475,Nema Home Care Limited,nema home care limited,Essex,,,Social Care,Worker,Skilled Worker,,,,,unverified,,,no_first_party_identity_verified; attempt_count:0
240569,Neptune Home care Ltd,neptune home care ltd,Milton Keynes,Buckinghamshire,South East,Social Care,Worker,Skilled Worker,,,,,unverified,,,no_first_party_identity_verified; attempt_count:1
240703,Nether Hall Care Home Limited,nether hall care home limited,Swadlincote,Derbyshire,East Midlands,Social Care,Worker,Skilled Worker,,,,,unverified,,,no_first_party_identity_verified; attempt_count:0
240716,Netley Court Care Home,netley court care home,Netley,Southampton,South East,Social Care,Worker,Skilled Worker,,,,,unverified,,,no_first_party_identity_verified; attempt_count:0
240753,Nettleton Manor Nursing Home,nettleton manor nursing home,Market Rasen,Lincolnshire,East Midlands,Social Care,Worker,Skilled Worker,,,,,unverified,,,no_first_party_identity_verified; attempt_count:0
240827,Neva Manor Care Home Ltd,neva manor care home ltd,Weston-Super-Mare,,,Social Care,Worker,Skilled Worker,,,,,unverified,,,no_first_party_identity_verified; attempt_count:1
240984,New Excel homes T/A Aarondale Care Home,new excel homes t a aarondale care home,Chorley,,,Social Care,Worker,Skilled Worker,,,,,unverified,,,no_first_party_identity_verified; attempt_count:0
241032,NEW HORIZON CARE HOME LTD,new horizon care home ltd,Hayes,Middlesex,,Social Care,Worker,Skilled Worker,,,,,unverified,,,no_first_party_identity_verified; attempt_count:0
241072,NEW LEAF SUPPORTED LIVING LIMITED,new leaf supported living limited,GLOUCESTER,GLOUCESTERSHIRE,South West,Social Care,Worker,Skilled Worker,,,,,unverified,,,no_first_party_identity_verified; attempt_count:0
241353,Newcombe Home Care Services Limited,newcombe home care services limited,Loughborough,,,Social Care,Worker,Skilled Worker,,,,,unverified,,,no_first_party_identity_verified; attempt_count:1
241358,Newdawn Support Services Ltd,newdawn support services ltd,London,,,Social Care,Worker,Skilled Worker,,,,,low,https://newdawnsupport.co.uk/,SponsorList,possible_lead_not_accepted:only_one_name_token_on_page_without_hostname_match:support; attempt_count:1
241375,Newford Nursing Home,newford nursing home,Stoke-On-Trent,,,Social Care,Worker,Skilled Worker,,,,,unverified,,,no_first_party_identity_verified; attempt_count:0
241512,Newslease Ltd T/A Trinity Court Nursing Home,newslease ltd t a trinity court nursing home,Tooting,London,London,Social Care,Worker,Skilled Worker,,dina.powell@trinitycourtsurgery.nhs.uk,,https://www.trinitycourtnursinghome.com/,high,https://www.trinitycourtnursinghome.com/,SponsorList,name_tokens_on_page:trinity+court+nursing+home;location_on_page; attempt_count:1; contact_email_domain_not_used_as_website_lead
241635,Next Steps Supported Living Limited,next steps supported living limited,Leicester,Leicestershire,East Midlands,Social Care,Worker,Skilled Worker,,,,https://www.nextstepssupportedliving.co.uk/,high,https://www.nextstepssupportedliving.co.uk/,SponsorList,name_tokens_on_page:next+steps+supported+living;location_on_page; attempt_count:1
241636,Next Steps supported living limited,next steps supported living limited,Leicester,,,Social Care,Worker,Skilled Worker,,,,https://www.nextstepssupportedliving.co.uk/,medium,https://www.nextstepssupportedliving.co.uk/,SponsorList,name_tokens_on_page:next+steps+supported+living; attempt_count:1
241979,Nightingale Home Care (Scotland) Ltd,nightingale home care scotland ltd,Falkirk,STIRLINGSHIRE,,Social Care,Worker,Skilled Worker,https://nightingalehomecare.co.uk/,,,https://nightingalehomecare.co.uk/,high,https://nightingalehomecare.co.uk/,existing_website,name_tokens_on_page:nightingale+home;location_on_page; attempt_count:1
241980,Nightingale Home Care Scotland Ltd,nightingale home care scotland ltd,Falkirk,,,Social Care,Worker,Skilled Worker,,,,,unverified,,,no_first_party_identity_verified; attempt_count:1
241983,Nightingale Residential Care Home Ltd,nightingale residential care home ltd,Romford,Essex,East of England,Social Care,Worker,Skilled Worker,,,,,unverified,,,no_first_party_identity_verified; attempt_count:1
241987,Nightingales Nursing Home Limited,nightingales nursing home limited,Leicester,,,Social Care,Worker,Skilled Worker,,,,,unverified,,,no_first_party_identity_verified; attempt_count:1
242370,NL Home Care LTD,nl home care ltd,London,,,Social Care,Worker,Skilled Worker,,,,,unverified,,,no_first_party_identity_verified; attempt_count:0
242442,No Place Like Home Care Midlands Ltd,no place like home care midlands ltd,Leicestershire,,,Social Care,Worker,Skilled Worker,,,,,unverified,,,no_first_party_identity_verified; attempt_count:0
242675,NORBURY HALL RESIDENTIAL CARE HOME LIMITED,norbury hall residential care home limited,London,,,Social Care,Worker,Skilled Worker,,,,,unverified,,,no_first_party_identity_verified; attempt_count:1
242677,Norbury Park Care Home,norbury park care home,London,London,London,Social Care,Worker,Skilled Worker,,,,,unverified,,,no_first_party_identity_verified; attempt_count:1
242771,Normanton Lodge Care Ltd t/as Normanton Lodge Care Home,normanton lodge care ltd t as normanton lodge care home,Bognor Regis,West Sussex,South East,Social Care,Worker,Skilled Worker,,kate.johnson32@nhs.net,,,unverified,,,no_first_party_identity_verified; attempt_count:2
242804,NORTH BAY (BEECHWOOD CARE HOME) LTD,north bay beechwood care home ltd,Bridlington,East Yorkshire,Yorkshire and the Humber,Social Care,Worker,Skilled Worker,,,,,unverified,,,no_first_party_identity_verified; attempt_count:1
242813,North Court Care Home,north court care home,Bury,Saint Edmunds,,Social Care,Worker,Skilled Worker,,,,,unverified,,,no_first_party_identity_verified; attempt_count:1
242838,North Ferriby Nursing Home,north ferriby nursing home,North Ferriby,,,Social Care,Worker,Skilled Worker,,,,,unverified,,,no_first_party_identity_verified; attempt_count:0
242842,North Heath Care Home Ltd t/a Heathfield Court Care Home,north heath care home ltd t a heathfield court care home,Erith,Kent,South East,Social Care,Worker,Skilled Worker,,enquiries.heathfield@carebase.org.uk,,https://carebase.org.uk/,high,https://carebase.org.uk/,contact_email_domain,name_tokens_on_page:heathfield+court+home;location_on_page; attempt_count:1
242983,Northcourt Lodge Nursing Home,northcourt lodge nursing home,Reading,,,Social Care,Worker,Skilled Worker,,,,,unverified,,,no_first_party_identity_verified; attempt_count:1
243072,Northgate House Residential Care Home,northgate house residential care home,Market Weighton,York,Yorkshire and the Humber,Social Care,Worker,Skilled Worker,,,,,unverified,,,no_first_party_identity_verified; attempt_count:1
243104,NORTHSTAR HOME CARE LIMITED,northstar home care limited,Manchester,,,Social Care,Worker,Skilled Worker,,,,,unverified,,,no_first_party_identity_verified; attempt_count:1
243188,Norwood Grange Care Home,norwood grange care home,Sheffield,South Yorkshire,Yorkshire and the Humber,Social Care,Worker,Skilled Worker,,,,https://www.norwoodgrange.co.uk/,high,https://www.norwoodgrange.co.uk/,SponsorList,name_tokens_on_page:norwood+grange+home;location_on_page; attempt_count:1
243190,Norwood House Nursing Home Ltd,norwood house nursing home ltd,Keighley,,,Social Care,Worker,Skilled Worker,,,,,unverified,,,no_first_party_identity_verified; attempt_count:1
243581,NSR CARE HOME LTD,nsr care home ltd,BANSTEAD,SURREY,South East,Social Care,Worker,Skilled Worker,,,,,unverified,,,no_first_party_identity_verified; attempt_count:0
243594,Ntec support services,ntec support services,Enfield,,,Social Care,Worker,Skilled Worker,,,,,unverified,,,no_first_party_identity_verified; attempt_count:0
243663,Nudawn Housing and Support Services ltd,nudawn housing and support services ltd,London,,,Social Care,Worker,Skilled Worker,,,,,unverified,,,no_first_party_identity_verified; attempt_count:0
243695,Numada Home Care Limited,numada home care limited,Rickmansworth,Hertfordshire,East of England,Social Care,Worker,Skilled Worker,,,,,unverified,,,no_first_party_identity_verified; attempt_count:0
243896,NYS Home Care Ltd,nys home care ltd,Preston,Lancashire,North West,Social Care,Worker,Skilled Worker,,,,,unverified,,,no_first_party_identity_verified; attempt_count:0
243974,Oak Care Home Ltd,oak care home ltd,Enfield,,,Social Care,Worker,Skilled Worker,,,,,unverified,,,no_first_party_identity_verified; attempt_count:1
243975,Oak Care Home Services Ltd,oak care home services ltd,York,,,Social Care,Worker,Skilled Worker,,,,,unverified,,,no_first_party_identity_verified; attempt_count:1
243978,Oak Court Care Home,oak court care home,Norwich,Norfolk,East of England,Social Care,Worker,Skilled Worker,,,,,unverified,,,no_first_party_identity_verified; attempt_count:1
243989,Oak House Care Ltd t/a Oak House Care Home,oak house care ltd t a oak house care home,Cardiff,Glamorgan,,Social Care,Worker,Skilled Worker,,careers@ghhospicecare.org.uk,,,unverified,,,no_first_party_identity_verified; attempt_count:2
244022,Oakdale Care Home Ltd,oakdale care home ltd,Essex,,,Social Care,Worker,Skilled Worker,,,,,unverified,,,no_first_party_identity_verified; attempt_count:1
244028,Oakdene Care Home Ltd,oakdene care home ltd,Oldham,Lancashire,North West,Social Care,Worker,Skilled Worker,,,,,unverified,,,no_first_party_identity_verified; attempt_count:1
244040,Oakfield Nursing Home,oakfield nursing home,PRESTON,Lancashire,North West,Social Care,Worker,Skilled Worker,,,,,unverified,,,no_first_party_identity_verified; attempt_count:1
244053,Oakhaven Residential Care Home Limited,oakhaven residential care home limited,Cheltenham,,,Social Care,Worker,Skilled Worker,,,,,unverified,,,no_first_party_identity_verified; attempt_count:1
244067,Oaklands Manor Care Home Ltd T/A Oaklands Manor Nursing Home,oaklands manor care home ltd t a oaklands manor nursing home,Saltburn-by-the-sea,,,Social Care,Worker,Skilled Worker,,mvp.hr@nhs.net,,,unverified,,,no_first_party_identity_verified; attempt_count:1
244068,OAKLANDS RESIDENTIAL CARE HOME - LEEDS LTD,oaklands residential care home leeds ltd,Leeds,,,Social Care,Worker,Skilled Worker,,,,,unverified,,,no_first_party_identity_verified; attempt_count:1
244087,Oakley Grange Care Home,oakley grange care home,Warwick,Warwickshire,West Midlands,Social Care,Worker,Skilled Worker,,,,,unverified,,,no_first_party_identity_verified; attempt_count:1
244095,Oaklodge Care Home,oaklodge care home,Northampton,Northants,,Social Care,Worker,Skilled Worker,,,,,unverified,,,no_first_party_identity_verified; attempt_count:1
244096,Oaklodge Nursing Home,oaklodge nursing home,Prestwich,,,Social Care,Worker,Skilled Worker,,,,,unverified,,,no_first_party_identity_verified; attempt_count:0
244097,OAKLODGE NURSING HOME,oaklodge nursing home,BURGESS HILL,WEST SUSSEX,South East,Social Care,Worker,Skilled Worker,,,,,unverified,,,no_first_party_identity_verified; attempt_count:1
244131,Oaktree Support Services,oaktree support services,Blackpool,,,Social Care,Worker,Skilled Worker,,,,,low,https://oaktreesupportservices.com/,SponsorList,possible_lead_not_accepted:only_one_name_token_on_page_without_hostname_match:support; attempt_count:1
244133,Oakview Care Home Limited,oakview care home limited,Birmingham,,,Social Care,Worker,Skilled Worker,,,,,unverified,,,no_first_party_identity_verified; attempt_count:1
244307,OCEAN BREEZE RESIDENTIAL CARE HOME,ocean breeze residential care home,HAMPSHIRE,HAMPSHIRE,South East,Social Care,Worker,Skilled Worker,,,,,unverified,,,no_first_party_identity_verified; attempt_count:1
244362,Oceanmart Limited T/A Kenroyal Nursing Home,oceanmart limited t a kenroyal nursing home,Northamptonshire,,,Social Care,Worker,Skilled Worker,,,,,unverified,,,no_first_party_identity_verified; attempt_count:1
244536,Offington Park Limited T/A Offington Park Care Home,offington park limited t a offington park care home,Worthing,West Sussex,South East,Social Care,Worker,Skilled Worker,,,,,unverified,,,no_first_party_identity_verified; attempt_count:1
247827,Park Lodge Residential Care Home,park lodge residential care home,BROADSTONE,England,,Social Care,Worker,Skilled Worker,,,,,unverified,,,no_first_party_identity_verified; attempt_count:1
247866,Park Vista Care Home Limited,park vista care home limited,Peterborough,Cambridgeshire,East of England,Social Care,Worker,Skilled Worker,,,,,unverified,,,no_first_party_identity_verified; attempt_count:1
247876,Parkdale Care Home,parkdale care home,Wolverhampton,,,Social Care,Worker,Skilled Worker,,,,,unverified,,,no_first_party_identity_verified; attempt_count:1
247888,Parkfield Grange Care Home,parkfield grange care home,Stourbridge,West Midlands,West Midlands,Social Care,Worker,Skilled Worker,,,,,unverified,,,no_first_party_identity_verified; attempt_count:1
248106,Passion Home Care Ltd,passion home care ltd,Atherton,Greater Manchester,North West,Social Care,Worker,Skilled Worker,,,,,unverified,,,no_first_party_identity_verified; attempt_count:1
248370,PAXTON HALL CARE LTD T/A Paxton Hall Care Home,paxton hall care ltd t a paxton hall care home,St Neots,Mr,,Social Care,Worker,Skilled Worker,,selicb.paxtongreen@nhs.net,,,unverified,,,no_first_party_identity_verified; attempt_count:2
248566,Peace of Mind Home Care Solutions,peace of mind home care solutions,London,Greater London,London,Social Care,Worker,Skilled Worker,,jobs@careinmind.com,,https://duckduckgo.com/,medium,https://duckduckgo.com/,SponsorList,name_tokens_on_page:peace+mind; attempt_count:2
248642,PEARL HOME CARE LTD,pearl home care ltd,Barnsley,,,Social Care,Worker,Skilled Worker,,,,,unverified,,,no_first_party_identity_verified; attempt_count:1
248736,Peepal Tree Support Services Ltd,peepal tree support services ltd,Hayes,Middlesex,,Social Care,Worker,Skilled Worker,,,,,unverified,,,no_first_party_identity_verified; attempt_count:1
248825,Pen-coed Residential Care Home,pen coed residential care home,Saundersfoot,Wales,Wales,Social Care,Worker,Skilled Worker,,,,,unverified,,,no_first_party_identity_verified; attempt_count:1
248834,Pendennis Care Home,pendennis care home,Paignton,Torbay,South West,Social Care,Worker,Skilled Worker,,,,,unverified,,,no_first_party_identity_verified; attempt_count:1
248981,Pentwyn Care Ltd T/A Pentwyn House Nursing Home,pentwyn care ltd t a pentwyn house nursing home,Marshfield,Cardiff,Wales,Social Care,Worker,Skilled Worker,,,,,unverified,,,no_first_party_identity_verified; attempt_count:1
249230,PermaCare Limited T/A Mundy House Care Home,permacare limited t a mundy house care home,Essex,,,Social Care,Worker,Skilled Worker,,,,,unverified,,,no_first_party_identity_verified; attempt_count:1
249798,PHOENIX GOLD HOME CARE & SUPPORT LIMITED,phoenix gold home care and support limited,"Nuneaton, Warwickshire",England,,Social Care,Worker,Skilled Worker,,,,,unverified,,,no_first_party_identity_verified; attempt_count:1
249949,Phronesis Support Services LTD,phronesis support services ltd,Scunthorpe,North Lincolnshire,Yorkshire and the Humber,Social Care,Worker,Skilled Worker,,,,https://www.phronesissupportservices.co.uk/,high,https://www.phronesissupportservices.co.uk/,SponsorList,name_tokens_on_page:phronesis+support;location_on_page; attempt_count:1
250199,PINDY ENTERPRISES LTD T/A HAZELBROOK CHRISTIAN NURSING HOME,pindy enterprises ltd t a hazelbrook christian nursing home,BOLTON,LANCASHIRE,North West,Social Care,Worker,Skilled Worker,,,,,unverified,,,no_first_party_identity_verified; attempt_count:0
250216,Pinehurst Care Home Limited,pinehurst care home limited,Ilfracombe,,,Social Care,Worker,Skilled Worker,,,,,unverified,,,no_first_party_identity_verified; attempt_count:0
250222,Pinewood Nursing Home,pinewood nursing home,West Sussex,,,Social Care,Worker,Skilled Worker,,,,,unverified,,,no_first_party_identity_verified; attempt_count:0
250223,Pinewood Residential Care Services Ltd,pinewood residential care services ltd,Wallington,,,Social Care,Worker,Skilled Worker,,,,,unverified,,,no_first_party_identity_verified; attempt_count:0
250231,Pinford End House Nursing Home,pinford end house nursing home,Bury St. Edmunds,United Kingdom,,Social Care,Worker,Skilled Worker,,,,,unverified,,,no_first_party_identity_verified; attempt_count:0
250274,PINNACLE CARE HOMES LIMITED T/A MARYFIELD CARE HOME,pinnacle care homes limited t a maryfield care home,HOOK,HAMPSHIRE,South East,Social Care,Worker,Skilled Worker,,recruitment@akaricare.co.uk,,,low,https://akaricare.co.uk/,contact_email_domain,possible_lead_not_accepted:only_one_name_token_on_page_without_hostname_match:homes; attempt_count:2
250325,Pinxton Manor Limited T/A Pinxton Manor Nursing Home,pinxton manor limited t a pinxton manor nursing home,Nottingham,,,Social Care,Worker,Skilled Worker,,mvp.hr@nhs.net,,,unverified,,,no_first_party_identity_verified; attempt_count:1
250752,Plas Bod Llwyd  Care Home,plas bod llwyd care home,Wrexham,,,Social Care,Worker,Skilled Worker,,,,,unverified,,,no_first_party_identity_verified; attempt_count:1
250754,PLAS DERWEN NURSING HOME,plas derwen nursing home,HOLYWELL,FLINTSHIRE,Wales,Social Care,Worker,Skilled Worker,,,,,unverified,,,no_first_party_identity_verified; attempt_count:1
250755,Plas Gwyn Nursing Home,plas gwyn nursing home,Ruthin,Denbighshire,Wales,Social Care,Worker,Skilled Worker,,,,,unverified,,,no_first_party_identity_verified; attempt_count:1
250758,Plas Y Bryn Care Home,plas y bryn care home,Rhos on Sea,Conwy,Wales,Social Care,Worker,Skilled Worker,,,,,unverified,,,no_first_party_identity_verified; attempt_count:1
250797,Platform Support Services Limited,platform support services limited,London,,,Social Care,Worker,Skilled Worker,,,,https://www.platformsupportservices.com/,high,https://www.platformsupportservices.com/,SponsorList,name_tokens_on_page:platform+support;location_on_page; attempt_count:1
250820,Platinum Home Care Ltd,platinum home care ltd,Nottingham,Nottinghamshire,East Midlands,Social Care,Worker,Skilled Worker,,,,,unverified,,,no_first_party_identity_verified; attempt_count:0
250831,Platinum Services for Children (Residential care) Ltd,platinum services for children residential care ltd,Coventry,,,Social Care,Worker,Skilled Worker,,,,,unverified,,,no_first_party_identity_verified; attempt_count:0
251080,PNP CARE HOME LTD,pnp care home ltd,Blackpool,Lancashire,North West,Social Care,Worker,Skilled Worker,,,,,unverified,,,no_first_party_identity_verified; attempt_count:1
251179,Polefield Nursing Home,polefield nursing home,Manchester,,,Social Care,Worker,Skilled Worker,,,,,unverified,,,no_first_party_identity_verified; attempt_count:0
251201,Polish Residential Care Home,polish residential care home,Corby,Northamptonshire,East Midlands,Social Care,Temporary Worker,Religious Worker,,,,,unverified,,,no_first_party_identity_verified; attempt_count:0
251330,Poole Home Care,poole home care,Poole,Dorset,South West,Social Care,Worker,Skilled Worker,,,,,unverified,,,no_first_party_identity_verified; attempt_count:1
251372,Poplars Care Home t/as APPCOURT LIMITED,poplars care home t as appcourt limited,Ruislip,Middlesex,,Social Care,Worker,Skilled Worker,,,,,low,https://www.cqc.org.uk/,SponsorList,possible_lead_not_accepted:only_one_name_token_on_page_without_hostname_match:home; attempt_count:1
251373,Poplars Nursing Home,poplars nursing home,Smethwick,West Midlands,West Midlands,Social Care,Worker,Skilled Worker,,,,,unverified,,,no_first_party_identity_verified; attempt_count:1
251491,Portland Nursing Home,portland nursing home,Buxton,Derbyshire,East Midlands,Social Care,Worker,Skilled Worker,,,,,unverified,,,no_first_party_identity_verified; attempt_count:1
251544,Portway House Care Home Ltd,portway house care home ltd,Oldbury,,,Social Care,Worker,Skilled Worker,,,,,unverified,,,no_first_party_identity_verified; attempt_count:0
251958,Precious Support Services Ltd,precious support services ltd,Leamington Spa,Warwickhsire,,Social Care,Worker,Skilled Worker,,,,https://www.precioussupportservices.co.uk/,high,https://www.precioussupportservices.co.uk/,SponsorList,name_tokens_on_page:precious+support;location_on_page; attempt_count:1
252308,PRESTIGE HOME CARE LIMITED,prestige home care limited,Maidenhead,,,Social Care,Worker,Skilled Worker,,,,,unverified,,,no_first_party_identity_verified; attempt_count:0
252373,Pretty 1098 Limited T/A Stewton House Nursing Home,pretty 1098 limited t a stewton house nursing home,Louth,Lincolnshire,East Midlands,Social Care,Worker,Skilled Worker,,,,,low,https://visasponsorshipuk.com/,SponsorList,possible_lead_not_accepted:only_one_name_token_on_page_without_hostname_match:home; attempt_count:1
252481,Primary Carers 24/7 (HOME CARE) LIMITED,primary carers 24 7 home care limited,Preston,,,Social Care,Worker,Skilled Worker,,daniel.keane@pc24.nhs.uk,,,unverified,,,no_first_party_identity_verified; attempt_count:1; contact_email_domain_not_used_as_website_lead
252578,PRIME RESIDENTIAL CARE LIMITED,prime residential care limited,SUFFOLK,,,Social Care,Worker,Skilled Worker,,,,,unverified,,,no_first_party_identity_verified; attempt_count:0
252655,PRIMROSE HOUSE CARE HOME LIMITED,primrose house care home limited,Middlesex,,,Social Care,Worker,Skilled Worker,,,,,unverified,,,no_first_party_identity_verified; attempt_count:0
252734,Priorcare Homes Limited T/A Fernlea Care Home,priorcare homes limited t a fernlea care home,Stoke on Trent,Staffordshire,West Midlands,Social Care,Worker,Skilled Worker,,,,,unverified,,,no_first_party_identity_verified; attempt_count:0
252737,PRIORITY CARE HOME LIMITED,priority care home limited,Bradford,West Yorkshire,Yorkshire and the Humber,Social Care,Worker,Skilled Worker,,,,,unverified,,,no_first_party_identity_verified; attempt_count:0
252743,PRIORITY HOME CARE DORSET LTD,priority home care dorset ltd,Wimborne,,,Social Care,Worker,Skilled Worker,,,,,unverified,,,no_first_party_identity_verified; attempt_count:0
252750,PRIORY CC150 LIMITED t/a Doonbank House Care Home,priory cc150 limited t a doonbank house care home,Ayr,Ayrshire,,Social Care,Worker,Skilled Worker,,,,,low,https://visasponsorshipuk.com/,SponsorList,possible_lead_not_accepted:only_one_name_token_on_page_without_hostname_match:home; attempt_count:1
252760,Priory House Home Care Ltd,priory house home care ltd,Prestatyn,Denbighshire,Wales,Social Care,Worker,Skilled Worker,,,,,unverified,,,no_first_party_identity_verified; attempt_count:0
252764,PRIORY MEWS HEALTHCARE LIMITED t/as Priory Mews Care Home,priory mews healthcare limited t as priory mews care home,Dartford,Kent,South East,Social Care,Worker,Skilled Worker,,,,,unverified,,,no_first_party_identity_verified; attempt_count:0
252796,Pristine Domiciliary Care,pristine domiciliary care,Gloucester,Gloucestershire,South West,Social Care,Worker,Skilled Worker,,,,,unverified,,,no_first_party_identity_verified; attempt_count:0
252991,PROCTOR RESIDENTIAL CARE HOME,proctor residential care home,BRISTOL,,,Social Care,Worker,Skilled Worker,,,,,unverified,,,no_first_party_identity_verified; attempt_count:0
253052,Professional Care Support Services Ltd.,professional care support services ltd,Mitcham,Surrey,South East,Social Care,Worker,Skilled Worker,,,,,unverified,,,no_first_party_identity_verified; attempt_count:0
253062,Professional Home Care Ltd,professional home care ltd,Woodstock,,,Social Care,Worker,Skilled Worker,,,,,unverified,,,no_first_party_identity_verified; attempt_count:0
253286,Proper Home Care Ltd,proper home care ltd,Dudley,,,Social Care,Worker,Skilled Worker,,,,,unverified,,,no_first_party_identity_verified; attempt_count:0
296653,Zosh Ltd t/a Blossom Home Care,zosh ltd t a blossom home care,Ayr,,,Social Care,Worker,Skilled Worker,,,,,unverified,,,no_first_party_identity_verified; attempt_count:0
296775,NORTHHILL RESIDENTIAL CARE HOME - SOUTH YORKSHIRE LTD / NorthHill Care Home Ltd (Subsidiary),northhill residential care home south yorkshire ltd northhill care home ltd subsidiary,Sheffield,,,Social Care,Worker,Skilled Worker,,careers@ic24.nhs.uk,,,unverified,,,no_first_party_identity_verified; attempt_count:1; contact_email_domain_not_used_as_website_lead
296894,Mosanny Home Care Limited TA SureCare Ayrshire,mosanny home care limited ta surecare ayrshire,Kilmarnock,East Ayrshire,Scotland,Social Care,Worker,Skilled Worker,,,,,unverified,,,no_first_party_identity_verified; attempt_count:1
296990,Aegis Residential Care Homes Limited,aegis residential care homes limited,London,,,Social Care,Worker,Skilled Worker,,,,,unverified,,,no_first_party_identity_verified; attempt_count:1
297037,GOSHEN MULTISERVICES UNIVERSAL SUPPORT SERVICES GROUP LTD,goshen multiservices universal support services group ltd,DARTFORD,,,Social Care,Worker,Skilled Worker,,,,https://goshenmultiservices.com/,high,https://goshenmultiservices.com/,SponsorList,name_tokens_on_page:goshen+multiservices+support;location_on_page; attempt_count:1
297149,Explora Haven Training and Support Services Limited,explora haven training and support services limited,London,,,Social Care,Worker,Skilled Worker,,,,https://explorahaven.com/,high,https://explorahaven.com/,SponsorList,name_tokens_on_page:explora+haven+support;location_on_page; attempt_count:1
297339,Birchfield Residential Care Home Limited,birchfield residential care home limited,Blackburn,,,Social Care,Worker,Skilled Worker,,,,,unverified,,,no_first_party_identity_verified; attempt_count:1
297369,Lakeside House Nursing Home,lakeside house nursing home,Cardiff,,,Social Care,Worker,Skilled Worker,,,,,unverified,,,no_first_party_identity_verified; attempt_count:1
297548,Destined Home Care Support Ltd,destined home care support ltd,Bedford,,,Social Care,Worker,Skilled Worker,,,,,unverified,,,no_first_party_identity_verified; attempt_count:1
297881,Arcare Residential Care Limited,arcare residential care limited,Wolverhampton,,,Social Care,Worker,Skilled Worker,,,,,unverified,,,no_first_party_identity_verified; attempt_count:0
298078,Ardent Residential Care Home,ardent residential care home,Plymouth,,,Social Care,Worker,Skilled Worker,,,,,unverified,,,no_first_party_identity_verified; attempt_count:0
298079,Ardent Residential Care Home,ardent residential care home,Plymouth,,,Social Care,Worker,Skilled Worker,,,,,unverified,,,no_first_party_identity_verified; attempt_count:0
298143,ARG BUSINESS ASSOCIATES LIMITED t/a Redcroft Care Home,arg business associates limited t a redcroft care home,Colwyn Bay,North Wales,,Social Care,Worker,Skilled Worker,,,,,unverified,,,no_first_party_identity_verified; attempt_count:0
298380,Arlington House Residential Care Home,arlington house residential care home,Warrington,Cheshire,North West,Social Care,Worker,Skilled Worker,,,,,unverified,,,no_first_party_identity_verified; attempt_count:1
298478,Aronel Cottage Care Home Ltd,aronel cottage care home ltd,Bognor Regis,West Sussex,South East,Social Care,Worker,Skilled Worker,,,,,unverified,,,no_first_party_identity_verified; attempt_count:1
298706,Old Rectory Nursing Home Ltd,old rectory nursing home ltd,Capenhurst,,,Social Care,Worker,Skilled Worker,,,,,unverified,,,no_first_party_identity_verified; attempt_count:1
298723,Old Vicarage Registered Care Home Ltd,old vicarage registered care home ltd,Llangollen,DENBIGHSHIRE,Wales,Social Care,Worker,Skilled Worker,,,,,unverified,,,no_first_party_identity_verified; attempt_count:1
298739,Oldfield Residential Care Ltd,oldfield residential care ltd,Bridgnorth,Shropshire,West Midlands,Social Care,Worker,Skilled Worker,,,,,unverified,,,no_first_party_identity_verified; attempt_count:1
298952,Omega Oak Barn Care Home,omega oak barn care home,Beadlam,North Yorkshire,Yorkshire and the Humber,Social Care,Worker,Skilled Worker,,,,,unverified,,,no_first_party_identity_verified; attempt_count:1
299025,Omnia Care Home Group Ltd,omnia care home group ltd,Birmingham,,,Social Care,Worker,Skilled Worker,,,,,unverified,,,no_first_party_identity_verified; attempt_count:1
299142,ONE 2 ONE SUPPORT SERVICES NOTTINGHAM LTD,one 2 one support services nottingham ltd,NOTTINGHAM,,,Social Care,Worker,Skilled Worker,,hr@osdhealthcare.co.uk,,,unverified,,,no_first_party_identity_verified; attempt_count:2
299174,One Day At A Time Home Care Ltd,one day at a time home care ltd,Woodley,,,Social Care,Worker,Skilled Worker,,,,,unverified,,,no_first_party_identity_verified; attempt_count:1
299399,ONNY COTTAGE RESIDENTIAL CARE HOME,onny cottage residential care home,LUDLOW,SHROPSHIRE,West Midlands,Social Care,Worker,Skilled Worker,,,,,unverified,,,no_first_party_identity_verified; attempt_count:1
299767,OPTIONS FOR SUPPORTED LIVING,options for supported living,Liverpool,Merseyside,North West,Social Care,Worker,Skilled Worker,,,,,unverified,,,no_first_party_identity_verified; attempt_count:1
299854,Orange Care Ltd t/a The Beeches Nursing Home,orange care ltd t a the beeches nursing home,Hayle,Cornwall,South West,Social Care,Worker,Skilled Worker,,,,,unverified,,,no_first_party_identity_verified; attempt_count:1
299945,ORCHARD HOUSE NURSING HOME LTD,orchard house nursing home ltd,MABLETHORPE,,,Social Care,Worker,Skilled Worker,,,,,unverified,,,no_first_party_identity_verified; attempt_count:1
299947,Orchard Lea Nursing Home,orchard lea nursing home,Cullompton,Devon,South West,Social Care,Worker,Skilled Worker,,,,,unverified,,,no_first_party_identity_verified; attempt_count:1
299963,Orchard Views Residential Care Home,orchard views residential care home,Barnsley,South Yorkshire,Yorkshire and the Humber,Social Care,Worker,Skilled Worker,,,,,unverified,,,no_first_party_identity_verified; attempt_count:1
299970,Orchid Care Homes Limited t/a Springfield Care Home,orchid care homes limited t a springfield care home,March,,,Social Care,Worker,Skilled Worker,,recruitment@akaricare.co.uk,,,low,https://akaricare.co.uk/,contact_email_domain,possible_lead_not_accepted:only_one_name_token_on_page_without_hostname_match:homes; attempt_count:2
299973,Orchid Home Care Support Limited,orchid home care support limited,Bolton,,,Social Care,Worker,Skilled Worker,,,,,unverified,,,no_first_party_identity_verified; attempt_count:1
299979,Orchid Supported Living Limited,orchid supported living limited,Birmingham,West Midlands,West Midlands,Social Care,Worker,Skilled Worker,,,,https://www.orchidassistedliving.co.uk/,medium,https://www.orchidassistedliving.co.uk/,SponsorList,name_tokens_on_page:orchid+supported+living; attempt_count:1
300174,Orme View Care Home Limited,orme view care home limited,Llandudno,Conwy,Wales,Social Care,Worker,Skilled Worker,,,,,unverified,,,no_first_party_identity_verified; attempt_count:1
300208,Orrell Grange Nursing Home,orrell grange nursing home,Bootle,,,Social Care,Worker,Skilled Worker,,,,,unverified,,,no_first_party_identity_verified; attempt_count:1
300336,Osmaston Grange Care Home Ltd,osmaston grange care home ltd,Belper,Derbyshire,East Midlands,Social Care,Worker,Skilled Worker,,,,,unverified,,,no_first_party_identity_verified; attempt_count:0
300383,OTAS SUPPORTED LIVING LIMITED,otas supported living limited,SHEERNESS,KENT,South East,Social Care,Worker,Skilled Worker,,,,,unverified,,,no_first_party_identity_verified; attempt_count:0
300452,OUR FAMILY CARE HOME LIMITED TA Bescot Lodge Care Home,our family care home limited ta bescot lodge care home,West Midlands,,,Social Care,Worker,Skilled Worker,,recruitment@akaricare.co.uk,,https://akaricare.co.uk/,high,https://akaricare.co.uk/,contact_email_domain,name_tokens_on_page:our+family+home+lodge+home;location_on_page; attempt_count:1
300516,Outram Fields Care Home,outram fields care home,Sheffield,South Yorkshire,Yorkshire and the Humber,Social Care,Worker,Skilled Worker,,,,,unverified,,,no_first_party_identity_verified; attempt_count:1
300633,Ox Support Services Ltd.,ox support services ltd,Ascot,Berkshire,South East,Social Care,Worker,Skilled Worker,,,,,unverified,,,no_first_party_identity_verified; attempt_count:0
300847,Oyster Supported Living & Domicilary Care LTD,oyster supported living and domicilary care ltd,London,LONDON,London,Social Care,Worker,Skilled Worker,,,,,unverified,,,no_first_party_identity_verified; attempt_count:1
300880,Ozumba Training and Consultancy Services Limited trading as EMINENT DOMICILIARY CARE AGENCY,ozumba training and consultancy services limited trading as eminent domiciliary care agency,Croydon,Surrey,South East,Social Care,Worker,Skilled Worker,,contact@hcpa.info,,,low,https://www.hcpa.info/,contact_email_domain,possible_lead_not_accepted:only_one_name_token_on_page_without_hostname_match:training; attempt_count:2
300928,P B Residential Care Limited,p b residential care limited,Grimsby,Lincolnshire,East Midlands,Social Care,Worker,Skilled Worker,,,,,unverified,,,no_first_party_identity_verified; attempt_count:0
300986,P&N Care Home Ltd,p and n care home ltd,Northolt,Middlesex,,Social Care,Worker,Skilled Worker,,,,,unverified,,,no_first_party_identity_verified; attempt_count:0
301268,Palace House Care Home Limited,palace house care home limited,Burnley,,,Social Care,Worker,Skilled Worker,,,,,unverified,,,no_first_party_identity_verified; attempt_count:0
301629,Paradise Lodge Care Home Ltd,paradise lodge care home ltd,Chelmsford,Essex,East of England,Social Care,Worker,Skilled Worker,,,,,unverified,,,no_first_party_identity_verified; attempt_count:0
301777,Prospect Private Nursing Home,prospect private nursing home,Ballymena,Co Antrim,,Social Care,Worker,Skilled Worker,,,,,unverified,,,no_first_party_identity_verified; attempt_count:0
301954,Prudence Supported Living Limited,prudence supported living limited,Leicester,Leicestershire,East Midlands,Social Care,Worker,Skilled Worker,,,,,unverified,,,no_first_party_identity_verified; attempt_count:1
301959,Prudent Domiciliary Care,prudent domiciliary care,Ashford,Kent,South East,Social Care,Worker,Skilled Worker,,,,,unverified,,,no_first_party_identity_verified; attempt_count:1
301962,Prudent Supported Living Ltd,prudent supported living ltd,Nottingham,,,Social Care,Worker,Skilled Worker,,,,,unverified,,,no_first_party_identity_verified; attempt_count:0
301963,Prudent Supported Living Ltd,prudent supported living ltd,Nottingham,,,Social Care,Worker,Skilled Worker,,,,,unverified,,,no_first_party_identity_verified; attempt_count:0
301996,PSA Home Care Ltd T/A PSA Home Care,psa home care ltd t a psa home care,Birmingham,,,Social Care,Worker,Skilled Worker,,careers@cleosystems.com,,,unverified,,,no_first_party_identity_verified; attempt_count:1
302348,"PURITY NURSING LIMITED, T/A THE PRIORY NURSING HOME",purity nursing limited t a the priory nursing home,TELFORD,,,Social Care,Worker,Skilled Worker,,manager@ingleboroughnursinghome.com,,https://ingleboroughnursinghome.com/,medium,https://ingleboroughnursinghome.com/,contact_email_domain,name_tokens_on_page:nursing+home; attempt_count:1
302866,Quality Care Home (Midlands) Ltd,quality care home midlands ltd,Birmingham,,,Social Care,Worker,Skilled Worker,,,,,unverified,,,no_first_party_identity_verified; attempt_count:1
303592,R.F More Ltd T/A Riverside House care Home,r f more ltd t a riverside house care home,Wick,,,Social Care,Worker,Skilled Worker,,,,,low,https://duckduckgo.com/,SponsorList,possible_lead_not_accepted:only_one_name_token_on_page_without_hostname_match:more; attempt_count:1
303595,R.I.S.E Support Services Ltd,r i s e support services ltd,Southampton,Hampshire,South East,Social Care,Worker,Skilled Worker,,,,,low,https://rise-services.co.uk/,SponsorList,possible_lead_not_accepted:only_one_name_token_on_page_without_hostname_match:support; attempt_count:1
303636,R4R Home Care Service Ltd,r4r home care service ltd,Watford,Hertfordshire,East of England,Social Care,Worker,Skilled Worker,,,,,unverified,,,no_first_party_identity_verified; attempt_count:1
303732,Radah Care Ltd T/A Lizbis Care Home,radah care ltd t a lizbis care home,Rochester,,,Social Care,Worker,Skilled Worker,,careers@ic24.nhs.uk,,,unverified,,,no_first_party_identity_verified; attempt_count:0; contact_email_domain_not_used_as_website_lead
303740,RADCLIFFE CARE HOME LTD,radcliffe care home ltd,Mirfield,West Yorkshire,Yorkshire and the Humber,Social Care,Worker,Skilled Worker,,,,,unverified,,,no_first_party_identity_verified; attempt_count:0
303751,"Radfield Home Care - Camden, Islington & Haringey",radfield home care camden islington and haringey,London,,,Social Care,Worker,Skilled Worker,,,,,unverified,,,no_first_party_identity_verified; attempt_count:0
303752,"Radfield Home Care Stamford, Peterborough & Rutland",radfield home care stamford peterborough and rutland,Stamford,Lincs,,Social Care,Worker,Skilled Worker,,,,,unverified,,,no_first_party_identity_verified; attempt_count:0
303753,Radfield Home Care- Epsom & Leatherhead,radfield home care epsom and leatherhead,Leatherhead,Surrey,South East,Social Care,Worker,Skilled Worker,,,,,unverified,,,no_first_party_identity_verified; attempt_count:0
303782,Radiant Care Limited T/A Harmony House Nursing Home,radiant care limited t a harmony house nursing home,Brighton,,,Social Care,Worker,Skilled Worker,,,,,unverified,,,no_first_party_identity_verified; attempt_count:0
303966,Rainbow Home Care Services Ltd,rainbow home care services ltd,London,,,Social Care,Worker,Skilled Worker,,,,,unverified,,,no_first_party_identity_verified; attempt_count:0
304182,Ram 217 LTD T/A Victoria House Care Home,ram 217 ltd t a victoria house care home,Blantyre,,,Social Care,Worker,Skilled Worker,,,,,unverified,,,no_first_party_identity_verified; attempt_count:0
304356,Ranelagh Care Home Ltd,ranelagh care home ltd,Liverpool,Merseyside,North West,Social Care,Worker,Skilled Worker,,,,,unverified,,,no_first_party_identity_verified; attempt_count:1
304370,Ranger Home Care,ranger home care,Camberley,Surrey,South East,Social Care,Worker,Skilled Worker,,,,,unverified,,,no_first_party_identity_verified; attempt_count:1
304413,Ranvilles Nursing Home,ranvilles nursing home,Fareham,Hampshire,South East,Social Care,Worker,Skilled Worker,,,,,unverified,,,no_first_party_identity_verified; attempt_count:0
304543,Rathgar Care Home Ltd,rathgar care home ltd,Milton Keynes,,,Social Care,Worker,Skilled Worker,,,,,unverified,,,no_first_party_identity_verified; attempt_count:0
304550,RATHSIDE RESIDENTIAL CARE HOME LIMITED,rathside residential care home limited,"Grimsby, North East Lincs",,,Social Care,Worker,Skilled Worker,,,,,unverified,,,no_first_party_identity_verified; attempt_count:1
304569,Raunds Lodge Nursing Home Limited,raunds lodge nursing home limited,Raunds,Wellingborough,,Social Care,Worker,Skilled Worker,,,,,unverified,,,no_first_party_identity_verified; attempt_count:0
304693,Rayners (Extra Care Home) Limited,rayners extra care home limited,Amersham,,,Social Care,Worker,Skilled Worker,,,,,unverified,,,no_first_party_identity_verified; attempt_count:0
304725,Raza Home Care Ltd,raza home care ltd,Morden,Surrey,South East,Social Care,Worker,Skilled Worker,,,,,unverified,,,no_first_party_identity_verified; attempt_count:0
304896,RDCP Care One Limited- Kings Bromley Care Home,rdcp care one limited kings bromley care home,Burton On Trent,Stafforshire,,Social Care,Worker,Skilled Worker,,recruitment@akaricare.co.uk,,https://akaricare.co.uk/,medium,https://akaricare.co.uk/,contact_email_domain,name_tokens_on_page:one+home; attempt_count:1
304958,Reach Learning Disability,reach learning disability,Southwell,Nottinghamshire,East Midlands,Social Care,Worker,Skilled Worker,,,,,unverified,,,no_first_party_identity_verified; attempt_count:0
305219,RECTORY HOUSE CARE LIMITED t/as Rectory House Nursing Home,rectory house care limited t as rectory house nursing home,Lancing,West Sussex,South East,Social Care,Worker,Skilled Worker,,recruitment@tappinghouse.org.uk,,https://tappinghouse.org.uk/,high,https://tappinghouse.org.uk/,contact_email_domain,name_tokens_on_page:house+house+home;location_on_page; attempt_count:1
305328,Red Oaks Care Home Ltd,red oaks care home ltd,Mansfield,Nottinghamshire,East Midlands,Social Care,Worker,Skilled Worker,,,,,unverified,,,no_first_party_identity_verified; attempt_count:1
305351,Red Rocks Nursing Home Ltd,red rocks nursing home ltd,Merseyside,,,Social Care,Worker,Skilled Worker,,,,,unverified,,,no_first_party_identity_verified; attempt_count:1
305430,Reddish Home Care Ltd,reddish home care ltd,Stockport,,,Social Care,Worker,Skilled Worker,,,,,unverified,,,no_first_party_identity_verified; attempt_count:1
305515,REDHOUSE CARE LIMITED t/as   The RedHouse Care Home,redhouse care limited t as the redhouse care home,Fareham,Hampshire,South East,Social Care,Worker,Skilled Worker,,recruitment@akaricare.co.uk,,,low,https://akaricare.co.uk/,contact_email_domain,possible_lead_not_accepted:only_one_name_token_on_page_without_hostname_match:home; attempt_count:2
305616,REEMY MEDICARE LIMITED T/A Laurel Mount Nursing Home,reemy medicare limited t a laurel mount nursing home,Keighley,,,Social Care,Worker,Skilled Worker,,,,,unverified,,,no_first_party_identity_verified; attempt_count:1
305725,Regency Nursing Home,regency nursing home,Southsea,Portsmouth,South East,Social Care,Worker,Skilled Worker,,,,,unverified,,,no_first_party_identity_verified; attempt_count:1
305800,REHABILITY UK SUPPORT SERVICES LTD,rehability uk support services ltd,Birmingham West Midlands,,,Social Care,Worker,Skilled Worker,,,,,unverified,,,no_first_party_identity_verified; attempt_count:1
305825,REHOBOTH HEALTH AND HOME CARE LIMITED,rehoboth health and home care limited,Leicester,,,Social Care,Worker,Skilled Worker,,,,,unverified,,,no_first_party_identity_verified; attempt_count:1
305826,Rehoboth Health and Home Care Ltd,rehoboth health and home care ltd,Leicester,,,Social Care,Worker,Skilled Worker,,,,,unverified,,,no_first_party_identity_verified; attempt_count:0
305910,RELIABLE SUPPORTED LIVING LTD,reliable supported living ltd,Birmingham,,,Social Care,Worker,Skilled Worker,,,,,unverified,,,no_first_party_identity_verified; attempt_count:1
306051,RENAISSANCE COMMUNITY CARE SERVICES Ltd t/as ASHWOOD RESIDENTIAL CARE HOME,renaissance community care services ltd t as ashwood residential care home,WIGAN,LANCASHIRE,North West,Social Care,Worker,Skilled Worker,,eva.otto@c-i-c.co.uk,,https://www.cqc.org.uk/,medium,https://www.cqc.org.uk/,SponsorList,name_tokens_on_page:community+residential+home; attempt_count:2
306259,Residential Care Providers Ltd,residential care providers ltd,Pinner,,,Social Care,Worker,Skilled Worker,,,,,unverified,,,no_first_party_identity_verified; attempt_count:1
306260,RESIDENTIAL CARE SERVICES LIMITED t/a Franklyn Lodge,residential care services limited t a franklyn lodge,Wembley,Middlesex,,Social Care,Worker,Skilled Worker,,,,,unverified,,,no_first_party_identity_verified; attempt_count:1
306340,Responsible Home Carers Limited,responsible home carers limited,London,,,Social Care,Worker,Skilled Worker,,,,,unverified,,,no_first_party_identity_verified; attempt_count:0
306366,Resthaven Nursing Home,resthaven nursing home,Gloucestershire,,,Social Care,Worker,Skilled Worker,,,,,unverified,,,no_first_party_identity_verified; attempt_count:1
306761,Rhoslan Care Home,rhoslan care home,Rhos on sea,Conwy,Wales,Social Care,Worker,Skilled Worker,,,,,unverified,,,no_first_party_identity_verified; attempt_count:0
306764,Rhosyn Melyn Care Home,rhosyn melyn care home,Wrexham,,,Social Care,Worker,Skilled Worker,,,,,unverified,,,no_first_party_identity_verified; attempt_count:0
306900,Richmond Nursing Home,richmond nursing home,Holywood,Co Down,,Social Care,Worker,Skilled Worker,,,,,unverified,,,no_first_party_identity_verified; attempt_count:0
306925,Rickeston Care Home Ltd,rickeston care home ltd,Milford Haven,Pembrokeshire,Wales,Social Care,Worker,Skilled Worker,,,,,unverified,,,no_first_party_identity_verified; attempt_count:0
306965,Ridgeview Supported Living Ltd,ridgeview supported living ltd,Derby,,,Social Care,Worker,Skilled Worker,,,,,unverified,,,no_first_party_identity_verified; attempt_count:0
307330,Rivendale Lodge EMI Care Home,rivendale lodge emi care home,East Sussex,,,Social Care,Worker,Skilled Worker,,,,,unverified,,,no_first_party_identity_verified; attempt_count:1
307385,Rivermede Court Care Home,rivermede court care home,Egham,Surrey,South East,Social Care,Worker,Skilled Worker,,,,,unverified,,,no_first_party_identity_verified; attempt_count:1
307397,RIVERSDALE(NORTHWEST)LTD T/A RIVERSDALE NURSING HOME,riversdale northwest ltd t a riversdale nursing home,WIRRAL,,,Social Care,Worker,Skilled Worker,,,,,unverified,,,no_first_party_identity_verified; attempt_count:0
307403,Riverside Care Home Limited,riverside care home limited,Burton on Trent,,,Social Care,Worker,Skilled Worker,,,,,unverified,,,no_first_party_identity_verified; attempt_count:0
307450,Rivervale Country Private Care Home LLP,rivervale country private care home llp,Cookstown,Tyrone,Northern Ireland,Social Care,Worker,Skilled Worker,,,,,unverified,,,no_first_party_identity_verified; attempt_count:0
307465,Rivington View Nursing Home Limited,rivington view nursing home limited,Bolton,Lancashire,North West,Social Care,Worker,Skilled Worker,,,,,unverified,,,no_first_party_identity_verified; attempt_count:0
307571,RK Support Services Limited,rk support services limited,London,,,Social Care,Worker,Skilled Worker,,,,,unverified,,,no_first_party_identity_verified; attempt_count:0
307853,Robertson Nursing Home Limited T/As Robertson Nursing Home,robertson nursing home limited t as robertson nursing home,Godalming,Surrey,South East,Social Care,Worker,Skilled Worker,,manager@ingleboroughnursinghome.com,,https://ingleboroughnursinghome.com/,medium,https://ingleboroughnursinghome.com/,contact_email_domain,name_tokens_on_page:nursing+home+nursing+home; attempt_count:1
307958,Rock Housing and Support Services Ltd,rock housing and support services ltd,Coventry,,,Social Care,Worker,Skilled Worker,,,,,unverified,,,no_first_party_identity_verified; attempt_count:0
308025,Rockliffe Court Residential Care home Limited,rockliffe court residential care home limited,Hull,East riding of Yorkshire,Yorkshire and the Humber,Social Care,Worker,Skilled Worker,,,,,unverified,,,no_first_party_identity_verified; attempt_count:0
308108,ROHAN CARE LIMITED T/A St Margarets Nursing home,rohan care limited t a st margarets nursing home,"Hythe, Kent",,,Social Care,Worker,Skilled Worker,,,,,unverified,,,no_first_party_identity_verified; attempt_count:0
308132,Rokewood Court Care Home,rokewood court care home,Kenley,Greater London,London,Social Care,Worker,Skilled Worker,,,,,unverified,,,no_first_party_identity_verified; attempt_count:0
308158,Roland Residential Care Homes LImited,roland residential care homes limited,London,,,Social Care,Worker,Skilled Worker,,,,,unverified,,,no_first_party_identity_verified; attempt_count:0
308398,Rose Lodge Care Home (Lisburn) Ltd,rose lodge care home lisburn ltd,Lisburn,Antrim,Northern Ireland,Social Care,Worker,Skilled Worker,,,,,unverified,,,no_first_party_identity_verified; attempt_count:0
308399,Rose Mount Supported Living Ltd,rose mount supported living ltd,Derby,Derbyshire,East Midlands,Social Care,Worker,Skilled Worker,,,,,unverified,,,no_first_party_identity_verified; attempt_count:0
308410,Rosebank Care Home,rosebank care home,Southport,,,Social Care,Worker,Skilled Worker,,,,,unverified,,,no_first_party_identity_verified; attempt_count:0
308415,Rosebuds Supported Living Ltd,rosebuds supported living ltd,Essex,,,Social Care,Worker,Skilled Worker,,,,,unverified,,,no_first_party_identity_verified; attempt_count:1
308416,Rosecare Chesterfield Limited T/A Brookholme Care Home,rosecare chesterfield limited t a brookholme care home,Chesterfield,Derbyshire,East Midlands,Social Care,Worker,Skilled Worker,,,,,unverified,,,no_first_party_identity_verified; attempt_count:0
308417,Rosecare Shirebrook Ltd T/A Richmond Care Home,rosecare shirebrook ltd t a richmond care home,Mansfield,,,Social Care,Worker,Skilled Worker,,,,,unverified,,,no_first_party_identity_verified; attempt_count:0
308420,Rosedale Care Home Limited,rosedale care home limited,Coalville,Leicestershire,East Midlands,Social Care,Worker,Skilled Worker,,,,,unverified,,,no_first_party_identity_verified; attempt_count:0
308424,ROSEDENE NURSING HOME,rosedene nursing home,LONDON,,,Social Care,Worker,Skilled Worker,,,,,unverified,,,no_first_party_identity_verified; attempt_count:0
308469,Rosevilla Care Home Stafford Limited,rosevilla care home stafford limited,Stafford,,,Social Care,Worker,Skilled Worker,,,,,unverified,,,no_first_party_identity_verified; attempt_count:0
308488,Roshini Care Home Ltd,roshini care home ltd,Southall,,,Social Care,Worker,Skilled Worker,,,,,low,https://www.cqc.org.uk/,SponsorList,possible_lead_not_accepted:only_one_name_token_on_page_without_hostname_match:home; attempt_count:1
308516,Rossa Home Care Limited,rossa home care limited,Hounslow,,,Social Care,Worker,Skilled Worker,,,,,unverified,,,no_first_party_identity_verified; attempt_count:1
308534,Roster Home Care Ltd,roster home care ltd,Norwich,,,Social Care,Worker,Skilled Worker,,,,,unverified,,,no_first_party_identity_verified; attempt_count:1
308588,Rottingdean Nursing Home,rottingdean nursing home,Rottingdean,East Sussex,South East,Social Care,Worker,Skilled Worker,,,,,unverified,,,no_first_party_identity_verified; attempt_count:1
308682,Roxton Nursing Home LTD,roxton nursing home ltd,Birmingham,West Midlands,West Midlands,Social Care,Worker,Skilled Worker,,,,,unverified,,,no_first_party_identity_verified; attempt_count:0
308740,ROYAL COURT CARE HOME,royal court care home,HOYLAND,SOUTH YORKSHIRE,Yorkshire and the Humber,Social Care,Worker,Skilled Worker,,,,,unverified,,,no_first_party_identity_verified; attempt_count:0
308773,Royal Leamington Spa Nursing Home Ltd,royal leamington spa nursing home ltd,Leamington Spa,Warwickshire,West Midlands,Social Care,Worker,Skilled Worker,,,,,unverified,,,no_first_party_identity_verified; attempt_count:0
308790,Royal Park Nursing Home,royal park nursing home,Wolverhampton,,,Social Care,Worker,Skilled Worker,,,,,unverified,,,no_first_party_identity_verified; attempt_count:0
308832,Royale Carers ltd,royale carers ltd,Southend-on-sea,Essex,East of England,Social Care,Worker,Skilled Worker,,,,,unverified,,,no_first_party_identity_verified; attempt_count:0
309023,RSJB Quality Care Homes Limited T/A  Abney Low Nursing home,rsjb quality care homes limited t a abney low nursing home,Wirral,,,Social Care,Worker,Skilled Worker,,,,,unverified,,,no_first_party_identity_verified; attempt_count:0
309096,RTL Group Support Services Ltd,rtl group support services ltd,London,,,Social Care,Temporary Worker,Creative Worker,,,,,unverified,,,no_first_party_identity_verified; attempt_count:0
309097,RTL Group Support Services Ltd,rtl group support services ltd,London,,,Social Care,Temporary Worker,Creative Worker,,,,,unverified,,,no_first_party_identity_verified; attempt_count:0
309236,RUISLIP CARE HOME LIMITED,ruislip care home limited,Ruislip,Middlesex,,Social Care,Worker,Skilled Worker,,,,,unverified,,,no_first_party_identity_verified; attempt_count:0
309335,Russell Court Care Home Ltd,russell court care home ltd,Dudley,,,Social Care,Worker,Skilled Worker,,,,,unverified,,,no_first_party_identity_verified; attempt_count:0
309348,Russettings Care Ltd T/A  Russettings Care Home,russettings care ltd t a russettings care home,Haywards Heath,West Sussex,South East,Social Care,Worker,Skilled Worker,,,,,unverified,,,no_first_party_identity_verified; attempt_count:0
309374,Rutland House Care Home,rutland house care home,Sutton,,,Social Care,Worker,Skilled Worker,,,,,unverified,,,no_first_party_identity_verified; attempt_count:0
309495,Rylands Nursing Home Ltd,rylands nursing home ltd,Ballymena,Antrim,Northern Ireland,Social Care,Worker,Skilled Worker,,,,,unverified,,,no_first_party_identity_verified; attempt_count:1
309581,S & S Support Services,s and s support services,Ilford,Essex,East of England,Social Care,Worker,Skilled Worker,,,,,unverified,,,no_first_party_identity_verified; attempt_count:0
309702,S R Health Carers Limited t/a Walfinch Milton Keynes and Bedford,s r health carers limited t a walfinch milton keynes and bedford,Milton Keynes,County,,Social Care,Worker,Skilled Worker,,arabelle.casey@mkuh.nhs.co.uk,,,unverified,,,no_first_party_identity_verified; attempt_count:1
309809,S&S Home Care Ltd.,s and s home care ltd,Keighley,West Yorkshire,Yorkshire and the Humber,Social Care,Worker,Skilled Worker,,,,,unverified,,,no_first_party_identity_verified; attempt_count:1
310418,SAHNI CARE HOMES LIMITED T/A OAKLANDS CARE HOME,sahni care homes limited t a oaklands care home,KINGSWINFORD,West Midlands,West Midlands,Social Care,Worker,Skilled Worker,,recruitment@akaricare.co.uk,,,low,https://akaricare.co.uk/,contact_email_domain,possible_lead_not_accepted:only_one_name_token_on_page_without_hostname_match:homes; attempt_count:2
310542,Saint Camillus Limited T/A Sketty House Care Home,saint camillus limited t a sketty house care home,Sketty,Swansea,Wales,Social Care,Worker,Skilled Worker,,,,,unverified,,,no_first_party_identity_verified; attempt_count:0
310564,Sainthill House Care Home,sainthill house care home,Exeter,,,Social Care,Worker,Skilled Worker,,,,,unverified,,,no_first_party_identity_verified; attempt_count:0
310834,Salvete Care Home,salvete care home,Bedford,England,,Social Care,Worker,Skilled Worker,,,,,unverified,,,no_first_party_identity_verified; attempt_count:0
310950,Sammi Care Homes Ltd T/A Himley Manor Care Home,sammi care homes ltd t a himley manor care home,Dudley,,,Social Care,Worker,Skilled Worker,,careers@cleosystems.com,,,unverified,,,no_first_party_identity_verified; attempt_count:2
311208,Sandown Nursing Home LLP,sandown nursing home llp,Sandown,Isle of Wight,South East,Social Care,Worker,Skilled Worker,,,,,unverified,,,no_first_party_identity_verified; attempt_count:1
311339,Sans Soucie Home Care Ltd,sans soucie home care ltd,Guildford,Surrey,South East,Social Care,Worker,Skilled Worker,,,,,unverified,,,no_first_party_identity_verified; attempt_count:0
311688,Sathiavathy Nesarajah T/A as the pines residential care home,sathiavathy nesarajah t a as the pines residential care home,Weybridge,,,Social Care,Worker,Skilled Worker,,,,,unverified,,,no_first_party_identity_verified; attempt_count:0
311769,Savannah Home Care Services Ltd,savannah home care services ltd,Belvedere,,,Social Care,Worker,Skilled Worker,,,,,unverified,,,no_first_party_identity_verified; attempt_count:1
311845,Savoy Care Home Limited T/A Maryland Care Home,savoy care home limited t a maryland care home,Liverpool,,,Social Care,Worker,Skilled Worker,,recruitment@akaricare.co.uk,,,low,https://akaricare.co.uk/,contact_email_domain,possible_lead_not_accepted:only_one_name_token_on_page_without_hostname_match:home; attempt_count:2
312604,Seacliff Care Home,seacliff care home,Bournemouth,,,Social Care,Worker,Skilled Worker,,,,,unverified,,,no_first_party_identity_verified; attempt_count:0
312624,Seaford Homes Ltd T/A Nova House Care Home,seaford homes ltd t a nova house care home,Seaford,East Sussex,South East,Social Care,Worker,Skilled Worker,,,,,unverified,,,no_first_party_identity_verified; attempt_count:0
312715,SEAVIEW HOUSE PRIVATE NURSING HOME,seaview house private nursing home,Bangor,,,Social Care,Worker,Skilled Worker,,,,,unverified,,,no_first_party_identity_verified; attempt_count:1
312988,SELAH HOME CARE,selah home care,EDINBURGH,,,Social Care,Worker,Skilled Worker,,,,,unverified,,,no_first_party_identity_verified; attempt_count:1
313318,Seren Support Services Ltd,seren support services ltd,PORT TALBOT,Neath Port Talbot,Wales,Social Care,Worker,Skilled Worker,,,,,unverified,,,no_first_party_identity_verified; attempt_count:1
313323,Serendip Home Care Limited,serendip home care limited,New Milton,,,Social Care,Worker,Skilled Worker,,,,,unverified,,,no_first_party_identity_verified; attempt_count:1
313335,SERENE HOME CARE LIMITED,serene home care limited,"Hornchurch, London",England,,Social Care,Worker,Skilled Worker,,,,,unverified,,,no_first_party_identity_verified; attempt_count:1
313477,Seth Homes Ltd T/as Stoneacre Lodge Care Home,seth homes ltd t as stoneacre lodge care home,Doncaster,,,Social Care,Worker,Skilled Worker,,,,,unverified,,,no_first_party_identity_verified; attempt_count:1
313485,Setting Steps Support Services Ltd,setting steps support services ltd,Liverpool,Merseyside,North West,Social Care,Worker,Skilled Worker,,,,https://settingsteps.com/,high,https://settingsteps.com/,SponsorList,name_tokens_on_page:setting+steps+support;location_on_page; attempt_count:1
313497,Sevaline Carehomes Limited t/a Heaton House Care Home,sevaline carehomes limited t a heaton house care home,BOLTON,,,Social Care,Worker,Skilled Worker,,,,,unverified,,,no_first_party_identity_verified; attempt_count:1
313603,Seymour House Residential Care Homes Limited,seymour house residential care homes limited,Middlesex,,,Social Care,Worker,Skilled Worker,,,,,unverified,,,no_first_party_identity_verified; attempt_count:1
313932,Shalom Community Support Services Ltd,shalom community support services ltd,Essex,,,Social Care,Worker,Skilled Worker,,,,https://shalomsupport.co.uk/,high,https://shalomsupport.co.uk/,SponsorList,name_tokens_on_page:shalom+community+support;location_on_page; attempt_count:1
314027,Shannon Court Care Home Limited,shannon court care home limited,Bolton,,,Social Care,Worker,Skilled Worker,,,,https://www.shannoncourt.co.uk/,high,https://www.shannoncourt.co.uk/,SponsorList,name_tokens_on_page:shannon+court+home;location_on_page; attempt_count:1
314057,SHAPED CARE & SUPPORT SERVICES LTD,shaped care and support services ltd,Preston,,,Social Care,Worker,Skilled Worker,,,,,unverified,,,no_first_party_identity_verified; attempt_count:1
314123,Sharnbrook Care Home Limited T/A Sharnbrook Lodge,sharnbrook care home limited t a sharnbrook lodge,Dunstable,,,Social Care,Worker,Skilled Worker,,,,,unverified,,,no_first_party_identity_verified; attempt_count:0
314131,Sharoot Limited T/A Orchard Lodge Nursing Home,sharoot limited t a orchard lodge nursing home,Tilsworth,,,Social Care,Worker,Skilled Worker,,,,,unverified,,,no_first_party_identity_verified; attempt_count:0
314238,SHEBAHL SKILLS and SUPPORT SERVICES LTD,shebahl skills and support services ltd,London,,,Social Care,Worker,Skilled Worker,,,,https://www.shebahl.com/,high,https://www.shebahl.com/,SponsorList,name_tokens_on_page:shebahl+skills+support;name_tokens_on_host:shebahl; attempt_count:1
314296,Sheila-Jeans Home Care Limited,sheila jeans home care limited,Kington,,,Social Care,Worker,Skilled Worker,,,,,unverified,,,no_first_party_identity_verified; attempt_count:1
314395,Sherborne Court Care Home,sherborne court care home,Crewe,Cheshire,North West,Social Care,Worker,Skilled Worker,,,,,unverified,,,no_first_party_identity_verified; attempt_count:0
314402,Sherbutt Home Care Services,sherbutt home care services,York,East Riding of Yorkshire,Yorkshire and the Humber,Social Care,Worker,Skilled Worker,,,,,unverified,,,no_first_party_identity_verified; attempt_count:0
314434,Sherwood Care Homes Limited T/A Sandrock House Care Home,sherwood care homes limited t a sandrock house care home,Doncaster,,,Social Care,Worker,Skilled Worker,,careers@ghhospicecare.org.uk,,,unverified,,,no_first_party_identity_verified; attempt_count:1
314438,Sherwood Healthcare Ltd T/A Mansfield Manor Nursing Home,sherwood healthcare ltd t a mansfield manor nursing home,Mansfield,Nottinghamshire,East Midlands,Social Care,Worker,Skilled Worker,,,,,unverified,,,no_first_party_identity_verified; attempt_count:0
315268,Sidmouth Nursing Home Ltd,sidmouth nursing home ltd,Exeter,,,Social Care,Worker,Skilled Worker,,,,,unverified,,,no_first_party_identity_verified; attempt_count:1
315527,SILVER BIRCH CARE HOME LTD,silver birch care home ltd,Birmingham,West Midlands,West Midlands,Social Care,Worker,Skilled Worker,,,,,unverified,,,no_first_party_identity_verified; attempt_count:1
315559,Silver Springs Residential Care Home,silver springs residential care home,Watford,,,Social Care,Worker,Skilled Worker,,,,,unverified,,,no_first_party_identity_verified; attempt_count:1
315578,Silverburn Care Home,silverburn care home,GLASGOW,Lanarkshire,,Social Care,Worker,Skilled Worker,,,,,unverified,,,no_first_party_identity_verified; attempt_count:1
315582,Silverdale Care Home,silverdale care home,Castlederg,Co. Tyrone,,Social Care,Worker,Skilled Worker,,,,,unverified,,,no_first_party_identity_verified; attempt_count:1
315764,Simply Carehome Limited T/A Becket House Nursing Home,simply carehome limited t a becket house nursing home,Milton Keynes,Buckinghamshires,,Social Care,Worker,Skilled Worker,,,,,unverified,,,no_first_party_identity_verified; attempt_count:1
316406,Skies Home Care Ltd,skies home care ltd,Woking,,,Social Care,Worker,Skilled Worker,,,,,unverified,,,no_first_party_identity_verified; attempt_count:0
316477,SKM Medical TA Rozelle Nursing Home,skm medical ta rozelle nursing home,Abergavenny,,,Social Care,Worker,Skilled Worker,,,,,unverified,,,no_first_party_identity_verified; attempt_count:0
316522,SKY CARE NORTH WALES LTD T/A Bron Haul Care Home,sky care north wales ltd t a bron haul care home,Rhyl,Denbighshire,Wales,Social Care,Worker,Skilled Worker,,careers@ic24.nhs.uk,,,unverified,,,no_first_party_identity_verified; attempt_count:0; contact_email_domain_not_used_as_website_lead
316622,Skyline Home Care Services Limited,skyline home care services limited,Epsom,Surrey,South East,Social Care,Worker,Skilled Worker,,,,,unverified,,,no_first_party_identity_verified; attempt_count:0
317411,Snaith Hall Ltd (T/A Snaith Hall Care Home),snaith hall ltd t a snaith hall care home,Snaith,East Yorkshire,Yorkshire and the Humber,Social Care,Worker,Skilled Worker,,marta.kaszynska2@nhs.net,,,unverified,,,no_first_party_identity_verified; attempt_count:2
317485,Snowdrop Home Care Rutland Ltd,snowdrop home care rutland ltd,BARLEYTHORPE,Rutland,East Midlands,Social Care,Worker,Skilled Worker,,,,,unverified,,,no_first_party_identity_verified; attempt_count:1
317861,Solent Cliffs Nursing Home Limited,solent cliffs nursing home limited,Fareham,,,Social Care,Worker,Skilled Worker,,,,,unverified,,,no_first_party_identity_verified; attempt_count:0
317862,Solent Healthcare Ltd T/A Poplars care home,solent healthcare ltd t a poplars care home,"Bassett, Southampton",,,Social Care,Worker,Skilled Worker,,,,,unverified,,,no_first_party_identity_verified; attempt_count:0
317945,Solo Support Services Ltd,solo support services ltd,Nottingham,Nottinghamshire,East Midlands,Social Care,Worker,Skilled Worker,,recruitment@solosupportservices.co.uk,,,unverified,,,no_first_party_identity_verified; attempt_count:1
318091,Sonesta Nursing Home,sonesta nursing home,London,,,Social Care,Worker,Skilled Worker,,,,,unverified,,,no_first_party_identity_verified; attempt_count:0
318460,South West Home Care Ltd,south west home care ltd,Chippenham,,,Social Care,Worker,Skilled Worker,,darren.whiting1@nhs.net,,,unverified,,,no_first_party_identity_verified; attempt_count:2
318480,SOUTH WOLD NURSING HOME,south wold nursing home,LINCOLNSHIRE,,,Social Care,Worker,Skilled Worker,,,,,unverified,,,no_first_party_identity_verified; attempt_count:0
318527,Southcrest Nursing Home,southcrest nursing home,Redditch,Worcestershire,West Midlands,Social Care,Worker,Skilled Worker,,,,,unverified,,,no_first_party_identity_verified; attempt_count:0
318577,Southfield Care Home,southfield care home,Stockport,,,Social Care,Worker,Skilled Worker,,,,,unverified,,,no_first_party_identity_verified; attempt_count:0
318578,SOUTHFIELD COURT CARE HOME LTD,southfield court care home ltd,Huddersfield,West Yorkshire,Yorkshire and the Humber,Social Care,Worker,Skilled Worker,,,,,unverified,,,no_first_party_identity_verified; attempt_count:0
318603,Southside Nursing Home Ltd,southside nursing home ltd,Inverness,,,Social Care,Worker,Skilled Worker,,,,,unverified,,,no_first_party_identity_verified; attempt_count:0
318605,Southside Specialist Dementia Care Ltd,southside specialist dementia care ltd,Birmingham,West midlands,West Midlands,Social Care,Worker,Skilled Worker,,,,,unverified,,,no_first_party_identity_verified; attempt_count:0
318679,SP Home Care Ltd,sp home care ltd,Corby,Northamptonshire,East Midlands,Social Care,Worker,Skilled Worker,,,,,unverified,,,no_first_party_identity_verified; attempt_count:0
319319,Spire Home Care & Training Ltd,spire home care and training ltd,"Woodford Avenue, Ilford",Essex,East of England,Social Care,Worker,Skilled Worker,,,,,unverified,,,no_first_party_identity_verified; attempt_count:1
319330,Spirit Home Care Limited,spirit home care limited,Leicester,,,Social Care,Worker,Skilled Worker,,,,https://www.spirithomecare.co.uk/,high,https://www.spirithomecare.co.uk/,SponsorList,name_tokens_on_page:spirit+home;location_on_page; attempt_count:1
319525,SPRING SUCCESS HOME CARE LIMITED,spring success home care limited,COLCHESTER,,,Social Care,Worker,Skilled Worker,,,,,unverified,,,no_first_party_identity_verified; attempt_count:0
319531,Springbank Care Home Ltd,springbank care home ltd,Silsden,,,Social Care,Worker,Skilled Worker,,,,,unverified,,,no_first_party_identity_verified; attempt_count:0
319532,Springbank Nursing Home,springbank nursing home,Barry,Vale of Glamorgan,Wales,Social Care,Worker,Skilled Worker,,,,,unverified,,,no_first_party_identity_verified; attempt_count:0
319537,Springcare Support Services Ltd.,springcare support services ltd,London,,,Social Care,Worker,Skilled Worker,,,,,unverified,,,no_first_party_identity_verified; attempt_count:0
319545,Springfield Care Home,springfield care home,Chorley,Lancashire,North West,Social Care,Worker,Skilled Worker,,,,,unverified,,,no_first_party_identity_verified; attempt_count:0
319552,Springfield Home Care Services Limited,springfield home care services limited,Leeds,West Yorkshire,Yorkshire and the Humber,Social Care,Worker,Skilled Worker,,,,,unverified,,,no_first_party_identity_verified; attempt_count:0
319554,Springfield Manor UK Limited T/A Springfield Manor Nursing Home,springfield manor uk limited t a springfield manor nursing home,Guildford,Surrey,South East,Social Care,Worker,Skilled Worker,,mvp.hr@nhs.net,,,unverified,,,no_first_party_identity_verified; attempt_count:1
319901,SRJ CARE HOME LIMITED,srj care home limited,Wembley,Middlesex,,Social Care,Worker,Skilled Worker,,,,,unverified,,,no_first_party_identity_verified; attempt_count:0
319902,SRJ Care Home Limited,srj care home limited,London,,,Social Care,Worker,Skilled Worker,,,,,unverified,,,no_first_party_identity_verified; attempt_count:0
320053,SSG Support Services Group Limited,ssg support services group limited,London,Essex,East of England,Social Care,Worker,Skilled Worker,,,,,unverified,,,no_first_party_identity_verified; attempt_count:0
320137,St Andrew's Residential Care Home Limited,st andrew s residential care home limited,Oxford,Oxfordshire,South East,Social Care,Worker,Skilled Worker,,,,,unverified,,,no_first_party_identity_verified; attempt_count:1
320139,St Andrews Care Home,st andrews care home,Stanley,County Durham,North East,Social Care,Worker,Skilled Worker,,,,,unverified,,,no_first_party_identity_verified; attempt_count:1
320157,ST ANNE'S NURSING HOME LIMITED,st anne s nursing home limited,CHEPSTOW,MONMOUTHSHIRE,Wales,Social Care,Worker,Skilled Worker,,,,,unverified,,,no_first_party_identity_verified; attempt_count:0
320159,St Annes Care Ltd trading as St Annes Residential Care Home,st annes care ltd trading as st annes residential care home,West Sussex,,,Social Care,Worker,Skilled Worker,,,,,unverified,,,no_first_party_identity_verified; attempt_count:1
320162,St Annes Nursing Home Limited,st annes nursing home limited,Gwent,,,Social Care,Worker,Skilled Worker,,,,,unverified,,,no_first_party_identity_verified; attempt_count:1
320186,St Benedicts Nursing Home Limited,st benedicts nursing home limited,Glastonbury,Somerset,South West,Social Care,Worker,Skilled Worker,,,,,unverified,,,no_first_party_identity_verified; attempt_count:1
320189,St Bernards Residential Care Home,st bernards residential care home,SOLIHULL,,,Social Care,Worker,Skilled Worker,,,,,unverified,,,no_first_party_identity_verified; attempt_count:1
320194,St Brigas Residential Home For Adults with Learning Disabilities,st brigas residential home for adults with learning disabilities,Clevedon,North Somerset,South West,Social Care,Worker,Skilled Worker,,,,,unverified,,,no_first_party_identity_verified; attempt_count:1
320198,St Catherine Care Home LTD,st catherine care home ltd,London,,,Social Care,Worker,Skilled Worker,,,,,unverified,,,no_first_party_identity_verified; attempt_count:1
320202,ST CECILIA CARE HOME,st cecilia care home,SHEPTON MALLET,,,Social Care,Worker,Skilled Worker,https://whitecaregroup.co.uk/,,,https://whitecaregroup.co.uk/,high,https://whitecaregroup.co.uk/,existing_website,name_tokens_on_page:cecilia+home;location_on_page; attempt_count:1
320213,St Claire's Care Home,st claire s care home,Folkestone,Kent,South East,Social Care,Worker,Skilled Worker,,,,,unverified,,,no_first_party_identity_verified; attempt_count:1
320265,St Francis Care Home,st francis care home,Glasgow,,,Social Care,Worker,Skilled Worker,,,,,unverified,,,no_first_party_identity_verified; attempt_count:1
320282,St Georges Care Home,st georges care home,Taunton,Somerset,South West,Social Care,Worker,Skilled Worker,,,,,unverified,,,no_first_party_identity_verified; attempt_count:1
320317,St James House Residential Care,st james house residential care,Darwen,,,Social Care,Worker,Skilled Worker,,,,,unverified,,,no_first_party_identity_verified; attempt_count:0
320349,St Johns Care Home Ltd,st johns care home ltd,Norwich,Norfolk,East of England,Social Care,Worker,Skilled Worker,,,,,unverified,,,no_first_party_identity_verified; attempt_count:1
320354,St Johns Nursing Home,st johns nursing home,South Croydon,,,Social Care,Worker,Skilled Worker,,,,,unverified,,,no_first_party_identity_verified; attempt_count:1
320363,St Joseph's Nursing Home,st joseph s nursing home,Littlehampton,,,Social Care,Worker,Skilled Worker,,,,,unverified,,,no_first_party_identity_verified; attempt_count:0
320402,St Marks Care Home Ltd T/A St Marks Residential Care Home,st marks care home ltd t a st marks residential care home,Clacton-on-Sea,Essex,East of England,Social Care,Worker,Skilled Worker,,,,,unverified,,,no_first_party_identity_verified; attempt_count:1
320423,ST MARY'S NURSING HOME LIMITED,st mary s nursing home limited,London,,,Social Care,Worker,Skilled Worker,,,,,low,https://stmarysnursinghome.co.uk/,SponsorList,possible_lead_not_accepted:only_one_name_token_on_page_without_hostname_match:home; attempt_count:1
320425,St Mary's Residential Care Home,st mary s residential care home,Norwich,Norfolk,East of England,Social Care,Worker,Skilled Worker,,,,,unverified,,,no_first_party_identity_verified; attempt_count:1
320467,St Oswalds Care Home,st oswalds care home,Warrington,,,Social Care,Worker,Skilled Worker,,,,,unverified,,,no_first_party_identity_verified; attempt_count:1
320489,St Peter's Care Home Limited,st peter s care home limited,Bury St Edmunds,Suffolk,East of England,Social Care,Worker,Skilled Worker,,,,,unverified,,,no_first_party_identity_verified; attempt_count:1
320513,ST RONANS NURSING AND RESIDENTIAL CARE HOME,st ronans nursing and residential care home,PORTSMOUTH,HAMPSHIRE,South East,Social Care,Worker,Skilled Worker,,,,,unverified,,,no_first_party_identity_verified; attempt_count:1
320534,ST VINCENT'S CARE LTD T/A ST VINCENT'S CARE HOME,st vincent s care ltd t a st vincent s care home,East Sussex,,,Social Care,Worker,Skilled Worker,,,,,unverified,,,no_first_party_identity_verified; attempt_count:1
320565,St. Francis Private Care Home Ltd.,st francis private care home ltd,PORTADOWN,Armagh,Northern Ireland,Social Care,Worker,Skilled Worker,,,,,unverified,,,no_first_party_identity_verified; attempt_count:1
320586,St. Josephs Nursing Home,st josephs nursing home,Chelmsford,Essex,East of England,Social Care,Worker,Skilled Worker,,,,,unverified,,,no_first_party_identity_verified; attempt_count:1
320592,St. Marguerite Residential Care Home Ltd T/A St. Marguerite Residential Care Home,st marguerite residential care home ltd t a st marguerite residential care home,Eastbourne,East Sussex,South East,Social Care,Worker,Skilled Worker,,,,,unverified,,,no_first_party_identity_verified; attempt_count:1
320614,St.Cecilia Care Home,st cecilia care home,Poole,Dorset,South West,Social Care,Worker,Skilled Worker,,,,,unverified,,,no_first_party_identity_verified; attempt_count:1
320619,St.Marys House Care Home,st marys house care home,Bungay,Suffolk,East of England,Social Care,Worker,Skilled Worker,,,,,unverified,,,no_first_party_identity_verified; attempt_count:1
320671,STAFF SUPPORT SERVICES LIMITED,staff support services limited,Slough,,,Social Care,Worker,Skilled Worker,,,,https://staffsupportservices.com/,medium,https://staffsupportservices.com/,SponsorList,name_tokens_on_page:staff+support; attempt_count:1
320785,Stanfield Nursing Home Limited,stanfield nursing home limited,Worcester,,,Social Care,Worker,Skilled Worker,,,,,unverified,,,no_first_party_identity_verified; attempt_count:1
320814,Stanmore Associates Ltd t/a In-Home Care Basingstoke,stanmore associates ltd t a in home care basingstoke,Basingstoke,,,Social Care,Worker,Skilled Worker,,,,,unverified,,,no_first_party_identity_verified; attempt_count:1
320838,Stapely Jewish Care Home Limited,stapely jewish care home limited,Liverpool,Merseyside,North West,Social Care,Worker,Skilled Worker,,resourcing@jcare.org,,,low,https://www.cqc.org.uk/,SponsorList,possible_lead_not_accepted:only_one_name_token_on_page_without_hostname_match:home; attempt_count:2
320872,Star Domiciliary Care Limited,star domiciliary care limited,Manchester,Greater Manchester,North West,Social Care,Worker,Skilled Worker,,,,,unverified,,,no_first_party_identity_verified; attempt_count:1
320899,STAR LITE SUPPORT SERVICES LIMITED,star lite support services limited,Rainham,Essex,East of England,Social Care,Worker,Skilled Worker,,,,,unverified,,,no_first_party_identity_verified; attempt_count:1
320942,STAR SRI UK LTD T/A Cumberland Court Care Home,star sri uk ltd t a cumberland court care home,St Leonards On Sea,East Sussex,South East,Social Care,Worker,Skilled Worker,,,,,unverified,,,no_first_party_identity_verified; attempt_count:1
320983,Starfish Support Services Limited,starfish support services limited,"Southampton,",,,Social Care,Worker,Skilled Worker,,,,,unverified,,,no_first_party_identity_verified; attempt_count:1
321009,STARLIGHT SUPPORT SERVICES LTD,starlight support services ltd,Birmingham,,,Social Care,Worker,Skilled Worker,,,,,unverified,,,no_first_party_identity_verified; attempt_count:1
321240,Steeton Court Nursing Home,steeton court nursing home,Keighley,,,Social Care,Worker,Skilled Worker,,,,,unverified,,,no_first_party_identity_verified; attempt_count:1
321248,Stella House Care Home,stella house care home,Pontefract,West Yorkshire,Yorkshire and the Humber,Social Care,Worker,Skilled Worker,,,,,unverified,,,no_first_party_identity_verified; attempt_count:1
321299,Stenham Support Services Ltd,stenham support services ltd,London,,,Social Care,Worker,Global Business Mobility: Senior or Specialist Worker,,,,,unverified,,,no_first_party_identity_verified; attempt_count:1
321300,Stenham Support Services Ltd,stenham support services ltd,London,,,Social Care,Worker,Global Business Mobility: Senior or Specialist Worker,,,,,unverified,,,no_first_party_identity_verified; attempt_count:1
321310,STEP AHEAD HOME CARE LTD,step ahead home care ltd,Leeds,,,Social Care,Worker,Skilled Worker,,,,,unverified,,,no_first_party_identity_verified; attempt_count:1
321318,Step Up Supported  Living Limited,step up supported living limited,Gloucester,Gloucestershire,South West,Social Care,Worker,Skilled Worker,,,,,unverified,,,no_first_party_identity_verified; attempt_count:1
321337,Stephen Support Services Ltd,stephen support services ltd,West Bromwich,,,Social Care,Worker,Skilled Worker,,,,,low,https://www.cqc.org.uk/,SponsorList,possible_lead_not_accepted:only_one_name_token_on_page_without_hostname_match:support; attempt_count:1
321387,Sterling Care Home t/a Nightingale House,sterling care home t a nightingale house,Paisley,,,Social Care,Worker,Skilled Worker,,,,,unverified,,,no_first_party_identity_verified; attempt_count:1
321416,Sterling Supported Living Ltd,sterling supported living ltd,Ilkeston,Derbyshire,East Midlands,Social Care,Worker,Skilled Worker,,,,,unverified,,,no_first_party_identity_verified; attempt_count:1
321592,Stockwellcare Support Services Ltd,stockwellcare support services ltd,London,,,Social Care,Worker,Skilled Worker,,,,,unverified,,,no_first_party_identity_verified; attempt_count:1
321660,Stonebridge Nursing Home,stonebridge nursing home,Redditch,Worcs,,Social Care,Worker,Skilled Worker,,,,,unverified,,,no_first_party_identity_verified; attempt_count:1
321663,Stonecross Care Home (Kendal) Ltd,stonecross care home kendal ltd,Kendal,Cumbria,North West,Social Care,Worker,Skilled Worker,,,,,unverified,,,no_first_party_identity_verified; attempt_count:1
321685,STONELEIGH CARE HOME LIMITED,stoneleigh care home limited,DUDLEY,WEST MIDLANDS,West Midlands,Social Care,Worker,Skilled Worker,,,,,unverified,,,no_first_party_identity_verified; attempt_count:1
321686,Stoneleigh Residential Care Home,stoneleigh residential care home,Weston super Mare,Somerset,South West,Social Care,Worker,Skilled Worker,,,,,unverified,,,no_first_party_identity_verified; attempt_count:1
321828,Stow Park Nursing Home,stow park nursing home,Newport,Gwent,,Social Care,Worker,Skilled Worker,,,,,unverified,,,no_first_party_identity_verified; attempt_count:1
321908,Stratfield Care LLP t/as Stratfield Lodge Care Home,stratfield care llp t as stratfield lodge care home,Bournemouth,Dorset,South West,Social Care,Worker,Skilled Worker,,recruitment@ariacare.co.uk,,https://www.stratfieldlodge.co.uk/,high,https://www.stratfieldlodge.co.uk/,SponsorList,name_tokens_on_page:stratfield+stratfield+lodge+home;location_on_page; attempt_count:2
321933,Strathmore Care Home Limited,strathmore care home limited,Bolton,,,Social Care,Worker,Skilled Worker,,,,,unverified,,,no_first_party_identity_verified; attempt_count:1
322157,STUBBY LEAS CARE HOME LTD,stubby leas care home ltd,LICHFIELD,,,Social Care,Worker,Skilled Worker,,,,,unverified,,,no_first_party_identity_verified; attempt_count:1
322652,Summerhayes Care Home Ltd,summerhayes care home ltd,Crediton,DV,,Social Care,Worker,Skilled Worker,,,,,unverified,,,no_first_party_identity_verified; attempt_count:1
322814,Sunhill Court Nursing Home,sunhill court nursing home,Worthing,West Sussex,South East,Social Care,Worker,Skilled Worker,,,,,unverified,,,no_first_party_identity_verified; attempt_count:1
322822,SUNLIGHT HOUSE CARE HOME,sunlight house care home,MORDEN,SURREY,South East,Social Care,Worker,Skilled Worker,,,,,unverified,,,no_first_party_identity_verified; attempt_count:1
322866,Sunnybank House Care Home,sunnybank house care home,Eastleigh,Hampshire,South East,Social Care,Worker,Skilled Worker,,,,,unverified,,,no_first_party_identity_verified; attempt_count:1
322867,Sunnycroft Care Home Ltd,sunnycroft care home ltd,Norwich,Norfolk,East of England,Social Care,Worker,Skilled Worker,,,,,unverified,,,no_first_party_identity_verified; attempt_count:1
322873,Sunnyhill Residential Care Home,sunnyhill residential care home,Eastbourne,East Sussex,South East,Social Care,Worker,Skilled Worker,,,,,unverified,,,no_first_party_identity_verified; attempt_count:1
322877,Sunnyside Private Nursing Home Ltd,sunnyside private nursing home ltd,Iver,Bucks,,Social Care,Worker,Skilled Worker,,,,,unverified,,,no_first_party_identity_verified; attempt_count:1
322883,Sunquest Homes Ltd T/A Westerley Residential Care,sunquest homes ltd t a westerley residential care,Rickmansworth,Hertfordshire,East of England,Social Care,Worker,Skilled Worker,,,,,unverified,,,no_first_party_identity_verified; attempt_count:1
323166,SUPPORTED LIVING ENABLEMENT SERVICES LTD,supported living enablement services ltd,Basingstoke,,,Social Care,Worker,Skilled Worker,,,,https://www.supportedlivingenablement.co.uk/,high,https://www.supportedlivingenablement.co.uk/,SponsorList,name_tokens_on_page:supported+living+enablement;location_on_page; attempt_count:1
323167,Supported Living Services Ltd,supported living services ltd,London,,,Social Care,Worker,Skilled Worker,,,,,unverified,,,no_first_party_identity_verified; attempt_count:1
323168,Supported Living Solutions (NW) Ltd,supported living solutions nw ltd,Bolton,Greater Manchester,North West,Social Care,Worker,Skilled Worker,,,,https://www.slsnorthwest.co.uk/,medium,https://www.slsnorthwest.co.uk/,SponsorList,name_tokens_on_page:supported+living; attempt_count:1
323189,Supreme Care UK Ltd T/A Victoria house care home,supreme care uk ltd t a victoria house care home,Polegate,,,Social Care,Worker,Skilled Worker,,careers@ghhospicecare.org.uk,,,unverified,,,no_first_party_identity_verified; attempt_count:2
323193,Supreme Company And Sons Limited T/A Supreme Home Care,supreme company and sons limited t a supreme home care,London,,,Social Care,Worker,Skilled Worker,,,,,unverified,,,no_first_party_identity_verified; attempt_count:1
323204,Supreme Home Care Limited,supreme home care limited,Telford,Shropshire,West Midlands,Social Care,Worker,Skilled Worker,,,,,unverified,,,no_first_party_identity_verified; attempt_count:1
323234,Sure Healthcare & Supported Living (UK) Limited,sure healthcare and supported living uk limited,Hull,Yorkshire,Yorkshire and the Humber,Social Care,Worker,Skilled Worker,,,,,unverified,,,no_first_party_identity_verified; attempt_count:1
323303,Surrey &Kent Home Care Ltd,surrey and kent home care ltd,Sevenoaks,Kent,South East,Social Care,Worker,Skilled Worker,,,,,unverified,,,no_first_party_identity_verified; attempt_count:0
323320,Surrey Heights Dementia Care Centre Ltd,surrey heights dementia care centre ltd,Witley,Surrey,South East,Social Care,Worker,Skilled Worker,,,,,unverified,,,no_first_party_identity_verified; attempt_count:0
323407,Sussex Homecare Support Limited T/A Good Oaks Home Care (Mid-Sussex),sussex homecare support limited t a good oaks home care mid sussex,Burgess Hill,West Sussex,South East,Social Care,Worker,Skilled Worker,,anna.martin12@nhs.net,,,unverified,,,no_first_party_identity_verified; attempt_count:1
323480,Sutton in the Elms Care Home,sutton in the elms care home,Sutton in the Elms,Leicestershire,East Midlands,Social Care,Worker,Skilled Worker,,,,,unverified,,,no_first_party_identity_verified; attempt_count:0
323486,Sutton Park Grange Care Home,sutton park grange care home,Birmingham,West Midlands,West Midlands,Social Care,Worker,Skilled Worker,,,,,unverified,,,no_first_party_identity_verified; attempt_count:0
323620,Swan House Care Home,swan house care home,Chatteris,,,Social Care,Worker,Skilled Worker,,,,,unverified,,,no_first_party_identity_verified; attempt_count:0
323643,Swansea bay home care services Ltd,swansea bay home care services ltd,Swansea,,,Social Care,Worker,Skilled Worker,,,,,unverified,,,no_first_party_identity_verified; attempt_count:0
323769,SweetTree Home Care Services Limited,sweettree home care services limited,London,,,Social Care,Worker,Skilled Worker,,,,,unverified,,,no_first_party_identity_verified; attempt_count:0
323916,Swn-Y-Gan Ltd t/a SWN-Y-GAN NURSING HOME,swn y gan ltd t a swn y gan nursing home,Swansea,Wales,Wales,Social Care,Worker,Skilled Worker,,,,,unverified,,,no_first_party_identity_verified; attempt_count:1
324577,TAG Support Services Ltd,tag support services ltd,Warrington,Cheshire,North West,Social Care,Worker,Skilled Worker,,,,,low,https://visasponsorshipuk.com/,SponsorList,possible_lead_not_accepted:only_one_name_token_on_page_without_hostname_match:support; attempt_count:1
324751,TALBOT HOUSE CARE HOME,talbot house care home,Rugeley,Staffordshire,West Midlands,Social Care,Worker,Skilled Worker,,,,,unverified,,,no_first_party_identity_verified; attempt_count:0
324809,Tall Oaks Care Home,tall oaks care home,Biddulph,,,Social Care,Worker,Skilled Worker,,,,,unverified,,,no_first_party_identity_verified; attempt_count:0
324855,Tamar Support Services Limited,tamar support services limited,Sittingbourne,,,Social Care,Worker,Skilled Worker,,,,,unverified,,,no_first_party_identity_verified; attempt_count:0
324904,Tamworth Home Care Limited,tamworth home care limited,Tamworth,Staffordshire,West Midlands,Social Care,Worker,Skilled Worker,,,,,unverified,,,no_first_party_identity_verified; attempt_count:0
324917,TANCRED HALL CARE CENTRE LTD T/A PEACOCK MANOR NURSING HOME,tancred hall care centre ltd t a peacock manor nursing home,York,,,Social Care,Worker,Skilled Worker,,,,,unverified,,,no_first_party_identity_verified; attempt_count:0
325064,Tarasis Support Services,tarasis support services,Milford,Armagh,Northern Ireland,Social Care,Worker,Skilled Worker,,,,,unverified,,,no_first_party_identity_verified; attempt_count:0
325127,TAS CARE LTD t/a Rose Cottage Nursing Home,tas care ltd t a rose cottage nursing home,Swindon,,,Social Care,Worker,Skilled Worker,,,,,unverified,,,no_first_party_identity_verified; attempt_count:0
325313,Tavistock and Tamar Valley Home Care LTD (T/A Home Instead Tavistock),tavistock and tamar valley home care ltd t a home instead tavistock,Tavistock,Devon,South West,Social Care,Worker,Skilled Worker,,,,,unverified,,,no_first_party_identity_verified; attempt_count:0
325433,Tayside Home Care Limited,tayside home care limited,Crieff,Perthshire,,Social Care,Worker,Skilled Worker,,,,,unverified,,,no_first_party_identity_verified; attempt_count:0
325434,Tayside Home Care Ltd,tayside home care ltd,Crieff,Perthshire,,Social Care,Worker,Skilled Worker,,,,,unverified,,,no_first_party_identity_verified; attempt_count:1
325544,Te Hira Care Home Ltd,te hira care home ltd,Rugby,Warwickshire,West Midlands,Social Care,Worker,Skilled Worker,,,,,unverified,,,no_first_party_identity_verified; attempt_count:0
325769,Technical Support Services International Limited,technical support services international limited,London,,,Social Care,Worker,Skilled Worker,,,,,unverified,,,no_first_party_identity_verified; attempt_count:1
325957,Teen Support Services Ltd,teen support services ltd,Nottingham,Nottinghamshire,East Midlands,Social Care,Worker,Skilled Worker,,,,https://www.teensupportservices.co.uk/,high,https://www.teensupportservices.co.uk/,SponsorList,name_tokens_on_page:teen+support;location_on_page; attempt_count:1
326148,Teme Care Limited T/A Teme Court Residential Care Home,teme care limited t a teme court residential care home,Worcester,Worcestershire,West Midlands,Social Care,Worker,Skilled Worker,,recruitment@akaricare.co.uk,,https://akaricare.co.uk/,high,https://akaricare.co.uk/,contact_email_domain,name_tokens_on_page:court+residential+home;location_on_page; attempt_count:1
326184,Templemoyle Nursing Home,templemoyle nursing home,Londonderry,,,Social Care,Worker,Skilled Worker,,,,,unverified,,,no_first_party_identity_verified; attempt_count:0
326228,Tenda Hands Homecare Ltd t/a Tenda Home Care Ltd,tenda hands homecare ltd t a tenda home care ltd,Northolt Ealing,Middlesex,,Social Care,Worker,Skilled Worker,,,,,unverified,,,no_first_party_identity_verified; attempt_count:0
326232,tender care and support services limited,tender care and support services limited,COVENTRY,west midlands,West Midlands,Social Care,Worker,Skilled Worker,,,,,unverified,,,no_first_party_identity_verified; attempt_count:0
326234,TENDER HEARTS SUPPORT SERVICES LIMITED,tender hearts support services limited,London,,,Social Care,Worker,Skilled Worker,,,,,unverified,,,no_first_party_identity_verified; attempt_count:0
326791,Thatched House Residential Care Home,thatched house residential care home,Bognor Regis,West Sussex,South East,Social Care,Worker,Skilled Worker,,,,,unverified,,,no_first_party_identity_verified; attempt_count:1
326850,The Adelaide Lodge Care Home LLP,the adelaide lodge care home llp,Seaton,Devon,South West,Social Care,Worker,Skilled Worker,,,,,unverified,,,no_first_party_identity_verified; attempt_count:0
326906,The Amberley St Marks Care Home,the amberley st marks care home,Sale,,,Social Care,Worker,Skilled Worker,,,,,unverified,,,no_first_party_identity_verified; attempt_count:0
326910,The Amwell Care Home Limited,the amwell care home limited,Slough,,,Social Care,Worker,Skilled Worker,,,,,unverified,,,no_first_party_identity_verified; attempt_count:0
326974,The Ashton Care Home,the ashton care home,Hinckley,,,Social Care,Worker,Skilled Worker,,,,,unverified,,,no_first_party_identity_verified; attempt_count:1
327003,The Avenue Care Home,the avenue care home,Fareham,Hampshire,South East,Social Care,Worker,Skilled Worker,,,,,unverified,,,no_first_party_identity_verified; attempt_count:1
327004,The Avenue Care Home Limited T/A The Avenue Care Home,the avenue care home limited t a the avenue care home,Malvern,,,Social Care,Worker,Skilled Worker,,margaretoneill@nhs.net,,,unverified,,,no_first_party_identity_verified; attempt_count:2
327092,The Beeches Home Care Agency Limited,the beeches home care agency limited,Glasgow,,,Social Care,Worker,Skilled Worker,,,,,unverified,,,no_first_party_identity_verified; attempt_count:1
327203,THE BOLTONS CARE HOME LTD,the boltons care home ltd,READING,BERKSHIRE,South East,Social Care,Worker,Skilled Worker,,,,,unverified,,,no_first_party_identity_verified; attempt_count:1
327226,THE BOYNE CARE HOME LIMITED t/as The Boyne Residential Care Home,the boyne care home limited t as the boyne residential care home,Ruislip,Middlesex,,Social Care,Worker,Skilled Worker,,recruitment@akaricare.co.uk,,https://akaricare.co.uk/,medium,https://akaricare.co.uk/,contact_email_domain,name_tokens_on_page:home+residential+home; attempt_count:1
327414,The Cedars and Larches Care Home,the cedars and larches care home,Iikeston,,,Social Care,Worker,Skilled Worker,,,,,unverified,,,no_first_party_identity_verified; attempt_count:1
327415,The Cedars Care Home (Ashford) Ltd t/a The Cedars Care Home,the cedars care home ashford ltd t a the cedars care home,Ashford,,,Social Care,Worker,Skilled Worker,,careers@ic24.nhs.uk,,,unverified,,,no_first_party_identity_verified; attempt_count:1; contact_email_domain_not_used_as_website_lead
327467,The Chase Care Home Ltd,the chase care home ltd,Eastbourne,East Sussex,South East,Social Care,Worker,Skilled Worker,,,,,unverified,,,no_first_party_identity_verified; attempt_count:1
327570,The Coach House Care Home,the coach house care home,Wolverhampton,,,Social Care,Worker,Skilled Worker,,,,,unverified,,,no_first_party_identity_verified; attempt_count:1
327571,The Coach House Nursing Home,the coach house nursing home,Ripon,North Yorkshire,Yorkshire and the Humber,Social Care,Worker,Skilled Worker,,,,https://www.coachhousecare.co.uk/,medium,https://www.coachhousecare.co.uk/,SponsorList,name_tokens_on_page:coach+house+home; attempt_count:1
327610,The Comberton Nursing Home,the comberton nursing home,Stourbridge,,,Social Care,Worker,Skilled Worker,,,,,unverified,,,no_first_party_identity_verified; attempt_count:1
327691,The Cote Charity - Katherine/Griffiths  House Care Home,the cote charity katherine griffiths house care home,Bristol,South West,,Social Care,Worker,Skilled Worker,,,,,unverified,,,no_first_party_identity_verified; attempt_count:1
327694,The Cotswold Nursing Home Co Ltd,the cotswold nursing home co ltd,Tetbury,Gloucestershire,South West,Social Care,Worker,Skilled Worker,,,,,unverified,,,no_first_party_identity_verified; attempt_count:1
327695,THE COTSWOLD NURSING HOME COMPANY LIMITED,the cotswold nursing home company limited,Yeovil,,,Social Care,Worker,Skilled Worker,,,,https://www.cqc.org.uk/,medium,https://www.cqc.org.uk/,SponsorList,name_tokens_on_page:nursing+home; attempt_count:1
327703,The Court Care home ltd,the court care home ltd,Cardiff,,,Social Care,Worker,Skilled Worker,,,,,unverified,,,no_first_party_identity_verified; attempt_count:1
327729,The Croft Care Home (Whalley) Limited,the croft care home whalley limited,Lancashire,,,Social Care,Worker,Skilled Worker,,,,,unverified,,,no_first_party_identity_verified; attempt_count:1
327760,The Dales (Northwest) Ltd t/a The Dales Care Home,the dales northwest ltd t a the dales care home,Wirral,Merseyside,North West,Social Care,Worker,Skilled Worker,,hawes.dispensary@nhs.net,,,unverified,,,no_first_party_identity_verified; attempt_count:2
327761,THE DALES CARE HOME LTD,the dales care home ltd,MARYPORT,CUMBRIA,North West,Social Care,Worker,Skilled Worker,,,,,unverified,,,no_first_party_identity_verified; attempt_count:1
327762,The Dales Nursing Home Limited,the dales nursing home limited,Exeter,Devon,South West,Social Care,Worker,Skilled Worker,,,,https://www.thedalescare.com/,high,https://www.thedalescare.com/,SponsorList,name_tokens_on_page:dales+nursing+home;location_on_page; attempt_count:1
327860,The Doting Carers Ltd,the doting carers ltd,Letchworth,,,Social Care,Worker,Skilled Worker,,,,,unverified,,,no_first_party_identity_verified; attempt_count:1
328034,The Farnborough (War Memorial) Housing Society Limited T/A Knellwood Residential Care Home,the farnborough war memorial housing society limited t a knellwood residential care home,Farnborough,Hampshire,South East,Social Care,Worker,Skilled Worker,,,,,unverified,,,no_first_party_identity_verified; attempt_count:1
328050,THE FER VIEW RESIDENTIAL CARE HOME,the fer view residential care home,LONDON,UK Mainland,,Social Care,Worker,Skilled Worker,,,,,unverified,,,no_first_party_identity_verified; attempt_count:1
328051,The Ferns Care Home Limited,the ferns care home limited,Shropshire,,,Social Care,Worker,Skilled Worker,,,,,unverified,,,no_first_party_identity_verified; attempt_count:1
328059,THE FIELDS CARE HOME,the fields care home,BISHOP AUCKLAND,DURHAM,North East,Social Care,Worker,Skilled Worker,,,,,unverified,,,no_first_party_identity_verified; attempt_count:1
328060,THE FIELDS NURSING HOME LTD,the fields nursing home ltd,Newport,Wales,Wales,Social Care,Worker,Skilled Worker,,,,,unverified,,,no_first_party_identity_verified; attempt_count:1
328079,The Firs Care Home Limited,the firs care home limited,Breaston,Derbyshire,East Midlands,Social Care,Worker,Skilled Worker,,,,,unverified,,,no_first_party_identity_verified; attempt_count:1
328080,The Firs Care Home Ltd,the firs care home ltd,Calne,,,Social Care,Worker,Skilled Worker,,,,,unverified,,,no_first_party_identity_verified; attempt_count:1
328190,The Gables Care Home,the gables care home,Hagley,Worcestershire,West Midlands,Social Care,Worker,Skilled Worker,,,,,unverified,,,no_first_party_identity_verified; attempt_count:1
328254,The Glen Nursing Home ltd,the glen nursing home ltd,Shipley,West Yorkshire,Yorkshire and the Humber,Social Care,Worker,Skilled Worker,,,,,unverified,,,no_first_party_identity_verified; attempt_count:1
328319,The Grange Nursing Home,the grange nursing home,Addlestone,Surrey,South East,Social Care,Worker,Skilled Worker,,,,,unverified,,,no_first_party_identity_verified; attempt_count:1
328320,THE GRANGE NURSING HOME LTD,the grange nursing home ltd,SOUTHAMPTON,HAMPSHIRE,South East,Social Care,Worker,Skilled Worker,,,,,unverified,,,no_first_party_identity_verified; attempt_count:1
328325,The Granville Care Home Ltd,the granville care home ltd,Shirehampton,Bristol,South West,Social Care,Worker,Skilled Worker,,,,,low,https://www.cqc.org.uk/,SponsorList,possible_lead_not_accepted:only_one_name_token_on_page_without_hostname_match:home; attempt_count:1
328328,The Gravers Care Home Limited,the gravers care home limited,York,North Yorkshire,Yorkshire and the Humber,Social Care,Worker,Skilled Worker,,,,,unverified,,,no_first_party_identity_verified; attempt_count:1
328434,THE HAVEN HEIGHTS CARE HOME LTD,the haven heights care home ltd,Waterlooville,,,Social Care,Worker,Skilled Worker,,,,,unverified,,,no_first_party_identity_verified; attempt_count:1
328435,The Haven Nursing Home,the haven nursing home,Coventry,,,Social Care,Worker,Skilled Worker,,,,,unverified,,,no_first_party_identity_verified; attempt_count:1
328436,THE HAVEN RESIDENTIAL CARE HOME LTD,the haven residential care home ltd,CLACTON ON SEA,ESSEX,East of England,Social Care,Worker,Skilled Worker,,,,,unverified,,,no_first_party_identity_verified; attempt_count:1
328462,The Heathers Nursing Home,the heathers nursing home,Cannock,,,Social Care,Worker,Skilled Worker,,,,,unverified,,,no_first_party_identity_verified; attempt_count:1
328463,The Heathers Residential Care Home Limited,the heathers residential care home limited,Bromley,Kent,South East,Social Care,Worker,Skilled Worker,,,,,unverified,,,no_first_party_identity_verified; attempt_count:1
328783,The Knoll Nursing Home (Yeovil) Ltd,the knoll nursing home yeovil ltd,Yeovil,Somerset,South West,Social Care,Worker,Skilled Worker,,,,,unverified,,,no_first_party_identity_verified; attempt_count:1
328784,The Knowles Care Home,the knowles care home,Coventry,,,Social Care,Worker,Skilled Worker,,,,,unverified,,,no_first_party_identity_verified; attempt_count:1
328785,The Koppers Care Ltd T/A The Koppers Specialist Memory Care Home,the koppers care ltd t a the koppers specialist memory care home,Axminster,Devon,South West,Social Care,Worker,Skilled Worker,,tpc.hr.queries@bradford.nhs.uk,,,unverified,,,no_first_party_identity_verified; attempt_count:1; contact_email_domain_not_used_as_website_lead
328833,The Laurels Care Home,the laurels care home,"Wickford,",Essex,East of England,Social Care,Worker,Skilled Worker,,,,,unverified,,,no_first_party_identity_verified; attempt_count:1
328834,THE LAURELS NURSING HOME (HASTINGS) LIMITED,the laurels nursing home hastings limited,EAST SUSSEX,,,Social Care,Worker,Skilled Worker,,,,,unverified,,,no_first_party_identity_verified; attempt_count:1
328835,THE LAURELS RESIDENTIAL CARE LTD,the laurels residential care ltd,Aberdare,South Wales,,Social Care,Worker,Skilled Worker,,,,,unverified,,,no_first_party_identity_verified; attempt_count:1
328841,The Lawns Residential care home Ltd,the lawns residential care home ltd,Alvechurch,,,Social Care,Worker,Skilled Worker,,,,,unverified,,,no_first_party_identity_verified; attempt_count:1
328886,The Limes Care Home,the limes care home,Henlow,Bedfordshire,East of England,Social Care,Worker,Skilled Worker,,,,,unverified,,,no_first_party_identity_verified; attempt_count:1
328889,The Limes Residential Care Home,the limes residential care home,Bembridge,,,Social Care,Worker,Skilled Worker,,,,,unverified,,,no_first_party_identity_verified; attempt_count:1
328956,THE LONDON CITY CARE & SUPPORT SERVICES LTD,the london city care and support services ltd,London,,,Social Care,Worker,Skilled Worker,,,,,unverified,,,no_first_party_identity_verified; attempt_count:1
329047,The Manor House Nursing Home,the manor house nursing home,Stafford,,,Social Care,Worker,Skilled Worker,,,,https://www.caringhome.co.uk/,medium,https://www.caringhome.co.uk/,SponsorList,name_tokens_on_page:manor+house+nursing+home; attempt_count:1
329088,The Mayfield Residential Care Home Limited,the mayfield residential care home limited,Harrow,Middlesex,,Social Care,Worker,Skilled Worker,,,,,unverified,,,no_first_party_identity_verified; attempt_count:1
329089,The Mayfields Care Home,the mayfields care home,Long Stratton,Norfolk,East of England,Social Care,Worker,Skilled Worker,,,,,unverified,,,no_first_party_identity_verified; attempt_count:1
329140,The Mews Care Home,the mews care home,Stafford,Staffordshire,West Midlands,Social Care,Worker,Skilled Worker,,,,,unverified,,,no_first_party_identity_verified; attempt_count:0
329157,The Mill House Care Home,the mill house care home,Worcester,Worestershire,,Social Care,Worker,Skilled Worker,,,,,unverified,,,no_first_party_identity_verified; attempt_count:0
329295,The New Grange Care Home Ltd,the new grange care home ltd,Worthing,,,Social Care,Worker,Skilled Worker,,,,,low,https://duckduckgo.com/,SponsorList,possible_lead_not_accepted:only_one_name_token_on_page_without_hostname_match:new; attempt_count:1
329370,The Oaks Care Home,the oaks care home,Blaydon on Tyne,,,Social Care,Worker,Skilled Worker,,,,,unverified,,,no_first_party_identity_verified; attempt_count:1
329371,THE OAKS CARE HOME LIMITED,the oaks care home limited,Wigan,Greater Manchester,North West,Social Care,Worker,Skilled Worker,,,,,unverified,,,no_first_party_identity_verified; attempt_count:1
329372,The Oaks Nursing Home,the oaks nursing home,London,,,Social Care,Worker,Skilled Worker,,,,,unverified,,,no_first_party_identity_verified; attempt_count:1
329400,The Old Garden Care Home,the old garden care home,Hoylake,Wirral,North West,Social Care,Worker,Skilled Worker,,,,,unverified,,,no_first_party_identity_verified; attempt_count:1
329403,THE OLD LODGE NURSING HOME,the old lodge nursing home,ETWALL,DERBYSHIRE,East Midlands,Social Care,Worker,Skilled Worker,,,,,unverified,,,no_first_party_identity_verified; attempt_count:1
329411,The Old Rectory care home (Bramshall),the old rectory care home bramshall,uttoxeter,staffordshire,West Midlands,Social Care,Worker,Skilled Worker,,,,,unverified,,,no_first_party_identity_verified; attempt_count:1
329414,The Old Rectory Nursing Home,the old rectory nursing home,Doncaster,South Yorkshire,Yorkshire and the Humber,Social Care,Worker,Skilled Worker,,,,,unverified,,,no_first_party_identity_verified; attempt_count:1
329425,The Old Vicarage Care Home,the old vicarage care home,Grange Over Sands,,,Social Care,Worker,Skilled Worker,,,,,unverified,,,no_first_party_identity_verified; attempt_count:0
329426,The Old Vicarage Care Home,the old vicarage care home,Grange Over Sands,,,Social Care,Worker,Skilled Worker,,,,,unverified,,,no_first_party_identity_verified; attempt_count:0
329427,The Old Vicarage Nursing Home,the old vicarage nursing home,Stoke on Trent,,,Social Care,Worker,Skilled Worker,,,,,unverified,,,no_first_party_identity_verified; attempt_count:1
329516,The Paddocks Care Home LTD,the paddocks care home ltd,Norfolk,,,Social Care,Worker,Skilled Worker,,,,,unverified,,,no_first_party_identity_verified; attempt_count:0
329530,The Pantiles Care Home Limited,the pantiles care home limited,Ashtead,Surrey,South East,Social Care,Worker,Skilled Worker,,,,,unverified,,,no_first_party_identity_verified; attempt_count:0
329684,The Pines Residential Care Home,the pines residential care home,Bournemouth,Dorset,South West,Social Care,Worker,Skilled Worker,,,,,unverified,,,no_first_party_identity_verified; attempt_count:0
329710,The Poppies Care Home Limited,the poppies care home limited,South Humberside,,,Social Care,Worker,Skilled Worker,,,,,unverified,,,no_first_party_identity_verified; attempt_count:0
329877,The Red House Nursing Home Ltd T/A Red House Nursing Home,the red house nursing home ltd t a red house nursing home,Kent,,,Social Care,Worker,Skilled Worker,,barbara.caldwell@nhs.net,,,unverified,,,no_first_party_identity_verified; attempt_count:1
330380,The Stewart Partnership t/a Hilton Lodge Nursing Home,the stewart partnership t a hilton lodge nursing home,Haddington,East Lothian,Scotland,Social Care,Worker,Skilled Worker,,,,,low,https://opengovuk.com/,SponsorList,possible_lead_not_accepted:only_one_name_token_on_page_without_hostname_match:home; attempt_count:1
330597,The Vale Care Home,the vale care home,Chesterfield,,,Social Care,Worker,Skilled Worker,,,,,unverified,,,no_first_party_identity_verified; attempt_count:1
330738,The White House Nursing Home Limited,the white house nursing home limited,New Malden,,,Social Care,Worker,Skilled Worker,,jayne.ledbetter@nhs.net,,,unverified,,,no_first_party_identity_verified; attempt_count:1
330768,The Willows Care Home,the willows care home,Blackpool,,,Social Care,Worker,Skilled Worker,,,,,unverified,,,no_first_party_identity_verified; attempt_count:0
330777,The Windmill Care Home LTD,the windmill care home ltd,NORFOLK,Norfolk,East of England,Social Care,Worker,Skilled Worker,,,,,unverified,,,no_first_party_identity_verified; attempt_count:0
330797,The Woodlands Care Home Ltd,the woodlands care home ltd,Ickenham,,,Social Care,Worker,Skilled Worker,,,,,unverified,,,no_first_party_identity_verified; attempt_count:0
330821,The Worthies Residential Care Home Ltd,the worthies residential care home ltd,Bristol,,,Social Care,Worker,Skilled Worker,,,,,unverified,,,no_first_party_identity_verified; attempt_count:1
331148,Thomas Knight Care Home Limited,thomas knight care home limited,Blyth,,,Social Care,Worker,Skilled Worker,,,,,unverified,,,no_first_party_identity_verified; attempt_count:1
331149,THOMAS KNIGHT CARE HOME LIMITED,thomas knight care home limited,"Blyth,",,,Social Care,Worker,Skilled Worker,,,,,unverified,,,no_first_party_identity_verified; attempt_count:1
331326,Three Oaks Care Home Limited,three oaks care home limited,Welwyn,Hertfordshire,East of England,Social Care,Worker,Skilled Worker,,,,,unverified,,,no_first_party_identity_verified; attempt_count:1
331347,THREE VALLEY CARE LTD T/a Valley View Residential Care Home,three valley care ltd t a valley view residential care home,Plymouth,Devon,South West,Social Care,Worker,Skilled Worker,,beverly.fernando@nhs.net,,,unverified,,,no_first_party_identity_verified; attempt_count:2
331354,Threen House (Medicare) Ltd T/A Three House Nursing Home,threen house medicare ltd t a three house nursing home,Ealing,London,London,Social Care,Worker,Skilled Worker,,recruitment@tappinghouse.org.uk,,https://tappinghouse.org.uk/,medium,https://tappinghouse.org.uk/,contact_email_domain,name_tokens_on_page:house+home; attempt_count:1
331358,Threeways Nursing Home,threeways nursing home,Seaford,,,Social Care,Worker,Skilled Worker,,,,,unverified,,,no_first_party_identity_verified; attempt_count:1
331678,Timely Support Services Limited,timely support services limited,Luton,Bedfordshire,East of England,Social Care,Worker,Skilled Worker,,,,https://timelysupportservices.co.uk/,medium,https://timelysupportservices.co.uk/,SponsorList,name_tokens_on_page:timely+support; attempt_count:1
331889,TLC Healthcare & Support Services Ltd,tlc healthcare and support services ltd,Grangemouth,Stirlingshire,,Social Care,Worker,Skilled Worker,,,,,unverified,,,no_first_party_identity_verified; attempt_count:1
331890,TLC Healthcare and Support Services Ltd,tlc healthcare and support services ltd,Edinburgh,,,Social Care,Worker,Skilled Worker,,,,,unverified,,,no_first_party_identity_verified; attempt_count:0
332063,Together at Home Ltd C/O Visiting Angels Home Care,together at home ltd c o visiting angels home care,London,,,Social Care,Worker,Skilled Worker,,,,https://www.cqc.org.uk/,medium,https://www.cqc.org.uk/,SponsorList,name_tokens_on_page:together+home+home; attempt_count:1
332171,Tonbridge Care Limited T/A The Chestnut Lodge Care Home,tonbridge care limited t a the chestnut lodge care home,Tonbridge,Kent,South East,Social Care,Worker,Skilled Worker,,recruitment@akaricare.co.uk,,https://akaricare.co.uk/,high,https://akaricare.co.uk/,contact_email_domain,name_tokens_on_page:lodge+home;location_on_page; attempt_count:1
332357,Topcare Limited t/a Albany Nursing Home,topcare limited t a albany nursing home,London,London,London,Social Care,Worker,Skilled Worker,,,,,unverified,,,no_first_party_identity_verified; attempt_count:1
332447,Torestin Care Home,torestin care home,Haverfordwest,,,Social Care,Worker,Skilled Worker,,,,,unverified,,,no_first_party_identity_verified; attempt_count:0
332593,Total West Ltd Trading As Lower Bowshaw View Nursing Home,total west ltd trading as lower bowshaw view nursing home,Lowedges,Sheffield,Yorkshire and the Humber,Social Care,Worker,Skilled Worker,,marie.strachan@nhs.net,,,unverified,,,no_first_party_identity_verified; attempt_count:1
332708,Towertrend Limited t/a Honey Lane Care Home,towertrend limited t a honey lane care home,Essex,,,Social Care,Worker,Skilled Worker,,,,,low,https://www.cqc.org.uk/,SponsorList,possible_lead_not_accepted:only_one_name_token_on_page_without_hostname_match:home; attempt_count:1
332713,Town and Country Care Home Ltd,town and country care home ltd,Randalstown,Antrim,Northern Ireland,Social Care,Worker,Skilled Worker,,,,,unverified,,,no_first_party_identity_verified; attempt_count:1
333090,Transocean Onshore Support Services Limited,transocean onshore support services limited,Kingswells,Aberdeen,Scotland,Social Care,Worker,Skilled Worker,,,,,low,https://www.deepwater.com/,SponsorList,possible_lead_not_accepted:only_one_name_token_on_page_without_hostname_match:transocean; attempt_count:1
333198,Travid Enterprises Ltd ta Guys Cross Nursing Home,travid enterprises ltd ta guys cross nursing home,Warwick,Warwickshire,West Midlands,Social Care,Worker,Skilled Worker,,,,,unverified,,,no_first_party_identity_verified; attempt_count:0
333272,Treemont Care Limited T/A Devonshire Dementia Care Home and Day Centre,treemont care limited t a devonshire dementia care home and day centre,New Malden,Surrey,South East,Social Care,Worker,Skilled Worker,,recruitment@akaricare.co.uk,,https://akaricare.co.uk/,high,https://akaricare.co.uk/,contact_email_domain,name_tokens_on_page:dementia+home+day;location_on_page; attempt_count:1
333274,Trees Nursing Home,trees nursing home,Harleston,Norfolk,East of England,Social Care,Worker,Skilled Worker,,,,,unverified,,,no_first_party_identity_verified; attempt_count:1
333282,Treetops Care home,treetops care home,Bridgend,,,Social Care,Worker,Skilled Worker,,,,,unverified,,,no_first_party_identity_verified; attempt_count:1
333284,Treetops Nursing Home,treetops nursing home,Oldham,Lancashire,North West,Social Care,Worker,Skilled Worker,,,,,unverified,,,no_first_party_identity_verified; attempt_count:1
333354,Trentside Manor Care Home Limited,trentside manor care home limited,Stoke on Trent,,,Social Care,Worker,Skilled Worker,,,,,unverified,,,no_first_party_identity_verified; attempt_count:1
333432,Tricrest Homes Limited t/a SYCAMORE LODGE CARE HOME,tricrest homes limited t a sycamore lodge care home,North east Lincolnshire,,,Social Care,Worker,Skilled Worker,,,,,unverified,,,no_first_party_identity_verified; attempt_count:1
333529,Trinity Carers Limited,trinity carers limited,Rotherham,,,Social Care,Worker,Skilled Worker,,,,,unverified,,,no_first_party_identity_verified; attempt_count:1
333814,True Supported Living LTD,true supported living ltd,Birmingham,,,Social Care,Worker,Skilled Worker,,,,,unverified,,,no_first_party_identity_verified; attempt_count:1
334109,TUDOR LODGE CARE HOME LIMITED,tudor lodge care home limited,FOLKESTONE,,,Social Care,Worker,Skilled Worker,,,,,unverified,,,no_first_party_identity_verified; attempt_count:1
334350,TVS Lincolnshire Ltd T/A Blossom Home Care Lincolnshire,tvs lincolnshire ltd t a blossom home care lincolnshire,Grimsby,,,Social Care,Worker,Skilled Worker,,david.platten@nhs.net,,,low,https://visasponsorshipuk.com/,SponsorList,possible_lead_not_accepted:only_one_name_token_on_page_without_hostname_match:home; attempt_count:2
334522,Ty Mawr Nursing Home,ty mawr nursing home,Swansea,,,Social Care,Worker,Skilled Worker,,,,,unverified,,,no_first_party_identity_verified; attempt_count:1
334992,UK Home Care Limited,uk home care limited,Carshalton,,,Social Care,Worker,Skilled Worker,,,,,unverified,,,no_first_party_identity_verified; attempt_count:1
335248,Ultimate Care Ltd t/a Bilton Hall Nursing Home,ultimate care ltd t a bilton hall nursing home,Harrogate,,,Social Care,Worker,Skilled Worker,,,,,unverified,,,no_first_party_identity_verified; attempt_count:1
335503,Unified Home Care Limited,unified home care limited,Cambridge,,,Social Care,Worker,Skilled Worker,,,,,unverified,,,no_first_party_identity_verified; attempt_count:1
335504,Unified Home Care Limited,unified home care limited,Cambridge,,,Social Care,Worker,Skilled Worker,,,,,unverified,,,no_first_party_identity_verified; attempt_count:1
335563,Union Supported Living Ltd,union supported living ltd,Coventry,,,Social Care,Worker,Skilled Worker,,,,,unverified,,,no_first_party_identity_verified; attempt_count:1
335742,United Facilities Support Services Ltd,united facilities support services ltd,London,,,Social Care,Worker,Skilled Worker,,,,,unverified,,,no_first_party_identity_verified; attempt_count:1
335951,UNIVERSAL SUPPORT SERVICES GROUP (USSG) LTD,universal support services group ussg ltd,Stockport,Lancashire,North West,Social Care,Worker,Skilled Worker,,,,,low,https://ussgl.co.uk/,SponsorList,possible_lead_not_accepted:only_one_name_token_on_page_without_hostname_match:ussg; attempt_count:1
336261,Uplands Care Home T/A ABBEY UPLANDS CARE HOME LIMITED,uplands care home t a abbey uplands care home limited,London,,,Social Care,Worker,Skilled Worker,,recruitment@akaricare.co.uk,,,low,https://akaricare.co.uk/,contact_email_domain,possible_lead_not_accepted:only_one_name_token_on_page_without_hostname_match:home; attempt_count:2
336262,Uplands Nursing Home,uplands nursing home,Birmingham,,,Social Care,Worker,Skilled Worker,,,,,unverified,,,no_first_party_identity_verified; attempt_count:1
336784,vale lodge care home,vale lodge care home,PLYMOUTH,DEVON,South West,Social Care,Worker,Skilled Worker,,,,,unverified,,,no_first_party_identity_verified; attempt_count:1
336800,Vale View Heights Care Home,vale view heights care home,Sidmouth,Devon,South West,Social Care,Worker,Skilled Worker,,,,,unverified,,,no_first_party_identity_verified; attempt_count:1
336927,Valued Home Care Ltd,valued home care ltd,Harrow,,,Social Care,Worker,Skilled Worker,,,,https://valuedcareltd.co.uk/,medium,https://valuedcareltd.co.uk/,SponsorList,name_tokens_on_page:valued+home; attempt_count:1
336989,Vaneal Ltd t/a Swimbridge House Nursing Home,vaneal ltd t a swimbridge house nursing home,Barnstaple,Devon,South West,Social Care,Worker,Skilled Worker,,,,,unverified,,,no_first_party_identity_verified; attempt_count:1
337021,Vankol Homes and Support Services Limited,vankol homes and support services limited,Canterbury,"Aylesham, Kent",,Social Care,Worker,Skilled Worker,,,,,unverified,,,no_first_party_identity_verified; attempt_count:1
337024,VanMay Home Care Ltd,vanmay home care ltd,Amersham,,,Social Care,Worker,Skilled Worker,,,,,unverified,,,no_first_party_identity_verified; attempt_count:1
337475,Venns Lane Care Home,venns lane care home,Hereford,Herefordshire,West Midlands,Social Care,Worker,Skilled Worker,,,,,unverified,,,no_first_party_identity_verified; attempt_count:0
337668,VERONA HOME CARE SERVICE LIMITED,verona home care service limited,Rotherham,South Yorkshire,Yorkshire and the Humber,Social Care,Worker,Skilled Worker,,,,,unverified,,,no_first_party_identity_verified; attempt_count:0
337739,Verulam Healthcare Ltd T/A Verulam House Nursing Home,verulam healthcare ltd t a verulam house nursing home,St Albans,Hertfordshire,East of England,Social Care,Worker,Skilled Worker,,,,,unverified,,,no_first_party_identity_verified; attempt_count:0
337920,Vicarage Nursing Home,vicarage nursing home,Shrewsbury,,,Social Care,Worker,Skilled Worker,,,,,unverified,,,no_first_party_identity_verified; attempt_count:1
337921,VICARAGE RESIDENTIAL CARE HOME LTD,vicarage residential care home ltd,KENT,,,Social Care,Worker,Skilled Worker,,,,,unverified,,,no_first_party_identity_verified; attempt_count:1
337974,Victoria Lodge Care Home Ltd,victoria lodge care home ltd,Worthing,West Sussed,,Social Care,Worker,Skilled Worker,,,,,unverified,,,no_first_party_identity_verified; attempt_count:1
338092,View Care Ltd T/A Valley View Care Home,view care ltd t a valley view care home,Hengoed,,,Social Care,Worker,Skilled Worker,,mvp.hr@nhs.net,,,unverified,,,no_first_party_identity_verified; attempt_count:2
338098,VIEWPARK CARE HOME,viewpark care home,EDINBURGH,,,Social Care,Worker,Skilled Worker,,,,,unverified,,,no_first_party_identity_verified; attempt_count:1
338239,Vine Home Care Ltd,vine home care ltd,Accrington,Lancashire,North West,Social Care,Worker,Skilled Worker,,,,https://vinecaresolutions.co.uk/,medium,https://vinecaresolutions.co.uk/,SponsorList,name_tokens_on_page:vine+home; attempt_count:1
338642,Vitality Care and Support Services,vitality care and support services,Walsall,West Midlands,West Midlands,Social Care,Worker,Skilled Worker,,,,https://vitalitysupport.co.uk/,medium,https://vitalitysupport.co.uk/,SponsorList,name_tokens_on_page:vitality+support; attempt_count:1
338761,VJ CARERS LTD,vj carers ltd,READING,,,Social Care,Worker,Skilled Worker,,,,,unverified,,,no_first_party_identity_verified; attempt_count:1
339031,Vorg Ltd T/A Southwoods Nursing Home,vorg ltd t a southwoods nursing home,Northallerton,,,Social Care,Worker,Skilled Worker,,,,,unverified,,,no_first_party_identity_verified; attempt_count:0
339354,WAASH GROUP LTD T/A The Beeches Care home,waash group ltd t a the beeches care home,Castleford,West Yorkshire,Yorkshire and the Humber,Social Care,Worker,Skilled Worker,,,,,unverified,,,no_first_party_identity_verified; attempt_count:0
339401,Wainfleet Care Home,wainfleet care home,Wainfleet all Saints,Skegness,,Social Care,Worker,Skilled Worker,,,,,unverified,,,no_first_party_identity_verified; attempt_count:0
339402,Wainford House Residential Care Home Limited,wainford house residential care home limited,Beccles,Suffolk,East of England,Social Care,Worker,Skilled Worker,,,,,unverified,,,no_first_party_identity_verified; attempt_count:0
339417,Wakefield Home Care Limited t/a Home Instead Wakefield,wakefield home care limited t a home instead wakefield,Doncaster,South Yorkshire,Yorkshire and the Humber,Social Care,Worker,Skilled Worker,,ruth.hall@wakefieldhospice.co.uk,,,unverified,,,no_first_party_identity_verified; attempt_count:2
339484,Wall Hill Care Home Limited,wall hill care home limited,Leek,Staffordshire,West Midlands,Social Care,Worker,Skilled Worker,,,,,unverified,,,no_first_party_identity_verified; attempt_count:0
339524,Walmer Lodge Residential Care Home,walmer lodge residential care home,Bradford,West Yorkshire,Yorkshire and the Humber,Social Care,Worker,Skilled Worker,,,,,unverified,,,no_first_party_identity_verified; attempt_count:1
339526,Walmley Care Home Ltd T/A Marian House Nursing Home,walmley care home ltd t a marian house nursing home,Birmingham,,,Social Care,Worker,Skilled Worker,,manager@ingleboroughnursinghome.com,,https://ingleboroughnursinghome.com/,medium,https://ingleboroughnursinghome.com/,contact_email_domain,name_tokens_on_page:nursing+home; attempt_count:1
339726,Warrengate Nursing Home,warrengate nursing home,Tadworth,,,Social Care,Worker,Skilled Worker,,,,,unverified,,,no_first_party_identity_verified; attempt_count:0
339884,Waterloo House Care Home Ltd,waterloo house care home ltd,Bedford,Bedfordshire,East of England,Social Care,Worker,Skilled Worker,,,,,unverified,,,no_first_party_identity_verified; attempt_count:1
339897,Watermeadow Grange Care Home,watermeadow grange care home,Exeter,Devon,South West,Social Care,Worker,Skilled Worker,,,,,unverified,,,no_first_party_identity_verified; attempt_count:1
340029,Wayforward Specialist Support Services LTD,wayforward specialist support services ltd,Newton Abbot,Devon Devon,,Social Care,Worker,Skilled Worker,,,,,unverified,,,no_first_party_identity_verified; attempt_count:1
340228,Weavers Care Home Ltd,weavers care home ltd,Coventry,West Midlands,West Midlands,Social Care,Worker,Skilled Worker,,,,,unverified,,,no_first_party_identity_verified; attempt_count:1
340441,Wellchime Ltd T/A  April Court Care Home,wellchime ltd t a april court care home,Swansea,,,Social Care,Worker,Skilled Worker,,,,,unverified,,,no_first_party_identity_verified; attempt_count:1
340450,WELLESLEY HOUSE NURSING HOME LIMITED,wellesley house nursing home limited,Wolverhampton,,,Social Care,Worker,Skilled Worker,,,,,unverified,,,no_first_party_identity_verified; attempt_count:1
340482,wellington house nursing home ltd,wellington house nursing home ltd,bradford,west yorkshire,Yorkshire and the Humber,Social Care,Worker,Skilled Worker,,,,,unverified,,,no_first_party_identity_verified; attempt_count:1
340558,Wema Health Care and Support Services Ltd,wema health care and support services ltd,Dudley,Dudley,,Social Care,Worker,Skilled Worker,,,,https://www.wemahealthcareservices.co.uk/,high,https://www.wemahealthcareservices.co.uk/,SponsorList,name_tokens_on_page:wema+support;location_on_page; attempt_count:1
340601,Wentworth Court Care Home,wentworth court care home,Cheltenham,Gloucestershire,South West,Social Care,Worker,Skilled Worker,,,,,unverified,,,no_first_party_identity_verified; attempt_count:1
340602,WENTWORTH HEALTHCARE LTD T/A BEAUMONT COURT CARE HOME,wentworth healthcare ltd t a beaumont court care home,CORNWALL,,,Social Care,Worker,Skilled Worker,,,,,unverified,,,no_first_party_identity_verified; attempt_count:1
340725,West Hill Care Home Ltd,west hill care home ltd,Dratford,,,Social Care,Worker,Skilled Worker,,,,,unverified,,,no_first_party_identity_verified; attempt_count:1
340727,WEST HOUSE CARE HOME LIMITED,west house care home limited,DURHAM,,,Social Care,Worker,Skilled Worker,,,,,unverified,,,no_first_party_identity_verified; attempt_count:1
340734,West Lodge Care Home (Nottingham) Ltd.,west lodge care home nottingham ltd,Nottingham,Nottinghamshire,East Midlands,Social Care,Worker,Skilled Worker,,,,,unverified,,,no_first_party_identity_verified; attempt_count:1
340740,WEST LONDON HOME CARE LIMITED,west london home care limited,London,England,,Social Care,Worker,Skilled Worker,,,,,unverified,,,no_first_party_identity_verified; attempt_count:1
340806,West View Residential Care Home,west view residential care home,Leicester,Leicestershire,East Midlands,Social Care,Worker,Skilled Worker,,rachael.eade@nhs.net,,,unverified,,,no_first_party_identity_verified; attempt_count:2
340819,Westacre Nursing Home,westacre nursing home,Winchester,Hampshire,South East,Social Care,Worker,Skilled Worker,,,,,unverified,,,no_first_party_identity_verified; attempt_count:1
340820,Westacres Care Home,westacres care home,Glasgow,,,Social Care,Worker,Skilled Worker,,,,,unverified,,,no_first_party_identity_verified; attempt_count:1
340822,Westbank Care Home Limited T/A Westbank Nursing Home,westbank care home limited t a westbank nursing home,Troon,,,Social Care,Worker,Skilled Worker,,manager@ingleboroughnursinghome.com,,https://ingleboroughnursinghome.com/,medium,https://ingleboroughnursinghome.com/,contact_email_domain,name_tokens_on_page:nursing+home; attempt_count:1
340949,Westfield Nursing Home,westfield nursing home,Boston,Lincolnshire,East Midlands,Social Care,Worker,Skilled Worker,,,,,unverified,,,no_first_party_identity_verified; attempt_count:1
340978,Westin Care Limited T/A Westin Care Home,westin care limited t a westin care home,Bristol,,,Social Care,Worker,Skilled Worker,,recruitment@akaricare.co.uk,,,low,https://akaricare.co.uk/,contact_email_domain,possible_lead_not_accepted:only_one_name_token_on_page_without_hostname_match:home; attempt_count:2
340989,Westlands Care Home Ltd,westlands care home ltd,Alton,Hampshire,South East,Social Care,Worker,Skilled Worker,,,,,unverified,,,no_first_party_identity_verified; attempt_count:1
340995,Westlodge Care Home,westlodge care home,Crook,Durham,North East,Social Care,Worker,Skilled Worker,,,,,unverified,,,no_first_party_identity_verified; attempt_count:1
341071,Westwood Care Home,westwood care home,Brighton,East Sussex,South East,Social Care,Worker,Skilled Worker,,,,,unverified,,,no_first_party_identity_verified; attempt_count:1
341072,Westwood Care Homes Limited T/A Woodlands Nursing Home,westwood care homes limited t a woodlands nursing home,Ripley,,,Social Care,Worker,Skilled Worker,,,,,unverified,,,no_first_party_identity_verified; attempt_count:1
341078,WESTWOOD LODGE CARE HOME,westwood lodge care home,Newcastle upon Tyne,,,Social Care,Worker,Skilled Worker,,,,,unverified,,,no_first_party_identity_verified; attempt_count:1
341090,WETHERBY HOME CARE LIMITED,wetherby home care limited,York,,,Social Care,Worker,Skilled Worker,,,,,unverified,,,no_first_party_identity_verified; attempt_count:1
341094,Wetley Manor Care Home,wetley manor care home,Stoke-on-Trent,,,Social Care,Worker,Skilled Worker,,,,,unverified,,,no_first_party_identity_verified; attempt_count:1
341138,WH Investments T/A Victoria house care home,wh investments t a victoria house care home,Warrington,,,Social Care,Worker,Skilled Worker,,,,https://www.victoriahousecarehome.co.uk/,high,https://www.victoriahousecarehome.co.uk/,SponsorList,name_tokens_on_page:victoria+house+home;location_on_page; attempt_count:1
341265,White Gables Care Home,white gables care home,Lincoln,,,Social Care,Worker,Skilled Worker,,,,,unverified,,,no_first_party_identity_verified; attempt_count:1
341288,White Lodge Care Home,white lodge care home,Marlow,Buckinghamshire,South East,Social Care,Worker,Skilled Worker,,,,,unverified,,,no_first_party_identity_verified; attempt_count:1
341305,White Rock Nursing Home Ltd,white rock nursing home ltd,Hampshire,,,Social Care,Worker,Skilled Worker,,,,,unverified,,,no_first_party_identity_verified; attempt_count:1
341312,WHITE ROSE HOUSE CARE HOME LIMITED,white rose house care home limited,HOLMFIRTH,HUDDERSFIELD,,Social Care,Worker,Skilled Worker,,jayne.ledbetter@nhs.net,,,unverified,,,no_first_party_identity_verified; attempt_count:2
341352,Whitegates Care Home,whitegates care home,BROMYARD,Herefordshire,West Midlands,Social Care,Worker,Skilled Worker,,,,,unverified,,,no_first_party_identity_verified; attempt_count:1
341358,Whitehaven Care Home,whitehaven care home,Radstock,,,Social Care,Worker,Skilled Worker,,,,,unverified,,,no_first_party_identity_verified; attempt_count:1
341376,Whitelodge Care Home,whitelodge care home,Emsworth,Hampshire,South East,Social Care,Worker,Skilled Worker,,,,,unverified,,,no_first_party_identity_verified; attempt_count:1
341386,WhitestoneLodge Care Home,whitestonelodge care home,Liverpool,Merseyside,North West,Social Care,Worker,Skilled Worker,,,,,unverified,,,no_first_party_identity_verified; attempt_count:1
341432,WHOLE COUNTRY HOME CARE LIMITED,whole country home care limited,Melton Mowbray,Leicestershire,East Midlands,Social Care,Worker,Skilled Worker,,,,,unverified,,,no_first_party_identity_verified; attempt_count:1
341534,Wilbury Care Home Limited,wilbury care home limited,Hove,,,Social Care,Worker,Skilled Worker,,,,https://wilburycarehome.co.uk/,high,https://wilburycarehome.co.uk/,SponsorList,name_tokens_on_page:wilbury+home;location_on_page; attempt_count:1
341562,Wildflower Home Care,wildflower home care,Godalming,Surrey,South East,Social Care,Worker,Skilled Worker,,,,https://www.wildflowerhomecare.co.uk/,high,https://www.wildflowerhomecare.co.uk/,verified_company_site_source_host,name_tokens_on_page:wildflower+home;location_on_page; attempt_count:1
341608,Willbern Care Limited T/a Courtlands Care Home,willbern care limited t a courtlands care home,Penzance,Cornwall,South West,Social Care,Worker,Skilled Worker,,recruitment@akaricare.co.uk,,,low,https://akaricare.co.uk/,contact_email_domain,possible_lead_not_accepted:only_one_name_token_on_page_without_hostname_match:home; attempt_count:2
341621,Willett Lodge Care Home LTD,willett lodge care home ltd,Worthing,West sussex,South East,Social Care,Worker,Skilled Worker,,,,,unverified,,,no_first_party_identity_verified; attempt_count:1
341708,willow home care Leeds LTD,willow home care leeds ltd,Leeds,west yorkshire,Yorkshire and the Humber,Social Care,Worker,Skilled Worker,,,,,unverified,,,no_first_party_identity_verified; attempt_count:1
341709,Willow Home Care Ltd,willow home care ltd,Shropshire,,,Social Care,Worker,Skilled Worker,,,,,unverified,,,no_first_party_identity_verified; attempt_count:1
341719,Willow Tree Nursing Home,willow tree nursing home,Rugby,,,Social Care,Worker,Skilled Worker,,,,,unverified,,,no_first_party_identity_verified; attempt_count:1
341721,Willow Tree Support Services Ltd,willow tree support services ltd,READING,Berkshire,South East,Social Care,Worker,Skilled Worker,,,,https://willowtreesupport.co.uk/,medium,https://willowtreesupport.co.uk/,SponsorList,name_tokens_on_page:willow+tree+support; attempt_count:1
341731,Willows Care Home,willows care home,Chester,Cheshire,North West,Social Care,Worker,Skilled Worker,,,,,unverified,,,no_first_party_identity_verified; attempt_count:1
341737,Willows Residential Care Ltd t/a The Brambles Care Home,willows residential care ltd t a the brambles care home,Stourbridge,,,Social Care,Worker,Skilled Worker,,tpc.hr.queries@bradford.nhs.uk,,,unverified,,,no_first_party_identity_verified; attempt_count:1; contact_email_domain_not_used_as_website_lead
341902,Windsor Clinical And Home Care Services Group Ltd,windsor clinical and home care services group ltd,Hurley,,,Social Care,Worker,Skilled Worker,,,,,unverified,,,no_first_party_identity_verified; attempt_count:1
341904,Windsor Court Care Limited T/As Windsor Court Care Home,windsor court care limited t as windsor court care home,Bournemouth,Dorset,South West,Social Care,Worker,Skilled Worker,,andrea.francis5@nhs.net,,,unverified,,,no_first_party_identity_verified; attempt_count:2
341992,Winscombe care home,winscombe care home,Fareham,Hampshire,South East,Social Care,Worker,Skilled Worker,,,,,unverified,,,no_first_party_identity_verified; attempt_count:1
342033,Winterfell Care Home Ltd,winterfell care home ltd,Nottingham,,,Social Care,Worker,Skilled Worker,,,,,unverified,,,no_first_party_identity_verified; attempt_count:0
342107,Wise Home Care Limited,wise home care limited,Derby,Derbyshire,East Midlands,Social Care,Worker,Skilled Worker,,,,,unverified,,,no_first_party_identity_verified; attempt_count:1
342427,Wood Green Care Home,wood green care home,Belfast,Antrin,,Social Care,Worker,Skilled Worker,,,,,unverified,,,no_first_party_identity_verified; attempt_count:1
342482,Woodhall Support Services Ltd,woodhall support services ltd,Telford,Shropshire,West Midlands,Social Care,Worker,Skilled Worker,,,,,low,https://www.nhs.uk/,SponsorList,possible_lead_not_accepted:only_one_name_token_on_page_without_hostname_match:support; attempt_count:1
342487,Woodhill Care Ltd trading as Woodfield Care Home,woodhill care ltd trading as woodfield care home,Pembrokeshire,,,Social Care,Worker,Skilled Worker,,,,,unverified,,,no_first_party_identity_verified; attempt_count:1
342505,Woodland residential care home,woodland residential care home,Oswestry,Shropshire,West Midlands,Social Care,Worker,Skilled Worker,,,,,unverified,,,no_first_party_identity_verified; attempt_count:0
342522,Woodlands House Care Home Limited,woodlands house care home limited,Littlehampton,,,Social Care,Worker,Skilled Worker,,,,,unverified,,,no_first_party_identity_verified; attempt_count:0
342527,WOODLANDS NURSING HOME,woodlands nursing home,BURGESS HILL,WEST SUSSEX,South East,Social Care,Worker,Skilled Worker,,,,,unverified,,,no_first_party_identity_verified; attempt_count:0
342531,Woodlands Residential Care Home (Cambridgeshire) Limited,woodlands residential care home cambridgeshire limited,"Earith, Huntingdon",Cambridgeshire,East of England,Social Care,Worker,Skilled Worker,,,,,unverified,,,no_first_party_identity_verified; attempt_count:0
342536,WOODLANDS TOTAL CARE NURSING HOME LIMITED t/a Woodlands Nursing Home,woodlands total care nursing home limited t a woodlands nursing home,Essex,,,Social Care,Worker,Skilled Worker,,les.miller@nhs.net,,,unverified,,,no_first_party_identity_verified; attempt_count:1
342545,Woodley Hotels (Dorset) Ltd T/A Kelstone Court Nursing Home,woodley hotels dorset ltd t a kelstone court nursing home,Morden,Surrey,South East,Social Care,Worker,Skilled Worker,,,,,unverified,,,no_first_party_identity_verified; attempt_count:1
342576,Woodside Hall Nursing Home,woodside hall nursing home,Hailsham,East Sussex,South East,Social Care,Worker,Skilled Worker,,,,,unverified,,,no_first_party_identity_verified; attempt_count:0
342588,Woodview Care Home,woodview care home,Lincoln,,,Social Care,Worker,Skilled Worker,,,,,unverified,,,no_first_party_identity_verified; attempt_count:0
342591,Woodway House Residential Care Home,woodway house residential care home,Leicester,,,Social Care,Worker,Skilled Worker,,,,,unverified,,,no_first_party_identity_verified; attempt_count:0
342608,WOOLTON GRANGE LIMITED T/A WOOLTON GRANGE CARE HOME,woolton grange limited t a woolton grange care home,Liverpool,,,Social Care,Worker,Skilled Worker,,leanne.kirwan@nhs.net,,,unverified,,,no_first_party_identity_verified; attempt_count:1
342909,Wotton Rise Nursing Home Ltd,wotton rise nursing home ltd,Gloucester,Gloucestershire,South West,Social Care,Worker,Skilled Worker,,,,,unverified,,,no_first_party_identity_verified; attempt_count:0
342960,Wren Hall Nursing Home,wren hall nursing home,Selston,Nottinghamshire,East Midlands,Social Care,Worker,Skilled Worker,,,,,unverified,,,no_first_party_identity_verified; attempt_count:1
342961,Wren Hall Nursing Home,wren hall nursing home,Selston,Nottinghamshire,East Midlands,Social Care,Worker,Skilled Worker,,,,,unverified,,,no_first_party_identity_verified; attempt_count:1
342970,Wrenbury Nursing Home,wrenbury nursing home,Cheshire,,,Social Care,Worker,Skilled Worker,,,,,unverified,,,no_first_party_identity_verified; attempt_count:1
343097,Wychdene Residential Care Home,wychdene residential care home,Kent,,,Social Care,Worker,Skilled Worker,,,,,unverified,,,no_first_party_identity_verified; attempt_count:0
343125,Wyncourt Nursing Home,wyncourt nursing home,Timperley,,,Social Care,Worker,Skilled Worker,,,,,unverified,,,no_first_party_identity_verified; attempt_count:0
343126,Wyncourt Nursing Home LTD,wyncourt nursing home ltd,Altrincham,Cheshire,North West,Social Care,Worker,Skilled Worker,,,,https://www.wyncourtnursinghome.co.uk/,high,https://www.wyncourtnursinghome.co.uk/,SponsorList,name_tokens_on_page:wyncourt+nursing+home;location_on_page; attempt_count:1
343152,WYVIS HOUSE CARE HOME,wyvis house care home,DINGWALL,,,Social Care,Worker,Skilled Worker,,,,,unverified,,,no_first_party_identity_verified; attempt_count:0
343441,XTOB SUPPORT SERVICES NW LTD,xtob support services nw ltd,London,,,Social Care,Worker,Skilled Worker,,,,,unverified,,,no_first_party_identity_verified; attempt_count:0
343508,Y Plas Care Home,y plas care home,Swansea,,,Social Care,Worker,Skilled Worker,,,,,unverified,,,no_first_party_identity_verified; attempt_count:0
343630,Yarborough Care Ltd T/A Yarborough House Residential Care Home,yarborough care ltd t a yarborough house residential care home,Grimsby,,,Social Care,Worker,Skilled Worker,,enquiries@westbrookcare.com,,,unverified,,,no_first_party_identity_verified; attempt_count:2
343776,Yeoman Care Ltd T/A Albert House Nursing Home,yeoman care ltd t a albert house nursing home,Weston Super Mare,,,Social Care,Worker,Skilled Worker,,,,,unverified,,,no_first_party_identity_verified; attempt_count:1
343801,Yew Tree Nursing Home Limited,yew tree nursing home limited,Halesowen,West Midlands,West Midlands,Social Care,Worker,Skilled Worker,,,,,unverified,,,no_first_party_identity_verified; attempt_count:1
343816,YGL GROUP OF ASSOCIATES LTD T/A Camelot Residential Care Home,ygl group of associates ltd t a camelot residential care home,East Sussex,,,Social Care,Worker,Skilled Worker,,,,,unverified,,,no_first_party_identity_verified; attempt_count:1
344049,You & Me Supported Living Limited,you and me supported living limited,Over Norton,Oxfordshire,South East,Social Care,Worker,Skilled Worker,,,,https://youandmesupportedliving.co.uk/,medium,https://youandmesupportedliving.co.uk/,SponsorList,name_tokens_on_page:you+supported+living; attempt_count:1
344053,You First Support Services,you first support services,Langport,,,Social Care,Worker,Skilled Worker,,,,https://youfirstsupportservices.org.uk/,medium,https://youfirstsupportservices.org.uk/,SponsorList,name_tokens_on_page:you+first+support; attempt_count:1
344104,YOUR CARE PROVIDER LTD,your care provider ltd,BARNSLEY,,,Social Care,Worker,Skilled Worker,,,,,unverified,,,no_first_party_identity_verified; attempt_count:1
344135,Your Own Home Care Limited,your own home care limited,Tring,Hertfordshire,East of England,Social Care,Worker,Skilled Worker,,,,,unverified,,,no_first_party_identity_verified; attempt_count:0
344155,Your Support Services Ltd,your support services ltd,BIRMINGHAM,West Midlands,West Midlands,Social Care,Worker,Skilled Worker,,,,,unverified,,,no_first_party_identity_verified; attempt_count:0
344385,"Z A Care Limited, T/A Shalom Care Home",z a care limited t a shalom care home,Dreghorn,,,Social Care,Worker,Skilled Worker,,recruitment@akaricare.co.uk,,,low,https://akaricare.co.uk/,contact_email_domain,possible_lead_not_accepted:only_one_name_token_on_page_without_hostname_match:home; attempt_count:2
344836,ZENITH CARE SUPPORT SERVICES LTD,zenith care support services ltd,Manchester,,,Social Care,Worker,Skilled Worker,,,,,unverified,,,no_first_party_identity_verified; attempt_count:1
344992,Caulfield & Gopalla Partnership t/a Riverside House Residential Care Home and Newnton House Residential Care Home,caulfield and gopalla partnership t a riverside house residential care home and newnton house residential care home,LONDON,,,Social Care,Worker,Skilled Worker,,careers@ghhospicecare.org.uk,,,unverified,,,no_first_party_identity_verified; attempt_count:2
345041,The Koppers Care Limited T/A The Koppers Specialist Memory Care Home,the koppers care limited t a the koppers specialist memory care home,Axminster,,,Social Care,Worker,Skilled Worker,,recruitment@akaricare.co.uk,,,low,https://akaricare.co.uk/,contact_email_domain,possible_lead_not_accepted:only_one_name_token_on_page_without_hostname_match:home; attempt_count:2
345061,Able Care ( Menwinnion) Ltd t/a Menwinnion Country House Care Home,able care menwinnion ltd t a menwinnion country house care home,Penzance,Cornwall,South West,Social Care,Worker,Skilled Worker,,careers@ghhospicecare.org.uk,,https://menwinnioncarehome.co.uk/,high,https://menwinnioncarehome.co.uk/,SponsorList,name_tokens_on_page:menwinnion+country+house+home;location_on_page; attempt_count:2
345187,SD Home Care Ltd,sd home care ltd,Wednesbury,,,Social Care,Worker,Skilled Worker,,,,,low,https://sdhomecare.co.uk/,SponsorList,possible_lead_not_accepted:only_one_name_token_on_page_without_hostname_match:home; attempt_count:1
345233,Care Centres Wales Limited T/A Pen Y Bryn Care Home,care centres wales limited t a pen y bryn care home,Swansea,,,Social Care,Worker,Skilled Worker,,recruitment@akaricare.co.uk,,,low,https://akaricare.co.uk/,contact_email_domain,possible_lead_not_accepted:only_one_name_token_on_page_without_hostname_match:wales; attempt_count:2
345420,The Lawns Care Home,the lawns care home,Devon,,,Social Care,Worker,Skilled Worker,,,,https://www.thelawns.org.uk/,medium,https://www.thelawns.org.uk/,SponsorList,name_tokens_on_page:lawns+home; attempt_count:1
345478,Faircross Care Home London Limited,faircross care home london limited,Essex,,,Social Care,Worker,Skilled Worker,,,,,unverified,,,no_first_party_identity_verified; attempt_count:0
345501,Kensa Health Home Care Ltd,kensa health home care ltd,Plymouth,England,,Social Care,Worker,Skilled Worker,,,,,unverified,,,no_first_party_identity_verified; attempt_count:1
345563,The Birches Nursing Home,the birches nursing home,Totton,Hampshire,South East,Social Care,Worker,Skilled Worker,,,,,unverified,,,no_first_party_identity_verified; attempt_count:0
345596,Braceborough Hall Care Home LTD LTD,braceborough hall care home ltd ltd,Stamford,Lincolnshire,East Midlands,Social Care,Worker,Skilled Worker,https://www.braceboroughhall.co.uk/,,,https://www.braceboroughhall.co.uk/,high,https://www.braceboroughhall.co.uk/,existing_website,name_tokens_on_page:braceborough+hall+home;location_on_page; attempt_count:1
345651,Podsmead Residential Care Limited,podsmead residential care limited,Bromsgrove,,,Social Care,Worker,Skilled Worker,,,,,unverified,,,no_first_party_identity_verified; attempt_count:0
345688,ZAAM CARE (IRVINE) LIMITED T/A SHALOM CARE HOME,zaam care irvine limited t a shalom care home,Irvine,,,Social Care,Worker,Skilled Worker,,recruitment@akaricare.co.uk,,,low,https://akaricare.co.uk/,contact_email_domain,possible_lead_not_accepted:only_one_name_token_on_page_without_hostname_match:home; attempt_count:1
345796,GRASMERE CARE HOME LTD,grasmere care home ltd,SUTTON,,,Social Care,Worker,Skilled Worker,,,,,unverified,,,no_first_party_identity_verified; attempt_count:0
