name,town,county,rating,routes,sector
Little Garden Gate Nursery Ltd,London,,Worker (A rating),Skilled Worker,education
SEAHAM HIGH SCHOOL,SEAHAM,CO.DURHAM,Worker (A rating),Skilled Worker,education
1 ACE TRAINING LIMITED,London,,Worker (A rating),Skilled Worker,education
2020 Innovation Training Limited,Birmingham,West Midlands,Worker (A rating),Skilled Worker,education
3DCP ACADEMY LIMITED,London,,Worker (UK Expansion Worker: Provisional ),Global Business Mobility: UK Expansion Worker,education
3T TRAINING SERVICES LIMITED,Dorset,,Worker (A rating),Skilled Worker,education
4 Dots Training & Advisory Limited,Beaconsfield,Buckinghamshire,Worker (A rating),Skilled Worker,education
4DS NURSERIES AND PRE SCHOOL LTD,Canterbury,,Worker (A rating),Skilled Worker,education
4J'S Educational Academy Ltd,Peterborough,Cambridgeshire,Worker (A rating),Skilled Worker,education
5 Lights Training,Bradford,,Worker (A rating),Skilled Worker,education
6 Bit Education Ltd,Birmingham,,Worker (A rating),Skilled Worker,education
7 Acorns Day Nursery,Sevenoaks,,Worker (A rating),Skilled Worker,education
786 Childcare limited T/A Monkey puzzle day nursery in Welling,Welling,,Worker (A rating),Skilled Worker,education
A CLASS  NURSERY  LTD,LONDON,,Worker (A rating),Skilled Worker,education
A Class Nursery Ltd,London,,Worker (A rating),Skilled Worker,education
A P TRAINING LTD,Wolverhampton,,Worker (A rating),Skilled Worker,education
A PLUS ACADEMY LTD,Manchester,,Worker (A rating),Skilled Worker,education
A&F Tutors,Croydon,,Worker (A rating),Skilled Worker,education
A&J School Limited,London,,Worker (A rating),Skilled Worker,education
A-TO-E TRAINING AND SOLUTIONS LTD,London,,Worker (A rating),Skilled Worker,education
A-Z LEARNING ACADEMY LTD,London,,Worker (A rating),Skilled Worker,education
A1M TRAINING LTD,ERITH,,Worker (A rating),Skilled Worker,education
ABA Autism Education Ltd,Norfolk,,Worker (A rating),Skilled Worker,education
Abacus Nursery School,London,,Worker (A rating),Skilled Worker,education
Abbey College,Huntingdon,Cambs,Worker (A rating),Skilled Worker,education
Abbey Multi Academy Trust,Leeds,,Worker (A rating),Skilled Worker,education
Abbey School Limited,Chester,,Worker (A rating),Skilled Worker,education
Abbeyfield Primary Academy,SHEFFIELD,South Yorkshire,Worker (A rating),Skilled Worker,education
Abbotsholme School,Uttoxeter,Staffordshire,Worker (A rating),Skilled Worker,education
ABC EDUCATION CONSULTANCY LTD,Manchester,England,Worker (A rating),Skilled Worker,education
Aberdeen University Students???????¢???????????????? Association,Aberdeen,,Worker (A rating),Skilled Worker,education
Aberdour School Educational Trust,Tadworth,Surrey,Worker (A rating),Skilled Worker,education
Abertay University,Dundee,Tayside,Worker (A rating); Temporary Worker (A rating),Skilled Worker; Government Authorised Exchange,education
Aberystwyth University,Aberystwyth,Ceredigion,Temporary Worker (A rating); Worker (A rating),Government Authorised Exchange; Skilled Worker,education
Ability Post Production Academy Limited,Glasgow,,Worker (A rating),Skilled Worker,education
Abingdon and Witney College,Abingdon,Oxfordshire,Worker (A rating),Skilled Worker,education
Abingdon Learning Trust,Abingdon,Oxfordshire,Worker (A rating),Skilled Worker,education
Abingdon School,Abingdon,Oxon,Temporary Worker (A rating); Worker (A rating),Charity Worker; Skilled Worker,education
ABM Academy Limited,Blackpool,,Worker (A rating),Skilled Worker,education
AC Maben Ltd T/A Kevins Schoolwear,Greenford,Middlesex,Worker (A rating),Skilled Worker,education
ACADEMY BUILDING WORKS LTD,"Hounslow,",,Worker (A rating),Skilled Worker,education
Academy Films Ltd,LONDON,,Temporary Worker (A rating),Creative Worker,education
Academy Geomatics Ltd,Gateshead,Tyne and Wear,Worker (A rating),Skilled Worker,education
ACADEMY HOUSE LIMITED,GLASGOW,,Worker (A rating),Skilled Worker,education
Academy Music Group,London,,Temporary Worker (A rating); Worker (A rating),Creative Worker; Skilled Worker,education
Academy of Live Technology Ltd,South Kirkby,West Yorkshire,Worker (A rating),Skilled Worker,education
Academy of Motion Picture Arts and Sciences,London,,Worker (A rating); Temporary Worker (A rating),Global Business Mobility: Senior or Specialist Worker; Creative Worker; Skilled Worker,education
Academy of Robotics Ltd,Cardff,,Worker (A rating),Skilled Worker,education
Academy Of Sinology UK,Swansea,,Worker (A rating),Skilled Worker,education
Academy of the Annunciation,Buckfastleigh,Devon,Worker (A rating),Skilled Worker,education
Academy Restaurants LTD,Inverness,Highland,Worker (A rating),Skilled Worker,education
Academy Transformation Trust,Sutton Coldfield,,Worker (A rating),Skilled Worker,education
ACADEMY WHOLESALE ELECTRICS LTD,GLASGOW,,Worker (A rating),Skilled Worker,education
Accord Multi Academy Trust,Wakefield,West Yorkshire,Worker (A rating),Skilled Worker,education
Acculearn Trading Limited T/A Cranbrook College,London,Essex,Worker (A rating),Skilled Worker,education
ACEBRIDGE EDUCATION LTD,London,,Worker (A rating),Skilled Worker,education
ACES Academies Trust,Huntingdon,,Worker (A rating),Skilled Worker,education
ACI UK Learning Limited,Dartford,Kent,Worker (A rating),Skilled Worker,education
Ackworth School,Pontefract,West Yorkshire,Worker (A rating); Temporary Worker (A rating),Skilled Worker; Charity Worker,education
ACL Education Solutions Ltd,London,England,Worker (A rating),Skilled Worker,education
Acorn Park Nursery,Glasgow,,Worker (A rating),Skilled Worker,education
Acquire Learning College LTD,Sheffield,South Yorkshire,Worker (A rating),Skilled Worker,education
Acron Aviation Training Solutions Limited,Altrincham,Cheshire,Worker (A rating),Global Business Mobility: Senior or Specialist Worker; Skilled Worker,education
ACS INTERNATIONAL SCHOOLS LIMITED,Cobham,Surrey,Worker (A rating),Skilled Worker,education
Actify Training and Technology CIC,Glasgow,Glasgow,Worker (A rating),Skilled Worker,education
Activate Learning,Oxford,Oxfordshire,Worker (A rating),Skilled Worker,education
Activate Learning Education Trust,Reading,,Worker (A rating),Skilled Worker,education
Active Learning Trust,Chatteris,Cambridgeshire,Worker (A rating),Skilled Worker,education
Active Training Team Ltd,London,London,Worker (A rating),Skilled Worker,education
Acumen Global Academy Ltd,Romford,Essex,Worker (A rating),Skilled Worker,education
AD Property Training Ltd,SHEFFIELD,,Worker (A rating),Skilled Worker,education
Adam Mosque & Dawah Academy,Birmingham,,Temporary Worker (A rating); Worker (A rating),Religious Worker; Charity Worker; Tier 2 Ministers of Religion,education
Adams Academy Inc Ltd,Aldgate,London,Worker (A rating),Skilled Worker,education
Adcote School Ltd,Shrewsbury,Shropshire,Worker (A rating),Skilled Worker,education
Addey and Stanhope School,London,,Worker (A rating),Skilled Worker,education
Adit Driving School Limited,Middlesex,,Worker (A rating),Skilled Worker,education
Adnan Cricket Academy Ltd,London,,Worker (A rating),Skilled Worker,education
ADVANCE COLLEGE OF BUSINESS AND TECHNOLOGY LIMITED,London,,Worker (A rating),Skilled Worker,education
ADVANCE EDUCATION GROUP LTD,London,,Worker (A rating),Skilled Worker,education
Advantage Schools,Bedford,,Worker (A rating),Skilled Worker,education
Aerial Edge Circus Schools CIC,Glasgow,,Temporary Worker (A rating),Creative Worker,education
Aerospace Technology Institute,London,,Worker (A rating),Skilled Worker,education
Aesthetic Beauty Training Ltd,Bristol,,Worker (A rating),Skilled Worker,education
Affinity Sports Academy Ltd,Derby,,Worker (A rating),Skilled Worker; International Sportsperson,education
Agape Multi Academy Trust,Reading,Berkshire,Worker (A rating),Skilled Worker,education
Agri- Food and Biosciences Institute,Belfast,Antrim,Worker (A rating),Skilled Worker,education
AIIM RESEARCH AND TRAINING LTD,"Canterbury,",,Worker (A rating),Skilled Worker,education
AIMS Education Limited,Essex,,Worker (A rating),Skilled Worker,education
AJ Mobility & Training Services Limited,Mitcham,Surrey,Worker (A rating),Skilled Worker,education
AKG (UK) Learning Limited,London,,Worker (A rating),Skilled Worker; Global Business Mobility: Senior or Specialist Worker,education
Akiva School,London,London,Worker (A rating),Skilled Worker,education
AL AMAAN EDUCATION TRUST,LONDON,,Temporary Worker (A rating); Worker (A rating),Religious Worker; Tier 2 Ministers of Religion; Charity Worker,education
Al Balagh Academy,Bradford,,Worker (A rating),Skilled Worker,education
Al Habib Islamic Educational and Cultural Centre,Swindon,,Worker (A rating); Temporary Worker (A rating),Tier 2 Ministers of Religion; Religious Worker,education
AL HASSAN EDUCATIONAL ACADEMY,London,,Worker (A rating),Skilled Worker,education
Al Qalam Education Centre,Leicester,,Worker (A rating),Skilled Worker; Tier 2 Ministers of Religion,education
Al Rowad International Schools Limited c/o The Pioneers Academy,Birmingham,West Midlands,Worker (A rating),Skilled Worker,education
AL SADIQ ACADEMY UK,Manchester,Lancashire,Temporary Worker (A rating),Religious Worker,education
Al-Falah Islamic Education Centre,West Drayton,,Worker (A rating),Tier 2 Ministers of Religion,education
Al-Farooq Education & Community Centre,Glasgow,,Worker (A rating),Skilled Worker,education
AL-HUDA ACADEMY,BOLTON,,Temporary Worker (A rating); Worker (A rating),Charity Worker; Skilled Worker,education
AL-IKHLAS CULTURE AND EDUCATION CENTRE,Cardiff,,Temporary Worker (A rating),Charity Worker,education
Al-Mahdi Institute,Birmingham,West Midlands,Temporary Worker (A rating); Worker (A rating),Charity Worker; Religious Worker; Skilled Worker,education
Al-Maktoum College of Higher Education,Dundee,Angus,Worker (A rating),Skilled Worker,education
AL-NABAD COMPANY FOR TRAINING AND REHABILITATION OF HUMAN RESOURCES UK LTD,London,,Worker (UK Expansion Worker: Provisional ),Global Business Mobility: UK Expansion Worker,education
Al-zahra Education Ltd T/a Step Institution,London,,Worker (A rating),Skilled Worker,education
Albatross Education Ltd,London,,Worker (A rating),Skilled Worker,education
Albyn School,Aberdeen,,Worker (A rating),Skilled Worker,education
Alcester Grammar School,Alcester,Warwickshire,Worker (A rating),Skilled Worker,education
Aldridge Education,London,London,Worker (A rating),Skilled Worker,education
Aldro School Educational Trust Limited,Godalming,Surrey,Worker (A rating); Temporary Worker (A rating),Skilled Worker; Charity Worker,education
Alec Reed Academy,Northolt,Middlesex,Worker (A rating),Skilled Worker,education
ALETHEIA ACADEMY LTD,Birmingham,,Worker (A rating),Skilled Worker,education
Aletheia Anglican Academies Trust,Gravesend,Kent,Worker (A rating),Skilled Worker,education
Alexander House Nursery,Wandsworth,,Worker (A rating),Skilled Worker,education
Alexandra Montessori Limited,Hounslow,,Worker (A rating),Skilled Worker,education
Alexi Overseas Education Consultancy and Service Ltd.,Newcastle Upon Tyne,,Worker (A rating),Skilled Worker,education
Alfriston School,Beaconsfield,Bucks,Worker (A rating),Skilled Worker,education
ALIFYA EDUCATION LTD,London,,Worker (A rating),Skilled Worker,education
Alison Education UK Ltd.,Houslow,,Worker (A rating),Global Business Mobility: UK Expansion Worker; Skilled Worker,education
Aliza Business Academy,Birmingham,,Worker (A rating),Skilled Worker,education
ALL ABROAD EDUCATION UK LTD,London,,Worker (A rating),Skilled Worker,education
All Nations Christian College,London,,Temporary Worker (A rating),Religious Worker; Charity Worker,education
All Saints Academy Dunstable,Dunstable,Beds,Worker (A rating),Skilled Worker,education
All Saints Benhilton Primary School,Sutton,Choose County,Worker (A rating),Skilled Worker,education
All Saints Catholic Academy Trust,Abbots Langley,Herts,Worker (A rating),Skilled Worker,education
ALL SAINTS CATHOLIC COLLEGE,LONDON,,Worker (A rating),Skilled Worker,education
ALL SAINTS CATHOLIC SCHOOL,DAGENHAM,LONDON,Worker (A rating),Skilled Worker,education
All Saints Trust T/A Our Lady of Grace Catholic Infant School,London,,Worker (A rating),Skilled Worker,education
Alleyn's School Ltd,London,,Worker (A rating),Skilled Worker,education
Alnoor Cultural & Educational Trust,Barking,Essex,Worker (A rating); Temporary Worker (A rating),Tier 2 Ministers of Religion; Religious Worker,education
Alperton Community School,Wembley,,Worker (A rating),Skilled Worker,education
Alpha Nursery Greenwich Limited,London,,Worker (A rating),Skilled Worker,education
Alpha Schools (Holdings) Limited,High Wycombe,Buckinghamshire,Worker (A rating),Skilled Worker,education
ALPHA STUDY TUTORING CENTRE LTD,NEW MALDEN,,Worker (A rating),Skilled Worker,education
ALPHA TRAINING & CONSULTANTS LTD,KNARESBOROUGH,North Yorkshire,Worker (A rating),Skilled Worker,education
Alsager Multi Academy Trust,Alsager,Cheshire,Worker (A rating),Skilled Worker,education
ALTAN EDUCATION & LANGUAGE CONSULTANCY SERVICES LTD,Wimborne,,Worker (A rating),Skilled Worker,education
Alternative Learning Trust,Sutton,Surrey,Worker (A rating),Skilled Worker,education
Altus Education Partnership,Rochdale,,Worker (A rating),Skilled Worker,education
Altwood C of E School,Maidenhead,Berkshire,Worker (A rating),Skilled Worker,education
Amab Ltd T/A Green Lane Pre-School,Ilford,,Worker (A rating),Skilled Worker,education
AMBER TRAINING ADVISORY & SUPPORT SERVICES LTD,Hounslow,Middlesex,Worker (A rating),Skilled Worker,education
Ambition Education Trust,St Albans,Herts,Worker (A rating),Skilled Worker,education
Ambiway Education Ltd,London,,Worker (A rating),Skilled Worker,education
Ambler Primary School and Children's Centre,Islington,London,Worker (A rating),Skilled Worker,education
Ambourne House Limited T/A Ambourne House Day Nursery & Pre School,Patchway,South Gloucestershire,Worker (A rating),Skilled Worker,education
American Institute for Foreign Study (UK) Limited,London,,Worker (A rating),Skilled Worker,education
Amersham School,Amersham,,Temporary Worker (A rating); Worker (A rating),Charity Worker; Skilled Worker,education
Amethyst Academies Trust,Wolverhampton,,Worker (A rating),Skilled Worker,education
Ampleforth Abbey and College,York,North Yorkshire,Worker (A rating); Temporary Worker (A rating),Tier 2 Ministers of Religion; Charity Worker; Skilled Worker; Religious Worker,education
AMZOO DRIVING SCHOOL LTD,London,,Worker (A rating),Skilled Worker,education
ANGEL HOUSE NURSERY,Stratford,County (optional),Worker (A rating),Skilled Worker,education
ANGELS ACADEMY LTD,Leicester,,Worker (A rating),Skilled Worker,education
Anglia Ruskin University,Chelmsford,Essex,Worker (A rating); Temporary Worker (A rating),Skilled Worker; Government Authorised Exchange,education
Anglia Scholars Educational Consultancy Ltd,Portsmouth,,Worker (A rating),Skilled Worker,education
Anglian Learning,Cambridge,Cambridgeshire,Worker (A rating),Skilled Worker,education
Anglo American Educational Services,London,,Worker (A rating),Skilled Worker,education
Anglo Chinese School of London Limited,London,,Worker (A rating),Skilled Worker,education
Anglo Educational Services LTD,London,UK,Worker (A rating),Skilled Worker,education
Anglo European School,Ingatestone,Essex,Worker (A rating),Skilled Worker,education
ANNA TRAVEL & SCHOOL SERVICES LTD,Crawley,West Sussex,Worker (A rating),Skilled Worker,education
Anthem Schools Trust,London,London,Worker (A rating),Skilled Worker,education
ANZUK EDUCATION LTD,LONDON,,Worker (A rating),Skilled Worker,education
AP Barnet MAT Oak Hill School,London,Hertfordshire,Worker (A rating),Skilled Worker,education
Apollo Education UK Limited,Crewe,Cheshire,Worker (A rating),Skilled Worker,education
Apple Montessori School London Limited,Ealing,London,Worker (A rating),Skilled Worker,education
Apple Tree Day Nursery,Harrow Weald,Middlesex,Worker (A rating),Skilled Worker,education
Apple-tree (Obelele) Nursery Ltd,London,London,Worker (A rating),Skilled Worker,education
AQA Education,Manchester,,Worker (A rating),Skilled Worker,education
Aquinas Church of England Education Trust,Bromley,Kent,Worker (A rating),Skilled Worker,education
Aquinas College,Stockport,,Worker (A rating),Skilled Worker,education
Aquinas Education Ltd,Nottingham,Nottinghamshire,Worker (A rating),Skilled Worker,education
Arbor Education Partners Ltd,London,,Worker (A rating),Skilled Worker,education
Arcadia University,Holborn,London,Worker (A rating),Skilled Worker; Global Business Mobility: Senior or Specialist Worker,education
Archbishop beck catholic college,Liverpool,,Worker (A rating),Skilled Worker,education
Archbishop Sentamu Academy,Hull,Humberside,Worker (A rating),Skilled Worker,education
Archbishop Temple Church of England High School,Preston,Lancashire,Worker (A rating),Skilled Worker,education
Architectural Association School of Architecture,London,,Worker (A rating),Skilled Worker,education
Archway Learning Trust,Nottingham,Nottinghamshire,Worker (A rating),Skilled Worker,education
Arco Academy,London,,Worker (A rating),Skilled Worker,education
Arden University,Coventry,West Midlands,Worker (A rating),Skilled Worker,education
Arete Learning Trust,Stokesley,North Yorkshire,Worker (A rating),Skilled Worker,education
Argyle IT & Education Limited,Edinburgh,,Worker (A rating),Skilled Worker,education
Armadillos Nursery and Preschool,London,,Worker (A rating),Skilled Worker,education
Armirate Education Limited,St Nicholas Way,Surrey,Worker (A rating),Skilled Worker,education
Arnot St. Mary CofE Primary School,Liverpool,,Worker (A rating),Skilled Worker,education
Array Training Limited,Aberdeen,Aberdeenshire,Worker (A rating),Skilled Worker,education
Arrival Education,Leighton Buzzard,,Worker (A rating),Skilled Worker,education
Arts Educational School London,London,,Worker (A rating); Temporary Worker (A rating),Skilled Worker; Creative Worker,education
Arts University Bournemouth,Poole,Dorset,Worker (A rating),Skilled Worker,education
Arts University Plymouth,Plymouth,Devon,Worker (A rating),Skilled Worker,education
AS Foreign Education Consultants Limited,Birmingham,,Worker (A rating),Skilled Worker,education
ASCEND LEARNING SYSTEMS LIMITED,LONDON,,Worker (A rating),Skilled Worker,education
Ascension Catholic Academy Trust,Twickenham,Middlesex,Worker (A rating),Skilled Worker,education
Ascent Flight Training (Management) Limited,Bristol,South Gloucestershire,Worker (A rating),Skilled Worker,education
Ash Manor School,Ash,Surrey,Worker (A rating),Skilled Worker,education
Ashbourne College,London,,Worker (A rating),Skilled Worker,education
ASHFIELD EXCELLENCE ACADEMY LIMITED,Ashby-De-La-Zouch,Leicestershire,Worker (A rating),Skilled Worker,education
Ashford School,Ashford,Kent,Worker (A rating),Skilled Worker,education
Ashlyns School,Berkhamsted,Hertfordshire,Worker (A rating),Skilled Worker,education
Ashorne Hill Management College,Leamington Spa,Warwickshire,Worker (A rating),Skilled Worker,education
Ashville College,Harrogate,N Yorkshire,Worker (A rating),Skilled Worker,education
Aspect Education Limited,London,,Worker (A rating),Skilled Worker,education
ASPIRATIONS ACADEMIES TRUST,Hounslow,Middlesex,Worker (A rating),Skilled Worker,education
Aspire Day Nursery LTD,Surbiton,Surrey,Worker (A rating),Skilled Worker,education
Aspire Learning Centres & Childcare Limited,Manchester,,Worker (A rating),Skilled Worker,education
ASPIRE TUTORING LTD,London,,Worker (A rating),Skilled Worker,education
ASQ Education Ltd,London,,Worker (A rating),Skilled Worker,education
Association of Commonwealth Universities,London,,Temporary Worker (A rating),Government Authorised Exchange,education
Association of Commonwealth Universities (Head Office),London,,Worker (A rating),Skilled Worker,education
Assumption Grammar School,Ballynahinch,Down,Worker (A rating),Skilled Worker,education
Aston Community Education Trust,Shirebrook,Nottinghamshire,Worker (A rating),Skilled Worker,education
Aston Pre-School and Creche Services Ltd,Birmingham,,Worker (A rating),Skilled Worker,education
Aston University,Birmingham,,Temporary Worker (A rating); Worker (A rating),Government Authorised Exchange; Skilled Worker,education
Astrea Academy Trust,Sheffield,,Worker (A rating),Skilled Worker,education
ASTRUM MULTI ACADEMY TRUST,Romford,Essex,Worker (A rating),Skilled Worker,education
ASU LONDON CENTRE FOR ADVANCED LEARNING,London,,Worker (A rating),Skilled Worker,education
Atom Learning,London,,Worker (A rating),Skilled Worker,education
Atomix Educational Trust,Guisborough,England - North East,Worker (A rating),Skilled Worker,education
Attwood Academies,Cranbrook,,Worker (A rating),Skilled Worker,education
Authentic Education Group,Poole,Dorset,Worker (A rating),Skilled Worker,education
Avado Learning Limited,London,Greater London,Worker (A rating),Skilled Worker,education
Avanti Schools Trust,Stanmore,Middlesex,Worker (A rating),Skilled Worker,education
Avon Education Services Ltd,Bristol,,Worker (A rating),Skilled Worker,education
Axiom Tutoring Ltd,London,Southwark,Worker (A rating),Skilled Worker,education
Axis Educational Trust,London,London,Worker (A rating),Skilled Worker,education
Aylesbury College,Aylesbury,Bucks,Worker (A rating),Skilled Worker,education
Aylesbury High School,Aylesbury,Buckinghamshire,Worker (A rating),Skilled Worker,education
Azhar Academy,London,,Worker (A rating),Skilled Worker,education
AZHAR ACADEMY LIMITED,London,,Worker (A rating),Skilled Worker,education
BA EDUCATIONAL CONSULTANCY LTD,LONDON,,Worker (A rating),Skilled Worker,education
BABA BUDHA JI EDUCATIONAL TRUST,PETERBOROUGH,,Worker (A rating); Temporary Worker (A rating),Tier 2 Ministers of Religion; Charity Worker; Religious Worker,education
Babcock Training Limited,Cosham,Portsmouth,Worker (A rating),Skilled Worker; Global Business Mobility: Senior or Specialist Worker,education
Babraham Institute,Cambridge,Cambridgeshire,Temporary Worker (A rating); Worker (A rating),Government Authorised Exchange; Charity Worker; Skilled Worker,education
BAC Education Consultancy Ltd,Dartford,Kent,Worker (A rating),Skilled Worker,education
Backwell School,Backwell,,Worker (A rating); Temporary Worker (A rating),Skilled Worker; Charity Worker,education
Balloon Day Nursery Limited,London,,Worker (A rating),Skilled Worker,education
Balshaw's CE High School,Leyland,England,Worker (A rating),Skilled Worker,education
Baltic Training Services t/a Baltic Apprenticeships,Newton Aycliffe,Durham,Worker (A rating),Skilled Worker,education
Bambooh Education Ltd,Middleton Cheney,,Worker (A rating),Skilled Worker,education
Banana Moon Day Nursery Croydon,Croydon,,Worker (A rating),Skilled Worker,education
Bancroft's School,Essex,,Worker (A rating),Skilled Worker,education
BANGOR GRAMMAR SCHOOL,BANGOR,DOWN,Worker (A rating),Skilled Worker,education
Bangor University,Bangor,Gwynedd,Worker (A rating); Temporary Worker (A rating),Skilled Worker; Government Authorised Exchange,education
Banister Primary School,Southampton,Hants,Worker (A rating),Skilled Worker,education
Bantock Training LTD,London,,Worker (A rating),Skilled Worker,education
Banyan Educational Consultancy Ltd,London,,Worker (A rating),Skilled Worker,education
Barking & Dagenham College,Romford,Essex,Worker (A rating),Skilled Worker,education
Barnard Castle School,Barnard Castle,County Durham,Temporary Worker (A rating),Charity Worker,education
Barnardiston Hall Preparatory School,Nr Haverhill,Suffolk,Worker (A rating),Skilled Worker,education
Barnet and Southgate College,Herts,,Worker (A rating),Skilled Worker,education
Barnet Tuition Center Limited,London,,Worker (A rating),Skilled Worker,education
Barnsley College,Barnsley,South Yorkshire,Worker (A rating),Skilled Worker,education
Barnwell School,Stevenage,Herts,Worker (A rating),Skilled Worker,education
Bartholomew School,Witney,Oxfordshire,Worker (A rating),Skilled Worker,education
Bartley Green School,Birmingham,,Worker (A rating),Skilled Worker,education
Barton Court Academy Trust,Canterbury,Kent,Worker (A rating),Skilled Worker,education
BAS (School) Ltd,Battle,East Sussex,Worker (A rating); Temporary Worker (A rating),Skilled Worker; International Agreement,education
Basingstoke College of Technology,Basingstoke,Hampshire,Worker (A rating),Skilled Worker,education
Bassingbourn Community Primary School,Bassingbourn,Royston,Worker (A rating),Skilled Worker,education
Bath College,Bath,,Worker (A rating),Skilled Worker,education
Bath Spa University,Bath,,Temporary Worker (A rating); Worker (A rating),Creative Worker; Skilled Worker; Government Authorised Exchange; International Sportsperson,education
Batley Multi Academy Trust,Batley,West Yorkshire,Worker (A rating),Skilled Worker,education
BATU TRAINING SERVICES LTD,LONDON,,Worker (A rating),Skilled Worker,education
Bauhaus Educational Services Limited,Northampton,,Worker (A rating),Skilled Worker,education
Baytul Ilm Secondary School,milton Keynes,England,Worker (A rating),Skilled Worker,education
"BCS, The Chartered Institute for IT",Swindon,Wiltshire,Worker (A rating),Skilled Worker,education
BE Education,LONDON,,Worker (A rating),Skilled Worker,education
Beacon Hill Academy,South Ockendon,Essex,Worker (A rating),Skilled Worker,education
Beacon Hill Community School,Aspatria,Cumbria,Worker (A rating),Skilled Worker,education
Beacon Hill School,Wallsend,North Tyneside,Worker (A rating),Skilled Worker,education
Beacon Multi Academy Trust,Ilford,Essex,Worker (A rating),Skilled Worker,education
Beam Primary School,London,,Worker (A rating),Skilled Worker,education
Beatrice Tate School,LONDON,,Worker (A rating),Skilled Worker,education
BEAUTIFUL WORLD TRAINING ACADEMY LTD,Hounslow,,Worker (A rating),Skilled Worker,education
BEC nurseries Limited t/a new amigos day nursery,"Manchester, United Kingdom",Greater Manchester,Worker (A rating),Skilled Worker,education
Becket Keys Church of England School,Brentwood,Essex,Worker (A rating),Skilled Worker,education
Bedales School,Petersfield,Hampshire,Temporary Worker (A rating); Worker (A rating),Charity Worker; Skilled Worker,education
Bedford Academy,Bedford,,Worker (A rating),Skilled Worker,education
Bedford College,Bedford,Bedfordshire,Worker (A rating),Skilled Worker,education
Bedford Greenacre Independent School,BEDFORD,,Worker (A rating),Skilled Worker,education
Bedfordshire Schools Trust,Shefford,Bedfordshire,Worker (A rating),Skilled Worker,education
Beech House School,ROCHDALE,GREATER MANCHESTER,Worker (A rating),Skilled Worker,education
Beeches Learning and Development Trust,Burnham,Buckinghamshire,Worker (A rating),Skilled Worker,education
Beifang Education Group (UK) Ltd,London,,Worker (A rating),Skilled Worker,education
Beit Shvidler Primary School,Edgware,Middlesex,Worker (A rating),Skilled Worker,education
Belfast School of Theology,Belfast,,Worker (A rating); Temporary Worker (A rating),Tier 2 Ministers of Religion; Charity Worker; Religious Worker; Skilled Worker,education
Belgrave School Ltd,Bristol,,Worker (A rating),Skilled Worker,education
Belhaven Hill School Trust,Dunbar,East Lothian,Temporary Worker (A rating),Charity Worker,education
BELLA BAMBINI DAY NURSERY LTD,Nottingham,England,Worker (A rating),Skilled Worker,education
Bellerive FCJ Catholic College,Liverpool,Merseyside,Worker (A rating),Skilled Worker,education
Bellevue Education International Limited,London,,Worker (A rating),Skilled Worker,education
Bellevue Place Education Trust,London,,Worker (A rating),Skilled Worker,education
Belmont International Ltd t/a First Class Learning- Aberdeen,Aberdeen,,Worker (A rating),Skilled Worker,education
Belsize Village Nursery Ltd,London,,Worker (A rating),Skilled Worker,education
Benenden School,Cranbrook,Kent,Worker (A rating),Skilled Worker,education
Bennett Memorial Diocesan School,Tunbridge Wells,Kent,Worker (A rating),Skilled Worker,education
Berkhamsted School,Berkhamsted,Herts,Temporary Worker (A rating); Worker (A rating),Creative Worker; Skilled Worker,education
BESA Group-British Educational Services Group Limited,Manchester,United Kingdom,Worker (A rating),Skilled Worker,education
BEST LEARNING SUPPORT LIMITED,Hayes,,Worker (A rating),Skilled Worker,education
BEST TRAINING LONDON LIMITED,"London,",,Worker (A rating),Skilled Worker,education
Beth Chatto Education Trust,Colchester,,Temporary Worker (A rating),Charity Worker,education
Bethany School Ltd,Tonbridge,Kent,Temporary Worker (A rating); Worker (A rating),Charity Worker; Skilled Worker,education
Bethnal Green Montessori School Limited,London,County,Worker (A rating),Skilled Worker,education
Beths Grammar School,Bexley,Kent,Worker (A rating),Skilled Worker,education
Better Futures Multi Academy Trust,Coventry,,Worker (A rating),Skilled Worker,education
Bewise Tutorials,Harrow,,Worker (A rating),Skilled Worker,education
Bexhill College,Bexhill,East Sussex,Worker (A rating),Skilled Worker,education
Bexley Grammar School,Welling,Kent,Worker (A rating),Skilled Worker,education
BEXLEY MANOR NURSERY SCHOOL LIMITED,BEXLEY,KENT,Worker (A rating),Skilled Worker,education
BEYOND SCHOOLS TRUST,CHATHAM,,Worker (A rating),Skilled Worker,education
Beyond Training & Consultation Ltd,Belfast,Antrim,Worker (A rating),Skilled Worker,education
BIEA BRITISH INTERNATIONAL EDUCATION ASSOCIATION LTD,London,,Worker (A rating),Skilled Worker,education
Big Creative Training Ltd,London,,Worker (A rating),Skilled Worker,education
Big Education Trust,London,,Worker (A rating),Skilled Worker,education
BIGFOOT INTERNATIONAL EDUCATION LTD,London,,Worker (A rating),Skilled Worker,education
Bignall End Cricket Club & Miners Welfare Institute,Stoke-on-Trent,Staffordshire,Worker (A rating),International Sportsperson,education
Bilingual Day Nursery & Pre-School,Ashby de la Zouch,Leicestershire,Worker (A rating),Skilled Worker,education
Birchfield School,Wolverhampton,,Worker (A rating),Skilled Worker,education
Birchwood High School,Bishops Stortford,Hertfordshire,Worker (A rating),Skilled Worker,education
Birkbeck College,London,,Worker (A rating); Temporary Worker (A rating),Skilled Worker; Government Authorised Exchange,education
Birmingham Christian College,Birmingham,,Worker (A rating); Temporary Worker (A rating),Skilled Worker; Charity Worker,education
Birmingham City University,Birmingham,West Midlands,Worker (A rating),Skilled Worker,education
Birmingham Newman University,Birmingham,West Midlands,Worker (A rating),Skilled Worker,education
Birtley House Specialist Independent School,Sevenoaks,Kent,Worker (A rating),Skilled Worker,education
Bishop Burton College,Bishop Burton,East Riding of Yorkshire,Worker (A rating),Skilled Worker,education
Bishop Chadwick Catholic Education Trust,Houghton Le Spring,,Worker (A rating),Skilled Worker,education
Bishop Challoner Federation of Schools,London,,Worker (A rating),Skilled Worker,education
Bishop Ramsey CoE School,Ruislip,Middlesex,Worker (A rating),Skilled Worker,education
Bishop Stopford School,Kettering,Northamptonshire,Worker (A rating),Skilled Worker,education
Bishop Stopford's School,London,,Worker (A rating),Skilled Worker,education
Bishop's Hatfield Girls' School,Hatfield,Hertfordshire,Worker (A rating),Skilled Worker,education
Bishopshalt School,Uxbridge,Middlesex,Worker (A rating),Skilled Worker,education
Bitterne Park School,Southampton,Hampshire,Worker (A rating),Skilled Worker,education
BIZZ EDUCATIONAL CONSULTANCY LTD,PRESTON,LANCASHIRE,Worker (A rating),Skilled Worker,education
Blackfen School for Girls,Sidcup,Kent,Worker (A rating),Skilled Worker,education
Blackheath High School GDST,London,,Temporary Worker (A rating); Worker (A rating),Creative Worker; Skilled Worker,education
Blackpool and The Fylde College,Blackpool,Lancashire,Worker (A rating),Skilled Worker,education
Blackwater Academy LTD,Birmingham,,Worker (A rating),Skilled Worker,education
Blanchard Training and Development Inc,Guildford,Surrey,Worker (A rating),Global Business Mobility: Senior or Specialist Worker,education
Blenheim High School,Epsom,Surrey,Worker (A rating),Skilled Worker,education
Blessed George Napier Catholic School,Banbury,,Worker (A rating),Skilled Worker,education
Blessed Hugh Faringdon Catholic School,Reading,,Worker (A rating),Skilled Worker,education
Blessed Thomas Holford Catholic College,Altrincham,Cheshire,Worker (A rating),Skilled Worker,education
Blessings Daycare and Nursery LTD,Bradford,,Worker (A rating),Skilled Worker,education
Blooming Babies Day Nursery Limited,Stanford le hope,Essex,Worker (A rating),Skilled Worker,education
BLOOMING TULIPS MONTESSORI LTD,Northwood,,Worker (A rating),Skilled Worker,education
BLOOMSBURY INSTITUTE LIMITED,London,,Worker (A rating),Skilled Worker,education
Blossom Educational Limited,Northwood,,Worker (A rating),Skilled Worker,education
Blossom House School Limited,New Malden,,Worker (A rating),Skilled Worker,education
Blossom Tree Montessori Limited,Northwood,Middlesex,Worker (A rating),Skilled Worker,education
Blue Consulting International Limited T/A Blue Education,London,,Worker (A rating),Skilled Worker,education
Blue Kangaroo Happy Nursery,Glasgow,,Worker (A rating),Skilled Worker,education
BLUE PEAR DAY NURSERY LIMITED,London,,Worker (A rating),Skilled Worker,education
Blue Skies Nursery,EDGWARE,,Worker (A rating),Skilled Worker,education
Bluebell Daycare Nursery,Alperton,,Worker (A rating),Skilled Worker,education
Blundell's School,Tiverton,Devon,Worker (A rating),Skilled Worker,education
BMAT EDUCATION,Harlow,,Worker (A rating),Skilled Worker,education
BMH Tutors Limited,Croydon,,Worker (A rating),Skilled Worker,education
Bodhi College,Totnes,Devon,Temporary Worker (A rating),Religious Worker,education
Body Fit Training UK Limited,London,,Worker (A rating),Skilled Worker,education
Bohunt Education Trust,Liphook,Hampshire,Worker (A rating),Skilled Worker,education
Bolder Academy Trust,Isleworth,,Worker (A rating),Skilled Worker,education
BOLTON COMMUNITY EDUCATIONAL TRUST,Bolton,,Temporary Worker (A rating),Charity Worker,education
Bolton Muslim Girlsâ?? School,Bolton,Greater Manchester,Worker (A rating),Skilled Worker,education
Bonitas Multi Academy Trust Limited,Bracknell,Berkshire,Worker (A rating),Skilled Worker,education
Bonitots LTD T/A Bonitots Bilingual Nursery and Preschool,Greenwich London,,Worker (A rating),Skilled Worker,education
BOOMSATSUMA EDUCATION LIMITED,Bristol,,Worker (A rating),Skilled Worker,education
Bosco Catholic Education Trust,Bognor Regis,West Sussex,Worker (A rating),Skilled Worker,education
Boston College,Boston,Lincolnshire,Worker (A rating),Skilled Worker,education
Boston Grammar School,Boston,Lincolnshire,Worker (A rating),Skilled Worker,education
Bourne Education Trust,Epsom,Surrey,Worker (A rating),Skilled Worker,education
Bournemouth University,Poole,Dorset,Temporary Worker (A rating); Worker (A rating),Government Authorised Exchange; Skilled Worker,education
Boutcher Church of England Primary School,London,,Worker (A rating),Skilled Worker,education
BPI Learning Consulting UK,London,,Worker (A rating),Skilled Worker,education
BPP University,London,,Worker (A rating),Skilled Worker,education
Bradfield College,Reading,Berkshire,Worker (A rating),Skilled Worker,education
Bradford Academy,Bradford,West Yorkshire,Worker (A rating),Skilled Worker,education
Brahma Kumaris World Spiritual University (UK),London,,Temporary Worker (A rating); Worker (A rating),Religious Worker; Charity Worker; Tier 2 Ministers of Religion,education
BRAIN BOOSTERS ACADEMY GB LIMITED,Luton,,Worker (A rating),Skilled Worker,education
BRAINSTATION LEARNING LIMITED,London,,Worker (A rating),Global Business Mobility: Senior or Specialist Worker; Skilled Worker,education
Brambletye School Trust Limited,East Grinstead,West Sussex,Temporary Worker (A rating),Charity Worker,education
Brampton College,London,,Worker (A rating),Skilled Worker,education
BRAVE EDUCATIONUK LIMITED,London,,Worker (A rating),Skilled Worker,education
Braziers Park School of Integrative Social Research,Ipsden,,Worker (A rating),Tier 2 Ministers of Religion,education
Brentford School For Girls,Brentford,Middlesex,Worker (A rating),Skilled Worker,education
Brentside High School,Hanwell,London,Worker (A rating),Skilled Worker,education
Brentside Primary Academy,Hanwell,,Worker (A rating),Skilled Worker,education
Brentwood School,Brentwood,Essex,Worker (A rating),Skilled Worker,education
Bridge Academy,London,,Worker (A rating),Skilled Worker,education
Bridge Academy Trust,Chelmsford,Essex,Worker (A rating),Skilled Worker,education
Bridgelea Primary School,Manchester,,Worker (A rating),Skilled Worker,education
Brigantia Learning Trust Limited,Sheffield,,Worker (A rating),Skilled Worker,education
Brigham Young University Limited,London,,Worker (A rating),Global Business Mobility: Senior or Specialist Worker; Skilled Worker,education
BRIGHT FUTURE TUITION LTD,Manchester,,Worker (A rating),Skilled Worker,education
Bright Futures Educational Trust,Flixton,Manchester,Worker (A rating),Skilled Worker,education
Bright Kids Day Nursery Ltd,Leyton,London,Worker (A rating),Skilled Worker,education
Bright Origin Nursery Limited,London,,Worker (A rating),Skilled Worker,education
BRIGHT TINEY HOME NURSERY LTD,Barking,,Worker (A rating),Skilled Worker,education
Bright Training & Assessment Ltd,London,,Worker (A rating),Skilled Worker,education
BRIGHT TUTORS LTD,LONDON,,Worker (A rating),Skilled Worker,education
BRIGHTEDGE ACADEMY LIMITED,LONDON,ILFORD,Worker (A rating),Skilled Worker,education
Brighton and Hove Social Welfare and Educational Trust Ltd,Brighton,East Sussex,Worker (A rating),Skilled Worker,education
Brighton College,Brighton,East Sussex,Temporary Worker (A rating); Worker (A rating),Charity Worker; Skilled Worker,education
BRISTOL OLD VIC THEATRE SCHOOL LTD,BRISTOL,,Worker (A rating),Skilled Worker,education
BRISTOL SCHOOL OF ACTING LTD,Bristol,,Worker (A rating),Skilled Worker,education
Britannia Education Trust,London,,Worker (A rating),Skilled Worker,education
Britannia School of Academics Ltd,London,,Worker (A rating),Skilled Worker,education
British Academy,London,,Worker (A rating),Skilled Worker,education
British Academy of Jewellery Ltd,London,,Worker (A rating),Skilled Worker,education
"British Academy Of Songwriters, Composers and Authors",London,,Worker (A rating),Skilled Worker,education
British Aviation Academy Ltd,Cambourne,,Worker (A rating),Skilled Worker,education
British Horological Institute Ltd,Newark,Notts,Worker (A rating),Skilled Worker,education
Broadfields Primary School,Edgware,,Worker (A rating),Skilled Worker,education
Broadheath Day Nursery,Worcester,Worcestershire,Worker (A rating),Skilled Worker,education
Broadway Academy Trust,Birmingham,West Midlands,Worker (A rating),Skilled Worker,education
Brockenhurst College,Brockenhurst,Hampshire,Worker (A rating),Skilled Worker,education
Brockhill Park Performing Arts College,Hythe,Kent,Worker (A rating),Skilled Worker,education
Bromley College of Further & Higher Education,Bromley,Kent,Worker (A rating),Skilled Worker,education
Bromley Emergency Training & Research Ltd,London,,Worker (A rating),Skilled Worker,education
Bromsgrove School,Bromsgrove,Worcestershire,Worker (A rating),Skilled Worker,education
Brooklands College,Weybridge,Surrey,Worker (A rating),Skilled Worker,education
Broughton Hall Catholic High School,Liverpool,,Worker (A rating),Skilled Worker,education
Brunel University London,Uxbridge,,Temporary Worker (A rating); Worker (A rating),Government Authorised Exchange; Skilled Worker,education
Bruton School For Girls,Bruton,Somerset,Temporary Worker (A rating); Worker (A rating),Charity Worker; Skilled Worker,education
Bryanston Nursery@Marble Arch LTD,London,,Worker (A rating),Skilled Worker,education
Bryanston School Incorporated,Blandford,Dorset,Worker (A rating); Temporary Worker (A rating),Skilled Worker; Creative Worker,education
BSJT T/A Bushey Meads School,Bushey,,Worker (A rating),Skilled Worker,education
"Bubbly Gems Ltd, T//A, Bubbly Gems Nursery",Sunderland,,Worker (A rating),Skilled Worker,education
Buckinghamshire County Council Schools,Aylesbury,Buckinghamshire,Worker (A rating),Skilled Worker,education
Buckinghamshire New University,Buckinghamshire,,Worker (A rating); Temporary Worker (A rating),Skilled Worker; Government Authorised Exchange,education
Buckswood School,Near Hastings,East Sussex,Worker (A rating),Skilled Worker,education
Budbrooke House Childrens Nursery (Warwick) LTD,Warwick,Warwickshire,Worker (A rating),Skilled Worker,education
BUDDY BEAR TRUST CONDUCTIVE EDUCATION SCHOOL,Dungannon,County Tyrone,Worker (A rating),Skilled Worker,education
Buds Limited T/A Catherine House Day Nursery Schools,Birmingham,,Worker (A rating),Skilled Worker,education
Built Environment Support and Training Ltd,Glasgow,Lanarkshire,Worker (A rating),Skilled Worker,education
Bumble Bees Day Nursery Ltd,London,,Worker (A rating),Skilled Worker,education
Bundle Training Limited,London,,Worker (A rating),Skilled Worker,education
Burleigh House Nursery,Newport,Newport,Worker (A rating),Skilled Worker,education
Burlington School Limited,Balham,London,Worker (A rating),Skilled Worker,education
Burnley College,Burnley,,Worker (A rating),Skilled Worker,education
Burnt Mill Academy Trust,Harlow,Essex,Worker (A rating),Skilled Worker,education
Burwell Village College Primary School,Cambridge,CAMBRIDGESHIRE,Worker (A rating),Skilled Worker,education
Business School England Limited,London,,Worker (A rating),Skilled Worker,education
Bute House Preparatory School for Girls Limited,LONDON,,Worker (A rating),Skilled Worker,education
Buxton School,London,,Worker (A rating),Skilled Worker,education
"Buzy Bees Childcare Limited, T/A Blue Nest Montessori School",Harrow,Middlesewx,Worker (A rating),Skilled Worker,education
"BVU Ventures Ltd, t/a T4 Education",Hemel Hempstead,Hertfordshire,Worker (A rating),Skilled Worker,education
Cabot Learning Federation,Bristol,,Worker (A rating),Skilled Worker,education
CAETOP COLLEGE LONDON LTD,Ilford,,Worker (A rating),Skilled Worker,education
Cairngorm Canoeing & Sailing School Ltd,Kingussie,Highland,Worker (A rating),Skilled Worker,education
Caistor Grammar School,Market Rasen,Lincolnshire,Temporary Worker (A rating),Charity Worker,education
Calder High School,Hebden Bridge,West Yorkshire,Worker (A rating),Skilled Worker,education
Caledonian Education Information Centre,Edinburgh,,Worker (A rating),Skilled Worker,education
CAMBRIDGE CENTER FOR EDUCATION EXCHANGE LTD,Cambridge,,Worker (A rating),Skilled Worker,education
CAMBRIDGE COLLEGE OF MANAGEMENT AND SCIENCES LTD,Birmingham,,Worker (A rating),Skilled Worker,education
Cambridge Montessori Ltd,Cambridge,,Worker (A rating),Skilled Worker,education
Cambridge Muslim College,Cambridge,,Worker (A rating),Skilled Worker,education
Cambridge Professional Academy Ltd,Cambridge,,Worker (A rating),Skilled Worker,education
Cambridge Regional College,Cambridge,Cambs,Worker (A rating),Skilled Worker,education
Cambridge Seminars College,Cambridge,,Worker (A rating),Skilled Worker,education
Cambridge Star College Ltd,Cambridge,,Worker (A rating),Skilled Worker,education
Cambridge Steiner School Project,Cambridge,Cambridgeshire,Worker (A rating),Skilled Worker,education
Cambridge Stoke College Limited,Sudbury,Suffolk,Worker (A rating),Skilled Worker,education
Cambridge Street School,Batley,,Worker (A rating),Skilled Worker,education
Cambridge Tutors College,Croydon,,Worker (A rating),Skilled Worker,education
Cambridge University Boat Club,Cambridge,,Worker (A rating),International Sportsperson; Skilled Worker,education
Cambridge University Press & Assessment,Cambridge,,Worker (A rating),Global Business Mobility: Senior or Specialist Worker; Skilled Worker,education
Campbell College,Belfast,,Worker (A rating); Temporary Worker (A rating),Skilled Worker; Charity Worker,education
Camphill Rudolf Steiner Schools Limited,Aberdeen,,Temporary Worker (A rating),Charity Worker,education
Camphill Rudolf Steiner Schools Ltd,Aberdeen,,Worker (A rating),Skilled Worker,education
Camvision Education Limited,London,,Worker (A rating),Skilled Worker,education
Canary Wharf College,London,,Worker (A rating),Skilled Worker,education
Canford School,Wimborne,Dorset,Worker (A rating),Skilled Worker,education
Canons High School,Edgware,,Worker (A rating),Skilled Worker,education
Canopy Education CIC,London,London,Worker (A rating),Skilled Worker,education
CANTELL School,SOUTHAMPTON,HAMPSHIRE,Worker (A rating),Skilled Worker,education
Canterbury Christ Church University,Canterbury,Kent,Worker (A rating); Temporary Worker (A rating),Tier 2 Ministers of Religion; Government Authorised Exchange; Skilled Worker,education
Capital City College Group,London,,Worker (A rating),Skilled Worker,education
CAPITAL TRAINING AND DEVELOPMENT NETWORK,London,,Temporary Worker (A rating),Charity Worker,education
Cardiff and Vale College,Cardiff,,Worker (A rating),Skilled Worker,education
Cardiff Metropolitan University,CARDIFF,South Glamorgan,Worker (A rating),Skilled Worker; International Sportsperson,education
Cardiff Montessori School Limited,Swansea,Wales,Worker (A rating),Skilled Worker,education
Cardiff University,Cardiff,,Worker (A rating); Temporary Worker (A rating),Skilled Worker; Creative Worker; Government Authorised Exchange,education
Cardinal Pole Catholic School,Hackney,,Worker (A rating),Skilled Worker,education
CARE2 TRAINING LIMITED,LONDON,,Worker (A rating),Skilled Worker,education
Career Tutors Limited,London,,Worker (A rating),Skilled Worker,education
Carfax Educational Consultants Limited,Wantage,,Worker (A rating),Skilled Worker; Global Business Mobility: Senior or Specialist Worker,education
Cargilfield School,Edinburgh,,Worker (A rating); Temporary Worker (A rating),Skilled Worker; Charity Worker,education
carr Manor Community School,Leeds,West Yorkshire,Worker (A rating),Skilled Worker,education
Carshalton Boys Sports College,Carshalton,Surrey,Worker (A rating),Skilled Worker,education
CASE INTERNATIONAL EDUCATION LTD,London,,Worker (A rating),Skilled Worker,education
CASPIAN SCHOOL OF ACADEMICS LTD,London,,Worker (A rating),Skilled Worker,education
CASS INTERNATIONAL EDUCATION & CONSULTING LTD,London,,Worker (A rating),Skilled Worker,education
Castle School Education Trust,Mangotsfield,South Gloucestershire,Worker (A rating),Skilled Worker,education
Caterham School Ltd,Caterham,Surrey,Worker (A rating),Tier 2 Ministers of Religion; Skilled Worker,education
Cathedral Schools Trust,North Somerset,,Worker (A rating),Skilled Worker,education
Cavendish Education Ltd,London,,Worker (A rating),Skilled Worker,education
CCUK Education Ltd,London,,Worker (A rating),Skilled Worker,education
CEA CAPA Education Abroad,London,,Worker (A rating),Skilled Worker,education
CECOS College London,London,,Worker (A rating),Scale-up; Skilled Worker,education
Central City Training Venues Ltd,London,,Worker (A rating),Skilled Worker,education
Central Foundation Boys' School,London,,Worker (A rating),Skilled Worker,education
Central Jamia Mosque Madni & Education Centre,Halifax,West Yorkshire,Temporary Worker (A rating); Worker (A rating),Religious Worker; Tier 2 Ministers of Religion,education
Central Region Schools Trust,Birmingham,,Worker (A rating),Skilled Worker,education
Central School of Ballet,London,,Worker (A rating),Skilled Worker,education
CENTRE ACADEMY LONDON,LONDON,,Worker (A rating),Skilled Worker,education
CENTRE FOR EDUCATION-UK LTD,London,,Worker (A rating),Skilled Worker,education
Centre For Enabling EA Learning & Research,Blackpool,Lancashire,Temporary Worker (A rating); Worker (A rating),Charity Worker; Skilled Worker,education
Centre for Global Education,Belfast,Antrim,Temporary Worker (A rating),Charity Worker,education
Centre of Accountancy Careers & Training Ltd,London,,Worker (A rating),Skilled Worker,education
"Centre of Wellbeing, Training & Culture",Oldham,Lancashire,Temporary Worker (A rating); Worker (A rating),Creative Worker; Skilled Worker,education
CFA Institute,London,,Worker (A rating),Global Business Mobility: Senior or Specialist Worker; Skilled Worker,education
Chace Community School,Enfield,,Worker (A rating),Skilled Worker,education
Chalknduster Tutors Limited,Hounslow,,Worker (A rating),Skilled Worker,education
Chancery Education Trust,Bromley,Kent,Worker (A rating),Skilled Worker,education
Changing Lives Learning Trust,Egremont,Cumbria,Worker (A rating),Skilled Worker,education
Channing School,London,,Worker (A rating),Skilled Worker,education
Charlton Park Academy,London,,Worker (A rating),Skilled Worker,education
Chartam House Nursery Limited,Maidenhead,,Worker (A rating),Skilled Worker,education
Chartered Institute of Arbitrators,London,,Worker (A rating),Skilled Worker,education
Chartered Institute of Building,Bracknell,Berkshire,Worker (A rating),Skilled Worker,education
Chartered Institute of Export & International Trade,Peterborough,,Worker (A rating),Skilled Worker,education
Chartered Institute of Internal Auditors,London,,Worker (A rating),Skilled Worker,education
Chartered Institute of Public Finance and Accountancy (CIPFA),London,,Worker (A rating),Skilled Worker,education
Chartered Management Institute,Corby,,Worker (A rating),Skilled Worker,education
Charters School,Ascot,Berkshire,Worker (A rating),Skilled Worker,education
Chashtiah Educational Trust,Rochdale,Greater Manchester,Temporary Worker (A rating); Worker (A rating),Religious Worker; Tier 2 Ministers of Religion,education
Chauncy School,Ware,Herts,Worker (A rating),Skilled Worker,education
Cheadle Hulme School,Stockport,Cheshire,Worker (A rating),Skilled Worker,education
Cheam Academies Network,Cheam,Surrey,Worker (A rating),Skilled Worker,education
Cheam School Educational Trust,Thatcham,Berkshire,Temporary Worker (A rating); Worker (A rating),Charity Worker; Skilled Worker,education
CHEETHAM KIDS ACADEMY LTD,Manchester,,Worker (A rating),Skilled Worker,education
Chefs in Schools,London,County,Worker (A rating),Skilled Worker,education
Chelmsford College,Chelmsford,Essex,Worker (A rating),Skilled Worker,education
Chelmsford County High School,Chelmsford,Essex,Temporary Worker (A rating),Charity Worker,education
Chelmsford Learning Partnership,Chelmsford,Essex,Worker (A rating),Skilled Worker,education
Chelsea Academy (A Science Academy),London,,Worker (A rating),Skilled Worker,education
Chelsea Education Group Services Ltd,London,,Worker (A rating),Skilled Worker,education
Cheltenham College,Cheltenham,Gloucestershire,Temporary Worker (A rating); Worker (A rating),Charity Worker; Skilled Worker,education
Cheltenham Ladies' College,Cheltenham,Glos,Worker (A rating),Skilled Worker,education
Cherry Hill Children's Day Nursery Ltd,Wrexham,Wales,Worker (A rating),Skilled Worker,education
Cherry Lane Primary School,West Drayton,Middlesex,Worker (A rating),Skilled Worker,education
Cherubins Day Nursery,London,,Worker (A rating),Skilled Worker,education
Cherwell College Oxford Ltd,Oxford,Oxfordshire,Temporary Worker (A rating); Worker (A rating),Charity Worker; Skilled Worker,education
Cheshire College South & West,Crewe,Cheshire,Worker (A rating),Skilled Worker,education
CHESSVANTAGE ACADEMY LIMITED,London,,Worker (A rating),Skilled Worker,education
Chesterfield College,Chesterfield,Derbyshire,Worker (A rating),Skilled Worker,education
Chesterton Community College,Cambridge,Cambridgeshire,Worker (A rating),Skilled Worker,education
Chetham's School of Music,Manchester,,Temporary Worker (A rating),Creative Worker,education
Cheung Kong Graduate School of Business (Europe) Limited,London,,Worker (A rating),Skilled Worker,education
Chew Valley School,Bristol,Bath & North East Somerset,Worker (A rating),Skilled Worker,education
Chichester College Group,Chichester,United Kingdom,Worker (A rating),Skilled Worker,education
Chigwell School,Chigwell,Essex,Worker (A rating),Skilled Worker,education
Chihuang Music School Limited,Liverpool,England,Worker (A rating),Skilled Worker,education
Childcare & Learning (Holdings) Ltd,Horley,Surrey,Worker (A rating),Skilled Worker,education
Chiltern Learning Trust,Luton,Bedfordshire,Worker (A rating),Skilled Worker,education
Chiltern Nursery & Training College,Reading,Berkshire,Worker (A rating),Skilled Worker,education
Chiltern Way Academy Trust,Aylesbury,Buckinghamshire,Worker (A rating),Skilled Worker,education
CHINESE-ENGLISH LEGAL EDUCATION LIMITED,London,,Worker (A rating),Skilled Worker,education
Chingford Foundation School,Chingford,London,Worker (A rating),Skilled Worker,education
CHIP TRAINING & CONSULTING LTD,"London,",,Worker (A rating),Skilled Worker,education
Chislehurst & Sidcup Grammar School,Sidcup,Kent,Worker (A rating),Skilled Worker,education
Chiswick School,London,,Worker (A rating),Skilled Worker,education
Chives Montessori School,Ipswich,Suffolk,Worker (A rating),Skilled Worker,education
Chorus Education Trust,Sheffield,South Yorkshire,Worker (A rating),Skilled Worker,education
Christ College,Brecon,Powys,Temporary Worker (A rating); Worker (A rating),Charity Worker; Skilled Worker,education
Christ the King College,Newport,Isle of Wight,Worker (A rating),Skilled Worker,education
Christ the Redeemer Catholic Education Trust,Kingston upon Thames,,Worker (A rating),Skilled Worker,education
CHRIST THE REDEEMER COLLEGE,HARROW,,Worker (A rating),Skilled Worker,education
Christ's College,Cambridge,Cambridgeshire,Worker (A rating),Skilled Worker,education
Christ's College Finchley,London,,Worker (A rating),Skilled Worker,education
Christ's School,Richmond Upon Thames,Surrey,Worker (A rating),Skilled Worker,education
Christian International Theological College,Edinburgh,Midlothian,Worker (A rating); Temporary Worker (A rating),Skilled Worker; Charity Worker,education
Christopher Whitehead Langauge College and Sixth Form,Worcester,,Worker (A rating),Skilled Worker,education
Church of Scientology Religious Education College Inc,East Grinstead,West Sussex,Temporary Worker (A rating); Worker (A rating),Religious Worker; Tier 2 Ministers of Religion,education
Churcher's College,Petersfield,Hampshire,Worker (A rating),International Sportsperson; Skilled Worker,education
Churchill College,Cambridge,,Worker (A rating),Skilled Worker,education
Cineon Training Limited,Exeter,Devon,Worker (A rating),Skilled Worker,education
Circus Day Nursery,Cheltenham,,Worker (A rating),Skilled Worker,education
CITY ACADEMY (ARTS) LIMITED,LONDON,,Worker (A rating),Skilled Worker,education
City College Limited,Coventry,,Worker (A rating),Skilled Worker,education
City College Peterborough,Peterborough,Cambridgeshire,Worker (A rating),Skilled Worker,education
City College Plymouth,Plymouth,Devon,Worker (A rating),Skilled Worker,education
CITY COLLEGE STRATFORD COMMUNITY INTEREST COMPANY,London,,Worker (A rating),Skilled Worker,education
City Cricket Academy Ltd,Leicester,,Worker (A rating),Skilled Worker,education
City of Glasgow College,Glasgow,,Worker (A rating),Skilled Worker,education
City of London Academies Trust,London,,Worker (A rating),Skilled Worker,education
CITY OF LONDON COLLEGE (CLC) LTD,"London,",,Worker (A rating),Skilled Worker,education
"City St George's, University of London",London,,Worker (A rating); Temporary Worker (A rating),Skilled Worker; Government Authorised Exchange,education
CLAP ACADEMY LIMITED,Croydon,London,Worker (A rating),Skilled Worker,education
Clapton Girls Academy,London,,Worker (A rating),Skilled Worker,education
Clare College,Cambridge,,Worker (A rating); Temporary Worker (A rating),Tier 2 Ministers of Religion; Government Authorised Exchange; Skilled Worker,education
"Clare Hall, University of Cambridge",Cambridge,,Worker (A rating); Temporary Worker (A rating),Skilled Worker; Government Authorised Exchange,education
Claremont High School,Harrow,Middlesex,Worker (A rating),Skilled Worker,education
Clarendon International Education Limited,Oxford,,Worker (A rating),Skilled Worker,education
Clear Corporation Training Limited,LONDON,,Worker (A rating),Skilled Worker,education
Cleeve Park School,Sidcup,Kent,Worker (A rating),Skilled Worker,education
Cleveland-Northern Ireland International Basketball Academy,Downpatrick,Down,Worker (A rating),International Sportsperson,education
Clever Cubs Ltd T/A Monkey Puzzle Day Nursery Harrow,Harrow,,Worker (A rating),Skilled Worker,education
Cliff College,Hope Valley,Derbyshire,Worker (A rating),Skilled Worker,education
Clifton College,Bristol,,Temporary Worker (A rating),Charity Worker,education
Cliftonville Academy Cricket Club,Newtownabbey,Co Antrim,Worker (A rating),International Sportsperson,education
CM School London Limited,Blandford Forum,,Worker (A rating),Skilled Worker,education
CNM The College of Naturopathic Medicine,East Grinstead,West Sussex,Worker (A rating),Skilled Worker,education
CNM The College of Naturopathic Medicine Limited,East Grinstead,West Sussex,Worker (A rating),Skilled Worker,education
Coach Academy Ltd,Lower Dicker,Hailsham,Worker (A rating),Skilled Worker,education
Coastal Academies Trust,Westgate,,Worker (A rating),Skilled Worker,education
Coates Way Junior Mixed Infants and Nursery School,Watford,Hertfordshire,Worker (A rating),Skilled Worker,education
Cobham Free School,Cobham,Surrey,Worker (A rating),Skilled Worker,education
Cobham Montessori School,Cobham,Surrey,Worker (A rating),Skilled Worker,education
COCKBURN MULTI ACADEMY TRUST,Leeds,,Worker (A rating),Skilled Worker,education
Cognita Schools Limited,London,,Worker (A rating),Skilled Worker,education
Cokethorpe School,Witney,Oxon,Worker (A rating),Skilled Worker,education
Colchester Institute,Colchester,Essex,Worker (A rating),Skilled Worker,education
Colfe's School,Lee,London,Worker (A rating),Skilled Worker,education
Colham Manor Primary School,Uxbridge,,Worker (A rating),Skilled Worker,education
COLLEGE FOR INTERNATIONAL COOPERATION AND DEVELOPMENT,Winestead,Hull East Riding Of Yorkshire,Worker (A rating),Skilled Worker,education
College Francais Bilingue de Londres Ltd,London,,Worker (A rating),Skilled Worker,education
COLLEGE OF I.T & ECOMMERCE LTD,Hainault,Essex,Worker (A rating),Skilled Worker,education
COLLEGE OF LONDON LIMITED,London,,Worker (A rating),Skilled Worker,education
College of Optometrists,London,,Worker (A rating); Temporary Worker (A rating),Skilled Worker; Government Authorised Exchange,education
College Street Post Office,Merseyside,,Worker (A rating),Skilled Worker,education
Collingwood College,Camberley,Surrey,Worker (A rating),Skilled Worker,education
Colmers School and Sixth Form,Birmingham,West Midlands,Worker (A rating),Skilled Worker,education
Colourbox Childcare Nursery Limited,London,,Worker (A rating),Skilled Worker,education
Colourbox Montessori School Limited,Bury St. Edmunds,Suffolk,Worker (A rating),Skilled Worker,education
Colville Primary School,London,,Worker (A rating),Skilled Worker,education
Colyton Grammar School,Colyton,Devon,Worker (A rating),Skilled Worker,education
Common Purpose Training Ltd,London,Greater London,Worker (A rating),Skilled Worker,education
Commonwealth College of Excellence Ltd,London,,Worker (A rating),Skilled Worker,education
Communication and Learning Enterprises Limited,Ulverston,- select -,Worker (A rating),Skilled Worker,education
Community Schools Trust,London,,Worker (A rating),Skilled Worker,education
Community Training Portal Limited,Luton,,Worker (A rating),Skilled Worker,education
Compass Culture and Education Ltd,Watford,,Worker (A rating),Skilled Worker,education
CONCRETED EDUCATION LTD,London,,Worker (A rating),Skilled Worker,education
Condover College Ltd,Shrewsbury,Shropshire,Worker (A rating),Skilled Worker,education
Connect Learning Group Limited TA Canopy Children's Nursery,Hertfordshire,,Worker (A rating),Skilled Worker,education
Connectia Education Ltd,Woking,Surrey,Worker (A rating),Skilled Worker,education
Constellation Education Services,Bristol,,Worker (A rating),Skilled Worker,education
Construction Industry Training Board (CITB),Peterborough,Cambridgeshire,Worker (A rating),Skilled Worker,education
Convoy Education Ltd,London,,Worker (A rating),Skilled Worker,education
Coombe Academy Trust,New Malden,Surrey,Worker (A rating),Skilled Worker,education
Copthall School,London,,Worker (A rating),Skilled Worker,education
Corbets Tey School,Upminster,Essex,Worker (A rating),Skilled Worker,education
CORE Education Trust,Birmingham,West Midlands,Worker (A rating),Skilled Worker,education
Cornelius Vermuyden School,Canvey Island,Essex,Worker (A rating),Skilled Worker,education
Cornerstone Academy Trust,Exeter,Devon,Worker (A rating),Skilled Worker,education
Cornerstone Day Nursery,London,,Worker (A rating),Skilled Worker,education
Cornwall College,Redruth,Cornwall,Worker (A rating),Skilled Worker,education
Cornwall Education Learning Trust,St Austell,Cornwall,Worker (A rating),Skilled Worker,education
Corpus Christi Catholic Academy Trust,Manchester,Greater Manchester,Worker (A rating),Skilled Worker,education
Corpus Christi Catholic Primary School,London,London,Worker (A rating),Skilled Worker,education
Corpus Christi College,Cambridge,,Temporary Worker (A rating); Worker (A rating),Government Authorised Exchange; Skilled Worker,education
Corvus Learning Trust,Sandhurst,Berkshire,Worker (A rating),Skilled Worker,education
COURAGE GLOBAL SCHOOL LIMITED,BURY,GREATER MANCHESTER,Worker (A rating),Skilled Worker,education
Courtauld Institute of Art,London,,Temporary Worker (A rating); Worker (A rating),Government Authorised Exchange; Skilled Worker,education
Cov Driving School Ltd,Coventry,,Worker (A rating),Skilled Worker,education
Coventry College,Coventry,,Worker (A rating),Skilled Worker,education
Coventry School Foundation,Coventry,,Worker (A rating),Skilled Worker,education
Coventry University,Coventry,West Midlands,Worker (A rating); Temporary Worker (A rating),Skilled Worker; Government Authorised Exchange,education
Coventry University Students Union Limited,Coventry,West Midlands,Worker (A rating),Skilled Worker,education
Cox Green School,Maidenhead,Berkshire,Worker (A rating),Skilled Worker,education
CP Training Solutions,Luton,,Worker (A rating),Skilled Worker,education
CPB Educational Services Ltd,London,,Worker (A rating),Skilled Worker,education
Cranbrook School,Cranbrook,Kent,Temporary Worker (A rating); Worker (A rating),Charity Worker; Skilled Worker,education
Cranfield University,Bedford,Bedfordshire,Worker (A rating); Temporary Worker (A rating),Skilled Worker; Government Authorised Exchange,education
Cranford Community College,Middlesex,,Worker (A rating),Skilled Worker,education
Cranford School,Wallingford,Oxfordshire,Worker (A rating),Skilled Worker,education
Creative Education Trust,Milton Keynes,Buckinghamshire,Worker (A rating),Skilled Worker,education
Creekmoor Day Nursery LTD,Poole,Bournemouth Christchurch And Poole,Worker (A rating),Skilled Worker,education
Crescent Education Services Ltd,Birmingham,,Worker (A rating),Skilled Worker,education
Cresconova Academy,London,,Worker (A rating),Skilled Worker,education
Cressey Oasis Education Ltd,Croydon,,Worker (A rating),Skilled Worker,education
Crimson Education (Europe) Limited,London,,Worker (A rating),Global Business Mobility: Senior or Specialist Worker; Skilled Worker,education
Crisis Prevention Institute Inc T/A CPI Europe Inc.,Sale,,Worker (A rating),Skilled Worker,education
Crompton House Multi Academy Trust,Shaw,Oldham,Worker (A rating),Skilled Worker,education
Croydon College,Croydon,Surrey,Worker (A rating),Skilled Worker,education
Croydon Islamic Academy,London,,Worker (A rating),Tier 2 Ministers of Religion,education
Croydon Metropolitan College,Croydon,,Worker (A rating),Skilled Worker,education
Croydon School of Accountancy and Management,London,,Worker (A rating),Skilled Worker,education
Crystal Nursery (UK) Limited,London,,Worker (A rating),Skilled Worker,education
CST Training Ltd,Dartford,,Worker (A rating),Skilled Worker,education
"CUA Hotel Limited, University Arms & Parkers Tavern",Cambridge,Cambridgeshire,Worker (A rating),Skilled Worker,education
Culford School,Bury St. Edmunds,Suffolk,Temporary Worker (A rating); Worker (A rating),Charity Worker; Skilled Worker,education
Curiousminds Montessori Limited,South Croydon,,Worker (A rating),Skilled Worker,education
Cutie Pies Nursery Ltd,London,,Worker (A rating),Skilled Worker,education
CWSH CWS & College of Esports Limited,London,,Worker (A rating),Skilled Worker,education
Cygnus Academies Trust,Kent,Swanscombe,Worker (A rating),Skilled Worker,education
Dada Education Global Limited,Leeds,,Worker (A rating),Skilled Worker,education
DAFFODIL PREPARATORY SCHOOL LTD,London,,Worker (A rating),Skilled Worker,education
Daffodils Nursery Ltd,Smethwick,,Worker (A rating),Skilled Worker,education
Daisybank Day Nursery Ltd,Bramhall,Stockport,Worker (A rating),Skilled Worker,education
Danes Educational Trust,Chorleywood,Hertfordshire,Worker (A rating),Skilled Worker,education
Dar Al Ilm Learning Centre,LONDON,,Worker (A rating),Tier 2 Ministers of Religion,education
Dartford Grammar School,Dartford,Kent,Worker (A rating),Skilled Worker,education
Darwin College,Cambridge,,Worker (A rating),Skilled Worker,education
Daughters of Divine Love Training and Assessment Centre (UK) - DDLTAC (UK),London,,Worker (A rating),Skilled Worker,education
David Game College Ltd,London,,Worker (A rating),Skilled Worker,education
David Nieper Academy,Alfreton,,Worker (A rating),Skilled Worker,education
"Davoud Falahatgar Etminani, trading as Tigers Taekwondo Academy",London,,Worker (A rating),International Sportsperson; Skilled Worker,education
Dazzling Stars Pre School,Erith,Bexley,Worker (A rating),Skilled Worker,education
DCS TRAINING SERVICES LTD,MAIDSTONE,,Worker (A rating),Skilled Worker,education
De Aston School Academy Trust,Market Rasen,Lincolnshire,Worker (A rating),Skilled Worker,education
De Montfort University,Leicester,,Worker (A rating); Temporary Worker (A rating),Skilled Worker; Government Authorised Exchange,education
Debate Mate Training Ltd,London,,Worker (A rating),Skilled Worker,education
DECCA GROUP LIMITED T/A ARK EDUCATION CENTRE,ROMFORD,,Worker (A rating),Skilled Worker,education
Defence Academy of the United Kingdom,Swindon,,Worker (A rating); Temporary Worker (A rating),Skilled Worker; Government Authorised Exchange,education
Delta Academies Trust,Knottingley,West Yorkshire,Worker (A rating),Skilled Worker,education
Denefield School,Reading,Berkshire,Worker (A rating),Skilled Worker,education
Denstone College,Uttoxeter,Staffs,Temporary Worker (A rating); Worker (A rating),Charity Worker; Religious Worker; Skilled Worker,education
Department for Education,London,,Worker (A rating),Skilled Worker,education
Derby College,Derby,Derbyshire,Worker (A rating),Skilled Worker,education
Desborough College Academy Trust,Maidenhead,Berkshire,Worker (A rating),Skilled Worker,education
DESTINY KIDS NURSERY LIMITED,LONDON,,Worker (A rating),Skilled Worker,education
DHAMMA NIKETHANAYA INTERNATIONAL COMMUNITY CENTRE FOR EDUCATION MEDITATION PSYCHOTHERAPY AND COUNSELLING,LETCHWORTH GARDEN CITY,,Temporary Worker (A rating); Worker (A rating),Religious Worker; Tier 2 Ministers of Religion,education
DIADEMS DAY NURSERY,London,,Worker (A rating),Skilled Worker,education
Dickory Docks Educational Day Nursery,Reading,,Worker (A rating),Skilled Worker,education
Didac Schools Ltd,EASTBOURNE,East Sussex,Worker (A rating),Skilled Worker,education
Diocese of Chichester Academy Trust,Eastbourne,East Sussex,Worker (A rating),Skilled Worker,education
Diocese of Norwich Education Services Company,Norwich,Norfolk,Worker (A rating),Skilled Worker,education
DISABLE TRAINING & ACCOMMODATION SERVICES LTD,London,,Temporary Worker (A rating),Charity Worker,education
Discovery Education Europe Limited,Bath,,Worker (A rating),Global Business Mobility: Senior or Specialist Worker; Skilled Worker,education
Discovery Educational Trust,Brentwood,Essex,Worker (A rating),Skilled Worker,education
Discovery Schools Trust,Beaumont Leys,Leicester,Worker (A rating),Skilled Worker,education
Diverse Academies Trust,Retford,England,Worker (A rating),Skilled Worker,education
Diversify Education and Communities CIC,Nottingham,Nottingham,Worker (A rating),Skilled Worker,education
Dixons Academies Trust,Bradford,UK,Worker (A rating),Skilled Worker,education
Djanogly Learning Trust,Nottingham,Nottinghamshire,Worker (A rating),Skilled Worker,education
DK Tuition Ltd,Southborough,Tunbridge Wells,Worker (A rating),Skilled Worker,education
DNM (SOUTH WEST) LTD T/A BAMBER EDUCATION,Bristol,,Worker (A rating),Skilled Worker,education
DOCKLANDS DAY NURSERY LIMITED,LONDON,,Worker (A rating),Skilled Worker,education
Dollar Academy,Dollar,,Worker (A rating); Temporary Worker (A rating),Skilled Worker; Charity Worker,education
Dolphin School Limited,Reading,,Worker (A rating),Skilled Worker,education
DOREEN BIRD COLLEGE OF PERFORMING ARTS,SIDCUP,KENT,Worker (A rating),Skilled Worker,education
DORSET HALL NURSERY PARKSIDE LIMITED,LONDON,,Worker (A rating),Skilled Worker,education
Dover College,Dover,Kent,Temporary Worker (A rating); Worker (A rating),Charity Worker; Skilled Worker,education
Dover Grammar School for Boys,Dover,Kent,Worker (A rating),Skilled Worker,education
Dowdales School,Dalton-in-Furness,Cumbria,Worker (A rating),Skilled Worker,education
Downe House School,Thatcham,Berkshire,Worker (A rating),Skilled Worker,education
Downing College,Cambridge,,Worker (A rating),Skilled Worker,education
Downside Primary School,Luton,Bedfordshire,Worker (A rating),Skilled Worker,education
Downside School,Radstock,Bath,Temporary Worker (A rating); Worker (A rating),Religious Worker; Tier 2 Ministers of Religion,education
DPI - Democratic Progress Institute,London,,Temporary Worker (A rating); Worker (A rating),Charity Worker; Skilled Worker,education
Dr Challoner's Grammar School,Amersham,Buckinghamshire,Worker (A rating),Skilled Worker,education
Dr Challoner's High School,Little Chalfont,Buckinghamshire,Worker (A rating),Skilled Worker,education
DR SIMON'S ACADEMY & CONSULTANCY OF SCIENCE LIMITED,MANCHESTER,GREATER MANCHESTER,Worker (A rating),Skilled Worker,education
Dragon School Trust Ltd,Oxford,Oxfordshire,Worker (A rating); Temporary Worker (A rating),Skilled Worker; Charity Worker,education
Drake Primary School,Thetford,Norfolk,Worker (A rating),Skilled Worker,education
Drapers' Multi-Academy Trust,Romford,Essex,Worker (A rating),Skilled Worker,education
Drayton Manor High School,London,Ealing,Worker (A rating),Skilled Worker,education
drb Ignite Multi Academy Trust,Birmingham,West Midlands,Worker (A rating),Skilled Worker,education
drb Schools and Academies Services Ltd     Services Limited,Birmingham,,Worker (A rating),Skilled Worker,education
Dreamer Space International Education Ltd,London,,Worker (A rating),Skilled Worker,education
Drumbeat School and ASD Service,London,Bromley,Worker (A rating),Skilled Worker,education
Drumduan School,Forres,,Temporary Worker (A rating); Worker (A rating),Charity Worker; Skilled Worker,education
Dudley Academies Trust,Dudley,West Midlands,Worker (A rating),Skilled Worker,education
Dudley College of Technology,Dudley,West Midlands,Worker (A rating),Skilled Worker,education
DUDLEY LEARNING CENTRE LTD,Dudley,west mildands,Worker (A rating),Skilled Worker,education
Duke Corporate Education Limited,London,United Kingdom,Worker (A rating),Skilled Worker; Global Business Mobility: Senior or Specialist Worker,education
Dukes Education Group Ltd,London,,Worker (A rating),Skilled Worker,education
Dulwich College,London,,Worker (A rating),International Sportsperson; Skilled Worker,education
Dumfries and Galloway College,Dumfries,,Worker (A rating),Skilled Worker,education
Dunraven Educational Trust,London,,Worker (A rating),Skilled Worker,education
DUNSTABLE LEARNING CENTRE LTD,Dunstable,,Worker (A rating),Skilled Worker,education
Durrington Multi Academy Trust,Durrington,Sussex,Worker (A rating),Skilled Worker,education
DURSTON HOUSE SCHOOL EDUCATIONAL TRUST LTD,EALING,LONDON,Worker (A rating),Skilled Worker,education
Dwight School London,London,,Worker (A rating),Skilled Worker,education
Dynamic Education Services LTD,London,,Worker (A rating),Skilled Worker,education
E17 NURSERY LIMITED,London,,Worker (A rating),Skilled Worker,education
Ealing Independent College,Ealing,London,Worker (A rating),Skilled Worker,education
Earlham Institute,Norwich,,Worker (A rating); Temporary Worker (A rating),Skilled Worker; Government Authorised Exchange,education
EARLY BIRD EDUCATION LIMITED,Merton District,London,Worker (A rating),Skilled Worker,education
EARLY BUDS NURSERY LTD,London,,Worker (A rating),Skilled Worker,education
Early Education Centre,Walthamstow,London,Worker (A rating),Skilled Worker,education
Early Years Investments Limited T/A Red Bus Nursery & Pre-School,Teddington,,Worker (A rating),Skilled Worker,education
East Anglian Schools Trust Ltd,Wickham Market,Suffolk,Temporary Worker (A rating); Worker (A rating),Charity Worker; Skilled Worker,education
East Coast College,Lowestoft,,Worker (A rating),Skilled Worker,education
East London Advanced Technology Training,London,,Worker (A rating),Skilled Worker,education
East London Community College Ltd,London,,Worker (A rating),Skilled Worker,education
East Midlands Academy trust,Northampton,Northamptonshire,Worker (A rating),Skilled Worker,education
East Norfolk Multi Academy Trust,Great Yarmouth,Norfolk,Worker (A rating),Skilled Worker,education
East Sussex College Group,Eastbourne,East Sussex,Worker (A rating),Skilled Worker,education
Eastbourne College,Eastbourne,East Sussex,Worker (A rating); Temporary Worker (A rating),Skilled Worker; Charity Worker,education
Eastend Training Ltd,London,Greater London,Worker (A rating),Skilled Worker,education
Eastern Learning Alliance,Cambridge,Cambridgeshire,Worker (A rating),Skilled Worker,education
Eastern Multi-Academy Trust,King's Lynn,Norfolk,Worker (A rating),Skilled Worker,education
EASTWARD HOUSE SCHOOL LIMITED,Pontypridd,CARDIFF,Worker (A rating),Skilled Worker,education
Eastwood Park Academy Trust,Leigh-on-Sea,Essex,Worker (A rating),Skilled Worker,education
EAYC Nursery,London,,Worker (A rating),Skilled Worker,education
EBN Academy,Birmingham,West Midlands,Worker (A rating),Skilled Worker,education
Ebrahim Community College,London,,Worker (A rating),Skilled Worker,education
EC Learning Solutions Limited,Bathgate,,Worker (A rating),Skilled Worker,education
Echos Education Ltd,London,,Worker (A rating),Skilled Worker,education
ECI Schools,London,,Worker (A rating),Skilled Worker,education
EDA College Ltd,Birmingham,,Worker (A rating),Skilled Worker,education
Edenberries Day Nursery and Pre School Limited,Essex,Essex,Worker (A rating),Skilled Worker,education
EDEXA ACADEMY LTD,Hayes,Middlesex,Worker (A rating),Skilled Worker,education
EDG Nursery,London,,Worker (A rating),Skilled Worker,education
Edge Grove School Trust Ltd,Aldenham Village,,Temporary Worker (A rating); Worker (A rating),Charity Worker; Skilled Worker,education
Edge Hill University,Ormskirk,Lancashire,Temporary Worker (A rating); Worker (A rating),Government Authorised Exchange; Skilled Worker,education
Edinburgh Festival Ballet School,Edinburgh,,Worker (A rating),Skilled Worker,education
Edinburgh Montessori Arts School,Edinburgh,,Worker (A rating),Skilled Worker,education
Edinburgh Napier University,Edinburgh,,Worker (A rating); Temporary Worker (A rating),Skilled Worker; Government Authorised Exchange,education
Edinburgh Primary School,London,Waltham Forest,Worker (A rating),Skilled Worker,education
Edmonton Academy Trust,Enfield,Middlesex,Worker (A rating),Skilled Worker,education
EDU Training Centre Ltd,Oldham,,Worker (A rating),Skilled Worker,education
EDUCATION & IT LIMITED,Birmingham,,Worker (A rating),Skilled Worker,education
Education & Services for People with Autism Ltd.,Sunderland,Tyne & Wear,Worker (A rating),Skilled Worker,education
EDUCATION AND ASSESSMENT LTD,Birmingham,,Worker (A rating),Skilled Worker,education
Education and Leadership Trust,Manchester,,Worker (A rating),Skilled Worker,education
Education Authority,Belfast,,Worker (A rating),Skilled Worker,education
Education Careers Limited,London,,Worker (A rating),Skilled Worker,education
EDUCATION CONSORTIUM UK LTD,Motherwell,Lanarkshire,Worker (A rating),Skilled Worker,education
Education Development Trust,Reading,Berkshire,Worker (A rating),Global Business Mobility: Senior or Specialist Worker; Skilled Worker,education
Education Endowment Foundation,London,,Worker (A rating),Skilled Worker,education
EDUCATION FOR INDUSTRY GROUP,London,,Worker (A rating),Skilled Worker,education
EDUCATION HELP SERVICES LTD,Northampton,,Worker (A rating),Skilled Worker,education
Education House Leeds Ltd,Leeds,West Yorkshire,Worker (A rating),Skilled Worker,education
Education Incorporated Ltd.,Bromley,Kent,Worker (A rating),Skilled Worker,education
Education Index LTD,Henley-on-Thames,South Oxfordshire,Worker (A rating),Skilled Worker,education
Education International Cooperation UK Consulting Limited,Manchester,,Worker (A rating),Global Business Mobility: Senior or Specialist Worker; Skilled Worker,education
Education Matters Group,Victoria,London,Worker (A rating),Skilled Worker,education
EDUCATION OFFICE  EMBASSY OF GREECE,LONDON,,Worker (A rating),Skilled Worker,education
Education Policy Institute,London,,Worker (A rating),Skilled Worker,education
Education South West,Kingsbridge,,Worker (A rating),Skilled Worker,education
Education Support Solutions Limited,Manchester,,Worker (A rating),Skilled Worker,education
Education Training Collective,Stockton on Tees,,Worker (A rating),Skilled Worker,education
EDUCATION TRAVEL & LEISURE LIMITED,London,,Worker (A rating),Skilled Worker,education
EDUCATION UK APPLICATION SERVICES LTD,LONDON,,Worker (A rating),Skilled Worker,education
EDUCATIONAL WORLD LIMITED,London,Woodford Green,Worker (A rating),Skilled Worker,education
EDUCATIONF1RST LTD,Birmingham,,Worker (A rating),Skilled Worker,education
EDULAND COLLEGE LIMITED,Essex,,Worker (A rating),Skilled Worker,education
Edvoy Educational Services Ltd,Manchester,,Worker (A rating),Skilled Worker,education
Edwings Overseas Educational Consultants Limited,Manchester,,Worker (A rating),Skilled Worker,education
Eeze Old School House Ltd,London,London,Worker (A rating),Skilled Worker,education
EF CORPORATE EDUCATION LTD,London,,Worker (A rating),Skilled Worker,education
EF International Academy UK Limited,Oxford,,Worker (A rating),Skilled Worker,education
EF Language Schools Ltd,London,,Worker (A rating),Skilled Worker,education
EFEKTA EDUCATION LTD,London,,Worker (A rating),Skilled Worker,education
Effingham Schools Trust,Dorking,Surrey,Worker (A rating); Temporary Worker (A rating),Skilled Worker; Charity Worker; Creative Worker,education
EIFA International School,London,,Worker (A rating),Skilled Worker,education
"EIM Learning UK, Ltd",London,,Worker (A rating),Global Business Mobility: Senior or Specialist Worker; Skilled Worker,education
EKC Schools Trust,Broadstairs,Kent,Worker (A rating),Skilled Worker,education
Eko Trust T/A Eleanor Smith School,London,,Worker (A rating),Skilled Worker,education
Elevate Education (United Kingdom) Pty Ltd,London,,Worker (A rating),Skilled Worker; Global Business Mobility: Senior or Specialist Worker,education
ELITE AESTHETICS & BEAUTY ACADEMY LTD,Luton,,Worker (A rating),Skilled Worker,education
Elite Closing Academy Limited,Solihull,,Worker (A rating),Skilled Worker,education
ELIZABETH SCHOOL OF LONDON LIMITED,London,,Worker (A rating),Skilled Worker,education
Eljoy Nursery Ltd,Romford,Essex,Worker (A rating),Skilled Worker,education
"Ellison Institute of Technology, Oxford Limited",Littlemore,Oxford,Worker (A rating),Skilled Worker; Global Business Mobility: Senior or Specialist Worker,education
Elmfield Rudolf Steiner School Limited,Stourbridge,West Midlands,Worker (A rating),Skilled Worker,education
Elmhurst Ballet School in Association with Birmingham Royal Ballet,Birmingham,West Midlands,Worker (A rating),Skilled Worker,education
Elstree School,Reading,Berkshire,Temporary Worker (A rating); Worker (A rating),Charity Worker; Skilled Worker,education
Eltham College,London,,Temporary Worker (A rating); Worker (A rating),Charity Worker; Skilled Worker,education
EMBS Community College Ltd,Oxford,Oxfordshire,Worker (A rating),Skilled Worker,education
Emerson College Trust Ltd.,Forest Row,East Sussex,Temporary Worker (A rating),Charity Worker,education
Emperia Academy Ltd.,Luton,,Worker (A rating),Skilled Worker,education
Emperia College LImited,Luton,,Worker (A rating),Skilled Worker,education
Empower Learning Academy Trust,Upminster,Essex,Worker (A rating),Skilled Worker,education
ENCHANTED LANDS DAY NURSERY LIMITED,London,Brent,Worker (A rating),Skilled Worker,education
Enchanted Nursery Ltd,Alton,Hampshire,Worker (A rating),Skilled Worker,education
Energy Institute,London,,Worker (A rating),Skilled Worker,education
Enfield County School for Girls,Enfield,Greater London,Worker (A rating),Skilled Worker,education
Enfield Grammar School,Enfield,London,Worker (A rating),Skilled Worker,education
Engineering Construction Industry Training Board,London,,Worker (A rating),Skilled Worker,education
English And Vocational Academy (EVA) Ltd,Cheltenham,Gloucestershire,Worker (A rating),Skilled Worker,education
English National Ballet School,London,,Temporary Worker (A rating); Worker (A rating),Creative Worker; Skilled Worker,education
ENGLOW EDUCATION LTD,Bracknell,,Worker (A rating),Skilled Worker,education
Enjoy Training Limited,Wokingham,Berkshire,Worker (A rating),Skilled Worker,education
Enlighten Learning Trust,Esher,Surrey,Worker (A rating),Skilled Worker,education
ENRICH LEARNING TRUST,Norwich,Norfolk,Worker (A rating),Skilled Worker,education
Enterkey Training Ltd,Birmingham,West Midlands,Worker (A rating),Skilled Worker,education
Epsilon Education Limited,Dagenham,Essex,Worker (A rating),Skilled Worker,education
Epsom College,Epsom,Surrey,Temporary Worker (A rating); Worker (A rating),Charity Worker; Skilled Worker,education
Equa Multi Academy Trust,DEVIZES,,Temporary Worker (A rating); Worker (A rating),Charity Worker; Skilled Worker,education
ES Training Limited,London,Choose County,Worker (A rating),Skilled Worker,education
ESCP Europe Business School,LONDON,,Worker (A rating),Skilled Worker,education
ESS Education and Support Services,Langport,Somerset,Temporary Worker (A rating),Charity Worker,education
ETC International College,Bournemouth,,Worker (A rating),Skilled Worker,education
ETON COLLEGE,NR WINDSOR,BERKSHIRE,Temporary Worker (A rating); Worker (A rating),Charity Worker; Skilled Worker,education
Europa School UK,Abingdon,Oxfordshire,Temporary Worker (A rating); Worker (A rating),Charity Worker; Skilled Worker,education
EUROPEAN SCHOOL OF ECONOMICS - ESE INSIGHT LIMITED,LONDON,,Worker (A rating),Skilled Worker,education
Eurospeak Language Schools Ltd,Reading,Berkshire,Worker (A rating),Skilled Worker,education
"EVERY CHILD, EVERY DAY ACADEMY TRUST",RICHMOND UPON THAMES,,Worker (A rating),Skilled Worker,education
Evidence Based Education,Sunderland,Tyne and Wear,Worker (A rating),Skilled Worker,education
Ewell Castle School,Ewell,Surrey,Worker (A rating),Skilled Worker,education
Exact Tutor Ltd,London,,Worker (A rating),Skilled Worker,education
Exam Success Educational Centre Limited,London,,Worker (A rating),Skilled Worker,education
Excalibur Academies Trust,Marlborough,,Worker (A rating),Skilled Worker,education
Exceed Academies Trust,Bradford,West Yorkshire,Worker (A rating),Skilled Worker,education
EXCEL BUSINESS CONSULTANTS & TRAINING ACADEMY LTD,LONDON,,Worker (A rating),Skilled Worker,education
Excel Tutors,London,,Worker (A rating),Skilled Worker,education
Excellence in Education Trust,Wembley,,Worker (A rating),Skilled Worker,education
Excellent Academy Limited,Camden Town,,Worker (A rating),Skilled Worker,education
Expert Training Resources UK Limited,Fleet,Hampshire,Worker (A rating),Skilled Worker,education
Explora Haven Training and Support Services Limited,London,,Worker (A rating),Skilled Worker,education
Explore Learning,Fareham,,Worker (A rating),Skilled Worker,education
EXPLORE LEARNING GRAYS LIMITED,Grays,,Worker (A rating),Skilled Worker,education
Extra Learning UK Limited,Birmingham,,Worker (A rating),Skilled Worker,education
EYELEVEL DRIVING SCHOOL LIMITED,Romford,,Worker (A rating),Skilled Worker,education
Eyesto Education Limited,Cardiff,Wales,Worker (A rating),Skilled Worker,education
FAHIQAH'S LEARNING ACADEMY LTD,Birmingham,,Worker (A rating),Skilled Worker,education
Fairfield School of Business Ltd,London,,Worker (A rating),Skilled Worker,education
Fairley House School,London,,Worker (A rating),Skilled Worker,education
Fairyland Nursery Ltd,London,,Worker (A rating),Skilled Worker,education
Fairytale Forest Day Nursery ltd,Pulborough,West Sussex,Worker (A rating),Skilled Worker,education
Faith Montessori Nursery Ltd,Forest Hill,London,Worker (A rating),Skilled Worker,education
Faizan - e- Rasool Education Centre Limited,Birmingham,,Temporary Worker (A rating); Worker (A rating),Religious Worker; Tier 2 Ministers of Religion,education
Fallibroome Academy,Cheshire,,Worker (A rating),Skilled Worker,education
Falmouth University,Falmouth,Cornwall,Temporary Worker (A rating); Worker (A rating),Creative Worker; Skilled Worker,education
Fareham Academy,Fareham,Hampshire,Worker (A rating),Skilled Worker,education
Fareport Training Organisation Limited,Fareham,,Worker (A rating),Skilled Worker,education
Faria Education Limited,Macclesfield,,Worker (A rating),Global Business Mobility: Senior or Specialist Worker; Skilled Worker,education
Farleigh School,Andover,Hampshire,Worker (A rating); Temporary Worker (A rating),International Sportsperson; Charity Worker; Skilled Worker; Tier 2 Ministers of Religion,education
Farley Nursery School,Salisbury,Wiltshire,Worker (A rating),Skilled Worker,education
Farringtons School,Chislehurst,Kent,Worker (A rating),Skilled Worker,education
Fashion Mark (Schoolwear) Limited,Southall,,Worker (A rating),Skilled Worker,education
FASTISPEED LIMITED T/A British Creative Institute,Birmingham,West Midlands,Worker (A rating),Skilled Worker,education
FCamara Consulting & Training,London,,Worker (A rating),Skilled Worker,education
Fearless Adventures Academy,Wilmslow,,Worker (A rating),Skilled Worker,education
Featherstone High School,Southall,Middlesex,Worker (A rating),Skilled Worker,education
Felixstowe International College,Felixstowe,Suffolk,Worker (A rating),Skilled Worker,education
Felsted School,Dunmow,Essex,Worker (A rating),Skilled Worker,education
Fettes College,Edinburgh,,Worker (A rating),Skilled Worker,education
Finborough School Limited,Suffolk,,Worker (A rating),Skilled Worker,education
Finchley Catholic High School,London,,Worker (A rating),Skilled Worker,education
Find A University Ltd,Sheffield,S Yorkshire,Worker (A rating),Skilled Worker,education
Findel Education Ltd.,Hyde,Cheshire,Worker (A rating),Skilled Worker,education
Findhorn Innovation Research and Education CIC,Findhorn,Moray,Worker (A rating),Skilled Worker,education
Finham Park Multi Academy Trust,Coventry,West Midlands,Worker (A rating),Skilled Worker,education
Finnish Institute in the UK and Ireland sr,London,London,Worker (A rating),Skilled Worker,education
Fire Service College Ltd,Moreton In Marsh,Gloucestershire,Temporary Worker (A rating),Government Authorised Exchange,education
Firebrand Training Ltd,London,,Worker (A rating),Skilled Worker,education
FIRST CHOICE SAFETY TRAINING LTD,London,,Worker (A rating),Skilled Worker,education
First Class Learning Ltd,Reading,,Worker (A rating),Skilled Worker,education
First Day Nursery Ltd,Ilford,Essex,Worker (A rating),Skilled Worker,education
First Lane Education UK Consultancy Ltd,London,,Worker (A rating),Skilled Worker,education
First Step Daycare & Nursery LTD,London,,Worker (A rating),Skilled Worker,education
First Tutors HM Limited,London,,Worker (A rating),Skilled Worker,education
First Tutors UK,London,,Worker (A rating),Skilled Worker,education
Fishergate Primary School,York,North Yorkshire,Worker (A rating),Skilled Worker,education
Fitzwilliam College in the University of Cambridge,Cambridge,,Worker (A rating),Skilled Worker,education
Flexible Learning School LTD,Birmingham,,Worker (A rating),Skilled Worker,education
FLEXXY EDUCATION LIMITED,Romford,,Worker (A rating),Skilled Worker,education
Florida State University International Programs Association UK,London,,Worker (A rating),Global Business Mobility: Senior or Specialist Worker; Skilled Worker,education
Flourish Day Nursery Ltd,Esher,Surrey,Worker (A rating),Skilled Worker,education
Flourish Learning,Liverpool,Merseyside,Worker (A rating),Skilled Worker,education
FLYING START DAY NURSERY CHIGWELL LTD,Chigwell,Essex,Worker (A rating),Skilled Worker,education
FM Education Hub Limited,Barking,,Worker (A rating),Skilled Worker,education
FOCUS 1ST ACADEMY LTD,Hatfield,,Worker (A rating),Skilled Worker,education
FOCUS EDUCATION GLOBAL PRIVATE LIMITED,BRENTFORD,,Worker (A rating),Skilled Worker,education
Foodyarj Ltd T/A University Plaice,Bangor,Wales,Worker (A rating),Skilled Worker,education
FOOTBALL CLASS ACADEMY LTD,CARDIFF,,Worker (A rating),Skilled Worker,education
Forbes Children's Nursery,Edinburgh,,Worker (A rating),Skilled Worker,education
Forbury Gardens Day Nursery,Readng,Berks,Worker (A rating),Skilled Worker,education
FORDHAM UNIVERSITY UK CHARITABLE TRUST,London,,Worker (A rating),Global Business Mobility: Senior or Specialist Worker; Skilled Worker,education
Forest Bridge School Ltd,Maidenhead,,Worker (A rating),Skilled Worker,education
"Forest School, Essex",London,,Worker (A rating),Skilled Worker,education
Forfar Education Ltd,London,,Worker (A rating),Skilled Worker,education
FORKANIA EDUCATION & CULTURAL CENTRE,Southall,,Worker (A rating); Temporary Worker (A rating),Skilled Worker; Charity Worker; Tier 2 Ministers of Religion; Religious Worker,education
Forth Valley College,Falkirk,,Worker (A rating),Skilled Worker,education
Foster's Primary School,Welling,,Worker (A rating),Skilled Worker,education
Foundation for International Education,London,,Worker (A rating),Skilled Worker,education
Fountain Montessori Ltd,edgware,Select,Worker (A rating),Skilled Worker,education
Four Swannes Primary School,WALTHAM CROSS,Hertfordshire,Worker (A rating),Skilled Worker,education
Fourth Monkey Education Limited,London,,Worker (A rating),Skilled Worker,education
Framlingham College,Framlingham,Suffolk,Temporary Worker (A rating); Worker (A rating),Charity Worker; Skilled Worker,education
Francis Holland Schools Trust,London,,Worker (A rating),Skilled Worker,education
Freman College,Buntingford,Hertfordshire,Worker (A rating),Skilled Worker,education
Frensham Heights School,Farnham,Surrey,Temporary Worker (A rating); Worker (A rating),Charity Worker; Skilled Worker,education
Freshsteps Independent school,London,,Worker (A rating),Skilled Worker,education
Frontier Learning Trust,Finchley,London,Worker (A rating),Skilled Worker,education
Fryent Primary School,Kingsbury,London,Worker (A rating),Skilled Worker,education
FS Training and Consultancy Limited,Manchester,,Worker (A rating),Skilled Worker,education
Fuel Learning Limited,Swadlincote,Derbyshire,Worker (A rating),Skilled Worker,education
Fulham Cross Academy,LONDON,,Worker (A rating),Skilled Worker,education
FULIA EDUCATION LTD,London,,Worker (A rating),Skilled Worker,education
Fullbrook School,New Haw,Surrey,Worker (A rating),Skilled Worker,education
Fullhurst Community College,Leicester,,Worker (A rating),Skilled Worker,education
Fulston Manor Academies Trust,Sittingbourne,Kent,Worker (A rating),Skilled Worker,education
Funfishers Out of School Club,York,,Worker (A rating),Skilled Worker,education
Funk Enterprise Ltd T/A Funk Training Club,London,,Worker (A rating),Skilled Worker,education
Furze Platt Senior School,Maidenhead,Berkshire,Worker (A rating),Skilled Worker,education
Future International Education UK Ltd,Nottingham,Beeston,Worker (A rating),Skilled Worker,education
FUTURE LEADERS DAY NURSERY LIMITED,Mitcham,,Worker (A rating),Skilled Worker,education
Future London Academy Limited,London,,Worker (A rating),Skilled Worker,education
Future Schools Trust,Maidstone,Kent,Worker (A rating),Skilled Worker,education
Future Stars Nursery Ltd/TA Future Stars Nursery,Wembley,Midddlesex,Worker (A rating),Skilled Worker,education
FUTURE TIDE EDUCATION LIMITED,London,Stratford,Worker (A rating),Skilled Worker,education
Fylde Coast Academy Trust,Blackpool,,Worker (A rating),Skilled Worker,education
Fyling Hall School,Whitby,North Yorkshire,Worker (A rating),Skilled Worker,education
Galaxy Explorers Day Nursery Limited,London,,Worker (A rating),Skilled Worker,education
GALAXY SKILLS AND TRAINING LTD,Bromley,,Worker (A rating),Skilled Worker,education
Garden House School Limited,London,,Worker (A rating),Skilled Worker,education
Gardener Schools Group Limited,London,,Worker (A rating),Skilled Worker,education
Garland Support and Training Ltd,Exeter,Devon,Worker (A rating),Skilled Worker,education
Gateway Education UK Limited,Northampton,,Worker (A rating),Skilled Worker,education
Gateway International College,London,,Worker (A rating),Skilled Worker,education
Gateway Multi Academy Trust,Romsey,Hampshire,Worker (A rating),Skilled Worker,education
GAUGHAN ACADEMY LTD,Loughton,England,Worker (A rating),Skilled Worker,education
Gemological Institute of America London (GIA England t/a GIA London),London,,Worker (A rating),Global Business Mobility: Senior or Specialist Worker; Skilled Worker,education
GENDERGP EDUCATION LTD,London,,Worker (A rating),Skilled Worker,education
George Watson's College,EDINBURGH,,Temporary Worker (A rating); Worker (A rating),Charity Worker; Skilled Worker,education
Georgetown University (USA) UK Initiatives Organisation,London,Aldwych,Worker (A rating),Global Business Mobility: Senior or Specialist Worker; Skilled Worker,education
German Historical Institute,London,,Worker (A rating),Skilled Worker,education
German School Association Limited,Surrey,,Temporary Worker (A rating); Worker (A rating),Charity Worker; Skilled Worker,education
GETWORK CONSTRUCTION AND TRAINING SERVICES LTD,HAYES,,Worker (A rating),Skilled Worker,education
Ghausia Chistia Islamic Trust Academy,Bradford,West Yorkshire,Worker (A rating),Tier 2 Ministers of Religion,education
GIGGLESWICK SCHOOL,SETTLE,NORTH YORKSHIRE,Worker (A rating); Temporary Worker (A rating),Skilled Worker; International Sportsperson; Charity Worker,education
Girls' Day School Trust,London,,Worker (A rating),Skilled Worker,education
Girls' Education Co Ltd,High Wycombe,Bucks,Worker (A rating); Temporary Worker (A rating),Skilled Worker; Charity Worker,education
Girls' Learning Trust,Sutton,Surrey,Worker (A rating),Skilled Worker,education
Girton College,Cambridge,Cambs,Worker (A rating); Temporary Worker (A rating),Skilled Worker; Government Authorised Exchange,education
GK Tuition Limited,London,England,Worker (A rating),Skilled Worker,education
Glasgow Caledonian University,Glasgow,,Temporary Worker (A rating); Worker (A rating),Government Authorised Exchange; Skilled Worker,education
Glasgow Maritime Academy,Glasgow,,Worker (A rating),Skilled Worker,education
Glasgow School of Art Students' Association,Glasgow,,Temporary Worker (A rating),Creative Worker,education
Glasgow University Students' Representative Council,Glasgow,,Worker (A rating),Skilled Worker,education
Glebe Primary School,Uxbridge,,Worker (A rating),Skilled Worker,education
Glenala Education Ltd,Lanark,Clydesdale,Worker (A rating),Skilled Worker,education
Glenalmond College,PERTH,,Worker (A rating),Skilled Worker,education
GLENCROWN TRAINING AND CONSULTING SERVICES LIMITED,London,,Worker (A rating),Skilled Worker,education
Glendower School Trust Limited,London,,Worker (A rating),Skilled Worker,education
GLF Schools,Banstead,Surrey,Worker (A rating),Skilled Worker,education
Global Academy UTC,Hayes,Middlesex,Worker (A rating),Skilled Worker,education
Global Alliance Academy Limited,London,,Worker (A rating),Skilled Worker,education
Global Banking School Limited,London,,Worker (A rating),Global Business Mobility: Senior or Specialist Worker; Skilled Worker,education
Global Carbon Capture and Storage Institute Ltd,London,,Worker (A rating),Skilled Worker,education
Global Driving School Ltd,West Bromwich,West Midlands,Worker (A rating),Skilled Worker,education
GLOBAL EDUCATION AND CAREER CONSULTANTS LIMITED,LONDON,,Worker (A rating),Skilled Worker,education
Global Education Explore Ltd,Rivermead Drive,Swindon,Worker (A rating),Skilled Worker,education
Global Education Management Systems Limited,Bristol,,Worker (A rating),Skilled Worker; Global Business Mobility: Senior or Specialist Worker,education
Global Learning Europe Ltd,London,,Worker (A rating),Global Business Mobility: Senior or Specialist Worker; Skilled Worker,education
Global North London Business School Limited,London,,Worker (A rating),Skilled Worker,education
Global School Exchanges Ltd,Havant,,Worker (A rating),Skilled Worker,education
GLOBAL SCHOOL OF MANAGEMENT LTD,London,,Worker (A rating),Skilled Worker,education
Global Schools Forum,London,,Temporary Worker (A rating); Worker (A rating),Charity Worker; Skilled Worker,education
GLOBAL TRAINING AND EDUCATION CONSULTANCY LTD,Birmingham,,Worker (A rating),Skilled Worker,education
Global Vision Education Consulting Ltd,LONDON,,Worker (A rating),Skilled Worker,education
Globe Education Services Ltd,Manchester,,Worker (A rating),Skilled Worker,education
Globe Learning Pathway Limited,Hyde,,Worker (A rating),Skilled Worker,education
Gloucestershire College,Cheltenham,Glos,Worker (A rating),Skilled Worker,education
Gloucestershire Engineering Training,Gloucester,,Worker (A rating),Skilled Worker,education
GLP Training Ltd,Worcester,,Worker (A rating),Skilled Worker,education
Goffs School - Academy,Waltham Cross,Hertfordshire,Worker (A rating),Skilled Worker,education
Gogna Schoolwear & Sports Limited,Oldbury,,Worker (A rating),Skilled Worker,education
Golden Valley House Day Nursery,nailsea,Bristol,Worker (A rating),Skilled Worker,education
Goldensparks Learning Limited,London,,Worker (A rating),Skilled Worker,education
Golders Green College and School of English Limited,London,,Worker (A rating),Skilled Worker,education
Goldsmiths University of London,London,,Temporary Worker (A rating),Government Authorised Exchange,education
"Goldsmiths, University of London",London,,Worker (A rating),Skilled Worker,education
GOLDSTAR EXPRESS LIMITED TA Little Giants Nursery,Uxbridge,,Worker (A rating),Skilled Worker,education
Gonville and Caius College,Cambridge,,Temporary Worker (A rating); Worker (A rating),Government Authorised Exchange; Skilled Worker,education
GOOD SHEPHERD DAY NURSERY LTD,London,,Worker (A rating),Skilled Worker,education
Gordano School,Portishead,Bristol,Worker (A rating),Skilled Worker,education
Gosfield School Ltd,HALSTEAD,Essex,Worker (A rating),Skilled Worker,education
Governance House for Consulting Training and Development Limited,London,,Worker (A rating),Global Business Mobility: Senior or Specialist Worker; Skilled Worker,education
Grace Academy Coventry,Coventry,,Worker (A rating),Skilled Worker,education
Grange Montessori Nursery,Ealing,London,Worker (A rating),Skilled Worker,education
Grange Park Junior School,London,,Worker (A rating),Skilled Worker,education
Grangewood Educational Association,London,London,Worker (A rating),Skilled Worker,education
Grantham College,Grantham,Lincolnshire,Worker (A rating),Skilled Worker,education
Great Academies Education Trust,Ashton under Lyne,Lancashire,Worker (A rating),Skilled Worker,education
Great and Little Shelford CE (A) Primary School,Cambridge,Cambridgeshire,Worker (A rating),Skilled Worker,education
Great Ballard School Limited,Chichester,West Sussex,Worker (A rating),Skilled Worker,education
GREAT EDUCATION LIMITED,London,Ilford,Worker (A rating),Skilled Worker,education
Great Marlow School,Marlow,,Worker (A rating),Skilled Worker,education
GREAT SCHOOLS TRUST,WARRINGTON,CHESHIRE,Worker (A rating),Skilled Worker,education
Greater Manchester Academies Trust,Manchester,,Worker (A rating),Skilled Worker,education
Green Finance Institute Ltd,London,,Worker (A rating),Skilled Worker,education
Green Tree Nursery Ltd,Inverness,,Worker (A rating),Skilled Worker,education
GREEN VALLEY ACADEMY LTD,Ilford,,Worker (A rating),Skilled Worker,education
Greenacres Montessori Ltd T/A Leavesden Montessori House,Watford,Herts,Worker (A rating),Skilled Worker,education
Greenfield School,Woking,,Worker (A rating),Skilled Worker,education
Greenford High School,Southall,Middlesex,Worker (A rating),Skilled Worker,education
Greenshaw High School,Sutton,Surrey,Worker (A rating),Skilled Worker,education
Greenwich Foundation for the Old Royal Naval College,Greenwich,London,Worker (A rating),Skilled Worker,education
Greenwood Academies Trust,Nottingham,,Worker (A rating),Skilled Worker,education
Gresham's School,Holt,Norfolk,Worker (A rating),Skilled Worker,education
Greyfriars Catholic School,Oxford,Oxfordshire,Worker (A rating),Skilled Worker,education
Grove Academy,Slough,,Worker (A rating),Skilled Worker,education
Growth Academy Trust LTD,Coventry,westmidlands,Worker (A rating),Skilled Worker,education
GSL Education,Barnet,London,Worker (A rating),Skilled Worker,education
GUIDED EDUCATION HUB LTD,Leeds,England,Worker (A rating),Skilled Worker,education
Guiseley School,Leeds,West Yorkshire,Worker (A rating),Skilled Worker,education
Gumley House Convent School For Girls,Isleworth,,Worker (A rating),Skilled Worker,education
Gunjon Education (Int) Limited,London,,Worker (A rating),Skilled Worker,education
Gwendolen House Nursery School Limited,London,,Worker (A rating),Skilled Worker,education
H and H Global Education Limited,LONDON,,Worker (A rating),Skilled Worker,education
Haberdashers' Elstree Schools,Elstree,Hertfordshire,Worker (A rating),Skilled Worker,education
Haberdashers' Knights Academy,Bromley,,Worker (A rating),Skilled Worker,education
HACKER ACADEMY LTD,London,,Worker (A rating),Skilled Worker,education
Hackney Education,London,,Worker (A rating),Skilled Worker,education
Hadlow Rural Community School,Tonbridge,Kent,Worker (A rating),Skilled Worker,education
HAFS ACADEMY TRUST,LONDON,,Temporary Worker (A rating),Charity Worker,education
Haileybury College,Hertford,Herts,Worker (A rating),Skilled Worker,education
Halcyon London International School,London,,Worker (A rating),Skilled Worker,education
HALE ADULT HEBREW EDUCATION TRUST,Altrincham,Cheshire,Worker (A rating); Temporary Worker (A rating),Tier 2 Ministers of Religion; Religious Worker,education
Hall School Wimbledon Ltd,Wimbledon,,Worker (A rating),Skilled Worker,education
Halliford School Ltd,Shepperton,Middlesex,Worker (A rating),Skilled Worker,education
HAMD HOUSE SCHOOL LTD,"Birmingham,",,Worker (A rating),Skilled Worker,education
Hamilton Academy,High Wycombe,Bucks,Worker (A rating),Skilled Worker,education
Hammersmith Academy,London,London,Worker (A rating),Skilled Worker,education
Hampden Gurney CE Primary School,London,Westminster,Worker (A rating),Skilled Worker,education
HAMPSTEAD HILL SCHOOL LTD,LONDON,LONDON,Worker (A rating),Skilled Worker,education
HAMPTON ACADEMIES LTD,London,,Worker (A rating),Skilled Worker,education
Hampton Academies Trust,Peterborough,Cambridgeshire,Worker (A rating),Skilled Worker,education
Hampton School,Hampton,,Worker (A rating),Skilled Worker,education
Hamwic Education Trust,Southampton,Hampshire,Worker (A rating),Skilled Worker,education
Happy Days Nursery,Harrow,Middlesex,Worker (A rating),Skilled Worker,education
Happy Days Nursery Southam,Southam,Warwickshire,Worker (A rating),Skilled Worker,education
HAPPY EDUCATION CONSULTANCY LTD,London,,Worker (A rating),Skilled Worker,education
Harborne Academy,Birmingham,United Kingdom,Worker (A rating),Skilled Worker,education
HAREFIELD JUNIOR SCHOOL,UXBRIDGE,MIDDX,Worker (A rating),Skilled Worker,education
Haringey Education Partnership,London,,Worker (A rating),Skilled Worker,education
Harlaxton College,Grantham,Lincolnshire,Worker (A rating),Skilled Worker; Global Business Mobility: Senior or Specialist Worker,education
Harley Education Ltd,Ilford,,Worker (A rating),Skilled Worker,education
Harlow College,Harlow,Essex,Worker (A rating),Skilled Worker,education
Harmeny Education Trust Limited,Edinburgh,Midlothian,Worker (A rating),Skilled Worker,education
Harpenden Secondary Education Trust,Harpenden,Hertfordshire,Worker (A rating),Skilled Worker,education
Harper Adams University,Newport,Shropshire,Worker (A rating),Skilled Worker,education
Harris Academy Beckenham,Bromley,London,Worker (A rating),Skilled Worker,education
Harris Academy Bromley,Beckenham,,Worker (A rating),Skilled Worker,education
Harris Academy Chafford Hundred,Grays,Essex,Worker (A rating),Skilled Worker,education
Harris Academy Falconwood,Welling,Kent,Worker (A rating),Skilled Worker,education
Harris Academy Greenwich,London,,Worker (A rating),Skilled Worker,education
HARRIS ACADEMY MERTON,MITCHAM,SURREY,Worker (A rating),Skilled Worker,education
Harris Academy Ockendon,South Ockendon,Essex,Worker (A rating),Skilled Worker,education
Harris Academy Rainham,Rainham,Essex,Worker (A rating),Skilled Worker,education
Harris Academy South Norwood,London,,Worker (A rating),Skilled Worker,education
Harris City Academy Crystal Palace,Crystal Palace,London,Worker (A rating),Skilled Worker,education
HARRIS GIRLS ACADEMY EAST DULWICH,LONDON,,Worker (A rating),Skilled Worker,education
HARROW HIGH SCHOOL,HARROW,MIDDLESEX,Worker (A rating),Skilled Worker,education
Harrow Independent College,London,,Worker (A rating),Skilled Worker,education
Harrow School,Harrow on the Hill,Middlesex,Worker (A rating),Skilled Worker,education
Hartismere Family of Schools,EYE,Suffolk,Worker (A rating),Skilled Worker,education
Hartpury University,Gloucester,Gloucestershire,Worker (A rating); Temporary Worker (A rating),Skilled Worker; Creative Worker; International Sportsperson,education
Harvey House Nursery,Leytonstone,London,Worker (A rating),Skilled Worker,education
Harvington School Educational Trust Ltd,London,,Worker (A rating),Skilled Worker,education
Hassle Free Education Ltd,Birmingham,,Worker (A rating),Skilled Worker,education
Hatch End High School,Harrow,,Worker (A rating),Skilled Worker,education
Havant & South Downs College,Havant,Hampshire,Worker (A rating),Skilled Worker,education
Havelock House Day Nursery Limited,Birmingham,,Worker (A rating),Skilled Worker,education
Havering School Wear London LTD,Hornchurch,Essex,Worker (A rating),Skilled Worker,education
Haward College London Limited,London,,Worker (A rating),Skilled Worker,education
Haybrook College Trust,Slough,Berkshire,Worker (A rating),Skilled Worker,education
Haydon School,Pinner,Middlesex,Worker (A rating),Skilled Worker,education
Hayfield Primary School,Hayfield,Derbyshire,Worker (A rating),Skilled Worker,education
Hazelwick School,Crawley,West Sussex,Worker (A rating),Skilled Worker,education
Headington School Oxford Ltd,Oxford,,Temporary Worker (A rating); Worker (A rating),Charity Worker; Skilled Worker,education
Headstart Nursery school Limited,Edinburgh,,Worker (A rating),Skilled Worker,education
Heart of Worcestershire College,Redditch,Worcestershire,Worker (A rating),Skilled Worker,education
Heath House Prep School Limited,London,,Worker (A rating),Skilled Worker,education
Heathfield School,Ascot,Berkshire,Worker (A rating),Skilled Worker,education
Heathland Whitefriars School,Harrow,Middlesex,Worker (A rating),Skilled Worker,education
Heathrow Community Initiative T/A Tarbiyyah Primary School,Hounslow,,Worker (A rating),Skilled Worker,education
Heathrow Primary School,West Drayton,Middlesex,Worker (A rating),Skilled Worker,education
Heaton House Nursery Limited,Bolton,,Worker (A rating),Skilled Worker,education
Heavers Farm Primary School,London,,Worker (A rating),Skilled Worker,education
Hedgewood school,HAYES,Middlesex,Worker (A rating),Skilled Worker,education
Heirs and Graces Private Day Nursery,St. Helens,,Worker (A rating),Skilled Worker,education
HENDON SCHOOL,HENDON,,Worker (A rating),Skilled Worker,education
HENRY DAVID LEARNING LTD,Burton-On-Trent,,Worker (A rating),Skilled Worker,education
Heriot-Watt University,EDINBURGH,,Temporary Worker (A rating); Worker (A rating),Government Authorised Exchange; Skilled Worker,education
HERITAGE DAY NURSERY LTD,DAGENHAM,ESSEX,Worker (A rating),Skilled Worker,education
Herne Bay High School,Herne Bay,Kent,Worker (A rating),Skilled Worker,education
Herschel Grammar School,Slough,Berkshire,Worker (A rating),Skilled Worker,education
Hertford Regional College,Ware,Hertfordshire,Worker (A rating),Skilled Worker,education
Hertfordshire School of Language Ltd,Enfield,Middx,Worker (A rating),Skilled Worker,education
Herts & Essex Multi-Academy Trust,Bishops Stortford,Hertfordshire,Worker (A rating),Skilled Worker,education
Hertswood Academy,Borehamwood,"Hertfordshire,",Worker (A rating),Skilled Worker,education
HGV TRAINING SERVICES LTD,LONDON,,Worker (A rating),Skilled Worker,education
High Aims Training Ltd,Ilford,Essex,Worker (A rating),Skilled Worker,education
High Speed Training Limited,Ilkley,,Worker (A rating),Skilled Worker,education
HIGHBRIDGE EDUCATION LTD,London,,Worker (A rating),Skilled Worker,education
Highbury Community Nursery,London,,Worker (A rating),Skilled Worker,education
Highcrest Academy,High wycombe,Bucks,Worker (A rating),Skilled Worker,education
Highgate School,London,,Worker (A rating),Skilled Worker,education
Highland Aviation Training Ltd,Inverness,Highland,Worker (A rating),Skilled Worker,education
Highlands school,London,London,Worker (A rating),Skilled Worker,education
Highview Montessori Ltd,New Barnet,,Worker (A rating),Skilled Worker,education
Hill House International Junior School,London,,Worker (A rating),Skilled Worker,education
HILL TOP DAYCARE NURSERY,LONDON,UNITED KINGDOMS,Worker (A rating),Skilled Worker,education
HILL VIEW FARM NURSERY LTD,Princes Risborough,,Worker (A rating),Skilled Worker,education
Hillcrest School and Sixth Form Centre,Birmingham,West Midlands,Worker (A rating),Skilled Worker,education
Hills Education Trust Limited,Cambridge,Cambridgeshire,Worker (A rating),Skilled Worker,education
Hills Road Sixth Form College,Cambridge,Cambridgeshire,Worker (A rating),Skilled Worker,education
HILLTOP ACADEMY LTD,Oxford,,Worker (A rating),Skilled Worker,education
Hillview School for Girls,Tonbridge,Kent,Worker (A rating),Skilled Worker,education
Hillyfield Academy,London,,Worker (A rating),Skilled Worker,education
Hinchley Wood Learning Partnership,Esher,Surrey,Worker (A rating),Skilled Worker,education
Hind Leys Pre-School,Shepshed,Leicestershire,Worker (A rating),Skilled Worker,education
Hinksey Sculling School Limited,Kidlington,Oxfordshire,Worker (A rating),International Sportsperson,education
Hive Learning Limited,London,,Worker (A rating),Skilled Worker,education
HOCKERILL ANGLO-EUROPEAN COLLEGE LTD.,Bishop's Stortford,Hertfordshire,Worker (A rating),Skilled Worker,education
Hoe Bridge School,Woking,Surey,Worker (A rating),Skilled Worker,education
Hoe Valley School,Woking,,Worker (A rating),Skilled Worker,education
Holborn Accountancy Tuition Limited,London,,Worker (A rating),Skilled Worker,education
Holland House School,Edgware,,Temporary Worker (A rating); Worker (A rating),Charity Worker; Skilled Worker,education
Holland Park Day Nursery,London,County (optional),Worker (A rating),Skilled Worker,education
Hollingworth Learning Trust,Rochdale,,Worker (A rating),Skilled Worker,education
Holly Lodge Girls' College,Liverpool,,Worker (A rating),Skilled Worker,education
Holly Lodge High School College of Science,West Midlands,,Worker (A rating),Skilled Worker,education
Hollytree Day Nursery,Dewesbury,West Yorkshire,Worker (A rating),Skilled Worker,education
Holmer Green Senior School,High Wycombe,Bucks,Worker (A rating),Skilled Worker,education
Holmewood House School,Tunbridge Wells,Kent,Temporary Worker (A rating),Charity Worker,education
Holt green training ltd,Stockport,Greater Manchester,Worker (A rating),Skilled Worker,education
Holy Cross Catholic Multi Academy Company,Coventry,,Worker (A rating),Skilled Worker,education
Holy Cross Preparatory School Kingston,Kingston,,Worker (A rating),Skilled Worker,education
Holy Family Catholic Primary School,London,England,Worker (A rating),Skilled Worker,education
HOLY TRINITY C OF E SCHOOL,RICHMOND,Surrey,Worker (A rating),Skilled Worker,education
Holy Trinity Catholic School,Birmingham,West Midlands,Worker (A rating),Skilled Worker,education
Holyport College,MAIDENHEAD,BERKSHIRE,Worker (A rating),Skilled Worker,education
HOME TO SCHOOLS TRAVEL LTD T/A CENTRAL CARS AND BUSES,BOLTON,,Worker (A rating),Skilled Worker,education
Homefield Preparatory School Trust Limited,Sutton,Surrey,Worker (A rating),Skilled Worker,education
Homerton College,Cambridge,Cambridgeshire,Worker (A rating),Skilled Worker,education
HONEST DRIVING SCHOOL LIMITED,Greenford,,Worker (A rating),Skilled Worker,education
Hope Tree School,Impington,Cambridgeshire,Worker (A rating),Skilled Worker,education
Hopespark Academy Ltd,London,,Worker (A rating),Skilled Worker,education
Hopewell School Limited,Dagenham,,Worker (A rating),Skilled Worker,education
Hornsey Day Nursery,London,,Worker (A rating),Skilled Worker,education
HORSFORTH SCHOOL,LEEDS,WEST YORKSHIRE,Worker (A rating),Skilled Worker,education
Horsham Learning Alliance,Horsham,West Sussex,Worker (A rating),Skilled Worker,education
Horsham Montessori Limited,Horsham,West Sussex,Worker (A rating),Skilled Worker,education
HORTON BANK EDUCATION CENTRE,BRADFORD,,Worker (A rating); Temporary Worker (A rating),Tier 2 Ministers of Religion; Religious Worker,education
Hounsdown School,Southampton,Hampshire,Worker (A rating),Skilled Worker,education
House of Learning Ltd,Croydon,Surrey,Worker (A rating),Skilled Worker,education
How To Academy Limited,London,,Worker (A rating),Skilled Worker,education
HTI Education Ltd,Manchester,,Worker (A rating),Skilled Worker,education
Hua Hsia Chinese Tuition Limited,London,,Worker (A rating),Skilled Worker,education
HUB21 Learning UK Limited,Marlow,Buckinghamshire,Worker (A rating),Skilled Worker,education
Hugh Baird College,Liverpool,,Worker (A rating),Skilled Worker,education
Hull University Students' Union Ltd,Hull,East Yorkshire,Worker (A rating),Skilled Worker,education
Hult International Business School,Bloomsbury,London,Worker (A rating),Global Business Mobility: Senior or Specialist Worker; Skilled Worker,education
Hunters Hall Primary School,Dagenham,Essex,Worker (A rating),Skilled Worker,education
Hurlingham School,London,London,Worker (A rating),Skilled Worker,education
Hurstpierpoint College Ltd,Hassocks,,Temporary Worker (A rating); Worker (A rating),Charity Worker; Skilled Worker,education
Huxlow Academy,Irthlingbrough,Northants,Worker (A rating),Skilled Worker,education
HY Education Ltd t/a Apex College,London,,Worker (A rating),Skilled Worker,education
Hyde Academy Ltd,London,,Worker (A rating),Skilled Worker,education
Hyde Global Education Ltd,London,England,Worker (A rating),Skilled Worker,education
Hylands School,Chelmsford,Essex,Worker (A rating),Skilled Worker,education
Hymers College,HULL,East Riding of Yorkshire,Worker (A rating),Skilled Worker,education
Ian Howard Schoolwear (2015),London,,Worker (A rating),Skilled Worker,education
Ibil Aesthetic & Training Academy Ltd,Greenwich,London,Worker (A rating),Skilled Worker,education
Ibstock Place School,London,,Worker (A rating),Skilled Worker,education
IC Training Centre Limited,Ilford,,Worker (A rating),Skilled Worker,education
Icknield High School,Luton,Bedfordshire,Worker (A rating),Skilled Worker,education
Ikhlas Education Centre Limited,Derby,Derbyshire,Temporary Worker (A rating),Charity Worker,education
Ilford County High School,ILFORD,,Worker (A rating),Skilled Worker,education
Imagination Preschool & Nursery Ltd,London,,Worker (A rating),Skilled Worker,education
IMC (UK) Learning Limited,London,,Worker (A rating),Skilled Worker,education
Immersify Education Ltd,Manchester,,Worker (A rating),Skilled Worker,education
Impact Academy Limited,London,,Worker (A rating),Skilled Worker,education
Impact Childcare and Education Ltd,Newcastle Upon Tyne,,Worker (A rating),Skilled Worker,education
Impact Investing Institute,London,,Worker (A rating),Skilled Worker,education
Impact Multi Academy Trust,Beckenham,Kent,Worker (A rating),Skilled Worker,education
Impel College Of London Ltd,Hayes,,Worker (A rating),Skilled Worker,education
Imperial College London (HR),London,,Temporary Worker (A rating); Worker (A rating),Government Authorised Exchange; Skilled Worker,education
Imperial Learning Ltd,London,,Worker (A rating),Skilled Worker,education
IMPERIAL OAK SCHOOL LIMITED,London,,Worker (A rating),Skilled Worker,education
IMR Education Ltd,London,,Worker (A rating),Skilled Worker,education
IMRAN  ACADEMY  LTD,SOUTHALL,,Worker (A rating),Skilled Worker,education
Inclusive Education Trust,Guildford,,Worker (A rating),Skilled Worker,education
Independent Educational Association Ltd,London,,Temporary Worker (A rating); Worker (A rating),Charity Worker; Skilled Worker,education
Independent Jewish School Day School,London,,Worker (A rating); Temporary Worker (A rating),Skilled Worker; Charity Worker,education
INDEX LEARNING LTD,Barking,,Worker (A rating),Skilled Worker,education
INDUS EDUCATION FOUNDATION INTERNATIONAL,London,,Temporary Worker (A rating); Worker (A rating),Charity Worker; Skilled Worker,education
Inicio Educational Trust,Chislehurst,KENT,Worker (A rating),Skilled Worker,education
INNOCENCE NURSERY LTD.,GLASGOW,,Worker (A rating),Skilled Worker,education
Innova Schools Limited,Reading,,Worker (A rating),Skilled Worker,education
Insights Learning & Development Limited,Dundee,Angus,Worker (A rating),Skilled Worker,education
Inspire Education Group,Peterborough,,Worker (A rating),Skilled Worker,education
Inspire Education Trust,Coventry,,Worker (A rating),Skilled Worker,education
Inspire London College Limited,London,,Worker (A rating),Skilled Worker,education
Inspire Middlesex College Ltd,Hounslow,,Worker (A rating),Skilled Worker,education
Inspire Partnership Academy Trust,Woolwich,London,Worker (A rating),Skilled Worker,education
Inspired Educational Consulting Limited,Cambridge,,Worker (A rating),Skilled Worker,education
Inspired Learning Group (UK) Limited,Stanmore,,Worker (A rating),Skilled Worker,education
Inspiren Global Education Ltd,London,,Worker (A rating),Skilled Worker,education
Inspiring Tutors Ltd,London,,Worker (A rating),Skilled Worker,education
Institute for Fiscal Studies,London,,Temporary Worker (A rating); Worker (A rating),Government Authorised Exchange; Skilled Worker,education
Institute for Government,London,,Worker (A rating),Skilled Worker,education
Institute for Strategic Dialogue,London,,Temporary Worker (A rating); Worker (A rating),Charity Worker; Skilled Worker,education
Institute for Sustainable Philanthropy,Plymouth,,Worker (A rating),Skilled Worker,education
Institute for the Future of Work,London,,Worker (A rating),Skilled Worker,education
Institute for Voluntary Action Research,London,,Worker (A rating),Skilled Worker,education
Institute of Advanced Motorists,Welwyn Garden City,Herts,Worker (A rating),Skilled Worker,education
Institute of Art and Law Limited,Builth Wells,Powys,Worker (A rating),Skilled Worker,education
Institute of Art London Limited,London,,Worker (A rating),Skilled Worker,education
INSTITUTE OF CHARITY(The Rosminians),MANSFIELD,NOTTINGHAMSHIRE,Worker (A rating),Tier 2 Ministers of Religion,education
Institute of Chartered Shipbrokers,London,London,Worker (A rating),Skilled Worker,education
Institute of Christ the King Sovereign Priest,New Brighton,Merseyside,Worker (A rating); Temporary Worker (A rating),Tier 2 Ministers of Religion; Religious Worker,education
Institute of Contemporary Arts,London,,Temporary Worker (A rating); Worker (A rating),Creative Worker; Skilled Worker,education
Institute of Development Studies,Brighton,E. Sussex,Temporary Worker (A rating); Worker (A rating),Government Authorised Exchange; Charity Worker; Skilled Worker,education
Institute of Directors,London,,Worker (A rating),Skilled Worker,education
Institute of Economic Affairs Limited,London,,Worker (A rating),Skilled Worker,education
Institute of Occupational Medicine,Penicuik,,Worker (A rating),Skilled Worker,education
Institute of Risk Management,London,,Worker (A rating),Skilled Worker,education
INSTITUTE OF ST.MARCELLINA,London,,Temporary Worker (A rating); Worker (A rating),Religious Worker; Tier 2 Ministers of Religion,education
Instructional Design and Training Limited,Horsham,West Sussex,Worker (A rating),Skilled Worker,education
Intellego Education Services Limited,London,,Worker (A rating),Skilled Worker,education
INTELLIGENT TRADING ACADEMY LTD,Canvey Island,Essex,Worker (A rating),Skilled Worker,education
INTEN Education Group Ltd.,Manchester,,Worker (A rating),Skilled Worker,education
Inter-Ed UK Ltd t/a The City College,London,Greater London,Worker (A rating),Skilled Worker,education
Interactive Design Institute,Musselburgh,East Lothian,Worker (A rating),Skilled Worker,education
Interactive Schools Ltd,High Wycombe,Buckinghamshire,Worker (A rating),Skilled Worker,education
INTERGREAT EDUCATION GROUP LTD.,LONDON,,Worker (A rating),Skilled Worker,education
InterLead Education Ltd,London,,Worker (A rating),Skilled Worker,education
INTERNATIONAL BRITISH ONLINE SCHOOL LTD,London,Greater London,Worker (A rating),Skilled Worker,education
INTERNATIONAL CASS ACADEMY LTD,Ilford,,Worker (A rating),Skilled Worker,education
International Community School,London,,Worker (A rating),Skilled Worker,education
International Education and Business Solutions Limited,Birmingham,,Worker (A rating),Skilled Worker,education
International Education and Poverty Relief,Manchester,,Temporary Worker (A rating),Charity Worker,education
International Education Counselling Centre,Sheffield,,Worker (A rating),Skilled Worker,education
International Education Counselling Centre UK Limited,Rochdale,Lancashire,Worker (A rating),Skilled Worker,education
International Education Exchange Ltd,London,,Worker (A rating),Skilled Worker,education
International Education Organisation Ltd,London,,Worker (A rating),Skilled Worker,education
INTERNATIONAL FOUNDATION FOR CHILDREN'S EDUCATION,Manchester,,Worker (A rating),Skilled Worker,education
International Group Of Education Ltd,London,,Worker (A rating),Skilled Worker,education
INTERNATIONAL INDEPENDENT SCHOOLS AUTHORITY LIMITED,HOVE,,Worker (A rating),Skilled Worker,education
International Institute for Anti - Ageing,London,,Worker (A rating),Skilled Worker,education
International Institute for Environment and Development,London,,Temporary Worker (A rating); Worker (A rating),Charity Worker; Skilled Worker,education
International Learning Movement (ILM),Blackburn,,Temporary Worker (A rating),Charity Worker,education
International School of Creative Arts,Ascot,Berkshire,Worker (A rating),Skilled Worker,education
International School of London,London,,Worker (A rating),Skilled Worker,education
International Testing & Training Services Ltd,Manchester,,Worker (A rating),Skilled Worker,education
International Village Education Ltd,Gloucester,Gloucestershire,Worker (A rating),Skilled Worker,education
Ipswich Education Limited,Ipswich,Suffolk,Worker (A rating),Skilled Worker,education
Ipswich School,Ipswich,Suffolk,Worker (A rating),Skilled Worker,education
IQ DRIVER TRAINING LIMITED,DUNSTABLE,,Worker (A rating),Skilled Worker,education
IQPLUS CHILDCARE AND EDUCATIONAL SERVICES LIMITED,Hemel Hempstead,,Worker (A rating),Skilled Worker,education
IQRA EDUCATIONAL & WELFARE TRUST LTD T/A Sapience Girls Academy,Oldham,,Worker (A rating); Temporary Worker (A rating),Skilled Worker; Charity Worker,education
Iqra Learning Centre,Glasgow,,Temporary Worker (A rating),Religious Worker,education
Irshad Trust t/a The Islamic College,London,,Temporary Worker (A rating); Worker (A rating),Religious Worker; Skilled Worker; Tier 2 Ministers of Religion,education
ISAC EDUCATION LIMITED,London,,Worker (A rating),Skilled Worker,education
Islamic Academy of Scotland,Glasgow,,Worker (A rating),Tier 2 Ministers of Religion,education
Islamic Community & Education Centre,Stourbrudge,,Temporary Worker (A rating),Charity Worker,education
Islamic Education Centre,Blackburn,Lancashire,Temporary Worker (A rating),Charity Worker,education
islamic educationcultural centre & quran academy,birmingham,west midlands,Worker (A rating); Temporary Worker (A rating),Tier 2 Ministers of Religion; Religious Worker,education
islamic social and educational trust,Manchester,lancs,Temporary Worker (A rating); Worker (A rating),Religious Worker; Tier 2 Ministers of Religion,education
Islamiyah Girls' High School,Blackburn,Lancashire,Worker (A rating),Skilled Worker,education
Isle of Wight College,Newport,Isle of Wight,Temporary Worker (A rating); Worker (A rating),Charity Worker; Skilled Worker,education
Isleworth & Syon School For Boys,Isleworth,Greater London,Worker (A rating),Skilled Worker,education
Islington Community Sports Academy,London,,Worker (A rating),Skilled Worker,education
Islip Manor High School,Northolt,Middlesex,Worker (A rating),Skilled Worker,education
IT PROFESSIONAL TRAINING LTD,EDINBURGH,,Worker (A rating),Skilled Worker,education
Ithaca College,London,,Worker (A rating),Global Business Mobility: Senior or Specialist Worker,education
Ivors Academy Trust,LONDON,,Worker (A rating),Skilled Worker,education
Ivy Learning Trust,London,,Worker (A rating),Skilled Worker,education
Ivy Mill Day Nursery,Liphook,Hampshire,Worker (A rating),Skilled Worker,education
Iyengar Yoga Institute Maida Vale,London,,Worker (A rating),International Sportsperson,education
Jack and Jills Day Nursery,Hemel Hempstead,Hertfordshire,Worker (A rating),Skilled Worker,education
Jack Hunt School,PETERBOROUGH,Cambridgeshire,Worker (A rating),Skilled Worker,education
JAFKO EDUCATION LIMITED,LONDON,,Worker (A rating),Skilled Worker,education
Jak(Leics)Ltd T/A East Midlands School of Business & Management,Leicester,Leicestershire,Worker (A rating),Skilled Worker,education
JALALABAD ISLAMIC CULTURE AND EDUCATION CENTRE LIMITED,Luton,,Worker (A rating),Skilled Worker,education
JALALIA MOSQUE AND ISLAMIC EDUCATION CENTRE,CARDIFF,,Worker (A rating),Tier 2 Ministers of Religion,education
JALALIA SUNNI JAMI MASJID & ISLAMIC EDUCATION CENTRE,walsall,,Worker (A rating); Temporary Worker (A rating),Tier 2 Ministers of Religion; Religious Worker; Skilled Worker; Charity Worker,education
James Allen's Girls' School,London,,Worker (A rating),Skilled Worker,education
James Madison University & JMU Overseas Programs Ltd,London,,Worker (A rating),Global Business Mobility: Senior or Specialist Worker,education
Jamia Mosque Gulzar-e-Habib and Education Centre,Sheffield,,Worker (A rating),Tier 2 Ministers of Religion,education
Jan Preschool and Nursery,London,,Worker (A rating),Skilled Worker,education
JE CREATIVE EDUCATION LTD,London,,Worker (A rating),Skilled Worker,education
Jeannine Manuel School,London,,Worker (A rating),Skilled Worker,education
Jeeyar Educational Trust UK,Tunstall,Norwich,Worker (A rating); Temporary Worker (A rating),Tier 2 Ministers of Religion; Religious Worker,education
JERBS EDUCATION ACADEMY LTD,Nottingham,,Worker (A rating),Skilled Worker,education
Jesus College,Cambridge,Cambs,Temporary Worker (A rating); Worker (A rating),Government Authorised Exchange; Skilled Worker,education
Jewish Community Academy Trust,London,London,Worker (A rating),Skilled Worker,education
JEWISH MUSIC INSTITUTE,LONDON,,Temporary Worker (A rating),Creative Worker,education
JFS School,Harrow,Middlesex,Worker (A rating),Skilled Worker,education
Jhambs Driving School,Great Linford,Milton Keynes,Worker (A rating),Skilled Worker,education
Jiayi International Education Investment Group Ltd,Plymouth,,Worker (A rating),Skilled Worker,education
Jigsaw Education Evidence Ltd,London,,Worker (A rating),Skilled Worker,education
John Brown University Northern Ireland,Belfast,,Worker (A rating),Global Business Mobility: Senior or Specialist Worker; Skilled Worker,education
John Colet School,Aylesbury,Bucks,Worker (A rating),Skilled Worker,education
John Dewey Specialist College / Area51 Education,London,,Worker (A rating),Skilled Worker,education
John Hampden Grammar School,High Wycombe,Bucks,Worker (A rating),Skilled Worker,education
JSA Education Group Ltd t/a JCA London Fashion Academy,London,,Worker (A rating),Skilled Worker,education
JT Education Limited,London,,Worker (A rating),Skilled Worker,education
Jung Wang Ltd t/a The British English Academy,Oxford,,Worker (A rating),Skilled Worker,education
Junior VIPs Nursery Limited,Croydon,Surrey,Worker (A rating),Skilled Worker,education
Junior's Day Nursery,Cranbrook,Kent,Worker (A rating),Skilled Worker,education
Juniper Education Limited,Chelmsford,Essex,Worker (A rating),Skilled Worker,education
Just Imagine Day Nursery,Canvey Island,Essex,Worker (A rating),Skilled Worker,education
K EDUCATION LTD,London,,Worker (A rating),Skilled Worker,education
Kaamil Education Limited,London,,Worker (A rating),Skilled Worker,education
Kafleas Academy Limited,London,,Worker (A rating),Skilled Worker,education
KAIYIXIN EDUCATION CONSULTANCY LIMITED,London,England,Worker (A rating),Skilled Worker,education
Kaleidoscope Learning Trust,NORTHWICH,Cheshire,Worker (A rating),Skilled Worker,education
Kangaroo Kids Nursery Limited,Greenford,United Kingdom,Worker (A rating),Skilled Worker,education
KAPPA Training and Consulting Services Ltd,Reigate,Surrey,Worker (A rating),Global Business Mobility: Senior or Specialist Worker; Skilled Worker,education
Karimia Institute,Nottingham,,Temporary Worker (A rating); Worker (A rating),Charity Worker; Tier 2 Ministers of Religion; Religious Worker; Skilled Worker,education
KASPO ACADEMY LTD,ILFORD,,Worker (A rating),Skilled Worker,education
Katharine Lady Berkeley's School,Wotton under Edge,Gloucestershire,Worker (A rating),Skilled Worker,education
Keele University - Human Resources,Newcastle-under-Lyme,Staffordshire,Worker (A rating); Temporary Worker (A rating),Skilled Worker; Government Authorised Exchange,education
KEJIA EDUCATION GUARDIAN LTD,Brighton,,Worker (A rating),Skilled Worker,education
Kelvinside Academy,Glasgow,,Worker (A rating),Skilled Worker,education
Kemnal Technology College,Sidcup,Kent,Worker (A rating),Skilled Worker,education
Kendrick School,Reading,,Worker (A rating),Skilled Worker,education
Kenilworth Multi Academy Trust,Kenilworth,Warwickshire,Worker (A rating),Skilled Worker,education
Kennet School,Thatcham,Berkshire,Worker (A rating),Skilled Worker,education
Kensington Aldridge Academy,Kensington,London,Worker (A rating),Skilled Worker,education
Kensington College of Business,London,,Worker (A rating),Skilled Worker,education
Kensington Park School Limited t/a Kensington Park School,London,,Worker (A rating),Global Business Mobility: Senior or Specialist Worker; Skilled Worker,education
Kent Business College Ltd,Maidstone,Kent,Worker (A rating),Skilled Worker,education
Kent Catholic Schools' Partnership,Teston,Kent,Worker (A rating),Skilled Worker,education
Kent College Pembury,Tunbridge Wells,Kent,Worker (A rating),Skilled Worker,education
Kent County Council Schools,Maidstone,Kent,Worker (A rating),Skilled Worker,education
Keren's Nursery,London,,Worker (A rating),Skilled Worker,education
Kew Learning Ltd,Kingston upon Thames,,Worker (A rating),Skilled Worker,education
KHIDMAH ACADEMY,LONDON,,Temporary Worker (A rating); Worker (A rating),Charity Worker; Tier 2 Ministers of Religion; Religious Worker; Skilled Worker,education
KIDDICARE NURSERY LTD,London,,Worker (A rating),Skilled Worker,education
Kiddies Arena Day Nursery,London,,Worker (A rating),Skilled Worker,education
KIDDIES LOUNGE PRESCHOOL DAY NURSERY LIMITED,London,,Worker (A rating),Skilled Worker,education
Kido Schools UK Limited,Streatham,,Worker (A rating),Global Business Mobility: Senior or Specialist Worker; Scale-up; Skilled Worker,education
Kids in Bloom Children's Day Nursery Ltd @ The University of Liverpool,Liverpool,Merseyside,Worker (A rating),Skilled Worker,education
KIDZLAND NURSERY,DAGENHAM,,Worker (A rating),Skilled Worker,education
Kimberley Institute Cricket Club,Nottingham,Nottinghamshire,Worker (A rating),International Sportsperson,education
Kimbolton School,Huntingdon,Cambs,Temporary Worker (A rating),Charity Worker,education
Kinder World Day Nursery Group Limited,Manchester,,Worker (A rating),Skilled Worker,education
King Alfred School,London,,Worker (A rating); Temporary Worker (A rating),Skilled Worker; Charity Worker,education
King David Primary School,Birmingham,West Midlands,Worker (A rating),Skilled Worker,education
King Edward VI Academy Trust Birmingham,Birmingham,West Midlands,Worker (A rating),Skilled Worker,education
KING EDWARD VI SCHOOL,STRATFORD-UPON-AVON,Hampshire,Worker (A rating),Skilled Worker,education
King Edward VI School Lichfield,Lichfield,Staffordshire,Temporary Worker (A rating),Charity Worker,education
King Edward's School Witley,Godalming,Surrey,Worker (A rating),Skilled Worker,education
King Harold Academy,Waltham Abbey,Esssex,Worker (A rating),Skilled Worker,education
"King James I Academy, Bishop Auckland",Bishop Auckland,Durham,Worker (A rating),Skilled Worker,education
King Solomon High School,Ilford,,Worker (A rating),Skilled Worker,education
King's College,Cambridge,Cambridgeshire,Temporary Worker (A rating); Worker (A rating),Government Authorised Exchange; Creative Worker; Skilled Worker,education
King's College London,London,,Temporary Worker (A rating); Worker (A rating),Government Authorised Exchange; Skilled Worker,education
King's College London Business Limited,Newquay,,Worker (A rating),Skilled Worker,education
King's College School,Wimbledon,London,Temporary Worker (A rating); Worker (A rating),Charity Worker; Skilled Worker,education
King's Cross Academy Trust,London,,Worker (A rating),Skilled Worker,education
King's Group Academies,Portsmouth,Hampshire,Worker (A rating),Skilled Worker,education
King's School Bruton,Bruton,Somerset,Worker (A rating); Temporary Worker (A rating),Skilled Worker; Charity Worker,education
"King's School, Rochester",Rochester,Kent,Temporary Worker (A rating); Worker (A rating),Charity Worker; Skilled Worker,education
Kingdom College Limited,London,Middlesex,Worker (A rating),Skilled Worker,education
Kingfisher Schools Trust,Loddon,Norfolk,Worker (A rating),Skilled Worker,education
kingly college of education,Clacton on sea,Essex,Worker (A rating),Skilled Worker,education
Kings Academy Trust,Eccles,Manchester,Worker (A rating),Skilled Worker,education
Kings International College,CAMBERLEY,Surrey,Worker (A rating),Skilled Worker,education
KINGS KIDS CHRISTIAN SCHOOL,LONDON,,Worker (A rating),Skilled Worker,education
Kings Langley School,Kings Langley,Hertfordshire,Worker (A rating),Skilled Worker,education
Kings Norton Girls' School & Sixth Form,Birmingham,,Worker (A rating),Skilled Worker,education
Kingsbury High School,Kingsbury,London,Worker (A rating),Skilled Worker,education
Kingsclere Training Stables,Newbury,,Worker (A rating),Skilled Worker,education
Kingsdale Foundation School,London,England,Worker (A rating),Skilled Worker,education
Kingsford Community School,London,,Worker (A rating),Skilled Worker,education
Kingsley Learning Foundation,Kettering,Northamptonshire,Worker (A rating),Skilled Worker,education
Kingsmead School,Enfield,Middlesex,Worker (A rating),Skilled Worker,education
Kingsthorpe College,Northampton,Northamptonshire,Worker (A rating),Skilled Worker,education
Kingston Academy Limited (Reseller),Romford,London,Worker (A rating),Skilled Worker,education
Kingston Educational Trust,Kingston Upon Thames,,Worker (A rating),Skilled Worker,education
Kingston Grammar School,Kingston upon Thames,Surrey,Worker (A rating),Skilled Worker,education
Kingston University,Kingston upon Thames,Surrey,Temporary Worker (A rating); Worker (A rating),Government Authorised Exchange; Skilled Worker,education
Kingswood Daycare Nursery Ltd,Mitcham,,Worker (A rating),Skilled Worker,education
Kingswood Early Years Nursery Limited,London,,Worker (A rating),Skilled Worker,education
Kingswood School,Bath,,Temporary Worker (A rating); Worker (A rating),Charity Worker; Skilled Worker,education
Kirkbie Kendal School,Kendal,Cumbria,Worker (A rating),Skilled Worker,education
Kirkham Grammar School,Preston,Lancashire,Worker (A rating),Skilled Worker,education
Kirklees College,Huddersfield,West Yorkshire,Worker (A rating),Skilled Worker,education
Kisharon School,London,,Worker (A rating),Skilled Worker,education
KNEWTON PLUS ACADEMY LIMITED,London,England,Worker (A rating),Skilled Worker,education
Knights Security & Training LTD,Leicester,,Worker (A rating),Skilled Worker,education
KNIGHTSBRIDGE SCHOOLS INTERNATIONAL LIMITED,London,,Worker (A rating),Global Business Mobility: Senior or Specialist Worker; Skilled Worker,education
KNOWLEDGE COUNTY TUITION LTD,DAGENHAM,ESSEX,Worker (A rating),Skilled Worker,education
Knowledge Schools Trust,London,,Worker (A rating),Skilled Worker,education
KOJIKOJO LIMITED t/a Koji Academy,Telford,,Worker (A rating),Skilled Worker,education
KPG Global Education Ltd,Coventry,,Worker (A rating),Skilled Worker,education
Kress Cooper Academy LTD,Surrey,,Worker (A rating),Skilled Worker,education
KS EDUCATION ASSOCIATES LIMITED,LONDON,,Worker (A rating),Skilled Worker,education
Kukula Education Consultancy Ltd,London,UK,Worker (A rating),Skilled Worker,education
KWIKDRIVE DRIVING SCHOOL LTD,London,,Worker (A rating),Skilled Worker,education
L D School Ltd,Henley on Thames,Oxfordshire,Worker (A rating),Skilled Worker,education
L&J GC EDUCATION LTD,Birmingham,,Worker (A rating),Skilled Worker,education
L.B. Lewisham (Schools),London,,Worker (A rating),Skilled Worker,education
L.E.A.D. Academy Trust,Nottingham,Nottinghamshire,Worker (A rating),Skilled Worker,education
L3Harris Commercial Training Solutions Limited,Crawley,West Sussex,Worker (A rating),Global Business Mobility: Senior or Specialist Worker; Skilled Worker,education
La Casita Nursery,Hove,East Sussex,Worker (A rating),Skilled Worker,education
La Chouette School,London,,Worker (A rating),Skilled Worker,education
La Petite Nursery LTD,LONDON,,Worker (A rating),Skilled Worker,education
La Retraite RC Girls School,London,,Worker (A rating),Skilled Worker,education
Ladybird Lane Nursery Limited,Isleworth,,Worker (A rating),Skilled Worker,education
Ladybird Montessori Nursery,Birmingham,,Worker (A rating),Skilled Worker,education
Ladybirds Nursery,ST. ALBANS,HERTFORDSHIRE,Worker (A rating),Skilled Worker,education
Ladybirds Nursery Limited,Derby,,Worker (A rating),Skilled Worker,education
Lakes College West Cumbria,Workington,Cumbria,Worker (A rating),Skilled Worker,education
Lambrook School,Bracknell,Berkshire,Temporary Worker (A rating); Worker (A rating),Charity Worker; Skilled Worker,education
Lampton School Academy Trust,London,,Worker (A rating),Skilled Worker,education
Lancaster and Morecambe College,Lancaster,,Worker (A rating),Skilled Worker,education
Lancaster University,Lancaster,Lancashire,Worker (A rating); Temporary Worker (A rating),Skilled Worker; Government Authorised Exchange,education
Lancing College Limited,Lancing,West Sussex,Worker (A rating),Skilled Worker,education
"Landmark International School, Cambridge",Cambridge,,Worker (A rating),Skilled Worker,education
Landon School Harmonsworth,London,Greater London,Worker (A rating),Skilled Worker,education
LANGFORD EDUCATIONAL LIMITED,Lechlade,Gloucestershire,Worker (A rating),Skilled Worker,education
Langley Grammar School,Langley,Berkshire,Worker (A rating),Skilled Worker,education
Langley Hall Primary Academy Trust,Slough,,Worker (A rating),Skilled Worker,education
Langley Park Learning Trust,Beckenham,Kent,Worker (A rating),Skilled Worker,education
Langtree School,READING,Oxfordshire,Worker (A rating),Skilled Worker,education
Lanier Theological Education Foundation,Kidlington,Oxfordshire,Worker (A rating); Temporary Worker (A rating),Global Business Mobility: Senior or Specialist Worker; Charity Worker; Skilled Worker,education
Lara Nursery Group Limited,Thirsk,,Worker (A rating),Skilled Worker,education
Lathallan School,Montrose,Angus,Worker (A rating),Skilled Worker,education
Latifiah Fultali Complex / The British Muslim School,West Bromwich,,Worker (A rating),Tier 2 Ministers of Religion,education
LATIMER WARD CONSERVATIVE INSTITUTE LTD,LEICESTER,,Temporary Worker (A rating); Worker (A rating),Creative Worker; Skilled Worker,education
Latymer All Saints CE Primary School,London,,Worker (A rating),Skilled Worker,education
Latymer Upper School,London,,Worker (A rating),Skilled Worker,education
Lavendale Montessori,London,,Worker (A rating),Skilled Worker,education
LAW TRAINING CENTRE KENT LIMITED,LONDON,,Worker (A rating),Skilled Worker,education
LCA Education Limited,Manchester,,Worker (A rating),Skilled Worker,education
LCK Academy Ltd,Harrow,Middlesex,Worker (A rating),Skilled Worker,education
LDBS Frays Academy Trust,Uxbridge,,Worker (A rating),Skilled Worker,education
Lea Manor High School Performing Arts College,Luton,Bedfordshire,Worker (A rating),Skilled Worker,education
Leading Education Ltd,London,,Worker (A rating),Skilled Worker,education
Lealands High School,Luton,,Worker (A rating),Skilled Worker,education
Learning and Support Services Limited,Ford End,Essex,Worker (A rating),Skilled Worker,education
Learning Centre for Management & Training Ltd,London,,Worker (A rating),Skilled Worker,education
Learning Connexions (UK) Ltd,London,,Worker (A rating),Skilled Worker,education
Learning Corner Nursery,Luton,,Worker (A rating),Skilled Worker,education
Learning in Harmony Trust,Hartley Avenue,London,Worker (A rating),Skilled Worker,education
Learning Labs,Birmingham,,Worker (A rating),Skilled Worker,education
Learning Partners Academy Trust,Guildford,Surrey,Worker (A rating),Skilled Worker,education
LEARNING PLUS SUPPORT SOLUTIONS LTD,Stoke On Trent,Staffordshire,Worker (A rating),Skilled Worker,education
Learning Pool,Derry,Derry/Londonderry,Worker (A rating),Global Business Mobility: Senior or Specialist Worker,education
Learning Pool Limited,Derry,,Worker (A rating),Skilled Worker,education
Learning Roots Ltd,London,,Worker (A rating),Skilled Worker,education
Learning Stars Montessori Children's House,Wembley,,Worker (A rating),Skilled Worker,education
Learning Technologies Group PLC,Brighton,East Sussex,Worker (A rating),Skilled Worker,education
Learning Together Limited,Stonehouse,Gloucestershire,Worker (A rating),Skilled Worker,education
Learning Unleashed Limited,Liverpool,,Worker (A rating),Skilled Worker,education
Learning without Limits Academy Trust,Leicester,,Worker (A rating),Skilled Worker,education
Learning World Montessori Limited,Croydon,Surrey,Worker (A rating),Skilled Worker,education
Leathersellers' Federation of Schools,London,,Worker (A rating),Skilled Worker,education
Leavesden JMI School,Watford,Hertfordshire,Worker (A rating),Skilled Worker,education
Leeds Beckett University,LEEDS,,Worker (A rating); Temporary Worker (A rating),Skilled Worker; Government Authorised Exchange; Creative Worker,education
Leeds Trinity University,Leeds,West Yorkshire,Worker (A rating); Temporary Worker (A rating),Skilled Worker; International Agreement,education
Leger Education Trust,Doncaster,South Yorkshire,Worker (A rating),Skilled Worker,education
Legra Academy Trust,Leigh on Sea,Essex,Worker (A rating),Skilled Worker,education
Leicester College,Leicester,,Worker (A rating),Skilled Worker,education
Leigh Academies Trust,Rochester,Kent,Worker (A rating),Skilled Worker,education
Leo Baeck College,London,,Worker (A rating),Skilled Worker,education
LEO Multi Academy Trust,Worcester Park,,Worker (A rating),Skilled Worker,education
Leonids Education Group Ltd,HARROW,Middlesex,Worker (A rating),Skilled Worker,education
Lewes Old Grammar School,Lewes,East Sussex,Worker (A rating),Skilled Worker,education
LGR Academy Limited,Huntingdon,,Worker (A rating),Skilled Worker,education
Liberty Academy Trust,London,,Worker (A rating),Skilled Worker,education
Liberty Accounting & Training Ltd,London,,Worker (A rating),Skilled Worker,education
Liberty Woodland School Limited,Morden,,Worker (A rating),Skilled Worker,education
Libra Education LTD,London,,Worker (A rating),Skilled Worker,education
Life Education Trust,Romford,,Worker (A rating),Skilled Worker,education
Life Success Academy CIC,Birmingham,,Worker (A rating),Skilled Worker,education
Lifetime Training Group Ltd,Bristol,,Worker (A rating),Skilled Worker,education
Lift Schools,London,,Worker (A rating),Skilled Worker,education
Lime Walk Primary School,Hemel Hempstead,Hertfordshire,Worker (A rating),Skilled Worker,education
Limms Skills Academy Limited,London,,Worker (A rating),Skilled Worker,education
Lincoln Bishop University,Lincoln,Lincolnshire,Worker (A rating),Skilled Worker,education
Lincoln College,Lincoln,,Temporary Worker (A rating); Worker (A rating),Global Business Mobility: Graduate Trainee; Skilled Worker; Global Business Mobility: Senior or Specialist Worker,education
Lindamood-Bell Learning Processes,London,,Worker (A rating),Global Business Mobility: Senior or Specialist Worker; Skilled Worker,education
Linden Lodge School,South Wimbledon,London,Worker (A rating),Skilled Worker,education
Linden Tree Nursery Schools Ltd,London,Battersea,Worker (A rating),Skilled Worker,education
Lingfield College,Lingfield,Surrey,Worker (A rating),Skilled Worker,education
Linguastars Education Ltd,Wigan,Lancashire,Worker (A rating),Skilled Worker,education
Lion Academy Trust,Leyton,London,Worker (A rating),Skilled Worker,education
Lionheart Educational Trust,Leicester,Leicester,Worker (A rating),Skilled Worker,education
Little Agnes Nursery,London,,Worker (A rating),Skilled Worker,education
Little Angels Day Nursery & Pre-Prep School Highbury Limited,London,Islington,Worker (A rating),Skilled Worker,education
Little Angels Day Nursery and Pre-School Limited,London,,Worker (A rating),Skilled Worker,education
Little Angels Fun Club and Nursery Ltd,Cramlington,Northumberland,Worker (A rating),Skilled Worker,education
Little Angels Nursery,Dingwall,ROSS-SHIRE,Worker (A rating),Skilled Worker,education
Little Elms Daycare Nursery Lee,Lee Green,London,Worker (A rating),Skilled Worker,education
Little Explorers Nursery,London,LND,Worker (A rating),Skilled Worker,education
Little Fingers Montessori Nursery Limited,London,,Worker (A rating),Skilled Worker,education
Little Footprints Nursery Limited,Leicester,Leicester,Worker (A rating),Skilled Worker,education
Little Foxes Forest School,Bristol,Avon,Worker (A rating),Skilled Worker,education
Little Garden Nursery Limited,Harrow,,Worker (A rating),Skilled Worker,education
Little Heath School,Romford,,Worker (A rating),Skilled Worker,education
LITTLE JOHN'S PRE-SCHOOL,LEICESTER,LEICESTERSHIRE,Worker (A rating),Skilled Worker,education
Little Jungle - School of Early Childhood,London,,Worker (A rating),Skilled Worker,education
LITTLE LEAPERS LTD T/A Canopy Nursery St Albans,St Albans,,Worker (A rating),Skilled Worker,education
Little Learners Montessori,Edgware,,Worker (A rating),Skilled Worker,education
Little Learners Montessori Ltd,Watford,,Worker (A rating),Skilled Worker,education
LITTLE LION EDUCATION LTD,London,,Worker (A rating),Skilled Worker,education
LITTLE NEST NURSERY LTD,London,,Worker (A rating),Skilled Worker,education
LITTLE PEARLS NURSERY AND PRESCHOOL LTD,lford,,Worker (A rating),Skilled Worker,education
Little Raccoons Day Nursery (Apsley) Limited,Hemel Hempstead,,Worker (A rating),Skilled Worker,education
Little Raccoons Day Nursery (Coulsdon) Limited,Coulsdon,,Worker (A rating),Skilled Worker,education
Little Raccoons Day Nursery (Elstree) Limited,Elstree,,Worker (A rating),Skilled Worker,education
Little Raccoons Day Nursery (Finchley) Limited,Finchley,,Worker (A rating),Skilled Worker,education
Little Raccoons Day Nursery (Fitzrovia) Limited,London,,Worker (A rating),Skilled Worker,education
Little Raccoons Day Nursery (Weybridge) Limited,Weybridge,,Worker (A rating),Skilled Worker,education
Little Shoes Nursery LTD,Brighton,London,Worker (A rating),Skilled Worker,education
Little Sprout Early Years Education and Childcare Ltd,East Hanney,Oxfordshire,Worker (A rating),Skilled Worker,education
Little Stoke Primary School,Little Stoke,,Worker (A rating),Skilled Worker,education
Little Treasure Day Nursery,Oxford,,Worker (A rating),Skilled Worker,education
LITTLE VILLAGE NURSERY SCHOOL CIC,Forest Hill,,Worker (A rating),Skilled Worker,education
Liverpool College Independent School Trust,Liverpool,Merseyside,Worker (A rating),Skilled Worker,education
Liverpool Hope University,Liverpool,,Worker (A rating); Temporary Worker (A rating),Skilled Worker; Government Authorised Exchange,education
Liverpool John Moores University,Liverpool,,Worker (A rating); Temporary Worker (A rating),Skilled Worker; Government Authorised Exchange,education
Liverpool Media Academy Limited,Liverpool,,Worker (A rating),Skilled Worker,education
Liverpool School of Tropical Medicine,Liverpool,Merseyside,Worker (A rating),Skilled Worker,education
Living Spring Nursery Ltd,London,Brent,Worker (A rating),Skilled Worker,education
Lloyd Williamson Schools,London,London,Worker (A rating),Skilled Worker,education
Local Tutor Limited,Woking,,Worker (A rating),Skilled Worker,education
LOGIX TRAINING LTD,London,Leyton,Worker (A rating),Skilled Worker,education
LOIBAR EDUCATION CONSULTANCY LTD,COVENTRY,WEST MIDLANDS,Worker (A rating),Skilled Worker,education
London Academy,London,,Worker (A rating),Skilled Worker,education
LONDON ACADEMY FOR APPLIED TECHNOLOGY LTD,Brentford,,Worker (A rating),Skilled Worker,education
London Academy of Excellence Tottenham,London,,Worker (A rating),Skilled Worker,education
London Academy of Music and Dramatic Art,London,,Temporary Worker (A rating); Worker (A rating),Creative Worker; Skilled Worker,education
London and South East University Group,Greenwich,Greater London,Temporary Worker (A rating); Worker (A rating),Government Authorised Exchange; Skilled Worker,education
London and Surrey Montessori Schools Limited,Horley,Surrey,Worker (A rating),Skilled Worker,education
London Beacon Academy Ltd,Oldham,,Worker (A rating),Skilled Worker,education
London Brookes College,London,,Worker (A rating),Skilled Worker,education
London Business School,London,,Temporary Worker (A rating); Worker (A rating),Government Authorised Exchange; Skilled Worker,education
London Business Training and Consulting Ltd,LONDON,,Worker (A rating),Skilled Worker,education
London Centre for Training and Development Ltd,Bromley,,Worker (A rating),Skilled Worker,education
London Christian School Ltd,London,,Worker (A rating),Skilled Worker,education
LONDON CHURCHILL COLLEGE LTD,London,,Worker (A rating),Skilled Worker,education
London College for Professionals,London,United Kingdom,Worker (A rating),Skilled Worker,education
London College of Business Studies,Ilford,Essex,Temporary Worker (A rating); Worker (A rating),Charity Worker; Skilled Worker,education
London College of Management and Technology London Limited,Hayes,Greater London,Worker (A rating),Skilled Worker,education
London College of Marketing and Technology (LCMT),London,,Worker (A rating),Skilled Worker,education
London College of Media Ltd,West Midlands,,Worker (A rating),Skilled Worker,education
London College of Professional Studies Ltd,London,,Worker (A rating),Skilled Worker,education
London College of Science & Management LTD,Holborn,London,Worker (A rating),Skilled Worker,education
London De Academy Limited,London,,Worker (A rating),Skilled Worker,education
London Diocesan Board for Schools,London,,Worker (A rating),Skilled Worker,education
LONDON EDUCATION MANAGEMENT LTD,LONDON,Greater London,Worker (A rating),Skilled Worker,education
London Fields Primary School,London,,Worker (A rating),Skilled Worker,education
London Film School,London,,Worker (A rating),Skilled Worker,education
LONDON GLOBAL BUSINESS SCHOOL LTD,LONDON,England,Worker (A rating),Skilled Worker,education
London Graduate College Ltd,Birmingham,West Midlands,Worker (A rating),Skilled Worker,education
London IBB Academy Ltd,Wallington,,Worker (A rating),Skilled Worker,education
London Institute of Vedic Education,Coulsdon,,Temporary Worker (A rating); Worker (A rating),Religious Worker; Tier 2 Ministers of Religion,education
London Interdisciplinary School,London,,Worker (A rating),Skilled Worker,education
London Investment Immigration Education Ltd,Hayes,Middlesex,Worker (A rating),Skilled Worker,education
LONDON IT TRAINING LIMITED,England,,Worker (A rating),Skilled Worker,education
London Learning Consortium,Croydon,Surrey,Worker (A rating),Skilled Worker,education
London Metropolitan University,London,,Temporary Worker (A rating); Worker (A rating),Creative Worker; Skilled Worker,education
London One to One Academy UK LTD,London,,Worker (A rating),Skilled Worker,education
London Online College Ltd,Hayes,,Worker (A rating),Skilled Worker,education
London Paragon College Ltd,Acton,London,Worker (A rating),Skilled Worker,education
LONDON PRIME TUITION LTD,London,,Worker (A rating),Skilled Worker,education
London Professional College Ltd,London,,Worker (A rating),Skilled Worker,education
London PT College Limited,London,,Worker (A rating),Skilled Worker,education
London Scandinavian School,London,London,Worker (A rating),Skilled Worker,education
LONDON SCHOOL ADVICE LTD,LONDON,MIDDLESEX,Worker (A rating),Skilled Worker,education
LONDON SCHOOL OF BUSINESS & COMPUTING LTD,London,Havering,Worker (A rating),Skilled Worker,education
London School of Business Administration Ltd,London,,Worker (A rating),Skilled Worker,education
London School of Commerce (A Division of St.Piran's School (GB) Limited,London,,Worker (A rating),Global Business Mobility: Senior or Specialist Worker; Skilled Worker,education
London School of Economics and Political Sciences Students' Union,London,30000,Worker (A rating),Skilled Worker,education
LONDON SCHOOL OF EXCELLENCE LTD,HORNCHURCH,Essex,Worker (A rating),Skilled Worker,education
London School of Hygiene & Tropical Medicine,London,Greater London,Worker (A rating); Temporary Worker (A rating),Skilled Worker; Government Authorised Exchange,education
LONDON SCHOOL OF LEARNING HUB LTD,London,,Worker (A rating),Skilled Worker,education
London School of Management Education,Gants Hill,London,Worker (A rating),Skilled Worker,education
London School of Mathematics and Programming Ltd.,London,,Worker (A rating),Skilled Worker,education
London School of Science & Technology Limited,London,,Worker (A rating),Skilled Worker,education
London School of Social and Management Sciences,Ilford,Essex,Worker (A rating),Skilled Worker,education
London School of Theology,Northwood,Middlesex,Worker (A rating),Skilled Worker,education
LONDON SCHOOL OF TRAINING & EDUCATION LTD,London,,Worker (A rating),Skilled Worker,education
London South Bank University,London,,Temporary Worker (A rating); Worker (A rating),Government Authorised Exchange; Charity Worker; Skilled Worker,education
London South East Academies Trust,Bromley,Kent,Worker (A rating),Skilled Worker,education
London Sports Academy Limited,London,,Worker (A rating),Skilled Worker,education
London Star Education LTD,London,,Worker (A rating),Skilled Worker,education
LONDON TRAINING COLLEGE LTD,London,,Worker (A rating),Skilled Worker,education
London Training Group Limited,Hounslow,,Worker (A rating),Skilled Worker,education
London Vocational College Limited,Ilford,,Worker (A rating),Skilled Worker,education
Longboat Special Education Ltd,Newark,,Worker (B rating),Skilled Worker,education
Longcroft School and Sixth Form College,Driffield,East Riding of Yorkshire,Worker (A rating),Skilled Worker,education
Longridge Towers School,Berwick-upon-Tweed,northumberland,Temporary Worker (A rating); Worker (A rating),Charity Worker; Skilled Worker,education
Longroyde Primary School,BRIGHOUSE,WEST YORKSHIRE,Worker (A rating),Skilled Worker,education
Lord Grey Academy,Milton Keynes,Buckinghamshire,Worker (A rating),Skilled Worker,education
Lord Wandsworth College,Hook,Hampshire,Temporary Worker (A rating); Worker (A rating),Charity Worker; Skilled Worker,education
Lords School,Bolton,Lancashire,Worker (A rating),Skilled Worker,education
Loretto School Ltd,Musselburgh,East Lothian,Temporary Worker (A rating); Worker (A rating),Charity Worker; Skilled Worker,education
Loughborough College Group,Loughborough,Leicestershire,Worker (A rating),International Sportsperson; Skilled Worker,education
Loughborough University,Loughborough,Leicestershire,Temporary Worker (A rating); Worker (A rating),Creative Worker; International Sportsperson; Government Authorised Exchange; Skilled Worker,education
love Lane Nursery &Pre-school,Mitcham,Surrey,Worker (A rating),Skilled Worker,education
Loveders Nursery School Ltd,Chichester,West Sussex,Worker (A rating),Skilled Worker,education
LOVEUK EDUCATION. LTD,Birmingham,,Worker (A rating),Skilled Worker,education
LOVING HANDS INTERNATIONAL NURSERY SCHOOL LIMITED,THORNTON HEATH,,Worker (A rating),Skilled Worker,education
Loxford School Trust Limited,Ilford,Essex,Worker (A rating),Skilled Worker,education
LSI Education,London,,Worker (A rating),Global Business Mobility: Senior or Specialist Worker; Skilled Worker,education
Lucilla Schoolwear Ltd,Ilford,,Worker (A rating),Skilled Worker,education
LUCKY SCHOOL UNIFORM LTD,MANCHESTER,LANCASHIRE,Worker (A rating),Skilled Worker,education
Lucton School,Leominster,Herefordshire,Temporary Worker (A rating); Worker (A rating),Charity Worker; Skilled Worker,education
Lucy Cavendish College,Cambridge,Cambridgeshire,Temporary Worker (A rating); Worker (A rating),Charity Worker; Government Authorised Exchange; Skilled Worker,education
Ludgrove School Trust  LTD,Wokingham,Berkshire,Temporary Worker (A rating),Charity Worker,education
Lumen Learning Trust,Shepperton,Surrey,Worker (A rating),Skilled Worker,education
Lumina Learning Limited,Reading,,Worker (A rating),Skilled Worker,education
Luminate Education Group,Leeds,West Yorkshire,Worker (A rating),Skilled Worker,education
Luther College Study Centre,Nottingham,Nottinghamshire,Worker (A rating),Global Business Mobility: Senior or Specialist Worker,education
Luton Sixth Form College,Luton,Bedfordshire,Worker (A rating),Skilled Worker,education
Lutterworth College,Lutterworth,Leicestershire,Worker (A rating),Skilled Worker,education
LUX MUNDI CATHOLIC ACADEMY TRUST,London,,Worker (A rating),Skilled Worker,education
Lyfta Education Limited,Warwick,Warwickshire,Worker (A rating),Skilled Worker,education
Lykos Academy Trust,Wolverhampton,,Worker (A rating),Skilled Worker,education
Lynch Hill School Primary Academy,Slough,,Worker (A rating),Skilled Worker,education
MA ACADEMY LTD,Walsall,,Worker (A rating),Skilled Worker,education
Macclesfield Day Nursery,MACCLESFIELD,Cheshire,Worker (A rating),Skilled Worker,education
MacIntyre Academies Trust,Milton Keynes,,Worker (A rating),Skilled Worker,education
Magdalen College School,Oxford,,Worker (A rating); Temporary Worker (A rating),Skilled Worker; Charity Worker,education
Magdalen College School Brackley Academy Trust,Brackley,,Worker (A rating),Skilled Worker,education
Magdalen Court School,Exeter,Devon,Worker (A rating),Skilled Worker,education
Magdalen Nursery & Daycare Limited,London,,Worker (A rating),Skilled Worker,education
Magdalene College in the University of Cambridge,Cambridge,,Worker (A rating),Skilled Worker,education
Magic Sparks Nursery,Luton,,Worker (A rating),Skilled Worker,education
Magna Carta College,SLOUGH,,Worker (A rating),Skilled Worker,education
Magna Learning Partnership,Salisbury,,Worker (A rating),Skilled Worker,education
Mak Education Limited,London,,Worker (A rating),Skilled Worker,education
Make Waves Swim School Ltd,Bideford,Devon,Worker (A rating),Skilled Worker,education
Makers Academy,London,London,Worker (A rating),Skilled Worker,education
MAKTAB TARIGHAT OVEYSSI SHAHMAGHSOUDI (SCHOOL OF ISLAMIC SUFISM),London,,Worker (A rating),Skilled Worker,education
Malden Oaks School and Tuition Service,Kingston upon Thames,,Worker (A rating),Skilled Worker,education
Maljee Establishment Limited T/A Vision Academy,London,,Worker (A rating),Skilled Worker,education
MALVERN COLLEGE,MALVERN,WORCESTERSHIRE,Worker (A rating),Skilled Worker,education
Malwa Plant Training Ltd,Ruislip,,Worker (A rating),Skilled Worker,education
Manchester Chinese Academy of Dance Ltd,Manchester,,Worker (A rating),Skilled Worker,education
MANCHESTER COLLEGE OF SKILLS & TRAINING LIMITED,Manchester,,Worker (A rating),Skilled Worker,education
Manchester Communication Academy,Manchester,,Worker (A rating),Skilled Worker,education
Manchester Grammar School,Manchester,,Worker (A rating),Skilled Worker,education
Manchester Islamic Institute t/a Manchester Islamic Centre,Manchester,,Worker (A rating); Temporary Worker (A rating),Tier 2 Ministers of Religion; Charity Worker; Religious Worker,education
Manchester Learning Zone,Manchester,Lancashire,Worker (A rating),Skilled Worker,education
MANCHESTER METROPOLITAN UNIVERSITY,Manchester,Greater Manchester,Worker (A rating),Skilled Worker,education
MANCHESTER TRAINING SCHOOL LIMITED,MANCHESTER,,Worker (A rating),Skilled Worker,education
Mandarin Ducklings Putney Bridge Nursery,London,,Worker (A rating),Skilled Worker,education
Mander Portman Woodward School,London,,Worker (A rating),Skilled Worker,education
Manna-Seh Childcare And Education Limited,Welling,Kent,Worker (A rating),Skilled Worker,education
Manor Longbridge School,Dagenham,Essex,Worker (A rating),Skilled Worker,education
Mansuri Schoolwear,Birmingham,West Midlands,Worker (A rating),Skilled Worker,education
Mantra Learning,Middleton,Greater Manchester,Worker (A rating),Skilled Worker,education
Marches Academy Trust,Oswestry,Shropshire,Worker (A rating),Skilled Worker,education
MarcoPolo Learning Ltd,London,,Worker (A rating),Skilled Worker,education
Margaret Beaufort Institute of Theology,Cambridge,,Temporary Worker (A rating),Charity Worker,education
Maria Montessori Ltd T/A Maria Montessori Nursery School,London,,Worker (A rating),Skilled Worker,education
Maria Montessori Nursery Limited T/A Maria Montessori Nursery School,London,,Worker (A rating),Skilled Worker,education
Maria Montessori Training Organisation (The),London,,Worker (A rating),Skilled Worker,education
Maria Stolbova's Rhythmic Gymnastics Academy LLP,London,,Worker (A rating),International Sportsperson,education
MARINA EDUCATION CONSULTANTS LTD,England,,Worker (A rating),Skilled Worker,education
Maritime + Engineering College North West (trading as the Engineering College),Birkenhead,Wirral,Worker (A rating),Skilled Worker,education
Maritime Academy Trust,London,,Worker (A rating),Skilled Worker,education
Marjorie McClure School,Chislehurst,Kent,Worker (A rating),Skilled Worker,education
Markfield Institute of Higher Education,Markfield,Leicestershire,Worker (A rating),Skilled Worker,education
Marlborough College,Marlborough,Wiltshire,Worker (A rating),Skilled Worker,education
Marlborough House School Trust Ltd,Cranbrook,Kent,Worker (A rating),Skilled Worker,education
Marlborough House Vinehall School Ltd,Robertsbridge,East Sussex,Worker (A rating),Skilled Worker,education
Marlborough School,Sidcup,Kent,Worker (A rating),Skilled Worker,education
Marlow C of E Infant School,Marlow,Bucks,Worker (A rating),Skilled Worker,education
Marlow Education Trust,Marlow,Buckinghamshire,Worker (A rating),Skilled Worker,education
Marmalade Schools,LONDON,London,Worker (A rating),Skilled Worker,education
Mary Hare School,Newbury,Berkshire,Worker (A rating),Skilled Worker,education
Mary Seacole Day Nursery & Family Support Unit,Town,Berkshire,Temporary Worker (A rating),Charity Worker,education
Maryam's Nursery Ltd,London,,Worker (A rating),Skilled Worker,education
Marymount International School,Kingston upon Thames,Surrey,Worker (A rating),Skilled Worker,education
MASSOLIT Online Education,London,,Worker (A rating),Skilled Worker,education
Mata Sahib Kaur Educational Trust,Leicester,,Temporary Worker (A rating),Charity Worker,education
Mater Christi Multi-Academy Trust,Ulverston,,Worker (A rating),Skilled Worker,education
Materials Processing Institute,Middlesbrough,North Yorkshire,Worker (A rating),Skilled Worker,education
Matravers School,Westbury,Wiltshire,Worker (A rating),Skilled Worker,education
Matrix Academy Trust,Walsall,West Midlands,Worker (A rating),Skilled Worker,education
MATRIX SOLUTIONS INTERNATIONAL LTD T/A ANZ Training,BIRMINGHAM,,Worker (A rating),Skilled Worker,education
Matthews School Wear,Kent,,Worker (A rating),Skilled Worker,education
Maunder's School Of Popular Music,MANCHESTER,,Worker (A rating),Skilled Worker,education
Maverick Education Technologies Ltd,Brighouse,West Yorkshire,Worker (A rating),Skilled Worker,education
Maxvale Limited T/A Fledgelings Day Nursery,London,,Worker (A rating),Skilled Worker,education
"Mayfield Grammar School, Gravesend",Gravesend,Kent,Worker (A rating),Skilled Worker,education
Mayfield Nursery Ltd,London,,Worker (A rating),Skilled Worker,education
Mayfield School,Dagenham,Essex,Worker (A rating),Skilled Worker,education
Mayfield School Ltd,Mayfield,East Sussex,Worker (A rating),Skilled Worker,education
Mayflower High School,Billericay,Essex,Worker (A rating),Skilled Worker,education
MBM Tuition Ltd,Slough,,Worker (A rating),Skilled Worker,education
McCrae Training Ltd,East Kilbride,South Lanarkshire,Worker (A rating),Skilled Worker,education
McGraw Hill Education (UK) Limited,London,,Worker (A rating),Skilled Worker; Global Business Mobility: Senior or Specialist Worker,education
Medefine Education Group LTD,London,,Worker (A rating),Skilled Worker,education
Medina Islamic Educational & Cultural Centre,Windsor,,Worker (A rating),Tier 2 Ministers of Religion,education
Medox Tutors Limited,Kings Langley,,Worker (A rating),Skilled Worker,education
Mehr Tutoring Services Limited,Birmingham,,Worker (A rating),Skilled Worker,education
Menorah grammar School,Edgware,Middlesex,Worker (A rating),Skilled Worker,education
MENORAH HIGH SCHOOL FOR GIRLS,LONDON,,Worker (A rating),Skilled Worker,education
Merc Education UK LTD,London,,Worker (A rating),Skilled Worker,education
Merchant Taylors' Oxfordshire Academy Trust,Wallingford,Oxfordshire,Worker (A rating),Skilled Worker,education
Merchant Taylors' School and prep School,Northwood,Middx,Worker (A rating),Skilled Worker,education
Merchiston Castle School,Edinburgh,,Temporary Worker (A rating); Worker (A rating),Charity Worker; Government Authorised Exchange; Skilled Worker,education
Merit Tutors LTD,Ilford,,Worker (A rating),Skilled Worker,education
Merry Poppets Nursery Ltd,Henlow,Bedfordshire,Worker (A rating),Skilled Worker,education
Merrywood Education Ltd,Tadworth,Surrey,Worker (A rating),Skilled Worker,education
MERSEYSIDE TAMIL SCHOOL,LIVERPOOL,,Worker (A rating); Temporary Worker (A rating),Tier 2 Ministers of Religion; Religious Worker,education
MERTON COLLEGE LONDON LTD,Walton-on-Thames,,Worker (A rating),Skilled Worker,education
Merviq Education Ltd,London,N/A,Worker (A rating),Skilled Worker,education
Met Film School Ltd,London,,Worker (A rating),Skilled Worker,education
Michael Hall Waldorf School,Forest Row,East Sussex,Worker (A rating),Skilled Worker,education
Michaela Community School,Wembley,,Worker (A rating),Skilled Worker,education
Middlesbrough College,Middlesbrough,Cleveland,Worker (A rating),Skilled Worker,education
Middlesex Learning Partnership,Hayes,Middlesex,Worker (A rating),Skilled Worker,education
Middlesex University,London,,Temporary Worker (A rating); Worker (A rating),Government Authorised Exchange; Skilled Worker,education
MIDFORD ROAD NURSERY,BATH,Somerset,Worker (A rating),Skilled Worker,education
MidKent College,Gillingham,Kent,Worker (A rating),Skilled Worker,education
Midsomer Norton Schools Partnership,MIDSOMER NORTON,Somerset,Worker (A rating),Skilled Worker,education
Mile College Ltd,Oldham,Greater Manchester,Worker (A rating),Skilled Worker,education
Milestones Day Nursery Limited,Dartford,,Worker (A rating),Skilled Worker,education
Milestones Education Ltd,Birmingham,,Worker (A rating),Skilled Worker,education
MILL HILL COUNTY HIGH SCHOOL,LONDON,,Worker (A rating),Skilled Worker,education
Mill Hill School Foundation,London,,Worker (A rating),Skilled Worker,education
Millfield School,Street,Somerset,Temporary Worker (A rating); Worker (A rating),Charity Worker; Skilled Worker,education
MILTON KEYNES TRAINING CENTRE LTD,Milton Keynes,,Worker (A rating),Skilled Worker,education
Miltoncross Academy,Portsmouth,Hampshire,Worker (A rating),Skilled Worker,education
Mindful Education,London,,Worker (A rating),Skilled Worker,education
MINDFUL MONTESSORI LTD,Bexley,Kent,Worker (A rating),Skilled Worker,education
Mindstone Learning Limited (t/a Mindstone),London,,Worker (A rating),Skilled Worker,education
Minet Infant & Nursery School,Hayes,Middlesex,Worker (A rating),Skilled Worker,education
MINI MINERS NURSERY LTD,Burnage,Manchester,Worker (A rating),Skilled Worker,education
Mini Miracles Montessori,Brentford,,Worker (A rating),Skilled Worker,education
Mini Professionals Dance Academy Ltd,Kidlington,Oxford,Worker (A rating),Skilled Worker,education
MINI TREASURES NURSERY LIMITED,Morden,England,Worker (A rating),Skilled Worker,education
MISHI SCHOOL OF MOTORING LIMITED T/A MISHI DRIVING SCHOOL,Glasgow,Scotland,Worker (A rating),Skilled Worker,education
Mission Grove Primary School,London,,Worker (A rating),Skilled Worker,education
MK GLOBAL EDUCATION CONSULTANT LIMITED,"Manchester, Lancashire",United Kingdom,Worker (A rating),Skilled Worker,education
MK MONTESSORI LTD,Milton Keynes,,Worker (A rating),Skilled Worker,education
MLA College Ltd,Plymouth,Devon,Worker (A rating),Skilled Worker,education
MM Nurseries Ltd T/A Maria Montessori Nursery School,Hertfordshire,,Worker (A rating),Skilled Worker,education
MODERATE ACADEMY AND TRAINING CENTRE LTD,ROCHDALE,Lancashire,Worker (A rating),Skilled Worker,education
Mojereh Training Limited,London,,Worker (A rating),Skilled Worker,education
Moller Institute Limited,Cambridge,Cambridgeshire,Worker (A rating),Skilled Worker,education
"Monkey Puzzle Day Nursery, Surbiton",Surbiton,England,Worker (A rating),Skilled Worker,education
Monkey Puzzle Stoke Newington Day Nursery,London,,Worker (A rating),Skilled Worker,education
Monks Walk School,Welwyn Garden City,Hertfordshire,Worker (A rating),Skilled Worker,education
Monkton Combe School,Bath,BANES,Temporary Worker (A rating); Worker (A rating),Charity Worker; Skilled Worker,education
Mont Rose College of Management and Sciences,Ilford,,Worker (A rating),Skilled Worker,education
MONTESSORI COMMUNITY SCHOOL,London,London,Worker (A rating),Skilled Worker,education
Montessori Education for Autism,London,,Worker (A rating),Skilled Worker,education
Montessori Methods Ltd.,Edinburgh,Midlothian,Worker (A rating),Skilled Worker,education
Moon Hall Schools Educational Trust,Reigate,Surrey,Worker (A rating),Skilled Worker,education
Moonlight Academy Ltd,London,England,Worker (A rating),Skilled Worker,education
Moonlight Childcare Limited T/A Moonlight Nursery & Preschool,London,,Worker (A rating),Skilled Worker,education
Moor House School & College,Oxted,Surrey,Worker (A rating),Skilled Worker,education
Moore House School,Bathgate,West Lothian,Worker (A rating),Skilled Worker,education
Moorlands College,Christchurch,Dorset,Worker (A rating),Skilled Worker,education
Moorlands Learning Trust,Ilkley,,Worker (A rating),Skilled Worker,education
MORDEN TUITION LTD,Morden,,Worker (A rating),Skilled Worker,education
More House School,Farnham,,Worker (A rating),Skilled Worker,education
Moreton Hall Education Limited,Oswestry,Shropshire,Worker (A rating),Skilled Worker,education
MORNING STAR NURSERY SCHOOL LTD,Essex,,Worker (A rating),Skilled Worker,education
Morrison's Academy,Crieff,Perthshire,Worker (A rating),Skilled Worker,education
Motherspet Nursery Ltd,London,,Worker (A rating),Skilled Worker,education
Mount House School Ltd,London,Hertfordshire,Worker (A rating),Skilled Worker,education
Mount Olive Wellbeing Training Limited,Bracknell,Berkshire,Worker (A rating),Skilled Worker,education
MOUNT SCHOOL (YORK) (THE),York,,Worker (A rating),Skilled Worker,education
Mount St Mary's Catholic High School,Leeds,West Yorkshire,Worker (A rating),Skilled Worker,education
Mountview Academy of Theatre Arts,London,,Worker (A rating); Temporary Worker (A rating),Skilled Worker; Creative Worker,education
Mowbray Education Trust,Leics,,Worker (A rating),Skilled Worker,education
MRS Training and Rescue,Aberdeen,Aberdeen City,Worker (A rating),Skilled Worker,education
MS OVERSEAS EDUCATION CONSULTANTS LTD,LEICESTER,,Worker (A rating),Skilled Worker,education
Mu Education & Career Limited,Silchester,Hampshire,Worker (A rating),Skilled Worker,education
MuddyBoots Nursery Ltd,York,,Worker (A rating),Skilled Worker,education
Mughal Driving School Ltd,Derby,England,Worker (A rating),Skilled Worker,education
Muhammadia Saifia Education Trust,Oldham,Lancashire,Temporary Worker (A rating),Charity Worker,education
Mulberries And Willows Nursery and Preschool Ltd,CROYDON,Select your province here,Worker (A rating),Skilled Worker,education
Mulberry Bush Montessori Limited,Glasgow,Glasgow,Worker (A rating),Skilled Worker,education
Mulberry Schools Trust,London,,Worker (A rating),Skilled Worker,education
MUMU'S TINEY HOME NURSERY LIMITED,Ilford,,Worker (A rating),Skilled Worker,education
MUSIC EDUCATION TECHNOLOGIES LIMITED,London,,Worker (A rating),Skilled Worker,education
Music for Life Academy,Lisburn,,Temporary Worker (A rating),Charity Worker,education
Mustard Seeds Educational Ltd,Merton District,London,Worker (A rating),Skilled Worker,education
MY COLLEGE LIMITED,London,,Worker (A rating),Skilled Worker,education
MY DIGITAL COLLEGE LTD (Trading as Purlos),London,,Worker (A rating),Skilled Worker,education
My Learning Hub Limited,Twickenham,,Worker (A rating),Skilled Worker,education
Myddelton College,Denbigh,,Worker (A rating),Skilled Worker,education
Myrtle Learning Ltd,Rochester,,Worker (A rating),Skilled Worker,education
Myton School,Warwick,Warwickshire,Worker (A rating),Skilled Worker,education
Naima Jewish Preparatory School (JPS),London,,Worker (A rating),Skilled Worker,education
Nant-y-Cwm Steiner School Ltd,Nr Clynderwen,Pembrokeshire,Worker (A rating),Skilled Worker,education
Nat's Tutorial Limited,LONDON,LONDON,Worker (A rating),Skilled Worker,education
National Education Group Ltd,Sheffield City Centre,Sheffield,Worker (A rating),Skilled Worker,education
National Education Union (NEU),London,,Worker (A rating),Skilled Worker,education
National Foundation for Educational Research in England & Wales,Berkshire,,Worker (A rating),Skilled Worker,education
National Institute of Economic and Social Research,London,,Worker (A rating),Skilled Worker,education
National Learning Group,Hexham,,Worker (A rating),Skilled Worker,education
NATIONAL STEM EDUCATION LIMITED,Birmingham,,Worker (A rating),Skilled Worker,education
NAVYA SCHOOL OF DANCE LTD T/A NAVYA SCHOOL OF DANCE,Middx,,Worker (A rating),Skilled Worker,education
Nazarene Theological College,Manchester,,Worker (A rating); Temporary Worker (A rating),Tier 2 Ministers of Religion; Charity Worker; Skilled Worker,education
NCC EDUCATION LIMITED,Manchester,,Worker (A rating),Skilled Worker,education
NCG Higher Education Centre Limited,Newcastle-Upon-Tyne,Tyne And Wear,Worker (A rating),Skilled Worker,education
Neath Port Talbot College,Neath,,Worker (A rating),Skilled Worker,education
Needle Point Education Limited,London,,Worker (A rating),Skilled Worker,education
Nerlana Ltd T/A Smiley Stars Nursery,Glasgow,,Worker (A rating),Skilled Worker,education
Netherhall Educational Association,London,,Temporary Worker (A rating),Charity Worker,education
NEVSAH ACADEMY LTD,London,,Worker (A rating),Skilled Worker,education
New City College Corporation,London,,Worker (A rating),Skilled Worker,education
New College Capital Ltd,London,,Worker (A rating),Skilled Worker,education
New College Durham,Framwellgate Moor,County Durham,Worker (A rating),Skilled Worker,education
New College Swindon,Swindon,Wiltshire,Worker (A rating),Skilled Worker,education
New College Worcester,Worcester,,Worker (A rating),Skilled Worker,education
New Hall School Trust,Chelmsford,Essex,Temporary Worker (A rating); Worker (A rating),Charity Worker; Tier 2 Ministers of Religion; Skilled Worker; Religious Worker,education
New Horizons Academy,Northampton,Northamptonshire,Worker (A rating),Skilled Worker,education
New Meaning Training Ltd,High Wycombe,,Worker (A rating),Skilled Worker,education
New Media Learning Ltd,Brentwood,Essex,Worker (A rating),Skilled Worker,education
New Model Institute for Technology and Engineering,Hereford,Herefordshire,Worker (A rating),Skilled Worker,education
New School Represents Limited,London,,Temporary Worker (A rating); Worker (A rating),Creative Worker; Skilled Worker,education
NEWBOLD COLLEGE,BRACKNELL,BERKSHIRE,Worker (A rating); Temporary Worker (A rating),Tier 2 Ministers of Religion; Charity Worker; Religious Worker; Skilled Worker,education
Newbury Academy Trust,Newbury,Berkshire,Worker (A rating),Skilled Worker,education
Newbury College,Newbury,Berkshire,Worker (A rating),Skilled Worker,education
NEWCASTLE EDUCATION GROUP LTD,Newcastle Upon Tyne,,Worker (A rating),Skilled Worker,education
Newcastle University,Newcastle Upon Tyne,,Worker (A rating); Temporary Worker (A rating),Skilled Worker; Global Business Mobility: Senior or Specialist Worker; Government Authorised Exchange; International Sportsperson,education
Newells School Trust Ltd,Handcross,Select a County,Worker (A rating),Skilled Worker,education
NEWGLOBE EDUCATION SERVICES UK LIMITED,Forest Gate,London,Worker (A rating),Skilled Worker,education
Newham College of Further of Education,London,,Worker (A rating),Skilled Worker,education
Newham Community Learning,London,,Worker (A rating),Skilled Worker,education
Newman Schools Ltd,Leamington Spa,Warwickshire,Worker (A rating),Skilled Worker,education
Newnham College,Cambridge,Cambridgeshire,Temporary Worker (A rating); Worker (A rating),Government Authorised Exchange; Skilled Worker,education
Newport and District Group Training Association,Cwmbran,Torfaen,Worker (A rating),Skilled Worker,education
Newport Primary School,Saffron Walden,Essex,Worker (A rating),Skilled Worker,education
Newto Training Limited,London,,Worker (A rating),Skilled Worker,education
Newton Co-Educational Preparatory School,London,,Worker (A rating),Skilled Worker,education
Newton Venture Education Limited,London,,Worker (A rating),Skilled Worker,education
NextStep Training Ltd,London,County,Worker (A rating),Skilled Worker,education
Nexus Multi Academy Trust,Rotherham,South Yorkshire,Worker (A rating),Skilled Worker,education
NICOLL ROAD NURSERY LIMITED,TWICKENHAM,,Worker (A rating),Skilled Worker,education
Nido Montessori Nursery,London,,Worker (A rating),Skilled Worker,education
nippers Nursery(Yorkshire) LTD,knaresborough,north yorkshire,Worker (A rating),Skilled Worker,education
Nishkam School Trust,Birmingham,West Midlands,Worker (A rating),Skilled Worker,education
Noadswood School,Southampton,Hampshire,Worker (A rating),Skilled Worker,education
Noble Education Trust,Oldham,,Worker (A rating),Tier 2 Ministers of Religion,education
Noddys Nursery School Ltd,London,,Worker (A rating),Skilled Worker,education
Nomura Research Institute Europe Limited,London,,Worker (A rating),Global Business Mobility: Senior or Specialist Worker; Skilled Worker,education
Nonwovens Innovation and Research Institute Limited,LEEDS,West Yorkshire,Worker (A rating),Skilled Worker,education
Nord Anglia Education Ltd,London,,Worker (A rating),Skilled Worker; Global Business Mobility: Senior or Specialist Worker,education
NORHAM HIGH SCHOOL,North Shields,Tyne And Wear,Worker (A rating),Skilled Worker,education
Norland Place School Limited,London,London,Worker (A rating),Skilled Worker,education
North East Learning Trust,Peterlee,County Durham,Worker (A rating),Skilled Worker,education
North East Scotland College,Aberdeen,Aberdeenshire,Worker (A rating),Skilled Worker,education
North Huddersfield Trust School,Huddersfield,,Worker (A rating),Skilled Worker,education
North London Collegiate School,Edgware,Middlesex,Worker (A rating),Skilled Worker,education
North London Grammar School,London,,Worker (A rating),Skilled Worker,education
North Road Academy Limited,Stoke on Trent,Staffordshire,Worker (A rating),Skilled Worker,education
NORTH WEST REGIONAL COLLEGE,LONDONDERRY,LONDONDERRY,Worker (A rating),Skilled Worker,education
North West Training Council,Liverpool,,Worker (A rating),Skilled Worker,education
Northampton Free School Trust t/a Wootton Park School,Northampton,Northamptonshire,Worker (A rating),Skilled Worker,education
Northampton High School,Northampton,Northamptonshire,Worker (A rating),Skilled Worker,education
Northampton School for Girls Academy Trust,Northampton,Northamptonshire,Worker (A rating),Skilled Worker,education
Northamptonshire Independent Grammar School Charity Trust Limited,Northampton,Northamptonshire,Worker (A rating),Skilled Worker,education
Northbourne Park School,Near Deal,Kent,Temporary Worker (A rating),Charity Worker,education
Northbury Primary School,Barking,Essex,Worker (A rating),Skilled Worker,education
Northchild Education (UK) Ltd,London,,Worker (A rating),Skilled Worker,education
Northeastern University - London,London,,Worker (A rating); Temporary Worker (A rating),Skilled Worker; Government Authorised Exchange; Global Business Mobility: Senior or Specialist Worker,education
Northern Education Trust,Tyne and Wear,,Worker (A rating),Skilled Worker,education
Northern School of Contemporary Dance,Leeds,,Temporary Worker (A rating); Worker (A rating),Creative Worker; Skilled Worker,education
Northern Schools Trust,Liverpool,,Worker (A rating),Skilled Worker,education
Northern Star Academies Trust,Skipton,North Yorkshire,Worker (A rating),Skilled Worker,education
Northfleet Technology College,Northfleet,Kent,Worker (A rating),Skilled Worker,education
Northumbria University,Newcastle Upon Tyne,,Worker (A rating); Temporary Worker (A rating),International Sportsperson; Skilled Worker; Government Authorised Exchange,education
Northwood School,Northwood,,Worker (A rating),Skilled Worker,education
Norwich City College of Further and Higher Education t/a City College Norwich,Norwich,,Worker (A rating),Skilled Worker,education
Norwich High School for Girls,Norwich,Norfolk,Worker (A rating),Skilled Worker,education
Norwich School,Norwich,Norfolk,Worker (A rating); Temporary Worker (A rating),Skilled Worker; Charity Worker,education
Norwich University of the Arts,Norwich,,Worker (A rating),Skilled Worker,education
Nosce Education Limited,London,,Worker (A rating),Skilled Worker,education
Notting Hill College Ltd,Salford,,Worker (A rating),Skilled Worker,education
Notting Hill Preparatory School Limited,London,,Worker (A rating),Skilled Worker,education
Nottingham College,Nottingham,,Worker (A rating),Skilled Worker,education
Nottingham Girls' High School,Nottingham,,Worker (A rating),Skilled Worker,education
Nottingham Trent University - Human Resources,Nottingham,Nottinghamshire,Worker (A rating); Temporary Worker (A rating),Skilled Worker; Government Authorised Exchange,education
Nova Education Trust,Nottingham,Nottinghamshire,Worker (A rating),Skilled Worker,education
Nower Hill High School,Pinner,Middlesex,Worker (A rating),Skilled Worker,education
Nudge Education,Tyne and Wear,,Worker (A rating),Skilled Worker,education
NULEAF EDUCATION LIMITED,Birmingham,West Midlands,Worker (A rating),Skilled Worker,education
Nursery Road Capital Management Limited,London,,Worker (A rating),Skilled Worker,education
Nursery Village Limited,Bristol,,Worker (A rating),Skilled Worker,education
Oak Hill Theological College,London,,Temporary Worker (A rating); Worker (A rating),Religious Worker; Skilled Worker,education
OAK TREE PRE-SCHOOL NURSERIES LIMITED,LONDON,,Worker (A rating),Skilled Worker,education
Oak View Primary and Nursery School,Hatfield,Herts,Worker (A rating),Skilled Worker,education
Oak Wood School,Uxbridge,Middlesex,Worker (A rating),Skilled Worker,education
Oakfield Nursery School Ltd,Altrincham,Cheshire,Worker (A rating),Skilled Worker,education
OAKHAM SCHOOL,OAKHAM,RUTLAND,Temporary Worker (A rating); Worker (A rating),Charity Worker; Skilled Worker,education
Oaklands College,St Albans,Herts,Worker (A rating),Skilled Worker; International Sportsperson,education
Oaklands SEN School Berkshire Limited,Hungerford,Berkshire,Worker (A rating),Skilled Worker,education
Oaks Montessori Ltd,Newton Abbot,Devon,Worker (A rating),Skilled Worker,education
Oakwood Community School,Bagworth,Leicestershire,Worker (A rating),Skilled Worker,education
Oakwood Park Grammar School,Maidstone,Kent,Worker (A rating),Skilled Worker,education
Oasis Community Learning,London,,Worker (A rating); Temporary Worker (A rating),Skilled Worker; Charity Worker,education
Ochil Tower School,Auchterarder,Perthshire,Worker (A rating); Temporary Worker (A rating),Skilled Worker; Charity Worker,education
ODYSSEY EDUCATION SERVICES LIMITED,Bracknell,,Worker (A rating),Skilled Worker,education
OLC College Limited,Manchester,,Worker (A rating),Skilled Worker,education
Old MacDonald's Day Nursery Ltd.,Bovingdon,Hertfordshire,Worker (A rating),Skilled Worker,education
Old School Barbers,London,,Worker (A rating),Skilled Worker,education
OLD SCHOOL HOUSE,LONGWICK,BUCKINGHAMSHIRE,Worker (A rating),Skilled Worker,education
Old Vicarage School Trust,Richmond upon Thames,SURREY,Worker (A rating),Skilled Worker,education
Oldfield School,BATH,,Worker (A rating),Skilled Worker,education
Olive Academies,Hornchurch,,Worker (A rating),Skilled Worker,education
Olive Tree Day Nursery And School Ltd,Croydon,,Worker (A rating),Skilled Worker,education
Omnia Learning Trust,Twickenham,Oxfordshire,Worker (A rating),Skilled Worker,education
OMRAJ CHILDCARE LTD T/A Monkey Puzzle Day Nursery Walton On Thames,Walton-On-Thames,Surrey,Worker (A rating),Skilled Worker,education
On Track Education Services,Bedford,Beds,Worker (A rating),Skilled Worker,education
Once Education Group Ltd,Hayes,,Worker (A rating),Skilled Worker,education
ONE Academy Trust,Derbyshire,,Worker (A rating),Skilled Worker,education
One Nine Seven Early Years Nursery,Kingston-Upon-Thames,Surrey,Worker (A rating),Skilled Worker,education
One School Group Limited,London,,Worker (A rating),Skilled Worker,education
Online Art School Ltd,Danbury,Essex,Worker (A rating),Skilled Worker,education
Online Business School Limited,Coventry,,Worker (A rating),Skilled Worker,education
Open College Network London Region,London,,Worker (A rating),Skilled Worker,education
Open Development And Education Ltd,Barnet,Herts,Worker (A rating),Skilled Worker,education
Open Education AI CIC,Covent Garden,LONDON,Worker (A rating),Skilled Worker,education
Open School Trust Ltd.,Cambridge,Cambridgeshire,Worker (A rating),Skilled Worker,education
Optima Training & Consultancy Limited,Harlow,Essex,Worker (A rating),Skilled Worker,education
Optimised Training Centre,Birmingham,,Worker (A rating),Skilled Worker,education
Orbital Education Limited,Cheadle Hulme,Cheshire,Worker (A rating),Skilled Worker,education
Orchard Hill College Academy Trust,Sutton,Surrey,Worker (A rating),Skilled Worker,education
Orchard Learning Alliance,Woodley,Berkshire,Worker (A rating),Skilled Worker,education
Origin Education UK International Cultural Exchange Ltd,London,,Worker (A rating),Skilled Worker,education
Orion Education,Chislehurst,Kent,Worker (A rating),Skilled Worker,education
Orion Training and Development Ltd,Birmingham,West Midlands,Worker (A rating),Skilled Worker,education
Orleans Park School,Twickenham,Middlesex,Worker (A rating),Skilled Worker,education
Orley Farm School Trust,Harrow-on-the-Hill,Middlesex,Worker (A rating),Skilled Worker,education
Ormiston Academies Trust,Birmingham,West Midlands,Worker (A rating),Skilled Worker,education
Ormiston Park Academy,Aveley,Essex,Worker (A rating),Skilled Worker,education
Ormiston Rivers Academy,Burnham-on-Crouch,Essex,Worker (A rating),Skilled Worker,education
Ormiston Sandwell Community Academy,Oldbury,West Midlands,Worker (A rating),Skilled Worker,education
Ormiston Victory Academy,Norwich,Norfolk,Worker (A rating),Skilled Worker,education
Orwell Multi Academy Trust,IPSWICH,East of England,Worker (A rating),Skilled Worker,education
Orwell Park School,Ipswich,Suffolk,Worker (A rating),Skilled Worker,education
Osborne Co-Operative Academy Trust,Stanford-le-Hope,Essex,Worker (A rating),Skilled Worker,education
OSBORNE TRAINING CENTRE LIMITED T/A OSBORNE TRAINING CENTRE,Watford,England,Worker (A rating),Skilled Worker,education
OSME EDUCATION LTD,Bromley,Greater London,Worker (A rating),Skilled Worker,education
Osmosis Training Ltd,London,,Worker (A rating),Skilled Worker,education
Oswestry School,Oswestry,Shropshire,Worker (A rating); Temporary Worker (A rating),Skilled Worker; Charity Worker,education
Oundle School,Peterborough,,Temporary Worker (A rating); Worker (A rating),Creative Worker; Skilled Worker; Charity Worker,education
Our Kids Nursery,Birmingham,,Worker (A rating),Skilled Worker,education
Our Lady Immaculate Catholic Academies Trust,Northampton,Northants,Worker (A rating),Skilled Worker,education
Our Lady of Dolours RC Primary School,London,,Worker (A rating),Skilled Worker,education
Our Lady of Grace Catholic Academy Trust,London,,Worker (A rating),Skilled Worker,education
Our Lady of Lourdes Catholic Primary School,London,,Worker (A rating),Skilled Worker,education
Our Place Group (Our Place Schools and Lakeside),Malvern,Worcestershire,Worker (A rating),Skilled Worker,education
Outwood Grange Academies Trust,Wakefield,West Yorkshire,Worker (A rating),Skilled Worker,education
Over The Rainbow Day Nursery,Romford,Essex,Worker (A rating),Skilled Worker,education
Overseas Tutorial Centre Ltd,London,,Worker (A rating),Skilled Worker,education
Overstone Park School Limited,Northampton,Northamptonshire,Worker (A rating),Skilled Worker,education
Overton Grange School,Sutton,London,Worker (A rating),Skilled Worker,education
Oxbridge Academy Ltd,London,,Worker (A rating),Skilled Worker,education
OXBRIDGE EDUCATION GROUP LIMITED,Reading,,Worker (A rating),Skilled Worker,education
Oxbridge International Education Ltd,High Wycombe,,Worker (A rating),Skilled Worker,education
OXFORD ACADEMY LONDON LTD,London,,Worker (A rating),Skilled Worker,education
Oxford Brookes University,Oxford,Oxfordshire,Temporary Worker (A rating); Worker (A rating),Government Authorised Exchange; Skilled Worker,education
Oxford College of Business,London,,Worker (A rating),Skilled Worker; Global Business Mobility: UK Expansion Worker,education
Oxford College of Education Lt,HIGH WYCOMBE,BUCKINGHAMSHIRE,Worker (A rating),Skilled Worker,education
Oxford Diocesan Bucks Schools Trust,Stoke Mandeville,Buckinghamshire,Worker (A rating),Skilled Worker,education
Oxford Diocesan Schools Trust,Wantage,Oxon,Worker (A rating),Skilled Worker,education
Oxford Graduate School Ltd,London,,Worker (A rating),Skilled Worker,education
Oxford House College Training Limited,London,,Worker (A rating),Skilled Worker,education
Oxford Institute for Energy Studies,Oxford,Oxfordshire,Worker (A rating),Skilled Worker,education
Oxford International Education & Travel Ltd,London,,Worker (A rating),Skilled Worker,education
Oxford International School,Oxford,Oxfordshire,Worker (A rating),Skilled Worker,education
Oxford Leadership Academy Limited,London,,Worker (A rating),Skilled Worker,education
Oxford Montessori Schools Limited,Oxford,,Worker (A rating),Skilled Worker,education
OXFORD ONLINE SCHOOL LTD,Oxford,,Worker (A rating),Skilled Worker,education
Oxford Royale Academy,Oxford,Oxfordshire,Worker (A rating),Skilled Worker,education
Oxford Scholastica Academy Ltd,London,,Worker (A rating),Skilled Worker,education
Oxford School of English,Oxford,,Worker (A rating),Skilled Worker,education
Oxford University Press,Oxford,Oxon,Worker (A rating),Global Business Mobility: Senior or Specialist Worker; Skilled Worker,education
OXONS COLLEGE LIMITED,London,,Worker (A rating),Skilled Worker,education
P M S S Academy of Advanced Manufacturing LTD,Kent,,Worker (A rating),Skilled Worker,education
Paint Pots Montessori Schools Ltd,London,,Worker (A rating),Skilled Worker,education
PANDA EDUCATION GROUP LTD,London,England,Worker (A rating),Skilled Worker,education
Pangbourne College,READING,Berks,Worker (A rating),Skilled Worker,education
Pangbourne House Montessori School,London,London,Worker (A rating),Skilled Worker,education
PAPPLEWICK EDUCATIONAL TRUST LIMITED,ASCOT,BERKSHIRE,Temporary Worker (A rating); Worker (A rating),Charity Worker; Skilled Worker,education
Park Avenue Montessori Nursery,Sale,,Worker (A rating),Skilled Worker,education
Park Day Nursery (Reading) Ltd,Reading,Berkshire,Worker (A rating),Skilled Worker,education
Park High School,London,,Worker (A rating),Skilled Worker,education
Park View Academy of Sport Limited,Durham,,Worker (A rating),Skilled Worker,education
Parkgate House School Ltd,London,,Worker (A rating),Skilled Worker,education
Parkwood Hall Co-operative Academy,Swanley,Kent,Worker (A rating),Skilled Worker,education
Parmiter's School,Watford,Herts,Worker (A rating),Skilled Worker,education
Parsons Green Nursery Limited,London,,Worker (A rating),Skilled Worker,education
Parsons House Nursery Limited,London,,Worker (A rating),Skilled Worker,education
Partnership Learning,Dagenham,Essex,Worker (A rating),Skilled Worker,education
PASS 2 GREEN DRIVING SCHOOL LIMITED,Bury,,Worker (A rating),Skilled Worker,education
Passmores Academy,Harlow,Essex,Worker (A rating),Skilled Worker,education
Pathfinder Educational Limited,Manchester,,Worker (A rating),Skilled Worker,education
Pathfinder Multi Academy Trust,YORK,North Yorkshire,Worker (A rating),Skilled Worker,education
Pathway Pilot Training Ltd,Rosyth Europarc,,Worker (A rating),Skilled Worker,education
PATIALA SERVICES LTD T/A HARRY DRIVING SCHOOL,Uxbridge,MIDDLESEX,Worker (A rating),Skilled Worker,education
Paul Davis Fencing Academy Ltd,St Albans,,Worker (A rating),International Sportsperson,education
Peace Home Learning Center Ltd,London,,Worker (A rating),Skilled Worker,education
PEAK CYBER ACADEMY LTD,London,,Worker (A rating),Skilled Worker,education
Peapods Early Learning Centre,London,,Worker (A rating),Skilled Worker,education
Pear Tree Montessori Nursery,Sale,Manchester,Worker (A rating),Skilled Worker,education
PEARL TRAINING AND CONSULTANCY SERVICE LIMITED,London,,Worker (A rating),Skilled Worker,education
Pebble Learning Ltd t/as PebblePad,Telford,Shropshire,Worker (A rating),Skilled Worker,education
Pembroke College,Cambridge,,Temporary Worker (A rating); Worker (A rating),Government Authorised Exchange; Skilled Worker,education
Pembroke Dock Community School,Pembroke Dock,Pembrokeshire,Temporary Worker (A rating),Charity Worker,education
Pennine Alliance Learning Trust,Mytholmroyd,,Worker (A rating),Skilled Worker,education
Pepperdine University,London,,Worker (A rating),Global Business Mobility: Senior or Specialist Worker,education
Perinatal Institute,Birmingham,,Worker (A rating),Skilled Worker,education
PERSIA EDUCATIONAL FOUNDATION,London,,Worker (A rating),Skilled Worker,education
Persona Education Ltd,Bristol,,Worker (A rating),Skilled Worker,education
Perth College,Perth,,Worker (A rating),Skilled Worker,education
Peter Symonds College,Winchester,Hampshire,Worker (A rating),Skilled Worker,education
Phileas Fox Nursery School,LONDON,,Worker (A rating),Skilled Worker,education
PHILIP TRAINING CENTRE LTD,Greenwich,London,Worker (A rating),Skilled Worker,education
Phoenix College LTD,London,,Worker (A rating),Skilled Worker,education
Phoenix Education Centre,Belfast,,Temporary Worker (A rating),Charity Worker,education
PI ACADEMY LTD,London,,Worker (A rating),Skilled Worker,education
Picker Institute Europe,Oxford,,Worker (A rating),Skilled Worker,education
Pimlico Academy,London,,Worker (A rating),Skilled Worker,education
PINDERS SCHOOL WEAR LIMITED,Sheffield,,Worker (A rating),Skilled Worker,education
PINE EDUCATION LTD,London,,Worker (A rating),Skilled Worker,education
Pinner High School,Pinner,Harrow,Worker (A rating),Skilled Worker,education
Pioneer Educational Trust,Slough,Berkshire,Worker (A rating),Skilled Worker,education
Pioneer Tutors Limited,London,,Worker (A rating),Skilled Worker,education
Pipers Corner School,High Wycombe,BUCKS,Worker (A rating),Skilled Worker,education
Pips Nursery Ltd,Saffron Walden,Essex,Worker (A rating),Skilled Worker,education
Pitman Training Group Ltd,Norwich,,Worker (A rating),Skilled Worker,education
Pittville School,Cheltenham,Gloucestershire,Worker (A rating),Skilled Worker,education
Place Education CIC,Liverpool,- select -,Worker (A rating),Skilled Worker,education
PLANET EDUCATION NETWORKS LTD,London,,Worker (A rating),Skilled Worker,education
Platanos College,London,,Worker (A rating),Skilled Worker,education
Play & Learn Nursery and Pre-school,London,,Worker (A rating),Skilled Worker,education
Play and Learn Day Nursery,Barnet,,Worker (A rating),Skilled Worker,education
Playdays Day Nursery & Nursery School Limited,London,,Worker (A rating),Skilled Worker,education
Playhouseday Nursery,Ealing,Middlesex,Worker (A rating),Skilled Worker,education
PLUS Education,London,,Worker (A rating),Skilled Worker,education
Plymouth Education Limited,Plymouth,,Worker (A rating),Skilled Worker,education
PML Education Ltd,Plymouth,,Worker (A rating),Skilled Worker,education
POLLY EDUCATION LIMITED,London,,Worker (A rating),Skilled Worker,education
Polyskill Learning Centre Limited,Ilford,,Worker (A rating),Skilled Worker,education
Pontifical Institute of the Religious Teachers Filippini,Alton,Hampshire,Worker (A rating),Tier 2 Ministers of Religion,education
Poole High School,Poole,Dorset,Worker (A rating),Skilled Worker,education
Popcorn Learning Agency Limited,Burton-On-Trent,Staffordshire,Worker (A rating),Skilled Worker,education
Poppy Hill Church of England Multi Academy Trust,Henlow,Bedfordshire,Worker (A rating),Skilled Worker,education
Portland College,Mansfield,Nottinghamshire,Worker (A rating),Skilled Worker,education
Portobello Pakistani Educational & Cultural Centre (The Madrasah),Edinburgh,,Worker (A rating),Tier 2 Ministers of Religion,education
Portsmouth High School,Southsea,Hampshire,Worker (A rating),Skilled Worker,education
Positive Behaviour Support for Learning CIO,Harrow,,Worker (A rating),Skilled Worker,education
PPL Training Ltd,York,North Yorkshire,Worker (A rating),Skilled Worker,education
Pramukh Kids Montessori,Wembley,,Worker (A rating),Skilled Worker,education
Premier Tuition Ltd,Ilford,,Worker (A rating),Skilled Worker,education
PREMIUM EDUCATION INTERNATIONAL LTD,London,,Worker (A rating),Skilled Worker,education
Prep Schools Trust,Abingdon,Oxon,Temporary Worker (A rating); Worker (A rating),Charity Worker; Skilled Worker,education
Presdales School Academy Trust,Ware,Hertfordshire,Worker (A rating),Skilled Worker,education
Presidency London College Limited,London,,Worker (A rating),Skilled Worker,education
Prestige Nursery Mattresses Ltd,"Vicarage Lane, Hoo St, Werburgh,",Kent,Worker (A rating),Skilled Worker,education
Prestolee Multi Academy Trust,Manchester,,Worker (A rating),Skilled Worker,education
Preston Manor  School,Wembley,Middlesex,Worker (A rating),Skilled Worker,education
Prime Education and Training Ltd t/a Kings Education,Hove,East Sussex,Worker (A rating),Skilled Worker,education
Prime Tuition Services Limited,London,,Worker (A rating),Skilled Worker,education
Prime Tutors Ltd,London,,Worker (A rating),Skilled Worker,education
PRIME UK EDUCATION LTD,London,,Worker (A rating),Skilled Worker,education
Princeton University Press,Oxford,Oxfordshire,Worker (A rating),Skilled Worker; Global Business Mobility: Senior or Specialist Worker,education
Prior Park Educational Trust,Bath,BANES,Worker (A rating),Skilled Worker,education
Prior's Field School Trust Limited,Godalming,,Worker (A rating),Skilled Worker,education
Pro Football Academy Limited,Alderley Edge,Cheshire,Worker (A rating),Skilled Worker,education
Pro Music Tuition Limited,West Midlands,,Worker (A rating),Skilled Worker,education
PROFESSIONAL AESTHETICS ACADEMY LTD,Birmingham,West Midlands,Worker (A rating),Skilled Worker,education
PROFESSIONAL LEARNING AND CONSULTING HUB LIMITED,HARROW,MIDDLESEX,Worker (A rating),Skilled Worker,education
Progress Music Academy,"Birmingham, West Midlands",United Kingdom (GB),Worker (A rating),Skilled Worker,education
Progress Schools Limited,Bootle,,Worker (A rating),Skilled Worker,education
Progressive Education Consultants UK Ltd T/A Mail boxes Etc.,London,,Worker (A rating),Skilled Worker,education
PROPEL LEARNING LTD,LONDON,,Worker (A rating),Skilled Worker,education
Propeller Academy Trust,Wantage,Oxfordshire,Worker (A rating),Skilled Worker,education
ProQuest Information and Learning Limited,Cambridge,,Worker (A rating),Skilled Worker; Global Business Mobility: Senior or Specialist Worker,education
Prospect Education (Technology) Trust,London,,Worker (A rating),Skilled Worker,education
Prospect Training Services (Gloucester LTD),Gloucester,Gloucestershire,Worker (A rating),Skilled Worker,education
Prosperity Institute Limited,London,,Worker (A rating),Skilled Worker,education
Prozone Training Limited,Birmingham,West Midlands,Worker (A rating),Skilled Worker,education
PTP Training Ltd,Walsall,West Midlands,Worker (A rating),Skilled Worker,education
PURE TREE NURSERY LIMITED,London,,Worker (A rating),Skilled Worker,education
PURPLE ACADEMY LIMITED t/aThe Teachers Training,London,,Worker (A rating),Skilled Worker,education
Putney Gymnastics Academy Ltd,Brighton,,Worker (A rating),International Sportsperson,education
Putney High School,London,,Worker (A rating),Skilled Worker,education
Qalam Academy for Excellence Limited,Paisley,,Worker (A rating),Skilled Worker,education
QED EDUCATION GROUP LIMITED,Windsor,Berkshire,Worker (A rating),Skilled Worker,education
QEGS Blackburn Academy Trust,Blackburn,,Worker (A rating),Skilled Worker,education
QNS ACADEMY LONDON LTD,London,,Worker (A rating),Skilled Worker,education
Quadram Institute Bioscience,Norwich,Norfolk,Temporary Worker (A rating); Worker (A rating),Government Authorised Exchange; Skilled Worker,education
Queen Anne's School,Reading,Berkshire,Worker (A rating),Skilled Worker,education
Queen Elizabeth School,Luton,Beds,Worker (A rating),Skilled Worker,education
Queen Elizabeth's School,Barnet,Hertfordshire,Worker (A rating),Skilled Worker,education
Queen Ethelburgas College,York,North Yorkshire,Worker (A rating),Skilled Worker,education
Queen Mary University of London,London,,Worker (A rating); Temporary Worker (A rating),Skilled Worker; Government Authorised Exchange,education
"Queen's College, London",London,,Worker (A rating),Skilled Worker,education
"Queen's College, Taunton",Taunton,Somerset,Temporary Worker (A rating),Charity Worker,education
Queen's Gate School Trust Limited,London,,Worker (A rating),Skilled Worker,education
Queen's University Belfast,Belfast,,Temporary Worker (A rating); Worker (A rating),Government Authorised Exchange; Skilled Worker; Charity Worker,education
Queenbee Nursery Limited,London,,Worker (A rating),Skilled Worker,education
Queens Park Community School Academy Trust,London,,Worker (A rating),Skilled Worker,education
Queens' College,Cambridge,Cambridgeshire,Worker (A rating); Temporary Worker (A rating),Skilled Worker; Government Authorised Exchange,education
Queens' School,Bushey,Hertfordshire,Worker (A rating),Skilled Worker,education
Queensberry Nursery Limited,London,,Worker (A rating),Skilled Worker,education
Queensmead School,Middlesex,,Worker (A rating),Skilled Worker,education
Queenswood School Limited,Hatfield,Herts,Worker (A rating),Skilled Worker,education
Quint Education,London,Edgware,Worker (A rating),Skilled Worker,education
Quodox Training Limited,London,,Worker (A rating),Skilled Worker,education
R S FORKLIFTS TRAINING LIMITED,Birmingham,,Worker (A rating),Skilled Worker,education
R&A EDUCATION LTD,Birmingham,,Worker (A rating),Skilled Worker,education
R. TUTORS LTD,LONDON,,Worker (A rating),Skilled Worker,education
R.H.EDUCATIONAL AND WELFARE TRUST,BIRMINGHAM,,Temporary Worker (A rating),Charity Worker; Religious Worker,education
Rabbsfarm Primary School,West Drayton,,Worker (A rating),Skilled Worker,education
Radish Education UK Ltd,Warwick,,Worker (A rating),Skilled Worker,education
Radley College,Abingdon,Oxon,Worker (A rating),Skilled Worker,education
RAFFET PASHA T/A HIGHTOWN PRE-SCHOOL,LUTON,BEDFORDSHIRE,Worker (A rating),Skilled Worker,education
Rainbow Angels Nurseries & Learning Centres Ltd,Rainham,"Essex, Greater London",Worker (A rating),Skilled Worker,education
RAINBOW DAY NURSERY,MORDEN,LONDON,Worker (A rating),Skilled Worker,education
Rainbow House Nursery Ltd,Wheathampstead,Hertfordshire,Worker (A rating),Skilled Worker,education
Rainbow Nursery Goods Limited,Manchester,,Worker (A rating),Skilled Worker,education
Raindance Film School,London,,Worker (A rating),Skilled Worker,education
Raise Education & Wellbeing Ltd,Bolton,,Worker (A rating),Skilled Worker,education
Ratcliffe College,Leicester,Leicestershire,Worker (A rating),Skilled Worker,education
Ravensbourne University London,London,,Worker (A rating),Skilled Worker,education
RAYNERS COLLEGE LONDON LIMITED,HAYES,,Worker (A rating),Skilled Worker,education
Raza Islamic Educational Cultural Centre Markaz-E-Ahle Sunnat,Birmingham,,Worker (A rating),Skilled Worker,education
Reach Learning Disability,Southwell,Nottinghamshire,Worker (A rating),Skilled Worker,education
Reach South Academy Trust,Plymouth,,Worker (A rating),Skilled Worker,education
REAch2 Academy Trust,Burton Upon Trent,Staffordshire,Worker (A rating),Skilled Worker,education
READ EDUCATION SERVICES,London,,Worker (A rating),Skilled Worker,education
Reading Beauty Training Limited,Reading,Berkshire,Worker (A rating),Skilled Worker,education
Reading School,Reading,,Worker (A rating); Temporary Worker (A rating),Skilled Worker; Charity Worker,education
READY STEADY GO PRE-SCHOOLS LTD,London,,Worker (A rating),Skilled Worker,education
Real Music Academy Ltd,Oldham,,Temporary Worker (A rating),Creative Worker,education
Red Balloon Educational Trust,Cambridge,,Worker (A rating),Skilled Worker,education
Red Kite Learning Trust,Harrogate,North Yorkshire,Worker (A rating),Skilled Worker,education
Redborne Upper School and Community College,Ampthill,Bedfordshire,Worker (A rating),Skilled Worker,education
Redbridge Community School,Southamton,Hampshire,Worker (A rating),Skilled Worker,education
Redford Education International Ltd,Guildford,,Worker (A rating),Skilled Worker,education
Redhill Academy Trust,Arnold,Nottingham,Worker (A rating),Skilled Worker,education
REDOOR EDUCATION LTD,London,,Worker (A rating),Skilled Worker,education
Reed's School,Cobham,Surrey,Temporary Worker (A rating); Worker (A rating),Charity Worker; Skilled Worker,education
Reepham High School and College,Norwich,Norfolk,Worker (A rating),Skilled Worker,education
Refugee Education UK Ltd,Harlesden,London,Worker (A rating),Skilled Worker,education
Regal Technical and Training Solutions ltd,Slough,Berkshire,Worker (A rating),Skilled Worker,education
Regent College,Harrow,Middlesex,Worker (A rating),Skilled Worker,education
Regent Education Services limited,Essex,,Worker (A rating),Skilled Worker,education
Regent's University London Limited,London,,Worker (A rating),Skilled Worker,education
Rehabilitation Education and Community Homes Ltd,Gerrards Cross,Buckinghamshire,Worker (A rating),Skilled Worker,education
Reigate Grammar School,Reigate,Surrey,Worker (A rating),Skilled Worker,education
Renaissance Learning UK Limited,Brentford,,Worker (A rating),Global Business Mobility: Senior or Specialist Worker; Skilled Worker,education
Renaissance Learning UK Ltd,London,,Worker (A rating),Global Business Mobility: Senior or Specialist Worker; Skilled Worker,education
Rendcomb College,Nr Cirencester,Gloucestershire,Temporary Worker (A rating); Worker (A rating),Charity Worker; Skilled Worker,education
Repton School,Derby,Derbyshire,Worker (A rating),Skilled Worker,education
Research Triangle Institute,Greater Manchester,,Worker (A rating),Skilled Worker; Global Business Mobility: Senior or Specialist Worker,education
Resolve Education Ltd,Oldham,Greater Manchester,Worker (A rating),Skilled Worker,education
Responsible Leadership Foundation Limited t/a Forward Institute,London,,Worker (A rating),Skilled Worker,education
Restorative Justice For All International Institute CIC,London,,Worker (A rating),Skilled Worker,education
RESULTS EDUCATION,London,,Worker (A rating),Skilled Worker,education
Rich Success Training Consultancy Ltd,London,,Worker (A rating),Skilled Worker,education
Richard Challoner School,New Malden,Surrey,Worker (A rating),Skilled Worker,education
Richard Hale School,Hertford,Hertfordshire,Worker (A rating),Skilled Worker,education
"Richmond, The American International University in London",London,,Worker (A rating),Skilled Worker,education
Rickmansworth School,Rickmansworth,,Worker (A rating),Skilled Worker,education
Ridgeway Education Trust,Didcot,,Worker (A rating),Skilled Worker,education
Ridgeway Learning Partnership,Tring,Herts,Worker (A rating),Skilled Worker,education
RIKKYO SCHOOL IN ENGLAND,HORSHAM,WEST SUSSEX,Worker (A rating),Skilled Worker; Tier 2 Ministers of Religion,education
Risedale School,Catterick Garrison,North Yorkshire,Worker (A rating),Skilled Worker,education
Risedale Sports and Community College,Catterick Garrison,North Yorkshire,Worker (A rating),Skilled Worker,education
River Learning Trust,Kidlington,,Worker (A rating),Skilled Worker,education
Rivers Multi Academy Trust,Sawbridgeworth,Hertfordshire,Worker (A rating),Skilled Worker,education
Riverside Education Ltd,Birmingham,,Worker (A rating),Skilled Worker,education
Riverside Nursery Ltd,London,,Worker (A rating),Skilled Worker,education
Riverston School,Lee,London,Worker (A rating),Skilled Worker,education
RJ Training Solution Limited,Woking,,Worker (A rating),Skilled Worker,education
RM Education Ltd,Abingdon,Oxfordshire,Worker (A rating),Skilled Worker,education
RN ClearPoint Learning Systems UK Ltd,London,,Worker (A rating),Global Business Mobility: Senior or Specialist Worker; Skilled Worker,education
RNS EDUCATION LIMITED,London,,Worker (A rating),Skilled Worker,education
RNS Education Ltd,London,,Worker (A rating),Skilled Worker,education
Robert Clack School of Science,Dagenham,Essex,Worker (A rating),Skilled Worker,education
Robert Gordon's College,Aberdeen,Aberdeenshire,Temporary Worker (A rating); Worker (A rating),Creative Worker; Skilled Worker,education
Robert May's School,Odiham,Hampshire,Worker (A rating),Skilled Worker,education
Robinson College,Cambridge,,Worker (A rating); Temporary Worker (A rating),Skilled Worker; Government Authorised Exchange,education
Rocks Lane Montessori,London,,Worker (A rating),Skilled Worker,education
Roedean School,Brighton,East Sussex,Worker (A rating),Skilled Worker,education
Roehampton University,London,,Worker (A rating); Temporary Worker (A rating),Skilled Worker; Government Authorised Exchange,education
Rose Bruford College,Kent,,Temporary Worker (A rating); Worker (A rating),Creative Worker; Skilled Worker,education
Rosemount Pre School Nursery Limited,London,,Worker (A rating),Skilled Worker,education
Rossall School,Fleetwood,Lancashire,Worker (A rating),Skilled Worker,education
Roxinford Education Group Ltd,Harrow,,Worker (A rating),Skilled Worker,education
Royal Academy of Dance,London,,Temporary Worker (A rating); Worker (A rating),Creative Worker; Skilled Worker; Global Business Mobility: Senior or Specialist Worker,education
Royal Academy of Dramatic Art,London,,Temporary Worker (A rating); Worker (A rating),Creative Worker; Skilled Worker,education
Royal Academy of Engineering,London,,Worker (A rating),Skilled Worker,education
Royal Academy of Music,London,,Temporary Worker (A rating); Worker (A rating),Government Authorised Exchange; Creative Worker; Skilled Worker,education
Royal Agricultural University,Cirencester,Gloucestershire,Worker (A rating),Skilled Worker,education
Royal Alexandra & Albert School,REIGATE,,Worker (A rating),Skilled Worker,education
Royal College of Art,London,,Worker (A rating); Temporary Worker (A rating),Skilled Worker; Government Authorised Exchange,education
Royal College of Music,London,,Temporary Worker (A rating); Worker (A rating),Creative Worker; Skilled Worker,education
Royal College of Obstetricians & Gynaecologists,London,,Worker (A rating),Skilled Worker,education
Royal College of Surgeons of England,London,,Temporary Worker (A rating); Worker (A rating),Government Authorised Exchange; Skilled Worker,education
Royal Grammar School Guildford,Guildford,Surrey,Worker (A rating); Temporary Worker (A rating),Skilled Worker; Charity Worker,education
Royal Grammar School High Wycombe,High Wycombe,Buckinghamshire,Worker (A rating),Skilled Worker,education
Royal Holloway and Bedford New College,Egham,Surrey,Temporary Worker (A rating); Worker (A rating),Creative Worker; Skilled Worker; Government Authorised Exchange,education
Royal Institute of Chartered Surveyors,London,,Worker (A rating),Skilled Worker,education
Royal Northern College of Music,Manchester,,Temporary Worker (A rating); Worker (A rating),Creative Worker; Skilled Worker,education
Royal Russell School,Croydon,Surrey,Worker (A rating),Skilled Worker,education
Royal School for the Deaf Derby,Derby,Derby,Worker (A rating),Skilled Worker,education
Royal School of Needlework,East Molesey,Surrey,Temporary Worker (A rating),Charity Worker,education
Royal Scottish Academy of Art and Architecture,Edinburgh,Midlothian,Worker (A rating),Skilled Worker,education
Royal Wharf Aesthetics & Academy Ltd,London,,Worker (A rating),Skilled Worker,education
Royale Business College,Birmingham,West Midlands,Worker (A rating),Skilled Worker,education
Rozey Days Montessori Ltd,Bristol,,Worker (A rating),Skilled Worker,education
RS EDUCATION LIMITED,London,,Worker (A rating),Skilled Worker,education
RS&A Education and Consultancy LTD,St Helens,,Worker (A rating),Skilled Worker,education
Rugby School,Rugby,Warwickshire,Temporary Worker (A rating); Worker (A rating),Charity Worker; Skilled Worker,education
Ruislip High School,Middlesex,,Worker (A rating),Skilled Worker,education
Rushden Academy,Rushden,,Worker (A rating),Skilled Worker,education
Rushey Green Nursery Limited,London,,Worker (A rating),Skilled Worker,education
Russbridge Academy Ltd,Rainham,Essex,Worker (A rating),Skilled Worker,education
Rutledge Training Ltd,Coleraine,Londonderry,Worker (A rating),Skilled Worker,education
Ryde School with Upper Chine,Ryde,Isle of Wight,Temporary Worker (A rating); Worker (A rating),Charity Worker; Skilled Worker,education
Rye garden day nursery,London,london,Worker (A rating),Skilled Worker,education
S P Jain London School of Management Limited,London,,Worker (A rating),Skilled Worker; Global Business Mobility: Senior or Specialist Worker,education
S9 Training Solutions Ltd,Ilford,LONDON,Worker (A rating),Skilled Worker,education
SACOMA FOODS AND GLOBAL BUSINESS INNOVATION & LEADERSHIP TRAINING (SACOMA- GLOBAL ) LIMITED,Romford,ESSEX,Worker (A rating),Skilled Worker,education
SACRED HEART HIGH SCHOOL HAMMERSMITH,London,,Worker (A rating),Skilled Worker,education
SADIQIYYAH EDUCATION LTD,London,England,Worker (A rating),Skilled Worker,education
Safe Haven Training Ltd,Cannock,Staffordshire,Worker (A rating),Skilled Worker,education
SAHAN PRESCHOOL DAY NURSERY LIMITED,London,,Worker (A rating),Skilled Worker,education
SAHBA ACADEMY LTD,Manchester,,Temporary Worker (A rating),Creative Worker,education
Sai Academy limited,London,Essex,Worker (A rating),Skilled Worker,education
SAI Aerospace Training Limited,Prestwick,,Worker (A rating),Skilled Worker,education
Saint John Southworth Catholic Academy Trust,London,,Worker (A rating),Skilled Worker,education
Saint John's School Foundation,Leatherhead,Surrey,Worker (A rating),Skilled Worker,education
Saint Pius X Catholic High School,Rotherham,,Worker (A rating),Skilled Worker,education
Saint Ronan's School (Hawkhurst),Hawkhurst,Kent,Worker (A rating),Skilled Worker,education
Saint Thomas Catholic Academies Trust,Luton,UNITED KINGDOM,Worker (A rating),Skilled Worker,education
Salesian College Farnborough Limited,Farnborough,Hampshire,Worker (A rating),Skilled Worker,education
Salford City College Group,Salford,,Worker (A rating),Skilled Worker,education
Salford Training Academy Ltd,Manchester,,Worker (A rating),Skilled Worker,education
Salisbury Cathedral School,Salisbury,Wiltshire,Temporary Worker (A rating),Charity Worker,education
Salterns Academy Trust,Portsmouth,Hampshire,Worker (A rating),Skilled Worker,education
Salvatorian College,Harrow,London,Worker (A rating),Skilled Worker,education
Sam's Old School Barber Ltd,Bicester,Oxfordshire,Worker (A rating),Skilled Worker,education
Samphire Star Education Trust,Dover,Kent,Worker (A rating),Skilled Worker,education
Samsung Electronics Research & Development Institute UK,Staines,Middlesex,Worker (A rating),Global Business Mobility: Senior or Specialist Worker; Skilled Worker,education
SAMZ AUTOMATIC DRIVING SCHOOL EDINBURGH LTD,"Broxburn, Scotland,",,Worker (A rating),Skilled Worker,education
Sancta Familia Catholic Academy Trust,London,,Worker (A rating),Skilled Worker,education
Sandbach School,Sandbach,Cheshire,Worker (A rating),Skilled Worker,education
Sanders School,Hornchurch,London Borough Havering,Worker (A rating),Skilled Worker,education
Sandroyd School,Salisbury,Wiltshire,Worker (A rating); Temporary Worker (A rating),Skilled Worker; Charity Worker,education
SANDWELL VALLEY SCHOOL LIMITED,West Bromwich,,Worker (A rating),Skilled Worker,education
Sandwich Technology School,Sandwich,Kent,Worker (A rating),Skilled Worker,education
Sanrizz Academy Limited,Potters Bar,Herefordshire,Worker (A rating),Skilled Worker,education
Sans Training UK - Limited,London,,Worker (A rating),Global Business Mobility: Senior or Specialist Worker; Skilled Worker,education
Sapientia Education Trust,Wymondham,Norfolk,Worker (A rating),Skilled Worker,education
Saracens Multi-Academy Trust,London,,Worker (A rating),Skilled Worker,education
Sarum Hall School Trust Ltd,London,,Worker (A rating),Skilled Worker,education
Saxon Academy of Learning Limited,Ilford,,Worker (A rating),Skilled Worker,education
SBA Training Academy,Manchester,Lancashire,Worker (A rating),Skilled Worker,education
ScaleUp Institute,London,,Worker (A rating),Skilled Worker,education
Scarborough College,Scarborough,North Yorkshire,Worker (A rating),Skilled Worker,education
Scholars' Education Trust Central Team,St Albans,Hertfordshire,Worker (A rating),Skilled Worker,education
School Channel Ltd,Bath,,Worker (A rating),Skilled Worker,education
School for CEOs Ltd,Glasgow,,Worker (A rating),Skilled Worker,education
School Improvement Liverpool Limited,Liverpool,,Worker (A rating),Skilled Worker,education
School of Business and Management Ltd,London,,Worker (A rating),Skilled Worker,education
School of Business and Technology London Limited,London,England,Worker (A rating),Skilled Worker,education
School of Coding Limited,Wolverhampton,West Midlands,Worker (A rating),Skilled Worker,education
School of Hard Knocks,London,,Worker (A rating),Skilled Worker,education
School of Oriental and African Studies,London,,Temporary Worker (A rating); Worker (A rating),Creative Worker; Government Authorised Exchange; Skilled Worker,education
School of Sign Language Limited,Blackburn,Lancashire,Worker (A rating),Skilled Worker,education
School Of Sufi Teaching,London,,Worker (A rating),Skilled Worker,education
School of Wok Ltd,London,,Worker (A rating),Skilled Worker,education
School Run Ltd,london,,Worker (A rating),Skilled Worker,education
School Sisters of Notre Dame CIO,Liverpool,,Temporary Worker (A rating); Worker (A rating),Religious Worker; Tier 2 Ministers of Religion,education
SCHOOL STREET MINI MARKET LIMITED,BACUP,LANCASHIRE,Worker (A rating),Skilled Worker,education
School-Home Support Service (UK),London,,Worker (A rating),Skilled Worker,education
Schoola Limited,Sutton,Surrey,Worker (A rating),Global Business Mobility: Senior or Specialist Worker; Skilled Worker,education
Schoolblazer Limited,Oundle,Northamptonshire,Worker (A rating),Skilled Worker,education
Schoolgate Accounting Services Limited,Wimbeldon,,Worker (B rating),Skilled Worker,education
Schools Counselling Partnership Ltd,London,GB,Worker (A rating),Skilled Worker,education
SCHOOLS OF KING EDWARD VI IN BIRMINGHAM,BIRMINGHAM,,Worker (A rating),Skilled Worker,education
Scientific Education Support (SES) Ltd,London,,Worker (A rating),Skilled Worker,education
Scotland's Rural College,Edinburgh,,Worker (A rating),Skilled Worker,education
Scribbles Early Learning Centre Ltd,South Harrow,Middlesex,Worker (A rating),Skilled Worker,education
Seahorse Nursery,London,,Worker (A rating),Skilled Worker,education
SEARCH EducationTrust,London,,Worker (A rating),Skilled Worker,education
Secure Schools Ltd,Newmarket,Suffolk,Worker (A rating),Skilled Worker,education
SECUREWAY TRAINING LTD,Birmingham,,Worker (A rating),Skilled Worker,education
SED.Group Ltd. (Serenity Education Group Ltd.),Eltham,Select...,Worker (A rating),Skilled Worker,education
Sedbergh School,Sedbergh,Cumbria,Worker (A rating); Temporary Worker (A rating),Skilled Worker; Creative Worker,education
See-Ability Ltd t/aThe Royal School For The Bllind,Leatherhead,Please select...,Worker (A rating),Skilled Worker,education
Seed Mentors Entrepreneurs Academy Consortium Ltd,Lanark,Clydesdale,Worker (A rating),Skilled Worker,education
Seedlings Day Nursery Limited,London,,Worker (A rating),Skilled Worker,education
Selectia Education Ltd,London,,Worker (A rating),Skilled Worker,education
SELIM TRADERS (UK) LTD T/A Unique Learning Advisor,LONDON,,Worker (A rating),Skilled Worker,education
Selwyn College,Cambridge,,Temporary Worker (A rating); Worker (A rating),Government Authorised Exchange; Skilled Worker,education
SEM EDUCATION CONSULTANCY LTD,Birkenhead,,Worker (A rating),Skilled Worker,education
Seneca Learning Ltd,London,,Worker (A rating),Skilled Worker,education
Serenity Education Group,Eltham,London,Worker (A rating),Skilled Worker,education
SERTSARI PRIVATE TRAINING STUDIO LTD,Richmond,,Worker (A rating),Skilled Worker,education
Sevenoaks School,Sevenoaks,Kent,Temporary Worker (A rating); Worker (A rating),Charity Worker; Skilled Worker,education
Sexey's School,Bruton,Somerset,Worker (A rating),Skilled Worker,education
SFS CONSULTANCY AND EDUCATION LIMITED,London,,Worker (A rating),Skilled Worker,education
Shah investments holding ltd T/A Subway Bradford University Store,Bradford,,Worker (A rating),Skilled Worker,education
Shah Jalal Latifia Madrasha and Islamic School,Birmingham,,Worker (A rating),Tier 2 Ministers of Religion; Skilled Worker,education
SHAHFORAN MOSQUE AND ISLAMIC EDUCATION CENTRE TRUST,MANCHESTER,,Temporary Worker (A rating); Worker (A rating),Charity Worker; Skilled Worker,education
Shapes Day Nursery,Epsom,Surrey,Worker (A rating),Skilled Worker,education
SHARE Multi Academy Trust,Shelley,Huddersfield,Worker (A rating),Skilled Worker,education
Shaw Education Trust,Kidsgrove,,Worker (A rating),Skilled Worker,education
Sheffield Hallam University,Sheffield,South Yorkshire,Worker (A rating); Temporary Worker (A rating),Skilled Worker; Government Authorised Exchange,education
Sheiling School Thornbury,Bristol,,Temporary Worker (A rating); Worker (A rating),Charity Worker; Skilled Worker,education
Shenfield High School,Brentwood,,Worker (A rating),Skilled Worker,education
SHEPHERD BUSH TUTORS,Broxbourne,Hertfordshire,Worker (A rating),Skilled Worker,education
Sherborne Area Schools' Trust,Sherborne,Dorset,Worker (A rating),Skilled Worker,education
Sherborne Preparatory School,Sherborne,Dorset,Temporary Worker (A rating),Charity Worker,education
Sherborne School,Sherborne,Dorset,Temporary Worker (A rating); Worker (A rating),Charity Worker; Skilled Worker,education
Sherborne School For Girls,Sherborne,Dorset,Temporary Worker (A rating); Worker (A rating),Charity Worker; Skilled Worker,education
Sherfield School Limited,Sherfield-on-Loddon,Hampshire,Worker (A rating),Skilled Worker,education
SHINE TUTOR,Coventry,,Worker (A rating),Skilled Worker,education
SHINING STARS (LONDON) LIMITED trading as Champs Learning,Hounslow,MIddlesex,Worker (A rating),Skilled Worker,education
Shining Stars Day Nursery Limited,London,,Worker (A rating),Skilled Worker,education
Shipston High School,Shipston on Stour,warwickshire,Worker (A rating),Skilled Worker,education
Shireland Collegiate Academy Trust,Smethwick,West Midands,Worker (A rating),Skilled Worker,education
Shoeburyness High School,Southend-on-Sea,Essex,Worker (A rating),Skilled Worker,education
Shooters Hill Sixth Form College,London,,Worker (A rating),Skilled Worker,education
Shrewsbury House School Trust Limited,Surbiton,Surrey,Worker (A rating),Skilled Worker,education
Shrewsbury School,Shrewsbury,Shropshire,Worker (A rating),Skilled Worker,education
SHURAA EDUCATION AND CONSULTANCY LIMITED,Wembley,,Worker (A rating),Skilled Worker,education
Sidcot School,Winscombe,,Worker (A rating),Skilled Worker,education
Sidney Stringer Multi Academy Trust,Coventry,West Midlands,Worker (A rating),Skilled Worker,education
Sidney Sussex College,Cambridge,Cambridgeshire,Temporary Worker (A rating); Worker (A rating),Government Authorised Exchange; Skilled Worker,education
Sikh Academies Trust,Slough,,Worker (A rating),Skilled Worker,education
Silverstone Academy Trust,Silverstone,Northamptonshire,Worker (A rating),Skilled Worker,education
Sinai Jewish Primary School,Kenton,,Worker (A rating),Skilled Worker,education
Sir George Monoux College,London,,Worker (A rating),Skilled Worker,education
Sir Henry Floyd Grammar School,Aylesbury,Bucks,Worker (A rating),Skilled Worker,education
Sir John Hunt Community Sports College,Plymouth,,Worker (A rating),Skilled Worker,education
SISHIRE EDUCATION CONSULTANCY LTD,London,,Worker (A rating),Skilled Worker,education
SJV Group T/A Happy Journeys Day Nursery,London,Middlesex,Worker (A rating),Skilled Worker,education
SK SPORTS AND EDUCATION LIMITED,HULL,,Worker (A rating),Skilled Worker,education
SKILLS 4 EDUCATION LTD,ROMFORD,Essex,Worker (A rating),Skilled Worker,education
Skills and Education Group,Nottingham,,Worker (A rating),Skilled Worker,education
Skills and Education Ltd,Ilford,Essex,Worker (A rating),Skilled Worker,education
Skills Growth Academy Ltd,London,,Worker (A rating),Skilled Worker,education
Skills Max Academy Limited,London,,Worker (A rating),Skilled Worker,education
SKILLVIA ACADEMY LIMITED,Portsmouth,,Worker (A rating),Skilled Worker,education
Skinners' Academies Trust,London,,Worker (A rating),Skilled Worker,education
Skolar Education UK Limited,Newcastle Upon Tyne,,Worker (A rating),Skilled Worker,education
SKOLAZ EDUCATIONAL SERVICES LTD,Birmingham,,Worker (A rating),Skilled Worker,education
Sky-High Tuition Ltd,Manchester,,Worker (A rating),Skilled Worker,education
Skydeck Learning Limited,Ilford,,Worker (A rating),Skilled Worker,education
Slough and East Berkshire C of E Multi Academy Trust,Slough,Berkshire,Worker (A rating),Skilled Worker,education
Small is Beautiful Ltd TA Teepee Day Nursery,Bracknell,,Worker (A rating),Skilled Worker,education
Small World Nursery Ltd,Kennington,Oxford,Temporary Worker (A rating); Worker (A rating),Charity Worker; Skilled Worker,education
SMALL WORLD NURSERY(WATFORD) CIC,WATFORD,,Worker (A rating),Skilled Worker,education
Smart Education Wales,Bridgend,,Worker (A rating),Skilled Worker,education
Smart Move Education Group Limited,London,,Worker (A rating),Skilled Worker,education
SMART TUTORS LONDON LTD,England,,Worker (A rating),Skilled Worker,education
SMARTPATH EDUCATION TECHNOLOGY LTD,London,,Worker (A rating),Skilled Worker,education
Smartstarts Day Nursery,Manor Park,London,Worker (A rating),Skilled Worker,education
Snowflake School,London,,Worker (A rating),Skilled Worker,education
SNOWFLAKES MONTESSORI LIMITED,SOUTHALL,,Worker (A rating),Skilled Worker,education
SOLAIRE TRAINING & CONSULTANCY LTD,Waltham Cross,,Worker (A rating),Skilled Worker,education
Solar Options for Schools Ltd,Halstead,Essex,Worker (A rating),Global Business Mobility: Senior or Specialist Worker; Skilled Worker,education
Solent Academies Trust,Portsmouth,,Worker (A rating),Skilled Worker,education
Solent University Limited,Southampton,Hampshire,Worker (A rating),Skilled Worker,education
Solihull Alternative Provision Multi Academy Trust,Shirley,"Solihull, West Midlands",Worker (A rating),Skilled Worker,education
Solihull College & University Centre,Solihull,West Midlands,Worker (A rating),Skilled Worker,education
Solihull School,Solihull,West Midlands,Worker (A rating),Skilled Worker,education
Sommerville Day Nursery Limited,London,,Worker (A rating),Skilled Worker,education
Sonic Academy Limited,Bangor,Down,Worker (A rating),Skilled Worker,education
SORE FINGERS SUMMER SCHOOLS,FROME,SOMERSET,Temporary Worker (A rating),Creative Worker,education
South and City College Birmingham,Birmingham,West Midlands,Worker (A rating),Skilled Worker,education
South Bank Academies,London,,Worker (A rating),Skilled Worker,education
South East Cornwall Multi Academy Regional Trust (SMART),LISKEARD,Cornwall,Worker (A rating),Skilled Worker,education
South East Essex Academy Trust,Westcliff on Sea,Essex,Worker (A rating),Skilled Worker,education
South East London Catholic Academy Trust,Croydon,,Worker (A rating),Skilled Worker,education
South East Surrey Schools Education Trust,Dorking,Surrey,Worker (A rating),Skilled Worker,education
South Eastern Regional College,Ballynahinch,Down,Worker (A rating),Skilled Worker,education
South Essex College of Further & Higher Education,Southend On Sea,Essex,Worker (A rating),Skilled Worker,education
South Farnham Educational Trust,Farnham,Surrey,Worker (A rating),Skilled Worker,education
South Gloucestershire and Stroud Academy Trust,Stroud,Gloucestershire,Worker (A rating),Skilled Worker,education
South Gloucestershire and Stroud College,Stroud,,Worker (A rating),Skilled Worker; International Sportsperson,education
South Hampshire College Group,Fareham,Hampshire,Worker (A rating),Skilled Worker,education
South Hampstead High School,London,,Worker (A rating),Skilled Worker,education
South Lanarkshire College,East Kilbride,,Worker (A rating),Skilled Worker,education
South London Learning Centre,Ilford,,Worker (A rating),Skilled Worker,education
South Molton Co-operative Learning Trust,South Molton,Devon,Worker (A rating),Skilled Worker,education
South Wales Education Centre Limited,Cardiff,,Worker (A rating),Skilled Worker,education
South West Essex Community Education Trust Limited,Grays,Essex,Worker (A rating),Skilled Worker,education
South York Multi-Academy Trust,YORK,,Worker (A rating),Skilled Worker,education
Southampton Engineering Training Association Limited (The),Southampton,,Worker (A rating),Skilled Worker,education
Southbourne School of English,Bournemouth,,Worker (A rating),Skilled Worker,education
Southend High School for Girls Academy Trust,Southend-on-Sea,Essex,Worker (A rating),Skilled Worker,education
Southover Day Nursery Ltd,London,,Worker (A rating),Skilled Worker,education
Southwark After-School Club Ltd,Romford,,Worker (A rating),Skilled Worker,education
Spa Education Trust,London,,Worker (A rating),Skilled Worker,education
Spanish Education Office,London,,Worker (A rating),Skilled Worker,education
Spark Learning Limited,Rugby,England,Worker (A rating),Skilled Worker,education
Sparsholt College Hampshire,Winchester,Hants,Worker (A rating),Skilled Worker,education
Specialist Learning Trust,West Wickham,Kent,Worker (A rating),Skilled Worker,education
SPECTACULARKIDZ DAY NURSERY LTD,Barking,GB,Worker (A rating),Skilled Worker,education
Splash Day Nursery Limited,London,,Worker (A rating),Skilled Worker,education
SPORTS EDUCATION ACADEMY LTD,London,,Worker (A rating),Skilled Worker,education
Sports Heroes Limited t/a Education 1st,Bristol,,Worker (A rating),Skilled Worker,education
Springboard Nursery,Anlaby,East Yorkshire,Worker (A rating),Skilled Worker,education
Sri Guru Gobind Singh Gurdwara Educational & Cultural Centre,Manchester,,Worker (A rating); Temporary Worker (A rating),Tier 2 Ministers of Religion; Religious Worker,education
SS Ram Ltd T/A Muddy Puddles Nursery,Harrow,,Worker (A rating),Skilled Worker,education
St Albans School,St Albans,Hertfordshire,Worker (A rating),Skilled Worker,education
St Aloysius' College,Glasgow,,Worker (A rating),Skilled Worker,education
St Andrew the Apostle School,London,Barnet,Worker (A rating),Skilled Worker,education
St Andrew's Catholic Primary School,London,Streatham,Worker (A rating),Skilled Worker,education
St Angela's Ursuline School,London,,Worker (A rating),Skilled Worker,education
St Anne's Catholic High School for Girls,London,,Worker (A rating),Skilled Worker,education
St Anne's Catholic Primary School,Reading,Berkshire,Worker (A rating),Skilled Worker,education
St Anne's Catholic School,Southampton,Hampshire,Worker (A rating),Skilled Worker,education
St Augustine's Priory School,Ealing,London,Worker (A rating),Skilled Worker,education
St Bartholomew's School,Newbury,Berks,Worker (A rating),Skilled Worker,education
St Bede's Inter-Church School,Cambridge,Cambs,Worker (A rating),Skilled Worker,education
St Bede's School,Redhill,Surrey,Worker (A rating),Skilled Worker,education
St Bede's School Trust Sussex,Hailsham,East Sussex,Temporary Worker (A rating); Worker (A rating),Charity Worker; Skilled Worker,education
St Bees School Management Company Limited,St Bees,,Worker (A rating),Skilled Worker,education
St Benedict Catholic Academy Trust,Croydon,Greater London,Worker (A rating),Skilled Worker,education
St Benedict's Catholic College,Colchester,Essex,Worker (A rating),Skilled Worker,education
St Benedict's School Ealing,Ealing,London,Worker (A rating),Skilled Worker,education
St Bernard's Catholic Grammar School,Slough,Berkshire,Worker (A rating),Skilled Worker,education
St Bernard's Catholic High School,Rotherham,,Worker (A rating),Skilled Worker,education
St Birinus School,Didcot,Oxfordshire,Worker (A rating),Skilled Worker,education
St Bonaventure's School,London,,Worker (A rating),Skilled Worker,education
St Brendans Sixth Form College,Bristol,,Worker (A rating),Tier 2 Ministers of Religion,education
St Catharine's College,Cambridge,,Temporary Worker (A rating); Worker (A rating),Government Authorised Exchange; Skilled Worker,education
St Catherine's School,Guildford,Surrey,Temporary Worker (A rating); Worker (A rating),Charity Worker; Skilled Worker,education
St Cecilia's Catholic Primary School,Sutton,,Worker (A rating),Skilled Worker,education
St Charles Catholic Sixth Form College,London,,Worker (A rating),Skilled Worker,education
St Christopher School,Letchworth Garden City,Hertfordshire,Worker (A rating),Skilled Worker,education
St Christopher's School (Hampstead) Ltd,London,,Worker (A rating),Skilled Worker,education
St Clare Catholic Multi Academy Trust,Sheffield,South Yorkshire,Worker (A rating),Skilled Worker,education
St Columba's College,St Albans,Hertfordshire,Worker (A rating),Tier 2 Ministers of Religion; Skilled Worker,education
St Cyprian's Greek Orthodox Primary Academy,Thornton Heath,Surrey,Worker (A rating),Skilled Worker,education
St Davids International Education Limited,London,,Worker (A rating),Skilled Worker,education
St Dominic's Sixth Form College,Harrow-on-the-Hill,Middlesex,Temporary Worker (A rating); Worker (A rating),Religious Worker; Skilled Worker,education
St Dunstan's Cheam Cof E Primary School,Sutton,,Worker (A rating),Skilled Worker,education
St Dunstan's Education Group,London,,Worker (A rating),Skilled Worker,education
St Edmund's Catholic Primary School,London,,Worker (A rating),Skilled Worker,education
St Edmund's College,Ware,Hertfordshire,Worker (A rating),Skilled Worker,education
St Edmund's School Canterbury,Canterbury,Kent,Worker (A rating),Skilled Worker,education
St Edward's School,Oxford,Oxfordshire,Worker (A rating); Temporary Worker (A rating),Skilled Worker; Creative Worker,education
St George's School Ascot Trust Limited,Ascot,Berkshire,Worker (A rating),Skilled Worker,education
St Georges Nursery,Leicester,Leicestershire,Worker (A rating),Skilled Worker,education
St Giles Schools of Languages Limited,London,,Worker (A rating),Skilled Worker,education
St Helen's School,London,,Worker (A rating),Skilled Worker,education
St Ignatius College,Enfield,,Worker (A rating),Skilled Worker,education
St James' Catholic High School,London,,Worker (A rating),Skilled Worker,education
St John Fisher Catholic Comprehensive School,Rochester,,Worker (A rating),Skilled Worker,education
St John Henry Newman Catholic School,CARLISLE,Cumbria,Worker (A rating),Skilled Worker,education
St John Vianney School,Manchester,Lancashire,Worker (A rating),Skilled Worker,education
St John Wall Catholic School,Birmingham,West Midlands,Worker (A rating),Skilled Worker,education
St John's Catholic Comprehensive School,Gravesend,Kent,Worker (A rating),Skilled Worker,education
"St John's College, Cambridge",Cambridge,Cambridgeshire,Temporary Worker (A rating); Worker (A rating),Creative Worker; Government Authorised Exchange; Skilled Worker,education
St John's International School,Sidmouth,East Devon,Worker (A rating),Skilled Worker,education
St Johns College,Durham,,Worker (A rating),Skilled Worker,education
St Joseph's Catholic Primary School,London,,Worker (A rating),Skilled Worker,education
St Joseph's College,Ipswich,Suffolk,Worker (A rating),Skilled Worker,education
St Joseph's College Reading,Reading,Berkshire,Worker (A rating),Skilled Worker,education
St Joseph's RC Primary School,Manchester,Greater Manchester,Worker (A rating),Skilled Worker,education
St Laurence Education Trust (Ampleforth College),York,,Worker (A rating),Skilled Worker,education
St Luke's School,St Albans,,Worker (A rating),Skilled Worker,education
St Margaret's School,Bushey,Hertfordshire,Worker (A rating); Temporary Worker (A rating),Skilled Worker; Charity Worker,education
St Margaret's School Hampstead,London,London,Worker (A rating),Skilled Worker,education
St Margarets Nursery Limited,Edinburgh,Scotland,Worker (A rating),Skilled Worker,education
St Mark's West Essex Catholic School,Harlow,Essex,Worker (A rating),Skilled Worker,education
St Martins in the Fields High School For Girls,Lambeth,,Worker (A rating),Skilled Worker,education
St Mary Redcliffe and Temple School,Bristol,South west,Worker (A rating),Skilled Worker,education
St Mary's Catholic Primary School,Isleworth,Middlesex,Worker (A rating),Skilled Worker,education
St Mary's Catholic School,Chiswick,Greater London,Worker (A rating),Skilled Worker,education
St Mary's CE Academy Cheshunt,Cheshunt,Hertfordshire,Worker (A rating),Skilled Worker,education
St Mary's Educational Academy Ltd,Peterborough,,Worker (A rating),Skilled Worker,education
St Mary's School,Calne,Wiltshire,Temporary Worker (A rating); Worker (A rating),Charity Worker; Skilled Worker,education
St Mary's School Ascot,Ascot,Berkshire,Temporary Worker (A rating); Worker (A rating),Charity Worker; Skilled Worker,education
"St Mary's School, Hampstead",Hampstead,London,Worker (A rating),Skilled Worker,education
St Mary's University,Twickeham,Middlesex,Temporary Worker (A rating); Worker (A rating),Government Authorised Exchange; Skilled Worker,education
ST MARYLEBONE SCHOOL,LONDON,WESTMINSTER,Worker (A rating),Skilled Worker,education
St Marys Catholic Primary School,London,England,Worker (A rating),Skilled Worker,education
St Matthew's Primary School,Luton,Bedfordshire,Worker (A rating),Skilled Worker,education
St Matthew's RC High School,Manchester,Greater Mancheseter,Worker (A rating),Skilled Worker,education
St Matthews Catholic Primary School,Liverpool,Merseyside,Worker (A rating),Skilled Worker,education
St Mellitus College Trust,London,,Worker (A rating),Skilled Worker,education
ST NICHOLAS' SCHOOL,Fleet,Hampshire,Worker (A rating),Skilled Worker,education
St Olave's and St Saviour's Schools Foundation CIO,Orpington,Kent,Worker (A rating),Skilled Worker,education
St Olave's Prep School,London,New Eltham,Worker (A rating),Skilled Worker,education
St Paul's Academy,London,,Worker (A rating),Skilled Worker,education
"St Paul's C of E Primary School, Kingston Hill",Kingston Upon Thames,Surrey,Worker (A rating),Skilled Worker,education
St Paul's School,London,,Worker (A rating),Skilled Worker,education
St Peter's Catholic Voluntary Academy Trust,Bournemouth,Dorset,Worker (A rating),Skilled Worker,education
St Peter's High School & Sixth Form Centre,Gloucester,Gloucestershire,Worker (A rating),Skilled Worker,education
St Peters School,York,North Yorkshire,Worker (A rating); Temporary Worker (A rating),Skilled Worker; Charity Worker,education
St Philomena's Catholic High School for Girls,Carshalton,Surrey,Worker (A rating),Skilled Worker,education
St Ralph Sherwin Catholic Multi Academy Trust,Derby,East Midlands and Humber,Worker (A rating),Skilled Worker,education
St Saviour's & St Olave's Church of England School,London,,Worker (A rating),Skilled Worker,education
St Swithun's School,Winchester,Hampshire,Worker (A rating),Skilled Worker,education
St Teresa of Calcutta Catholic Academy Trust,Bury,Greater Manchester,Worker (A rating),Skilled Worker,education
St Vincent's Catholic Primary School,London,,Worker (A rating),Skilled Worker,education
St. Andrews C Of E Primary School,LONDON,,Worker (A rating),Skilled Worker,education
St. Annes School Sixth Form College and residence,Hessle,East Riding of Yorkshire,Worker (A rating),Skilled Worker,education
St. Cloud State University,Alnwick,Northumberland,Worker (A rating),Global Business Mobility: Senior or Specialist Worker,education
St. Columb's School of Music Ltd.,Londonderry,Londonderry,Temporary Worker (A rating),Creative Worker,education
St. Edmund's School Trust Ltd,Hindhead,Surrey,Worker (A rating),Skilled Worker,education
St. Edward's R.C. Primary School,London,,Worker (A rating),Skilled Worker,education
St. Edwards C of E Primary School,Romford,Essex,Worker (A rating),Skilled Worker,education
St. Hugh's Catholic Primary School,Liverpool,Merseyside,Worker (A rating),Skilled Worker,education
St. John Bosco College,Battersea,London,Worker (A rating),Skilled Worker,education
St. John's Preparatory & Senior School Ltd,Potters Bar,Hertfordshire,Worker (A rating),Skilled Worker,education
St. Joseph's College,London,,Worker (A rating),Skilled Worker,education
St. Joseph's RC High School,Newport,,Worker (A rating),Skilled Worker,education
St. Lawrence University (USA) London Programme,London,,Worker (A rating),Skilled Worker,education
ST. MARTIN'S (NORTHWOOD) PREPARATORY SCHOOL TRUST LIMITED,Northwood,Middx,Worker (A rating),Skilled Worker,education
St. Mary of the Angels Catholic Primary School,London,,Worker (A rating),Skilled Worker,education
St. Mary's Catholic High School,Croydon,,Worker (A rating),Skilled Worker,education
St. Michael's Catholic Grammar School,London,,Worker (A rating),Skilled Worker,education
St. Paul's Catholic School,Milton Keynes,,Worker (A rating),Skilled Worker,education
ST. UNIVERSE TUTORS LIMITED,London,,Worker (A rating),Skilled Worker,education
St. Vincents Nursery Ltd,Pinner,Middlesex,Worker (A rating),Skilled Worker,education
Stanborough School,Welwyn Garden City,Herts,Worker (A rating),Skilled Worker,education
STANFORD EDUCATION & CULTURAL ASSOCIATION,STANFORD-LE-HOPE,ESSEX,Worker (A rating),Tier 2 Ministers of Religion,education
Stanmore College,Stanmore,Middlesex,Worker (A rating),Skilled Worker,education
Stantonbury School,Milton Keynes,,Worker (A rating),Skilled Worker,education
Star Academies,Blackburn,Lancashire,Worker (A rating),Skilled Worker,education
Star Bright Day Nursery limited,London,,Worker (A rating),Skilled Worker,education
Starlea Education Ltd,London,REGISTERED ADDRESS,Worker (A rating),Skilled Worker,education
STARS EDUCATION & TRAINING LTD,Bilston,England,Worker (A rating),Skilled Worker,education
Start Bright Nursery Limited,Edinburgh,uk,Worker (A rating),Skilled Worker,education
Startup Discovery School Ltd,London,,Worker (A rating),Skilled Worker,education
STEPPING STONES ACADEMY CHILDCARE LTD,UXBRIDGE,,Worker (A rating),Skilled Worker,education
STEPPING STONES EDUCATION LTD,London,,Worker (A rating),Skilled Worker,education
Stepping Stones Nursery School,Esher,Surrey,Worker (A rating),Skilled Worker,education
STEPS EDUCATION LIMITED,London,,Worker (A rating),Skilled Worker,education
Sterling Driving School Ltd,London,,Worker (A rating),Skilled Worker,education
Stevenage Education Support Centre,Stevenage,Hertfordshire,Worker (A rating),Skilled Worker,education
Stewards Academy Trust,Harlow,Essex,Worker (A rating),Skilled Worker,education
Stirling Education UK LTD,London,,Worker (A rating),Skilled Worker,education
Storal Learning Ltd.,London,,Worker (A rating),Skilled Worker,education
Storybook Montessori Ascot,Ascot,Berkshire,Worker (A rating),Skilled Worker,education
Stour Vale Academy Trust,Halesowen,West Midlands,Temporary Worker (A rating),Charity Worker,education
STOVER SCHOOL ASSOCIATION LTD,NEWTON ABBOT,DEVON,Temporary Worker (A rating); Worker (A rating),Charity Worker; Skilled Worker,education
Stowe School Limited,Buckingham,Buckinghamshire,Temporary Worker (A rating); Worker (A rating),Charity Worker; Skilled Worker,education
Stratford College London Limited,London,,Worker (A rating),Skilled Worker,education
Stratford School Academy,London,,Worker (A rating),Skilled Worker,education
Stratford upon Avon School,Stratford upon Avon,Warwickshire,Worker (A rating),Skilled Worker,education
Strathallan School,Perth,Perthshire,Worker (A rating),Skilled Worker,education
Strawberry Fields Nursery School Limited,London,,Worker (A rating),Skilled Worker,education
Streatham & Clapham High School,Streatham,London,Worker (A rating),Skilled Worker,education
STREATHAM MONTESSORI DAY NURSERY LTD,London,,Worker (A rating),Skilled Worker,education
Strive4 Academy Trust,Essex,Essex,Worker (A rating),Skilled Worker,education
Stuart C Williams Racehorse Training and Management Limited,Newmarket,Suffolk,Worker (A rating),Skilled Worker,education
Student Educational Services LTD,London,,Worker (A rating),Skilled Worker,education
Success at School Ltd,London,,Worker (A rating),Skilled Worker,education
Suffolk New College,Ipswich,,Worker (A rating),Skilled Worker,education
Suman Education International Limited,Manchester,,Worker (A rating),Global Business Mobility: Senior or Specialist Worker; Skilled Worker,education
Summer Fields School Trust Ltd,Oxford,Oxon,Temporary Worker (A rating); Worker (A rating),Charity Worker; Skilled Worker,education
Summerhill School,Kingswinford,West Midlands,Worker (A rating),Skilled Worker,education
Summerswood Primary School,Borehamwood,Hertsfordshire,Worker (A rating),Skilled Worker,education
Summit Learning Trust,Birmingham,,Worker (A rating),Skilled Worker,education
SUNAN ACADEMY LTD T/A Nima Islamic Essentials,Luton,England,Worker (A rating),Skilled Worker,education
Sunbury Manor School,Sunbury on Thames,Middlesex,Worker (A rating),Skilled Worker,education
Sunflower Montessori Nursery School,London,,Worker (A rating),Skilled Worker,education
Sunlit Montessori Limited,London,,Worker (A rating),Skilled Worker,education
SUNNYCUTZ BARBERS ACADEMY,London,essex,Worker (A rating); Temporary Worker (A rating),Skilled Worker; Creative Worker,education
Sunrise Community Nursery,london,State/Region,Worker (A rating),Skilled Worker,education
Super Tutors International Education Ltd,Chandler's Ford,,Worker (A rating),Skilled Worker,education
Surbiton High School,Kingston upon Thames,Surrey,Worker (A rating),Skilled Worker,education
Sutton & District Training Limited,Carshalton,Surrey,Worker (A rating),Skilled Worker,education
Sutton Valence School,Maidstone,Kent,Worker (A rating),Skilled Worker,education
Swakeleys School For Girls,Hillingdon,,Worker (A rating),Skilled Worker,education
Swale Academies Trust,Sittingbourne,Kent,Worker (A rating),Skilled Worker,education
Swansea University,Swansea,,Worker (A rating); Temporary Worker (A rating),Skilled Worker; Creative Worker; Government Authorised Exchange,education
Swedish school society in London,London,,Worker (A rating),Skilled Worker,education
Swift Education Limited,London,,Worker (A rating),Skilled Worker,education
Switch Training Ltd,Luton,,Worker (A rating),Skilled Worker,education
Sydenham After School Club,London,,Worker (A rating),Skilled Worker,education
Synergy Multi Academy Trust,Norwich,,Worker (A rating),Skilled Worker,education
Syracuse University London Program,London,,Worker (A rating),Global Business Mobility: Senior or Specialist Worker; Skilled Worker,education
T.E.A.M EDUCATION TRUST,MANSFIELD,TEAM Education Trust,Worker (A rating),Skilled Worker,education
TAHIR ACADEMY TRUST,Enfield,,Temporary Worker (A rating); Worker (A rating),Charity Worker; Skilled Worker; Religious Worker,education
TalentBoost Education & Consulting Ltd,London,,Worker (A rating),Skilled Worker,education
Tamba Day Nursery,Romford,,Worker (A rating),Skilled Worker,education
Tarka Learning Partnership,Barnstaple,Devon,Worker (A rating),Skilled Worker,education
Taseen Cuisine Limited T/A School of Spice,Plymouth,,Worker (A rating),Skilled Worker,education
TASIS The American School in England,Egham,Surrey,Worker (A rating),Skilled Worker,education
Taunton School Educational Charity,Taunton,Somerset,Temporary Worker (A rating); Worker (A rating),Charity Worker; Skilled Worker,education
Teacher Training International Limited,London,,Worker (A rating),Skilled Worker,education
Technique Learning Solutions Ltd,Chesterfield,Derbyshire,Worker (A rating),Skilled Worker,education
TECNIS ACADEMY LIMITED,SITTINGBOURNE,KENT,Worker (A rating),Skilled Worker,education
Ted Grant Education Project Ltd,London,,Worker (A rating),Skilled Worker,education
Ted Wragg Multi Academy Trust,Exeter,Devon,Worker (A rating),Skilled Worker,education
TEIKYO UNIVERSITY OF JAPAN IN DURHAM,DURHAM,DURHAM,Worker (A rating),Global Business Mobility: Senior or Specialist Worker; Skilled Worker,education
Tellus Education Group Limited,Plymouth,,Worker (A rating),Skilled Worker,education
Tendring Deen Education Trust,Clacton on sea,Essex,Worker (A rating),Tier 2 Ministers of Religion,education
Tenterden Schools Trust,Tenterden,Kent,Worker (A rating),Skilled Worker,education
Terra Nova School Trust Ltd,Holmes Chapel,Cheshire,Temporary Worker (A rating),Charity Worker,education
TES Education Ltd,London,,Worker (A rating),Skilled Worker,education
TESOL INTERNATIONAL ACADEMY LIMITED,London,England,Worker (A rating),Skilled Worker,education
TEST EDUCATION CENTRE LTD,KENT,,Worker (A rating),Skilled Worker,education
Testwood School,Southampton,Hampshire,Worker (A rating),Skilled Worker,education
Tettenhall College,Wolverhampton,West Midlands,Temporary Worker (A rating),Charity Worker,education
Thai Massage Academy LTD,Norwich,Norfolk,Worker (A rating),Skilled Worker,education
Thame Partnership Academy Trust,Thame,Oxon,Worker (A rating),Skilled Worker,education
Thamesmead School,Shepperton,Surrey,Worker (A rating),Skilled Worker,education
The Abbey College,Malvern,Worcestershire,Worker (A rating),Skilled Worker,education
The Abbey School,Reading,Berkshire,Worker (A rating),Skilled Worker,education
The Academy Media Ltd,London,,Worker (A rating),Skilled Worker,education
"The Academy, Selsey",Selsey,West Sussex,Worker (A rating),Skilled Worker,education
THE ADNAN JAFFERY ACADEMY TRUST (T/A One Degree Academy),Enfield,,Worker (A rating),Skilled Worker,education
The Advocacy Academy,London,,Worker (A rating),Skilled Worker,education
The Aga Khan University (International) in the United Kingdom,London,,Worker (A rating); Temporary Worker (A rating),Skilled Worker; Government Authorised Exchange,education
The Alan Turing Institute,London,,Temporary Worker (A rating); Worker (A rating),Government Authorised Exchange; Skilled Worker,education
The Alliance for Transatlantic Theological Training,Liverpool,Merseyside,Temporary Worker (A rating); Worker (A rating),Charity Worker; Tier 2 Ministers of Religion; Religious Worker,education
THE ALPHABET HOUSE NURSERY SCHOOLS CANBERRA LIMITED,London,,Worker (A rating),Skilled Worker,education
The American School in London,London,,Temporary Worker (A rating); Worker (A rating),Creative Worker; Skilled Worker,education
The Appleton School,Benfleet,Essex,Worker (A rating),Skilled Worker,education
The Arbib Education Trust,Berkshire,Berkshire,Worker (A rating),Skilled Worker,education
The Archer Academy,London,,Worker (A rating),Skilled Worker,education
The Art Academy,London,,Worker (A rating),Skilled Worker,education
The Art School Restaurant,Liverpool,,Worker (A rating),Skilled Worker,education
The Association for Music in International Schools,London,,Worker (A rating),Skilled Worker,education
The Aunties Ltd T/A The Aunties Old School Nursery,Oxford,Oxfordshire,Worker (A rating),Skilled Worker,education
THE AURIGA ACADEMY TRUST,TWICKENHAM,,Worker (A rating),Skilled Worker,education
The Aylesbury Vale Academy,Aylesbury,,Worker (A rating),Skilled Worker,education
The Basildon Lower Academy,Basildon,Essex,Worker (A rating),Skilled Worker,education
The Bay CE School,Sandown,Isle of Wight,Worker (A rating),Skilled Worker,education
The Beaconsfield School,Beaconsfield,Buckinghamshire,Worker (A rating),Skilled Worker,education
The Beatson Institute for Cancer Research,Glasgow,East Dunbartonshire,Worker (A rating),Skilled Worker,education
The Beeches Nursery Group Ltd,Catford,-- Select a State --,Worker (A rating),Skilled Worker,education
The Bell Concord Educational Trust Ltd,Shrewsbury,Shropshire,Worker (A rating),Skilled Worker,education
THE BEMROSE SCHOOL,DERBY,,Worker (A rating),Skilled Worker,education
The Bishop Wand Church of England School,Sunbury on Thames,Middlesex,Worker (A rating),Skilled Worker,education
The Bishop's Stortford High School,Bishop's Stortford,Hertfordshire,Worker (A rating),Skilled Worker,education
The Boxing Academy Trust,London,Hackney,Worker (A rating),Skilled Worker,education
The Bristol Montessori School,Bristol,Bristol,Worker (A rating),Skilled Worker,education
The BRIT School Limited,CROYDON,,Worker (A rating),Skilled Worker,education
THE BRITANNIA ACADEMY OF ELEARNING LTD,Manchester,,Worker (A rating),Skilled Worker,education
The British Institute of International and Comparative Law,London,,Temporary Worker (A rating); Worker (A rating),Charity Worker; Government Authorised Exchange; Skilled Worker,education
The Cam Academy Trust,Comberton,Cambridgeshire,Worker (A rating),Skilled Worker,education
The Campion School,Hornchurch,Essex,Worker (A rating),Skilled Worker,education
The Canterbury Academy,Canterbury,Kent,Worker (A rating),Skilled Worker,education
The Cardinal Hume Academies Trust,London,,Worker (A rating),Skilled Worker,education
"The Centre for Language Education and Cooperation, UK",London,,Temporary Worker (A rating),Government Authorised Exchange,education
The Challenge Academy Trust,Warrington,Cheshire,Worker (A rating),Skilled Worker,education
The Charter School,London,,Worker (A rating),Skilled Worker,education
The Chartered Institute for Securities & Investment,London,,Worker (A rating),Skilled Worker,education
The Chartered Institute of Logistics and Transport,Corby,,Worker (A rating),Skilled Worker,education
The Chiltern Hills Academy,Chesham,Buckinghamshire,Worker (A rating),Skilled Worker,education
The Chisholme Institute,Hawick,Scottish Borders,Temporary Worker (A rating),Charity Worker,education
The City & Guilds of London Institute,London,,Worker (A rating),Global Business Mobility: Senior or Specialist Worker; Skilled Worker,education
The City of Leicester College,Leicester,,Worker (A rating),Skilled Worker,education
The City of Liverpool College,Liverpool,Merseyside,Worker (A rating),Skilled Worker,education
The Co-operative Academies Trust,Manchester,,Worker (A rating),Skilled Worker,education
The College of Optometrists,London,UNITED KINGDOM,Worker (A rating),Skilled Worker,education
The College of Richard Collyer,Horsham,West Sussex,Worker (A rating),Skilled Worker,education
The College of St Barnabas,Lingfield,Surrey,Worker (A rating),Skilled Worker,education
The College of West Anglia,King's Lynn,Norfolk,Worker (A rating),Skilled Worker,education
The College Practice,London,Kent,Worker (A rating),Skilled Worker,education
The Colour Box Montessori Nursery School Ltd,Earlsfield,,Worker (A rating),Skilled Worker,education
The Colourwheel Montessori Nursery Limited,Black Notley,Esses,Worker (A rating),Skilled Worker,education
The Compass Education Trust Limited,Billericay,Essex,Worker (A rating),Skilled Worker,education
The Complete Works Alternative Education,Aldgate East,,Worker (A rating),Skilled Worker,education
The Coopers Company and Coborn School,Upminster,Essex,Worker (A rating),Skilled Worker,education
The Cowplain School,Waterlooville,Hampshire,Worker (A rating),Skilled Worker,education
The David Ross Education Trust,Loughborough,Leicestershire,Worker (A rating),Skilled Worker,education
The Dean Close Kingham Hill School,Chipping Norton,Oxfordshire,Worker (A rating); Temporary Worker (A rating),Tier 2 Ministers of Religion; Charity Worker; Skilled Worker,education
The Decus Educational Trust,Gravesend,Kent,Worker (A rating),Skilled Worker,education
The Developer Academy,Sheffield,South Yorkshire,Worker (A rating),Skilled Worker,education
The Diamond Learning Partnership Trust,St. Neots,Cambridgeshire,Worker (A rating),Skilled Worker,education
The Diocese of Westminster Academy Trust,Pinner,Middlesex,Worker (A rating),Skilled Worker,education
The Dorcan Academy,Swindon,Wiltshire,Worker (A rating),Skilled Worker,education
The Duke of Yorks Royal Military School,Dover,Kent,Worker (A rating),Skilled Worker,education
THE EARLY YEARS NURSERY,KIDLINGTON,OXFORDSHIRE,Worker (A rating),Skilled Worker,education
The East India Devonshire Sports & Public Schools Club Limited,London,,Worker (A rating),Skilled Worker,education
The Eden Academy,Eastcote,Middlesex,Worker (A rating),Skilled Worker,education
The Edinburgh Academy,Edinburgh,Midlothian,Worker (A rating),Skilled Worker,education
The Education Group (London) Ltd,London,,Worker (A rating),Skilled Worker,education
The Education School Ltd,London,,Worker (A rating),Skilled Worker,education
THE ELEARN ACADEMY LTD,London,,Worker (A rating),Skilled Worker,education
The Ellen Wilkinson School for Girls,London,,Worker (A rating),Skilled Worker,education
The Elliot Foundation Academies Trust,London,,Worker (A rating),Skilled Worker,education
The Engineering and Design Institute London,London,,Worker (A rating),Skilled Worker,education
The Eveline Day Nursery Schools Ltd,Wandsworth,London,Worker (A rating),Skilled Worker,education
The Exceptional Education Trust,London,,Worker (A rating),Skilled Worker,education
The Fair Education Alliance,London,,Worker (A rating),Skilled Worker,education
THE FALKIRK MUSLIM EDUCATIONAL AND CULTURAL COMMUNITY CENTRE,Falkirk,,Worker (A rating),Tier 2 Ministers of Religion,education
The Family Tree Day Nursery Limited,Sidcup,Kent,Worker (A rating),Skilled Worker,education
The Faraday Institute for Science and Religion,Cambridge,,Worker (A rating),Skilled Worker,education
The Fertility Academy Limited,London,,Worker (A rating),Skilled Worker,education
The FitzWimarc School,Essex,,Worker (A rating),Skilled Worker,education
The Forensic Institute (Edinburgh) Ltd,Glasgow,,Worker (A rating),Skilled Worker,education
The Forest School Academy Trust,Wokingham,Berkshire,Worker (A rating),Skilled Worker,education
The Francis Crick Institute Limited,London,,Temporary Worker (A rating); Worker (A rating),Government Authorised Exchange; Skilled Worker,education
The Fruit Tree Day Nursery,Camberwell,London,Worker (A rating),Skilled Worker,education
The Fulham Prep School (2002) Limited,London,,Worker (A rating),Skilled Worker,education
The Garden Nursery,Acton,London,Worker (A rating),Skilled Worker,education
The Gateway Learning Community,Grays,Essex,Worker (A rating),Skilled Worker,education
The Gatwick School,Crawley,West Sussex,Worker (A rating),Skilled Worker,education
The Glasgow School of Art,Glasgow,,Temporary Worker (A rating); Worker (A rating),Creative Worker; Skilled Worker,education
The Godolphin and Latymer School,London,,Temporary Worker (A rating); Worker (A rating),Charity Worker; Skilled Worker,education
The Godstowe Preparatory School Company Ltd,High Wycombe,Bucks,Temporary Worker (A rating); Worker (A rating),Charity Worker; Skilled Worker,education
The GORSE Academies Trust,Leeds,West Yorkshire,Worker (A rating),Skilled Worker,education
The Gosforth Federated Academies Limited,Gosforth,Newcastle upon Tyne,Worker (A rating),Skilled Worker,education
The Gower School,London,,Worker (A rating),Skilled Worker,education
The Grange School,Northwich,Cheshire,Worker (A rating),Skilled Worker,education
The Greenacres day nursery school LTD,Hampton,,Worker (A rating),Skilled Worker,education
The Grove Primary School,CAMBRIDGE,Cambridgeshire,Worker (A rating),Skilled Worker,education
The Hammond School,Chester,Cheshire,Worker (A rating),Skilled Worker,education
The Harrodian School,London,,Worker (A rating),Skilled Worker,education
The Hayling College,Hayling Island,Hampshire,Worker (A rating),Skilled Worker,education
The Henley College,Oxfordshire,,Worker (A rating),Skilled Worker,education
The Henrietta Barnett School,London,,Worker (A rating),Skilled Worker,education
The Holt School,Wokingham,Berkshire,Worker (A rating),Skilled Worker,education
The Holy Cross School,New Malden,Surrey,Worker (A rating),Skilled Worker,education
The Holy Family Catholic School,Keighley,West Yorkshire,Worker (A rating),Skilled Worker,education
The Horse Education Company Limited,Evesham,,Worker (A rating),Skilled Worker,education
The Howard Academy Trust,Chatham,Kent,Worker (A rating),Skilled Worker,education
The Incorporated Bishop's Stortford College Association,Bishop's Stortford,Hertfordshire,Temporary Worker (A rating); Worker (A rating),Charity Worker; Skilled Worker,education
The Inspirational Learning Group,Stafford,,Worker (A rating),Skilled Worker,education
The Institute of Cancer Research,London,London,Worker (A rating); Temporary Worker (A rating),Skilled Worker; Government Authorised Exchange,education
The Institute of Certified Bookkeepers (ICB),London,London,Worker (A rating),Skilled Worker,education
The Institute of Grocery Distribution,Letchmore Heath,Herts,Worker (A rating),Skilled Worker,education
The Institute of Ismaili Studies,London,,Temporary Worker (A rating); Worker (A rating),Government Authorised Exchange; Skilled Worker,education
The Institute of Materials Minerals & Mining,London,,Worker (A rating),Skilled Worker,education
The Institute of Physics,London,,Worker (A rating); Temporary Worker (A rating),Global Business Mobility: Senior or Specialist Worker; Charity Worker; Skilled Worker,education
The Institute of Sustainability and Environmental Professionals,March,Cambridgeshire,Worker (A rating),Skilled Worker,education
The International Institute for Strategic Studies,London,,Worker (A rating),Skilled Worker; Global Business Mobility: Senior or Specialist Worker,education
THE INTERNATIONAL SCHOOL OF ABERDEEN EDUCATIONAL TRUST LIMITED,ABERDEEN,,Worker (A rating),Skilled Worker,education
The Islamic Academy of Manchester,Manchester,Greater Manchester,Temporary Worker (A rating); Worker (A rating),Religious Worker; Tier 2 Ministers of Religion,education
The Island Free School,Ventnor,Isle of Wight,Worker (A rating),Skilled Worker,education
The James Hutton Institute,Dundee,,Temporary Worker (A rating); Worker (A rating),Government Authorised Exchange; Skilled Worker,education
The Japanese School Limited,London,,Worker (A rating),Global Business Mobility: Senior or Specialist Worker; Skilled Worker,education
The Jo Richardson Community School,Dagenham,Essex,Worker (A rating),Skilled Worker,education
The John Fisher School,Purley,Surrey,Worker (A rating),Skilled Worker,education
The John Lyon School,Harrow on the Hill,Middlesex,Worker (A rating),Skilled Worker,education
The John Wallis Church of England Academy,Ashford,Kent,Worker (A rating),Skilled Worker,education
The Journey of Learning Languages (JLL) Ltd,Sunderland,,Worker (A rating),Skilled Worker,education
The Jubilee Academy,Harrow,Middlesex,Worker (A rating),Skilled Worker,education
The King Alfred School,Dudley,West Midlands,Worker (A rating),Skilled Worker,education
The King's CE School,Wolverhampton,West Midlands,Worker (A rating),Skilled Worker,education
The King's School,Harpenden,Hertfordshire,Worker (A rating); Temporary Worker (A rating),Skilled Worker; Charity Worker,education
THE LADY ELEANOR HOLLES SCHOOL,Hampton,,Worker (A rating),Skilled Worker,education
The Laidlaw Schools Trust,Newcastle upon Tyne,,Worker (A rating),Skilled Worker,education
The Lash Line Academy Ltd,Kingston-upon-Thames,,Worker (A rating),Skilled Worker,education
The Latymer School,Edmonton,London,Worker (A rating),Skilled Worker,education
The Learning Alliance,Congleton,Cheshire,Worker (A rating),Skilled Worker,education
The Learning and Performance Institute Limited,Coventry,,Worker (A rating),Skilled Worker,education
The Learning Partnership Academies Trust,Crewe,,Worker (A rating),Skilled Worker,education
The Levels School Ltd,Bridgwater,Somerset,Worker (A rating),Skilled Worker,education
The Leys Primary School,Dagenham,,Worker (A rating),Skilled Worker,education
The Life Centre Education Limited,London,,Worker (A rating); Temporary Worker (A rating),International Sportsperson; Creative Worker,education
The Link Education Trust- Springwood Primary School,Salford,Greater Manchester,Worker (A rating),Skilled Worker,education
The Little Tugboat Day Nursery Limited,London,,Worker (A rating),Skilled Worker,education
The Liverpool Institute for Performing Arts,Liverpool,,Worker (A rating); Temporary Worker (A rating),Skilled Worker; Creative Worker,education
The London College of Homeopathy Ltd,Hounslow,,Worker (A rating),Skilled Worker,education
The London College of Style Ltd,London,,Worker (A rating),Skilled Worker,education
The London Day Nursery Company Limited,London,,Worker (A rating),Skilled Worker,education
THE LONDON NAUTICAL SCHOOL,LONDON,London,Worker (A rating),Skilled Worker,education
The London Oratory School,London,London,Worker (A rating),Skilled Worker,education
The London School of Economics and Political Science,London,,Temporary Worker (A rating); Worker (A rating),Government Authorised Exchange; Skilled Worker,education
The London School of English Limited,London,,Worker (A rating),Skilled Worker,education
The Lotus Academy Trust,Thetford,Norfolk,Worker (A rating),Skilled Worker,education
The Loughborough Schools Foundation,Loughborough,Leicestershire,Temporary Worker (A rating); Worker (A rating),Charity Worker; Skilled Worker,education
The Magical Kingdom Nursery and Preschool,Accrington,Lancs,Worker (A rating),Skilled Worker,education
The Manchester Academy Limited,Manchester,Manchester,Worker (A rating),Skilled Worker,education
The Marist Schools,Ascot,Berkshire,Worker (A rating),Skilled Worker,education
The Market Bosworth School,Nuneaton,Warwickshire,Worker (A rating),Skilled Worker,education
The Marlborough Science Academy,St Albans,HERTS,Worker (A rating),Skilled Worker,education
THE MARLOW DAY NURSERY LIMITED,MARLOW,BUCKINGHAMSHIRE,Worker (A rating),Skilled Worker,education
The Master and Fellows of Emmanuel College in the University of Cambridge,Cambridge,,Worker (A rating); Temporary Worker (A rating),Skilled Worker; Government Authorised Exchange,education
The Middlesex Learning Trust,London,,Worker (A rating),Skilled Worker,education
The Mill Academy,Witney,Oxfordshire,Worker (A rating),Skilled Worker,education
"The Montessori House, Wantage Ltd","Ardington, Wantage",Oxfordshire,Worker (A rating),Skilled Worker,education
The Montessori Place,Hove,East Sussex,Worker (A rating),Skilled Worker,education
The Montessori School,Balham,London,Worker (A rating),Skilled Worker,education
The Montessori School Edinburgh Ltd,Edinburgh,,Worker (A rating),Skilled Worker,education
The Mountbatten School,Romsey,Hampshire,Worker (A rating),Skilled Worker,education
The National Association for Special Educational Needs (NASEN),Tamworth,,Worker (A rating),Skilled Worker,education
The National Council for the Training of Journalists,Newport,Saffron Walden,Worker (A rating),Skilled Worker,education
The National Mathematics & Science College,Coventry,England,Worker (A rating),Skilled Worker,education
The Nautical Institute,LONDON,,Temporary Worker (A rating),Charity Worker,education
The Needham Research Institute,Cambridge,Cambridgeshire,Worker (A rating),Skilled Worker,education
The Nest Nursery Lime Tree,Birmingham,,Worker (A rating),Skilled Worker,education
The New School C.I.O.,London,Croydon,Worker (A rating),Skilled Worker,education
The Nobel School,Stevenage,Hertfordshire,Worker (A rating),Skilled Worker,education
The Norwegian School in London Ltd,Wimbledon,,Worker (A rating),Skilled Worker,education
The Nursery,Oxford,Oxfordshire,Worker (A rating),Skilled Worker,education
The Nursery Catering Company,COVENTRY,WEST MIDLANDS,Worker (A rating),Skilled Worker,education
The Oaks Specialist College,Tonbridge,Kent,Worker (A rating),Skilled Worker,education
The Old Station Nursery Ltd,Faringdon,,Worker (A rating),Global Business Mobility: Senior or Specialist Worker; Skilled Worker,education
The Oldershaw School (Academy),Wirral,,Worker (A rating),Skilled Worker,education
The Oldham College,Oldham,Lancashire,Worker (A rating),Skilled Worker,education
The Olympus Academy Trust,Bristol,,Worker (A rating),Skilled Worker,education
The Open Data Institute,London,,Worker (A rating),Skilled Worker,education
The Open University,Milton Keynes,Buckinghamshire,Worker (A rating); Temporary Worker (A rating),Skilled Worker; Government Authorised Exchange,education
The Oratory Schools Association,Reading,Berkshire,Temporary Worker (A rating); Worker (A rating),Charity Worker; Skilled Worker,education
The Palmer Catholic Academy,Ilford,London,Worker (A rating),Skilled Worker,education
The Park Academies Trust,Swindon,Wiltshire,Worker (A rating),Skilled Worker,education
The Park Federation Academy Trust,Slough,Berkshire,Worker (A rating),Skilled Worker,education
The Pears Family Charitable Foundation School,London,City of London,Worker (A rating),Skilled Worker,education
The Perse School,Cambridge,,Worker (A rating),Skilled Worker,education
THE PIONEER ACADEMY,KESTON,,Worker (A rating),Skilled Worker,education
The Pirbright Institute,Surrey,,Worker (A rating); Temporary Worker (A rating),Skilled Worker; Government Authorised Exchange; Charity Worker,education
The Power Within Training & Development Ltd,Motherwell,North Lanarkshire,Worker (A rating),Skilled Worker,education
"The President and Fellows of Murray Edwards College, founded as New Hall, in the University of Cambridge",Cambridge,,Worker (A rating),Skilled Worker,education
The Prime College Limited,London,England,Worker (A rating),Skilled Worker,education
The Priory Federation of Academies,Lincoln,Lincolnshire,Worker (A rating),Skilled Worker,education
The Priory School,Hitchin,Hertfordshire,Worker (A rating),Skilled Worker,education
The Profs Tuition Ltd,London,,Worker (A rating),Skilled Worker,education
The Property Institute,London,,Worker (A rating),Skilled Worker,education
The Quality Assurance Agency of Higher Education,Gloucester,Gloucestershire,Worker (A rating),Skilled Worker,education
The Queen's Foundation for Ecumenical Theological Education,Birmingham,,Worker (A rating),Tier 2 Ministers of Religion; Skilled Worker,education
The Quest Academy,South Croydon,Surrey,Worker (A rating),Skilled Worker,education
The Quest School,Paddock Wood,,Worker (A rating),Skilled Worker,education
The Radcliffe School,Milton Keynes,Buckinghamshire,Worker (A rating),Skilled Worker,education
The Rainbow Centre for Conductive Education,Fareham,Hampshire,Worker (A rating),Skilled Worker,education
The Reach Free School,Rickmansworth,Hertfordshire,Worker (A rating),Skilled Worker,education
The Read School,Selby,North Yorkshire,Worker (A rating); Temporary Worker (A rating),Skilled Worker; Charity Worker,education
THE REGENERATIVE MEDICINE ACADEMY LIMITED,London,,Worker (A rating),Skilled Worker,education
The Richmond upon Thames School Trust,Twickenham,Middlesex,Worker (A rating),Skilled Worker,education
The Robert Gordon University,Aberdeen,Aberdeenshire,Worker (A rating); Temporary Worker (A rating),Skilled Worker; Government Authorised Exchange,education
The Rosalind Franklin Institute,Didcot,Oxfordshire,Worker (A rating),Skilled Worker,education
The Rosedale Hewens Academy Trust,Hayes,Middlesex,Worker (A rating),Skilled Worker,education
The Roseland Multi Academy Trust,Truro,Cornwall,Worker (A rating),Skilled Worker,education
The Royal Academy of Arts,London,,Worker (A rating); Temporary Worker (A rating),Skilled Worker; Creative Worker,education
The Royal Ballet School,London,,Temporary Worker (A rating); Worker (A rating),Creative Worker; Skilled Worker,education
The Royal Central School of Speech and Drama,London,,Temporary Worker (A rating); Worker (A rating),Government Authorised Exchange; Creative Worker; Skilled Worker,education
The Royal College of Ophthalmologists,London,,Worker (A rating),Skilled Worker,education
The Royal College of Psychiatrists,London,,Worker (A rating),Skilled Worker,education
The Royal College of Radiologists,London,,Worker (A rating),Skilled Worker,education
The Royal College of Surgeons of Edinburgh,Edinburgh,Midlothian,Worker (A rating),Skilled Worker,education
The Royal High School GDST,Bath,,Temporary Worker (A rating),Charity Worker,education
The Royal Institute of International Affairs,London,,Temporary Worker (A rating); Worker (A rating),Government Authorised Exchange; Skilled Worker,education
The Royal Masonic School for Girls,Rickmansworth,Hertfordshire,Worker (A rating),Skilled Worker,education
The Royal Northern And University Club,Aberdeen,,Worker (A rating),Skilled Worker,education
The Royal School,Armagh,,Worker (A rating),Skilled Worker,education
The Royal United Services Institute,London,,Temporary Worker (A rating); Worker (A rating),Charity Worker; Skilled Worker,education
The School for Ethics and Global Leadership Limited,London,,Worker (A rating),Skilled Worker,education
The Scotch Whisky Research Institute,Edinburgh,,Worker (A rating),Skilled Worker,education
The Scotland College of Chiropractic Charitable Trust,Edinburgh,,Worker (A rating),Skilled Worker,education
THE SECRET GARDEN SCHOOL,BIRMINGHAM,WEST MIDLANDS,Worker (A rating),Skilled Worker,education
The Sele School,Hertford,Hertfordshire,Worker (A rating),Skilled Worker,education
The Sheiling Special Education Trust,Ringwood,Hampshire,Worker (A rating),Skilled Worker,education
The Skill Academy Limited,Essex,,Worker (A rating),Skilled Worker,education
The Slough Sikh School Trust,Slough,,Worker (A rating),Skilled Worker,education
THE SOCIAL LEARNING LTD,Huddersfield,,Worker (A rating),Skilled Worker,education
The Society of College National and University Libraries,London,,Worker (A rating),Skilled Worker,education
The Spanish Nursery and Children's Centre for Culture and Language,London,,Worker (A rating),Skilled Worker,education
The St Gabriel Schools Foundation,Newbury,Berkshire,Worker (A rating),Skilled Worker,education
The St Marylebone Church of England Bridge School,London,,Worker (A rating),Skilled Worker,education
The St Michael Steiner School,Feltham,Middlesex,Worker (A rating),Skilled Worker,education
The Staff College,Manchester,,Worker (A rating),Skilled Worker,education
The Stamford Endowed Schools,Stamford,Lincolnshire,Temporary Worker (A rating),Charity Worker,education
The Steel Construction Institute,Bracknell,Berkshire,Worker (A rating),Skilled Worker,education
The STEP Academy Trust,Thornton Heath,Surrey,Worker (A rating),Skilled Worker,education
The Talland School of EQuitation LLP,Cirencester,Glos,Worker (A rating),International Sportsperson; Skilled Worker,education
The Tapscott Learning Trust,London,London Borough of Newham,Worker (A rating),Skilled Worker,education
THE THAMES ACADEMY LTD,New Malden,Surrey,Worker (A rating),Skilled Worker,education
The Thinking Schools Academy Trust,Chatham,Kent,Worker (A rating),Skilled Worker,education
The Tiffin Girls' School,KINGSTON UPON THAMES,,Worker (A rating),Skilled Worker,education
The Training Brokers Limited,Swinton,,Worker (A rating),Skilled Worker,education
The Training School Ltd,London,,Worker (A rating),Skilled Worker,education
The UCL Academy,London,,Worker (A rating),Skilled Worker,education
The Ufton Court Educational Trust,Reading,Berkshire,Worker (A rating),Skilled Worker,education
The UK Dog Breeding Academy Ltd,Co Tyrone,,Worker (A rating),Skilled Worker,education
The Ultimate Education Ltd,Romford,,Worker (A rating),Skilled Worker,education
The United World College of the Atlantic Ltd,LLANTWIT MAJOR,,Temporary Worker (A rating),Charity Worker; Creative Worker,education
The University of Buckingham,Buckingham,Buckinghamshire,Worker (A rating),Skilled Worker,education
The University of Cambridge,Cambridge,Cambridgeshire,Worker (A rating); Temporary Worker (A rating),Skilled Worker; Government Authorised Exchange,education
The University of Manchester,Manchester,,Worker (A rating); Temporary Worker (A rating),Skilled Worker; Government Authorised Exchange,education
The University of Manchester Innovation Factory Limited,Manchester,,Worker (A rating),Skilled Worker,education
The University of Northampton,Northampton,,Worker (A rating),Skilled Worker,education
The University of Salford,Salford,,Worker (A rating); Temporary Worker (A rating),Skilled Worker; Government Authorised Exchange,education
The University of Sheffield,Sheffield,South Yorkshire,Worker (A rating); Temporary Worker (A rating),Skilled Worker; Government Authorised Exchange,education
The University of West London,London,,Worker (A rating),Skilled Worker,education
The University of Westminster Student Union,London,,Worker (A rating),Skilled Worker,education
The University of Winchester,Winchester,Hampshire,Worker (A rating); Temporary Worker (A rating),Skilled Worker; Government Authorised Exchange,education
The University of Worcester,Worcester,,Worker (A rating); Temporary Worker (A rating),International Sportsperson; Government Authorised Exchange; Skilled Worker,education
The Villa School & Nursery Ltd,London,,Worker (A rating),Skilled Worker,education
The Vine Inter Church School,Cambourne,Cambridgshire,Worker (A rating),Skilled Worker,education
The Viridis Federation of Schools,London,,Worker (A rating),Skilled Worker,education
The Warriner School,Banbury,Oxfordshire,Worker (A rating),Skilled Worker,education
The Wells Free School,Tunbridge Wells,Kent,Worker (A rating),Skilled Worker,education
The Westgate School,Slough,Berkshire,Worker (A rating),Skilled Worker,education
The Willow On The Farm Nursery Ltd,Banbury,Oxfordshire,Worker (A rating),Skilled Worker,education
The Windsor Boys' School,Windsor,Berkshire,Worker (A rating),Skilled Worker,education
"The Women'sTec (Training, Enterprise & Childcare Centre)",Belfast,Antrim,Worker (A rating),Skilled Worker,education
The World Universities Insight Limited,London,,Worker (A rating),Skilled Worker,education
The Yehudi Menuhin School,Cobham,Surrey,Temporary Worker (A rating); Worker (A rating),Creative Worker; Skilled Worker,education
THEATRE DE COMPLICITE EDUCATION LTD,Gloucester,,Worker (A rating); Temporary Worker (A rating),Skilled Worker; Creative Worker,education
Think Academy International Education Limited,London,,Worker (A rating),Skilled Worker,education
Thomas Deacon Education Trust,Peterborough,,Worker (A rating),Skilled Worker,education
Thomas Mills High School,Woodbridge,Thomas Mills High School,Temporary Worker (A rating),Charity Worker,education
Thomas More Catholic School,Purley,Surrey,Worker (A rating),Skilled Worker,education
Thomas Telford Multi Academy Trust,Telford,Shropshire,Worker (A rating),Skilled Worker,education
Thomas's London Day Schools,Ringwood,Hampshire,Worker (A rating),Skilled Worker,education
Thomson House School,LONDON,,Worker (A rating),Skilled Worker,education
Thornton College,Milton Keynes,Buckinghamshire,Worker (A rating),Skilled Worker,education
Thornton Day Nursery Ltd,Thornton Heath,Surrey,Worker (A rating),Skilled Worker,education
Three Butterflies Nursery/Preschool,Waltham Abbey,,Worker (A rating),Skilled Worker,education
Thrombosis Research Institute,London,,Worker (A rating),Skilled Worker,education
Thurlow Educational Trust,London,,Worker (A rating),Skilled Worker,education
Tic Toc Nursery School,Twickenham,Middlesex,Worker (A rating),Skilled Worker,education
Tideway Scullers School,London,Medium,Worker (A rating),International Sportsperson,education
Tiger International Education Limited,Middlesex,,Worker (A rating),Skilled Worker,education
Tilbury Education & Cultural Association,Essex,,Temporary Worker (A rating); Worker (A rating),Religious Worker; Charity Worker; Skilled Worker; Tier 2 Ministers of Religion,education
Tiny Oaks Day Nursery,Edenbridge,Kent,Worker (A rating),Skilled Worker,education
Tiny Stars Day Nursery LTD,Keighley,West Yorkshire,Worker (A rating),Skilled Worker,education
TINY TALENTS PRE-SCHOOL,WILLENHALL,WEST MIDLANDS,Worker (A rating),Skilled Worker,education
Tiny Tigers Day Nursery Ltd,East Grinstead,West Sussex,Worker (A rating),Skilled Worker,education
Tiro Training Limited,Birmingham,,Worker (A rating),Skilled Worker,education
Titan Education Trust,Birmingham,,Worker (A rating),Skilled Worker,education
Tithe Academy,South Harrow,,Worker (A rating),Skilled Worker,education
Titus Learning Limited,Saltaire,,Worker (A rating),Skilled Worker,education
Tiverton High School,Tiverton,Devon,Worker (A rating),Skilled Worker,education
TKS EDUCATION LTD,NEWCASTLE UPON TYNE,,Worker (A rating),Skilled Worker,education
TLC College Ltd,Wolverhampton,,Worker (A rating),Skilled Worker,education
TLN Training Limited,London,,Worker (A rating),Skilled Worker,education
TNF TRAINING AND CONSULTING LIMITED,London,,Worker (A rating),Skilled Worker,education
Tomberries Nursery,Southfields,Wandsworth,Worker (A rating),Skilled Worker,education
Tonbridge Grammar School,Tonbridge,Kent,Worker (A rating),Skilled Worker,education
Tonbridge School,Tonbridge,Kent,Temporary Worker (A rating); Worker (A rating),Charity Worker; Skilled Worker,education
Tony Blair Institute,London,,Worker (A rating),Skilled Worker,education
Toots Day Nursery Limited,London,,Worker (A rating),Skilled Worker,education
Top Form School Wear Ltd,Harlow,,Worker (A rating),Skilled Worker,education
Top Horizon Education Ltd,Southall,,Worker (A rating),Skilled Worker,education
Top Horizon Learning Ltd,London,,Worker (A rating),Skilled Worker,education
TOP OF THE CLASS NURSERY&PRESCHOOL(RICHMOND)LTD,LONDON,,Worker (A rating),Skilled Worker,education
Top Offer Academy Limited,London,,Worker (A rating),Skilled Worker,education
Tops Day Nursery Limited,Bournemouth,Dorset,Worker (A rating),Skilled Worker,education
Torwood House School Ltd,Bristol,,Worker (A rating),Skilled Worker,education
Tot Town Nursery Ltd,High Wycombe,,Worker (A rating),Skilled Worker,education
Totem Learning Ltd,Warwick,Warwickshire,Worker (A rating),Skilled Worker,education
Totnes Progressive School,Totnes,Devon,Worker (A rating),Skilled Worker,education
TOTS RYE DAY NURSERY LTD,LONDON,,Worker (A rating),Skilled Worker,education
Townsend Church of England School,St Albans,Hertfordshire,Worker (A rating),Skilled Worker,education
Train 2 Succeed Academy Limited,Liverpool,,Worker (A rating),Skilled Worker,education
Training 212 Limited,Coventry,,Worker (A rating),Skilled Worker,education
Training Lives Ltd,Liverpool,,Worker (A rating),Skilled Worker,education
"Training The Street UK, LLC (""UK BRANCH"")",St Albans,Hertfordshire,Worker (A rating),Global Business Mobility: Senior or Specialist Worker; Skilled Worker,education
Trambells Learning Club Ltd,Ilford,,Worker (A rating),Skilled Worker,education
Transforming Lives Educational Trust,Rugby,Warwickshire,Worker (A rating),Skilled Worker,education
Transforming Training with Technology Limited,Hurn,Dorset,Worker (A rating),Skilled Worker,education
Treehouse Nursery and Preschool,Pinner,,Worker (A rating),Skilled Worker,education
Treehouse Nursery Schools Limited,Wanstead,London,Worker (A rating),Skilled Worker,education
Treetops Nursery Bootle,Bootle,Merseyside,Worker (A rating),Skilled Worker,education
Trefoil Tutors,Elstree,,Worker (A rating),Skilled Worker,education
Trent College Limited,Long Eaton,Nottingham,Worker (A rating),Skilled Worker,education
TRENT EDUCATION CENTRE LTD,Nottingham,,Worker (A rating),Skilled Worker,education
Trevor Roberts School Ltd,London,,Worker (A rating),Skilled Worker,education
Triangle House Private Nursery Limited,Sowerby Bridge,West Yorkshire,Worker (A rating),Skilled Worker,education
Trilium Limited T/A My Sunshine Day Nursery,Mortlake,London,Worker (A rating),Skilled Worker,education
Tring Park School for the Performing Arts,Tring,Hertfordshire,Worker (A rating),Skilled Worker,education
Trinitas Academy Trust,Belvedere,Kent,Worker (A rating),Skilled Worker,education
Trinity Church of England High School,Manchester,,Worker (A rating),Skilled Worker,education
Trinity College,Cambridge,Cambridgeshire,Temporary Worker (A rating); Worker (A rating),Government Authorised Exchange; Skilled Worker; Religious Worker; Tier 2 Ministers of Religion,education
Trinity College Bristol,Bristol,,Worker (A rating); Temporary Worker (A rating),Skilled Worker; Religious Worker; Tier 2 Ministers of Religion,education
Trinity College Dublin at Belfast,Belfast,Antrim,Temporary Worker (A rating); Worker (A rating),Government Authorised Exchange; Skilled Worker,education
Trinity Learning Ltd,Glynde Lewes,East Sussex,Worker (A rating),Skilled Worker,education
TRINITY MULTI ACADEMY TRUST,"Halifax,","West Yorkshire,",Worker (A rating),Skilled Worker,education
Trinity Open Learning Ltd,London,England,Worker (A rating),Skilled Worker,education
Triumph Learning Trust,Rugby,,Worker (A rating),Skilled Worker,education
Truro and Penwith College,Truro,Cornwall,Worker (A rating),Skilled Worker,education
Trust in Learning Academies,Bristol,,Worker (A rating),Skilled Worker,education
Tudor Grange Academies Trust,Solihull,,Worker (A rating),Skilled Worker,education
Tudor Hall School,Banbury,Oxfordshire,Worker (A rating); Temporary Worker (A rating),Skilled Worker; Charity Worker,education
TUDOR PARK EDUCATION TRUST,Feltham,Middlesex,Worker (A rating),Skilled Worker,education
Tulip Day Nursery Limited,West Midlands,,Worker (A rating),Skilled Worker,education
Turing House School,Twickenham,Middlesex,Worker (A rating),Skilled Worker,education
Turner Schools,Folkestone,KENT,Worker (A rating),Skilled Worker,education
Turney Primary & Secondary Special School,London,,Worker (A rating),Skilled Worker,education
TUTOR HUB ONLINE LIMITED,Bradford,,Worker (A rating),Skilled Worker,education
Tutor The Nation,London,,Worker (A rating),Skilled Worker,education
TutorChase Ltd,London,,Worker (A rating),Skilled Worker,education
TutorCruncher Ltd,London,,Worker (A rating),Skilled Worker,education
Tutors and Exams Limited,Coventry,West Midlands,Worker (A rating),Skilled Worker,education
Tutors International Ltd,Oxford,OXON,Worker (A rating),Global Business Mobility: Senior or Specialist Worker; Skilled Worker,education
Twig Education Ltd,Glasgow,Lanarkshire,Worker (A rating),Skilled Worker,education
Twinkle Stars Nursery School Ltd,Wembley,Middlesex,Worker (A rating),Skilled Worker,education
Twinkle Toes Day Nursery LTD,London,,Worker (A rating),Skilled Worker,education
TWINKLESTARS MONTESSORI NURSERY LTD,St Albans,,Worker (A rating),Skilled Worker,education
Twyford Church of England Academies Trust,London,London,Worker (A rating),Skilled Worker,education
Tyndale House and Institute,Cambridge,Cambridgeshire,Worker (A rating),Skilled Worker,education
Tyne Coast College,South Shields,Tyne and Wear,Worker (A rating),Skilled Worker,education
UACB EDUCATION,Birmingham,West Midlands,Worker (A rating),Skilled Worker,education
Uddin Learning Solution UK Ltd,London,,Worker (A rating),Skilled Worker,education
UK Business College Ltd T/A UKBC (UK Business College),Leicester,,Worker (A rating),Skilled Worker,education
UK CAMBRIDGE EDUCATION CENTRE LIMITED,Cambridge,,Worker (A rating),Skilled Worker,education
UK COLLEGE OF BUSINESS AND COMPUTING LTD,London,,Worker (A rating),Global Business Mobility: Senior or Specialist Worker; Skilled Worker,education
UK CULTOUR & EDUCATION LTD,Edinburgh,,Worker (A rating),Skilled Worker,education
UK EDUCATION HUB LTD,Ilford,,Worker (A rating),Skilled Worker,education
UK HUA DZAN AMITABHA COLLEGE LTD,London,,Worker (A rating),Skilled Worker,education
UK MANAGEMENT COLLEGE LTD,Manchester,,Worker (A rating),Skilled Worker,education
UK Offer International Education Limited,Coventry,,Worker (A rating),Skilled Worker,education
uk pathway education ltd,BIRMINGHAM,,Worker (A rating),Skilled Worker,education
UK Sports Institute,Manchester,,Worker (A rating),Skilled Worker; International Sportsperson,education
UK-China Culture & Education Cooperation Promotion Centre Ltd,Oxford,,Worker (A rating),Global Business Mobility: Senior or Specialist Worker; Skilled Worker,education
UKINSIGHT EDUCATION LTD.,Nottingham,,Worker (A rating),Skilled Worker,education
Ulearn Education Limited,Halifax,,Worker (A rating),Skilled Worker,education
ULI- The Urban Land Institute,London,,Worker (A rating),Skilled Worker,education
Ultimate Preparatory Education Limited,London,,Worker (A rating),Skilled Worker,education
ULTRA EDUCATION SERVICES LTD,London,,Worker (A rating),Skilled Worker,education
UM Education Ltd,London,,Worker (A rating),Skilled Worker,education
Unifrog Education Limited,London,,Worker (A rating),Skilled Worker,education
UniHive Education Limited,Cambridge,,Worker (A rating),Skilled Worker,education
Unique Child day nursery ltd,Northolt,Greater London,Worker (A rating),Skilled Worker,education
United Church Schools Trust,Peterborough,,Worker (A rating),Skilled Worker,education
United Foreign Education Consultancy Ltd,London,,Worker (A rating),Skilled Worker,education
United World College of the Atlantic Ltd,Llantwit Major,,Worker (A rating),Skilled Worker,education
United World Schools,London,,Worker (A rating),Skilled Worker,education
Unity Education Trust,DEREHAM,Norfolk,Worker (A rating),Skilled Worker,education
Unity Schools Partnership,Haverhill,Suffolk,Worker (A rating),Skilled Worker,education
Unity Schools Trust,Staines,,Worker (A rating),Skilled Worker,education
Universities and Colleges Christian Fellowship,Oxford,,Worker (A rating); Temporary Worker (A rating),Tier 2 Ministers of Religion; Charity Worker; Skilled Worker,education
Universities and Colleges Information Systems Association Ltd,Oxford,Oxon,Worker (A rating),Skilled Worker,education
Universities Superannuation Scheme Limited,Liverpool,,Worker (A rating),Skilled Worker,education
University Campus of Football Business Limited,Wembley,,Worker (A rating),Skilled Worker,education
University Centre Somerset College Group,Bridgwater,Somerset,Worker (A rating),Skilled Worker,education
University College Birmingham,Birmingham,,Worker (A rating),Skilled Worker,education
University College London,London,,Worker (A rating); Temporary Worker (A rating),Skilled Worker; Government Authorised Exchange,education
University College School,London,,Worker (A rating),Skilled Worker,education
University for the Creative Arts,Surrey,,Worker (A rating),Skilled Worker,education
University Jewish Chaplaincy,London,,Worker (A rating),Skilled Worker; Tier 2 Ministers of Religion,education
University of Aberdeen,Aberdeen,,Worker (A rating); Temporary Worker (A rating),Skilled Worker; Government Authorised Exchange,education
University of Bath,Bath,Bath and North East Somerset,Worker (A rating); Temporary Worker (A rating),Skilled Worker; International Sportsperson; Creative Worker; Government Authorised Exchange,education
University of Bedfordshire,Luton,Bedfordshire,Worker (A rating),Skilled Worker,education
University of Birmingham,Birmingham,,Worker (A rating); Temporary Worker (A rating),Skilled Worker; Government Authorised Exchange,education
University of Bolton,Bolton,,Worker (A rating),Skilled Worker,education
University of Bradford,Bradford,West Yorkshire,Temporary Worker (A rating); Worker (A rating),Creative Worker; Government Authorised Exchange; Skilled Worker,education
University of Brighton,Brighton,East Sussex,Temporary Worker (A rating); Worker (A rating),Government Authorised Exchange; Skilled Worker,education
University of Brighton Academies Trust,Burgess Hill,,Worker (A rating),Skilled Worker,education
University of Bristol,Bristol,,Temporary Worker (A rating); Worker (A rating),Creative Worker; Skilled Worker; Government Authorised Exchange,education
University of Bristol Students' Union,Bristol,,Worker (A rating),Skilled Worker,education
University of California Trust,London,,Worker (A rating),Global Business Mobility: Senior or Specialist Worker; Skilled Worker,education
University of Cambridge Investment Management Limited,Cambridge,,Worker (A rating),Skilled Worker,education
University of Chester,Chester,Cheshire,Worker (A rating); Temporary Worker (A rating),Skilled Worker; Government Authorised Exchange,education
University of Chicago Booth School of Business,London,,Worker (A rating),Global Business Mobility: Senior or Specialist Worker; Skilled Worker,education
University of Chichester,Chichester,West Sussex,Worker (A rating); Temporary Worker (A rating),Skilled Worker; Government Authorised Exchange,education
University of Chichester (Multi) Academy Trust,Bognor Regis,West Sussex,Worker (A rating),Skilled Worker,education
University of Cumbria,Carlisle,Cumbria,Worker (A rating); Temporary Worker (A rating),Skilled Worker; Government Authorised Exchange,education
University of Derby,Derby,Derbyshire,Worker (A rating); Temporary Worker (A rating),Skilled Worker; Creative Worker; Government Authorised Exchange; International Sportsperson,education
University of Dundee,Dundee,,Worker (A rating); Temporary Worker (A rating),Skilled Worker; Government Authorised Exchange,education
University of Durham,Durham,,Worker (A rating); Temporary Worker (A rating),Skilled Worker; Government Authorised Exchange; International Sportsperson,education
University of East Anglia,Norwich,Norfolk,Worker (A rating); Temporary Worker (A rating),Skilled Worker; Government Authorised Exchange,education
University of East London,London,,Worker (A rating); Temporary Worker (A rating),Skilled Worker; Government Authorised Exchange; International Sportsperson,education
University of Edinburgh,Edinburgh,,Temporary Worker (A rating); Worker (A rating),Government Authorised Exchange; Charity Worker; Skilled Worker; International Sportsperson,education
University of Essex,Colchester,Essex,Temporary Worker (A rating); Worker (A rating),Creative Worker; Skilled Worker; Government Authorised Exchange; International Sportsperson,education
University of Exeter,Exeter,Devon,Worker (A rating); Temporary Worker (A rating),Skilled Worker; Charity Worker; Creative Worker; Government Authorised Exchange; International Sportsperson,education
University of Glasgow,Glasgow,Strathclyde,Temporary Worker (A rating); Worker (A rating),Government Authorised Exchange; Skilled Worker,education
University of Gloucestershire,Cheltenham,Gloucestershire,Temporary Worker (A rating); Worker (A rating),Government Authorised Exchange; Skilled Worker,education
University of Hertfordshire Higher Education Corporation,Hatfield,Hertfordshire,Worker (A rating); Temporary Worker (A rating),Skilled Worker; Government Authorised Exchange; International Sportsperson,education
University of Hertfordshire Students' Union,Hatfield,Hertfordshire,Worker (A rating),Skilled Worker,education
University of Huddersfield,Huddersfield,West Yorkshire,Temporary Worker (A rating); Worker (A rating),Government Authorised Exchange; Skilled Worker,education
University of Hull,Hull,,Worker (A rating); Temporary Worker (A rating),Skilled Worker; Creative Worker; Government Authorised Exchange,education
University of Kent,Canterbury,Kent,Worker (A rating); Temporary Worker (A rating),Skilled Worker; Government Authorised Exchange,education
University of Lancashire,Preston,Lancashire,Worker (A rating); Temporary Worker (A rating),Skilled Worker; Government Authorised Exchange,education
University of Leeds (Human Resources),Leeds,West Yorks,Worker (A rating),Skilled Worker,education
University of Leeds(Human Resources),Leeds,West Yorks,Temporary Worker (A rating),Creative Worker; International Agreement; Government Authorised Exchange,education
University of Leicester,LEICESTER,Leicestershire,Temporary Worker (A rating); Worker (A rating),Government Authorised Exchange; Skilled Worker,education
University of Lincoln,Lincoln,Lincolnshire,Temporary Worker (A rating); Worker (A rating),Government Authorised Exchange; Skilled Worker,education
University of Liverpool,Liverpool,Merseyside,Worker (A rating); Temporary Worker (A rating),Skilled Worker; Government Authorised Exchange,education
University of London,London,,Worker (A rating); Temporary Worker (A rating),Skilled Worker; Government Authorised Exchange,education
University of Northampton Enterprises Limited,Northampton,,Worker (A rating),Skilled Worker,education
University of Northampton Students' Union,Northampton,,Worker (A rating),Skilled Worker,education
University of Notre Dame,London,,Worker (A rating),Skilled Worker; Global Business Mobility: Senior or Specialist Worker,education
University of Nottingham,Nottingham,,Worker (A rating); Temporary Worker (A rating),Skilled Worker; Creative Worker; Government Authorised Exchange; International Sportsperson,education
University Of Nottingham Student Union,Nottingham,,Worker (A rating),Skilled Worker,education
University of Oxford,Oxford,Oxfordshire,Temporary Worker (A rating); Worker (A rating),Government Authorised Exchange; Skilled Worker,education
University of Plymouth,Plymouth,Devon,Temporary Worker (A rating); Worker (A rating),Government Authorised Exchange; Skilled Worker,education
University of Portsmouth,Portsmouth,Hampshire,Temporary Worker (A rating); Worker (A rating),Government Authorised Exchange; Skilled Worker,education
University of Reading,Reading,Berkshire,Worker (A rating); Temporary Worker (A rating),Skilled Worker; Government Authorised Exchange; Global Business Mobility: Senior or Specialist Worker,education
University of South Wales,Pontypridd,,Worker (A rating); Temporary Worker (A rating),Skilled Worker; Creative Worker; Government Authorised Exchange,education
University of Southampton,Southampton,Hampshire,Worker (A rating); Temporary Worker (A rating),Skilled Worker; Government Authorised Exchange; Creative Worker,education
University of St Andrews,St Andrews,Fife,Worker (A rating); Temporary Worker (A rating),Skilled Worker; Government Authorised Exchange,education
University of St Mark & St John,Plymouth,Devon,Temporary Worker (A rating); Worker (A rating),Government Authorised Exchange; Skilled Worker,education
University of Staffordshire,Stoke on Trent,Staffordshire,Temporary Worker (A rating); Worker (A rating),Government Authorised Exchange; Skilled Worker,education
University of Stirling,Scotland,,Worker (A rating); Temporary Worker (A rating),Skilled Worker; Government Authorised Exchange,education
University of Strathclyde,Glasgow,,Worker (A rating); Temporary Worker (A rating),Skilled Worker; Government Authorised Exchange; International Sportsperson,education
University of Strathclyde Students' Association,Glasgow,,Worker (A rating),Skilled Worker,education
University of Suffolk,Ipswich,Suffolk,Worker (A rating),Skilled Worker,education
University of Sunderland,Sunderland,Tyne and Wear,Worker (A rating); Temporary Worker (A rating),Skilled Worker; Creative Worker; Government Authorised Exchange,education
University of Surrey,Guildford,Surrey,Worker (A rating); Temporary Worker (A rating),Skilled Worker; Government Authorised Exchange,education
University of Sussex,Brighton,East Sussex,Temporary Worker (A rating); Worker (A rating),Government Authorised Exchange; Skilled Worker,education
University of Sussex Students' Union,Falmer,East Sussex,Worker (A rating),Skilled Worker,education
University of Teesside,Middlesbrough,,Worker (A rating); Temporary Worker (A rating),Skilled Worker; Government Authorised Exchange,education
University of the Arts London,London,,Worker (A rating); Temporary Worker (A rating),Skilled Worker; Creative Worker; Government Authorised Exchange,education
University of the Highlands and Islands,Inverness,,Temporary Worker (A rating); Worker (A rating),Government Authorised Exchange; Skilled Worker,education
University of the West of England,BRISTOL,Avon,Temporary Worker (A rating); Worker (A rating),Government Authorised Exchange; Skilled Worker,education
University of the West of Scotland,Paisley,,Worker (A rating); Temporary Worker (A rating),Skilled Worker; Government Authorised Exchange,education
University of Ulster,Coleraine,Londonderry,Worker (A rating); Temporary Worker (A rating),Skilled Worker; Government Authorised Exchange,education
University of Wales,Cardiff,,Temporary Worker (A rating); Worker (A rating),Government Authorised Exchange; Skilled Worker,education
University of Wales Trinity Saint David - Lampeter Campus,Lampeter,Ceredigion,Temporary Worker (A rating); Worker (A rating),Government Authorised Exchange; Skilled Worker,education
University of Wales Trinity St. David,Swansea,Glamorgan,Worker (A rating),Skilled Worker,education
University of Warwick,Coventry,,Temporary Worker (A rating); Worker (A rating),Creative Worker; Skilled Worker; Government Authorised Exchange,education
University of Westminster,London,,Worker (A rating); Temporary Worker (A rating),Skilled Worker; Government Authorised Exchange,education
University of Wolverhampton,Wolverhampton,West Midlands,Worker (A rating); Temporary Worker (A rating),Skilled Worker; Creative Worker; Government Authorised Exchange,education
University of York,York,York,Worker (A rating); Temporary Worker (A rating),Skilled Worker; Government Authorised Exchange; Creative Worker,education
University Schools Trust,London,,Worker (A rating),Skilled Worker,education
Unloc Learning Limited,Portsmouth,Hampshire,Worker (A rating),Skilled Worker,education
Upper Shirley High School,Southampton,Hampshire,Worker (A rating),Skilled Worker,education
Uppingham Community College,Uppingham,Rutland,Worker (A rating),Skilled Worker,education
Uppingham School (Company Registration Number 8013826),Uppingham,Rutland,Worker (A rating),Skilled Worker,education
US-UK Educational Commission (US-UK Fulbright Commission),London,,Worker (A rating); Temporary Worker (A rating),Skilled Worker; Government Authorised Exchange,education
USP College,Benfleet,Essex,Worker (A rating),Skilled Worker,education
Uxbridge High School Academy Trust,Uxbridge,Middlesex,Worker (A rating),Skilled Worker,education
VALAMIS LEARNING UK LIMITED,Cirencester,Gloucestershire,Worker (A rating),Skilled Worker,education
Valley Invicta Academies Trust,Maidstone,Kent,Worker (A rating),Skilled Worker,education
Vector Education Sports Limited,London,,Worker (A rating),Skilled Worker,education
VENUS TRAINING LTD,Barking,,Worker (A rating),Skilled Worker,education
Verto Education UK Ltd,London,,Worker (A rating),Skilled Worker; Global Business Mobility: Senior or Specialist Worker,education
VICTORIA COLLEGE OF ARTS AND DESIGN LIMITED,London,,Worker (A rating),Skilled Worker,education
Vigilo Training Limited T/A Vigilo Solutions,GLASGOW,,Worker (A rating),Skilled Worker,education
Virtual Class Ltd trading as Third Space Learning,London,,Worker (A rating),Skilled Worker,education
Vision Academy Education and Technology UK Limited,London,,Worker (A rating),Skilled Worker,education
VISS EDUCATION CONSULTANCY LTD,London,,Worker (A rating),Skilled Worker,education
VISTA EDUCATION CORPORATION LIMITED,Hereford,,Worker (A rating),Skilled Worker,education
Vita Multi Academy Trust,Alresford,Hampshire,Worker (A rating),Skilled Worker,education
Vive Education Group Ltd,London,,Worker (A rating),Skilled Worker,education
Waingels College,Reading,Berkshire,Worker (A rating),Skilled Worker,education
Walbrook Institute London Limited,London,,Worker (A rating),Global Business Mobility: Senior or Specialist Worker; Skilled Worker,education
Walhampton School,Lymington,Hampshire,Temporary Worker (A rating),Charity Worker,education
Walsall College,Walsall,West Midlands,Worker (A rating),Skilled Worker,education
Waltham Forest College,London,,Worker (A rating),Skilled Worker,education
Waltham International College Ltd,Barking,london,Worker (A rating),Skilled Worker,education
Walthamstow Village Montessori Day Nursery,London,,Worker (A rating),Skilled Worker,education
Walworth After-School Club Limited,London,,Worker (A rating),Skilled Worker,education
Wandle Learning Trust,London,,Worker (A rating),Skilled Worker,education
Warminster School,Warminster,Wiltshire,Worker (A rating),Skilled Worker,education
Warrington & Vale Royal College,Warrington,Cheshire,Worker (A rating),Skilled Worker,education
Warriors TMA Academy Limited,Coventry,West Midlands,Worker (A rating),Skilled Worker,education
Warwick Independent Schools Foundation,Warwick,Warwickshire,Worker (A rating),Skilled Worker,education
Warwickshire College Group,Leamington Spa,Warwickshire,Worker (A rating),Skilled Worker,education
"Waseda Academy UK Co., Limited",London,,Worker (A rating),Global Business Mobility: Senior or Specialist Worker; Skilled Worker,education
Watford Grammar School for Boys,Watford,,Worker (A rating),Skilled Worker,education
Watford School Uniforms Limited,Watford,,Worker (A rating),Skilled Worker,education
Watling View School,ST. ALBANS,Herts,Worker (A rating),Skilled Worker,education
WATNEY COLLEGE LIMITED,London,,Worker (A rating),Skilled Worker,education
Wavereley Education Foundation Trust,Birmingham,,Worker (A rating),Skilled Worker,education
Weald of Kent Grammar School Academy Trust,Tonbridge,Kent,Worker (A rating),Skilled Worker,education
Welling School,Welling,Bexley,Worker (A rating),Skilled Worker,education
Wellingborough School,Wellingborough,Northamptonshire,Worker (A rating),Skilled Worker; Tier 2 Ministers of Religion,education
Wellington College,Crowthorne,Berks,Worker (A rating),Skilled Worker,education
Wellington School,Altrincham,Cheshire,Worker (A rating),Skilled Worker,education
Wells Cathedral School,Wells,Somerset,Worker (A rating); Temporary Worker (A rating),Skilled Worker; Creative Worker,education
Wembley Multi-Academy Trust,Wembley,,Worker (A rating),Skilled Worker,education
WENLIN EDUCATION LTD,London,,Worker (A rating),Skilled Worker,education
Wentworth  TC Limited (Wentworth College),London,,Worker (A rating),Skilled Worker,education
Wessex Institute of Technology,Southampton,Hampshire,Worker (A rating),Skilled Worker,education
Wessex Learning Trust,Cheddar,Somerset,Worker (A rating),Skilled Worker,education
West Buckland School,Barnstaple,Devon,Temporary Worker (A rating),Charity Worker,education
West Dean College - The Edward James Foundation Ltd,CHICHESTER,West Sussex,Temporary Worker (A rating); Worker (A rating),Charity Worker; Creative Worker; Skilled Worker,education
West Face School of Business Ltd,London,,Worker (A rating),Skilled Worker,education
WEST HATCH HIGH SCHOOL ACADEMY TRUST,Chigwell,Essex,Worker (A rating),Skilled Worker,education
West Herts College,Watford,,Worker (A rating),Skilled Worker,education
West London Professional College Ltd,Hounslow,London,Worker (A rating),Skilled Worker,education
West London School LTD,London,,Worker (A rating),Skilled Worker,education
West Midlands Academy Trust,Birmingham,,Worker (A rating),Skilled Worker,education
West Norfolk Academies Trust,Kings Lynn,Norfolk,Worker (A rating),Skilled Worker,education
West Nottinghamshire College,Mansfield,,Worker (A rating),Skilled Worker,education
West Suffolk College,Bury St Edmunds,Suffolk,Worker (A rating),Skilled Worker,education
West Thames College,Isleworth,Middlesex,Worker (A rating),Skilled Worker,education
West Thurrock Academy,Grays,Essex,Worker (A rating),Skilled Worker,education
Westbourne House School,Chichester,West Sussex,Temporary Worker (A rating),Charity Worker,education
Westbourne School,Penarth,Vale of Glamorgan,Worker (A rating),Skilled Worker,education
Westbourne School Trust Limited,Sheffield,South Yorkshire,Worker (A rating),Skilled Worker,education
Westcliff High School for Boys,Westcliff-on-Sea,Essex,Worker (A rating),Skilled Worker,education
Westcountry Schools Trust,Ivybridge,Devon,Temporary Worker (A rating); Worker (A rating),Charity Worker; Skilled Worker,education
Western House Academy,Slough,Berkshire,Worker (A rating),Skilled Worker,education
Westfield Academy,Watford,Hertfordshire,Worker (A rating),Skilled Worker,education
Westfield School,Newcastle upon Tyne,TYne and Wear,Worker (A rating),Skilled Worker,education
WESTMID ACADEMY LTD,BIRMINGHAM,,Worker (A rating),Skilled Worker,education
Westminster Academies,London,Greater London,Worker (A rating),Skilled Worker,education
Westminster Academy,London,Greater London,Worker (A rating),Skilled Worker,education
Westminster College,Cambridge,Cambridge shire,Worker (A rating),Skilled Worker,education
Westminster Education and Cultural Exchange Centre Limited,London,,Worker (A rating),Skilled Worker,education
WESTMINSTER SCHOOL,London,,Worker (A rating),Skilled Worker,education
Weston College,Weston super Mare,N Somerset,Worker (A rating),Skilled Worker,education
Wetherby High School,Leeds,West Yorkshire,Worker (A rating),Skilled Worker,education
Wetherby House Montessori Kensal Rise Limited,London,,Worker (A rating),Skilled Worker,education
Wetherby House Montessori Limited,Northwood,,Worker (A rating),Skilled Worker,education
Weydon School,Farnham,Surrey,Worker (A rating),Skilled Worker,education
WHICH INDEPENDENT SCHOOLS LTD,London,,Worker (A rating),Skilled Worker,education
White Rose Academies Trust,Leeds,,Worker (A rating),Skilled Worker,education
White Rose Education Limited,Halifax,England,Worker (A rating),Skilled Worker,education
White-eagles Educational Services Limited,Nottingham,Nottinghamshire,Worker (A rating),Skilled Worker,education
Whitefield Academy Trust,Walthamstow,,Worker (A rating),Skilled Worker,education
Whitefield School,London,,Worker (A rating),Skilled Worker,education
Whitehall Primary School,London,,Worker (A rating),Skilled Worker,education
Whitehead-Ross Education and Consulting Ltd,Neath,,Worker (A rating),Skilled Worker,education
Whiteheath Junior School,Ruislip,Middlesex,Worker (A rating),Skilled Worker,education
WHIZZ EDUCATION LIMITED,London,,Worker (A rating),Global Business Mobility: Senior or Specialist Worker; Skilled Worker,education
Wigmore Primary School,Luton,Bedfordshire,Worker (A rating),Skilled Worker,education
WILLIAM COLLEGE LTD,London,,Worker (A rating),Skilled Worker,education
William Tyndale Primary School,London,,Worker (A rating),Skilled Worker,education
Williams College Oxford Programme,Oxford,,Worker (A rating),Global Business Mobility: Senior or Specialist Worker; Skilled Worker,education
Willow Learning Trust,Sutton,Surrey,Worker (A rating),Skilled Worker,education
Willows Pre-School Limited,London,,Worker (A rating),Skilled Worker,education
Wilson's School,Wallington,,Worker (A rating),Skilled Worker,education
Wiltshire College & University Centre,Salisbury,Wiltshire,Worker (A rating),Skilled Worker,education
Wimbledon College,London,,Worker (A rating),Tier 2 Ministers of Religion; Skilled Worker,education
Wimbledon High School,London,,Worker (A rating),Skilled Worker,education
Wimbledon Park Montessori School,London,,Worker (A rating),Skilled Worker,education
Winchester College,Winchester,Hampshire,Worker (A rating); Temporary Worker (A rating),Skilled Worker; Charity Worker,education
Winchester House School Trust Ltd,Brackley,Northants,Temporary Worker (A rating),Charity Worker,education
Winchmore School,London,,Worker (A rating),Skilled Worker,education
Windermere Educational Trust Limited,WINDERMERE,Cumbria,Temporary Worker (A rating),Charity Worker,education
Windermere School,Windermere,Cumbria,Worker (A rating),Skilled Worker,education
Windlesham House School,Pulborough,West Sussex,Worker (A rating); Temporary Worker (A rating),Skilled Worker; Charity Worker,education
Windrush Valley School,Oxfordshire,,Worker (A rating),Skilled Worker,education
Windsor Learning Partnership,Windsor,,Worker (A rating),Skilled Worker,education
WINSOR SKILLS TRAINING LTD,Birmingham,West Midlands,Temporary Worker (A rating); Worker (A rating),Charity Worker; Skilled Worker,education
WINWAY COLLEGE OF BUSINESS & TECHNOLOGY LIMITED,Croydon,,Worker (A rating),Skilled Worker,education
Wisbech Grammar School Ltd,Wisbech,Cambridgeshire,Worker (A rating),Skilled Worker,education
Wisefull Education Limited,Enfield,,Worker (A rating),Skilled Worker,education
Wiselinx Executive Education Company Limited,London,,Worker (A rating),Skilled Worker,education
WMG Academy for Young Engineers,Coventry,West Midlands,Worker (A rating),Skilled Worker,education
Woldingham School,Caterham,Surrey,Temporary Worker (A rating); Worker (A rating),Charity Worker; Skilled Worker,education
WOLFSON COLLEGE CAMBRIDGE,CAMBRIDGE,,Temporary Worker (A rating); Worker (A rating),Charity Worker; Skilled Worker,education
Wollaston School,Wellingborough,Northamptonshire,Worker (A rating),Skilled Worker,education
Wolverhampton Girls' High School,Wolverhampton,UK,Worker (A rating),Skilled Worker,education
Wonder Kids Nursery,West Drayton,,Worker (A rating),Skilled Worker,education
Wonderland Nursery Limited,Hayes,,Worker (A rating),Skilled Worker,education
Wood St Nursery,Walthamstow,London,Worker (A rating),Skilled Worker,education
Woodard Academies Trust,London,,Worker (A rating),Skilled Worker,education
Woodentots Montessori Nature Babies Ltd,London,,Worker (A rating),Skilled Worker,education
Woodhouse Grove School part of Methodist Independent Schools Trust,Bradford,,Worker (A rating),Skilled Worker,education
Woodlands Community College,Southampton,Hampshire,Worker (A rating),Skilled Worker,education
Woodlands Early Learning LTD,Southampton,Hampshire,Worker (A rating),Skilled Worker,education
Woodlands Home Nursery Limited,London,North Finchley,Worker (A rating),Skilled Worker,education
Woodlands Primary School,Borehamwood,Hertfordshire,Worker (A rating),Skilled Worker,education
Woodlodge Montessori School,Northwood,Middlesex,Worker (A rating),Skilled Worker,education
Woodside Academy,Grays,Essex,Worker (A rating),Skilled Worker,education
Wootton Academy Trust,Bedford,Bedfordshire,Worker (A rating),Skilled Worker,education
Workshops At Schools,ASHBOURNE,Derbyshire,Worker (A rating),Skilled Worker,education
World Learning Academy Limited t/a Galaxy Tuition,London,,Worker (A rating),Skilled Worker,education
Worth School,Turners Hill,West Sussex,Temporary Worker (A rating); Worker (A rating),Charity Worker; Skilled Worker,education
Wren Academy,London,,Worker (A rating),Skilled Worker,education
Wrexham University,Wrexham,,Worker (A rating); Temporary Worker (A rating),Skilled Worker; Government Authorised Exchange,education
Wrotham School Academy,Sevenoaks,Kent,Worker (A rating),Skilled Worker,education
Wycliffe College (Incorporated),Stonehouse,Gloucestershire,Worker (A rating),Skilled Worker,education
Wycombe High School,High Wycombe,Buckinghamshire,Worker (A rating),Skilled Worker; International Sportsperson,education
Wyke Sixth Form College,Hull,East Yorkshire,Worker (A rating),Skilled Worker,education
Wyvern College,BOTLEY,Hampshire,Worker (A rating),Skilled Worker,education
Wyvil Primary School,London,,Worker (A rating),Skilled Worker,education
Xavier Catholic Education Trust,Chertsey,Surrey,Worker (A rating),Skilled Worker,education
XPS CONSTRUCTION AND SKILLS LEARNING LIMITED,London,,Worker (A rating),Skilled Worker,education
XWORKS TRAINING LIMITED T/A Smileworks Aesthetic Training HUB,Liverpool,,Worker (A rating),Skilled Worker,education
Yale University Press London,London,,Worker (A rating),Global Business Mobility: Senior or Specialist Worker; Skilled Worker,education
YAMAN ACADEMY LTD,LONDON,,Worker (A rating),Skilled Worker,education
Yavneh College,Herts,Herts,Temporary Worker (A rating); Worker (A rating),Charity Worker; Skilled Worker,education
YELLOW BUTTERFLY NURSERY LTD,Southall,,Worker (A rating),Skilled Worker,education
Yeovil College,Yeovil,Somerset,Worker (A rating),Skilled Worker,education
Ying Fan Education Service Company Limited,London,,Worker (A rating),Skilled Worker,education
Yingtong Education Consultancy Ltd,London,,Worker (A rating),Skilled Worker,education
York College,York,,Worker (A rating),Skilled Worker,education
York House School,Rickmansworth,Herts,Worker (A rating),Skilled Worker,education
York St John University,YORK,,Worker (A rating); Temporary Worker (A rating),Skilled Worker; Government Authorised Exchange,education
Yorkshire Canine Academy Ltd,Leeds,West Yorkshire,Worker (A rating),Skilled Worker,education
YORKSHIRE COLLEGE LTD,Leeds,West Yorkshire,Worker (A rating),Skilled Worker,education
Yorkshire Education Society T/A Upper Soothill Islamic Centre,Dewsbury,,Temporary Worker (A rating); Worker (A rating),Religious Worker; Skilled Worker; Tier 2 Ministers of Religion,education
Youth And Women Education Trust,Birmingham,West Midlands,Temporary Worker (A rating); Worker (A rating),Charity Worker; Tier 2 Ministers of Religion,education
Youtu Overseas Education Consultancy Ltd,Manchester,,Worker (A rating),Skilled Worker,education
ZARINA GHANI T/A LEARNING LAND PRE-SCHOOL,Luton,Bedfordshire,Worker (A rating),Skilled Worker,education
Zebedee Nursery School Ltd,London,,Worker (A rating),Skilled Worker,education
Zenith Multi Academy Trust,Benfleet,Essex,Worker (A rating),Skilled Worker,education
ZERONE EDUCATION&TRAINING LIMITED,London,,Worker (A rating),Skilled Worker,education
Zest Route to Learning Ltd,Peterborough,,Worker (A rating),Skilled Worker,education
ZigZag Education,Bristol,Bristol,Worker (A rating),Skilled Worker,education
Zik Expert Teachers Ltd t/a Cambridge Tuition Centre,Chatham,Kent,Worker (A rating),Skilled Worker,education
Zikora day Nursery and Preschool,Stratford,,Worker (A rating),Skilled Worker,education
ZIPPYS DAY NURSERY LIMITED,Greenwich,London,Worker (A rating),Skilled Worker,education
ZONE SCHOOL OF BUSINESS STUDIES LONDON LTD,"London, England",,Worker (A rating),Skilled Worker,education
