name,town,county,rating,routes,sector
CONSTRUCTION POINT LIMITED,Manchester,,Worker (A rating),Skilled Worker,engineering_construction
NATIONWIDE ELECTRICAL & SECURITY WHOLESALERS LTD,WOLVERHAMPTON,,Worker (A rating),Skilled Worker,engineering_construction
PRAKASH BUILDER LIMITED,LEICESTER,,Worker (A rating),Skilled Worker,engineering_construction
"""K"" Line Energy Shipping (UK) Limited",LONDON,,Worker (A rating),Global Business Mobility: Senior or Specialist Worker; Skilled Worker,engineering_construction
@ Architect UK Ltd,West Horndon,Essex,Worker (A rating),Skilled Worker,engineering_construction
105 West Architects Ltd,Bristol,,Worker (A rating),Skilled Worker,engineering_construction
1066 PLUMBING AND HEATING LTD,"St. Leonards-On-Sea,",,Worker (A rating),Skilled Worker,engineering_construction
1214 Construction,Bradford,,Worker (A rating),Skilled Worker,engineering_construction
"1ST CHOICE PLUMBING,HEATING &COOLING LTD",Leicester,,Worker (A rating),Skilled Worker,engineering_construction
2 EXCEL ENGINEERING LIMITED,Lasham,Hampshire,Worker (A rating),Skilled Worker,engineering_construction
23 Architecture Ltd,London,,Worker (A rating),Skilled Worker,engineering_construction
24 Seven Civil Engineering Ltd,Harrow,,Worker (A rating),Skilled Worker,engineering_construction
2H Offshore Engineering Ltd,Woking,Surrey,Worker (A rating),Skilled Worker; Global Business Mobility: Senior or Specialist Worker,engineering_construction
2K CONSTRUCTION LTD,London,,Worker (A rating),Skilled Worker,engineering_construction
2MS CONSTRUCTION LTD,NEWMARKET,SUFFOLK,Worker (A rating),Skilled Worker,engineering_construction
360 energy,Craigavon,Co. Armagh,Worker (A rating),Skilled Worker,engineering_construction
360 Energy (N.I) Limited,Craigavon,,Worker (A rating),Skilled Worker,engineering_construction
365 Motors LTD,Bolton,Greater Manchester,Worker (A rating),Skilled Worker,engineering_construction
369 Builders Merchants Ltd,Walsall,West Midlands,Worker (A rating),Skilled Worker,engineering_construction
3b construction ltd,Newton Stewart,Dumfries and Galloway,Worker (A rating),Skilled Worker,engineering_construction
3D BUILDING HOME LTD,London,,Worker (A rating),Skilled Worker,engineering_construction
3G Metal Fabrications Limited,Leicester,,Worker (A rating),Skilled Worker,engineering_construction
3K's Engineering Company Limited,Llanelli,Carmarthenshire,Worker (A rating),Skilled Worker,engineering_construction
3T Additive Manufacturing Ltd,Newbury,Berkshire,Worker (A rating); Temporary Worker (A rating),Skilled Worker; Global Business Mobility: Senior or Specialist Worker; Global Business Mobility: Graduate Trainee,engineering_construction
3ti Energy Hubs Ltd,LEATHERHEAD,Surrey,Worker (A rating),Skilled Worker,engineering_construction
44 ENERGY LTD,London,,Worker (A rating),Global Business Mobility: Senior or Specialist Worker; Skilled Worker,engineering_construction
4BASE CONSTRUCTION LTD,Southall,,Worker (A rating),Skilled Worker,engineering_construction
4PS Construction Solutions Limited,Birmingham,,Worker (A rating),Skilled Worker,engineering_construction
5 STAR AR BUILDERS LTD,Bradford,,Worker (A rating),Skilled Worker,engineering_construction
56Three Architects Limited,Edinburgh,,Worker (A rating),Skilled Worker,engineering_construction
5S Construction Services Ltd,Slough,Berkshire,Worker (A rating),Skilled Worker,engineering_construction
60MINS AUTOS & MECHANICAL SERVICES LTD,Birmingham,,Worker (A rating),Skilled Worker,engineering_construction
7 Steel Manufacturing (UK) Ltd,Cardiff,,Worker (A rating),Skilled Worker,engineering_construction
786 MOTOR TRADERS LIMITED T/A TORQUE POINT,"Barnet,","Hertfordshire,",Worker (A rating),Skilled Worker,engineering_construction
7N Architects (Randolph) Ltd,Edinburgh,Scotland,Worker (A rating),Skilled Worker,engineering_construction
8Ball Contractors Limited,Nottingham,,Worker (A rating),Skilled Worker,engineering_construction
A & D BUILDING (SURREY) LIMITED,CROYDON,,Worker (A rating),Skilled Worker,engineering_construction
A & F (Bolton Builders),Bolton,,Worker (A rating),Skilled Worker,engineering_construction
A & M Motors,Nottingham,Nottinghamshire,Worker (A rating),Skilled Worker,engineering_construction
A and U Electrical Services,Rochdale,,Worker (A rating),Skilled Worker,engineering_construction
A and Z Gas and Plumbing Specialist,Luton,,Worker (A rating),Skilled Worker,engineering_construction
A B Dyne Motors Ltd,London,,Worker (A rating),Skilled Worker,engineering_construction
A Energy Solutions Ltd,London,,Worker (A rating),Skilled Worker,engineering_construction
A F ENERGY SERVICES LIMITED,"Aylesford,",,Worker (A rating),Skilled Worker,engineering_construction
A is for Architecture Ltd,LONDON,,Worker (A rating),Skilled Worker,engineering_construction
A K HARDWARE & PLUMBING LIMITED,Walsall,,Worker (A rating),Skilled Worker,engineering_construction
A Keys Construction Ltd,Twickenham,,Worker (A rating),Skilled Worker,engineering_construction
A Kola Construction Ltd,London,Essex,Worker (A rating),Skilled Worker,engineering_construction
A M DIXON BUILDING SERVICES LTD,KENDAL,CUMBRIA,Worker (A rating),Skilled Worker,engineering_construction
A M Electrical Installations Limited,Halesowen,West Midlands,Worker (A rating),Skilled Worker,engineering_construction
A Moloney Construction Ltd,London,,Worker (A rating),Skilled Worker,engineering_construction
A N Plumbing & Electrical,LUTON,Bedfordshire,Worker (A rating),Skilled Worker,engineering_construction
A P L CONSTRUCTION LTD,Wishaw,,Worker (A rating),Skilled Worker,engineering_construction
A S BUILDING MANAGEMENT LTD,ROMFORD,,Worker (A rating),Skilled Worker,engineering_construction
A S J FACILITIES BUILDING MANAGEMENT LIMITED,"Smethwick, West Midlands",,Worker (A rating),Skilled Worker,engineering_construction
A SIDHU CONSTRUCTION LTD,Hayes,,Worker (A rating),Skilled Worker,engineering_construction
A Squared Engineering Ltd,Perth,Perthshire,Worker (A rating),Skilled Worker,engineering_construction
A TAYLOR ELECTRICAL LIMITED,SOUTH CROYDON,,Worker (A rating),Skilled Worker,engineering_construction
A TO Z BUILDING WORKS LIMITED,Birmingham,England,Worker (A rating),Skilled Worker,engineering_construction
A TO Z MOTOR SPARES (DEWSBURY) LIMITED,Dewsbury,West Yorkshire,Worker (A rating),Skilled Worker,engineering_construction
A V ENERGY SOLUTION LIMITED,Bradford,,Worker (A rating),Skilled Worker,engineering_construction
A&A CONTRACTORS MIDLANDS LTD,Handsworth,,Worker (A rating),Skilled Worker,engineering_construction
A&B Building & Maintenance Ltd,London,,Worker (A rating),Skilled Worker,engineering_construction
A&B ELECTRICAL CONTRACTORS LIMITED,Ilford,London,Worker (A rating),Skilled Worker,engineering_construction
A&B Engineering (Electrical Service Division) Limited,Liverpool,,Worker (A rating),Skilled Worker,engineering_construction
A&B Engineering (Mechanical Service Division) Limited,Liverpool,,Worker (A rating),Skilled Worker,engineering_construction
A&K BROTHERS AUTOMOTIVE LTD,Kent,,Worker (A rating),Skilled Worker,engineering_construction
A&R BUILDING SERVICES LTD,NORTH WEMBLEY,,Worker (A rating),Skilled Worker,engineering_construction
A&W CONSTRUCTION AND RENOVATION LTD,LONDON,,Worker (A rating),Skilled Worker,engineering_construction
A-A-T PLUMBING HEATING LTD,Northampton,,Worker (A rating),Skilled Worker,engineering_construction
A-Gas&Electrical ServicesLtd,Halesowen,,Worker (A rating),Skilled Worker,engineering_construction
A-squared Studio Engineers Ltd,London,,Worker (A rating),Skilled Worker,engineering_construction
A-Z MOTOR SPARES (STAFFORD) LIMITED,Stafford,STAFFORDSHIRE,Worker (A rating),Skilled Worker,engineering_construction
A-Zero Architects,London,London,Worker (A rating),Skilled Worker,engineering_construction
A.A Automotive Dealership Limited,London,,Worker (A rating),Skilled Worker,engineering_construction
A.I.D BUILDERS LTD,Bradford,,Worker (A rating),Skilled Worker,engineering_construction
A.K BUILDER LONDON LTD,Croydon,,Worker (A rating),Skilled Worker,engineering_construction
A.S. BUILDERS (YORKSHIRE) LTD,Bradford,WEST YORKSHIRE,Worker (A rating),Skilled Worker,engineering_construction
A1 BUILDERS (MIDLANDS) LIMITED,Derby,,Worker (A rating),Skilled Worker,engineering_construction
A1 BUILDING & MAINTENANCE SERVICES LTD,Ilford,,Worker (A rating),Skilled Worker,engineering_construction
A1 BUILDING MERCHANT ESSEX LTD,Ilford,Essex,Worker (A rating),Skilled Worker,engineering_construction
A1 JOINERY BHAM LIMITED,Birmingham,,Worker (A rating),Skilled Worker,engineering_construction
A1 Plumbers UK Ltd,Slough,,Worker (A rating),Skilled Worker,engineering_construction
A2 Engineering Ltd,Crawley,,Worker (A rating),Skilled Worker,engineering_construction
A2Z CONSTRUCTION LONDON LTD,Colonbrook,slough,Worker (A rating),Skilled Worker,engineering_construction
A2Z diy hardware plumbing and heating merchant ltd,Birmingham,West midland,Worker (A rating),Skilled Worker,engineering_construction
A40 MOTORS LIMITED,Buckinghamshire,,Worker (A rating),Skilled Worker,engineering_construction
A6 Motors Limited,Bedford,,Worker (A rating),Skilled Worker,engineering_construction
AA AUTOMOTIVE SEAT COVERS LTD,London,,Worker (A rating),Skilled Worker,engineering_construction
AA CONSTRUCTION SERVICES LIMITED,Reading,,Worker (A rating),Skilled Worker,engineering_construction
AA ELECTRICAL AND MECHANICAL SERVICES LTD,London,,Worker (A rating),Skilled Worker,engineering_construction
AA Motors (UK) Limited,Bradford,West Yorkshire,Worker (A rating),Skilled Worker,engineering_construction
AA Plus Plumbing Ltd,London,,Worker (A rating),Skilled Worker,engineering_construction
AAJ CONSTRUCTION (PROPERTY) LTD,ILFORD,,Worker (A rating),Skilled Worker,engineering_construction
AAM ELECTRICAL SERVICES LTD,LONDON,,Worker (A rating),Skilled Worker,engineering_construction
AAMIR BUILDERS LTD,Manchester,,Worker (A rating),Skilled Worker,engineering_construction
AANAM CONSTRUCTION SERVICES LTD,Ilford,Essex,Worker (A rating),Skilled Worker,engineering_construction
AARAA ENGINEERING LTD,London,,Worker (A rating),Skilled Worker,engineering_construction
Aarsleff Ground Engineering Ltd,Newark on Trent,,Worker (A rating),Global Business Mobility: Senior or Specialist Worker; Skilled Worker,engineering_construction
AB Energy UK LTD,London,,Worker (A rating),Skilled Worker,engineering_construction
Abaza Motors Ltd,Wembley,,Worker (A rating),Skilled Worker,engineering_construction
Abbott Motors Limited,Manor Park,,Worker (A rating),Skilled Worker,engineering_construction
ABBOTTSWAY ENGINEERING LTD,london,London,Worker (A rating),Skilled Worker,engineering_construction
ABC Builder (Aiub Building Construction),Oldham,Greater Manchester,Worker (A rating),Skilled Worker,engineering_construction
ABC Construction and Materials Limited,Manchester,,Worker (A rating),Skilled Worker,engineering_construction
ABD Engineering & Development LTD,Essex,,Worker (A rating),Skilled Worker,engineering_construction
Abeko Dredging and Marine Contractors Ltd.,Conwy,Gwynned,Worker (A rating),Skilled Worker; Global Business Mobility: Senior or Specialist Worker,engineering_construction
Abhi Builders Ltd,Slough,,Worker (A rating),Skilled Worker,engineering_construction
Abi Builders Ltd,Stanmore,,Worker (A rating),Skilled Worker,engineering_construction
ABIB PLUMBING AND BUILDING MANAGEMENT LIMITED,Barking,Greater London,Worker (A rating),Skilled Worker,engineering_construction
ABK Motors Ltd,Dagenham,,Worker (A rating),Skilled Worker,engineering_construction
Able Stainless Steel Fabrications Ltd,Swadlincote,Derbyshire,Worker (A rating),Skilled Worker,engineering_construction
ABM Electrical Distributors Limited,Croydon,,Worker (A rating),Skilled Worker,engineering_construction
ABMI Engineering UK Ltd,London,,Worker (A rating),Skilled Worker; Global Business Mobility: Senior or Specialist Worker,engineering_construction
ABO Energy United Kingdom Ltd,Falkirk,,Worker (A rating),Skilled Worker,engineering_construction
About:Energy Limited,London,,Worker (A rating),Skilled Worker,engineering_construction
ABRAHAM AND SONS MOTORS LIMITED,Wallington,,Worker (A rating),Skilled Worker,engineering_construction
ABT Construction Ltd,London,,Worker (A rating),Skilled Worker,engineering_construction
ABT CONSTRUCTION SERVICES LTD,London,,Worker (A rating),Skilled Worker,engineering_construction
Access Building Contractors Ltd.,London,,Worker (A rating),Skilled Worker,engineering_construction
Access Construction Services Ltd,London,,Worker (A rating),Skilled Worker,engineering_construction
ACE CONTRACTOR 385 LIMITED,LONDON,,Worker (A rating),Skilled Worker,engineering_construction
Ace Engineering Solutions Ltd,London,,Worker (A rating),Skilled Worker,engineering_construction
Acero Construction Ltd,CHORLEY,Lancashire,Worker (A rating),Skilled Worker,engineering_construction
Achelous Energy Ltd,Edenbridge,Kent,Worker (A rating),Skilled Worker,engineering_construction
ACK Manufacturing Ltd,Bristol,,Worker (A rating),Skilled Worker,engineering_construction
ACO Building Company UK Ltd,Poole,Dorset,Worker (A rating),Skilled Worker,engineering_construction
ACON CONSTRUCTION GROUP LIMITED,Hersham,,Worker (A rating),Skilled Worker,engineering_construction
Acorn Construction (Yorkshire) Ltd,Sherburn In Elmet,Leeds,Worker (A rating),Skilled Worker,engineering_construction
ACRE CONTRACTORS (LONDON) LTD,Willesden,,Worker (A rating),Skilled Worker,engineering_construction
ACRON ENGINEERING SERVICES (UK) LTD,London,,Worker (A rating),Global Business Mobility: UK Expansion Worker; Skilled Worker,engineering_construction
ACS Building Products Limited,Leeds,Yorkshire and the Humber,Worker (A rating),Skilled Worker,engineering_construction
ACS COMMERCIAL RISK ENGINEERING LTD,Manchester,,Worker (A rating),Skilled Worker,engineering_construction
ACS Professionals in Construction Ltd,Wembley,Middlesex,Worker (A rating),Skilled Worker,engineering_construction
Action Renewables Ltd,Belfast,,Worker (A rating),Skilled Worker,engineering_construction
Acuity Engineering Limited,Corby,,Worker (A rating),Skilled Worker,engineering_construction
Acumen Construction Group Ltd,London,,Worker (A rating),Skilled Worker,engineering_construction
Acute Scaffold Design Ltd,Bristol,,Worker (A rating),Skilled Worker,engineering_construction
AD Architects,Hertford,,Worker (A rating),Skilled Worker,engineering_construction
AD BUILDING RENOVATION LTD,Birmingham,,Worker (A rating),Skilled Worker,engineering_construction
ADAM Architecture Ltd,Winchester,Hampshire,Worker (A rating),Skilled Worker,engineering_construction
ADAM BUILDING SOLUTIONS LTD,Dagenham,Essex,Worker (A rating),Skilled Worker,engineering_construction
Adam Carr Builders Ltd,Carnforth,Lancs,Worker (A rating),Skilled Worker,engineering_construction
Adam's Building Construction Limited,Bradford,West Yorkshire,Worker (A rating),Skilled Worker,engineering_construction
ADC Infrastructure Limited,Nottingham,,Worker (A rating),Skilled Worker,engineering_construction
Addlestone Electrical Wholesalers Limited,West Byfleet,,Worker (A rating),Skilled Worker,engineering_construction
ADE Power Limited,Pontefract,,Worker (A rating),Skilled Worker,engineering_construction
Adeel Ahmed trading as Sky Energy,Blackburn,Lancashire,Worker (A rating),Skilled Worker,engineering_construction
ADI Facilities Engineering,Birmingham,"West Midlands,England",Worker (A rating),Skilled Worker,engineering_construction
ADMC ENGINEERING LTD,London,England,Worker (A rating),Skilled Worker,engineering_construction
Admiral Scaffolding Group Limited,London,,Worker (A rating),Skilled Worker,engineering_construction
ADP Architecture Limited,London,,Worker (A rating),Skilled Worker,engineering_construction
Adrian Hill Architects,London,LONDON,Worker (A rating),Skilled Worker,engineering_construction
Adura Energy Limited,London,,Worker (A rating),Skilled Worker,engineering_construction
ADV Brightware Manufacturing Ltd,Coventry,,Worker (A rating),Skilled Worker,engineering_construction
Advance engineering uk ltd,kings lynn,Norfolk,Worker (A rating),Skilled Worker,engineering_construction
Advance Heating & Electricals Ltd,Harrow,,Worker (A rating),Skilled Worker,engineering_construction
Advance Motors Limited,Slough,Berkshire,Worker (A rating),Skilled Worker,engineering_construction
Advanced Building & Maintenance Services Limited,Aveley,"Purfleet, South Ockendon",Worker (A rating),Skilled Worker,engineering_construction
Advanced Compressor Engineering Services Limited,Wallingford,Oxfordshire,Worker (A rating),Skilled Worker,engineering_construction
Advanced Engineering Group Ltd,OMAGH,,Worker (A rating),Skilled Worker,engineering_construction
Advanced Fabrications (London) Ltd,"Hanwell, London",,Worker (A rating),Skilled Worker,engineering_construction
Advanced Logistics for Aerospace (UK) Ltd,Esher,Surrey,Worker (A rating),Skilled Worker; Global Business Mobility: Senior or Specialist Worker,engineering_construction
Advanced Manufacturing Limited,ROTHERHAM,South Yorkshire,Worker (A rating),Skilled Worker,engineering_construction
Advanced Manufacturing(Sheffield) Ltd,Rotherham,South Yorkshire,Worker (A rating),Skilled Worker,engineering_construction
Advanced Renewable Power Ltd,Washington,Tyne and Wear,Worker (A rating),Skilled Worker,engineering_construction
Adventure Builders Limited,Langley,Berkshire,Worker (A rating),Skilled Worker,engineering_construction
Aed Energy Ltd,London,,Worker (A rating),Skilled Worker,engineering_construction
AEG Construction Limited,Derby,,Worker (A rating),Skilled Worker,engineering_construction
AEGE ENERGY (UK) LTD,Stirling,,Worker (A rating),Skilled Worker,engineering_construction
Aegis Energy Ltd,London,,Worker (A rating),Skilled Worker,engineering_construction
Aeon Energy Ltd,London,,Worker (A rating),Skilled Worker,engineering_construction
AEROSPACE ENGINEERING SOLUTIONS LTD,BRAINTREE,,Worker (A rating),Skilled Worker,engineering_construction
AFC Energy PLC,Cranleigh,Surrey,Worker (A rating),Skilled Worker,engineering_construction
Affinity Fire Engineering (UK) Limited,London,,Worker (A rating),Skilled Worker,engineering_construction
AG Building and Fencing Ltd,Derby,Derbyshire,Worker (A rating),Skilled Worker,engineering_construction
AG Paving and Building Products Ltd,Fivemiletown,Co Tyrone,Worker (A rating),Skilled Worker,engineering_construction
AGEMA ENGINEERING LTD,COVENTRY,,Worker (A rating),Skilled Worker,engineering_construction
Agenda 21 Architects Studio Ltd,London,,Worker (A rating),Skilled Worker,engineering_construction
AGH Heating & Building Ltd,Coventry,,Worker (A rating),Skilled Worker,engineering_construction
AGORA CONSTRUCTION SERVICES LTD,London,,Worker (A rating),Skilled Worker,engineering_construction
AGR Renewables Limited,London,,Worker (A rating),Skilled Worker,engineering_construction
AGW Heating Plumbing & Electrical Wholesaler Ltd,London,,Worker (A rating),Skilled Worker,engineering_construction
AH ENERGY SERVICES LIMITED,Burnley,,Worker (A rating),Skilled Worker,engineering_construction
AH3 Heating & Plumbing Solutions Ltd,Slough,,Worker (A rating),Skilled Worker,engineering_construction
Ahmed Builders (NW) Limited,Preston,,Worker (A rating),Skilled Worker,engineering_construction
AHMED BUILDING SERVICES LIMITED,MANCHESTER,,Worker (A rating),Skilled Worker,engineering_construction
AHMED MOTOR SERVICE & REPAIR LTD,Uckfield,,Worker (A rating),Skilled Worker,engineering_construction
Aidan Strain Electrical Engineering Ltd (ASEE Ltd),Mullaghbawn,Down,Worker (A rating),Skilled Worker,engineering_construction
AIM CONSTRUCTION LIMITED,PRESTON,LANCASHIRE,Worker (A rating),Skilled Worker,engineering_construction
AIM ENGINEERS LTD,Bristol,,Worker (A rating),Skilled Worker,engineering_construction
Aircraft Engineering Services Limited,Stansted,Essex,Worker (A rating),Skilled Worker,engineering_construction
AIRTIGHT BUILDING SOLUTIONS LTD,HARROW,,Worker (A rating),Skilled Worker,engineering_construction
AIS Wind Energy Ltd,WIGAN,,Worker (A rating),Skilled Worker,engineering_construction
Aisin Europe Manufacturing (UK) Limited,Birmingham,,Worker (A rating),Global Business Mobility: Senior or Specialist Worker,engineering_construction
AJ Engineering & Construction Services Limited,Forres,Moray,Worker (A rating),Skilled Worker,engineering_construction
AJ Power Ltd,Craigavon,County Armagh,Worker (A rating),Skilled Worker,engineering_construction
AJD Contractors Limited,Romford,,Worker (A rating),Skilled Worker,engineering_construction
AJE INFRASTRUCTURE SERVICES LIMITED,LONDON,,Worker (A rating),Skilled Worker,engineering_construction
AJK BUILDERS & RENOVATORS LTD,Luton,,Worker (A rating),Skilled Worker,engineering_construction
AJSL Construction Limited,Milton Keynes,Buckinghamshire,Worker (A rating),Skilled Worker,engineering_construction
AK Automotive,Rowlands Gill,Tyne and Wear,Worker (A rating),Skilled Worker,engineering_construction
AK BUILDERS HEATING & PLUMBING LIMITED,Birmingham,,Worker (A rating),Skilled Worker,engineering_construction
AK Builders Merchants Limited,Hayes,,Worker (A rating),Skilled Worker,engineering_construction
AK Construction Services Ltd,Stoke on Trent,,Worker (A rating),Skilled Worker,engineering_construction
AK Eco Energy Ltd,Birmingham,,Worker (A rating),Skilled Worker,engineering_construction
AK Motors Bolton Ltd,Halifax,,Worker (A rating),Skilled Worker,engineering_construction
Akap Energy Ltd,Stanmore,,Worker (A rating),Skilled Worker,engineering_construction
AKIS SOLAR UK LTD,NORTHAMPTON,NORTHAMPTONSHIRE,Worker (A rating),Global Business Mobility: Senior or Specialist Worker; Skilled Worker,engineering_construction
AKJ Construction Company Limited,Hounslow,,Worker (A rating),Skilled Worker,engineering_construction
AKL Joinery Ltd,High Wycombe,,Worker (A rating),Skilled Worker,engineering_construction
AKN Engineering Limited,Bishop's Stortford,Hertfordshire,Worker (A rating),Skilled Worker,engineering_construction
AKR Construction Ltd,Leeds,,Worker (A rating),Skilled Worker,engineering_construction
Aktrion Manufacturing Support Services Ltd,Telford,,Worker (A rating),Skilled Worker,engineering_construction
AL AARA' A BUILDING CONTG.UK LTD,Peterborough,,Worker (A rating),Skilled Worker,engineering_construction
AL EMON CONSTRUCTION LIMITED,London,,Worker (A rating),Skilled Worker,engineering_construction
Al Fajar Building Maintenance UK Ltd,Fife,,Worker (A rating),Skilled Worker,engineering_construction
AL HAYAT CONSTRUCTION LTD,Rochdale,,Worker (A rating),Skilled Worker,engineering_construction
Al-Yas DIY Hearing and Plumbing Merchants LTD,Blaina,Gwent,Worker (A rating),Skilled Worker,engineering_construction
Alan Anderson Manufacturing Ltd,Hemel Hempstead,,Worker (A rating),Skilled Worker,engineering_construction
Alastair Coey Architects Ltd,BELFAST,Co. Antrim,Worker (A rating),Skilled Worker,engineering_construction
ALB SCAFFOLDING LIMITED,Yiewsley,West Drayton,Worker (A rating),Skilled Worker,engineering_construction
ALB UK Construction & Development Ltd,South Cave,,Worker (A rating),Global Business Mobility: Senior or Specialist Worker; Skilled Worker,engineering_construction
Alba Construction Limited,Birmingham,,Worker (A rating),Skilled Worker,engineering_construction
Alcom Renewables UK Limited,London,,Worker (A rating),Global Business Mobility: Senior or Specialist Worker; Skilled Worker,engineering_construction
ALDGATE ELECTRICAL & BUILDING MAINTENANCE LTD,London,,Worker (A rating),Skilled Worker,engineering_construction
Aldo Fabrication Ltd,Daventry,,Worker (A rating),Skilled Worker,engineering_construction
Alex Building Services (UK) Limited,London,,Worker (A rating),Skilled Worker,engineering_construction
ALEX CAR ELECTRIC AND MECHANICAL LTD,Bristol,,Worker (A rating),Skilled Worker,engineering_construction
Alexander Martin Architects Limited,LONDON,London,Worker (A rating),Skilled Worker,engineering_construction
ALFA CONSTRUCTION BIRMINGHAM LIMITED,Birmingham,,Worker (A rating),Skilled Worker,engineering_construction
Alfa Energy Limited,London,,Worker (A rating),Global Business Mobility: Senior or Specialist Worker; Skilled Worker,engineering_construction
ALFA SOPHIA PLUMBING & HEATING LTD,STAINES -UPON - THAMES,,Worker (A rating),Skilled Worker,engineering_construction
Alfanar Energy Ltd,London,,Worker (A rating),Skilled Worker,engineering_construction
Alfred Cheyne Engineering Ltd,Turriff,Aberdeenshire,Worker (A rating),Skilled Worker,engineering_construction
ALI MOTORS BODYWORK LTD,Birmingham,West Midlands,Worker (A rating),Skilled Worker,engineering_construction
ALI STEEL & FABRICATIONS LTD,Leicester,,Worker (A rating),Skilled Worker,engineering_construction
ALI'S MOTORS LTD,BIRMINGHAM,WEST MIDLANDS,Worker (A rating),Skilled Worker,engineering_construction
ALINED CONSTRUCTION LTD,Lancs,,Worker (A rating),Skilled Worker,engineering_construction
Alisha Construction Ltd,Crewe,,Worker (A rating),Skilled Worker,engineering_construction
Alison Brooks Architects Limited,London,,Worker (A rating),Skilled Worker,engineering_construction
All In One Builders England Ltd,London,,Worker (A rating),Skilled Worker,engineering_construction
All Motors Ltd,Kirknewton,,Worker (A rating),Skilled Worker,engineering_construction
All Pipe Engineering Limited,Northen Ireland,,Worker (A rating),Skilled Worker,engineering_construction
All Power Trading Ltd,Preston,,Worker (A rating),Skilled Worker,engineering_construction
ALL SOLUTION CONSTRUCTION  LTD,NEWCASTLE UPON TYNE,,Worker (A rating),Skilled Worker,engineering_construction
Alleans Renewables Services Ltd,London,,Worker (A rating),Skilled Worker,engineering_construction
ALLEN CONSTRUCTION AND SUPPLIES LTD,BIRMINGHAM,WEST MIDLANDS,Worker (A rating),Skilled Worker,engineering_construction
Allenby Commercial (Construction) Ltd,Hull,East Yorkshire,Worker (A rating),Skilled Worker,engineering_construction
Allenby Heating & Plumbing Ltd,Southall,Middlesex,Worker (A rating),Skilled Worker,engineering_construction
Allgreen Energy,Daresbury Cheshire,,Worker (A rating),Skilled Worker,engineering_construction
Alliance Automotive UK Limited,Milton Keynes,,Worker (A rating),Skilled Worker,engineering_construction
Alliance Motors & Body Repairs Ltd,Wokingham,,Worker (A rating),Skilled Worker,engineering_construction
Allied Global Engineering Ltd,Glossop,Derbyshire,Worker (A rating),Skilled Worker,engineering_construction
Allied Plumbing & Heating Limited,London,,Worker (A rating),Skilled Worker,engineering_construction
Allied Scaffolding Ltd,Oldham,,Worker (A rating),Skilled Worker,engineering_construction
Alltype Builders Merchants,London,,Worker (A rating),Skilled Worker,engineering_construction
ALM MOTORS LIMITED,Bathgate,,Worker (A rating),Skilled Worker,engineering_construction
ALMA ENGINEERING CO LTD,BEDFORSHIRE,,Worker (A rating),Skilled Worker,engineering_construction
Alpha 3 Manufacturing Limited,Scunthorpe,North Lincolnshire,Worker (A rating),Skilled Worker,engineering_construction
ALPHA BOILER PLUMBING AND HOME IMPROVEMENT LTD,Luton,,Worker (A rating),Skilled Worker,engineering_construction
Alpha Building Services Engineering Ltd,London,GL,Worker (A rating),Skilled Worker,engineering_construction
ALPHA CHOICE CONSTRUCTION LTD,Wisbech,,Worker (A rating),Skilled Worker,engineering_construction
Alpha Construction (Pvt) Ltd,Slough,,Worker (A rating),Skilled Worker,engineering_construction
Alpha Contractors Group Ltd,West Ealing,,Worker (A rating),Skilled Worker,engineering_construction
ALPHA ENGINEERS LTD,LONDON,ENGLAND,Worker (A rating),Skilled Worker,engineering_construction
ALPHA SOLAR LTD,UXBRIDGE,,Worker (A rating),Skilled Worker,engineering_construction
Alpine Building Services Limited,Bexleyheath,,Worker (A rating),Skilled Worker,engineering_construction
Alpine Fire Engineers Ltd,BURY,Lancashire,Worker (A rating),Skilled Worker,engineering_construction
Alspa Construction & Development Ltd,MANCHESTER,,Worker (A rating),Skilled Worker,engineering_construction
Alstom Engineering and Services Limited,Derby,,Worker (A rating),Global Business Mobility: Senior or Specialist Worker; Skilled Worker,engineering_construction
Alt-Solar Ltd,Worcester,Worcestershire,Worker (A rating),Skilled Worker,engineering_construction
Altair Engineering Ltd,Leamington Spa,Warwickshire,Worker (A rating),Skilled Worker; Global Business Mobility: Senior or Specialist Worker,engineering_construction
Alternative Energy Company,London,,Worker (A rating),Skilled Worker,engineering_construction
Altus Construction Ltd,London,England,Worker (A rating),Skilled Worker,engineering_construction
"AM Builders (Luton) Ltd,.",LUTON,Bedfordshire,Worker (A rating),Skilled Worker,engineering_construction
AM Civil Engineering Services Ltd,Belfast,,Worker (A rating),Skilled Worker,engineering_construction
AM Plumbing and Heating Services Limited,Luton,,Worker (A rating),Skilled Worker,engineering_construction
AMAAN CONSTRUCTION LTD,HALIFAX,,Worker (A rating),Skilled Worker,engineering_construction
AMAFCO BUILDING CONTRACTING LIMITED,LONDON,ENGLAND,Worker (UK Expansion Worker: Provisional ),Global Business Mobility: UK Expansion Worker,engineering_construction
Amalgamated Construction Ltd,Barnsley,South Yorkshire,Worker (A rating),Skilled Worker,engineering_construction
Amanah Energy Savings,London,,Worker (A rating),Skilled Worker,engineering_construction
Amanda Levete Architects,London,,Temporary Worker (A rating); Worker (A rating),Creative Worker; Skilled Worker,engineering_construction
Amarah Automotive Ltd,Bagshot,,Worker (A rating),Skilled Worker,engineering_construction
Amber Infrastructure Limited,London,,Worker (A rating),Skilled Worker,engineering_construction
AMCO Building Services Ltd,Benfleet,,Worker (A rating),Skilled Worker,engineering_construction
Amery Construction Ltd.,London,Middlesex,Worker (A rating),Skilled Worker,engineering_construction
AMF Precision Engineering Limited,Bromborough,Wirral,Worker (A rating),Skilled Worker,engineering_construction
AMK CONSTRUCTION LTD,LANCASHIRE,,Worker (A rating),Skilled Worker,engineering_construction
AMP Energy Services Limited,London,,Worker (A rating),Skilled Worker,engineering_construction
AMPOFO CONSTRUCTION GROUP LIMITED,ENFIELD,,Worker (A rating),Skilled Worker,engineering_construction
AMPTRON ELECTRICAL SERVICES LIMITED,Nottingham,,Worker (A rating),Skilled Worker,engineering_construction
AMS CONTRACTORS LTD,Romford,,Worker (A rating),Skilled Worker,engineering_construction
AMS Nuclear Engineering Ltd,Bridgwater,Somerset,Worker (A rating),Skilled Worker,engineering_construction
AN Building Ltd,Wiltshire,,Worker (A rating),Skilled Worker,engineering_construction
AN Contractors Ltd,London,,Worker (A rating),Skilled Worker,engineering_construction
Anakata Wind Power Resources Ltd,Oxford,,Worker (A rating),Skilled Worker,engineering_construction
Anam Engineering LTD,London,,Worker (A rating),Skilled Worker,engineering_construction
Anami Construction Limited,Willenhall,West Midlands,Worker (A rating),Skilled Worker,engineering_construction
ANC Scaffolding Products Ltd,Egham,,Worker (A rating),Skilled Worker,engineering_construction
Anders Heating Company Ltd,Thame,Oxfordshire,Worker (A rating),Skilled Worker,engineering_construction
Andi Builders Ltd,London,,Worker (A rating),Skilled Worker,engineering_construction
Andreas Krause Architects Ltd t/a Krause Architects,London,,Worker (A rating),Skilled Worker,engineering_construction
Andrews Associates Engineers Ltd,Croydon,Surrey,Worker (A rating),Skilled Worker,engineering_construction
Anel Engineering & Contracting Limited,Chester,,Worker (A rating),Global Business Mobility: Senior or Specialist Worker; Skilled Worker,engineering_construction
Angel Construction Services Ltd,Southall,Middlesex,Worker (A rating),Skilled Worker,engineering_construction
ANGEL GAS AND BUILDING LTD,Leeds,,Worker (A rating),Skilled Worker,engineering_construction
Anglia Precision Engineering Ltd,Peterborough,Cambridgeshire,Worker (A rating),Skilled Worker,engineering_construction
Anglopak Building Services Limited,London,,Worker (A rating),Skilled Worker,engineering_construction
Angus Pond Architects Ltd,London,London,Worker (A rating),Skilled Worker,engineering_construction
ANI MOTORS LTD,Chesterfield,,Worker (A rating),Skilled Worker,engineering_construction
ANK Motor Fuel Ltd,Worthing,,Worker (A rating),Skilled Worker,engineering_construction
ANR Manufacturing Services Ltd,Bourne End,Buckinghamshire,Worker (A rating),Skilled Worker,engineering_construction
Anros Design & Construction Ltd,Feltham,Hounslow,Worker (A rating),Skilled Worker,engineering_construction
ANSELL ELECTRICAL PRODUCTS LIMITED,Warrington,,Worker (A rating),Global Business Mobility: Senior or Specialist Worker; Skilled Worker,engineering_construction
ANSER MEHMOOD T/A AMB BUILDERS,BLACKBURN,,Worker (A rating),Skilled Worker,engineering_construction
AOC Architecture Ltd,London,,Worker (A rating),Skilled Worker,engineering_construction
AOM BUILDERS LTD,Hayes,,Worker (A rating),Skilled Worker,engineering_construction
Aones Construction Ltd,HOUNSLOW,,Worker (A rating),Skilled Worker,engineering_construction
AOT Energy UK Limited,London,,Worker (A rating),Skilled Worker,engineering_construction
AP PLUMBING AND GAS LIMITED,Willenhall,West Midlands,Worker (A rating),Skilled Worker,engineering_construction
Apex Builders Limited,Gravesend,Kent,Worker (A rating),Skilled Worker,engineering_construction
Apex Civil solutions Limited,Preston,,Worker (A rating),Skilled Worker,engineering_construction
Apex Lift and Escalator Engineers Limited,Bexleyheath,,Worker (A rating),Skilled Worker,engineering_construction
Apollo Scaffold Services Ltd,Barnsley,South Yorkshire,Worker (A rating),Skilled Worker,engineering_construction
APPLE MOTORS LIMITED,Birmingham,,Worker (A rating),Skilled Worker,engineering_construction
APPLE ORCHARD CONSTRUCTION LTD,KEADY,NORTHERN IRELAND,Worker (A rating),Skilled Worker,engineering_construction
Applied Laser Engineering Ltd,Walton-on-Thames,Surrey,Worker (A rating),Skilled Worker,engineering_construction
Approved Energy Ltd,"Telford, England",,Worker (A rating),Skilled Worker,engineering_construction
Approved Power Services Limited,St Helens,Merseyside,Worker (A rating),Skilled Worker,engineering_construction
APS BUILDERS LIMITED,Feltham,,Worker (A rating),Skilled Worker,engineering_construction
APS Construction Ltd,Sutton,Surrey,Worker (A rating),Skilled Worker,engineering_construction
APT Scaffolding Limited,Brentford,,Worker (A rating),Skilled Worker,engineering_construction
Apuljack Engineering,East Brent,Somerset,Worker (A rating),Skilled Worker,engineering_construction
Aquapark Developments Limited T/A Prima Building Solutions Ltd,Sunninghill,,Worker (A rating),Skilled Worker,engineering_construction
Aquaterra Energy Ltd,Norwich,Norfolk,Worker (A rating),Skilled Worker,engineering_construction
AR Architecture Ltd,London,,Worker (A rating),Skilled Worker,engineering_construction
AR BUILDING CONTRACTORS AND DOUBLE GLAZING LTD,Gravesend,,Worker (A rating),Skilled Worker,engineering_construction
AR FABRICATIONS UK LIMITED,West Drayton,,Worker (A rating),Skilled Worker,engineering_construction
ARC Engineering LTD,Ilford,,Worker (A rating),Skilled Worker,engineering_construction
ArcelorMittal Construction UK Ltd,Rowley Regis,,Worker (A rating),Skilled Worker,engineering_construction
Architects Registration Board,London,,Worker (A rating),Skilled Worker,engineering_construction
ARCHITECTURAL METALWORK GROUP LIMITED,LONDON,,Worker (A rating),Skilled Worker,engineering_construction
Architecture Assembly Ltd,London - UK,,Worker (A rating),Skilled Worker,engineering_construction
Architecture for London,London,,Worker (A rating),Skilled Worker,engineering_construction
Architecture North Ltd,Nottingham,,Worker (A rating),Skilled Worker,engineering_construction
Architecture Unknown Limited,Manchester,,Worker (A rating),Skilled Worker,engineering_construction
Architecture00,London,,Worker (A rating),Skilled Worker,engineering_construction
ArchitecturePLB,Winchester,Hampshire,Worker (A rating),Skilled Worker,engineering_construction
ARCONIC MANUFACTURING (GB) LIMITED,Birmingham,,Worker (A rating),Skilled Worker,engineering_construction
Ardmore Construction Group Limited,London,,Worker (A rating),Skilled Worker,engineering_construction
ARES Landscape Architects,Sheffield,South Yorkshire,Worker (A rating),Skilled Worker,engineering_construction
Argent Energy Ltd,Ellesmere Port,Cheshire,Worker (A rating),Skilled Worker,engineering_construction
Argyll Energy Services Limited,Hertfordshire,,Worker (A rating),Skilled Worker,engineering_construction
Arin Power Limited,London,,Worker (A rating),Skilled Worker,engineering_construction
ark architecture + design,Glasgow,,Worker (A rating),Skilled Worker,engineering_construction
ARK BUILDERS AND CONSTRUCTION LTD,Dartford,,Worker (A rating),Skilled Worker,engineering_construction
Arkaya Energy Limited,Southampton,Hampshire,Temporary Worker (A rating),Global Business Mobility: Service Supplier,engineering_construction
Armada Engineering Ltd,Falmouth,,Worker (A rating),Skilled Worker,engineering_construction
Armadillo Engineering (UK)Ltd,Radstock,somerset,Worker (A rating),Skilled Worker,engineering_construction
ARMAN CONSTRUCTION LTD,Croydon,,Worker (A rating),Skilled Worker,engineering_construction
ARNAV CONSTRUCTION LTD,London,,Worker (A rating),Skilled Worker,engineering_construction
ARROW ENERGY MARKETS (UK) LIMITED,London,,Worker (A rating),Skilled Worker,engineering_construction
Arsh Heating Limited,Erith,,Worker (A rating),Skilled Worker,engineering_construction
Arsha Construction Ltd,Brighton,England,Worker (A rating),Skilled Worker,engineering_construction
Arshdeep Construction Ltd,Hayes,,Worker (A rating),Skilled Worker,engineering_construction
Artel Scaffolding Limited,London,London,Worker (A rating),Skilled Worker,engineering_construction
Artemis Energy Limited,London,,Worker (A rating),Skilled Worker,engineering_construction
Artform Architects,Manchester,Greater Manchester,Worker (A rating),Skilled Worker,engineering_construction
Arvi Construction Ltd,Egham,,Worker (A rating),Skilled Worker,engineering_construction
ARYAN BUILDERS LTD,LUTON,BEDFORDSHIRE,Worker (A rating),Skilled Worker,engineering_construction
Aryan Heating & Electrics Limited,Mitcham,Surrey,Worker (A rating),Skilled Worker,engineering_construction
Arz Construction Ltd,Thornton Heath,,Worker (A rating),Skilled Worker,engineering_construction
ARZ DESIGN AND CONSTRUCTION LTD,London,,Worker (A rating),Skilled Worker,engineering_construction
AS Aerospace Limited,Denham,Middlesex,Worker (A rating),Skilled Worker,engineering_construction
AS builders (Nottingham) limited,Nottinghamshire,,Worker (A rating),Skilled Worker,engineering_construction
As Builders Mcr Ltd,Rochdale,,Worker (A rating),Skilled Worker,engineering_construction
AS Construction Group Ltd,Birmingham,West Midlands,Worker (A rating),Skilled Worker,engineering_construction
AS Greenford Heating and Plumbing (UK) Limited,Greenford,,Worker (A rating),Skilled Worker,engineering_construction
ASA Builders & Home Improvement Limited,London,,Worker (A rating),Skilled Worker,engineering_construction
Asa Energy UK Ltd,London,,Worker (A rating),Skilled Worker,engineering_construction
ASA Landscape Architects Ltd,Abingdon,Oxfordshire,Worker (A rating),Skilled Worker,engineering_construction
ASAI CONSTRUCTION LTD,Wembley,,Worker (A rating),Skilled Worker,engineering_construction
Ascendion Engineering Solutions Europe Limited,London,,Worker (A rating),Global Business Mobility: Senior or Specialist Worker; Skilled Worker,engineering_construction
Asco Engineering Ltd,Skelmersdale,Lancashire,Worker (A rating),Skilled Worker,engineering_construction
ASD ELECTRICAL LTD,Preston,,Worker (A rating),Skilled Worker,engineering_construction
Ashby Energy Assessors Limited,Grantham,Lincolnshire,Worker (A rating),Skilled Worker,engineering_construction
Ashgrove Motor Body Co Ltd,Elgin,- select -,Worker (A rating),Skilled Worker,engineering_construction
ASHLIST CONSTRUCTION LTD,South Ockendon,,Worker (A rating),Skilled Worker,engineering_construction
ASHTA PLUMBING LTD,London,,Worker (A rating),Skilled Worker,engineering_construction
Ask Energy Solutions Ltd,Birmingham,,Worker (A rating),Skilled Worker,engineering_construction
ASKAM CIVIL ENGINEERING LTD,Lancaster,Lancs,Worker (A rating),Skilled Worker,engineering_construction
ASME Engineering Ltd,Harrow,,Worker (A rating),Skilled Worker,engineering_construction
ASP BUILDER LTD,Watford,Hertfordshire,Worker (A rating),Skilled Worker,engineering_construction
Aspect Surveyors Limited,London,,Worker (A rating),Skilled Worker,engineering_construction
ASPECT4 CONSTRUCTION LIMITED,Greater London,,Worker (A rating),Skilled Worker,engineering_construction
Aspecto Power Engineering Ltd.,Warwick,,Worker (A rating),Global Business Mobility: Senior or Specialist Worker; Skilled Worker,engineering_construction
Assael Architecture Ltd,London,,Worker (A rating),Skilled Worker,engineering_construction
Assala Energy UK Limited,London,,Worker (A rating),Global Business Mobility: Senior or Specialist Worker; Skilled Worker,engineering_construction
Associated Architects UK Limited,Birmingham,,Worker (A rating),Skilled Worker,engineering_construction
Associated Construction Services Ltd,Cookstown,Tyrone,Worker (A rating),Skilled Worker,engineering_construction
Association for Decentralised Energy,London,,Worker (A rating),Skilled Worker,engineering_construction
ASSURED BUILDING CONTRACTORS (SCOTLAND) LIMITED,"Airdrie,,",,Worker (A rating),Skilled Worker,engineering_construction
Assystem Energy & Infrastructure Limited,Bolton,Greater Manchester,Worker (A rating),Global Business Mobility: Senior or Specialist Worker; Skilled Worker,engineering_construction
ASTOMOS ENERGY CORPORATION,LONDON,,Worker (A rating),Skilled Worker; Global Business Mobility: Senior or Specialist Worker,engineering_construction
Aston Architectural Aluminium,Watford,,Worker (A rating),Skilled Worker,engineering_construction
AT Engine Controls Ltd T/A ATEC Engineering Solutions,Manchester,,Worker (A rating),Skilled Worker,engineering_construction
ATAK ENGINEERING UK LTD,London,,Worker (A rating),Skilled Worker,engineering_construction
ATB CONSTRUCTION LTD,Kent,,Worker (A rating),Skilled Worker,engineering_construction
ATC SCAFFOLDING SUPPLIES LIMITED,Camberley,,Worker (A rating),Skilled Worker,engineering_construction
Atelier U W A Architects Limited,London,,Worker (A rating),Skilled Worker,engineering_construction
ATG Aerospace Ltd,"Stevenage, Hertfordshire",,Worker (A rating),Skilled Worker,engineering_construction
Athena Engineering Limited,Preston,,Worker (A rating),Skilled Worker,engineering_construction
ATL MARINE & ENERGY LIMITED,London,,Worker (A rating),Skilled Worker,engineering_construction
Atlantic Renewables,Altrincham,Cheshire,Worker (A rating),Skilled Worker,engineering_construction
Atlantis Building Supplies Ltd,Reading,Berkshire,Worker (A rating),Skilled Worker,engineering_construction
Atlas Services Group Energy Ltd,Bristol,,Worker (A rating),Skilled Worker; Global Business Mobility: Senior or Specialist Worker,engineering_construction
ATLASS MOTORS LTD,Mitcham,,Worker (A rating),Skilled Worker,engineering_construction
ATP Automotive Transmission Remanufacturing Specialists Ltd,Cannock,Stafforshire,Worker (A rating),Skilled Worker,engineering_construction
Audley Construction Services Ltd,Harrow,,Worker (A rating),Skilled Worker,engineering_construction
AUM Construction Ltd,Wednesbury,West Midlands,Worker (A rating),Skilled Worker,engineering_construction
Aura Energy Group Limited,Northolt,,Worker (A rating),Skilled Worker,engineering_construction
Aura Energy UK Limited,London,,Worker (UK Expansion Worker: Provisional ),Global Business Mobility: UK Expansion Worker,engineering_construction
Aura Power Developments Ltd,Bristol,,Worker (A rating),Skilled Worker,engineering_construction
AUREOS ENERGY LIMITED,Cheshire,,Worker (A rating),Skilled Worker,engineering_construction
Aurora Building Envelope Specialists Ltd,Nuneaton,Warwickshire,Worker (A rating),Skilled Worker,engineering_construction
AURORA ENERGY RESEARCH LTD,Oxford,,Worker (A rating),Skilled Worker,engineering_construction
Aurora Energy Services Ltd,Inverness,,Worker (A rating),Skilled Worker,engineering_construction
AUTOCARE MOTORS LIMITED,NEW MALDEN,,Worker (A rating),Skilled Worker,engineering_construction
Autoflame Engineering Limited,Kent,,Worker (A rating),Skilled Worker,engineering_construction
Automated Building & Energy Controls Ltd.,Tewkesbury,Gloucestershire,Worker (A rating),Skilled Worker,engineering_construction
Automated Engineering Services (UK) Limited,London,,Worker (A rating),Global Business Mobility: UK Expansion Worker,engineering_construction
AUTOMATIC MOTORS LTD,"London,",,Worker (A rating),Skilled Worker,engineering_construction
Automotive Business Intelligence  Ltd,London,,Worker (A rating),Skilled Worker,engineering_construction
AUTOMOTIVE CORPORATION LIMITED,Hayes,,Worker (A rating),Skilled Worker,engineering_construction
Automotive Group Ltd.,Newcastle upon Tyne,Tyne and Wear,Worker (A rating),Skilled Worker,engineering_construction
AUTOMOTIVE REGENERATIONS LTD,Oldbury,,Worker (A rating),Skilled Worker,engineering_construction
Autonomous Manufacturing Ltd,London,,Worker (A rating),Skilled Worker,engineering_construction
AVA Softech Ltd T/A Aqalax Renewable Energy Solutions,Sheffield,,Worker (A rating),Skilled Worker,engineering_construction
Avan Engineering Services LTD,Bushey,Hertfordshire,Worker (A rating),Skilled Worker,engineering_construction
AVENUE PROPERTY CONSTRUCTION LIMITED,London,,Worker (A rating),Skilled Worker,engineering_construction
AVK Power Services Limited,Lenham,Kent,Worker (A rating),Skilled Worker,engineering_construction
AVS CONTRACTORS LTD.,Hounslow,,Worker (A rating),Skilled Worker,engineering_construction
Avtar Builders Ltd,Birmingham,,Worker (A rating),Skilled Worker,engineering_construction
AVVSJ Engineers Ltd,Birmingham,,Worker (A rating),Skilled Worker,engineering_construction
Awan Construction Ltd,Stockport,,Worker (A rating),Skilled Worker,engineering_construction
Awesome Construction Ltd,Croydon,,Worker (A rating),Skilled Worker,engineering_construction
Axi Design & Engineering Ltd,Hull,East Yorkshire,Worker (A rating),Skilled Worker,engineering_construction
Axiom Engineering Associates Limited,Stockton on Tees,,Worker (A rating),Skilled Worker,engineering_construction
Axiom Manufacturing Services Limited,Newbridge,Caerphilly,Worker (A rating),Global Business Mobility: Senior or Specialist Worker; Skilled Worker,engineering_construction
Axion Biosystems Manufacturing UK Ltd,"Kidlington, Oxford",,Worker (A rating),Skilled Worker,engineering_construction
Axis Energy Limited,Dartford,Kent,Worker (A rating),Skilled Worker,engineering_construction
Axium Infrastructure UK Ltd,London,,Worker (A rating),Global Business Mobility: Senior or Specialist Worker; Skilled Worker,engineering_construction
Axle Energy Ltd.,London,,Worker (A rating),Skilled Worker,engineering_construction
AYLA CONSTRUCTION LTD,LONDON,,Worker (A rating),Skilled Worker,engineering_construction
Aynam Energy Limited,Kilmarnock,,Worker (A rating),Skilled Worker,engineering_construction
AYYUB BUILDERS LTD,Oldham,,Worker (A rating),Skilled Worker,engineering_construction
AZ Construction (Midlands) Ltd,Wolverhampton,,Worker (A rating),Skilled Worker,engineering_construction
AZA ENERGY SOLUTIONS LIMITED,MANCHESTER,,Worker (A rating),Skilled Worker,engineering_construction
Azophi Construction Limited,Leeds,,Worker (A rating),Skilled Worker,engineering_construction
Azule Energy Holdings Limited,London,,Worker (A rating),Global Business Mobility: Senior or Specialist Worker; Skilled Worker,engineering_construction
B & E Construction Limited.,Northampton,,Worker (A rating),Skilled Worker,engineering_construction
B & N Building Ltd,London,,Worker (A rating),Skilled Worker,engineering_construction
B and A Precision Engineering Limited,Preston,,Worker (A rating),Skilled Worker,engineering_construction
B M Steel Fabrications Limited,Newry,,Worker (A rating),Skilled Worker,engineering_construction
B S CONSTRUCTION PROJECTS LTD,Romford,,Worker (A rating),Skilled Worker,engineering_construction
B S K BUILDERS LTD,Upminster,Essex,Worker (A rating),Skilled Worker,engineering_construction
B SAHDRA BUILDING SERVICES LIMITED,Belvedere,Kent,Worker (A rating),Skilled Worker,engineering_construction
B SINGH PLUMBING & HEATING,LONDON,,Worker (A rating),Skilled Worker,engineering_construction
B THE BUILDERS LTD,DERBY,,Worker (A rating),Skilled Worker,engineering_construction
B Z Electrical Contractor Ltd,Hounslow,,Worker (A rating),Skilled Worker,engineering_construction
B&B Singh Construction Ltd,Uxbridge,Middlesex,Worker (A rating),Skilled Worker,engineering_construction
B&K BUILDERS MERCHANTS LIMITED,Ilford,,Worker (A rating),Skilled Worker,engineering_construction
B&LL CONSTRUCTION LTD,Romford,,Worker (A rating),Skilled Worker,engineering_construction
B&S BUILDING EXPERT LTD,Feltham,,Worker (A rating),Skilled Worker,engineering_construction
B&X Construction Ltd,London,,Worker (A rating),Skilled Worker,engineering_construction
B. S BUILDERS MERCHANTS LTD,LONDON,,Worker (A rating),Skilled Worker,engineering_construction
B.B. Energy Trading Ltd,London,,Worker (A rating),Skilled Worker,engineering_construction
B.J.S Building Supplies limited,"Leicester,",West Midlands,Worker (A rating),Skilled Worker,engineering_construction
B.S. Builders & Constructions Limited,London,,Worker (A rating),Skilled Worker,engineering_construction
B1 MOTOR LIMITED,Birmingham,WestMidlands,Worker (A rating),Skilled Worker,engineering_construction
B2B HEATING LTD,Croydon,,Worker (A rating),Skilled Worker,engineering_construction
B2B MOTORS LIMITED,Bradford,,Worker (A rating),Skilled Worker,engineering_construction
B2BSALESUK LIMITED trading as THALIM CONSTRUCTION,Harrow,,Worker (A rating),Skilled Worker,engineering_construction
BAAZ CONSTRUCTION LIMITED,Luton,,Worker (A rating),Skilled Worker,engineering_construction
Baaz Scaffolding Ltd,Southall,,Worker (A rating),Skilled Worker,engineering_construction
BAAZVEER CONSTRUCTION LTD,BEXLEYHEATH,,Worker (A rating),Skilled Worker,engineering_construction
Baca Architects Limited,London,,Worker (A rating),Skilled Worker,engineering_construction
Bachmann Electrical Engineering Ltd.,Birmingham,,Worker (A rating),Skilled Worker,engineering_construction
Bains UK Builder Ltd,Oldbury,,Worker (A rating),Skilled Worker,engineering_construction
Balance Power Projects Ltd,St. Helens,Merseyside,Worker (A rating),Skilled Worker,engineering_construction
BALDWIN ELECTRICAL COMPANY (ST.MARYLEBONE) LIMITED,LONDON,,Worker (A rating),Skilled Worker,engineering_construction
bali motors ltd,LONDON,,Worker (A rating),Skilled Worker,engineering_construction
Ballymore Construction Services Limited,London,,Worker (A rating),Skilled Worker,engineering_construction
BALMS ENERGY LIMITED,CITY ROAD LONDON,,Worker (A rating),Skilled Worker,engineering_construction
Barkers Engineering Limited,Fenton,Stoke-on-Trent,Worker (A rating),Skilled Worker,engineering_construction
Barnet Motor Medics Ltd,New Barnet,,Worker (A rating),Skilled Worker,engineering_construction
Barrier Architectural Services Limited,Teesside,,Worker (A rating),Skilled Worker; Global Business Mobility: Senior or Specialist Worker,engineering_construction
Barry Callebaut Manufacturing (UK) Limited,Banbury,Oxfordshire,Worker (A rating),Skilled Worker; Global Business Mobility: Senior or Specialist Worker,engineering_construction
Barton Construction Limited,Sharpenhoe,Bedford,Worker (A rating),Skilled Worker,engineering_construction
BARTON FIRTOP ENGINEERING CO LIMITED,Kidderminster,,Worker (A rating),Skilled Worker,engineering_construction
Base Energy Services Ltd,Liverpool,,Worker (A rating),Skilled Worker,engineering_construction
Bassi Electrical Limited,Banbury,Oxon,Worker (A rating),Skilled Worker,engineering_construction
Battersea Power Station Development Company Limited,London,,Worker (A rating),Skilled Worker,engineering_construction
Batth Building Ltd,Hayes,,Worker (A rating),Skilled Worker,engineering_construction
Baxall Construction Ltd,Paddock Wood,Kent,Worker (A rating),Skilled Worker,engineering_construction
Baxi Heating UK Limited,Warwick,Warwickshire,Worker (A rating),Skilled Worker,engineering_construction
BAZAL BUILDERS LIMITED,Bolton,,Worker (A rating),Skilled Worker,engineering_construction
BBA Builders Ltd,Feltham,,Worker (A rating),Skilled Worker,engineering_construction
BBS & SONS CONSTRUCTION (UK) LTD,Middlesex,,Worker (A rating),Skilled Worker,engineering_construction
BBS1 CONSTRUCTION LTD,Chigwell,,Worker (A rating),Skilled Worker,engineering_construction
BCA Engineering Supplies Ltd,England,,Worker (A rating),Skilled Worker,engineering_construction
BCEGI Construction (UK) Ltd,Manchester,,Temporary Worker (A rating); Worker (A rating),Global Business Mobility: Graduate Trainee; Skilled Worker; Global Business Mobility: Senior or Specialist Worker,engineering_construction
BCG BUILDING SERVICES LTD,Milton Keynes,,Worker (A rating),Skilled Worker,engineering_construction
BCG Electrical Services Ltd,Fareham,Hampshire,Worker (A rating),Skilled Worker,engineering_construction
BCR Infinity Architects,Cambridge,,Worker (A rating),Skilled Worker,engineering_construction
BD Builders Services Ltd.,Hounslow,,Worker (A rating),Skilled Worker,engineering_construction
BD Construction PM Ltd,London,,Worker (A rating),Skilled Worker,engineering_construction
BD landscape architects ltd,Tewkesbury,Gloucestershire,Worker (A rating),Skilled Worker,engineering_construction
BDE Secure Power Ltd,Carrickfergus,Northern Ireland,Worker (A rating),Skilled Worker,engineering_construction
BdR Civil & Structural Engineering Limited,Hadlow,Kent,Worker (A rating),Skilled Worker,engineering_construction
BDS BUILD CONSTRUCTION LTD,Slough,,Worker (A rating),Skilled Worker,engineering_construction
Be Safe Engineering Service Ltd,HOUNSLOW,,Worker (A rating),Skilled Worker,engineering_construction
BEADLOW MOTORS LTD,Beadlow,Bedfordshire,Worker (A rating),Skilled Worker,engineering_construction
Beaumont Rose Glazing Contractors Ltd,London,,Worker (A rating),Skilled Worker,engineering_construction
Beck & Pollitzer Engineering Limited,Burton,Burton-On-Trent,Worker (A rating),Skilled Worker; Global Business Mobility: Senior or Specialist Worker,engineering_construction
Bedfordshire Motors Ltd.,Luton,,Worker (A rating),Skilled Worker,engineering_construction
BEDROOM FURNITURE MANUFACTURING LIMITED,BLACKBURN,,Worker (A rating),Skilled Worker,engineering_construction
BEEKAY ELECTRICAL LIMITED,Heckmondwike,West Yorkhsire,Worker (A rating),Skilled Worker,engineering_construction
Bees Electrical Supplies (London) Limited,London,,Worker (A rating),Skilled Worker,engineering_construction
BEETA ENGINEERING LTD,Pinner,,Worker (A rating),Skilled Worker,engineering_construction
BELDON BUILDING AND MAINTENANCE LTD,London,Highbury,Worker (A rating),Skilled Worker,engineering_construction
BELECTRIC SOLAR LTD,Brinkworth,,Worker (A rating),Global Business Mobility: Senior or Specialist Worker; Skilled Worker,engineering_construction
Bell Building Projects Ltd,Glasgow,,Worker (A rating),Skilled Worker,engineering_construction
Bell Phillips Architects Limited,London,London,Worker (A rating),Skilled Worker,engineering_construction
Bell Plumbing Supplies Ltd.,Birmingham,West Midlands,Worker (A rating),Skilled Worker,engineering_construction
BELLFARM CONSTRUCTION LTD,Ilford,,Worker (A rating),Skilled Worker,engineering_construction
Bells Motor Group Limited,Northampton,,Worker (A rating),Skilled Worker,engineering_construction
Bells Power Group Ltd,Belvedere,Kent,Worker (A rating),Skilled Worker,engineering_construction
Bells Power Solutions Ltd,Belvedere,Kent,Worker (A rating),Skilled Worker,engineering_construction
Belltown Power UK Limited,Bristol,,Worker (A rating),Skilled Worker,engineering_construction
Belsize Architects Limited,London,,Worker (A rating),Skilled Worker,engineering_construction
Ben Adams Architects Limited,London,,Worker (A rating),Skilled Worker,engineering_construction
Ben Construction Ltd,Essex,,Worker (A rating),Skilled Worker,engineering_construction
Ben Nevis Motors Ltd,Fort William,Inverness-shire,Worker (A rating),Skilled Worker,engineering_construction
Benedetti Architects Limited,London,,Worker (A rating),Skilled Worker,engineering_construction
Beni The Builder Limited,Basildon,Essex,Worker (A rating),Skilled Worker,engineering_construction
Bennett Construction (London) Limited,London,,Worker (A rating),Skilled Worker,engineering_construction
Benning Construction (Kent) Ltd,Rochester,kent,Worker (A rating),Skilled Worker,engineering_construction
Benteler Automotive UK Ltd,Corby,,Worker (A rating),Global Business Mobility: Senior or Specialist Worker; Skilled Worker,engineering_construction
Bentley Motors Limited,Crewe,Cheshire,Worker (A rating),Global Business Mobility: Senior or Specialist Worker; Skilled Worker,engineering_construction
Bere Associates Limited T/A bere:architects,London,,Worker (A rating),Skilled Worker,engineering_construction
Beresford Construction Limited,Hounslow,,Worker (A rating),Skilled Worker,engineering_construction
BERKELEY ENERGY SERVICES LIMITED,LONDON,,Worker (A rating),Skilled Worker,engineering_construction
Berks Motors Ltd,Reading,,Worker (A rating),Skilled Worker,engineering_construction
Berkshire Electrical Solutions Ltd,SLOUGH,,Worker (A rating),Skilled Worker,engineering_construction
BERKSHIRE MOTOR COMPANY LIMITED,Newbury,,Worker (A rating),Skilled Worker,engineering_construction
BERMONDSEY ENGINEERING & TRADE CO. LTD,London,,Worker (A rating),Skilled Worker,engineering_construction
BERMUDA CIVIL AVIATION AUTHORITY,FARNBOROUGH,HAMPSHIRE,Worker (A rating),Skilled Worker,engineering_construction
BESPOKE JOINERY MANUFACTURES LTD,Bradford,West Yorkshire,Worker (A rating),Skilled Worker,engineering_construction
Best Builders Ltd,Manchester,,Worker (A rating),Skilled Worker,engineering_construction
BEST BUILDING WORK LTD,DARTFORD,KENT,Worker (A rating),Skilled Worker,engineering_construction
BEST HOMES BUILDER LTD,Birmingham,,Worker (A rating),Skilled Worker,engineering_construction
BESTWAY CONSTRUCTION LTD,Dagenham,,Worker (A rating),Skilled Worker,engineering_construction
Bewley Motors Limited,Middlesex,,Worker (A rating),Skilled Worker,engineering_construction
BG Automotive Ltd,Swindon,,Worker (A rating),Skilled Worker,engineering_construction
BGB Engineering Ltd,Grantham,Lincolnshire,Worker (A rating),Skilled Worker,engineering_construction
BH Electrical Services Ltd,Huddersfield,,Worker (A rating),Skilled Worker,engineering_construction
BHINDER CONSTRUCTION LTD,Uxbridge,Middlesex,Worker (A rating),Skilled Worker,engineering_construction
BHM International Construction (UK) Ltd,Belfast,Antrim,Temporary Worker (A rating),Global Business Mobility: Graduate Trainee,engineering_construction
BHW Automotive Ltd T/A Veetec Motor Group,Hayes,Middlesex,Worker (A rating),Skilled Worker,engineering_construction
Bidder Street Motors,London,,Worker (A rating),Skilled Worker,engineering_construction
BIGLAND MOTORS LTD,London,,Worker (A rating),Skilled Worker,engineering_construction
BIKAR AEROSPACE METALS LIMITED,Bristol,,Worker (A rating),Skilled Worker,engineering_construction
BILLA SCAFFOLDING LTD,LONDON,,Worker (A rating),Skilled Worker,engineering_construction
Bilston Motors Ltd,Birmingham,,Worker (A rating),Skilled Worker,engineering_construction
BIMTech Engineering Limited,Manchester,,Worker (A rating),Skilled Worker,engineering_construction
BINCLOUD CONSTRUCTION LTD,London,England,Worker (A rating),Skilled Worker,engineering_construction
Biosus Energy,Aberdeen,Aberdeenshire,Worker (A rating),Skilled Worker,engineering_construction
Biosus Energy Ltd,Aberdeen,,Worker (A rating),Skilled Worker,engineering_construction
BIR CONTRACTORS LTD,London,"Barking,",Worker (A rating),Skilled Worker,engineering_construction
Birchfield Engineering Limited,Dudley,West Midlands,Worker (A rating),Skilled Worker,engineering_construction
BIRMINGHAM BUILDERS LIMITED,Birmingham,West Midlands,Worker (A rating),Skilled Worker,engineering_construction
Birmingham Heating LTD,Birmingham,West Midlands,Worker (A rating),Skilled Worker,engineering_construction
Birmingham Joinery Ltd,Birmingham,West Midlands,Worker (A rating),Skilled Worker,engineering_construction
Bischell Construction Limited,West Kensington,,Worker (A rating),Skilled Worker,engineering_construction
Bisla Construction Ltd,West Bromwich,West Midlands,Worker (A rating),Skilled Worker,engineering_construction
Bisma Construction Ltd,Luton,Bedfordshire,Worker (A rating),Skilled Worker,engineering_construction
BIZ Engineering Limited,Ensfield,Middlesex,Worker (A rating),Skilled Worker,engineering_construction
Bizy Construction Ltd,London,,Worker (A rating),Skilled Worker,engineering_construction
BK CONSTRUCTION LTD,Derby,,Worker (A rating),Skilled Worker,engineering_construction
BK Motors Cardiff Ltd,Cardiff,,Worker (A rating),Skilled Worker,engineering_construction
BL Builder,Coventry,,Worker (A rating),Skilled Worker,engineering_construction
Black and White Engineering Limited,Newcastle upon Tyne,,Worker (A rating),Global Business Mobility: Senior or Specialist Worker; Skilled Worker,engineering_construction
Black and Yellow Construction Limited,Crawley,,Worker (A rating),Skilled Worker,engineering_construction
Black Eagle Scaffolding Ltd,Hertfordshire,,Worker (A rating),Skilled Worker,engineering_construction
BLACKCOUNTRY MOTORS LTD,Oldbury,,Worker (A rating),Skilled Worker,engineering_construction
Blackrock Construction Group Ltd,Moodiesburn,North Lanarkshire,Worker (A rating),Skilled Worker,engineering_construction
Blackrow Engineering Co Ltd,Grimsby,North East Lincolnshire,Worker (A rating),Skilled Worker,engineering_construction
Blackstone Motors Limited,West Drayton,,Worker (A rating),Skilled Worker,engineering_construction
Blackwood Engineering Ltd,Aberbeeg,Gwent,Worker (A rating),Skilled Worker,engineering_construction
BLE Lighting and Power Ltd,Mexborough,,Worker (A rating),Skilled Worker,engineering_construction
Bloom Construction Group Ltd,London,,Worker (A rating),Skilled Worker,engineering_construction
Blou Construction Ltd,London,,Worker (A rating),Skilled Worker,engineering_construction
Bluark Construction Ltd,Birmingham,West Midlands,Worker (A rating),Skilled Worker,engineering_construction
Blue Building Services Ltd,Romford,,Worker (A rating),Skilled Worker,engineering_construction
Blue Flame Plumbing & Heating Ltd,Luton,,Worker (A rating),Skilled Worker,engineering_construction
BLUE HORSE CONSTRUCTION LTD,Sunbury on Thames,Surrey,Worker (A rating),Skilled Worker,engineering_construction
Blue Spark Energy UK Limited,London,,Worker (A rating),Skilled Worker,engineering_construction
BlueBinaries Engineering and Solutions Ltd,Woking,Surrey,Worker (A rating),Skilled Worker; Global Business Mobility: Senior or Specialist Worker,engineering_construction
BlueNord Energy UK Ltd,London,,Worker (A rating),Global Business Mobility: Senior or Specialist Worker; Skilled Worker,engineering_construction
Blueprint Architectural Design,Raunds,,Worker (A rating),Skilled Worker,engineering_construction
Blueprint Design Engineering Limited,Ulverston,Cumbria,Worker (A rating),Skilled Worker,engineering_construction
Bluestone Energy Ltd,London,,Worker (A rating),Skilled Worker,engineering_construction
BM CONSTRUCTION LONDON LTD,LONDON,,Worker (A rating),Skilled Worker,engineering_construction
BM MUGHAL BUILDERS LIMITED,London,,Worker (A rating),Skilled Worker,engineering_construction
BMD Infrastructure Services Limited,London,,Worker (A rating),Skilled Worker,engineering_construction
BMS AND ELECTRICAL SERVICES LTD,Sutton,Coldfield,Worker (A rating),Skilled Worker,engineering_construction
BMS Automotive Ltd,Romford,,Worker (A rating),Skilled Worker,engineering_construction
BMSL BUILDERS LIMITED,Manchester,,Worker (A rating),Skilled Worker,engineering_construction
BNM Builders Ltd,London,,Worker (A rating),Skilled Worker,engineering_construction
BOARDMAN ENGINEERING AND MANAGEMENT SERVICES LTD,Nottingham,Nottinghamshire,Worker (A rating),Skilled Worker,engineering_construction
Bobby the Builder Limited,Birmingham,West Midlands,Worker (A rating),Skilled Worker,engineering_construction
BOGDAN LASCAR CONSTRUCTION LIMITED,Southampton,,Worker (A rating),Skilled Worker,engineering_construction
Bogle Architects Ltd,London,,Worker (A rating),Skilled Worker,engineering_construction
Bolt & Nut Manufacturing Ltd,Coseley,West Midlands,Worker (A rating),Skilled Worker,engineering_construction
BOLTON BUILDERS AND PLUMBERS LTD,Bolton,,Worker (A rating),Skilled Worker,engineering_construction
Bolton Chalklin Architects,London,London,Worker (A rating),Skilled Worker,engineering_construction
Bombora Wave Power Europe Ltd.,Pembroke Dock,Pembrokeshire,Worker (A rating),Global Business Mobility: Senior or Specialist Worker,engineering_construction
BORG AUTOMOTIVE,WEST MIDLANDS,,Worker (A rating),Skilled Worker,engineering_construction
BOS Aerospace Ltd,Wilmslow,Cheshire,Worker (A rating),Skilled Worker,engineering_construction
Boslan Engineering Limited,Cambridge,,Worker (A rating),Global Business Mobility: Senior or Specialist Worker; Skilled Worker,engineering_construction
BOSS MOTORS LTD,BLACKBURN,LANCASHIRE,Worker (A rating),Skilled Worker,engineering_construction
Bourbon Automotive Plastics Northampton Limited,Northampton,Northamptonshire,Worker (A rating),Skilled Worker,engineering_construction
Bovis Construction (Europe) Limited,London,,Worker (A rating),Skilled Worker,engineering_construction
BOW MOTOR AID LIMITED,LONDON,,Worker (A rating),Skilled Worker,engineering_construction
Bow Tie Construction Ltd,High Wycombe,Buckinghamshire,Worker (A rating),Skilled Worker,engineering_construction
Bowers Electrical Engineering Services Limited,Northampton,Northamptonshire,Worker (A rating),Skilled Worker,engineering_construction
Bowie Carpentry and Construction Ltd,Hereford,,Worker (A rating),Skilled Worker,engineering_construction
Bowman Power Group Limited,Southampton,Hampshire,Worker (A rating),Skilled Worker,engineering_construction
Bowman Riley Architects Ltd,Skipton,North Yorkshire,Worker (A rating),Skilled Worker,engineering_construction
Boxer Design and Manufacturing Limited,Wilsmlow,Cheshire,Worker (A rating),Skilled Worker,engineering_construction
BPC BUILDING PRODUCTS LTD,WAKEFIELD,,Worker (A rating),Skilled Worker,engineering_construction
BPC ENERGY LTD,ROMSEY,HANTS,Worker (A rating),Skilled Worker,engineering_construction
BPX Electro Mechanical Co Lt,Rothley,Leicestershire,Worker (A rating),Skilled Worker,engineering_construction
BR MOTORS CLAIM MANAGEMENT LTD,LONDON,,Worker (A rating),Skilled Worker,engineering_construction
BRADFORD MOTOR WORKS LIMITED,Bradford,,Worker (A rating),Skilled Worker,engineering_construction
BRADLEY BUILDING SUPPLIES LTD,Burnley,,Worker (A rating),Skilled Worker,engineering_construction
Bradley-Hole Schoenaich Landscape Architects Limited,London,,Worker (A rating),Skilled Worker,engineering_construction
Brafe Engineering,ipswich,None,Worker (A rating),Skilled Worker,engineering_construction
Bramble Energy,Crawley,,Worker (A rating),Skilled Worker,engineering_construction
"Brand Energy & Infrastructure Services UK, Ltd",Leatherhead,Surrey,Worker (A rating),Skilled Worker,engineering_construction
Brand Power Limited,London,,Worker (A rating),Global Business Mobility: Senior or Specialist Worker; Skilled Worker,engineering_construction
BRAVO MOTORS LTD,London,,Worker (A rating),Skilled Worker,engineering_construction
BRAWN POWER LIMITED,WOLVERHAMPTON,WEST MIDLANDS,Worker (A rating),Skilled Worker,engineering_construction
Brawn Power Ltd,Wolverhampton,West Midlands,Worker (A rating),Skilled Worker,engineering_construction
Brenbar Electrical Services,Brentwood,Essex,Worker (A rating),Skilled Worker,engineering_construction
Brian MacEntee Architecture & Design Ltd,Cardiff,,Worker (A rating),Skilled Worker,engineering_construction
BRICKFAST BUILDERS LIMITED,Manchester,,Worker (A rating),Skilled Worker,engineering_construction
BRICKS TOWER CONSTRUCTION LTD,Ilford,,Worker (A rating),Skilled Worker,engineering_construction
Bridges Electrical Engineers Ltd,Midsomer Norton,,Worker (A rating),Skilled Worker,engineering_construction
Bridgewater Building Solutions Limited,Glasgow,,Worker (A rating),Skilled Worker,engineering_construction
Briggs Automotive Company (BAC) Ltd,Liverpool,,Worker (A rating),Skilled Worker,engineering_construction
Brighter Green Engineering,High Wycombe,,Worker (A rating),Global Business Mobility: Senior or Specialist Worker; Skilled Worker,engineering_construction
BRIGHTLINK POWER TESTING LIMITED,Stafford,,Worker (A rating),Skilled Worker,engineering_construction
BRIGHTON ROAD MOTORS LIMITED,Worthing,West Sussex,Worker (A rating),Skilled Worker,engineering_construction
Brill Power,Oxford,Oxfordshire,Worker (A rating),Skilled Worker,engineering_construction
brilliant motors limited,Welling,,Worker (A rating),Skilled Worker,engineering_construction
Brisko Scaffolding Limited T/A Brisko Metal Resources,Surrey,,Worker (A rating),Skilled Worker,engineering_construction
BRISTOL CENTRAL HEATING LTD,Bristol,Causeway,Worker (A rating),Skilled Worker,engineering_construction
Bristol Heating Services Ltd,Bristol,,Worker (A rating),Skilled Worker,engineering_construction
BRIT ENGINEERING SERVICES LTD,Dunstable,England,Worker (A rating),Skilled Worker,engineering_construction
BRITGREEN ENERGY LTD,Manchester,,Worker (A rating),Skilled Worker,engineering_construction
British Airways Engineering Gatwick Limited,West Sussex,,Worker (A rating),Skilled Worker,engineering_construction
British Engineering Services Ltd,Warrington,,Worker (A rating),Skilled Worker,engineering_construction
British Rema Rotary Engineering Ltd,Chesterfield,,Worker (A rating),Skilled Worker,engineering_construction
British Solar Renewables Limited,Shepton Mallet,Somerset,Worker (A rating),Skilled Worker,engineering_construction
Brits Construction Services Ltd,Harrow,,Worker (A rating),Skilled Worker,engineering_construction
Brits Energy Limited,London,London,Worker (A rating),Skilled Worker,engineering_construction
Broadway Engineering Ltd,Bristol,Avon,Worker (A rating),Skilled Worker,engineering_construction
Bronzewood Construction Limited,London,,Worker (A rating),Skilled Worker,engineering_construction
Brookes Architects Ltd,London,,Worker (A rating),Skilled Worker,engineering_construction
Brooks Murray Architects Limited,London,,Worker (A rating),Skilled Worker,engineering_construction
Brookshire Ltd TA Ilford Building Supplies,Barking,,Worker (A rating),Skilled Worker,engineering_construction
Brothers Builders Ltd,Romford,Essex,Worker (A rating),Skilled Worker,engineering_construction
BROTHERS JOINERY LIMITED,London,,Worker (A rating),Skilled Worker,engineering_construction
Brown & Company Architects Ltd,York,,Worker (A rating),Skilled Worker,engineering_construction
Brownroyd Motors ltd,Heywood,Lancashire,Worker (A rating),Skilled Worker,engineering_construction
Browns Manufacturing Limited,Kelloholm,Dumfriesshire,Worker (A rating),Skilled Worker,engineering_construction
Bruce Engineering Services NI Ltd,COOKSTOWN,TYRONE,Worker (A rating),Skilled Worker,engineering_construction
BS Builders and Contractors Limited,Birmingham,,Worker (A rating),Skilled Worker,engineering_construction
BSB AUTOMOTIVE LIMITED,Dartford,,Worker (A rating),Skilled Worker,engineering_construction
BSB Construction Ltd,London,,Worker (A rating),Skilled Worker,engineering_construction
BSD BUILDING SERVICES LIMITED,Hayes,,Worker (A rating),Skilled Worker,engineering_construction
BSGILL CONSTRUCTION LIMITED,Luton,,Worker (A rating),Skilled Worker,engineering_construction
BSH CONSTRUCTION LTD,London,,Worker (A rating),Skilled Worker,engineering_construction
BSM Energy Limited,Cleckheaton,,Worker (A rating),Skilled Worker,engineering_construction
BSN BUILDERS LIMITED,Oldham,,Worker (A rating),Skilled Worker,engineering_construction
BTS ENGINEERING LTD,Grangemouth,Scotland,Worker (A rating),Skilled Worker,engineering_construction
BTS Fabrications Limited,"Newton Aycliffe,",County Durham,Worker (A rating),Skilled Worker,engineering_construction
Bubble Architects Ltd,London,,Worker (A rating),Skilled Worker,engineering_construction
BUCUR BROTHERS CONSTRUCTION LTD,London,,Worker (A rating),Skilled Worker,engineering_construction
Buddha Construction Ltd,Hayes,,Worker (A rating),Skilled Worker,engineering_construction
Budget Energy,Londonderry,Derry,Worker (A rating),Skilled Worker,engineering_construction
Build Solar Ltd,Penryn,Cornwall,Worker (A rating),Skilled Worker,engineering_construction
Build With Confidence Construction Ltd,London,,Worker (A rating),Skilled Worker,engineering_construction
Buildbuddy Construction Ltd,Hayes,,Worker (A rating),Skilled Worker,engineering_construction
BUILDERS CLUB LONDON LIMITED,LONDON,,Worker (A rating),Skilled Worker,engineering_construction
BUILDERS EAST LONDON LTD,Ilford,Essex,Worker (A rating),Skilled Worker,engineering_construction
BUILDERS MART LTD,Halesowen,,Worker (A rating),Skilled Worker,engineering_construction
BUILDERS TEAM LTD,Leeds,United Kingdom,Worker (A rating),Skilled Worker,engineering_construction
Builders Trade Center Ltd,Coventry,,Worker (A rating),Skilled Worker,engineering_construction
Building & Construction City Limited,Bournemouth,Dorset,Worker (A rating),Skilled Worker,engineering_construction
Building Automation and control Ltd,Southall,ealing,Worker (A rating),Skilled Worker,engineering_construction
BUILDING BETTER ENTERPRISE LTD,GILLINGHAM,KENT,Worker (A rating),Skilled Worker,engineering_construction
BUILDING DESIGN (NORTHERN) LIMITED,Sunderland,,Worker (A rating),Skilled Worker,engineering_construction
Building Design Engineering Limited,Cheltenham,,Worker (A rating),Skilled Worker,engineering_construction
Building Energy Experts Limited,Bristol,,Worker (A rating),Skilled Worker,engineering_construction
Building Engineering Services Association,London,,Worker (A rating),Skilled Worker,engineering_construction
BUILDING HOME SOLUTION LIMITED,MANCHESTER,,Worker (A rating),Skilled Worker,engineering_construction
Building Innovations (UK) Limited,Romford,,Worker (A rating),Skilled Worker,engineering_construction
Building lives (UK) Ltd,Birmingham,,Temporary Worker (A rating),Charity Worker,engineering_construction
Building Management Solutions Integrators Ltd.,White Waltham,,Worker (A rating),Skilled Worker,engineering_construction
Building material Supplies LTD,Bolton,,Worker (A rating),Skilled Worker,engineering_construction
Building Performance Prediction Ltd T/A BPP Energy,Belfast,,Worker (A rating),Skilled Worker,engineering_construction
Building Plus Company London Ltd,Croydon,,Worker (A rating),Skilled Worker,engineering_construction
Building Research Establishment Ltd,Watford,Hertfordshire,Worker (A rating),Skilled Worker,engineering_construction
BULWARK CONSTRUCTION LTD,London,,Worker (A rating),Skilled Worker,engineering_construction
BUON CONSTRUCTION LTD,Nottingham,,Worker (A rating),Skilled Worker,engineering_construction
Buoyancy Aerospace Limited,London,,Worker (A rating),Skilled Worker,engineering_construction
BUOYANCY AEROSPACE V1 LIMITED,Barnoldswick,Lancashire,Worker (A rating),Skilled Worker,engineering_construction
Burngreave Building Company Ltd,Sheffield,,Worker (A rating),Skilled Worker,engineering_construction
Buro Happold Engineers Limited,Bath,Somerset,Worker (A rating); Temporary Worker (A rating),Skilled Worker; Global Business Mobility: Graduate Trainee; Global Business Mobility: Senior or Specialist Worker,engineering_construction
BURY CONSTRUCTION GROUP LTD,Bury,England,Worker (A rating),Skilled Worker,engineering_construction
Busy Bee Builders Merchants Limited,London,Middlesex,Worker (A rating),Skilled Worker,engineering_construction
Bute Construction Ltd,Edgware,,Worker (A rating),Skilled Worker,engineering_construction
BUTTAR CONSTRUCTION (UK) LIMITED,HOUNSLOW,,Worker (A rating),Skilled Worker,engineering_construction
Buttar Loft and Construction Limited,"Hounslow,",,Worker (A rating),Skilled Worker,engineering_construction
BVN UK Architecture Ltd,London,,Worker (A rating),Skilled Worker; Global Business Mobility: Senior or Specialist Worker,engineering_construction
Byland Engineering Limited,York,,Worker (A rating),Skilled Worker,engineering_construction
Byoot Construction Ltd,London,,Worker (A rating),Skilled Worker,engineering_construction
Byron Scaffolding Ltd,London,,Worker (A rating),Skilled Worker,engineering_construction
C & R Construction South West Ltd,Crediton,Devon,Worker (A rating),Skilled Worker,engineering_construction
C & S BUILDERS MERCHANTS (STAMFORD HILL) LIMITED,London,,Worker (A rating),Skilled Worker,engineering_construction
C G HUNDAL CONSTRUCTION LTD,Ashford,,Worker (A rating),Skilled Worker,engineering_construction
C&D Mechanical Limited,SHEFFIELD,South Yorkshire,Worker (A rating),Skilled Worker,engineering_construction
C.D. Builders Ltd,Surrey,,Worker (A rating),Skilled Worker,engineering_construction
CAB Automotive Limited,Tipton,West Midlands,Worker (A rating),Skilled Worker,engineering_construction
Cactus Energy Solutions Ltd,Cheadle Hulme,Cheshire,Worker (A rating),Skilled Worker,engineering_construction
Cad Architecture (Midlands) Ltd,Birmingham,West Midlands,Worker (A rating),Skilled Worker,engineering_construction
CAE ENGINEERING & ARCHITECTURE LTD,Bournemouth,Dorset,Worker (A rating),Skilled Worker,engineering_construction
Caerbont Automotive Instruments Ltd,Abercrave,Powys,Worker (A rating),Skilled Worker,engineering_construction
Cairn Cross Civil Engineering Limited,"Morley, Leeds",West Yorkshire,Worker (A rating),Skilled Worker,engineering_construction
Cali Contractors Ltd,Chertsey,,Worker (A rating),Skilled Worker,engineering_construction
CALIBER ENGINEERING SERVICES UK LTD,Brentford,,Worker (A rating),Skilled Worker,engineering_construction
Callatech Precision Engineers Ltd,WORTHING,West Sussex,Worker (A rating),Skilled Worker,engineering_construction
Callingtos construction ltd,leicester,Leicestershire,Worker (A rating),Skilled Worker,engineering_construction
Cambridge Aerospace Limited,London,,Worker (A rating),Skilled Worker,engineering_construction
Cambridge Energy Limited,Cambridge,,Worker (A rating),Skilled Worker,engineering_construction
Camion Infrastructure Limited,London,,Worker (A rating),Skilled Worker,engineering_construction
Camlin Energy Ltd,Lisburn,,Worker (A rating),Skilled Worker,engineering_construction
Canadian Solar SSES (UK ) Ltd,London,,Worker (A rating),Skilled Worker; Global Business Mobility: Senior or Specialist Worker,engineering_construction
CANADIAN SOLAR UK PROJECTS LTD,London,,Worker (A rating),Global Business Mobility: Senior or Specialist Worker; Skilled Worker,engineering_construction
Canavan Joinery Services Ltd,Dungannon,,Worker (A rating),Skilled Worker,engineering_construction
Capita Property and Infrastructure Ltd,London,,Worker (A rating),Global Business Mobility: Senior or Specialist Worker; Skilled Worker,engineering_construction
Cappagh Contractors Construction (London) Ltd,London,,Worker (A rating),Skilled Worker,engineering_construction
Capricorn Energy PLC,Edinburgh,,Worker (A rating),Skilled Worker; Global Business Mobility: Senior or Specialist Worker,engineering_construction
CAPSTONE CONSTRUCTION (NW) LTD,Manchester,Greater Manchester,Worker (A rating),Skilled Worker,engineering_construction
Capture Energy Ltd,London,,Worker (A rating),Skilled Worker,engineering_construction
CAR LANE MOTORS LIMITED,Bedford,Bedfordshire,Worker (A rating),Skilled Worker,engineering_construction
Carbon Plan Engineering,Huddersfield,West Yorkshire,Worker (A rating),Skilled Worker,engineering_construction
Carbon13 Venture Builder Limited,Cambridge,,Worker (A rating),Skilled Worker,engineering_construction
Cardinal Engineering Ltd,Crawley,,Worker (A rating),Skilled Worker,engineering_construction
CAREBUILD CONSTRUCTION & ENGINEERING PVT. LTD,Walsall,,Worker (A rating),Skilled Worker,engineering_construction
CARESOFT ENGINEERING SERVICES LIMTED,Eye,Suffolk,Worker (A rating),Skilled Worker,engineering_construction
Caressa Kahn Manufacturing Company Limited,Hatfield,,Worker (A rating),Skilled Worker,engineering_construction
Carl Turner Architect's TA/ Turner Works,London,,Worker (A rating),Skilled Worker,engineering_construction
Carryduff Building Supplies Limited,Belfast,Down,Worker (A rating),Skilled Worker,engineering_construction
Carter Manufacturing Limited,Abingdon,Oxfordshire,Worker (A rating),Skilled Worker,engineering_construction
Cartwright Pickard Architects,London,,Worker (A rating),Skilled Worker,engineering_construction
Cascade Aerospace Engineering Ltd,Camberley,Surrey,Worker (A rating),Skilled Worker,engineering_construction
CASS CONSTRUCTION SERVICES LTD,London,,Worker (A rating),Skilled Worker,engineering_construction
Castlereagh Motors Limited,Newtownbreda,,Worker (A rating),Skilled Worker,engineering_construction
Catavia Aerospace Limited,Ashford,,Worker (A rating),Skilled Worker,engineering_construction
Catering Energy Ltd.,Sale,Greater Manchester,Worker (A rating),Skilled Worker,engineering_construction
Cave Building Construction Limited,Rainham,Essex,Worker (A rating),Skilled Worker,engineering_construction
CB Electrical & Mechanical Services,Isleworth,,Worker (A rating),Skilled Worker,engineering_construction
CBBG Group Construction Expert Services LTD,London,,Worker (A rating),Skilled Worker,engineering_construction
CBC Contractors,Bradford,West Yorkshire,Worker (A rating),Skilled Worker,engineering_construction
CBS HEATING & ELECTRICALS LTD,Stanmore,,Worker (A rating),Skilled Worker,engineering_construction
CC Construction,London,,Worker (A rating),Skilled Worker,engineering_construction
CCR Energy Ltd,Aberthaw,Vale of Glamorgan,Worker (A rating),Skilled Worker,engineering_construction
CCR Motor Co. Ltd.,Pontypridd,,Worker (A rating),Global Business Mobility: Senior or Specialist Worker; Skilled Worker,engineering_construction
CD International Building Services Engineers Limited,London,,Worker (A rating),Skilled Worker,engineering_construction
CE Turner Engineers Ltd,Melton Mowbray,Leicestershire,Worker (A rating),Skilled Worker,engineering_construction
Ceiba Renewables Ltd,Glasgow,,Worker (A rating),Skilled Worker,engineering_construction
Celestial Church of Christ Aduragbemi (Power of Prayer) Parish,LONDON,,Temporary Worker (A rating); Worker (A rating),Religious Worker; Tier 2 Ministers of Religion; Charity Worker,engineering_construction
Cellar Door Architecture LTD,Richmond,North Yorkshire,Worker (A rating),Skilled Worker,engineering_construction
Celtic Contractors Ltd,Morden,Surrey,Worker (A rating),Skilled Worker,engineering_construction
Centre for Energy Equality,Warrington,,Worker (A rating),Skilled Worker,engineering_construction
Centum Engineering Services UK Ltd,The Creagh,,Worker (A rating),Skilled Worker,engineering_construction
Ceren Construction Ltd,London,UK,Worker (A rating),Skilled Worker,engineering_construction
Ceres Energy Ltd,Hexham,Northumberland,Worker (A rating),Skilled Worker,engineering_construction
Ceres Power Ltd,Horsham,West Sussex,Worker (A rating),Skilled Worker,engineering_construction
Certas Energy UK Limited,Warrington,Cheshire,Worker (A rating),Skilled Worker,engineering_construction
Certus Construction Ltd,Chepstow,Monmouthshire,Worker (A rating),Skilled Worker,engineering_construction
CES Power International Limited,Cloberfield,"Milngavie, Glasgow",Worker (A rating),Skilled Worker,engineering_construction
CETCO Energy Services Limited,London,,Worker (A rating),Skilled Worker,engineering_construction
CFP Energy (UK) Limited,London,,Worker (A rating),Skilled Worker,engineering_construction
CG Theron Construction Ltd,Cheltenham,,Worker (A rating),Skilled Worker,engineering_construction
Chad Engineering UK Ltd,Windsor,,Worker (A rating),Skilled Worker,engineering_construction
Chahal Energy Ltd,Bolton,,Worker (A rating),Skilled Worker,engineering_construction
Chahal Energy Solutions Ltd,Bolton,,Worker (A rating),Skilled Worker,engineering_construction
Chalfont Construction Limited,Gerrards Cross,Buckinghamshire,Worker (A rating),Skilled Worker,engineering_construction
Challoch Energy Limited,Pencoed,,Worker (A rating),Skilled Worker,engineering_construction
Champion Building Services Ltd,London,,Worker (A rating),Skilled Worker,engineering_construction
Chandlers Building Supplies,Polegate,,Worker (A rating),Skilled Worker,engineering_construction
Chandos Civil Engineering Ltd,Cheadle,Manchester,Worker (A rating),Skilled Worker,engineering_construction
Chapmans Steel Fabrication Solutions Ltd,Datchet,Slough,Worker (A rating),Skilled Worker,engineering_construction
Chapter 7 Architects Ltd,Peasmarsh,Surrey,Worker (A rating),Skilled Worker,engineering_construction
CHARDIKALA SCAFFOLDING LTD,MIDDLESEX,,Worker (A rating),Skilled Worker,engineering_construction
Charles Jordan Construction Ltd,Birmingham,West Midlands,Worker (A rating),Skilled Worker,engineering_construction
Charlesworth Engineering Ltd,Lisburn,,Worker (A rating),Skilled Worker,engineering_construction
Charlton Brown Architects Limited,London,,Worker (A rating),Skilled Worker,engineering_construction
Charms Energy Ltd,Brighton Road,Shoreham,Worker (A rating),Skilled Worker,engineering_construction
Charters-Reid Surveyors Ltd,York,North Yorkshire,Worker (A rating),Skilled Worker,engineering_construction
Chartwell Construction Limited,London,,Worker (A rating),Skilled Worker,engineering_construction
CHASE JOINERY CONTRACTS LTD,London,,Worker (A rating),Skilled Worker,engineering_construction
CHAUHAN BUILDING SOLUTIONS LTD,ROMFORD,,Worker (A rating),Skilled Worker,engineering_construction
Checkpoint Motors Ltd,Accrington,,Worker (A rating),Skilled Worker,engineering_construction
CHEEMA BUILDERS UK LTD,Ilford,,Worker (A rating),Skilled Worker,engineering_construction
CHEEMA BUILDING SERVICES LTD,Southall,England,Worker (A rating),Skilled Worker,engineering_construction
Cheesecake Energy Limited,Nottingham,Nottinghamshire,Worker (A rating),Skilled Worker,engineering_construction
Chelsea Construction Co Ltd,London,,Worker (A rating),Skilled Worker,engineering_construction
Chelsfield Electrical Ltd,Great Amwell,Hertfordshire,Worker (A rating),Skilled Worker,engineering_construction
Chevron Energy Limited,London,,Worker (A rating); Temporary Worker (A rating),Global Business Mobility: Senior or Specialist Worker; Skilled Worker; Global Business Mobility: Graduate Trainee,engineering_construction
CHG Electrical Ltd,Sheffield,South Yorkshire,Worker (A rating),Skilled Worker,engineering_construction
ChikChak Construction Ltd,London,,Worker (A rating),Skilled Worker,engineering_construction
China Construction UK Limited,London,,Worker (A rating),Skilled Worker; Global Business Mobility: Senior or Specialist Worker,engineering_construction
China Harbour Engineering Company (UK) Ltd,London,,Worker (A rating),Skilled Worker,engineering_construction
Chiplime (Construction) Limited,Kent,,Worker (A rating),Skilled Worker,engineering_construction
Chouhan Builders (Midlands) Limited,Widnes,,Worker (A rating),Skilled Worker,engineering_construction
CHPK Fire Engineering Limited,London,,Worker (A rating),Skilled Worker,engineering_construction
"Chubu Electric Power Co., Inc.",London,,Worker (A rating),Global Business Mobility: Senior or Specialist Worker,engineering_construction
Churchill Contractors (UK) Limited,Woking,Surrey,Worker (A rating),Skilled Worker,engineering_construction
Churngold Construction Ltd,Avonmouth,Bristol,Worker (A rating),Skilled Worker,engineering_construction
CID Civil & Surfacing Ltd,Harlow,,Worker (A rating),Skilled Worker,engineering_construction
CIGMA CONSTRUCTION LTD,London,,Worker (A rating),Skilled Worker,engineering_construction
Cilantro Engineering UK,London,,Worker (A rating),Skilled Worker,engineering_construction
Circuit Link Electrical Ltd,Luton,Beds,Worker (A rating),Skilled Worker,engineering_construction
CiTECH Energy Recovery Solutions UK Ltd.,Hessle,East Yorkshire,Worker (A rating),Skilled Worker,engineering_construction
City Building,Glasgow,,Worker (A rating),Skilled Worker,engineering_construction
City Building Concepts,Oldham,England,Worker (A rating),Skilled Worker,engineering_construction
City Construction Build Ltd,London,,Worker (A rating),Skilled Worker,engineering_construction
City Electrical Factors Limited,Kenilworth,Warwickshire,Worker (A rating),Skilled Worker,engineering_construction
CITY ENGINEERING LIMITED,London,,Worker (A rating),Skilled Worker,engineering_construction
Citygate Automotive Ltd,South Ruislip,,Worker (A rating),Skilled Worker,engineering_construction
Civcon Civil Engineering Ltd,Leeds,West Yorkshire,Worker (A rating),Skilled Worker,engineering_construction
Civic Engineers Ltd,Manchester,Greater Manchester,Worker (A rating),Skilled Worker,engineering_construction
CIVIL AND STRUCTURAL ENGINEERING SHETLAND LIMITED,Tingwall,Shetland,Worker (A rating),Skilled Worker,engineering_construction
Civil Aviation Authority,Crawley,,Worker (A rating),Skilled Worker,engineering_construction
Civil Engineering Crew Limited,Birmingham,,Worker (A rating),Skilled Worker,engineering_construction
Civil Service North of Ireland Cricket Club,Belfast,,Worker (A rating),International Sportsperson,engineering_construction
Civile Engineering Ltd,Lincoln,,Worker (A rating),Skilled Worker,engineering_construction
Civinity Engineering UK Ltd,Gillingham,Kent,Worker (A rating),Skilled Worker; Global Business Mobility: Senior or Specialist Worker,engineering_construction
CJX CONSTRUCTION LTD,London,,Worker (A rating),Skilled Worker,engineering_construction
CKI Gas Infrastructure Limited,London,,Worker (A rating),Global Business Mobility: Senior or Specialist Worker; Skilled Worker,engineering_construction
CKK Civil Engineering Limited,Southend On Sea,"Essex,",Worker (A rating),Skilled Worker,engineering_construction
CLARENDON AUTOMOTIVE PERFORMANCE LTD,Birmingham,,Worker (A rating),Skilled Worker,engineering_construction
Clarendon Construction & Contracting Ltd,Harrietsham,Kent,Worker (A rating),Skilled Worker,engineering_construction
Clarion Construction Limited,West Bromwich,West Midlands,Worker (A rating),Skilled Worker,engineering_construction
Clarke Energy Ltd,Liverpool,Merseyside,Worker (A rating),Global Business Mobility: Senior or Specialist Worker; Skilled Worker,engineering_construction
Clay Architecture Ltd,Gillingham,Kent,Worker (A rating),Skilled Worker,engineering_construction
Clayton Precision Engineering Co.Ltd,Isleworth,England,Worker (A rating),Skilled Worker,engineering_construction
Claywood Construction Ltd,Leeds,West Yorkshire,Worker (A rating),Skilled Worker,engineering_construction
CLC Contractors Ltd,Southampton,,Worker (A rating),Skilled Worker,engineering_construction
Clean Earth Energy Limited,Wadebridge,Cornwall,Worker (A rating),Skilled Worker,engineering_construction
Clean Energy Venture Management (UK) Ltd,London,London,Worker (A rating),Skilled Worker,engineering_construction
Clean Power Hydrogen Group Limited,Doncaster,South Yorkshire,Worker (A rating),Skilled Worker,engineering_construction
Cleantech Engineering Limited,Edenbridge,Kent,Worker (A rating),Skilled Worker,engineering_construction
Clearwell Energy Holdings Limited,Aberdeen,,Worker (A rating),Skilled Worker,engineering_construction
Clegg Construction Limited,Nottingham,,Worker (A rating),Skilled Worker,engineering_construction
Clever Heating and Cooling Solutions Ltd,Aylesbury,,Worker (A rating),Skilled Worker,engineering_construction
Clothing Manufacturing Corporation Limited,Teddington,Middlesex,Worker (A rating),Skilled Worker,engineering_construction
CMT CONSTRUCTION MATERIAL TRADING LTD,London,,Worker (A rating),Skilled Worker,engineering_construction
CMT Design & Construction Ltd,London,,Worker (A rating),Skilled Worker,engineering_construction
CMT Engineering Limited,Cradley Heath,West Midlands,Worker (A rating),Skilled Worker,engineering_construction
CMUK Construction Ltd,Birmingham,,Worker (A rating),Skilled Worker,engineering_construction
CNA CONSTRUCTION & ENGINEERING LTD,Sittingbourne,United Kingdom,Worker (A rating),Skilled Worker,engineering_construction
Coast Renewable Services,Dundee,,Worker (A rating),Skilled Worker,engineering_construction
Cobalt Energy Limited,Buxton,,Worker (A rating),Skilled Worker,engineering_construction
Cobana Energy Ltd,London,,Worker (A rating),Skilled Worker,engineering_construction
COFFEY CONSTRUCTION LIMITED,Burntwood,Staffordshire,Worker (A rating),Skilled Worker,engineering_construction
Cognition Energy Ltd.,Abingdon,Oxfordshire,Worker (A rating),Skilled Worker,engineering_construction
Collective Architecture,Glasgow,Scotland,Worker (A rating),Skilled Worker,engineering_construction
Collier Reading Architects,Wells,Somerset,Worker (A rating),Skilled Worker,engineering_construction
Collins Construction Limited,Croydon,Surrey,Worker (A rating),Skilled Worker,engineering_construction
Colossus Construction Ltd,HERTFORDSHIRE,,Worker (A rating),Skilled Worker,engineering_construction
COMBI CONSTRUCTION & PROPERTIES LTD,BIRMINGHAM,WEST MIDLANDS,Worker (A rating),Skilled Worker,engineering_construction
COMFORT ELECTRICAL LIMITED,London,,Worker (A rating),Skilled Worker,engineering_construction
Commander Building Services Limited,Rayleigh,Essex,Worker (A rating),Skilled Worker,engineering_construction
Community Energy Scotland,Inverness,,Worker (A rating),Skilled Worker,engineering_construction
Community Power Solutions Ltd,Bristol,,Worker (A rating),Skilled Worker,engineering_construction
COMPASS CONSTRUCTION & MAINT ENANCE SERVICES LTD,EDGWARE,MIDDLESEX,Worker (A rating),Skilled Worker,engineering_construction
Complete Building Control Ltd,Birmingham,West Midlands,Worker (A rating),Skilled Worker,engineering_construction
Complete Electrical UK Ltd,Wigan,,Worker (A rating),Skilled Worker,engineering_construction
COMPLETE SOLAR ENERGY SOLUTIONS UK LTD,London,,Worker (A rating),Skilled Worker,engineering_construction
Compliance Energy LTD,Ilford,,Worker (A rating),Skilled Worker,engineering_construction
COMPLIANCE ENGINEERING LIMITED,Antrim,Antrim,Worker (A rating),Skilled Worker,engineering_construction
Component Centre Ltd t/a Samra Automotive Parts,HUDDERSFIELD,,Worker (A rating),Skilled Worker,engineering_construction
COMVE ENGINEERS LTD,London,,Worker (A rating),Skilled Worker,engineering_construction
Concept Building Services (Southern) Ltd,Chichester,West Sussex,Worker (A rating),Skilled Worker,engineering_construction
CONCEPT BUILDING WORK UK LIMITED,London,,Worker (A rating),Skilled Worker,engineering_construction
CONCEPT ENERGY LTD,"Erdington, Birmingham",,Worker (A rating),Skilled Worker,engineering_construction
Concrete Construction United Limited,Rochester,Kent,Worker (A rating),Skilled Worker,engineering_construction
Conditioned Environment Mechanical Services Ltd,London,,Worker (A rating),Skilled Worker,engineering_construction
CONLON CONSTRUCTION (NOTTINGHAM) LTD,NOTTINGHAM,NOTTINGHAMSHIRE,Worker (A rating),Skilled Worker,engineering_construction
Connect 4 Energy Limited,London,,Worker (A rating),Skilled Worker,engineering_construction
Connexion Electrical Limited,London,,Worker (A rating),Skilled Worker,engineering_construction
Conquip Engineering Group,Alton,Hampshire,Worker (A rating),Skilled Worker,engineering_construction
Conrad Energy Limited,Abingdon,,Worker (A rating),Skilled Worker,engineering_construction
Conrads Building Contractors Limited,Nottingham,,Worker (A rating),Skilled Worker,engineering_construction
Consarc Engineering Ltd,Holytown,North Lanarkshire,Worker (A rating),Skilled Worker,engineering_construction
CONSERVE ENGINEERING SOLUTIONS UK LTD,Liverpool,,Worker (A rating),Skilled Worker,engineering_construction
Consolidated Contractors International (UK) Ltd,London,,Worker (A rating),Skilled Worker; Global Business Mobility: Senior or Specialist Worker,engineering_construction
Construction & Property Solutions Limited,Manchester,,Worker (A rating),Skilled Worker,engineering_construction
CONSTRUCTION 5 LTD.,Leicester,Leicestershire,Worker (A rating),Skilled Worker,engineering_construction
Construction and Letting Limited,London,LONDON,Worker (A rating),Skilled Worker,engineering_construction
Construction Development Centre Ltd,Hemel Hempstead,Hertfordshire,Worker (A rating),Skilled Worker,engineering_construction
CONSTRUCTION FOR GENERATIONS LIMITED,Wisbech,Cambridgeshire,Worker (A rating),Skilled Worker,engineering_construction
Construction Helpline Ltd,London,Surrey,Worker (A rating),Skilled Worker,engineering_construction
Construction Industry Trust for Youth,London,,Worker (A rating),Skilled Worker,engineering_construction
Construction Link Limited,London,,Worker (A rating),Skilled Worker,engineering_construction
Construction Logistics Group Ltd,London,,Worker (A rating),Skilled Worker,engineering_construction
Construction Logistics Services Limited,London,Greater London,Worker (A rating),Skilled Worker,engineering_construction
Construction Marine Limited,Leeds,West Yorkshire,Worker (A rating),Skilled Worker,engineering_construction
CONSTRUCTION PERFECTIONIST LTD,London,,Worker (A rating),Skilled Worker,engineering_construction
Construction Plant Installations Limited,Cambridge,Cambridgeshire,Worker (A rating),Skilled Worker,engineering_construction
Construction Skills Certification Scheme Limited,London,,Worker (A rating),Skilled Worker,engineering_construction
Construction Specialties ( U.K.) Limited,Aylesbury,Buckinghamshire,Worker (A rating),Skilled Worker; Global Business Mobility: Senior or Specialist Worker,engineering_construction
Construction Surge Ltd,London,,Worker (A rating),Skilled Worker,engineering_construction
Constructionize Construction Company Ltd,Walsall,West Midlands,Worker (A rating),Skilled Worker,engineering_construction
Consul Chartered Surveyors,London,GB,Worker (A rating),Skilled Worker,engineering_construction
Consumer Rights Energy Limited,Bangor,,Worker (A rating),Skilled Worker,engineering_construction
Content Renewables Limited,Liverpool,Merseyside,Worker (A rating),Skilled Worker,engineering_construction
Continental Constructors & Builders UK Ltd,Slough,,Worker (A rating),Skilled Worker,engineering_construction
Continental Engineering Services Limited,Lichfield,Staffordshire,Worker (A rating),Global Business Mobility: Senior or Specialist Worker; Skilled Worker,engineering_construction
Contracta Construction UK Limited,London,,Worker (A rating),Skilled Worker,engineering_construction
Control Electrical Engineers Ltd,London,,Worker (A rating),Skilled Worker,engineering_construction
Convery Engineering Ltd,Kilrea,,Worker (A rating),Skilled Worker,engineering_construction
Convex Energy Limited,London,,Worker (A rating),Skilled Worker,engineering_construction
COOK ROBOTHAM ARCHITECTURAL BUREAU LIMITED,London,,Worker (A rating),Skilled Worker,engineering_construction
Cooper-Standard Automotive UK Limited,Coventry,,Worker (A rating),Global Business Mobility: Senior or Specialist Worker; Skilled Worker,engineering_construction
CooperVision Manufacturing Limited,Fareham,,Worker (A rating),Global Business Mobility: Senior or Specialist Worker; Skilled Worker,engineering_construction
Coote Engineering Ltd,Ballygawley,,Worker (A rating),Skilled Worker,engineering_construction
Copenhagen Infrastructure Service Company Ltd,Rotherham,,Worker (A rating),Skilled Worker,engineering_construction
Copping Joyce Surveyors Limited,London,,Worker (A rating),Skilled Worker,engineering_construction
Corbett & Co International Construction Lawyers Ltd,Teddington,Middlesex,Worker (A rating),Skilled Worker,engineering_construction
CORE BUILDING AND CARPENTRY SERVICES LIMITED,London,,Worker (A rating),Skilled Worker,engineering_construction
Core Power (UK) Ltd,London,,Worker (A rating),Skilled Worker,engineering_construction
CORIANTE CONSTRUCTION LTD,Ashford,,Worker (A rating),Skilled Worker,engineering_construction
Corona Energy Limited,Watford,,Worker (A rating),Skilled Worker,engineering_construction
Cortex Engineering Solutions Ltd,Dungannon,Co. Tyrone,Worker (A rating),Skilled Worker,engineering_construction
Cotswold Energy Group Ltd,Stonehouse,Gloucestershire,Worker (A rating),Skilled Worker,engineering_construction
Cottam & Brookes Engineering Co (1985) Limited,Caerphilly,,Worker (A rating),Skilled Worker,engineering_construction
Count Energy Distribution Limited,Loughton,,Worker (A rating),Skilled Worker,engineering_construction
Countrywide Electrical Distributors Ltd,DAGENHAM,ESSEX,Worker (A rating),Skilled Worker,engineering_construction
County Motors Leigh Ltd,Leigh,,Worker (A rating),Skilled Worker,engineering_construction
Coventry Sterling Motors Ltd,Coventry,,Worker (A rating),Skilled Worker,engineering_construction
CP12 Energy Ltd,Gateshead,Tyne & Wear,Worker (A rating),Skilled Worker,engineering_construction
CPMG Architects Limited,Nottingham,,Worker (A rating),Skilled Worker,engineering_construction
Cps Automotive Limited,Byfleet,,Worker (A rating),Skilled Worker,engineering_construction
CPS Building Services Ltd,Cambridge,Cambridgeshire,Worker (A rating),Skilled Worker,engineering_construction
CR Construction (U.K.) Company Limited,London,,Worker (A rating),Skilled Worker; Global Business Mobility: Senior or Specialist Worker,engineering_construction
Crafter Engineering Limited,Warrington,Cheshire,Worker (A rating),Skilled Worker,engineering_construction
Cragside Energy Limited,London,,Worker (A rating),Skilled Worker,engineering_construction
CRAIG HAMILTON ARCHITECTS LTD,POWYS,,Worker (A rating),Skilled Worker,engineering_construction
Cranfield Aerospace Solutions Limited,Bedford,Bedfordshire,Worker (A rating),Skilled Worker,engineering_construction
CRAVE MOTORS LIMITED,Swindon,,Worker (A rating),Skilled Worker,engineering_construction
Creatif Architectural Products Ltd,Leeds,,Worker (A rating),Skilled Worker,engineering_construction
Creation Construction & Builders Ltd,Manchester,,Worker (A rating),Skilled Worker,engineering_construction
Creative Design & Construction LIMITED,Ilford,Essex,Worker (A rating),Skilled Worker,engineering_construction
Creative Ideas & Architecture Office Ltd,London,,Temporary Worker (A rating); Worker (A rating),Government Authorised Exchange; Skilled Worker,engineering_construction
Crescent Manufacturing Limited,London,,Worker (A rating),Skilled Worker,engineering_construction
Crescent Manufacturing Ltd,London,,Worker (A rating),Skilled Worker,engineering_construction
Crescent Start Builders Ltd,Luton,Bedfordshire,Worker (A rating),Skilled Worker,engineering_construction
Crest Aerospace Limited,Reading,Berkshire,Worker (A rating),Skilled Worker,engineering_construction
Cricklewood Timber & Building Supplies Ltd,London,,Worker (A rating),Skilled Worker,engineering_construction
Crocus Construction Ltd,London,,Worker (A rating),Skilled Worker,engineering_construction
Croft Architecture Limited,Stafford,Staffordshire,Worker (A rating),Skilled Worker,engineering_construction
CrowdHouse Energy Limited,Newcastle Upon Tyne,Tyne & Wear,Worker (A rating),Skilled Worker,engineering_construction
Crown Builders UK Ltd,London,,Worker (A rating),Skilled Worker,engineering_construction
Crown Gas & Power Limited,Bury,,Worker (A rating),Skilled Worker,engineering_construction
Crown Packaging Manufacturing UK Ltd,Wantage,Oxon,Worker (A rating),Global Business Mobility: Senior or Specialist Worker; Skilled Worker,engineering_construction
CROWN POINT BUILDERS LTD,Dartford,Kent,Worker (A rating),Skilled Worker,engineering_construction
Croydon Automotive Ltd,Thornton Heath,Surrey,Worker (A rating),Skilled Worker,engineering_construction
Croydon DIY & Plumbing,CROYDON,,Worker (A rating),Skilled Worker,engineering_construction
CRS Electrical Limited,South Croydon,,Worker (A rating),Skilled Worker,engineering_construction
crystal shine motors ltd,manchester,,Worker (A rating),Skilled Worker,engineering_construction
CS Global Energy Limited,London,,Worker (A rating),Skilled Worker,engineering_construction
CSM Architects,Newcastle Upon Tyne,,Worker (A rating),Skilled Worker,engineering_construction
CT Engineering Group UK Limited,Bristol,Sth. Gloucestershire,Worker (A rating),Skilled Worker,engineering_construction
Cube Solar Installations Limited,Wilmslow,Chesire,Worker (A rating),Skilled Worker,engineering_construction
Cubix Contractors Limited,Hayes,,Worker (A rating),Skilled Worker,engineering_construction
Cummins Civil Engineering Ltd,Knutsford,Cheshire,Worker (A rating),Skilled Worker,engineering_construction
Currie Motors UK Limited,Twickenham,Middlesex,Worker (A rating),Skilled Worker,engineering_construction
Currock Engineering Company Ltd.,Chelmsford,Essex,Worker (A rating),Skilled Worker,engineering_construction
Custom & Contract Power Solutions (CCPS) Ltd,Rosyth,,Worker (A rating),Skilled Worker,engineering_construction
Customer Value Engineering Ltd,Newbury,Berkshire,Worker (A rating),Skilled Worker,engineering_construction
Cutting Edge Precision Engineering Ltd,Huntingdon,Cambridgeshire,Worker (A rating),Skilled Worker,engineering_construction
CWS ENGINEERING LIMITED,Somerset,,Worker (A rating),Skilled Worker,engineering_construction
Cytec Engineered Materials Ltd,Wrexham,Wrexham,Worker (A rating),Global Business Mobility: Senior or Specialist Worker; Skilled Worker,engineering_construction
D & G Construction & Development Ltd,Feltham,,Worker (A rating),Skilled Worker,engineering_construction
D & H CONTRACTORS LTD,Canvey Island,,Worker (A rating),Skilled Worker,engineering_construction
D GEDDES (CONTRACTORS) LTD,ARBROATH,ANGUS,Worker (A rating),Skilled Worker,engineering_construction
D O I Construction Limited,Manchester,Lancashire,Worker (A rating),Skilled Worker,engineering_construction
D&A ENGINEERING LTD,HITCHIN,HERTFORDSHIRE,Worker (A rating),Skilled Worker,engineering_construction
D&D Engineering,Tollesbury,Essex,Worker (A rating),Skilled Worker,engineering_construction
d:class automotive Limited,Chobham,Surrey,Worker (A rating),Skilled Worker,engineering_construction
D4S HEATING AND PLUMBING LTD,Edgware,Middlesex,Worker (A rating),Skilled Worker,engineering_construction
DA VINCI ENGINEERING LTD,LONDON,,Worker (A rating),Skilled Worker,engineering_construction
DAC POWER,Cheltenham,Gloucestershire,Worker (A rating),Skilled Worker,engineering_construction
Dack Motor Group,Lincoln,Lincolnshire,Worker (A rating),Skilled Worker,engineering_construction
DAGEM Power Ltd,Cannock,,Worker (A rating),Skilled Worker,engineering_construction
DAHER AEROSPACE LTD,Derby,,Worker (A rating),Skilled Worker; Global Business Mobility: Senior or Specialist Worker,engineering_construction
Daingade Building Automation Ltd.,Ilford,,Worker (A rating),Skilled Worker,engineering_construction
Dalkia Energy Services Ltd,London,,Worker (A rating),Skilled Worker,engineering_construction
DAN CONSTRUCTION MANAGEMENT LIMITED,London,,Worker (A rating),Skilled Worker,engineering_construction
"Dannatt, Johnson Architects",London,,Worker (A rating),Skilled Worker,engineering_construction
Danson Electrical UK Ltd,Southampton,,Worker (A rating),Skilled Worker,engineering_construction
DAR ELECTRICAL CONTRACTORS LTD,Manchester,,Worker (A rating),Skilled Worker,engineering_construction
DAR PLUMBING LTD T/A  A1 PLUMBING & DIY,Dewsbury,,Worker (A rating),Skilled Worker,engineering_construction
Dark Energy Films Ltd,London,,Temporary Worker (A rating),Creative Worker,engineering_construction
Darlington Building Society,Darlington,,Worker (A rating),Skilled Worker,engineering_construction
DASHI CONSTRUCTION LTD,London,,Worker (A rating),Skilled Worker,engineering_construction
Datalec Power Installations Limited,Buntingford,,Worker (A rating),Skilled Worker,engineering_construction
DATUM ENGINEERING SERVICES LTD,Ilford,Essex,Worker (A rating),Skilled Worker,engineering_construction
Datum site Engineering  services LTD,Widnes,Cheshire,Worker (A rating),Skilled Worker,engineering_construction
DAVE ELECTRICAL SERVICES LTD,HOUNSLOW,,Worker (A rating),Skilled Worker,engineering_construction
David Chipperfield Architects Ltd,London,,Worker (A rating),Skilled Worker,engineering_construction
"david haward associates, chartered architects",st david's,Pembrokeshire,Worker (A rating),Skilled Worker,engineering_construction
David Kohn Architects Limited,London,,Worker (A rating),Skilled Worker,engineering_construction
David Morley Architects,London,,Worker (A rating),Skilled Worker,engineering_construction
David Salisbury Joinery Limited,HIGHBRIDGE,Somerset,Worker (A rating),Skilled Worker,engineering_construction
Davis Landscape Architecture,London,,Worker (A rating),Skilled Worker,engineering_construction
Dawlish Construction Limited,Ilford,,Worker (A rating),Skilled Worker,engineering_construction
Day and Bell Surveyors Limited,London,,Worker (A rating),Skilled Worker,engineering_construction
DAY Architectural Limited,Manchester,,Worker (A rating),Skilled Worker,engineering_construction
Dazzling Engineering Ltd,Bristol,Somerset,Worker (A rating),Global Business Mobility: Senior or Specialist Worker; Skilled Worker,engineering_construction
DBM Building Contractors Ltd,Bathgate,,Worker (A rating),Skilled Worker,engineering_construction
DBR Builders (NW) LTD,Egerton,Bolton,Worker (A rating),Skilled Worker,engineering_construction
DC Construction (Midlands) Limited,Birmingham,West Midlands,Worker (A rating),Skilled Worker,engineering_construction
DC Engineering,swaffham,Norfolk,Worker (A rating),Skilled Worker,engineering_construction
DC Miles Construction Ltd,Hinckley,Leicestershire,Worker (A rating),Skilled Worker,engineering_construction
DCAN Construction Ltd.,Southall,,Worker (A rating),Skilled Worker,engineering_construction
DDG Groundworks and Construction Limited  T/A DDG Group,Larkfield,Kent,Worker (A rating),Skilled Worker,engineering_construction
de Metz Forbes Knight Architects limited,London,,Worker (A rating),Skilled Worker,engineering_construction
De Novo Architecture Ltd,Richmond Upon Thames,England,Worker (A rating),Skilled Worker,engineering_construction
Deal On Wheels Limited T/A Kiln Farm Motors,Letchworth Garden City,,Worker (A rating),Skilled Worker,engineering_construction
Debtal Architecture Ltd,Manchester,Lancashire,Worker (A rating),Skilled Worker,engineering_construction
Decent Construction Limited,Dagenham,Essex,Worker (A rating),Skilled Worker,engineering_construction
Deed Construction Ltd,Mansfield,,Worker (A rating),Skilled Worker,engineering_construction
Deep Contractors Ltd,Uxbridge,,Worker (A rating),Skilled Worker,engineering_construction
Deighton Manufacturing (UK) Ltd,Bradford,West Yorkshire,Worker (A rating),Skilled Worker,engineering_construction
DELFIELD PRECISION ENGINEERING CO LTD,Ruislip,Middlesex,Worker (A rating),Skilled Worker,engineering_construction
Delstron Process Engineers,Burton upon Trent,Staffordshire,Worker (A rating),Skilled Worker,engineering_construction
Delta Electrical Repairs Ltd,Nelson,Lancashire,Worker (A rating),Skilled Worker,engineering_construction
DELTA ENGINEERS LTD,LONDON,,Worker (A rating),Skilled Worker,engineering_construction
Delta Fire Engineering Ltd,Preston,Lancashire,Worker (A rating),Skilled Worker,engineering_construction
Demonstration of Holy Ghost and Power Ministry,Edinburgh,Edinburgh,Temporary Worker (A rating); Worker (A rating),Religious Worker; Tier 2 Ministers of Religion,engineering_construction
DENSO Automotive UK Ltd,COVENTRY,West Midlands,Worker (A rating); Temporary Worker (A rating),Skilled Worker; Global Business Mobility: Graduate Trainee; Global Business Mobility: Senior or Specialist Worker,engineering_construction
DENSO Manufacturing UK Limited,Telford,Shropshire,Worker (A rating),Global Business Mobility: Senior or Specialist Worker; Skilled Worker,engineering_construction
Deol Super Construction Ltd.,Southall,,Worker (A rating),Skilled Worker,engineering_construction
"Department for Business, Energy & Industrial Strategy",London,,Worker (A rating),Skilled Worker,engineering_construction
Department for Energy and Net Zero,London,,Temporary Worker (A rating); Worker (A rating),Global Business Mobility: Graduate Trainee; Skilled Worker,engineering_construction
DES Energy Limited,Poulton Le Fylde,Lancashire,Worker (A rating),Skilled Worker,engineering_construction
DESI BUILDING MATERIAL SUPPLIES LTD,London,,Worker (A rating),Skilled Worker,engineering_construction
Design & Build Builders Ltd,Watford,Hertfordshire,Worker (A rating),Skilled Worker,engineering_construction
DESIGN AND BUILDING CONTRACTORS LTD,Manchester,,Worker (A rating),Skilled Worker,engineering_construction
Design Engine Architects Ltd,Winchester,,Worker (A rating),Skilled Worker,engineering_construction
Desmond Motors LTD,Londonderry,Londonderry,Worker (A rating),Skilled Worker,engineering_construction
DEWON CONSTRUCTION LTD,Stoke-On-Trent,,Worker (A rating),Skilled Worker,engineering_construction
Dextra Construction UK Ltd,Wirral,,Worker (A rating),Global Business Mobility: Senior or Specialist Worker; Skilled Worker,engineering_construction
DFH MK MOTORS LTD T/A IDEAL CARZ,"Milton Keynes,",,Worker (A rating),Skilled Worker,engineering_construction
DGA Architects,London,,Worker (A rating),Skilled Worker,engineering_construction
DGP ENERGY LTD,Watford,,Worker (A rating),Skilled Worker,engineering_construction
DHADWAL CONSTRUCTION LTD,England,,Worker (A rating),Skilled Worker,engineering_construction
Dhaliwal Scaffolding & Roofing Ltd.,West Drayton,,Worker (A rating),Skilled Worker,engineering_construction
Dhillon B Construction Ltd,Slough,,Worker (A rating),Skilled Worker,engineering_construction
Dial A Builder Ltd,BIRMINGHAM,West Midlands,Worker (A rating),Skilled Worker,engineering_construction
Dial1st Construction Limited,Greenford,Middlesex,Worker (A rating),Skilled Worker,engineering_construction
Diamond Builders Merchants Ltd,Barking,Essex,Worker (A rating),Skilled Worker,engineering_construction
Diamond Scaffolding (South East) Limited,Dartford,Kent,Worker (A rating),Skilled Worker,engineering_construction
Didsbury Engineering Co Ltd,Wilmslow,Cheshire,Worker (A rating),Skilled Worker,engineering_construction
Diesel Automotive Ltd,OLDBURY,,Worker (A rating),Skilled Worker,engineering_construction
DIMENSION ABBAS BUILDERS LTD,Leicester,,Worker (A rating),Skilled Worker,engineering_construction
DIMIS CONSTRUCTION LTD,LONDON,,Worker (A rating),Skilled Worker,engineering_construction
Direct Plumb London LTD,London,,Worker (A rating),Skilled Worker,engineering_construction
DIRECT PLUMBERS LIMITED,LONDON,,Worker (A rating),Skilled Worker,engineering_construction
Direct Plumbing and Heating Distribution Limited,Wolverhampton,West Midlands,Worker (A rating),Skilled Worker,engineering_construction
Discount Builders Merchants (Midlands) Limited,Birmingham,,Worker (A rating),Skilled Worker,engineering_construction
DISHA CONSTRUCTION LTD,London,,Worker (A rating),Skilled Worker,engineering_construction
Dishubh Construction Limited,Folkestone,,Worker (A rating),Skilled Worker,engineering_construction
Distributed Generation Engineering Limited,London,,Worker (A rating),Skilled Worker,engineering_construction
DIY Builders Merchants,Bradford,,Worker (A rating),Skilled Worker,engineering_construction
DK1 BUILDERS LTD,Sunbury on Thames,,Worker (A rating),Skilled Worker,engineering_construction
DKFS architects ltd,London,GLA,Worker (A rating),Skilled Worker,engineering_construction
DKRO CONSTRUCTION LIMITED,Reading,,Worker (A rating),Skilled Worker,engineering_construction
DKW Engineering Ltd,Portsmouth,,Worker (A rating),Skilled Worker,engineering_construction
DLT Engineering Ltd,Higham Ferrers,,Worker (A rating),Skilled Worker,engineering_construction
DMAC Engineering Ltd,Dungannon,Co. Tyrone,Worker (A rating),Skilled Worker,engineering_construction
DMC Electrical (Berkshire)Ltd,Maidenhead,Berkshire,Worker (A rating),Skilled Worker,engineering_construction
DMG Engineering Ltd t/a Lochshell Engineering,Lybster,,Worker (A rating),Skilled Worker,engineering_construction
DMS Builders Limited,COVENTRY,,Worker (A rating),Skilled Worker,engineering_construction
DN Automotive VMS Ltd,Trowbridge,Wiltshire,Worker (A rating),Global Business Mobility: Senior or Specialist Worker,engineering_construction
DN CONSTRUCTION LTD,LONDON,,Worker (A rating),Skilled Worker,engineering_construction
DN HEATING AND PLUMBING SPECIAL LIST UK LTD,London,,Worker (A rating),Skilled Worker,engineering_construction
DNK Construction Limited,London,,Worker (A rating),Skilled Worker,engineering_construction
Dnk Energy Solutions Ltd,Dartford,England,Worker (A rating),Skilled Worker,engineering_construction
DNNOVATION CONSTRUCTION LTD,Hemel Hempstead,,Worker (A rating),Skilled Worker,engineering_construction
DOABA CONSTRUCTION LTD,Dartford,,Worker (A rating),Skilled Worker,engineering_construction
DOBRUNA CONSTRUCTION LTD,CHESSINGTON,,Worker (A rating),Skilled Worker,engineering_construction
DOJO CONSTRUCTION LIMITED,Stonehouse,,Worker (A rating),Skilled Worker,engineering_construction
DOKMAH TRADING AND CONSTRUCTION LTD,London,,Worker (A rating),Skilled Worker,engineering_construction
Doma Build Contractors Ltd,London,,Worker (A rating),Skilled Worker,engineering_construction
DOMESTIC GAS AND HEATING LTD,Southall,,Worker (A rating),Skilled Worker,engineering_construction
Domis Construction,Wigan,,Worker (A rating),Skilled Worker,engineering_construction
Doms Power Limited,Coventry,West Midlands,Worker (A rating),Skilled Worker,engineering_construction
Don Construction Products Limited,Haverhill,Suffolk,Worker (A rating),Skilled Worker,engineering_construction
DON VALLEY ENGINEERING GROUP LIMITED,Doncaster,South Yorkshire,Worker (A rating),Skilled Worker,engineering_construction
Donaldson Timber Engineering Limited,Fife,Scotland,Worker (A rating),Skilled Worker,engineering_construction
DONGRUN CONSTRUCTION UK LTD,London,England,Worker (A rating),Skilled Worker,engineering_construction
Donland Engineering Ltd,London,,Worker (A rating),Skilled Worker,engineering_construction
Donnell and Ellis Engineering Ltd,Castlederg,N/A,Worker (A rating),Skilled Worker,engineering_construction
Doris Engineering UK Limited,London,,Worker (A rating),Global Business Mobility: Senior or Specialist Worker; Skilled Worker,engineering_construction
Dornan Engineering Services Limited,London,,Worker (A rating),Skilled Worker,engineering_construction
Double S Builder Ltd,Harrow,Middlesex,Worker (A rating),Skilled Worker,engineering_construction
DPD BUILDERS LTD,LONDON,,Worker (A rating),Skilled Worker,engineering_construction
DPK CONTRACTORS LIMITED,Middlesex,,Worker (A rating),Skilled Worker,engineering_construction
DR LONDON CONSTRUCTION LTD,Hull,,Worker (A rating),Skilled Worker,engineering_construction
Draexlmaier Automotive UK Ltd,Birmingham,West Midlands,Worker (A rating),Skilled Worker,engineering_construction
DRAGON CONSTRUCTION LIMITED,CARDIFF,,Worker (A rating),Skilled Worker,engineering_construction
Dragon Roofing and Scaffolding Limited,Llanfairfechan,,Worker (A rating),Skilled Worker,engineering_construction
Drax Power Limited,Selby,North Yorkshire,Worker (A rating),Global Business Mobility: Senior or Specialist Worker; Skilled Worker,engineering_construction
Dream Build Construction Ltd,Stoke on Trent,,Worker (A rating),Skilled Worker,engineering_construction
DREAM PB CONSTRUCTION LTD,Southall,,Worker (A rating),Skilled Worker,engineering_construction
Dream Property Development & Construction Limited,"London,",,Worker (A rating),Skilled Worker,engineering_construction
DREAMLINE CONSTRUCTION LTD,London,,Worker (A rating),Skilled Worker,engineering_construction
Drew and Co Electrical Contractors Ltd,Plymouth,Devon,Worker (A rating),Skilled Worker,engineering_construction
DRIVE SMART MOTORS LIMITED,Swanley,,Worker (A rating),Skilled Worker,engineering_construction
DS BUILDERS LONDON LTD,Dagenham,,Worker (A rating),Skilled Worker,engineering_construction
DS ELECTRICAL EXPERTS LIMITED,EDMONTON,,Worker (A rating),Skilled Worker,engineering_construction
DS Energy Group Limited,Great Yarmouth,Norfolk,Worker (A rating),Skilled Worker,engineering_construction
DS UK CONSTRUCTION LIMITED,Southall,,Worker (A rating),Skilled Worker,engineering_construction
DSG CONSTRUCTION  LIMITED,WOLVERHAMPTON,,Worker (A rating),Skilled Worker,engineering_construction
DSR MOTORS LTD,Staines,,Worker (A rating),Skilled Worker,engineering_construction
DUB Building Ltd,Kent,,Worker (A rating),Skilled Worker,engineering_construction
Dudley Building Society,Brierly Hill,West Midlands,Worker (A rating),Skilled Worker,engineering_construction
"DUDLEY PLASTICS, PLUMBING AND BATHROOMS LTD",Dudley,West Midlands,Worker (A rating),Skilled Worker,engineering_construction
Dunthorne Parker Architects Limited,London,,Worker (A rating),Skilled Worker,engineering_construction
DURABLE BUILDERS LTD,Bradford,,Worker (A rating),Skilled Worker,engineering_construction
DURHAM UK BUILDERS LTD,DURHAM,,Worker (A rating),Skilled Worker,engineering_construction
DWC Architecture Limited,Southampton,Hampshire,Worker (A rating),Skilled Worker,engineering_construction
DwD Renewables Ltd,London,,Worker (A rating),Skilled Worker,engineering_construction
Dynamic Infrastructure Limited,Radlett,Hertfordshire,Worker (A rating),Skilled Worker,engineering_construction
E & E BUILDING SERVICES LIMITED,London,England,Worker (A rating),Skilled Worker,engineering_construction
E & E Heating And Plumbing Ltd,WATFORD,,Worker (A rating),Skilled Worker,engineering_construction
E Dumani Construction Limited,Oxford,,Worker (A rating),Skilled Worker,engineering_construction
E E Ingleton Engineering Ltd,Sheffield,,Worker (A rating),Skilled Worker,engineering_construction
E&B MOTORS LTD,SOUTHEND ON SEA,,Worker (A rating),Skilled Worker,engineering_construction
E&C Building and Design Ltd,London,,Worker (A rating),Skilled Worker,engineering_construction
E&F Engineering Ltd,Ruislip,,Worker (A rating),Skilled Worker,engineering_construction
E&I Engineering Ltd,Londonderry,Derry City &Strabane,Worker (A rating),Skilled Worker,engineering_construction
E-MUG ENGINEERING SERVICES LTD,London,,Worker (A rating),Global Business Mobility: Senior or Specialist Worker; Skilled Worker,engineering_construction
E-TEC Power Management,Farnborough,,Worker (A rating),Skilled Worker,engineering_construction
E.S.A. ENGINEERING UK LIMITED,London,,Worker (A rating),Skilled Worker,engineering_construction
E1 ELECTRICAL LIMITED,London,,Worker (A rating),Skilled Worker,engineering_construction
E14 CONSTRUCTION SOLUTIONS LTD,LONDON,,Worker (A rating),Skilled Worker,engineering_construction
E2 ELECTRICAL LIMITED,Birmingham,,Worker (A rating),Skilled Worker,engineering_construction
E7 Electrical Ltd,London,,Worker (A rating),Skilled Worker,engineering_construction
Eagle automotive coventry limited,Coventry,Warwickshire,Worker (A rating),Skilled Worker,engineering_construction
Eagle Building & Decorating Limited,London,,Worker (A rating),Skilled Worker,engineering_construction
Eagle Construction (NW) Ltd,Bolton,,Worker (A rating),Skilled Worker,engineering_construction
Eagle Construction Group Ltd,Loughton,,Worker (A rating),Skilled Worker,engineering_construction
Eagle Electrical and Security Ltd,Southall,,Worker (A rating),Skilled Worker,engineering_construction
Eagle Plumbing & Heating Ltd,Kent,,Worker (A rating),Skilled Worker,engineering_construction
EAGLE POWER MINISTRIES INTERNATIONAL,CARSHALTON,,Worker (A rating),Tier 2 Ministers of Religion,engineering_construction
Eamonn Byrne Landscape Architects Ltd,York,,Worker (A rating),Skilled Worker,engineering_construction
EARTHMATES CONSTRUCTION LIMITED,Middlesex,,Worker (A rating),Skilled Worker,engineering_construction
East Anglian Site Engineering Ltd,Norwich,Norfolk,Worker (A rating),Skilled Worker,engineering_construction
East Bridge Renewable (UK) LTD,London,,Worker (A rating),Skilled Worker,engineering_construction
East Coast Construction (N E) Ltd,Brandesburton,,Worker (A rating),Skilled Worker,engineering_construction
East Coast Construction (NE) Ltd,Brandesburton,,Worker (A rating),Skilled Worker,engineering_construction
East End Builders UK  Ltd,Barking,,Worker (A rating),Skilled Worker,engineering_construction
East End Motors Ltd,London,,Worker (A rating),Skilled Worker,engineering_construction
EAST LONDON CONSTRUCTION LTD,Dagenham,Essex,Worker (A rating),Skilled Worker,engineering_construction
EAST LONDON METAL ENGINEERING LTD,London,,Worker (A rating),Skilled Worker,engineering_construction
Eastwest Builders Ltd,Manchester,,Worker (A rating),Skilled Worker,engineering_construction
EBBA ARCHITECTS LTD,London,,Worker (A rating),Skilled Worker,engineering_construction
EBI BARNET MOTORS LIMITED,Barnet,England,Worker (A rating),Skilled Worker,engineering_construction
EBI MOTORS UK LIMITED,Manchester,United Kingdom,Worker (A rating),Skilled Worker,engineering_construction
EBM BUILDERS LTD,Birmingham,West Midlands,Worker (A rating),Skilled Worker,engineering_construction
Ebro Construction Group Limited,St Albans,,Worker (A rating),Skilled Worker,engineering_construction
ECD Architects Ltd,London,,Worker (A rating),Skilled Worker,engineering_construction
Echo Architecture (UK) Ltd,London,,Worker (A rating),Skilled Worker,engineering_construction
ECJ Joinery Ltd,Tadworth,,Worker (A rating),Skilled Worker,engineering_construction
Eclipse Power limited,Milton Keynes,Buckinghamshire,Worker (A rating),Skilled Worker,engineering_construction
ECN Construction Service Ltd,"Gravesend, Kent",,Worker (A rating),Skilled Worker,engineering_construction
Eco Engineering Installations Limited,Brough,East Yorkshire,Worker (A rating),Skilled Worker,engineering_construction
ECO HEATING WM LTD,Birmingham,,Worker (A rating),Skilled Worker,engineering_construction
ECO POWER BUSINESS LTD,Birmingham,,Worker (A rating),Skilled Worker,engineering_construction
ECO-WORTHY CLEAN ENERGY UK LTD,Manchester,,Worker (A rating),Global Business Mobility: UK Expansion Worker; Skilled Worker,engineering_construction
ECO4 Energy Solutions Ltd,Oldham,,Worker (A rating),Skilled Worker,engineering_construction
ECO4U ENERGY SERVICES LTD,BRADFORD,WEST YORKSHIRE,Worker (A rating),Skilled Worker,engineering_construction
EcoGlow Heating & Plumbing LTD,Teddington,Middlesex,Worker (A rating),Skilled Worker,engineering_construction
ECOGREEN ENGINEERS LTD,London,,Worker (A rating),Skilled Worker,engineering_construction
ECOLITE ENERGY SOLUTIONS LTD,Romford,,Worker (A rating),Skilled Worker,engineering_construction
Econic Energy Ltd,Edgware,,Worker (A rating),Skilled Worker,engineering_construction
ECOVAIR ENERGY LTD,Ilford,Essex,Worker (A rating),Skilled Worker,engineering_construction
ECRU ENERGY LTD,Doncaster,,Worker (A rating),Skilled Worker,engineering_construction
EDAG Engineering Limited,Royal Leamington Spa,,Worker (A rating),Global Business Mobility: Senior or Specialist Worker; Skilled Worker,engineering_construction
EDC Automotive Limited,Cwmbran,Torfaen,Worker (A rating),Skilled Worker,engineering_construction
EDDS Construction Limited,Romford,,Worker (A rating),Skilled Worker,engineering_construction
Eden Renewables Ltd,Marlborough,Wiltshire,Worker (A rating),Global Business Mobility: Senior or Specialist Worker; Skilled Worker,engineering_construction
EDF Energy Ltd,London,,Worker (A rating),Global Business Mobility: Senior or Specialist Worker; Skilled Worker,engineering_construction
Edgeley Construction,Croydon,Surrey,Worker (A rating),Skilled Worker,engineering_construction
Edgware Motors Limited,London,,Worker (A rating),Skilled Worker,engineering_construction
Edina Power Ltd,Lisburn,Down,Worker (A rating),Skilled Worker,engineering_construction
Edmundson Electrical Limited,Knutsford,Cheshire,Worker (A rating),Skilled Worker,engineering_construction
EDO Design & Construction Ltd,London,,Worker (A rating),Skilled Worker,engineering_construction
EDP Renewables UK Limited,EDINBURGH,,Worker (A rating),Skilled Worker,engineering_construction
Edward Williams Architects,London,London,Worker (A rating),Skilled Worker,engineering_construction
Effective Energy Group Ltd,Worksop,,Worker (A rating),Skilled Worker,engineering_construction
Efficient Home Energy,Bromley,,Worker (A rating),Skilled Worker,engineering_construction
EFFICIENT SURVEYORS LTD,Manchester,,Worker (A rating),Skilled Worker,engineering_construction
Eicher Motors Limited,Bruntingthorpe,Leicestershire,Worker (A rating),Global Business Mobility: Senior or Specialist Worker; Skilled Worker,engineering_construction
Eiffage Genie Civil UK,Milton Keynes,Chiswick,Worker (A rating); Temporary Worker (A rating),Skilled Worker; Global Business Mobility: Graduate Trainee; Global Business Mobility: Senior or Specialist Worker,engineering_construction
EIG Global Energy (Europe) Limited,London,,Worker (A rating),Skilled Worker; Global Business Mobility: Senior or Specialist Worker,engineering_construction
EJG BUILDERS LTD,Mansfield,,Worker (A rating),Skilled Worker,engineering_construction
Eku Energy Limited,London,,Worker (A rating),Global Business Mobility: Senior or Specialist Worker; Skilled Worker,engineering_construction
Elcio Electrical Limited,London,,Worker (A rating),Skilled Worker,engineering_construction
Elder and Cannon Architects,Glasgow,,Worker (A rating),Skilled Worker,engineering_construction
ELDERWOOD MOTORS LTD,Peterborough,England,Worker (A rating),Skilled Worker,engineering_construction
Eldon Construction Limited,London,,Worker (A rating),Skilled Worker,engineering_construction
ELECRO ENGINEERING LIMITED,Stevenage,Hertfordshire,Worker (A rating),Skilled Worker,engineering_construction
ELECT ENGINEERS LTD,LONDON,,Worker (A rating),Skilled Worker,engineering_construction
ELECTRIC4U ELECTRICAL SERVICES LTD,Surbiton,,Worker (A rating),Skilled Worker,engineering_construction
Electrical & Mechanical Services (UK) Ltd,Thamesmead,London,Worker (A rating),Skilled Worker,engineering_construction
Electrical & Pump Services Ltd. (EPS Water),Alton,Hampshire,Worker (A rating),Skilled Worker,engineering_construction
Electrical and Mechanical & Cooling Ltd,Middlesbrough,,Worker (A rating),Skilled Worker,engineering_construction
Electrical Contractors' Association,London,,Worker (A rating),Skilled Worker,engineering_construction
ELECTRICAL DESIGN AND MFG CO LIMITED,Leicester,,Worker (A rating),Skilled Worker,engineering_construction
Electrical Xpress Limited,London,,Worker (A rating),Skilled Worker,engineering_construction
Electricity North West (CONSTRUCTION & MAINTENANCE) LTD,blackburn,lancashire,Worker (A rating),Skilled Worker,engineering_construction
ELECTRO ENGINEERS LTD,BIRMINGHAM,,Worker (A rating),Skilled Worker,engineering_construction
Electroroute Energy Limited,London,,Worker (A rating),Skilled Worker,engineering_construction
Electrosoft Engineering Limited,Hertfordshire,,Worker (A rating),Skilled Worker,engineering_construction
ELEGANCE CONSTRUCTION LTD,Hayes,,Worker (A rating),Skilled Worker,engineering_construction
Element Construction.co.uk.ltd,Watford,,Worker (A rating),Skilled Worker,engineering_construction
Element Gas & Heating Limited,Birmingham,West Midlands,Worker (A rating),Skilled Worker,engineering_construction
Elementum Energy Limited,London,,Worker (A rating),Skilled Worker; Global Business Mobility: Senior or Specialist Worker,engineering_construction
Elev8 Fire Engineering Ltd,Nottingham,Nottinghamshire,Worker (A rating),Skilled Worker,engineering_construction
Elevatebuild Construction Services Ltd,Basingstoke,,Worker (A rating),Skilled Worker,engineering_construction
Elgin Energy Holdings,Surrey,,Worker (A rating),Skilled Worker; Global Business Mobility: Senior or Specialist Worker,engineering_construction
Elisys Engineering Ltd,Edinburgh,Midlothian,Worker (A rating),Skilled Worker,engineering_construction
ELITE 1 BUILDERS LTD,manchester,,Worker (A rating),Skilled Worker,engineering_construction
Elite Automotive Ltd,Milton Keynes,,Worker (A rating),Skilled Worker,engineering_construction
Elite Construction Force Ltd,London,England,Worker (A rating),Skilled Worker,engineering_construction
Elite Custom Building Limited,Whitefield/Manchester,,Worker (A rating),Skilled Worker,engineering_construction
Elite Renewables Limited,Croydon,London,Worker (A rating),Skilled Worker,engineering_construction
Elk Architecture Ltd,Leicester,,Worker (A rating),Skilled Worker,engineering_construction
Elliott Building & Civil Engineering Ltd,London,,Worker (A rating),Skilled Worker,engineering_construction
Elmya Energy UK Limited,London,,Worker (A rating),Skilled Worker; Global Business Mobility: Senior or Specialist Worker,engineering_construction
ELQENI CONSTRUCTION LTD,London,,Worker (A rating),Skilled Worker,engineering_construction
ELSTA ENERGY LTD,London,,Worker (A rating),Global Business Mobility: Senior or Specialist Worker; Skilled Worker,engineering_construction
Elta Automotive Ltd,Coleshill,,Worker (A rating),Skilled Worker,engineering_construction
ELVEN ENERGY LIMITED,LONDON,,Worker (A rating),Skilled Worker,engineering_construction
ELYOS ENERGY UK LTD,Kings Langley,Hertfordshire,Worker (A rating),Skilled Worker,engineering_construction
ELYSIUM CONSTRUCTION LTD,London,,Worker (A rating),Skilled Worker,engineering_construction
Emaan Construction Ltd,Rochdale,,Worker (A rating),Skilled Worker,engineering_construction
EMB Power Limited,Chelford,Cheshire,Worker (A rating),Skilled Worker,engineering_construction
Ember construction LTD,Warwick,,Worker (A rating),Skilled Worker,engineering_construction
Ember Energy Research CIC,Epsom,Surrey,Worker (A rating),Skilled Worker,engineering_construction
EMERALD GREEN ENERGY LTD,Solihull,UK,Worker (A rating),Skilled Worker,engineering_construction
Emerald Power,Cheshire East,,Worker (A rating),Skilled Worker,engineering_construction
EMKA CONSTRUCTION LTD,Woodford Green,,Worker (A rating),Skilled Worker,engineering_construction
EMMY CONSTRUCTION LTD,LONDON,,Worker (A rating),Skilled Worker,engineering_construction
Empire Contractors Co.Limited,Uxbridge,,Worker (A rating),Skilled Worker,engineering_construction
EMPIRE CONTRACTORS ES LIMITED,London,,Worker (A rating),Skilled Worker,engineering_construction
EMPIRE DESIGN & CONSTRUCTION LTD,Ashford,,Worker (A rating),Skilled Worker,engineering_construction
Empire Engineering Limited,Bristol,Bristol,Worker (A rating),Skilled Worker,engineering_construction
Empire Motor House,Halifax,,Worker (A rating),Skilled Worker,engineering_construction
EMS Construction Limited,London,,Worker (A rating),Skilled Worker,engineering_construction
Encompass Engineering Solutions Ltd,Derby,,Worker (A rating),Skilled Worker,engineering_construction
Endeavour Automotive,Borehamwood,,Worker (A rating),Skilled Worker,engineering_construction
Eneo Electrical Contractors Ltd,London,,Worker (A rating),Skilled Worker,engineering_construction
Enercon Wind Energy UK Limited,Edinburgh,,Worker (A rating),Skilled Worker; Global Business Mobility: Senior or Specialist Worker,engineering_construction
ENERCON Wind Energy UK Ltd.,Edinburgh,,Worker (A rating),Skilled Worker; Global Business Mobility: Senior or Specialist Worker,engineering_construction
Energevo Renewables Limited,Ascot,,Worker (A rating),Skilled Worker,engineering_construction
energy and carbon reduction solutions ltd,Ashton-Under-Lyne,,Worker (A rating),Skilled Worker,engineering_construction
Energy Aspects Ltd,London,,Worker (A rating),Skilled Worker,engineering_construction
Energy Coast UTC,WORKINGTON,Cumbria,Worker (A rating),Skilled Worker,engineering_construction
Energy Control Analysis Limited,Clydebank,Glasgow,Worker (A rating),Skilled Worker,engineering_construction
Energy Deployment Co. Ltd,HARROW,MIDDLESEX,Worker (A rating),Skilled Worker,engineering_construction
energy design studio ltd t/a and-now,Harrow,,Worker (A rating),Skilled Worker,engineering_construction
Energy Developments (UK) Limited,Towcester,Northamptonshire,Worker (A rating),Global Business Mobility: Senior or Specialist Worker,engineering_construction
Energy Efficiency Group Ltd,Leicester,Leicestershire,Worker (A rating),Skilled Worker,engineering_construction
ENERGY EFFICIENCY SERVICES LIMITED,Stockport,,Worker (A rating),Global Business Mobility: Senior or Specialist Worker,engineering_construction
Energy Exemplar (Europe)  Ltd,LONDON,UK,Worker (A rating),Global Business Mobility: Senior or Specialist Worker; Skilled Worker,engineering_construction
ENERGY FIX LIMITED,Luton,,Worker (A rating),Skilled Worker,engineering_construction
Energy Gardens Limited,"City of Westminster, London",,Worker (A rating),Skilled Worker,engineering_construction
Energy Help Limited,Birmingham,,Worker (A rating),Skilled Worker,engineering_construction
Energy Intelligence Group,London,,Worker (A rating),Global Business Mobility: Senior or Specialist Worker; Skilled Worker,engineering_construction
ENERGY LIGHT BULBS LTD,UXBRIDGE,MIDDLESEX,Worker (A rating),Skilled Worker,engineering_construction
energy live news ltd,Cuffley,Herts,Worker (A rating),Skilled Worker,engineering_construction
Energy Metrics Monitoring & Management UK Ltd T/A EM3 UK,Warwick,,Worker (A rating),Skilled Worker,engineering_construction
ENERGY PERFORMANCE CERTIFICATE CHECK LTD,Luton,,Worker (A rating),Skilled Worker,engineering_construction
Energy Power Resources Limited,Woodbridge,Suffolk,Worker (A rating),Skilled Worker,engineering_construction
ENERGY PRICES DIRECT LIMITED,Glasgow,,Worker (A rating),Skilled Worker,engineering_construction
Energy Saving Homes Ltd,Solihul,Warwickshire,Worker (A rating),Skilled Worker,engineering_construction
Energy Saviour Ltd,Slough,,Worker (A rating),Skilled Worker,engineering_construction
ENERGY SOLUTIONS (ES) LTD,Cardiff,Wales,Worker (A rating),Skilled Worker,engineering_construction
Energy Solutions UK Ltd,Aylesford,Kent,Worker (A rating),Skilled Worker,engineering_construction
ENERGY SUITE LTD,Nelson,,Worker (A rating),Skilled Worker,engineering_construction
Energy Trading Ireland Limited,Belfast,County Down,Worker (A rating),Skilled Worker,engineering_construction
Energy Utilities Limited,Manchester,Lancashire,Worker (A rating),Skilled Worker,engineering_construction
Energy Vault Solutions UK Ltd,London,,Worker (A rating),Global Business Mobility: Senior or Specialist Worker; Skilled Worker,engineering_construction
Enertherm Engineering Ltd,Peterborough,,Worker (A rating),Skilled Worker,engineering_construction
ENETCO POWER UK LTD,London,,Worker (A rating),Skilled Worker,engineering_construction
Eneus Energy Limited,Edinburgh,,Worker (A rating),Skilled Worker,engineering_construction
Enfield Plumbing Supplies Limited,Enfield,,Worker (A rating),Skilled Worker,engineering_construction
Engel Construction Ltd,East Horsley,Surrey,Worker (A rating),Skilled Worker,engineering_construction
ENGI PRO (ENGINEERING PROFESSIONAL SERVICES) LIMITED,Rayleigh,,Worker (A rating),Skilled Worker,engineering_construction
Engineered Arts Limited,Falmouth,Cornwall,Worker (A rating),Skilled Worker,engineering_construction
Engineered Fabrication Solutions Limited,Highbridge,,Worker (A rating),Skilled Worker,engineering_construction
Engineered Performance Coatings Ltd,Cardiff,,Worker (A rating),Skilled Worker,engineering_construction
ENGINEERED REINFORCING STEEL INDUSTRIES UK LIMITED,Loughborough,,Worker (A rating),Global Business Mobility: Senior or Specialist Worker; Skilled Worker,engineering_construction
Engineered Solutions (Projects) Ltd,newcastle upon tyne,Tyne and Wear,Worker (A rating),Skilled Worker,engineering_construction
Engineered Vibration Solutions Ltd,Bristol,Gloucestershire,Worker (A rating),Skilled Worker,engineering_construction
Engineeria Ltd,London,,Worker (A rating),Skilled Worker,engineering_construction
Engineering Council,London,,Worker (A rating),Skilled Worker,engineering_construction
ENGINEERING DESIGN & SUPPLIES LTD,Ellistown,Leicestershire,Worker (A rating),Skilled Worker,engineering_construction
Engineering Efficiency Ltd,Mitcham,Surrey,Worker (A rating),Skilled Worker,engineering_construction
ENGINEERING PLASTICS LIMITED,COOKSTOWN,NORTHERN IRELAND,Worker (A rating),Skilled Worker,engineering_construction
Engineering Projects Protechnology Ltd,London,,Worker (A rating),Skilled Worker,engineering_construction
Engineers Haskins Robinson Waters Limited,London,,Worker (A rating),Skilled Worker,engineering_construction
ENGINEERS INDIA LIMITED,HOUNSLOW,MIDDLESEX,Worker (A rating),Global Business Mobility: Senior or Specialist Worker,engineering_construction
Enhanced Engineering Group Limited,Camberley,Surrey,Worker (A rating),Skilled Worker,engineering_construction
Eni Energy Group Holdings Limited,London,,Worker (A rating),Skilled Worker,engineering_construction
Eni Global Energy Markets S.p.A - UK Establishment,London,,Worker (A rating),Skilled Worker; Global Business Mobility: Senior or Specialist Worker,engineering_construction
Enka Motors,London,,Worker (A rating),Skilled Worker,engineering_construction
ENKA Uk Construction Limited,London,,Worker (A rating),Skilled Worker; Global Business Mobility: Senior or Specialist Worker,engineering_construction
Enkae Prestige Motors,Huddersfield,,Worker (A rating),Skilled Worker,engineering_construction
Enough Energy Ltd,Witney,Oxfordshire,Worker (A rating),Skilled Worker,engineering_construction
Enray Power Ltd,London,,Worker (A rating),Skilled Worker,engineering_construction
ENRICH CONSTRUCTION LTD,Middlesex,,Worker (A rating),Skilled Worker,engineering_construction
ENSMART POWER LTD,Rayne,Essex,Worker (A rating),Skilled Worker,engineering_construction
ENSPEC Power Ltd,St. Helens,Merseyside,Worker (A rating),Skilled Worker,engineering_construction
ENTECH CATERING ENGINEERS (LONDON) LTD,TENTERDEN,,Worker (A rating),Skilled Worker,engineering_construction
Enterprise Architecture Solutions Ltd,Bletchley,Buckinghamshire,Worker (A rating),Skilled Worker,engineering_construction
Envirolec Smart Energy Solutions (London) Limited,Orpington,Kent,Worker (A rating),Skilled Worker,engineering_construction
Environmental Fabrications Ltd,Dromore,DOWN,Worker (A rating),Skilled Worker,engineering_construction
Environmental Power International (UK) Limited,London,Surrey,Worker (A rating),Skilled Worker,engineering_construction
ENVISION ENERGY INTERNATIONAL UK LIMITED,London,,Worker (A rating),Skilled Worker,engineering_construction
ENVISION ENERGY UK COE LTD,London,,Worker (A rating),Global Business Mobility: Senior or Specialist Worker; Skilled Worker,engineering_construction
EOS CLIMATE AND ENERGY LTD,Windsor,,Worker (A rating),Skilled Worker,engineering_construction
EPA Manufacturing Ltd,Wickenby,,Worker (A rating),Skilled Worker,engineering_construction
EPCO ENERGY SOLUTIONS LTD,CHEADLE,,Worker (A rating),Skilled Worker,engineering_construction
EPICON CONSTRUCTION LTD,Luton,,Worker (A rating),Skilled Worker,engineering_construction
EPR ARCHITECTS LIMITED,LONDON,,Worker (A rating),Skilled Worker,engineering_construction
EPS Builders Limited,Birmingham,,Worker (A rating),Skilled Worker,engineering_construction
Equipment Move Engineering,Bristol,Please Select,Worker (A rating),Skilled Worker,engineering_construction
ER BUILDING LTD,London,,Worker (A rating),Skilled Worker,engineering_construction
ERDA ENERGY LIMITED,London,,Worker (A rating),Skilled Worker,engineering_construction
EREQI CONSTRUCTION LIMITED,Hove,East Sussex,Worker (A rating),Skilled Worker,engineering_construction
Eric Parry Architects Ltd,LONDON,County (optional),Worker (A rating),Skilled Worker,engineering_construction
ES Architecture Ltd,Watford,United Kingdom (+44),Worker (A rating),Skilled Worker,engineering_construction
ES Builder (Derby) Limited,Derby,,Worker (A rating),Skilled Worker,engineering_construction
Escon Construction Ltd,London,,Worker (A rating),Skilled Worker,engineering_construction
ESG Energy Service Group Limited,Edinburgh,,Worker (A rating),Skilled Worker,engineering_construction
ESG Global (Energy) Ltd,Chorley,,Worker (A rating),Skilled Worker; Global Business Mobility: Senior or Specialist Worker,engineering_construction
ESPRIT AUTOMOTIVE LTD,Pontypool,Wales,Worker (A rating),Skilled Worker,engineering_construction
ESSENTIAL CONSTRUCTION SERVICES (E.C.S) LTD.,Gerrards Cross,,Worker (A rating),Skilled Worker,engineering_construction
Essex Building Contractor Ltd,Rainham,,Worker (A rating),Skilled Worker,engineering_construction
ESSEX CONSTRUCTION GROUP LTD,ILFORD,,Worker (A rating),Skilled Worker,engineering_construction
ESSEX HEATING & VENTILATION LTD,Epping,,Worker (A rating),Skilled Worker,engineering_construction
Estrada Building Services Ltd.,Bexleyheath,,Worker (A rating),Skilled Worker,engineering_construction
ETA GREEN POWER LTD,HETHEL,NORFOLK,Worker (A rating),Skilled Worker,engineering_construction
Etex Building Performance Limited,Bristol,,Worker (A rating),Global Business Mobility: Senior or Specialist Worker; Skilled Worker,engineering_construction
Ethan Construction Ltd,Feltham,,Worker (A rating),Skilled Worker,engineering_construction
Ethical Power Ltd,Exeter,,Worker (A rating),Skilled Worker,engineering_construction
Etihad Construction LTD.,Manchester,,Worker (A rating),Skilled Worker,engineering_construction
Eton West Construction Ltd,London,,Worker (A rating),Skilled Worker,engineering_construction
Euro Electrical Supplies Ltd,Barking,,Worker (A rating),Skilled Worker,engineering_construction
Euro Motors Camden Ltd,London,,Worker (A rating),Skilled Worker,engineering_construction
Euro Plumbing Limited,Harrow,,Worker (A rating),Skilled Worker,engineering_construction
Eurofins Electrical and Electronic UK Limited,York,,Worker (A rating),Skilled Worker,engineering_construction
Europlan Engineering UK Limited,Inverness,,Worker (A rating),Skilled Worker,engineering_construction
euroscot engineering,Glasgow,,Worker (A rating),Skilled Worker,engineering_construction
Euroside Construction Limited,Rochester,Kent,Worker (A rating),Skilled Worker,engineering_construction
Eurotec motors,Harrow,Middlesex,Worker (A rating),Skilled Worker,engineering_construction
Eurowind Energy Limited,Glasgow,,Temporary Worker (A rating),Global Business Mobility: Graduate Trainee,engineering_construction
Eurus Energy UK Ltd,Newtown,Powys,Worker (A rating),Global Business Mobility: Senior or Specialist Worker,engineering_construction
EV DOT ENERGY LIMITED,London,,Worker (A rating),Skilled Worker,engineering_construction
Evaluate Energy Limited,London,,Worker (A rating),Skilled Worker,engineering_construction
EVERARD CONSTRUCTION MANAGEMENT LTD,London,,Worker (A rating),Skilled Worker,engineering_construction
EVEREST SHOPFITTING AND CONSTRUCTION UK LTD,Wallington,,Worker (A rating),Skilled Worker,engineering_construction
EVERGREEN BUILDERS LTD,Wolverhampton,,Worker (A rating),Skilled Worker,engineering_construction
Evergreen Construction (UK) Limited,Ilford,Essex,Worker (A rating),Skilled Worker,engineering_construction
Evergreen Energy Solutions Limited,Salford,,Worker (A rating),Skilled Worker,engineering_construction
EVERGREEN ENGINEERS LTD,London,,Worker (A rating),Skilled Worker,engineering_construction
Evergreen Power UK Ltd,South Croydon,,Worker (A rating),Skilled Worker,engineering_construction
Evero Energy Group Limited,London,,Worker (A rating),Skilled Worker,engineering_construction
Evinox Energy Ltd.,Chessington,Surrey,Worker (A rating),Skilled Worker,engineering_construction
EVOK ENGINEERING LIMITED,London,,Worker (A rating),Skilled Worker,engineering_construction
Evolution Infrastructure Ltd,London,,Worker (A rating),Skilled Worker,engineering_construction
Evolution Power Tools,Sheffield,South Yorkshire,Worker (A rating),Skilled Worker,engineering_construction
EVOLVE ARCHITECTURE LIMITED,LONDON,,Worker (A rating),Skilled Worker,engineering_construction
Evtec Automotive,Coventry,West Midlands,Worker (A rating),Skilled Worker,engineering_construction
Ewell electrical,Banstead,Surrey,Worker (A rating),Skilled Worker,engineering_construction
Exa Infrastructure UK Limited,London,,Worker (A rating),Skilled Worker,engineering_construction
Excel Construction Ltd,croydon,,Worker (A rating),Skilled Worker,engineering_construction
Excel Energy ltd,Ferndown,Dorset,Worker (A rating),Skilled Worker,engineering_construction
Excel Engineering and Surveying Services Limited,High Wycombe,Buckinghamshire,Worker (A rating),Skilled Worker,engineering_construction
Excel Plumbing and Heating Supplies Ltd,London,,Worker (A rating),Skilled Worker,engineering_construction
Excel Pumps And Motors Ltd,Berkshire,,Worker (A rating),Skilled Worker,engineering_construction
Excelerate Energy Europe Ltd,London,,Worker (A rating),Global Business Mobility: Senior or Specialist Worker; Skilled Worker,engineering_construction
EXCELLENCE BUILDER SERVICES LIMITED,London,,Worker (A rating),Skilled Worker,engineering_construction
Excitation & Engineering Service Ltd,Tamworth,Staffordshire,Worker (A rating),Skilled Worker,engineering_construction
EXCLUSIVE TRADE & BUILDING SERVICES LIMITED,BRADFORD,,Worker (A rating),Skilled Worker,engineering_construction
Exeter Aerospace Ltd,Exeter,Devon,Worker (A rating),Skilled Worker,engineering_construction
Experia Construction&development limited,Hayes,,Worker (A rating),Skilled Worker,engineering_construction
Experienced Solar & EV Solutions Ltd,Tamworth,,Worker (A rating),Skilled Worker,engineering_construction
EXPERT BUILDING CONTRACTORS LTD,"Northfleet, Gravesend",Kent,Worker (A rating),Skilled Worker,engineering_construction
Express Builders & Developers LTD,Milton Keynes,,Worker (A rating),Skilled Worker,engineering_construction
Express Catering Equipment and Fabrication LTD,Sheffield,,Worker (A rating),Skilled Worker,engineering_construction
Express Electrical & Engineering Supplies Ltd,Clydebank,West Dunbartonshire,Worker (A rating),Skilled Worker,engineering_construction
Express Engineering (Fabrications) Limited,Middlesbrough,Tyne & Wear,Worker (A rating),Skilled Worker,engineering_construction
EXPRESS GROUP CONSTRUCTION LTD,Rainham,,Worker (A rating),Skilled Worker,engineering_construction
Exterior Architecture Ltd,London,,Worker (A rating),Skilled Worker,engineering_construction
Eye Of The Contractor,London,,Worker (A rating),Skilled Worker,engineering_construction
F A ENGINEERING LTD,ILFORD,,Worker (A rating),Skilled Worker,engineering_construction
F&M construction,London,London,Worker (A rating),Skilled Worker,engineering_construction
F.J. Booth Construction Limited,Gainsborough,,Worker (A rating),Skilled Worker,engineering_construction
FABRICAT IRELAND LTD,DUNGANNON,TYRONE,Worker (A rating),Skilled Worker,engineering_construction
Fair Deals Motor LTD,Reading,,Worker (A rating),Skilled Worker,engineering_construction
Fairdeal Electrical Services Limited,London,,Worker (A rating),Skilled Worker,engineering_construction
Fairfield Engineering Ltd,Petersfield,Hampshire,Worker (A rating),Skilled Worker,engineering_construction
Fairfield Plumbing and Heating services Ltd,London,,Worker (A rating),Skilled Worker,engineering_construction
Fairview Construction Team Ltd,London,,Worker (A rating),Skilled Worker,engineering_construction
FAISAL BUILDING SOLUTION LTD,Dewsbury,,Worker (A rating),Skilled Worker,engineering_construction
FALCON CONSTRUCTION BRISTOL LIMITED,Bristol,,Worker (A rating),Skilled Worker,engineering_construction
Falcon Electrical Wholesalers Limited,Leeds,,Worker (A rating),Skilled Worker,engineering_construction
FAMA ENERGY SERVICES LIMITED,Glasgow,Lanarkshire,Worker (A rating),Skilled Worker,engineering_construction
Farid Hillend Engineering,DUNFERMLINE,,Worker (A rating),Skilled Worker,engineering_construction
Farshid Moussavi Architecture Ltd,London,,Worker (A rating),Skilled Worker,engineering_construction
Faruk Motors,Bolton,,Worker (A rating),Skilled Worker,engineering_construction
FAST GUJ CONSTRUCTION LIMITED,BARKING,,Worker (A rating),Skilled Worker,engineering_construction
Fastflow Heating and Plumbing Ltd,Preston,,Worker (A rating),Skilled Worker,engineering_construction
FASTRACK MOTORS LTD,London,,Worker (A rating),Skilled Worker,engineering_construction
Fastway Construction Limited,London,,Worker (A rating),Skilled Worker,engineering_construction
Fateh Construction London Ltd.,Belvedere,,Worker (A rating),Skilled Worker,engineering_construction
FBS BUILDERS LTD,Middlesbrough,,Worker (A rating),Skilled Worker,engineering_construction
FC Construction Group Ltd,Manchester,,Worker (A rating),Skilled Worker,engineering_construction
FDT Construction Services Limited,London,,Worker (A rating),Skilled Worker; Global Business Mobility: Senior or Specialist Worker,engineering_construction
Feilden Fowles Architects Limited,London,,Worker (A rating),Skilled Worker,engineering_construction
Ferdotti Motor Services LTD,West Bromwich,West Midlands,Worker (A rating),Skilled Worker,engineering_construction
Ferrovial Construction UK Ltd,London,,Worker (A rating); Temporary Worker (A rating),Skilled Worker; Global Business Mobility: Graduate Trainee; Global Business Mobility: Senior or Specialist Worker,engineering_construction
FG ENGINEERING+ LIMITED,London,,Worker (A rating),Skilled Worker,engineering_construction
FG HOME CONSTRUCTION LIMITED,Coventry,,Worker (A rating),Skilled Worker,engineering_construction
FG Mechanical Building Services Limited,Magherafelt,Derry,Worker (A rating),Skilled Worker,engineering_construction
FHP Engineering Services Solutions Limited,London,,Worker (A rating),Skilled Worker,engineering_construction
Fiaz Alam property and construction,Stoke On Trent,,Worker (A rating),Skilled Worker,engineering_construction
Fibre Gas & Building Work Ltd,Rochdale,,Worker (A rating),Skilled Worker,engineering_construction
Fig Power Limited,Bristol,Gloucestershire,Worker (A rating),Skilled Worker,engineering_construction
Finch Architecture Limited,London,,Worker (A rating),Skilled Worker,engineering_construction
Fine Drive Motors Ltd,Odiham road,Ewshot Farnham,Worker (A rating),Skilled Worker,engineering_construction
Finkernagel Ross Architects,London,,Worker (A rating),Skilled Worker,engineering_construction
Fire Delay Contractors Ltd,Hutton,Essex,Worker (A rating),Skilled Worker,engineering_construction
FIRE ENGINEER LTD,Gloucester,,Worker (A rating),Skilled Worker,engineering_construction
FIREFLY ELECTRICS & BUILDERS LTD,Bolton,,Worker (A rating),Skilled Worker,engineering_construction
FIRST CHOICE BUILDING SERVICES NOTTINGHAM LTD,Nottingham,,Worker (A rating),Skilled Worker,engineering_construction
First Choice Building Supplies Limited,Hayes,,Worker (A rating),Skilled Worker,engineering_construction
Fisk & Osbourne Building Limited,Stanford le Hope,Essex,Worker (A rating),Skilled Worker,engineering_construction
FITZARTHUR AUTOMOTIVE LTD,London,,Worker (A rating),Skilled Worker,engineering_construction
Fitzpatrick Construction UK Limited,London,,Worker (A rating),Skilled Worker,engineering_construction
Fitzroy Motor Co Ltd,Ringwood,,Worker (A rating),Skilled Worker,engineering_construction
FK ELECTRICAL AND PLUMBING SUPPLIES LIMITED,ILFORD,ESSEX,Worker (A rating),Skilled Worker,engineering_construction
Flam Construction Limited,"Enfield, LONDON",Hertfordshire,Worker (A rating),Skilled Worker,engineering_construction
Flash Flooring & Construction Ltd,Edgware,,Worker (A rating),Skilled Worker,engineering_construction
Fleet Architects Limited,London,,Worker (A rating),Skilled Worker,engineering_construction
Fleetwood Architectural Aluminium Ltd,SLOUGH,Berkshire,Worker (A rating),Skilled Worker,engineering_construction
Fleming Architects,Cheltenham,Gloucestershire,Worker (A rating),Skilled Worker,engineering_construction
Fletcher Crane Architects Ltd,Hampton Wick,Kingston upon Thames,Worker (A rating),Skilled Worker,engineering_construction
Flood & Civil Ltd,Hornchurch,,Worker (A rating),Skilled Worker,engineering_construction
Flori Construction Limited,London,,Worker (A rating),Skilled Worker,engineering_construction
Flotation Energy Limited,Edinburgh,Scotland,Worker (A rating),Global Business Mobility: Senior or Specialist Worker; Skilled Worker,engineering_construction
FLOWIFY HEATING LTD,Romford,Essex,Worker (A rating),Skilled Worker,engineering_construction
FLOWTECH MECHANICAL SERVICES LTD,London,,Worker (A rating),Skilled Worker,engineering_construction
Floyd Slaski Architects Ltd,London,,Worker (A rating),Skilled Worker,engineering_construction
Fluence Energy UK Limited,London,,Worker (A rating),Skilled Worker,engineering_construction
Flynn Management & Contractors (UK) Ltd,London,London,Worker (A rating),Skilled Worker,engineering_construction
FM CONSTRUCTION AND MAINTENANCE LTD,London,,Worker (A rating),Skilled Worker,engineering_construction
FM Motor Co. Ltd,Wembley,,Worker (A rating),Skilled Worker,engineering_construction
Foam Engineers Ltd,High Wycombe,Buckinghamshire,Worker (A rating),Skilled Worker,engineering_construction
Focus Building Services Limited,Bromley,Kent,Worker (A rating),Skilled Worker,engineering_construction
Focus Building Solutions Limited,Pinner,,Worker (A rating),Skilled Worker,engineering_construction
Focusrite Audio Engineering Limited,High Wycombe,Buckinghamshire,Worker (A rating),Skilled Worker,engineering_construction
Foers Engineering Ltd,Rothertham,South Yorkshire,Worker (A rating),Skilled Worker,engineering_construction
Foran Construction Ltd,LONDON,Middlesex,Worker (A rating),Skilled Worker,engineering_construction
Force Engineering Ltd,Shepshed,Leicestershire,Worker (A rating),Skilled Worker,engineering_construction
Ford Aerospace Ltd,South Shields,Tyne and Wear,Worker (A rating),Skilled Worker,engineering_construction
Ford Motor Company Limited,Essex,,Worker (A rating); Temporary Worker (A rating),Skilled Worker; Global Business Mobility: Graduate Trainee; Global Business Mobility: Senior or Specialist Worker,engineering_construction
Form Builders Ltd,Omagh,Tyrone,Worker (A rating),Skilled Worker,engineering_construction
Format Engineers Ltd,Bath,Somerset,Worker (A rating),Skilled Worker,engineering_construction
Formation Architects,London,,Worker (A rating),Skilled Worker,engineering_construction
Forsa Energy Gas Holdings Ltd,Greenock,Glasgow,Worker (A rating),Skilled Worker,engineering_construction
Fort Vale Engineering Ltd.,Burnley,Lancashire,Worker (A rating),Skilled Worker,engineering_construction
Forth Construction Ltd,Leven,,Worker (A rating),Skilled Worker,engineering_construction
FORWARD CONSTRUCTION AGENCY LTD,Oldbury,,Worker (A rating),Skilled Worker,engineering_construction
Fothergill Engineered Fabrics Ltd,Littleborough,Lancashire,Worker (A rating),Skilled Worker,engineering_construction
Foundrax Engineering Products Limited,Somerton,Somerset,Worker (A rating),Skilled Worker,engineering_construction
FourQuest Energy (UK) Limited,Billingham,,Worker (A rating),Skilled Worker,engineering_construction
FOURWINDS ENERGY LTD T/A BOILUP ENERGY SOLUTIONS,Barking,,Worker (A rating),Skilled Worker,engineering_construction
Fowrass Fabrication,Cumbria,,Worker (A rating),Skilled Worker,engineering_construction
Fox Design and Manufacturing Services Ltd,Flint,Flintshire,Worker (A rating),Skilled Worker,engineering_construction
Foxglove Energy Supply Ltd,Leicester,Leicestershire,Worker (A rating),Skilled Worker,engineering_construction
FRANCECOM BUILDERS LIMITED,CHATHAM,KENT,Worker (A rating),Skilled Worker,engineering_construction
Frank Reynolds Architects,London,,Worker (A rating),Skilled Worker,engineering_construction
Franky Construction Limited,London,,Worker (A rating),Skilled Worker,engineering_construction
Fraser Brown MacKenna Architects (FBM Architects),London,Greater London,Worker (A rating),Skilled Worker,engineering_construction
FRAZ MOTORS LIMITED,Luton,,Worker (A rating),Skilled Worker,engineering_construction
Frazer-Nash Manufacturing,Petersfield,Hampshire,Worker (A rating),Skilled Worker,engineering_construction
Freefoam Building Products UK Ltd,Northampton,,Worker (A rating),Skilled Worker,engineering_construction
Freeform Fabrication ltd,Stevenage,Hertfordshire,Worker (A rating),Skilled Worker,engineering_construction
Frencon Construction Limited,London,,Worker (A rating),Skilled Worker,engineering_construction
FRV Services Energy UK Limited,Reading,Berkshire,Worker (A rating),Global Business Mobility: UK Expansion Worker; Skilled Worker,engineering_construction
FS Construction & Design Ltd,London,,Worker (A rating),Skilled Worker,engineering_construction
FTA ENGINEERS LTD,LONDON,,Worker (A rating),Skilled Worker,engineering_construction
Ftoni Construction Ltd,London,,Worker (A rating),Skilled Worker,engineering_construction
FTTX and Energy Warehouse Limited,Rochdale,,Worker (A rating),Skilled Worker,engineering_construction
FUEL ENERGY UK LTD,Newmarket,,Worker (A rating),Skilled Worker,engineering_construction
Fuel Power Ltd,Sheffield,,Worker (A rating),Skilled Worker,engineering_construction
Fulcrum Infrastructure Management Limited,London,,Worker (A rating),Skilled Worker,engineering_construction
Fuse Architects Limited,London,,Worker (A rating),Skilled Worker,engineering_construction
Fuse Energy Supply Limited,London,,Worker (A rating),Skilled Worker,engineering_construction
FUSION MOTORS LTD,Essex,,Worker (A rating),Skilled Worker,engineering_construction
Futaba Manufacturing UK Ltd,Burnley,Lancashire,Worker (A rating); Temporary Worker (A rating),Skilled Worker; Global Business Mobility: Graduate Trainee; Global Business Mobility: Senior or Specialist Worker,engineering_construction
Futura Motor Ltd T/A Sillett Tyres,Aberdeen,,Worker (A rating),Skilled Worker,engineering_construction
Future Architectural Solutions Ltd,London,,Worker (A rating),Skilled Worker,engineering_construction
FYK Construction Ltd,Cambridge,,Worker (A rating),Skilled Worker,engineering_construction
FYZ ENGINEERING LTD,ILFORD,ESSEX,Worker (A rating),Skilled Worker,engineering_construction
G & F Construction Ltd,Leicester,,Worker (A rating),Skilled Worker,engineering_construction
G Contractors Ltd.,Hounslow,,Worker (A rating),Skilled Worker,engineering_construction
G F HOLDING (CONTRACTORS) LTD,MACCLESFIELD,CHESHIRE,Worker (A rating),Skilled Worker,engineering_construction
G Rao construction Ltd,London,,Worker (A rating),Skilled Worker,engineering_construction
G S FENCING AND BUILDING SUPPLY LTD,West Bromwich,West Midlands,Worker (A rating),Skilled Worker,engineering_construction
G T . MOTOR PART (UK) LTD,Bury,,Worker (A rating),Skilled Worker,engineering_construction
G&H Engineering and Diving Services Ltd,Feltham,,Worker (A rating),Skilled Worker,engineering_construction
G&S BUILDER LIMITED,Ilford,,Worker (A rating),Skilled Worker,engineering_construction
G-TEKT Europe Manufacturing Limited,Gloucester,Gloucestershire,Worker (A rating),Global Business Mobility: Senior or Specialist Worker; Skilled Worker,engineering_construction
G.S Campbell Contractors Ltd,Newtonmore,Inverness-shire,Worker (A rating),Skilled Worker,engineering_construction
G.V. Building Services (UK) Ltd,London,,Worker (A rating),Skilled Worker,engineering_construction
G2 DONER KEBAB MANUFACTURING LTD,washington,TYNE& WEAR,Worker (A rating),Skilled Worker,engineering_construction
g2 Energy Limited,Olney,Buckinghamshire,Worker (A rating),Skilled Worker,engineering_construction
G7 Motors Limited,Edinburgh,,Worker (A rating),Skilled Worker,engineering_construction
GABS Heating and Plumbing Solutions Limited,Northampton,,Worker (A rating),Skilled Worker,engineering_construction
GAD BUILDING CONTRACTS LTD,BILSTON,,Worker (A rating),Skilled Worker,engineering_construction
GAJ CONSTRUCTION LTD,Manchester,,Worker (A rating),Skilled Worker,engineering_construction
Galaxy Electrical Services Ltd,Woking,,Worker (A rating),Skilled Worker,engineering_construction
GALAXY GREEN POWER ENERGY LTD,Ilford,,Worker (A rating),Skilled Worker,engineering_construction
Galileo Energy UK Ltd,London,,Worker (A rating),Skilled Worker,engineering_construction
Gall Engineering Ltd,Inverurie,,Worker (A rating),Skilled Worker,engineering_construction
GAMAGE CONSTRUCTION SOLUTIONS LIMITED,BIRMINGHAM,,Worker (A rating),Skilled Worker,engineering_construction
Gamma Energy Limited,Exeter,Devon,Worker (A rating),Skilled Worker,engineering_construction
GARDNER AEROSPACE OPERATIONS UK LIMITED,Derby,,Worker (A rating),Skilled Worker,engineering_construction
GARNETT NETHERWOOD ARCHITECTS LTD,Leeds,,Worker (A rating),Skilled Worker,engineering_construction
Garratt Heating LTD,London,,Worker (A rating),Skilled Worker,engineering_construction
GASPLUS PLUMBING & HEATING SERVICES LTD,Stourbridge,West Midlands,Worker (A rating),Skilled Worker,engineering_construction
Gat Construction Ltd,HARROW,County (optional),Worker (A rating),Skilled Worker,engineering_construction
GATE BUILDERS & PLUMBERS MERCHANTS LTD,Oldbury,,Worker (A rating),Skilled Worker,engineering_construction
GAZ CONSTRUCTION LTD,ENFIELD,,Worker (A rating),Skilled Worker,engineering_construction
GB ELECTRICAL ENGINEERING LTD,Romford,,Worker (A rating),Skilled Worker,engineering_construction
GB SHOPFRONT MANUFACTURERS LTD,ROMFORD,,Worker (A rating),Skilled Worker,engineering_construction
GCC Construction Services Limited,Heathrow,,Worker (A rating),Skilled Worker,engineering_construction
GD&P CONSTRUCTION SERVICES LTD,KENT,,Worker (A rating),Skilled Worker,engineering_construction
GDS Engineering Limited,Brackley,England,Worker (A rating),Skilled Worker,engineering_construction
Gear Construction UK Limited,Waltham Cross,Hertfordshire,Worker (A rating),Global Business Mobility: Senior or Specialist Worker; Skilled Worker,engineering_construction
GEC Power Ltd,Newcastle Upon Tyne,Tyne & Wear,Worker (A rating),Skilled Worker,engineering_construction
GEM CONSTRUCTION SERVICES (UK) LTD,ISLEWORTH,,Worker (A rating),Skilled Worker,engineering_construction
GEM Environmental Building Services Ltd,London,Camden,Worker (A rating),Skilled Worker,engineering_construction
Gems Builders Ltd,Romford,Essex,Worker (A rating),Skilled Worker,engineering_construction
Genel Energy UK Services Limited,London,,Worker (A rating),Skilled Worker; Global Business Mobility: Senior or Specialist Worker,engineering_construction
Generator Power Ltd.,Wakefield,,Worker (A rating),Skilled Worker,engineering_construction
GENESIS ENERGY AND POWER LIMITED,London,,Worker (A rating),Skilled Worker; Global Business Mobility: Senior or Specialist Worker,engineering_construction
GENESIS MANUFACTURING LIMITED,MELKSHAM,WILTSHIRE,Worker (A rating),Skilled Worker,engineering_construction
Genesis Motor UK Limited,London,,Worker (A rating),Skilled Worker; Global Business Mobility: Senior or Specialist Worker,engineering_construction
Genoa Energy Limited,Leigh-on-Sea,,Worker (A rating),Skilled Worker,engineering_construction
GENTEC ENERGY LTD,LONDON,,Worker (A rating),Skilled Worker; Tier 2 General,engineering_construction
George Adams Engineering Limited,Newtownards,Down,Worker (A rating),Skilled Worker,engineering_construction
Geosec Ground Engineering Ltd,London,,Worker (A rating),Global Business Mobility: Senior or Specialist Worker; Skilled Worker,engineering_construction
GERMAN ENGINEERING CAR SALES LIMITED,HAVERHILL,,Worker (A rating),Skilled Worker,engineering_construction
Gers Power Limited,Sheffield,,Worker (A rating),Skilled Worker,engineering_construction
Gertu Construction Ltd,Bath,,Worker (A rating),Skilled Worker,engineering_construction
GES Mechanical and Electrical LTD,Doncaster,South Yorkshire,Worker (A rating),Skilled Worker,engineering_construction
GESTI BUILDERS LTD,London,,Worker (A rating),Skilled Worker,engineering_construction
GEV Wind Power Limited,Hessle,,Worker (A rating),Skilled Worker,engineering_construction
GF BUILDERS LTD,Morden,,Worker (A rating),Skilled Worker,engineering_construction
GF Engineering Group UK Ltd,London,,Worker (A rating),Global Business Mobility: Senior or Specialist Worker; Skilled Worker,engineering_construction
GF Joinery Contracts Ltd,Draperstown,,Worker (A rating),Skilled Worker,engineering_construction
Ghazi Contractors Ltd,Manchester,,Worker (A rating),Skilled Worker,engineering_construction
Ghost Motors Ltd,Cleckheaton,West Yorkshire,Worker (A rating),Skilled Worker,engineering_construction
GIA Surveyors Ltd,London,,Worker (A rating),Skilled Worker,engineering_construction
Gianni Botsford Architects Ltd,London,,Worker (A rating),Skilled Worker,engineering_construction
Gibbs Gears Precision Engineers Ltd,Stoke Mandeville,Bucks,Worker (A rating),Skilled Worker,engineering_construction
Gigs U.K. Ltd (WeWork Building),London,,Worker (A rating),Skilled Worker,engineering_construction
Gilcrest Manufacturing,Bristol,,Worker (A rating),Skilled Worker,engineering_construction
Gill Civil Engineering Limited,Birmingham,,Worker (A rating),Skilled Worker,engineering_construction
GILL CONSTRUCTION (LEIC) LTD,Leicester,,Worker (A rating),Skilled Worker,engineering_construction
Gill Electrical Engineers Ltd,Rochdale,,Worker (A rating),Skilled Worker,engineering_construction
Ginjo Construction Ltd,London,,Worker (A rating),Skilled Worker,engineering_construction
Ginkgo Landscape Contractors Ltd,London,London,Worker (A rating),Skilled Worker,engineering_construction
Girlington Glass + Joinery Limited,Bradford,West Yorkshire,Worker (A rating),Skilled Worker,engineering_construction
GJD Manufacturing Ltd,Heywood,Greater Manchester,Worker (A rating),Skilled Worker,engineering_construction
GJINI BUILDING SERVICES LTD,London,,Worker (A rating),Skilled Worker,engineering_construction
GK BUILDERS AIB LTD,Bury,Lancashire,Worker (A rating),Skilled Worker,engineering_construction
GK CONSTRUCTION MIDLANDS LTD,"Oldbury, England",,Worker (A rating),Skilled Worker,engineering_construction
GK Engineering & Design Ltd,Basildon,Essex,Worker (A rating),Skilled Worker,engineering_construction
GK Heating Limited,Middlesex,,Worker (A rating),Skilled Worker,engineering_construction
GKN Aerospace Service - Cowes,Cowes,Isle of Wight,Temporary Worker (A rating); Worker (A rating),Global Business Mobility: Graduate Trainee; Global Business Mobility: Senior or Specialist Worker; Skilled Worker,engineering_construction
GKN Aerospace Services,Luton,Bedfordshire,Worker (A rating),Global Business Mobility: Senior or Specialist Worker; Skilled Worker,engineering_construction
GKN Aerospace Services - Filton,Bristol,,Temporary Worker (A rating); Worker (A rating),Global Business Mobility: Graduate Trainee; Global Business Mobility: Senior or Specialist Worker; Skilled Worker,engineering_construction
GKN Aerospace Services Limited,Birmingham,West Midlands,Temporary Worker (A rating); Worker (A rating),Global Business Mobility: Graduate Trainee; Skilled Worker; Global Business Mobility: Senior or Specialist Worker,engineering_construction
GKR Scaffolding Limited,London,,Worker (A rating),Skilled Worker,engineering_construction
Glacier Energy Services (Holdings) Limited,Aberdeen,,Worker (A rating),Skilled Worker,engineering_construction
Glancy Nicholls Architects Ltd,Birmingham,,Worker (A rating),Skilled Worker,engineering_construction
Glasgow Chamber of Commerce & Manufactures,Glasgow,,Worker (A rating),Skilled Worker,engineering_construction
Glass UK Civil Engineering LTD,Bishops Stortford,,Worker (A rating),Skilled Worker; Global Business Mobility: Senior or Specialist Worker,engineering_construction
GLEN BUILDING SERVICES LTD T/A GBS SCAFFOLDING CONTRACTOR,DERRY,NORTHERN IRELAND,Worker (A rating),Skilled Worker,engineering_construction
Glencore Energy UK Limited,London,,Worker (A rating),Skilled Worker; Global Business Mobility: Senior or Specialist Worker,engineering_construction
Glendale Engineering (Milfield) Limited,Wooler,Northumberland,Worker (A rating),Skilled Worker,engineering_construction
Glenelly Infrastructure Solutions,Rugby,Leicestershire,Worker (A rating),Skilled Worker,engineering_construction
GLENFORT TIMBER ENGINEERING LIMITED,Dungannon,Tyrone,Worker (A rating),Skilled Worker,engineering_construction
glenturas construction ltd,Derry,Derry,Worker (A rating),Skilled Worker,engineering_construction
GLOBAL CONSOLIDATED CONTRACTORS (INTERNATIONAL) LIMITED,London,,Worker (A rating),Skilled Worker,engineering_construction
Global Energy London LTD,London,,Worker (A rating),Skilled Worker; Global Business Mobility: Senior or Specialist Worker,engineering_construction
Global Lifelines Energy Limited,Heywood,,Worker (A rating),Skilled Worker,engineering_construction
GLOBAL MARITIME ENGINEERING SERVICES LIMITED,BRIDGEND,,Worker (A rating),Skilled Worker,engineering_construction
Global Motor Parts Ltd,Leicester,,Worker (A rating),Skilled Worker,engineering_construction
GLOBAL MOTORS TRADING LIMITED T/A GLOBAL MOTORS,Wednesbury,,Worker (A rating),Skilled Worker,engineering_construction
Global Rail Construction Limited,Hatfield,Hertfordshire,Worker (A rating),Skilled Worker,engineering_construction
GLOBAL TRADING CONTRACTORS LIMITED,West Midlands,West Midlands,Worker (A rating),Skilled Worker,engineering_construction
Globe Air Motors & High Pressure Equipment Ltd,Brentwood,Essex,Worker (A rating),Global Business Mobility: Senior or Specialist Worker; Skilled Worker,engineering_construction
Globespan Infrastructure Ltd,London,Greater London,Worker (A rating),Skilled Worker,engineering_construction
Globetek Engineering Ltd.,London,,Worker (A rating),Global Business Mobility: Senior or Specialist Worker; Skilled Worker,engineering_construction
GMA BUILDERS LTD,Mitcham,,Worker (A rating),Skilled Worker,engineering_construction
GMC Motors B'HAM Limited,Birmingham,West Midlands.,Worker (A rating),Skilled Worker,engineering_construction
GMP Manufacturing Ltd,Hull,,Worker (A rating),Skilled Worker,engineering_construction
GMZ Motors Ltd,Newcastle Upon Tyne,,Worker (A rating),Skilled Worker,engineering_construction
GNB Industrial Power (UK) Limited,Bolton,,Worker (A rating),Skilled Worker,engineering_construction
"GND Motors Ltd,",West Thurrock,Essex,Worker (A rating),Skilled Worker,engineering_construction
Gneiss Energy Limited,Edinburgh,,Worker (A rating),Skilled Worker,engineering_construction
GNS ENERGY LTD,Wigan,,Worker (A rating),Skilled Worker,engineering_construction
GNV JOINERY LTD,Romford,,Worker (A rating),Skilled Worker,engineering_construction
GO GREEN MOTORS LTD,"Kent, England",,Worker (A rating),Skilled Worker,engineering_construction
Gobion Construction Limited,St Albans,,Worker (A rating),Skilled Worker,engineering_construction
Godiman Construction Ltd,Birmingham,,Worker (A rating),Skilled Worker,engineering_construction
GOGI BUILDERS LTD,England,Essex,Worker (A rating),Skilled Worker,engineering_construction
Gol Contractors Ltd,Greenhithe,,Worker (A rating),Skilled Worker,engineering_construction
Goldbeck Construction Ltd,Birmingham,,Worker (A rating); Temporary Worker (A rating),Skilled Worker; Global Business Mobility: Graduate Trainee; Global Business Mobility: Senior or Specialist Worker,engineering_construction
Goldbeck Solar Limited,Birmingham,,Worker (A rating),Global Business Mobility: Senior or Specialist Worker; Skilled Worker,engineering_construction
GOLDEN CIVIL ENGINEERING LTD,"Tyldesley, Manchester",,Worker (A rating),Skilled Worker,engineering_construction
Golden Construction Essex Ltd.,Dagenham,,Worker (A rating),Skilled Worker,engineering_construction
GOLDEN GLOBE ENERGY SERVICES LTD,Woodford Green,Essex,Worker (A rating),Skilled Worker,engineering_construction
Golden Way Construction Limited,London,,Worker (A rating),Skilled Worker,engineering_construction
Goldie contractors ltd,Wolverhampton,,Worker (A rating),Skilled Worker,engineering_construction
GONDALE CONSTRUCTION LTD,ILFORD,ESSEX,Worker (A rating),Skilled Worker,engineering_construction
GONI CONSTRUCTION LTD,London,,Worker (A rating),Skilled Worker,engineering_construction
GOODWAY CONSTRUCTION SVCS LTD,Bristol,,Worker (A rating),Skilled Worker,engineering_construction
Gore Construction Services Ltd,Slough,,Worker (A rating),Skilled Worker,engineering_construction
Gorm Energy Limited,London,,Worker (A rating),Skilled Worker,engineering_construction
Gormleys Engineering Works Ltd,Ballygawley,Tyrone,Worker (A rating),Skilled Worker,engineering_construction
GOS Heating Limited,Preston,Lancashire,Worker (A rating),Skilled Worker,engineering_construction
GOSAV CONSTRUCTION LIMITED,Brentwood,,Worker (A rating),Skilled Worker,engineering_construction
Gosport Automotive Accident Repair Centre,Gosport,England,Worker (A rating),Skilled Worker,engineering_construction
GPI Contractors Limited,Birmingham,West Midlands,Worker (A rating),Skilled Worker,engineering_construction
GPLANET CONSTRUCTION LTD,London,,Worker (A rating),Skilled Worker,engineering_construction
GPS MARINE CONTRACTORS LIMITED,ROCHESTER,KENT,Worker (A rating),Skilled Worker,engineering_construction
GR8 Building LTD T/A Falcon Construction,London,Hackney,Worker (A rating),Skilled Worker,engineering_construction
Grade 1966 Ltd ta UMC Architects,NEWARK,Nottinghamshire,Worker (A rating),Skilled Worker,engineering_construction
GRAEME W CHEYNE (BUILDERS) LTD,ABERDEEN,,Worker (A rating),Skilled Worker,engineering_construction
GRAMM CONSTRUCTION SERVICES LTD,Ashford,,Worker (A rating),Skilled Worker,engineering_construction
GRANBY ROOFING AND BUILDING SUPPLIES LTD,Weymouth,Dorset,Worker (A rating),Skilled Worker,engineering_construction
Grand Joinery Ltd,Hounslow,,Worker (A rating),Skilled Worker,engineering_construction
Granite Builders Limited,Rainham,,Worker (A rating),Skilled Worker,engineering_construction
GRANSOLAR CONSTRUCTION UK LIMITED,Leeds,,Worker (A rating),Global Business Mobility: Senior or Specialist Worker; Skilled Worker,engineering_construction
Grant Walker Engineering Ltd,Chichester,,Worker (A rating),Skilled Worker,engineering_construction
Granular Energy Ltd,London,,Worker (A rating),Skilled Worker,engineering_construction
Graphite Additive Manufacturing Ltd,Aylesbury,Bucks,Worker (A rating),Skilled Worker,engineering_construction
Gravity Civil and Structural Engineering Ltd,Chelmsford,,Worker (A rating),Skilled Worker,engineering_construction
Great British Energy - Nuclear,London,,Worker (A rating),Skilled Worker,engineering_construction
Greaves 3D Engineering Limited,Peterborough,,Worker (A rating),Skilled Worker,engineering_construction
GREEN BIRDS CONSTRUCTION LTD,London,,Worker (A rating),Skilled Worker,engineering_construction
Green Code Architects Ltd,London,,Worker (A rating),Skilled Worker,engineering_construction
Green Energy and Epc Services Ltd,Leicester,,Worker (A rating),Skilled Worker,engineering_construction
GREEN ENERGY SOLUTION (MIDLAND) LIMITED,Mansfield,,Worker (A rating),Skilled Worker,engineering_construction
Green Globe Construction Limited,Richmond,,Worker (A rating),Skilled Worker,engineering_construction
Green Nation Energy Ltd,Radstock,,Worker (A rating),Skilled Worker,engineering_construction
GREEN ROCK MANUFACTURING GROUP LTD,Wales,,Worker (A rating),Skilled Worker,engineering_construction
GREENBIRDS ELECTRICAL & MAINTENANCE LTD,London,England,Worker (A rating),Skilled Worker,engineering_construction
Greenfield Energy Developments Ltd,London,,Worker (A rating),Skilled Worker,engineering_construction
Greenhalgh Landscape Architecture Ltd.,BATH,,Worker (A rating),Skilled Worker,engineering_construction
Greenland Energy Services Ltd,London,,Worker (A rating),Skilled Worker,engineering_construction
Greenlight Engineering Ltd,Merton,London,Worker (A rating),Skilled Worker,engineering_construction
Greenshow Motors Limited,Luton,,Worker (A rating),Skilled Worker,engineering_construction
Greentek Energy LTD,Coventry,,Worker (A rating),Skilled Worker,engineering_construction
GREENWOOD JOINERY UK LTD,MITCHAM,,Worker (A rating),Skilled Worker,engineering_construction
Greg Mitchell Motors,Strabane,County Tyrone,Worker (A rating),Skilled Worker,engineering_construction
Gregor Morawski Building Contractor Limited,Oban,,Worker (A rating),Skilled Worker,engineering_construction
Gren Energy Ltd,London,,Worker (A rating),Skilled Worker,engineering_construction
Grenergy Renewables UK Limited,London,,Worker (A rating),Skilled Worker; Global Business Mobility: Senior or Specialist Worker,engineering_construction
Gresford Architects Ltd,Oxford,Oxfordshire,Worker (A rating),Skilled Worker,engineering_construction
Grewal Scaffolding Ltd,Iver,Buckinghamshire,Worker (A rating),Skilled Worker,engineering_construction
Greyline Builders Ltd,Wembley,Middlesex,Worker (A rating),Skilled Worker,engineering_construction
GREYROCK CONSTRUCTION LTD,Wolverhampton,,Worker (A rating),Skilled Worker,engineering_construction
Greystone Construction Ltd,West Bromwich,West Midlands,Worker (A rating),Skilled Worker,engineering_construction
GRID SET CONSTRUCTION LTD,Stoke-on-Trent,Staffordshire,Worker (A rating),Skilled Worker,engineering_construction
Grissan Renewable Energy Limited,London,,Worker (A rating),Global Business Mobility: Senior or Specialist Worker; Skilled Worker,engineering_construction
GRM Energy Limited,Watford,,Worker (A rating),Skilled Worker,engineering_construction
Ground Construction Limited,Welwyn Garden City,Hertfordshire,Worker (A rating),Skilled Worker,engineering_construction
Groundline Engineering Limited,Annesley,Nottinghamshire,Worker (A rating),Skilled Worker,engineering_construction
Group 1 Automotive UK Limited,Maidstone,,Worker (A rating),Skilled Worker,engineering_construction
Grove Mechanical Services Ltd,Toome,,Worker (A rating),Skilled Worker,engineering_construction
Groves Natcheva Architects Ltd,London,,Worker (A rating),Skilled Worker,engineering_construction
GROW ENGINEERING LTD,Lisburn,Antrim,Worker (A rating),Skilled Worker,engineering_construction
Grupotec Renewables Limited,London,,Worker (A rating),Skilled Worker; Global Business Mobility: Senior or Specialist Worker,engineering_construction
GS CONSTRUCTION (LONDON) LTD,Ilford,Essex,Worker (A rating),Skilled Worker,engineering_construction
GS Engineering & Construction Corp. London,London,,Worker (A rating),Global Business Mobility: Senior or Specialist Worker; Skilled Worker,engineering_construction
GS UK Builders LTD,Essex,,Worker (A rating),Skilled Worker,engineering_construction
GSD Construction Limited,Hartley,Longfield,Worker (A rating),Skilled Worker,engineering_construction
GSG BUILDERS LTD,Birmingham,West Midlands,Worker (A rating),Skilled Worker,engineering_construction
GSM Builders Ltd,Hayes,,Worker (A rating),Skilled Worker,engineering_construction
GSP CONSTRUCTION (MIDLANDS) LIMITED,STOURBRIDGE,West Midlands,Worker (A rating),Skilled Worker,engineering_construction
GT Aerospace (Europe) Limited,Elstree,,Worker (A rating),Global Business Mobility: Senior or Specialist Worker; Skilled Worker,engineering_construction
GT3 ARCHITECTS LIMITED,Newcastle Upon Tyne,,Worker (A rating),Skilled Worker,engineering_construction
GTC Infrastructure Limited,Bury St Edmunds,Suffolk,Worker (A rating),Skilled Worker,engineering_construction
GTN MOTORS LTD,SWANLEY,,Worker (A rating),Skilled Worker,engineering_construction
GTO ENGINEERING PARTS LIMITED,Reading,,Worker (A rating),Skilled Worker,engineering_construction
GUERIN ENERGY SERVICES LTD,Altrincham,Cheshire,Worker (A rating),Skilled Worker,engineering_construction
Guest Motors Ltd,West Midlands,,Worker (A rating),Skilled Worker,engineering_construction
Gujrat Construction Limited,Manchester,,Worker (A rating),Skilled Worker,engineering_construction
GULERMAK RENEWABLES LTD,London,,Worker (A rating),Skilled Worker,engineering_construction
Gulfstream Aerospace Ltd,Farnborough,Hampshire,Worker (A rating),Global Business Mobility: Senior or Specialist Worker; Skilled Worker,engineering_construction
GURKHAS CONSTRUCTION LTD,London,,Worker (A rating),Skilled Worker,engineering_construction
Guy Batley Plumbing & Heating Ltd,Wakefield,,Worker (A rating),Skilled Worker,engineering_construction
Guy Hollaway Architects Limited t/as Guy Hollaway Architects,Hythe,Kent,Worker (A rating),Skilled Worker,engineering_construction
GW Building Developments Limited,Hucknall,,Worker (A rating),Skilled Worker,engineering_construction
H &  S Builders Merchants Ltd,East Ham,London,Worker (A rating),Skilled Worker,engineering_construction
H & G Construction UK Limited,Walsall,West Midlands,Worker (A rating),Skilled Worker,engineering_construction
H & H ELECTRICAL (SERVICES) LIMITED,Northampton,,Worker (A rating),Skilled Worker,engineering_construction
H & J Builders Ltd,READING,,Worker (A rating),Skilled Worker,engineering_construction
H & R CONSTRUCTION SERVICES LTD,Slough,,Worker (A rating),Skilled Worker,engineering_construction
H & S BUILDING SOLUTIONS LIMITED,Romford,,Worker (A rating),Skilled Worker,engineering_construction
H & S CONSTRUCTION (SOT) LIMITED,Stoke-On-Trent,,Worker (A rating),Skilled Worker; Scale-up,engineering_construction
H D HIRANI BUILDERS LTD,Welling,,Worker (A rating),Skilled Worker,engineering_construction
H K Heating Limited,Harrow,,Worker (A rating),Skilled Worker,engineering_construction
H P contractors ltd,Hayes,,Worker (A rating),Skilled Worker,engineering_construction
H S A BUILDERS LTD,London,,Worker (A rating),Skilled Worker,engineering_construction
H&E Engineering Limited,Bridgwater,Somerset,Worker (A rating); Temporary Worker (A rating),Skilled Worker; Global Business Mobility: Graduate Trainee; Global Business Mobility: Senior or Specialist Worker,engineering_construction
H&M International Construction Ltd,London,,Worker (A rating),Skilled Worker,engineering_construction
H&MV Engineering Services Ltd,Altrincham,,Temporary Worker (A rating); Worker (A rating),Global Business Mobility: Graduate Trainee; Global Business Mobility: Senior or Specialist Worker; Skilled Worker,engineering_construction
H&R ENERGY SOLUTIONS LTD,Glasgow,Scotland,Worker (A rating),Skilled Worker,engineering_construction
H&R LONDON CONTRACTORS LTD,BUSHEY,,Worker (A rating),Skilled Worker,engineering_construction
H&Z BUILDERS LTD,Manchester,,Worker (A rating),Skilled Worker,engineering_construction
H-Cube Engineering Ltd,Leeds,,Worker (A rating),Skilled Worker,engineering_construction
H-Pack Paper & Board Manufacturing Ltd,Wrexham,,Worker (A rating),Skilled Worker,engineering_construction
H.B. Fuller UK Manufacturing Ltd,Cheshire,,Worker (A rating),Skilled Worker,engineering_construction
H.K Building Services Ltd,Burton Upon Trent,Staffordshire,Worker (A rating),Skilled Worker,engineering_construction
H2M ENGINEERING LTD,Hinckley,,Worker (A rating),Skilled Worker,engineering_construction
H4 Aerospace (UK) Ltd,Hemel Hempstead,Herts,Worker (A rating),Skilled Worker,engineering_construction
Habitat Energy,Oxford,Oxfordshire,Worker (A rating),Skilled Worker,engineering_construction
Hackney Building Supplies Ltd,London,London,Worker (A rating),Skilled Worker,engineering_construction
HADES PLUMBING LTD,Morden,,Worker (A rating),Skilled Worker,engineering_construction
HADY BUILDERS LTD,Nottingham,,Worker (A rating),Skilled Worker,engineering_construction
Hager Engineering Limited,Telford,Shropshire,Worker (A rating),Global Business Mobility: Senior or Specialist Worker; Skilled Worker,engineering_construction
Hagley Motors Ltd,BIRMINGHAM,,Worker (A rating),Skilled Worker,engineering_construction
HAILSHAM ROADWAY CONSTRUCTION CO LTD,Hailsham,East Sussex,Worker (A rating),Skilled Worker,engineering_construction
Hale Architecture Limited,London,,Worker (A rating),Skilled Worker,engineering_construction
HALIOGEN POWER LIMITED,Manchester,Greater Manchester,Worker (A rating),Skilled Worker,engineering_construction
Hall Tree Motors LTD,Middlesbrough,,Worker (A rating),Skilled Worker,engineering_construction
Halliburton Manufacturing and Services Limited,Aberdeen,,Worker (A rating),Global Business Mobility: Senior or Specialist Worker; Skilled Worker,engineering_construction
Halliburton Manufacturing and Services Ltd,London,,Temporary Worker (A rating); Worker (A rating),Global Business Mobility: Graduate Trainee; Global Business Mobility: Senior or Specialist Worker; Skilled Worker,engineering_construction
Halliday Meecham Architects,Manchester,,Worker (A rating),Skilled Worker,engineering_construction
Halliday Meecham Architects Limited,Mancheter,Greater Manchester,Worker (A rating),Skilled Worker,engineering_construction
Halls Electrical Ltd,Bristol,,Worker (A rating),Skilled Worker,engineering_construction
HANDA CONSTRUCTION (LONDON) LTD,ROMFORD,ESSEX,Worker (A rating),Skilled Worker,engineering_construction
HANDA HEATING LIMITED,Slough,,Worker (A rating),Skilled Worker,engineering_construction
Hannafin Contractors Limited,Kidderminster,Worcestershire,Worker (A rating),Skilled Worker,engineering_construction
HANS CONSTRUCTION LTD,Southall,,Worker (A rating),Skilled Worker,engineering_construction
Hansra Construction Ltd,Hayes,,Worker (A rating),Skilled Worker,engineering_construction
Hanworth Plumbing & Electrical Ltd,Hanworth,,Worker (A rating),Skilled Worker,engineering_construction
HAP Chartered Architects Ltd,High Wycombe,Bucks,Worker (A rating),Skilled Worker,engineering_construction
HAPPYHOME PLUMBING AND ELECTRICAL (UK) LTD,Hayes,,Worker (A rating),Skilled Worker,engineering_construction
Haptic Architects Ltd,London,,Worker (A rating),Skilled Worker,engineering_construction
HAR CHARAN MOTORS (MIDLANDS) LIMITED,BIRMINGHAM,,Worker (A rating),Skilled Worker,engineering_construction
Harbour Energy Plc,London,,Worker (A rating),Skilled Worker; Global Business Mobility: Senior or Specialist Worker,engineering_construction
Harbour Energy Services Limited,London,,Worker (A rating),Global Business Mobility: Senior or Specialist Worker; Skilled Worker,engineering_construction
Hardman Structural Engineers Ltd,London,,Worker (A rating),Skilled Worker,engineering_construction
Harea Construction,Northampton,Northamptonshire,Worker (A rating),Skilled Worker,engineering_construction
Hargopal Plumbing & Electric Ltd,Hayes,,Worker (A rating),Skilled Worker,engineering_construction
HARJOT CONSTRUCTION LTD,Harrow,,Worker (A rating),Skilled Worker,engineering_construction
Harmony Energy Limited,Knaresborough,North Yorkshire,Worker (A rating),Skilled Worker,engineering_construction
Harmony New Energy Auto Service (London) Ltd,London,,Worker (A rating),Skilled Worker; Global Business Mobility: Senior or Specialist Worker,engineering_construction
Harnam Engineering Works Ltd,Hayes,,Worker (A rating),Skilled Worker,engineering_construction
Harrath Engineering Limited,Essex,,Worker (A rating),Skilled Worker,engineering_construction
Harrow On The Hill Motors Limited,Middlesex,,Worker (A rating),Skilled Worker,engineering_construction
HARRY S BUILDERS LIMITED,GRAYS,,Worker (A rating),Skilled Worker,engineering_construction
Harseerat Construction Ltd,Harrow,,Worker (A rating),Skilled Worker,engineering_construction
Harsimrat Ltd T/A Kang Motors,West Bromwich,,Worker (A rating),Skilled Worker,engineering_construction
Hartnell Brede Motors Limited,Rye,,Worker (A rating),Skilled Worker,engineering_construction
Hartshorne Motor Services,Walsall,,Worker (A rating),Skilled Worker,engineering_construction
Harvest Energy Retail Limited,London,,Worker (A rating),Skilled Worker,engineering_construction
HAS BUILDERS AND PROPERTIES LTD,South Shields,Tyne and Wear,Worker (A rating),Skilled Worker,engineering_construction
HASSAN BUILDER LIMITED,LONDON,,Worker (A rating),Skilled Worker,engineering_construction
Hathaway Contractors Ltd,Grays,Essex,Worker (A rating),Skilled Worker,engineering_construction
HAWK GAS HEATING LTD,Hayes,,Worker (A rating),Skilled Worker,engineering_construction
Hawk Heating (Kenton) Limited,Harrow,,Worker (A rating),Skilled Worker,engineering_construction
Hawkins Brown Architecture Ltd,London,,Worker (A rating),Skilled Worker,engineering_construction
Hayatsu Architects Ltd.,London,,Worker (A rating),Skilled Worker,engineering_construction
Haystoun Construction Ltd,Kenilworth,,Worker (A rating),Skilled Worker,engineering_construction
HB Birmingham (Construction) Ltd,Nottingham,,Worker (A rating),Skilled Worker,engineering_construction
HBC Construction Limited,Dronfield,,Worker (A rating),Skilled Worker,engineering_construction
HCL Formwork & Civil Engineering Ltd,Iver,,Worker (A rating),Skilled Worker,engineering_construction
"HD KOREA SHIPBUILDING & OFFSHORE ENGINEERING CO., LTD",London,,Worker (A rating),Global Business Mobility: Senior or Specialist Worker; Skilled Worker,engineering_construction
Heart Construction Ltd,Middlesex,,Worker (A rating),Skilled Worker,engineering_construction
HEARTBEAT MANUFACTURING CO. (REDDITCH) LIMITED(THE),Redditch,,Worker (A rating),Skilled Worker,engineering_construction
Heat and Power Services Limited,Witney,Oxfordshire,Worker (A rating),Skilled Worker,engineering_construction
HEAT PLUMB DRAIN LTD,MAIDSTONE,KENT,Worker (A rating),Skilled Worker,engineering_construction
Heathrow Building Supplies Ltd,Staines-Upon-Thames,,Worker (A rating),Skilled Worker,engineering_construction
Heathrow Construction London Ltd.,Hayes,,Worker (A rating),Skilled Worker,engineering_construction
Heathrow Roofing and Building Services Ltd,Slough,,Worker (A rating),Skilled Worker,engineering_construction
HEATHROW SCAFFOLDING LTD,Hayes,,Worker (A rating),Skilled Worker,engineering_construction
HEATING TRADE SUPPLIES GROUP LIMITED,Wallsend,Tyne And Wear,Worker (A rating),Skilled Worker,engineering_construction
HEAVENLY BUILDING SERVICES LTD,HARLOW,,Worker (A rating),Skilled Worker,engineering_construction
Hedgehog Construction ltd,Egham,Surrey,Worker (A rating),Skilled Worker,engineering_construction
Heerema Marine Contractors UK Ltd,London,,Worker (A rating),Global Business Mobility: Senior or Specialist Worker; Skilled Worker,engineering_construction
Heidelberg Engineering Limited,Hemel Hempstead,Hertfordshire,Worker (A rating),Skilled Worker,engineering_construction
HELI & POWER LIMITED,London,,Worker (A rating),Global Business Mobility: Senior or Specialist Worker; Skilled Worker,engineering_construction
HELIOSX ENERGY LIMITED,Leamington Spa,Warwickshire,Worker (A rating),Skilled Worker,engineering_construction
Hendren Construction Limited,Armagh,,Worker (A rating),Skilled Worker,engineering_construction
Hensall Mechanical Services Ltd,Eggborough,,Worker (A rating),Skilled Worker,engineering_construction
Herbert Engineering Europe (UK) Ltd.,Glasgow,,Temporary Worker (A rating); Worker (A rating),Global Business Mobility: Graduate Trainee; Skilled Worker; Global Business Mobility: Senior or Specialist Worker,engineering_construction
Herbosch-Kiere Marine Contractors Ltd,Chiswick,London,Worker (A rating),Global Business Mobility: Senior or Specialist Worker; Skilled Worker,engineering_construction
Heritage Architecture Ltd,London,-Middlesex,Worker (A rating),Skilled Worker,engineering_construction
Herron Engineering Ltd,Castlewellan,Dowb,Worker (A rating),Skilled Worker,engineering_construction
Hertfordshire Electrical Services LTD,Watford,,Worker (A rating),Skilled Worker,engineering_construction
HESSON MOTORS LTD,Ilford,,Worker (A rating),Skilled Worker,engineering_construction
Heta Architects Ltd,London,,Worker (A rating),Skilled Worker,engineering_construction
Hewland Engineering Ltd,Maidenhead,Berkshire,Worker (A rating),Skilled Worker,engineering_construction
Hexaform Construction Limited,Harrow,London,Worker (A rating),Skilled Worker,engineering_construction
HG CONSTRUCTION LIMITED,HITCHIN,HERTS,Worker (A rating),Skilled Worker,engineering_construction
HGE Field Engineering Ltd,Solihull,,Worker (A rating),Skilled Worker,engineering_construction
HGG Construction,Sevenoaks,West Kingsdown,Worker (A rating),Global Business Mobility: Senior or Specialist Worker; Skilled Worker,engineering_construction
Hi Speed Construction Ltd,Northfleet,,Worker (A rating),Skilled Worker,engineering_construction
HIGGINS MECHANICAL SERVICES LTD,Uxbridge,,Worker (A rating),Skilled Worker,engineering_construction
High Speed Engineering Ltd,WEST BROMWICH,West Midlands,Worker (A rating),Skilled Worker,engineering_construction
Highland Motors Ltd,Portree,,Worker (A rating),Skilled Worker,engineering_construction
Highpoint Construction Limited,Bromham,Bedfordshire,Worker (A rating),Skilled Worker,engineering_construction
HIGHVIEW MOTORS LTD,LONDON,,Worker (A rating),Skilled Worker,engineering_construction
HILAL BUILDERS LTD,London,,Worker (A rating),Skilled Worker,engineering_construction
Hill Aerospace Limited,Stafford,Staffordshire,Worker (A rating),Skilled Worker,engineering_construction
HILL READING ARCHITECTS LIMITED,Wells,Somerset,Worker (A rating),Skilled Worker,engineering_construction
Hill Top Engineering and Fabrication ltd,selby,,Worker (A rating),Skilled Worker,engineering_construction
Hillside Welding and Fabrication Services,Horndon-on-the-Hill,Essex,Worker (A rating),Skilled Worker,engineering_construction
Hiltop Motors Limited,London,,Worker (A rating),Skilled Worker,engineering_construction
Hiltop Motors Ltd,London,,Worker (A rating),Skilled Worker,engineering_construction
HINDUJA AUTOMOTIVE LIMITED,LONDON,,Worker (A rating),Skilled Worker; Global Business Mobility: Senior or Specialist Worker,engineering_construction
HIRANI CONSTRUCTION COMPANY LTD,LONDON,,Worker (A rating),Skilled Worker,engineering_construction
Hitachi Construction Machinery (UK) Limited,Hebburn,Tyne and Wear,Worker (A rating); Temporary Worker (A rating),Skilled Worker; Global Business Mobility: Graduate Trainee; Global Business Mobility: Senior or Specialist Worker,engineering_construction
HITACHI ENERGY UK LIMITED,Birmingham,,Temporary Worker (A rating); Worker (A rating),Global Business Mobility: Graduate Trainee; Global Business Mobility: Senior or Specialist Worker; Skilled Worker,engineering_construction
Hitech Construction Africa Limited,London,,Worker (A rating),Skilled Worker,engineering_construction
HiTek Power Limited,Littlehampton,West Sussex,Worker (A rating),Global Business Mobility: Senior or Specialist Worker; Skilled Worker,engineering_construction
HJ CONSTRUCTION (LONDON) LTD,Ilford,England,Worker (A rating),Skilled Worker,engineering_construction
HJ MOTORS LIMITED,Accrington,,Worker (A rating),Skilled Worker,engineering_construction
HK & SON CONSTRUCTION LTD,Coatbridge,,Worker (A rating),Skilled Worker,engineering_construction
HK Design and Construction Ltd,Harrow,Greater London,Worker (A rating),Skilled Worker,engineering_construction
HKM MOTORS LIMITED,HUDDERSFIELD,,Worker (A rating),Skilled Worker,engineering_construction
HKR ARCHITECTURAL SERVICES LIMITED,London,,Worker (A rating),Skilled Worker,engineering_construction
HKS ARCHITECTS LIMITED,London,,Worker (A rating),Global Business Mobility: Senior or Specialist Worker; Skilled Worker,engineering_construction
HL ENGINEERING CONTRACTORS LIMITED,Scunthorpe,UK,Worker (A rating),Skilled Worker,engineering_construction
HMI BUILDERS,MANCHESTER,,Worker (A rating),Skilled Worker,engineering_construction
HMS CONSTRUCTION LTD,ROMFORD,,Worker (A rating),Skilled Worker,engineering_construction
HNR Motors Ltd T/As Thurnby Motors,Leicester,,Worker (A rating),Skilled Worker,engineering_construction
Hochtief (UK) Construction Limited,Swindon,Wiltshire,Worker (A rating),Global Business Mobility: Senior or Specialist Worker; Skilled Worker,engineering_construction
Hockley Building Services Ltd,Birmingham,West Midlands,Worker (A rating),Skilled Worker,engineering_construction
HOLLYBROOK CONSTRUCTION LIMITED,London,,Worker (A rating),Skilled Worker,engineering_construction
Holt Construction Ltd,London,,Worker (A rating),Skilled Worker,engineering_construction
Holy Ghost Power Chapel,Borehamwood,Herts,Worker (A rating),Tier 2 Ministers of Religion,engineering_construction
Home Building and Property Refurbishment Ltd,Southampton,Hampshire,Worker (A rating),Skilled Worker,engineering_construction
Home Improvements and Construction Ltd,Surbiton,,Worker (A rating),Skilled Worker,engineering_construction
Home SM Construction Co Ltd,Birmingham,West Midlands,Worker (A rating),Skilled Worker,engineering_construction
HOME STRUCT CONSTRUCTION LTD T/A NEPALI BUILDERS,West Drayton,Middlesex,Worker (A rating),Skilled Worker,engineering_construction
HONDA MOTOR EUROPE LTD,Bracknell,Berkshire,Worker (A rating),Skilled Worker; Global Business Mobility: Senior or Specialist Worker; International Sportsperson,engineering_construction
Honeywell Aerospace UK Co Limited,Redditch,,Worker (A rating),Skilled Worker; Global Business Mobility: Senior or Specialist Worker,engineering_construction
Honeywell Construction Limited,London,,Worker (A rating),Skilled Worker,engineering_construction
Hopkins Architects Ltd,London,,Worker (A rating),Global Business Mobility: Senior or Specialist Worker; Skilled Worker,engineering_construction
HORAN POWER ENGINEERING LIMITED,Chester,,Worker (A rating),Skilled Worker,engineering_construction
Horizon Builders Merchant Ltd,Iver,,Worker (A rating),Skilled Worker,engineering_construction
Houghton Motors Ltd,Dunstable,Bedfordshire,Worker (A rating),Skilled Worker,engineering_construction
HOUSE OF MOTORS LONDON LIMITED,LONDON,essex,Worker (A rating),Skilled Worker,engineering_construction
Houseline Construction Ltd,Datchet,,Worker (A rating),Skilled Worker,engineering_construction
HOWDEN JOINERY LIMITED,LONDON,,Worker (A rating),Skilled Worker,engineering_construction
Hozea Construction Limited,London,,Worker (A rating),Skilled Worker,engineering_construction
HRAI CONSTRUCTION SERVICES UK LTD,WOLVERHAMPTON,,Worker (A rating),Skilled Worker,engineering_construction
HRS Electrical Ltd,Ilford,,Worker (A rating),Skilled Worker,engineering_construction
HRS Electrical Team Limited,Romford,,Worker (A rating),Skilled Worker,engineering_construction
HS Energy Service Ltd,London,,Worker (A rating),Skilled Worker,engineering_construction
Huang Builders Limited,London,,Worker (A rating),Skilled Worker,engineering_construction
Hub Design and Construction Ltd,London,,Worker (A rating),Skilled Worker,engineering_construction
Huco Engineering  Industries Ltd,Hertford,Herts,Worker (A rating),Skilled Worker,engineering_construction
Hughes Steel Fabrication Ltd,Magherafelt,Derry,Worker (A rating),Skilled Worker,engineering_construction
Humac Engineering,Dromore,Omagh,Worker (A rating),Skilled Worker,engineering_construction
HUMBERTS BUILDING & INTERIORS LTD,LONDON,,Worker (A rating),Skilled Worker,engineering_construction
Humbly Grove Energy Limited,Alton,Hampshire,Worker (A rating),Skilled Worker,engineering_construction
Hunting Energy Holdings Limited,London,,Worker (A rating),Global Business Mobility: Senior or Specialist Worker; Skilled Worker,engineering_construction
HUNTS MOTORS BEDFORD LTD,bedford,,Worker (A rating),Skilled Worker,engineering_construction
HUSSAIN & CO. CONSTRUCTION LTD,"Birmingham,",England,Worker (A rating),Skilled Worker,engineering_construction
Hussain Builders Limited,Oldham,,Worker (A rating),Skilled Worker,engineering_construction
HUT Architecture,London,London,Worker (A rating),Skilled Worker,engineering_construction
Hutchinson Engineering Ltd,Manchester,Manchester,Worker (A rating),Skilled Worker,engineering_construction
Huxley Bertram Engineering Ltd,Cambridge,Cambridgeshire,Worker (A rating),Skilled Worker,engineering_construction
Huxley Construction Limited,London,,Worker (A rating),Skilled Worker,engineering_construction
HWB Construction Ltd,London,,Worker (A rating),Skilled Worker,engineering_construction
Hydeway Limited T/A RSG Motor Group,Ascot,Berkshire,Worker (A rating),Skilled Worker,engineering_construction
HydraB Power Limited,Oxford,United Kingdom (+44),Worker (A rating),Skilled Worker,engineering_construction
Hydram Engineering Limited,Chilton,County Durham,Worker (A rating),Global Business Mobility: Senior or Specialist Worker,engineering_construction
HYDROGEN BUILDING & MAINTENANCE LTD,London,,Worker (A rating),Skilled Worker,engineering_construction
Hydrotechnik Test Engineering UK Ltd,Nottingham,,Worker (A rating),Skilled Worker,engineering_construction
Hyspec Engineering Limited,Stewarton,,Worker (A rating),Skilled Worker; Global Business Mobility: Senior or Specialist Worker,engineering_construction
Hyundai Motor UK Ltd,Leatherhead,,Worker (A rating),Global Business Mobility: Senior or Specialist Worker; Skilled Worker,engineering_construction
HZ POWER Limited,London,,Worker (A rating),Skilled Worker,engineering_construction
I   N Fabrication Ltd,Mansfield,Nottinghamshire,Worker (A rating),Skilled Worker,engineering_construction
I & A MOTORS LTD T/A Car Fixers,Dagenham,,Worker (A rating),Skilled Worker,engineering_construction
I & M Plumbing Limited,London,,Worker (A rating),Skilled Worker,engineering_construction
I Motor Cars Limited t/a Nigel Langs Garage,Bolton,,Worker (A rating),Skilled Worker,engineering_construction
I S SOLAR LTD,Wembley,Middlesex,Worker (A rating),Skilled Worker,engineering_construction
I&S Construction Limited,Dartford,,Worker (A rating),Skilled Worker,engineering_construction
I-Connect Utilities & Renewables Limited,TIPTON,West Midlands,Worker (A rating),Skilled Worker,engineering_construction
Ian Forbes Architect Limited,South Queensferry,Edinburgh,Worker (A rating),Skilled Worker,engineering_construction
IBBY BUILDERS LTD,OLDHAM,,Worker (A rating),Skilled Worker,engineering_construction
IC BUILDERS & CONSTRUCTION LTD,London,,Worker (A rating),Skilled Worker,engineering_construction
Icknox Motors,St Albans,Hertfordshire,Worker (A rating),Skilled Worker,engineering_construction
Icon Fabrications Limited,Edinburgh,midlothian,Worker (A rating),Skilled Worker,engineering_construction
IDEAL ENERGY SOLUTIONS PRIVATE LTD,Birmingham,,Worker (A rating),Skilled Worker,engineering_construction
IDEAL HEATING & PLUMBING SERVICES LTD,Birmingham,West Midlands,Worker (A rating),Skilled Worker,engineering_construction
IDEAL HEATING SOLUTIONS LTD,Dagenham,Essex,Worker (A rating),Skilled Worker,engineering_construction
IDEAL PLUMBING AND BATHROOMS DIY LTD,"London,",,Worker (A rating),Skilled Worker,engineering_construction
IDI PLUMBING LTD,Enfield,,Worker (A rating),Skilled Worker,engineering_construction
IDM ENGINEERING (CHESTER) LIMITED,ELLESEMERE PORT,CHESHIRE,Worker (A rating),Skilled Worker,engineering_construction
IFIT Motors Ltd,Perivale,,Worker (A rating),Skilled Worker,engineering_construction
IG Renewables Limited,London,,Worker (A rating),Global Business Mobility: Senior or Specialist Worker; Skilled Worker,engineering_construction
Igloo Construction and Project Management Ltd,Horley,Surrey,Worker (A rating),Skilled Worker,engineering_construction
Ignis Energy UK Ltd,Liverpool,,Worker (A rating),Skilled Worker; Global Business Mobility: Senior or Specialist Worker,engineering_construction
Ignition Motors Ltd,Tilbury,,Worker (A rating),Skilled Worker,engineering_construction
IGS CONSTRUCTION LTD,London,,Worker (A rating),Skilled Worker,engineering_construction
IIEE Global Engineers Ltd,Essex,Essex,Worker (A rating),Skilled Worker,engineering_construction
IKOS CONSTRUCTION LONDON LIMITED,WATFORD,,Worker (A rating),Skilled Worker,engineering_construction
Ilfordas Builders Ltd,Ilford,,Worker (A rating),Skilled Worker,engineering_construction
ILIAH MOTORS LTD,London,,Worker (A rating),Skilled Worker,engineering_construction
ILIRIAN CONSTRUCTION LTD,Grays,,Worker (A rating),Skilled Worker,engineering_construction
Ilmor Engineering Ltd,Brixworth,Northampton,Worker (A rating),Skilled Worker,engineering_construction
IMAAN MOTORS LIMITED,WEST DRAYTON,,Worker (A rating),Skilled Worker,engineering_construction
IMECH ENGINEERING LIMITED,London,,Worker (A rating),Skilled Worker,engineering_construction
IMES Engineering & Contracting Ltd,Stafford,Staffordshire,Worker (A rating),Global Business Mobility: Senior or Specialist Worker; Skilled Worker,engineering_construction
IMK Automotive Limited,Northants,,Worker (A rating),Skilled Worker,engineering_construction
Impala Engineering Ltd,Mildenhall,,Worker (A rating),Skilled Worker,engineering_construction
Impala Terminals Infrastructure UK Ltd,Bristol,,Worker (A rating),Skilled Worker,engineering_construction
Imperial Thermal Engineering Ltd,Braintree,Essex,Worker (A rating),Skilled Worker,engineering_construction
Imperium Engineering Ltd,Rochester,Kent,Worker (A rating),Skilled Worker,engineering_construction
Imtech Engineering Services London & South Ltd,Nottingham,,Worker (A rating),Global Business Mobility: Senior or Specialist Worker; Skilled Worker,engineering_construction
IN-DOORS MANUFACTURING LIMITED,Toomebridge,ANTRIM,Worker (A rating),Skilled Worker,engineering_construction
IN-LINE BUILDING SERVICES LTD,LONDON,,Worker (A rating),Skilled Worker,engineering_construction
IN2 Design Engineering Holdings Ltd,Belfast,,Worker (A rating),Skilled Worker,engineering_construction
Inclusive Energy Ltd,London,,Worker (A rating),Skilled Worker,engineering_construction
INDEPENDENT BUILDING LTD,London,,Worker (A rating),Skilled Worker,engineering_construction
INDIGO ENGINEERING SERVICES LTD,Manchester,,Worker (A rating),Skilled Worker,engineering_construction
Indigo Landscape Architects Limited,Salisbury,,Worker (A rating),Skilled Worker,engineering_construction
Inductotherm Heating & Welding Ltd,Basingstoke,Hampshire,Worker (A rating),Skilled Worker,engineering_construction
Indus Motors Limited,"Milton Keynes,","Buckinghamshire,",Worker (A rating),Skilled Worker,engineering_construction
Industrial Construction (Sussex) Ltd,Rodmell,East Sussex,Worker (A rating),Skilled Worker,engineering_construction
Ineco Energy Limited,Kenilworth,Warwickshire,Worker (A rating),Skilled Worker,engineering_construction
INFINIS ENERGY SERVICES LIMITED,Northampton,,Worker (A rating),Skilled Worker,engineering_construction
Infiniti Building Services Ltd,Bradford,West Yorkshire,Worker (A rating),Skilled Worker,engineering_construction
Infinity Energy Organisation Ltd,Wembley,,Worker (A rating),Skilled Worker,engineering_construction
Infinity Energy Services Ltd,Southampton,,Worker (A rating),Skilled Worker,engineering_construction
Infinity Power Development UK Limited,London,,Worker (A rating),Global Business Mobility: Senior or Specialist Worker; Skilled Worker,engineering_construction
Infinity Project Engineers Ltd,TIPTON,,Worker (A rating),Skilled Worker,engineering_construction
Infinity Renewables Group Ltd,Crawley,,Worker (A rating),Skilled Worker,engineering_construction
Infinity Solar UK Ltd,Wembley,Middlesex,Worker (A rating),Skilled Worker,engineering_construction
Infrastructure Matters Ltd,Guildford,,Worker (A rating),Skilled Worker,engineering_construction
INFRASTRUCTURE PROJECTS SERVICES LTD,Slough,,Worker (A rating),Skilled Worker,engineering_construction
Infrastructure Support Solutions Limited,Manchester,Lancashire,Worker (A rating),Skilled Worker,engineering_construction
Ingenious Power Engineering Ltd,Reading,Berkshire,Worker (A rating),Skilled Worker,engineering_construction
Inition Energy Limited,Horsham,,Worker (A rating),Skilled Worker,engineering_construction
Innomotics Motors and Large Drives Limited,Salford,,Worker (A rating),Skilled Worker; Global Business Mobility: Senior or Specialist Worker,engineering_construction
INNON ENERGY LTD.,EPSOM,SURREY,Worker (A rating),Skilled Worker,engineering_construction
Innova Renewables Limited,London,,Worker (A rating),Skilled Worker,engineering_construction
Innovate Energy Solutions Ltd,London,,Worker (A rating),Skilled Worker,engineering_construction
Innovation Fire Engineering Ltd,Leeds,,Worker (A rating),Skilled Worker,engineering_construction
INNOVATIONS BUILDING SERVICES LTD,Slough,,Worker (A rating),Skilled Worker,engineering_construction
INP Engineering & Services UK Ltd,Purley,Surrey,Worker (A rating),Skilled Worker,engineering_construction
Insight Construction Limited,Romford,,Worker (A rating),Skilled Worker,engineering_construction
Inskip Gee Architects Ltd,London,,Worker (A rating),Skilled Worker,engineering_construction
INSPACE CONSTRUCTION GROUP LTD,Northampton,,Worker (A rating),Skilled Worker,engineering_construction
Inspire Building Supplies Ltd,Derby,,Worker (A rating),Skilled Worker,engineering_construction
INSTANT BUILDERS LTD,London,,Worker (A rating),Skilled Worker,engineering_construction
Instant Energy Ltd,London,,Worker (A rating),Skilled Worker,engineering_construction
Institution of Civil Engineers,London,,Worker (A rating),Skilled Worker,engineering_construction
INTEC ENERGY SOLUTIONS LIMITED,London,,Worker (A rating),Skilled Worker,engineering_construction
Intech Scaffolding Ltd,London,,Worker (A rating),Skilled Worker; Global Business Mobility: Senior or Specialist Worker,engineering_construction
Integrals Power Limited,MILTON KEYNES,,Worker (A rating),Skilled Worker,engineering_construction
Integrated Control Engineering Ltd,Malpas,Cheshire,Worker (A rating),Skilled Worker,engineering_construction
Integrated Security Manufacturing Ltd,Crawley,,Worker (A rating),Skilled Worker,engineering_construction
Integro Design Engineering Associates Ltd,Glasgow,,Worker (A rating),Skilled Worker,engineering_construction
Integrum Power Engineering Ltd,Stockport,,Worker (A rating),Skilled Worker,engineering_construction
Intelligent Building Group Ltd,Handforth,Cheshire,Worker (A rating),Skilled Worker,engineering_construction
Intelligent Energy Limited,Loughborough,Leicestershire,Worker (A rating),Skilled Worker,engineering_construction
Interlocked Construction (Scotland) Ltd,"Glasgow, Scotland",United Kingdom,Worker (A rating),Skilled Worker,engineering_construction
Internal Fire Museum of Power,Tanygroes,Ceredigion,Worker (A rating); Temporary Worker (A rating),Skilled Worker; Charity Worker,engineering_construction
International Automotive Components Group Limited,Birmingham,,Worker (A rating),Global Business Mobility: Senior or Specialist Worker; Skilled Worker,engineering_construction
International Builders Estates Limited,London,,Worker (A rating),Skilled Worker,engineering_construction
International Construction Design & Management Ltd,Worcester,West Midlands,Worker (A rating),Global Business Mobility: Senior or Specialist Worker,engineering_construction
INTERNATIONAL CONSTRUCTION GROUP LTD,NORTHAMPTON,,Worker (A rating),Skilled Worker,engineering_construction
International Organisation for Peace Building and Social Justice (PSJ) UK LTD,Hounslow,Middlesex,Temporary Worker (A rating); Worker (A rating),Charity Worker; Skilled Worker,engineering_construction
International Power and Marine Group Limited,Burton on Trent,,Worker (A rating),Global Business Mobility: Senior or Specialist Worker; Skilled Worker,engineering_construction
INTERNATIONAL POWER Ltd.,London,,Worker (A rating),Global Business Mobility: Senior or Specialist Worker; Skilled Worker,engineering_construction
Intuitive Engineering Solutions Ltd,ALTRINCHAM,Cheshire,Worker (A rating),Skilled Worker,engineering_construction
Invinity Energy (UK) Limited,London,,Worker (A rating),Global Business Mobility: Senior or Specialist Worker; Skilled Worker,engineering_construction
IOTA Manufacturing Limited T/A IOTA Manufacturing,Middlesbrough,,Worker (A rating),Skilled Worker,engineering_construction
IP Builders Brickwork Limited,Edgware,England,Worker (A rating),Skilled Worker,engineering_construction
IPG Automotive UK Limited,Solihull,West Midlands,Worker (A rating),Skilled Worker,engineering_construction
Iqbal Construction Enterprise Ltd,Brighton,,Worker (A rating),Skilled Worker,engineering_construction
IRCA Manufacturing UK Limited,York,,Worker (A rating),Global Business Mobility: Senior or Specialist Worker; Skilled Worker,engineering_construction
Irem General Contractor UK Limited,Southampton,Hampshire,Worker (A rating),Skilled Worker; Global Business Mobility: Senior or Specialist Worker,engineering_construction
Isdel Energy Limited,Bristol,Somerset,Worker (A rating),Skilled Worker; Global Business Mobility: Senior or Specialist Worker,engineering_construction
ist power ltd,LEICESTER,LEICS,Worker (A rating),Skilled Worker,engineering_construction
ISTA ENERGY SOLUTIONS LIMITED,Duxford,,Worker (A rating),Skilled Worker,engineering_construction
ITERA AUTOMOTIVE SOLUTIONS UK LTD,London,,Worker (A rating),Skilled Worker,engineering_construction
Ithaca Energy (UK) Limited,Aberdeen,,Worker (A rating),Skilled Worker,engineering_construction
Ithaca Energy Plc,London,,Worker (A rating),Skilled Worker,engineering_construction
ITI Engineering Group Limited,Eckington,,Worker (A rating),Skilled Worker,engineering_construction
ITility Engineering And Support Services Limited,Brandon,Suffolk,Worker (A rating),Skilled Worker,engineering_construction
ITM Power Plc,Sheffield,South Yorkshire,Worker (A rating),Global Business Mobility: Senior or Specialist Worker; Skilled Worker,engineering_construction
ITW Construction Products - Division of ITW Limited,Glenrothes,Fife,Temporary Worker (A rating); Worker (A rating),Global Business Mobility: Graduate Trainee; Global Business Mobility: Senior or Specialist Worker; Skilled Worker,engineering_construction
Ivo Carew Architects Ltd,London,Greater London,Worker (A rating),Skilled Worker,engineering_construction
J & B Steel Fabrications Ltd,Bolton,,Worker (A rating),Skilled Worker,engineering_construction
J Carney Construction Ltd,Reading,,Worker (A rating),Skilled Worker,engineering_construction
J COFFEY CONSTRUCTION LTD,HARROW,MIDDLESEX,Worker (A rating),Skilled Worker,engineering_construction
J CONSTRUCTION SOLUTIONS LTD,Birmingham,,Worker (A rating),Skilled Worker,engineering_construction
J D CONSTRUCTION SERVICES (LONDON) LTD,London,Middlesex,Worker (A rating),Skilled Worker,engineering_construction
J H Plumbing U Fix Limited,London,,Worker (A rating),Skilled Worker,engineering_construction
J K BUILDERS MCR LTD,Stockport,Reddish,Worker (A rating),Skilled Worker,engineering_construction
J K BUILDING KAVIR LTD,LEICESTER,,Worker (A rating),Skilled Worker,engineering_construction
J M HARJI CONSTRUCTION LIMITED,Borehamwood,Hertfordshire,Worker (A rating),Skilled Worker,engineering_construction
J Maclean Building Limited,Portree,Isle of Skye,Worker (A rating),Skilled Worker,engineering_construction
J MIKHAIL CONSTRUCTION LTD,Tilehurst,Reading,Worker (A rating),Skilled Worker,engineering_construction
J R GILBERT ENGINEERING LTD,blackwood,,Worker (A rating),Skilled Worker,engineering_construction
J R Graham Agricultural Electrical,Knaresborough,North Yorkshire,Worker (A rating),Skilled Worker,engineering_construction
J Wilson Plumbing & Heating Ltd,Stamford,Lincolnshire,Worker (A rating),Skilled Worker,engineering_construction
J&P Civil Engineering Ltd,Bury,Lancashire,Worker (A rating),Skilled Worker,engineering_construction
J&P ENGINEERING SERVICES LTD,HAWARDEN,,Worker (A rating),Skilled Worker,engineering_construction
J&S PLUMBING & HEATING LIMITED,Essex,,Worker (A rating),Skilled Worker,engineering_construction
J&Z Joinery Ltd,Manchester,,Worker (A rating),Skilled Worker,engineering_construction
J.D Power UK Limited,Swansea,,Worker (A rating),Skilled Worker; Global Business Mobility: Senior or Specialist Worker,engineering_construction
J.F.M. Electrical Limited,Bellshill,North Lanarkshire,Worker (A rating),Skilled Worker,engineering_construction
J.G. Porter Contractors Ltd,Angus,,Worker (A rating),Skilled Worker,engineering_construction
J.J.JOINERY(UK) LIMITED T/A MOBIFORM,Uckfield,,Worker (A rating),Skilled Worker,engineering_construction
J.N.B. ELECTRICAL ENGINEERS LTD,Ilford,Essex,Worker (A rating),Skilled Worker,engineering_construction
J.N.K. MOTORS LTD. T/A JNK MOTORS,Stanmore,Middlesex,Worker (A rating),Skilled Worker,engineering_construction
JA Brooks Mechanical Services Ltd,London,,Worker (A rating),Skilled Worker,engineering_construction
JACK BUILDERS LTD,Mitcham,,Worker (A rating),Skilled Worker,engineering_construction
Jackson Civil Engineering Group Ltd,Ipswich,Suffolk,Worker (A rating),Skilled Worker,engineering_construction
JAD MOTOR LTD,BIRMINGHAM,WEST MIDLANDS,Worker (A rating),Skilled Worker,engineering_construction
Jaguar Building Services Limited,London,,Worker (A rating),Skilled Worker,engineering_construction
JAIVEER CONSTRUCTION LTD,Willenhall,,Worker (A rating),Skilled Worker,engineering_construction
Jaivel Aerospace Limited,Mansfield,Nottinghamshire,Worker (A rating),Skilled Worker; Global Business Mobility: Senior or Specialist Worker,engineering_construction
JAJA MOTORS LTD,Bradford,,Worker (A rating),Skilled Worker,engineering_construction
Jakhu Builders Ltd,Wolverhampton,,Worker (A rating),Skilled Worker,engineering_construction
Jala Construction,London,,Worker (A rating),Skilled Worker,engineering_construction
Jamak Fabrication Europe Ltd,Worsley,Greater Manchester,Worker (A rating),Skilled Worker,engineering_construction
Jameel Motors UK Holding Limited,London,,Worker (A rating),Skilled Worker,engineering_construction
James Carson Construction Group Ltd,York,,Worker (A rating),Skilled Worker,engineering_construction
James Hudson (Builders) Limited,Belper,Derbyshire,Worker (A rating),Skilled Worker,engineering_construction
James Lee Plumbing Solutions Ltd,Worcester,Worcestershire,Worker (A rating),Skilled Worker,engineering_construction
James Patterson Architects Ltd.,Brighton,East Sussex,Worker (A rating),Skilled Worker,engineering_construction
James White Engineering Group Limited,Reading,,Worker (A rating),Skilled Worker,engineering_construction
Jamie Fobert Architects,London,,Worker (A rating),Skilled Worker,engineering_construction
JANI BUILDING SERVICES LTD,Morden,England,Worker (A rating),Skilled Worker,engineering_construction
Jap Roofing Contractors Limited,Feltham,,Worker (A rating),Skilled Worker,engineering_construction
Japan Glasgow Motors Ltd,Wishaw,,Worker (A rating),Skilled Worker,engineering_construction
JARG Construction Ltd,Inverurie,Aberdeenshire,Worker (A rating),Skilled Worker,engineering_construction
JAS2 CONSTRUCTION LTD,Luton,,Worker (A rating),Skilled Worker,engineering_construction
Jass Builder,Coventry,,Worker (A rating),Skilled Worker,engineering_construction
Jay Ess Construction PVT Limited,West Drayton,,Worker (A rating),Skilled Worker,engineering_construction
JAY KAY CONSTRUCTION SERVICES LIMITED,Gravesend,Bucks,Worker (A rating),Skilled Worker,engineering_construction
"Jays Plumbing, Heating & Electrical Ltd",Stockton On Tees,,Worker (A rating),Skilled Worker,engineering_construction
Jaysam Contractors Limited,Middlesex,,Worker (A rating),Skilled Worker,engineering_construction
JAZZ CONSTRUCTION BEDFORD LTD,Bedford,Bedfordshire,Worker (A rating),Skilled Worker,engineering_construction
JB Construction 1 Limited,Birmingham,West Midlands,Worker (A rating),Skilled Worker,engineering_construction
JBS Mechanical Ltd,Gloucester,,Worker (A rating),Skilled Worker,engineering_construction
JC Electrical & Security Solutions Ltd,GLASGOW,Lanarkshire,Worker (A rating),Skilled Worker,engineering_construction
JCP Construction Products,Teddington,Middlesex,Worker (A rating),Skilled Worker,engineering_construction
JD MOTORS DERBY LIMITED T/A  JD MOTORS DERBY,Derby,,Worker (A rating),Skilled Worker,engineering_construction
JDDK Architects Ltd,Newcastle upon Tyne,Tyne and Wear,Worker (A rating),Skilled Worker,engineering_construction
JDP CONSTRUCTION LTD,HORNCHURCH,,Worker (A rating),Skilled Worker,engineering_construction
JEEVAN CONSTRUCTION LTD,Hayes,,Worker (A rating),Skilled Worker,engineering_construction
Jennings Plumbing & Heating Ltd,London,,Worker (A rating),Skilled Worker,engineering_construction
Jerome Engineering Ltd,Ongar,,Worker (A rating),Skilled Worker,engineering_construction
Jesus Power House Ministries Limited,Ilford,,Temporary Worker (A rating); Worker (A rating),Religious Worker; Tier 2 Ministers of Religion; Charity Worker; Skilled Worker,engineering_construction
JETS Electrical Contractors Ltd,London,,Worker (A rating),Skilled Worker,engineering_construction
JF Automotive Ltd,Maidstone,Kent,Worker (A rating),Skilled Worker,engineering_construction
JH MIDLANDS LTD T/a EASTSIDE MOTORS,Birmingham,,Worker (A rating),Skilled Worker,engineering_construction
Jhaidev Engineering Ltd,Hockley,Birmingham,Worker (A rating),Skilled Worker,engineering_construction
JHS BUILDING SERVICES (UK) LTD,London,,Worker (A rating),Skilled Worker,engineering_construction
JIGSAW JOINERY SOLUTIONS LTD,Solihull,,Worker (A rating),Skilled Worker,engineering_construction
Jinda Construction Ltd,Bexleyheath,,Worker (A rating),Skilled Worker,engineering_construction
JITU BUILDERS LTD,London,,Worker (A rating),Skilled Worker,engineering_construction
Jiven Motors Ltd,Hatfield,,Worker (A rating),Skilled Worker,engineering_construction
JJ Building & Decorating Limited,Hayes,England,Worker (A rating),Skilled Worker,engineering_construction
JJ Building Contractors Ltd,Hornchurch,,Worker (A rating),Skilled Worker,engineering_construction
JLR Construction & Engineering Limited,Neath,,Worker (A rating),Skilled Worker,engineering_construction
JLT Electrical Contractors Limited,Peterlee,,Worker (A rating),Skilled Worker,engineering_construction
JMA ENGINEERING LTD,Croydon,London,Worker (A rating),Skilled Worker,engineering_construction
JMB Design & Construction Ltd,London,Kent,Worker (A rating),Skilled Worker,engineering_construction
JMP Precision Engineering Ltd,Bristol,,Worker (A rating),Skilled Worker,engineering_construction
JMS Engineers London Ltd,Suffolk,,Worker (A rating),Skilled Worker,engineering_construction
JMT ENGINEERING (LADBROKE) LTD,SOUTHAM,WARWICKSHIRE,Worker (A rating),Skilled Worker,engineering_construction
JO COWEN ARCHITECTS LTD,London,,Worker (A rating),Skilled Worker,engineering_construction
JOGMEC(Japan Organization for Metals and Energy Security),London,,Temporary Worker (A rating); Worker (A rating),International Agreement; Global Business Mobility: Senior or Specialist Worker; Skilled Worker,engineering_construction
Johal Architectural Fabrications Ltd TA EURO SHOPFITTERS,Rainham,Essex,Worker (A rating),Skilled Worker,engineering_construction
JOHAL ELECTRICAL WORKS LIMITED,West Bromwich,West Midlands,Worker (A rating),Skilled Worker,engineering_construction
John Ali Builders Ltd,London,,Worker (A rating),Skilled Worker,engineering_construction
John Gilbert Architects Limited,Glasgow,,Worker (A rating),Skilled Worker,engineering_construction
John Graham Construction Limited,Hillsborough,Co Down,Worker (A rating),Skilled Worker,engineering_construction
John Harvey Engineering,Framlingham,Suffolk,Worker (A rating),Skilled Worker,engineering_construction
JOHN LEE CONSTRUCTION LIMITED,High Wycombe,,Worker (A rating),Skilled Worker,engineering_construction
John Mulholland Motors Ltd,Randalstown,,Worker (A rating),Skilled Worker,engineering_construction
John Paul Construction Limited,Bracknell,,Worker (A rating),Global Business Mobility: Senior or Specialist Worker; Skilled Worker,engineering_construction
John Reilly Civil Engineering Ltd,Park Gate,Hampshire,Worker (A rating),Skilled Worker,engineering_construction
John Rich Architects Limited,Richmond,Surrey,Worker (A rating),Skilled Worker,engineering_construction
John Robertson Architects,London,,Worker (A rating),Skilled Worker,engineering_construction
John Simpson Architects,London,,Worker (A rating),Skilled Worker,engineering_construction
Johnson Motors,Watford,Hertfordshire,Worker (A rating),Skilled Worker,engineering_construction
Johnson Pinney Architects Limited,London,,Worker (A rating),Skilled Worker,engineering_construction
Joinery and Timber Creations (65) Limited,Dundee,,Worker (A rating),Skilled Worker,engineering_construction
Jolliary Building Services Limited,Stanmore,,Worker (A rating),Skilled Worker,engineering_construction
Jon Matthews Architects Limited,Manchester,,Worker (A rating),Skilled Worker,engineering_construction
Jonathan Clark Architects Ltd,London,,Worker (A rating),Skilled Worker,engineering_construction
Jones Bros. Ruthin (Civil Engineering) Co. Ltd.,Ruthin,Denbighshire,Worker (A rating),Skilled Worker,engineering_construction
Jones Engineering Group Ltd,London,,Worker (A rating),Skilled Worker,engineering_construction
JOSAN CONSTRUCTION SERVICES LTD,Isleworth,,Worker (A rating),Skilled Worker,engineering_construction
Joss Engineering (Barrow) Ltd,Barrow-in-Furness,Cumbria,Worker (A rating),Skilled Worker,engineering_construction
JOULE ENERGY UK LTD,LONDON,,Worker (A rating),Global Business Mobility: Senior or Specialist Worker; Skilled Worker,engineering_construction
JOYS MOTORS LTD,Reading,,Worker (A rating),Skilled Worker,engineering_construction
JP Renewable Europe Company Limited,London,,Worker (A rating),Global Business Mobility: Senior or Specialist Worker,engineering_construction
JPSE Construction Ltd,Wymondham,,Worker (A rating),Skilled Worker,engineering_construction
JRL CONSTRUCTION LTD,Slough,,Worker (A rating),Skilled Worker,engineering_construction
JRS BUILDING CONTRACTORS LIMITED,London,,Worker (A rating),Skilled Worker,engineering_construction
JRS Fabrication Engineers Limited,Stockport,,Worker (A rating),Skilled Worker,engineering_construction
JS CONSTRUCTION & PROPERTY MAINTENANCE LTD,Hayes,,Worker (A rating),Skilled Worker,engineering_construction
JS MATAJ CONSTRUCTION LTD,Waltham Cross,,Worker (A rating),Skilled Worker,engineering_construction
js multani construction ltd,DAGENHAM,,Worker (A rating),Skilled Worker,engineering_construction
JS Rao Construction Ltd,London,,Worker (A rating),Skilled Worker,engineering_construction
JS1 Construction Ltd,Wednesbury,,Worker (A rating),Skilled Worker,engineering_construction
JSB CITY BUILDERS LTD,Birmingham,West Midlands,Worker (A rating),Skilled Worker,engineering_construction
JSN BUILDERS LTD,CROYDON,,Worker (A rating),Skilled Worker,engineering_construction
JSY ENGINEERS LTD,Stoke-On-Trent,,Worker (A rating),Skilled Worker,engineering_construction
JT Fire and Electrical Solutions Limited,Harrow,,Worker (A rating),Skilled Worker,engineering_construction
JT&Z  Construction Company Limited,LONDON,,Worker (A rating),Skilled Worker,engineering_construction
JTEKT Automotive England Ltd,Barnsley,South Yorkshire,Worker (A rating); Temporary Worker (A rating),Skilled Worker; Global Business Mobility: Senior or Specialist Worker; Global Business Mobility: Graduate Trainee,engineering_construction
JTS BUILDERS LTD,Manchester,,Worker (A rating),Skilled Worker,engineering_construction
Jude & Co Manufacturing Ltd,Bracknell,Berkshire,Worker (A rating),Skilled Worker,engineering_construction
Juice Architects,London,,Worker (A rating),Skilled Worker,engineering_construction
JULIA INTERIOR ARCHITECTURE AND DESIGN LTD,COVENTRY,,Worker (A rating),Skilled Worker,engineering_construction
JUNCTION 11 MOTORS LTD,WOLVERHAMPTON,WEST MIDLANDS,Worker (A rating),Skilled Worker,engineering_construction
Junction Motors Watford Ltd,Watford,,Worker (A rating),Skilled Worker,engineering_construction
JUWEL BUILDERS LTD,London,,Worker (A rating),Skilled Worker,engineering_construction
JWB Electrical contractors,London,,Worker (A rating),Skilled Worker,engineering_construction
JWW CONSTRUCTION LTD,Chatham,,Worker (A rating),Skilled Worker,engineering_construction
Jyot Construction Limited,Hounslow,,Worker (A rating),Skilled Worker,engineering_construction
K & K BUILDERS LIMITED,WEMBLEY,MIDDLESEX,Worker (A rating),Skilled Worker,engineering_construction
K Hayat Construction Limited,Walthamstow,,Worker (A rating),Skilled Worker,engineering_construction
K J CONSTRUCTION & CARPENTRY LIMITED,Reading,,Worker (A rating),Skilled Worker,engineering_construction
K MAC Construction Ltd,Limavady,Co Londonderry,Worker (A rating),Skilled Worker,engineering_construction
K S SCAFFOLDERS LIMITED,HORNCHURCH,,Worker (A rating),Skilled Worker,engineering_construction
K Sidhu Construction Limited,Southampton,,Worker (A rating),Skilled Worker,engineering_construction
K W & S BUILDERS LTD,MANCHESTER,,Worker (A rating),Skilled Worker,engineering_construction
K-TEK PLUMBING LTD,LONDON,,Worker (A rating),Skilled Worker,engineering_construction
K.K.L MOTORS AND NG8 AUTO SERVICE LTD,Nottingham,,Worker (A rating),Skilled Worker,engineering_construction
K.S.P. BUILDING CONTRACTORS LIMITED,BIRMINGHAM,WEST MIDLANDS,Worker (A rating),Skilled Worker,engineering_construction
K1 Engineering Ltd,Glsagow,,Worker (A rating),Skilled Worker,engineering_construction
K2 ENGINEERING & ENERGY LTD,"Morden,",,Worker (A rating),Skilled Worker,engineering_construction
K2 Management Renewables Limited,Bristol,,Worker (A rating),Global Business Mobility: Senior or Specialist Worker; Skilled Worker,engineering_construction
K2 Solar Mounting Solutions Ltd,Reading,Berkshire,Worker (A rating),Skilled Worker,engineering_construction
K5 Construction Ltd,Chatham,,Worker (A rating),Skilled Worker,engineering_construction
KA Platinum Builders Limited,Bradford,,Worker (A rating),Skilled Worker,engineering_construction
Kahlon Construction Limited,Stanwell,Staines Upon Thames,Worker (A rating),Skilled Worker,engineering_construction
Kalisi Construction Ltd,Bristol,,Worker (A rating),Skilled Worker,engineering_construction
Kamboj Construction Ltd,Essex,,Worker (A rating),Skilled Worker,engineering_construction
KAN Engineering Ltd,Bedford,,Worker (A rating),Skilled Worker,engineering_construction
Kane Engineering Ltd,Newtownards,Down,Worker (A rating),Skilled Worker,engineering_construction
Kane's Construction ltd.,Dungannon,Tyrone,Worker (A rating),Skilled Worker,engineering_construction
KANSAI ELECTRIC POWER FTS PTE. LTD. (LONDON BRANCH),London,,Worker (A rating),Global Business Mobility: Senior or Specialist Worker,engineering_construction
Karim Engineering Limited,Stevenage,Hertfordshire,Worker (A rating),Skilled Worker,engineering_construction
KARTAL AUTOMOTIVE LIMITED TA SUPAVOLT,Welwyn Garden City,Hertfordshire,Worker (A rating),Skilled Worker,engineering_construction
Kartal Construction Limited,Colchester,,Worker (A rating),Skilled Worker,engineering_construction
KAS CIVIL LIMITED,London,,Worker (A rating),Skilled Worker,engineering_construction
KASH CONSTRUCTION LTD,Hayes,,Worker (A rating),Skilled Worker,engineering_construction
Kashar Engineering LTD,Birmingham,,Worker (A rating),Skilled Worker,engineering_construction
KASTRATI BUILDING MAINTENANCE LTD,Crawley,,Worker (A rating),Skilled Worker,engineering_construction
Katoni Engineering Limited,Aberdeen,,Worker (A rating),Skilled Worker,engineering_construction
Kawasaki Motors UK,Bourne End,,Worker (A rating),Global Business Mobility: Senior or Specialist Worker; Skilled Worker,engineering_construction
Kay Pilsbury Architects Ltd.,SAFFRON WALDEN,Essex,Worker (A rating),Skilled Worker,engineering_construction
Kaya Builders Limited,Harrow,,Worker (A rating),Skilled Worker,engineering_construction
Kaz Contractors Ltd,Cambridge,England,Worker (A rating),Skilled Worker,engineering_construction
KBS CONSTRUCTION TEAM LTD,Ashford,,Worker (A rating),Skilled Worker,engineering_construction
KD ENGINEERS LIMITED,London,,Worker (A rating),Skilled Worker,engineering_construction
Kellaway Building Suuplies,Bristol,,Worker (A rating),Skilled Worker,engineering_construction
Kelton Engineering Limited,Aberdeen,,Worker (A rating),Skilled Worker,engineering_construction
Kelvin Construction Company Limited,Leicester,Leicestershire,Worker (A rating),Skilled Worker,engineering_construction
KEMPSON CONSTRUCTION LTD,Birmingham,,Worker (A rating),Skilled Worker,engineering_construction
Kendra Energy Solutions Ltd,Bourne End,Bucks,Worker (A rating),Skilled Worker,engineering_construction
KENNET MOTORS LTD,SLOUGH,BERKSHIRE,Worker (A rating),Skilled Worker,engineering_construction
KENS ELECTRICAL & PROPERTY SERVICES LIMITED,Coulsdon,,Worker (A rating),Skilled Worker,engineering_construction
KENTINENTAL ENGINEERING LIMITED,Kent,England,Worker (A rating),Skilled Worker,engineering_construction
KERRYHILL ENGINEERS LTD T/A NEWSAGENT AND GIFT OF LONDON,London,,Worker (A rating),Skilled Worker,engineering_construction
Kessey Construction Limited,Kingsbury,London,Worker (A rating),Skilled Worker,engineering_construction
KFR CONSTRUCTION LTD,Bushey,,Worker (A rating),Skilled Worker,engineering_construction
KH Construction Building Limited,Stevenage,,Worker (A rating),Skilled Worker,engineering_construction
KHAKH CONSTRUCTION LTD,Hayes,,Worker (A rating),Skilled Worker,engineering_construction
Khalsa Automobile Engineering Limited,East Ham,London,Worker (A rating),Skilled Worker,engineering_construction
Khalsa Building & Readymix Ltd,West Drayton,,Worker (A rating),Skilled Worker,engineering_construction
Khalsa Scaffolding Ltd,Hayes,,Worker (A rating),Skilled Worker,engineering_construction
KHAN BUILDERS OLDHAM LIMITED TA Khan Builders,Oldham,,Worker (A rating),Skilled Worker,engineering_construction
Khan Motor Service Ltd,London,,Worker (A rating),Skilled Worker,engineering_construction
KHANZ ELECTRICAL SERVICES LIMITED,Barking,Essex,Worker (A rating),Skilled Worker,engineering_construction
KHINDA BUILDERS LIMITED,Manchester,Lancashire,Worker (A rating),Skilled Worker,engineering_construction
KHR BUILDERS LTD,Manchester,Greater Manchester,Worker (A rating),Skilled Worker,engineering_construction
KIA BUILDERS LTD,MANCHESTER,,Worker (A rating),Skilled Worker,engineering_construction
Kia Motors (UK) Ltd,Walton-On-Thames,Surrey,Worker (A rating),Skilled Worker; Global Business Mobility: Senior or Specialist Worker,engineering_construction
Kiani Architects Ltd,London,,Worker (A rating),Skilled Worker,engineering_construction
Kilnbridge Construction Services Ltd,London,,Worker (A rating),Skilled Worker,engineering_construction
Kimia Benam Architects Ltd,London,,Worker (A rating),Skilled Worker,engineering_construction
Kinder-Janes Engineers Ltd,St.Albans,Hertfordshire,Worker (A rating),Skilled Worker,engineering_construction
KINDLE HEATING AND MAINTENANCE LIMITED,Preston,,Worker (A rating),Skilled Worker,engineering_construction
Kinetic Engineers Ltd,Gateshead,,Worker (A rating),Skilled Worker,engineering_construction
Kinewell Energy Ltd,Newcastle Upon Tyne,Tyne and Wear,Worker (A rating),Skilled Worker,engineering_construction
King Power Polo,Maidenhead,Berkshire,Worker (A rating),International Sportsperson,engineering_construction
Kingdom Energy Limited,Crewe,,Worker (A rating),Skilled Worker,engineering_construction
Kingdom Power Ministries International (KPMI),Manchester,,Worker (A rating),Tier 2 Ministers of Religion,engineering_construction
Kingsbury Construction Co Ltd,London,,Worker (A rating),Skilled Worker,engineering_construction
KINGSBURY HEATING SUPPLIES LTD,"Kingsbury, London",,Worker (A rating),Skilled Worker,engineering_construction
KINGSTON MOTORS LTD,Richmond,,Worker (A rating),Skilled Worker,engineering_construction
KIRAN MOTORS CARS LTD,Leicester,,Worker (A rating),Skilled Worker,engineering_construction
Kirby Group Engineering (UK) Ltd,Brentford,Middlesex,Worker (A rating),Global Business Mobility: Senior or Specialist Worker; Skilled Worker,engineering_construction
KJ Tait Engineers Ltd,Glasgow,Glasgow,Worker (A rating),Skilled Worker,engineering_construction
KK MOTOR SPARES LTD,BRADFORD,,Worker (A rating),Skilled Worker,engineering_construction
KKS Building Ltd.,London,,Worker (A rating),Skilled Worker,engineering_construction
KL Builders Limited,London,,Worker (A rating),Skilled Worker,engineering_construction
KLM UK Engineering Limited,Norwich,Norfolk,Temporary Worker (A rating); Worker (A rating),Global Business Mobility: Graduate Trainee; Global Business Mobility: Senior or Specialist Worker; Skilled Worker,engineering_construction
KM Heating Services Ltd,Rochdale,Greater Manchester,Worker (A rating),Skilled Worker,engineering_construction
KMK Automotive Limited,Leatherhead,Surrey,Worker (A rating),Skilled Worker,engineering_construction
KNIGHT ARCHITECTS LIMITED,London,,Worker (A rating),Skilled Worker,engineering_construction
Knight Electrical Switchgear Ltd,Ilminster,Somerset,Worker (A rating),Skilled Worker,engineering_construction
Knights Brown Construction Ltd,Ringwood,Hampshire,Worker (A rating),Skilled Worker,engineering_construction
KNSI Aviation Engineering Ltd,STANSTED,Essex,Worker (A rating),Skilled Worker,engineering_construction
KO & KO BUILDERS LTD,London,,Worker (A rating),Skilled Worker,engineering_construction
Koch Engineered Solutions Limited,Stoke on Trent,Staffs,Worker (A rating),Global Business Mobility: Senior or Specialist Worker; Skilled Worker,engineering_construction
KOJO CONSTRUCTION LTD,London,,Worker (A rating),Skilled Worker,engineering_construction
KOLA CONSTRUCTION LTD,Poole,,Worker (A rating),Skilled Worker,engineering_construction
KOREA AEROSPACE INDUSTRIES UK OFFICE,Chester,Cheshire,Worker (A rating),Global Business Mobility: UK Expansion Worker; Global Business Mobility: Senior or Specialist Worker,engineering_construction
Korutek Engineering Ltd,"Norwich,",Norfolk,Worker (A rating),Skilled Worker,engineering_construction
Kosmos Energy LLC,London,,Worker (A rating),Global Business Mobility: Senior or Specialist Worker; Skilled Worker,engineering_construction
Kovacs Construction Ltd,London,London,Worker (A rating),Skilled Worker,engineering_construction
KP Building Contractors Limited,Slough,,Worker (A rating),Skilled Worker,engineering_construction
KPH DE-CONSTRUCTION SERVICES LTD,CATERHAM,Surrey,Worker (A rating),Skilled Worker,engineering_construction
KPM ENGINEERING LTD,Lancs,,Worker (A rating),Global Business Mobility: Senior or Specialist Worker; Skilled Worker,engineering_construction
KRASTA BUILDERS LIMITED,London,,Worker (A rating),Skilled Worker,engineering_construction
KRITI CONSTRUCTION LTD,HAYES,,Worker (A rating),Skilled Worker,engineering_construction
Kronos Solar Project Limited,Newmarket,,Worker (A rating),Skilled Worker,engineering_construction
Krugers Engineering Ltd,Huddersfield,,Worker (A rating),Skilled Worker,engineering_construction
KS BUILDERS NW LTD,Bradford,,Worker (A rating),Skilled Worker,engineering_construction
KS MOTORS LONDON LTD,Brentwood,Essex,Worker (A rating),Skilled Worker,engineering_construction
KSB Energy Limited T/A Rontec Bullsmoor Service Station,Enfield,,Worker (A rating),Skilled Worker,engineering_construction
KSR CONTRACTORS LTD,Birmingham,,Worker (A rating),Skilled Worker,engineering_construction
KT5 Construction Limited,Ealing,,Worker (A rating),Skilled Worker,engineering_construction
Kub Construction Ltd,LUTON,,Worker (A rating),Skilled Worker,engineering_construction
KUMAR CONSTRUCTION SERVICES LTD,Cheshire,,Worker (A rating),Skilled Worker,engineering_construction
KV Manufacturing Ltd,West Sussex,,Worker (A rating),Skilled Worker,engineering_construction
KW MOTORS LTD,ST ALBANS,,Worker (A rating),Skilled Worker,engineering_construction
Kwik Fix Motors Ltd,London,,Worker (A rating),Skilled Worker,engineering_construction
KX Power Limited,London,,Worker (A rating),Skilled Worker,engineering_construction
L Murray Builder Ltd,Lockerbie,Dumfries and Galloway,Worker (A rating),Skilled Worker,engineering_construction
L R S Builders Limited,London,,Worker (A rating),Skilled Worker,engineering_construction
"L&A Electrical, Plumbing and Maintenance Ltd",London,,Worker (A rating),Skilled Worker,engineering_construction
L&L Lucas Builder Ltd,London,Greenwich,Worker (A rating),Skilled Worker,engineering_construction
LA Architects Ltd,Lewes,East Sussex,Worker (A rating),Skilled Worker,engineering_construction
LA ENERGY SOLUTIONS LTD,Bolton,,Worker (A rating),Skilled Worker,engineering_construction
Lagan Aviation & Infrastructure Ltd,Belfast,Co. Antrim,Worker (A rating),Skilled Worker,engineering_construction
Lagan Energy Engineering Limited,Omagh,County Tyrone,Worker (A rating),Skilled Worker,engineering_construction
Lagan Engineering Ltd,Dungannon,Tyrone,Worker (A rating),Skilled Worker,engineering_construction
LAK CONSTRUCTION LTD,London,,Worker (A rating),Skilled Worker,engineering_construction
Laker Vent Engineering,ELLESMERE PORT,,Worker (A rating),Skilled Worker,engineering_construction
Lall Engineering Ltd,Coventry,,Worker (A rating),Skilled Worker,engineering_construction
Lamberti Shopfitting Ltd t/a Lamberti Construction,London,London,Worker (A rating),Skilled Worker,engineering_construction
LAMPCO CONSTRUCTION LIMITED,Uxbridge,,Worker (A rating),Skilled Worker,engineering_construction
Lamtans Engineering Ltd,Manchester,,Worker (A rating),Skilled Worker,engineering_construction
Lancashire Renewables Limited,Leyland,,Worker (A rating),Skilled Worker,engineering_construction
Land view Construction Nationwide Ltd,London,,Worker (A rating),Skilled Worker,engineering_construction
Landmark Builders Limited,Ickenham,Uxbridge,Worker (A rating),Skilled Worker,engineering_construction
LANDMARK LIVING DEVELOPERS CONSTRUCTION LIMITED,Romford,,Worker (A rating),Skilled Worker,engineering_construction
Landmark Power Holdings Limited,London,,Worker (A rating),Skilled Worker,engineering_construction
Landpac Ground Engineering Limited,Stanmore,,Worker (A rating),Skilled Worker,engineering_construction
Landscope Engineering Ltd,Church Stretton,Shropshire,Worker (A rating),Skilled Worker,engineering_construction
Langstone Engineering Limited,Portsmouth,,Worker (A rating),Skilled Worker,engineering_construction
Lapline Ltd t/a Bartech Marine Engineering,Colchester,Essex,Worker (A rating),Skilled Worker,engineering_construction
Laptop Power NW LTD,Liverpool,,Worker (A rating),Skilled Worker,engineering_construction
Lashi Contractors Ltd,Romford,,Worker (A rating),Skilled Worker,engineering_construction
Last Mile Infrastructure Limited,Glasgow,,Worker (A rating),Skilled Worker,engineering_construction
Lateral Naval Architects Ltd,Southampton,Hampshire,Worker (A rating),Skilled Worker,engineering_construction
Lauran Construction Ltd,Slough,Berkshire,Worker (A rating),Skilled Worker,engineering_construction
Laus Engineering Limited,Dunstable,Bedfordshire,Worker (A rating),Skilled Worker,engineering_construction
Lavender Hill Plumbing Supplies,London,,Worker (A rating),Skilled Worker,engineering_construction
LAVISH CONSTRUCTION LTD,Birmingham,,Worker (A rating),Skilled Worker,engineering_construction
LCMB Building Performance Ltd,Banbury,Oxon,Worker (A rating),Skilled Worker,engineering_construction
Lcon Contractors Ltd,Welling,,Worker (A rating),Skilled Worker,engineering_construction
LDB Construction UK Limited,London,,Worker (A rating),Skilled Worker,engineering_construction
LDN CONTRACTORS LIMITED,London,,Worker (A rating),Skilled Worker,engineering_construction
Le Page Architects Ltd,Plymouth,Devon,Worker (A rating),Skilled Worker,engineering_construction
Lea Motors 2023 Limited,"Wembley, Middlesex",,Worker (A rating),Skilled Worker,engineering_construction
Ledwood Mechanical Engineering Limited,Pembroke Dock,Pembrokeshire,Worker (A rating),Skilled Worker,engineering_construction
Lee Construction Cambridge LTD,Cambridge,Cambridgeshire,Worker (A rating),Skilled Worker,engineering_construction
Leech Mechanical Services Limited,Latchingdon,Essex,Worker (A rating),Skilled Worker,engineering_construction
Leeds Building Society,Leeds,,Worker (A rating),Skilled Worker,engineering_construction
LENMARK CONSTRUCTION LIMITED,Haywards Heath,,Worker (A rating),Skilled Worker,engineering_construction
Leo Lynch Engineering Services (UK) Limited,London,,Worker (A rating),Skilled Worker,engineering_construction
Leonard Engineering Design Associates Limited,Woking,Surrey,Worker (A rating),Skilled Worker,engineering_construction
Lerwick Engineering and Fabrication,Lerwick,Shetland,Worker (A rating),Skilled Worker,engineering_construction
Lerwick Engineering and Fabrication LTD,Lerwick,,Worker (A rating),Skilled Worker,engineering_construction
Leslie Jones Architects Limited,London,,Worker (A rating),Skilled Worker,engineering_construction
LEVENSHULME JOINERY LTD,Manchester,,Worker (A rating),Skilled Worker,engineering_construction
Leviton Manufacturing UK Ltd,Glenrothes,Fife,Worker (A rating),Skilled Worker; Global Business Mobility: Senior or Specialist Worker,engineering_construction
Lex Motor Ltd,Rochdale,,Worker (A rating),Skilled Worker,engineering_construction
LIA AEROSPACE LTD,Stockton-on-Tees,,Worker (A rating),Skilled Worker; Global Business Mobility: Senior or Specialist Worker,engineering_construction
Life Size Architecture,Brighton,,Worker (A rating),Skilled Worker,engineering_construction
Lifesaver Power Ltd,Colchester,,Worker (A rating),Skilled Worker,engineering_construction
LifeTech Engineering Ltd,Aberdeen,County,Worker (A rating),Skilled Worker,engineering_construction
LIGHTING WAREHOUSE & ELECTRICAL (EDINBURGH) LTD,EDINBURGH,,Worker (A rating),Skilled Worker,engineering_construction
LIGHTNING WAREHOUSE & ELECTRICAL LTD,Glasgow,,Worker (A rating),Skilled Worker,engineering_construction
LIMRA GROUP OF CONSTRUCTION LIMITED,London,,Worker (A rating),Skilled Worker,engineering_construction
LiNa Energy Ltd,LANCASTER,Lancashire,Worker (A rating),Skilled Worker,engineering_construction
LINGAM BUILDERS MERCHANT LIMITED,Barnet,,Worker (A rating),Skilled Worker,engineering_construction
Linked Engineering Ltd,Spalding,Lincolnshire,Worker (A rating),Skilled Worker,engineering_construction
Linthwaite Motor Repairs Ltd,Huddersfield,,Worker (A rating),Skilled Worker,engineering_construction
LINX CONSTRUCTION GROUP LIMITED,London,,Worker (A rating),Skilled Worker,engineering_construction
LIONGATE CONSTRUCTION LTD,London,,Worker (A rating),Skilled Worker,engineering_construction
Lisa Shell Architects,London,,Worker (A rating),Skilled Worker,engineering_construction
Lister Engineering And Fabrication Ltd,Barnsley,South Yorkshire,Worker (A rating),Skilled Worker,engineering_construction
Live Electrical Distribution (UK) Limited,Manchester,England,Worker (A rating),Skilled Worker; Global Business Mobility: Senior or Specialist Worker,engineering_construction
LIVERPOOL CONSTRUCTION LIMITED,Liverpool,,Worker (A rating),Skilled Worker,engineering_construction
Livn Manufacturing Ltd,Glasgow,Cumbernauld,Worker (A rating),Skilled Worker,engineering_construction
Livos Renewables Limited,London,,Worker (A rating),Skilled Worker,engineering_construction
LJH CONTRACTORS LTD,Romford,,Worker (A rating),Skilled Worker,engineering_construction
LKJ CONSTRUCTION LTD,HOUNSLOW,MIDDLESEX,Worker (A rating),Skilled Worker,engineering_construction
LM MANUFACTURING LTD,NORTHAMPTON,,Worker (A rating),Skilled Worker,engineering_construction
LMOB ELECTRICAL CONTRACTORS LIMITED,Greenford,MIDDLESEX,Worker (A rating),Skilled Worker,engineering_construction
LMP Building Ltd,Nottingham,,Worker (A rating),Skilled Worker,engineering_construction
LNB BUILDING SOLUTIONS LTD,Brentford,,Worker (A rating),Skilled Worker,engineering_construction
LND CONSTRUCTION SERVICES LIMITED,London,,Worker (A rating),Skilled Worker,engineering_construction
Local DIY Building & Plumbing Supplies Limited,Bradford,,Worker (A rating),Skilled Worker,engineering_construction
LOCAL GAS ENGINEER LIMITED,Berkshire,,Worker (A rating),Skilled Worker,engineering_construction
Local London Contractors Ltd,London,,Worker (A rating),Skilled Worker,engineering_construction
Lochlie Construction Limited,Glasgow,,Worker (A rating),Skilled Worker,engineering_construction
Logan Energy Limited,Wallyford,East Lothian,Worker (A rating),Skilled Worker,engineering_construction
LOGINI PLUMBING HEATING SERVICES LTD,Ilford,Essex,Worker (A rating),Skilled Worker,engineering_construction
LOM architecture and design,London,,Worker (A rating),Skilled Worker,engineering_construction
LONDON & ESSEX CONSTRUCTION LTD,Ilford,Essex,Worker (A rating),Skilled Worker,engineering_construction
LONDON BC TOURISM AND CONSTRUCTION TRADING COMPANY LTD,London,,Worker (A rating),Skilled Worker,engineering_construction
London Building Procurement Limited,London,,Worker (A rating),Skilled Worker,engineering_construction
LONDON CONSTRUCTION CONTRACTOR LTD,London,,Worker (A rating),Skilled Worker,engineering_construction
LONDON CONSTRUCTIONS AND CONTRACTORS LTD,LONDON,,Worker (A rating),Skilled Worker,engineering_construction
London Energy Limited,London,Edmonton,Worker (A rating),Skilled Worker,engineering_construction
London Gas and Power Ltd,London,,Worker (A rating),Skilled Worker,engineering_construction
LONDON GAS ENGINEERS LTD,Slough,Berkshire,Worker (A rating),Skilled Worker,engineering_construction
LONDON MOTOR CENTRE LIMITED,London,,Worker (A rating),Skilled Worker,engineering_construction
LONDON MOTOR SPORTS LTD,LONDON,,Worker (A rating),Skilled Worker,engineering_construction
LONDON PRIME CONSTRUCTION AND BUILDERS LTD,Hounslow,,Worker (A rating),Skilled Worker,engineering_construction
London Steel Fabrication Ltd,Barking,,Worker (A rating),Skilled Worker,engineering_construction
LONDON UK PROPERTY CONSTRUCTION AND MANAGEMENT LTD T/A LONDON UK PROPERTY,LONDON,,Worker (A rating),Skilled Worker,engineering_construction
London Wide Construction Ltd,London,,Worker (A rating),Skilled Worker,engineering_construction
LONDON'S CONSTRUCTION LTD,Brigg,,Worker (A rating),Skilled Worker,engineering_construction
LONGSWORD BUILDING & MAINTENANCE SERVICES LTD,London,,Worker (A rating),Skilled Worker,engineering_construction
Loop Engineering Ltd,London,,Worker (A rating),Skilled Worker,engineering_construction
Love Energy Savings.com Ltd,Bolton,Lancashire,Worker (A rating),Skilled Worker,engineering_construction
Love Motors (Manchester Limited),Bolton,,Worker (A rating),Skilled Worker,engineering_construction
Low Energy Designs Ltd,Blandford Forum,Dorset,Worker (A rating),Skilled Worker,engineering_construction
LOW KOST MOTOR SPARES LTD,Batley,West Yorkshire,Worker (A rating),Skilled Worker,engineering_construction
Lowen Construction Ltd,Chatham,Kent,Worker (A rating),Skilled Worker,engineering_construction
LOWER 48 ENERGY BESS LTD,LONDON,,Worker (A rating),Skilled Worker,engineering_construction
Loyal Automotive Ltd,Coventry,West Midlands,Worker (A rating),Skilled Worker,engineering_construction
Loyal Builders Ltd,Coventry,,Worker (A rating),Skilled Worker,engineering_construction
LR Energy Plumbing and Heating Ltd,Leeds,,Worker (A rating),Skilled Worker,engineering_construction
LSQ CONSTRUCTION LTD,Dagenham,,Worker (A rating),Skilled Worker,engineering_construction
Luan electrical contractors ltd,Uxbridge,Middlesex,Worker (A rating),Skilled Worker,engineering_construction
Lucid Motors Limited,Warwick,,Worker (A rating),Skilled Worker,engineering_construction
Lucky Builders Ltd,Willenhall,West Midlands,Worker (A rating),Skilled Worker,engineering_construction
LUCKY BUILDING SERVICES LTD,Camberley,Surrey,Worker (A rating),Skilled Worker,engineering_construction
LUCKY MOTORS SERVICES LTD,Wigston,,Worker (A rating),Skilled Worker,engineering_construction
Luddon Construction Limited,Glasgow,,Worker (A rating),Skilled Worker,engineering_construction
Luke Wade Electrical,London,Enfield,Worker (A rating),Skilled Worker,engineering_construction
Luminous Energy Ltd,Corsham,Wiltshire,Worker (A rating),Skilled Worker,engineering_construction
Lunar Energy Limited,London,,Worker (A rating),Skilled Worker,engineering_construction
LUSHI CONSTRUCTION LTD,London,,Worker (A rating),Skilled Worker,engineering_construction
LUTON ENGINEERING SERVICES (SOUTHWEST) LTD,Manchester,,Worker (A rating),Skilled Worker,engineering_construction
Luton Plumbing Centre Limited,Luton,,Worker (A rating),Skilled Worker,engineering_construction
Lynch Architects,London,,Worker (A rating),Skilled Worker,engineering_construction
Lyndon Goode Architects Ltd,London,,Worker (A rating),Skilled Worker,engineering_construction
M A CONSTRUCTION & DEVELOPERS LTD,Manchester,uk,Worker (A rating),Skilled Worker,engineering_construction
M B (S) Builders Ltd,London,,Worker (A rating),Skilled Worker,engineering_construction
M Glynn Builders Ltd,Beaconsfield,Bucks,Worker (A rating),Skilled Worker,engineering_construction
M H BUILDERS & SONS LTD,Halifax,West Yorkshire,Worker (A rating),Skilled Worker,engineering_construction
M H HEATING & PLUMBING LTD,Manchester,,Worker (A rating),Skilled Worker,engineering_construction
M J DESIGN & BUILDING LTD,Uxbridge,Middlesex,Worker (A rating),Skilled Worker,engineering_construction
M P Building Ltd,Letchworth Garden City,Hertfordshire,Worker (A rating),Skilled Worker,engineering_construction
M S Business Engineering LTD (T/A as Manzeera Solutions),Bracknell,Berkshire,Worker (A rating),Skilled Worker,engineering_construction
M S H Motors Ltd,Dudley,West Midlands,Worker (A rating),Skilled Worker,engineering_construction
M X CONSTRUCTION LIMITED,Ealing,,Worker (A rating),Skilled Worker,engineering_construction
M&5S Electrical Services Ltd,Suffolk,Mildenhall,Worker (A rating),Skilled Worker,engineering_construction
M&A BUILDING SERVICES LTD,Westerham,,Worker (A rating),Skilled Worker,engineering_construction
M&A CONSTRUCTION & DEVELOPMENT LIMITED,Dudley,,Worker (A rating),Skilled Worker,engineering_construction
M&A Motors Northants Ltd,Northampton,Northamptonshire,Worker (A rating),Skilled Worker,engineering_construction
M&A Sakhi Construction Ltd,Hayes,,Worker (A rating),Skilled Worker,engineering_construction
M&G MOTORS LTD,Stoke-On-Trent,,Worker (A rating),Skilled Worker,engineering_construction
M&M BUILDING SERVICES LTD,Slough,,Worker (A rating),Skilled Worker,engineering_construction
M&M METAL FABRICATIONS (BRADFORD) LIMITED,Bradford,,Worker (A rating),Skilled Worker,engineering_construction
M&M PLUMBING EXPERT LTD,London,,Worker (A rating),Skilled Worker,engineering_construction
M&P Electrician and Construction Ltd,Sutton,,Worker (A rating),Skilled Worker,engineering_construction
M&Y Engineering Limited,Bromley,,Worker (A rating),Skilled Worker,engineering_construction
M-E Engineers,London,,Worker (A rating),Skilled Worker,engineering_construction
M-POWER CREATIONS LTD,London,,Worker (A rating),Skilled Worker,engineering_construction
M-Tec Engineering Projects Ltd,Coventry,,Worker (A rating),Skilled Worker,engineering_construction
M.A.C. DEVELOPMENTS & CONSTRUCTION LIMITED,Nuneaton,Warwickshire,Worker (A rating),Skilled Worker,engineering_construction
M.A.C.K RENEWABLES LTD,Cardiff,Wales,Worker (A rating),Skilled Worker,engineering_construction
M.R. MOTOR SERVICES LIMITED,Romford,,Worker (A rating),Skilled Worker,engineering_construction
M13 Construction Limited,Uxbridge,,Worker (A rating),Skilled Worker,engineering_construction
M4 Motors Ltd,Hayes,MIDDLESEX,Worker (A rating),Skilled Worker,engineering_construction
MA BUILDERS MCR LTD,Accrington,,Worker (A rating),Skilled Worker,engineering_construction
MA Building Services Nottingham LTD,Nottingham,,Worker (A rating),Skilled Worker,engineering_construction
MA Construction Ltd,Birmingham,,Worker (A rating),Skilled Worker,engineering_construction
MAALEM ENGINEERING UK LTD 15049644,ENGLAND,,Worker (UK Expansion Worker: Provisional ),Global Business Mobility: UK Expansion Worker,engineering_construction
MAAN BUILDERS LIMITED,Hillingdon,,Worker (A rating),Skilled Worker,engineering_construction
MAAPS Design & Architecture Limited,London,,Worker (A rating); Temporary Worker (A rating),Skilled Worker; Creative Worker,engineering_construction
Maben Construction Ltd,Feltham,London,Worker (A rating),Skilled Worker,engineering_construction
Mac Building Solutions Ltd,London,,Worker (A rating),Skilled Worker,engineering_construction
MAC-RK PRECISION ENGINEERING LIMITED,SOUTHALL,MIDDLSEX,Worker (A rating),Skilled Worker,engineering_construction
Macgen Power Generation Limited,KILREA,LONDONDERRY,Worker (A rating),Skilled Worker,engineering_construction
Macleod Pipework Engineering Limited,Sheffield,,Worker (A rating),Skilled Worker,engineering_construction
MACROWILL PLASTIC ENGINEERING (UK) LTD,Cheshire,,Worker (A rating),Skilled Worker,engineering_construction
Mactech Energy Group Ltd,Whitley Bay,Tyne and Wear,Worker (A rating),Skilled Worker,engineering_construction
MAD CONTRACTORS,BRADFORD,WEST YORKSHIRE,Worker (A rating),Skilled Worker,engineering_construction
Madani Builders Merchants,Birmingham,,Worker (A rating),Skilled Worker,engineering_construction
MADEENAT KHALIFA BUILDING MATERIAL TRADING UK LTD 15286572,ENGLAND,,Worker (UK Expansion Worker: Provisional ),Global Business Mobility: UK Expansion Worker,engineering_construction
MADINAH CONSTRUCTION LTD,Ilford,,Worker (A rating),Skilled Worker,engineering_construction
Magellan Aerospace (UK) Ltd,Wrexham,,Worker (A rating),Global Business Mobility: Senior or Specialist Worker; Skilled Worker,engineering_construction
Magic for Engineering Works Ltd,Croydon,Greater London,Worker (A rating),Skilled Worker,engineering_construction
Magnolia Building Services Limited,Essex,,Worker (A rating),Skilled Worker,engineering_construction
MAH CONSTRUCTION GROUP LIMITED,London,,Worker (A rating),Skilled Worker,engineering_construction
MAHA CONSTRUCTION LTD,Manchester,,Worker (A rating),Skilled Worker,engineering_construction
Mahal Roofing & Construction Ltd,Hounslow,,Worker (A rating),Skilled Worker,engineering_construction
MAHBUB BUILDERS LTD,MANCHESTER,,Worker (A rating),Skilled Worker,engineering_construction
Mainmark Ground Engineering (UK),Milton Keynes,Buckinghamshire,Worker (A rating),Skilled Worker,engineering_construction
MAJ BUILDING CONTRACTORS LTD,Leeds,,Worker (A rating),Skilled Worker,engineering_construction
MAK Building & Electric Maintenance Ltd.,Peterborough,,Worker (A rating),Skilled Worker,engineering_construction
Mak Building Services Pvt Ltd,Leicester,Leicestershire,Worker (A rating),Skilled Worker,engineering_construction
MAK WINDOW & DOOR FABRICATION LTD,Milton Keynes,,Worker (A rating),Skilled Worker,engineering_construction
MAKE MORE SPACE CONSTRUCTION LTD,Luton,,Worker (A rating),Skilled Worker,engineering_construction
Making Energy Greener Ltd,Formby,Merseyside,Worker (A rating),Skilled Worker,engineering_construction
Makita Manufacturing Europe Ltd,Telford,Shropshire,Worker (A rating),Global Business Mobility: Senior or Specialist Worker,engineering_construction
MAKOWER ARCHITECTS LIMITED,LONDON,,Worker (A rating),Skilled Worker,engineering_construction
MAKS BUILDERS LTD,Birmingham,,Worker (A rating),Skilled Worker,engineering_construction
MAL CONTRACTORS (CIVIL ENGINEERING) LTD,London,,Worker (A rating),Skilled Worker,engineering_construction
Malachi Contractors Ltd,London,,Worker (A rating),Skilled Worker,engineering_construction
Malcolm Building Services Limited,Orpington,Kent,Worker (A rating),Skilled Worker,engineering_construction
Malibu Manufacturing Ltd,St Albans,,Worker (A rating),Skilled Worker,engineering_construction
MALISHEV ENGINEERS LTD,Bath,,Worker (A rating),Skilled Worker,engineering_construction
Mallaghan Engineering Ltd,Dungannon,County Tyrone,Worker (A rating),Global Business Mobility: Senior or Specialist Worker; Skilled Worker,engineering_construction
Mallinson Architects and Engineers Ltd.,London,,Worker (A rating),Skilled Worker,engineering_construction
Mammoth Construction Ltd,London,,Worker (A rating),Skilled Worker,engineering_construction
Mamou-Mani Architects,London,,Worker (A rating),Skilled Worker,engineering_construction
Man Power Connections Ltd,Walsall,,Worker (A rating),Skilled Worker,engineering_construction
MANAN BUILDERS & CONSTRUCTION LTD,London,,Worker (A rating),Skilled Worker,engineering_construction
Manchester Energy Grants Limited,Ashton-Under-Lyne,,Worker (A rating),Scale-up; Skilled Worker,engineering_construction
Mangera Yvars Architects LTD,London,,Worker (A rating),Skilled Worker,engineering_construction
Mangla motors,Bradford,West yorkshire,Worker (A rating),Skilled Worker,engineering_construction
Mann Motors Ltd,Leicester,,Worker (A rating),Skilled Worker,engineering_construction
Manpreet Singh T/A Raj Builder,Leicester,,Worker (A rating),Skilled Worker,engineering_construction
Manzoor plumbing and Heating ltd,London,,Worker (A rating),Skilled Worker,engineering_construction
Maplin Engineering Limited,Stratford,London,Worker (A rating),Skilled Worker,engineering_construction
MARALB CONSTRUCTION LTD,"Maidenhead,",,Worker (A rating),Skilled Worker,engineering_construction
Marble & Joinery Workshop LTD,London,,Worker (A rating),Skilled Worker,engineering_construction
Marble Aerospace Limited,Chippenham,Wiltshire,Worker (A rating),Skilled Worker,engineering_construction
Marches Architectural Hardware Limited,Llandrindod Wells,,Worker (A rating),Skilled Worker,engineering_construction
Marches Construction Management Ltd,KENT,,Worker (A rating),Skilled Worker,engineering_construction
Marek Wojciechowski Architects Limited,London,,Worker (A rating),Skilled Worker,engineering_construction
Marg Sat Santokh Manufacturers Limited,Birmingham,,Worker (A rating),Skilled Worker,engineering_construction
Margav Renewables Ltd,Rugeley,,Worker (A rating),Skilled Worker,engineering_construction
Marian Engineering Ltd,Birtley,County Durham,Worker (A rating),Skilled Worker,engineering_construction
Marine Fabrication and Engineering Limited,Truro,Cornwall,Worker (A rating),Skilled Worker,engineering_construction
Mario Motors,Basingstoke,,Worker (A rating),Skilled Worker,engineering_construction
MARK BUILDING MAINTENANCE LTD,London,,Worker (A rating),Skilled Worker,engineering_construction
Mark Fairhurst (Architects) Limited,London,,Worker (A rating),Skilled Worker,engineering_construction
Mark Wray Architects Limited,Bath,,Worker (A rating),Skilled Worker,engineering_construction
Marldon Joinery,London,,Worker (A rating),Skilled Worker,engineering_construction
Maro Construction Limited,London,,Worker (A rating),Skilled Worker,engineering_construction
MARSHAL SHOPFITTERS AND CONSTRUCTION LTD,ENGLAND,,Worker (A rating),Skilled Worker,engineering_construction
Marshall Motor Group,Milton Keynes,Buckinghamshire,Worker (A rating),Skilled Worker,engineering_construction
MARSHFIELD MOTORS LTD,Cardiff,Wales,Worker (A rating),Skilled Worker,engineering_construction
Martek Motor Services Limited t/a Martek Motor Services,Oldbury,,Worker (A rating),Skilled Worker,engineering_construction
MARTIN Renewables Solutions LTD,Wardle,Cheshire,Worker (A rating),Skilled Worker,engineering_construction
MARTINS BUILDERS & DECORATORS LIMITED,London,,Worker (A rating),Skilled Worker,engineering_construction
MAS BUILDERS WAREHOUSE LTD,Bradford,,Worker (A rating),Skilled Worker,engineering_construction
Masro Construction Ltd,London,,Worker (A rating),Skilled Worker,engineering_construction
Master Builders VS Limited,London,,Worker (A rating),Skilled Worker,engineering_construction
MASTER DWELLINGS CONSTRUCTION LTD,London,,Worker (A rating),Skilled Worker,engineering_construction
MASTER HEATING & ELECTRICAL LTD,Wembley,,Worker (A rating),Skilled Worker,engineering_construction
Master Joinery & Woodworks Ltd,Ruislip,,Worker (A rating),Skilled Worker,engineering_construction
Master Motors MCR LTD,Manchester,,Worker (A rating),Skilled Worker,engineering_construction
Mastercraft Construction (UK) Limited,Co.Derry,,Worker (A rating),Skilled Worker,engineering_construction
MASTERMIND ELECTRICAL LIMITED,London,,Worker (A rating),Skilled Worker,engineering_construction
MATA Architects Limited,London,,Worker (A rating),Skilled Worker,engineering_construction
MATBEN CONSTRUCTION INTERIOR AND CLEANING SERVICES LTD,DAGENHAM,,Worker (A rating),Skilled Worker,engineering_construction
MATI CONSTRUCTION LTD,CROYDON,,Worker (A rating),Skilled Worker,engineering_construction
MATRIX RENEWABLES UK LIMITED,London,,Worker (A rating),Skilled Worker; Global Business Mobility: Senior or Specialist Worker,engineering_construction
MATT Architecture Ltd,London,,Worker (A rating),Skilled Worker,engineering_construction
Matthew Allchurch Architects Limited,Teddington,,Worker (A rating),Skilled Worker,engineering_construction
Matthew Wood Architects Ltd,London,,Worker (A rating),Skilled Worker,engineering_construction
MAW Engineering Limited,Toomebridge,Antrim,Worker (A rating),Skilled Worker,engineering_construction
Maxen Power Supply Limited,Ilford,Essex,Worker (A rating),Skilled Worker,engineering_construction
MAXON CONSTRUCTION LTD,London,,Worker (A rating),Skilled Worker,engineering_construction
Maxwize Motor Factors,Bradford,,Worker (A rating),Skilled Worker,engineering_construction
MAYA Construction and Engineering Ltd,Birmingham,,Worker (A rating),Skilled Worker,engineering_construction
Maycast-Nokes Precision Engineering Ltd,Halstead,Essex,Worker (A rating),Skilled Worker,engineering_construction
Mayfair Builders Ltd,Ilford,,Worker (A rating),Skilled Worker,engineering_construction
Mayfair Motor Solutions Limited,London,,Worker (A rating),Skilled Worker,engineering_construction
MAYMAR BUILDING SERVICES LTD,"Castle Vale, Birmingham",,Worker (A rating),Skilled Worker,engineering_construction
Mayo Engineering Ltd,March,Cambridgeshire,Worker (A rating),Skilled Worker,engineering_construction
Mazda Motors UK Limited,Dartford,Kent,Worker (A rating),Skilled Worker; Global Business Mobility: Senior or Specialist Worker,engineering_construction
MB Aerospace Ltd,Motherwell,,Worker (A rating),Skilled Worker,engineering_construction
MB Aerospace Newton Abbot Limited,Newton Abbot,Devon,Worker (A rating),Skilled Worker,engineering_construction
Mc Kelvey Construction Ltd,castlederg,Tyrone,Worker (A rating),Skilled Worker,engineering_construction
McAuley Fabrication Ltd,Ballymoney,Antrim,Worker (A rating),Skilled Worker,engineering_construction
McCallion Engineering Limited,Portglenone,Antrim,Worker (A rating),Skilled Worker,engineering_construction
MCCrory Engineering Limited,Aughnacloy,,Worker (A rating),Skilled Worker,engineering_construction
MCD engineering ltd,dungannon,tyrone,Worker (A rating),Skilled Worker,engineering_construction
MCDERMOTT ENERGY SOLUTIONS (UK) LIMITED,London,,Worker (A rating),Skilled Worker; Global Business Mobility: Senior or Specialist Worker,engineering_construction
McDermott Marine Construction Limited,London,,Worker (A rating),Skilled Worker; Global Business Mobility: Senior or Specialist Worker,engineering_construction
McDonald Architects Limited,London,,Worker (A rating),Skilled Worker,engineering_construction
McGahan Engineering,Dungannon,Tyrone,Worker (A rating),Skilled Worker,engineering_construction
McIlwaine Landscape Architects,Newtownards,Down,Worker (A rating),Skilled Worker,engineering_construction
McKenna Precision Engineering Ltd,Omagh,Tyrone,Worker (A rating),Skilled Worker,engineering_construction
McLaren Automotive Limited,Woking,,Worker (A rating),Skilled Worker,engineering_construction
McLaren Construction Ltd,London,,Worker (A rating),Skilled Worker,engineering_construction
McLaughlin & Harvey Construction Limited,Bellshill,Lanarkshire,Worker (A rating),Skilled Worker,engineering_construction
McMenon Engineering Services Limited,Workington,,Worker (A rating),Skilled Worker,engineering_construction
McMurtry Automotive Limited,Wotton-Under-Edge,Gloucestershire,Worker (A rating),Skilled Worker,engineering_construction
MCQUAID ENGINEERING LTD,Dungannon,Tyrone,Worker (A rating),Skilled Worker,engineering_construction
MCT Engineering Limited,Daventry,,Worker (A rating),Skilled Worker,engineering_construction
Mearns Energy Solutions Ltd,Glasgow,,Worker (A rating),Skilled Worker,engineering_construction
MEC Industrial Engineering LTD,Usk,Monmouthshire,Worker (A rating),Skilled Worker,engineering_construction
Mech Power Limited,Harrow,,Worker (A rating),Skilled Worker,engineering_construction
Mech-Tool Engineering Limited,Darlington,Durham,Worker (A rating),Skilled Worker,engineering_construction
Mecha Engineering Limited,"Slough, England",,Worker (A rating),Skilled Worker,engineering_construction
Mechanical Installation & Maintenance (NI) Limited,Londonderry,Northern Ireland,Worker (A rating),Skilled Worker,engineering_construction
Mechanical Repair Centre Limited,Walsall,West Midlands,Worker (A rating),Skilled Worker,engineering_construction
Medlock Dry Construction Limited,HAILSHAM,East Sussex,Worker (A rating),Skilled Worker,engineering_construction
MEDWAY BUILDERS MERCHANTS LIMITED,Rochester,Kent,Worker (A rating),Skilled Worker,engineering_construction
MEGABUILD CONSTRUCTION LTD,GREENFORD,,Worker (A rating),Skilled Worker,engineering_construction
Megan Mechanical Services Ltd,Yateley,Hampshire,Worker (A rating),Skilled Worker,engineering_construction
Mehar Construction Ltd,Wednesbury,,Worker (A rating),Skilled Worker,engineering_construction
Mel's Motors Ltd,Bracknell,Berkshire,Worker (A rating),Skilled Worker,engineering_construction
Mellish Engineering Services Limited,Loughborough,,Worker (A rating),Skilled Worker,engineering_construction
Melton Mowbray Building Society,Melton Mowbray,Leicestershire,Worker (A rating),Skilled Worker,engineering_construction
Menfor Construction Services Limited,Willenhall,West Midlands,Worker (A rating),Skilled Worker,engineering_construction
MENTOR ENGINEERING LTD,Teddington,,Worker (A rating),Skilled Worker,engineering_construction
Mepani Electrical Limited,Harrow,,Worker (A rating),Skilled Worker,engineering_construction
Merbani Grove Heating & Plumbing Ltd,Hounslow,,Worker (A rating),Skilled Worker,engineering_construction
Mercer Engineering Ltd,Dereham,Norfolk,Worker (A rating),Global Business Mobility: Senior or Specialist Worker; Skilled Worker,engineering_construction
Mercury Engineering & Building Services Limited,London,,Worker (A rating),Global Business Mobility: Senior or Specialist Worker; Skilled Worker,engineering_construction
Merlin Energy Resources Ltd,Ledbury,Herefordshire,Worker (A rating),Skilled Worker,engineering_construction
Mesh Architects Ltd,Leeds,Yorkshire,Worker (A rating),Skilled Worker,engineering_construction
Mesh Energy,Farnham,,Worker (A rating),Skilled Worker,engineering_construction
METAL ART ENGINEERING AND CONSTRUCTION LIMITED,London,,Worker (A rating),Skilled Worker,engineering_construction
Metal Yapi Engineering (UK) Ltd,London,,Worker (A rating),Skilled Worker,engineering_construction
Metalock Engineering UK Limited,Coventry,West Midlands,Worker (A rating),Global Business Mobility: Senior or Specialist Worker; Skilled Worker,engineering_construction
Meti Building Services Limited,Essex,,Worker (A rating),Skilled Worker,engineering_construction
Metlen Energy & Metals S. A. UK Branch,London,,Worker (A rating),Global Business Mobility: Senior or Specialist Worker; Skilled Worker,engineering_construction
Metris Energy Ltd,London,,Worker (A rating),Skilled Worker; Global Business Mobility: Senior or Specialist Worker,engineering_construction
METRON ENERGY APPLICATIONS S.A.,Immingham,,Worker (A rating),Global Business Mobility: Senior or Specialist Worker; Skilled Worker,engineering_construction
MEZ CONSTRUCTION (UK) LTD,Pinner,,Worker (A rating),Skilled Worker,engineering_construction
MEZ CONSTRUCTION SOUTH DIVISION LTD,Harrow,,Worker (A rating),Skilled Worker,engineering_construction
MF architecture,Liverpool,- None -,Worker (A rating),Skilled Worker,engineering_construction
MFD Communication Infrastructure Limited,Southampton,Hampshire,Worker (A rating),Skilled Worker,engineering_construction
MFI Motor Company Limited,Mitcham,,Worker (A rating),Skilled Worker,engineering_construction
MG Construction Services Ltd,Earith,Huntingdon,Worker (A rating),Skilled Worker,engineering_construction
MG Motor UK Ltd,Birmingham,,Worker (A rating),Skilled Worker; Global Business Mobility: Senior or Specialist Worker,engineering_construction
MGB Construction Services Ltd,Chigwell,,Worker (A rating),Skilled Worker,engineering_construction
MGK BUILDERS LTD,Glasgow,,Worker (A rating),Skilled Worker,engineering_construction
MGM BUILDING CONTRACTING UK LIMITED,Orpington,,Worker (A rating),Skilled Worker,engineering_construction
MGMT Construction Limited,Macclesfield,,Worker (A rating),Skilled Worker,engineering_construction
MH Motors Ltd,Newtownabbey,,Worker (A rating),Skilled Worker,engineering_construction
MH UK MOTORS LTD,Stanford-le-Hope,,Worker (A rating),Skilled Worker,engineering_construction
MH1 CONSTRUCTION LIMITED,Ilford,,Worker (A rating),Skilled Worker,engineering_construction
MI ELECTRICAL & HEATING SERVICES LTD,Birmingham,,Worker (A rating),Skilled Worker,engineering_construction
Mian Builders Limited,London,,Worker (A rating),Skilled Worker,engineering_construction
MICA Architects Ltd,London,,Worker (A rating),Skilled Worker,engineering_construction
Michael Laird Architects Limited,Edinburgh,,Worker (A rating),Skilled Worker,engineering_construction
Micropack (Engineering) Ltd,Aberdeen,,Worker (A rating),Skilled Worker,engineering_construction
Miculi Construction Ltd,Brentford,,Worker (A rating),Skilled Worker,engineering_construction
MIDDLE GREEN MOTORS (MGM) LIMITED,Feltham,Middlesex,Worker (A rating),Skilled Worker,engineering_construction
MIDDLESEX ENERGY SOLUTIONS LTD,Uxbridge,,Worker (A rating),Skilled Worker,engineering_construction
Middleton Manufacturing Limited,Milton Keynes,Buckinghamshire,Worker (A rating),Skilled Worker,engineering_construction
Middx Plumb & Electric Wholesaler Ltd,Greenford,Greater London,Worker (A rating),Skilled Worker,engineering_construction
Midland Contractors Limited,DERBY,Derbyshire,Worker (A rating),Skilled Worker,engineering_construction
Midland Heating & Plumbing Services,Burton On Trent,Staffordshire,Worker (A rating),Skilled Worker,engineering_construction
MIDLAND MOTOR FUELS LTD,Birmingham,West Midlands,Worker (A rating),Skilled Worker,engineering_construction
Midlands Building Suppliers Ltd,Birmingham,,Worker (A rating),Skilled Worker,engineering_construction
Midlands Plastics And Plumbing (Stoke) Ltd,Stoke On Trent,,Worker (A rating),Skilled Worker,engineering_construction
Midsummer Energy Ltd,Cambridge,,Worker (A rating),Skilled Worker,engineering_construction
MIKEL CONSTRUCTION LTD,London,England,Worker (A rating),Skilled Worker,engineering_construction
Mila Construction Ltd,London,,Worker (A rating),Skilled Worker,engineering_construction
Millar Callaghan Engineering Services Ltd,Irvine,AYRSHIRE,Worker (A rating),Skilled Worker,engineering_construction
Millar Woodcraft Specialist Joinery Manufacture Ltd,Randalstown,Antrim,Worker (A rating),Skilled Worker,engineering_construction
Miller Fabrications,Wishaw,North Lanarkshire,Worker (A rating),Skilled Worker,engineering_construction
Millgrove construction,Winchester,Hampshire,Worker (A rating),Skilled Worker,engineering_construction
Milton Automotive Ltd,Bedford,,Worker (A rating),Skilled Worker,engineering_construction
MINDI BUILDERS LIMITED,Ilford,,Worker (A rating),Skilled Worker,engineering_construction
Ming Yang UK Renewable Energy Company Limited,London,,Worker (A rating),Skilled Worker; Global Business Mobility: UK Expansion Worker,engineering_construction
Minth Automotive (UK) Company Ltd,Sunderland,,Worker (A rating),Global Business Mobility: Senior or Specialist Worker; Skilled Worker,engineering_construction
Mirai Power Europe Limited,London,,Temporary Worker (A rating); Worker (A rating),Global Business Mobility: Graduate Trainee; Skilled Worker; Global Business Mobility: Senior or Specialist Worker,engineering_construction
MIRAMAR ENGINEERING LTD,CHATTERIS,CAMBRIDGESHIRE,Worker (A rating),Skilled Worker,engineering_construction
Mirfield Automotive Spares Limited,Mirfield,,Worker (A rating),Skilled Worker,engineering_construction
MIROTECH CONSTRUCTION LIMITED,London,,Worker (A rating),Skilled Worker,engineering_construction
MIRPUR ELECTRICAL AND ELECTRONICS TRADING LIMITED,Kent,,Worker (A rating),Skilled Worker,engineering_construction
Mirza Builders Ltd,Glossop,,Worker (A rating),Skilled Worker,engineering_construction
Mitcham Building Supplies Ltd T/A MBS Ltd,Kent,,Worker (A rating),Skilled Worker,engineering_construction
Mitchell and Urwin Brickwork Contractors Limited,Ferrybridge,West Yorkshire,Worker (A rating),Skilled Worker,engineering_construction
"Mitsubishi Power EMEA, Ltd",London,,Worker (A rating),Global Business Mobility: Senior or Specialist Worker; Skilled Worker,engineering_construction
MITSUI & CO. ENERGY TRADING SINGAPORE PTE. LTD. (LONDON BRANCH),London,,Worker (A rating),Skilled Worker; Global Business Mobility: Senior or Specialist Worker,engineering_construction
Mix Max Motors Limited,Bradford,,Worker (A rating),Skilled Worker,engineering_construction
MJ BUILDING CONSTRUCTIONS LTD,Bolton,,Worker (A rating),Skilled Worker,engineering_construction
MJ ENERGY SERVICES LTD,DEWSBURY,,Worker (A rating),Skilled Worker,engineering_construction
MJB MOTOR SERVICES LIMITED,Hinckley,,Worker (A rating),Skilled Worker,engineering_construction
MJM Energy & Safety Services,Stockport,Cheshire,Worker (A rating),Skilled Worker,engineering_construction
MK BUILDERS (MIDLANDS) LTD,Nottingham,,Worker (A rating),Skilled Worker,engineering_construction
MK Builders Merchants Limited,Birmingham,,Worker (A rating),Skilled Worker,engineering_construction
MK Complete Joinery Limited,Richmond,,Worker (A rating),Skilled Worker,engineering_construction
MK CONSTRUCTION & RENOVATION LTD,London,,Worker (A rating),Skilled Worker,engineering_construction
MK CONTRACTORS LIMITED,Bedfordshire,,Worker (A rating),Skilled Worker,engineering_construction
MK ENGINEERING AND SURVEYS LTD,Liverpool,,Worker (A rating),Skilled Worker,engineering_construction
MK ENGINEERING EXPERT LIMITED,London,,Worker (A rating),Skilled Worker,engineering_construction
MK SYNERGY BUILDERS LTD,Bedfordshire,England,Worker (A rating),Skilled Worker,engineering_construction
MK2 Motors Ltd,Bletchley,Milton Keynes,Worker (A rating),Skilled Worker,engineering_construction
MKM Building Supplies Limited,Hull,,Worker (A rating),Skilled Worker,engineering_construction
MM Builders & Landscape LTD,Rochdale,,Worker (A rating),Skilled Worker,engineering_construction
MM&S BUILDERS LTD,London,United Kingdom,Worker (A rating),Skilled Worker,engineering_construction
MND Construction Services Ltd,London,,Worker (A rating),Skilled Worker,engineering_construction
MO-SYS ENGINEERING LIMITED,London,,Worker (A rating),Skilled Worker,engineering_construction
Mobile Power LTD,Sheffield,,Worker (A rating),Skilled Worker,engineering_construction
Mocean Energy Ltd,Edinburgh,"Edinburgh, City of",Worker (A rating),Skilled Worker,engineering_construction
Modebest Builders Limited,Northolt,Middlesex,Worker (A rating),Skilled Worker,engineering_construction
Modece Architects,Stowmarket,Suffolk,Worker (A rating),Skilled Worker,engineering_construction
Modern Construction Contractors Limited,London,,Worker (A rating),Skilled Worker,engineering_construction
Modern Design Building Services Ltd,Wembley,,Worker (A rating),Skilled Worker,engineering_construction
Modo Energy,London,,Worker (A rating),Skilled Worker,engineering_construction
MOELLER & POELLER ENGINEERING LTD,Warrington,Cheshire,Worker (A rating),Skilled Worker,engineering_construction
Mohammed bodrul islam T/a MB Builder,Oldham,,Worker (A rating),Skilled Worker,engineering_construction
Moin Builders Limited,London,,Worker (A rating),Skilled Worker,engineering_construction
MOMI CONSTRUCTION LTD,SUDBURY,MIDDLESEX,Worker (A rating),Skilled Worker,engineering_construction
Monaco Engineering Solutions Limited,Leatherhead,,Worker (A rating),Skilled Worker,engineering_construction
Monarch Building Solutions LTD,Uxbridge,,Worker (A rating),Skilled Worker,engineering_construction
Monster Energy Europe Limited,Greenford,,Worker (A rating),Global Business Mobility: Senior or Specialist Worker; Skilled Worker,engineering_construction
MOOR LANE MOTORS LIMITED,Leeds,,Worker (A rating),Skilled Worker,engineering_construction
Morden Builders Ltd,Aldershot,,Worker (A rating),Skilled Worker,engineering_construction
Morgan Sindall Construction & Infrastructure Ltd,Rugby,Warwickshire,Worker (A rating),Skilled Worker,engineering_construction
Morphuse Construction Limited,London,London,Worker (A rating),Skilled Worker,engineering_construction
MORRISON INFRASTRUCTURE (UK) LIMITED,London,,Worker (A rating),Global Business Mobility: Senior or Specialist Worker; Skilled Worker,engineering_construction
Mosley Thorold Architects Ltd,London,,Worker (A rating),Skilled Worker,engineering_construction
Mossessian Architecture Ltd,London,,Worker (A rating),Skilled Worker,engineering_construction
Motor Depot Ltd (trading as CarSupermarket.com,Hull,,Worker (A rating),Skilled Worker,engineering_construction
Motor Design Limited,Wrexham,Wales,Worker (A rating),Skilled Worker,engineering_construction
Motor Filling Station Ltd,ABERDEEN,,Worker (A rating),Skilled Worker,engineering_construction
MOTOR FUEL LIMITED,ST ALBANS,,Worker (A rating),Skilled Worker,engineering_construction
MOTOR LAND LTD,Beckenham,,Worker (A rating),Skilled Worker,engineering_construction
MOTOR MAGIC LIMITED,Romford,,Worker (A rating),Skilled Worker,engineering_construction
Motor Masters Ilford Services Limited,Ilford,Essex,Worker (A rating),Skilled Worker,engineering_construction
MOTOR MOMENT LIMITED,MANCHESTER,Select county,Worker (A rating),Skilled Worker,engineering_construction
Motor Neurone Disease Association,Northampton,,Worker (A rating),Skilled Worker,engineering_construction
Motor Town HX Ltd,Halifax,West Yorkshire,Worker (A rating),Skilled Worker,engineering_construction
Motor Vehicle Transportation Ltd,Keady,Armagh,Worker (A rating),Skilled Worker,engineering_construction
MOTOR VILLAGE LIMITED,STOKE ON TRENT,,Worker (A rating),Skilled Worker,engineering_construction
MOTOR VISE LIMITED,Dagenham,,Worker (A rating),Skilled Worker,engineering_construction
MOTOR-TECNIC (U.K.) LIMITED,LONDON,,Worker (A rating),Skilled Worker,engineering_construction
Motorland Motors Ltd,IDatchet,,Worker (A rating),Skilled Worker,engineering_construction
MOTORS HUB LIMITED,Bedford,,Worker (A rating),Skilled Worker,engineering_construction
Motors.co.uk Limited,Abingdon,Oxfordshire,Worker (A rating),Skilled Worker,engineering_construction
Motors.co.uk Ltd,Milton Park,Oxfordshire,Worker (A rating),Skilled Worker,engineering_construction
Motrac Race Engineering Ltd,Chester,Cheshire,Worker (A rating),Skilled Worker,engineering_construction
Motrac Research Engineering Ltd,Chester,Cheshire,Worker (A rating),Skilled Worker,engineering_construction
Moyfab Engineering Ltd,NEWRY,Co Down,Worker (A rating),Skilled Worker,engineering_construction
Moyle Engineers Ltd,Dungannon,Co Tyrone,Worker (A rating),Skilled Worker,engineering_construction
Moyola Precision Engineering,Magherafelt,Derry,Worker (A rating),Skilled Worker,engineering_construction
Moyse Motors Ltd,Lowestoft,suffolk,Worker (A rating),Skilled Worker,engineering_construction
MP. MOTORS (RENTAL) LIMITED,Hounslow,Middlesex,Worker (A rating),Skilled Worker,engineering_construction
MPA Architects Ltd,London,,Worker (A rating),Skilled Worker,engineering_construction
MR & MRS BUILDERS LTD,Kent,England,Worker (A rating),Skilled Worker,engineering_construction
MR B CONTRACTORS 1 LTD,Uxbridge,,Worker (A rating),Skilled Worker,engineering_construction
MR GATES FABRICATION SPECIALISTS LIMITED,HERTFORDSHIRE,,Worker (A rating),Skilled Worker,engineering_construction
MR Heating Midlands Limited,Leicester,East Midlands,Worker (A rating),Skilled Worker,engineering_construction
MR KENT CONSTRUCTION LTD,Gravesend,,Worker (A rating),Skilled Worker,engineering_construction
MRH Electrical Services Limited,Romford,Essex,Worker (A rating),Skilled Worker,engineering_construction
MS Alba Pharma Engineering Ltd,Edinburgh,,Worker (A rating),Skilled Worker,engineering_construction
MS METAL FABRICATIONS LTD,Barking,,Worker (A rating),Skilled Worker,engineering_construction
MSB BUILDERS LIMITED,WEST BROMWICH,,Worker (A rating),Skilled Worker,engineering_construction
MSD Cranes & Construction Limited,Gravesend,,Worker (A rating),Skilled Worker,engineering_construction
MSG Gas & Heating Solutions Ltd,Amersham,Buckinghamshire,Worker (A rating),Skilled Worker,engineering_construction
MSMR Architects Limited,London,,Worker (A rating),Skilled Worker,engineering_construction
MSS BUILDING SERVICES LIMITED,WILLENHALL,,Worker (A rating),Skilled Worker,engineering_construction
MSS Infrastructure Limited,Watford,Hertfordshire,Worker (A rating),Skilled Worker,engineering_construction
MST MOTORS LTD,Birmingham,,Worker (A rating),Skilled Worker,engineering_construction
MT Energy Limited,Leicester,,Worker (A rating),Skilled Worker,engineering_construction
MTC Engineering (Cambridge) Limited,Cambridge,Cambridgeshire,Worker (A rating),Skilled Worker,engineering_construction
MTech Engineering & Design Solutions Ltd.,AUGHNACLOY,Co. Tyrone,Worker (A rating),Skilled Worker,engineering_construction
MTI Contractor Limited,Slough,Berkshire,Worker (A rating),Skilled Worker,engineering_construction
MTM Engineering,Armagh,Co. Armagh,Worker (A rating),Skilled Worker,engineering_construction
MU CIVIL LTD,London,,Worker (A rating),Skilled Worker,engineering_construction
Mughal & Construction Ltd,Croydon,,Worker (A rating),Skilled Worker,engineering_construction
Muhammad Nadeem T/A N-D Builders,Dewsbury,,Worker (A rating),Skilled Worker,engineering_construction
MULLAN ENGINEERING WORKS LTD,Omagh,,Worker (A rating),Skilled Worker,engineering_construction
Mulroy Architects Ltd,Guildford,Surrey,Worker (A rating),Skilled Worker,engineering_construction
MULTANI BUILDERS LTD,MANCHESTER,Greater Manchester,Worker (A rating),Skilled Worker,engineering_construction
Multi-FIx Construction Limited,Liverpool,Merseyside,Worker (A rating),Skilled Worker,engineering_construction
Multiplex Construction Europe Limited,London,,Worker (A rating),Skilled Worker; Global Business Mobility: Senior or Specialist Worker,engineering_construction
Multiplex Engineering Limited,Chesterfield,Derbyshire,Worker (A rating),Skilled Worker,engineering_construction
Munde Construction Ltd,Middlesex,,Worker (A rating),Skilled Worker,engineering_construction
Munster Joinery (U.K) Limited,Wellesbourne,Warwickshire,Worker (A rating),Skilled Worker; Global Business Mobility: Senior or Specialist Worker,engineering_construction
Murata Power Solutions,Milton Keynes,,Worker (A rating),Global Business Mobility: Senior or Specialist Worker; Skilled Worker,engineering_construction
Murata Power Solutions Celab Limited,Bordon,Hampshire,Worker (A rating),Skilled Worker,engineering_construction
Murcott Energy Ltd,Worcester,Worcestershire,Worker (A rating),Skilled Worker,engineering_construction
Mustang Engineering Limited,Woking,SURREY,Temporary Worker (A rating); Worker (A rating),Global Business Mobility: Graduate Trainee; Global Business Mobility: Senior or Specialist Worker; Skilled Worker,engineering_construction
Mutti Building Contractors Ltd,Dagenham,,Worker (A rating),Skilled Worker,engineering_construction
Mutual Energy Limited,belfast,antrim,Worker (A rating),Skilled Worker,engineering_construction
MVEER CONSTRUCTION LTD,SLOUGH,,Worker (B rating),Skilled Worker,engineering_construction
MXM Contractors Ltd,London,,Worker (A rating),Skilled Worker,engineering_construction
MY LONDON PLUMBERS LTD,London,,Worker (A rating),Skilled Worker,engineering_construction
MYB BUILDERS LTD,Birmingham,West Midlands,Worker (A rating),Skilled Worker,engineering_construction
Mynest Builders Ltd,London,,Worker (A rating),Skilled Worker,engineering_construction
MZ BUILDING SOLUTIONS LTD,MANCHESTER,,Worker (A rating),Skilled Worker,engineering_construction
MZ CONTRACTORS LTD,London,,Worker (A rating),Skilled Worker,engineering_construction
MZ JOINERY AND WOODWORKS LTD,Ruislip,,Worker (A rating),Skilled Worker,engineering_construction
N A Motors Limited,London,,Worker (A rating),Skilled Worker,engineering_construction
N E Engineering Ltd,Norwich,Norfolk,Worker (A rating),Skilled Worker,engineering_construction
N H BUILDER AND SUPPLIER LIMITED,Ilford,,Worker (A rating),Skilled Worker,engineering_construction
N&P Electrical Limited,Hull,East Yorkshire,Worker (A rating),Skilled Worker,engineering_construction
N&R Construction Ltd,London,,Worker (A rating),Skilled Worker,engineering_construction
NA GENERAL CONSTRUCTION LTD,London,,Worker (A rating),Skilled Worker,engineering_construction
Naakus Construction & Cleaning Solution Ltd,Nottingham,,Worker (A rating),Skilled Worker,engineering_construction
NAB Group Engineering Ltd,Whitton Hounslow,Middx,Worker (A rating),Skilled Worker,engineering_construction
NABEEL CONSTRUCTION LTD,London,,Worker (A rating),Skilled Worker,engineering_construction
Nadeem Hussain T/AS A1 Motor Group,Bolton,,Worker (A rating),Skilled Worker,engineering_construction
NAEEM SHAHBAZ BUILDERS LTD,Bolton,,Worker (A rating),Skilled Worker,engineering_construction
Nagori Motors Ltd,Bolton,,Worker (A rating),Skilled Worker,engineering_construction
Najran Direct Building and Fencing Supplies Ltd,Oldbury Birmingham,WestMidlands,Worker (A rating),Skilled Worker,engineering_construction
Naked Energy Limited,Crawley,West Sussex,Worker (A rating),Skilled Worker,engineering_construction
Nakii Builders Ltd,Nottingham,,Worker (A rating),Skilled Worker,engineering_construction
Nala Renewables UK,Paddington,London,Worker (A rating),Skilled Worker; Global Business Mobility: Senior or Specialist Worker,engineering_construction
Nali Construction Ltd,Essex,,Worker (A rating),Skilled Worker,engineering_construction
NAND BUILDERS LTD,Birmingham,,Worker (A rating),Skilled Worker,engineering_construction
Nandha Construction Ltd,West Drayton,Middlesex,Worker (A rating),Skilled Worker,engineering_construction
Nandha Construction Ltd.,West Drayton,,Worker (A rating),Skilled Worker,engineering_construction
National Council of Civil Liberties,London,,Worker (A rating),Skilled Worker,engineering_construction
National Counties Building Society,Epsom,Surrey,Worker (A rating),Skilled Worker,engineering_construction
National Energy Solutions Ltd,Derby,,Worker (A rating),Skilled Worker,engineering_construction
National House-Building Council,Milton Keynes,,Worker (A rating),Skilled Worker,engineering_construction
Nationwide Building Society,Swindon,Wiltshire,Worker (A rating),Skilled Worker,engineering_construction
Native Chartered Architects Ltd,York,North Yorkshire,Worker (A rating),Skilled Worker,engineering_construction
Natta Building Company Limited,Farnham,Surrey,Worker (A rating),Skilled Worker,engineering_construction
NAV BUILDERS LIMITED,Ilford,,Worker (A rating),Skilled Worker,engineering_construction
NAV HEATING & PLUMBING LTD,Hayes,,Worker (A rating),Skilled Worker,engineering_construction
NAZ MOTORS LTD,Leicester,,Worker (A rating),Skilled Worker,engineering_construction
NAZAM BUILDERS LIMITED,Keighley,,Worker (A rating),Skilled Worker,engineering_construction
NB CONSTRUCTION JAAT LIMITED,Leicester,,Worker (A rating),Skilled Worker,engineering_construction
NB ENGINEERING,BELFAST,ANTRIM,Worker (A rating),Skilled Worker,engineering_construction
NC Engineering (Hamiltonsbawn) Ltd,Hamiltonsbawn,Armagh,Worker (A rating),Skilled Worker,engineering_construction
NCC Mechanical Services Ltd,Chelmsford,Essex,Worker (A rating),Skilled Worker,engineering_construction
NCG Energy Limited,London,,Worker (A rating),Skilled Worker,engineering_construction
NEGUINHO MOTORS LTD,London,England,Worker (A rating),Skilled Worker,engineering_construction
NEO NEXT+ ENERGY E&P UK Limited,London,,Worker (A rating),Global Business Mobility: Senior or Specialist Worker; Skilled Worker,engineering_construction
NEO NEXT+ Energy Resources UK Limited,Aberdeen,,Worker (A rating),Skilled Worker,engineering_construction
Neom Engineering Limited,Redditch,Worcestershire,Worker (A rating),Skilled Worker,engineering_construction
NEPTUNE ENGINEERING CO LTD,Stevenage,hertfordshire,Worker (A rating),Skilled Worker,engineering_construction
NESHANTH CONSTRUCTION LIMITED,Slough,,Worker (A rating),Skilled Worker,engineering_construction
New City Gas Heating Ltd,Hayes,,Worker (A rating),Skilled Worker,engineering_construction
New End Construction Ltd,London,,Worker (A rating),Skilled Worker,engineering_construction
New Horizons Construction Limited,Nottingham,,Worker (A rating),Skilled Worker,engineering_construction
NEW KEY MECHANICAL LTD,London,,Worker (A rating),Skilled Worker,engineering_construction
NEW LINE CONSTRUCTION LTD,London,,Worker (A rating),Skilled Worker,engineering_construction
New London Architecture Limited,London,,Worker (A rating),Skilled Worker,engineering_construction
New Look Builders Group Limited,"England,",,Worker (A rating),Skilled Worker,engineering_construction
NEW STATION MOTOR COMPANY LIMITED,DONCASTER,,Worker (A rating),Skilled Worker,engineering_construction
New Time Construction Ltd,Wolverhampton,,Worker (A rating),Skilled Worker,engineering_construction
NEW TK ENGINEERING LTD,Essex,,Worker (A rating),Skilled Worker,engineering_construction
Newbridge Joinery Limited,Toomebridge,Antrim,Worker (A rating),Skilled Worker,engineering_construction
NEWCASTLE BUILDING CONSTRUCTION LIMITED,NEWCASTLE UPON TYNE,,Worker (A rating),Skilled Worker,engineering_construction
Newcastle Building Society,Newcastle Upon Tyne,,Worker (A rating),Skilled Worker,engineering_construction
Newcastle Heating And Plumbing Ltd,Newcastle Upon Tyne,,Worker (A rating),Skilled Worker,engineering_construction
NEWLYN ENGINEERING LTD,"Stafford,",,Worker (A rating),Skilled Worker,engineering_construction
NEWMANS BUILDING CONSERVATION LIMITED,Bath,,Worker (A rating),Skilled Worker,engineering_construction
NEWTON & NEWTON CONSTRUCTION LTD,CARDIFF,,Worker (A rating),Skilled Worker,engineering_construction
Newton Ground Engineering Ltd,Newtownards,Down,Worker (A rating),Skilled Worker,engineering_construction
Newtownstewart Construction,Derry,,Worker (A rating),Skilled Worker,engineering_construction
NEX Power Ltd.,Milton Keynes,Buckinghamshire,Worker (A rating),Skilled Worker,engineering_construction
Nexdorf Electrical Control Engineering Ltd,Llantrisant,,Worker (A rating),Skilled Worker,engineering_construction
NEXT DAY ENGINEERING LTD,Romford,Essex,Worker (A rating),Skilled Worker,engineering_construction
Next Generation Construction Ltd,Slough,,Worker (A rating),Skilled Worker,engineering_construction
Next Step Heating Limited,London,,Worker (A rating),Skilled Worker,engineering_construction
NEXUS MECHANICAL MAINTENANCE LTD,Cheam,Sutton,Worker (A rating),Skilled Worker,engineering_construction
NG1 Construction Ltd,Nottingham,,Worker (A rating),Skilled Worker,engineering_construction
NGP Architecture Ltd,Edinburgh,,Worker (A rating),Skilled Worker,engineering_construction
NI ENGINEERING LTD,ballynahinch,Please select,Worker (A rating),Skilled Worker,engineering_construction
Niall McLaughlin Architects Ltd,London,,Worker (A rating),Skilled Worker,engineering_construction
Nicholas Webb Architects  PLC,Hertfordshire,,Worker (A rating),Skilled Worker,engineering_construction
NICHOLSON NAIRN ARCHITECTS,Team Valley Trading Estate,"Gateshead, Tyne And Wear",Worker (A rating),Skilled Worker,engineering_construction
Nick Building Contractors t/as NBC Group,Northfleet,Kent,Worker (A rating),Skilled Worker,engineering_construction
Nick Cox Architects Ltd,Bicester,,Worker (A rating),Skilled Worker,engineering_construction
Nicolas James Building Limited,Southampton,,Worker (A rating),Skilled Worker,engineering_construction
NIJO CONSTRUCTION LTD,England,,Worker (A rating),Skilled Worker,engineering_construction
Nilo Construction Limited,Upshire,Essex,Worker (A rating),Skilled Worker,engineering_construction
NIO Performance Engineering Ltd,Witney,Oxfordshire,Worker (A rating),Global Business Mobility: Senior or Specialist Worker; Skilled Worker,engineering_construction
Nippon Paint Automotive (UK) Limited,Swindon,Wiltshire,Worker (A rating),Global Business Mobility: Senior or Specialist Worker,engineering_construction
Nirva Energy Ltd,Chasetown,Staffordshire,Worker (A rating),Skilled Worker,engineering_construction
Nissan Motor (GB) Limited,Rickmansworth,Herts,Worker (A rating),Skilled Worker; Global Business Mobility: Senior or Specialist Worker,engineering_construction
Nissan Motor Manufacturing (UK) Ltd,Sunderland,Tyne & Wear,Worker (A rating); Temporary Worker (A rating),Global Business Mobility: Senior or Specialist Worker; Global Business Mobility: Graduate Trainee; Skilled Worker,engineering_construction
NJ DEVELOPMENT AND CONSTRUCTION LTD,London,,Worker (A rating),Skilled Worker,engineering_construction
NK BUILDING CONTRACTORS (B'HAM) LTD,Birmingham,,Worker (A rating),Skilled Worker,engineering_construction
NK GAS AND HEATING LIMITED,London,,Worker (A rating),Skilled Worker,engineering_construction
NMC ENERGY LTD,Aberdeen,,Worker (A rating),Skilled Worker,engineering_construction
NMK Motors Limited,Grays,Essex,Worker (A rating),Skilled Worker,engineering_construction
NN BHATTI CONSTRUCTION LIMITED,Northwood,,Worker (A rating),Skilled Worker,engineering_construction
Nook Architecture and Design Limited,Leeds,,Worker (A rating),Skilled Worker,engineering_construction
NOOR ELECTRICAL SERVICES LTD,Manchester,,Worker (A rating),Skilled Worker,engineering_construction
Noriker Power Ltd,Cheltenham,,Worker (A rating),Skilled Worker,engineering_construction
Norman Hay Engineering Limited,Coventry,,Worker (A rating),Skilled Worker,engineering_construction
Norscot Joinery Limited,Wick,Caithness,Worker (A rating),Skilled Worker,engineering_construction
North Craven Building Preservation Trust Ltd,Settle,North Yorkshire,Worker (A rating),Skilled Worker,engineering_construction
North Haven Infrastructure III Holdings Limited,London,,Worker (A rating),Skilled Worker,engineering_construction
North West Energy Grants Ltd.,South Oldham,,Worker (A rating),Skilled Worker,engineering_construction
Northern Ireland Civil Service,Belfast,,Worker (A rating),Skilled Worker,engineering_construction
Northern Marine Power Limited,Stockport,,Worker (A rating),Skilled Worker,engineering_construction
Norton Way Motors Ltd,Letchworth,Hertfordshire,Worker (A rating),Skilled Worker,engineering_construction
Nottingham Building Society,Nottingham,Nottinghamshire,Worker (A rating),Skilled Worker,engineering_construction
Nova Aerospace Ltd,Filton,Bristol,Worker (A rating),Global Business Mobility: Senior or Specialist Worker; Skilled Worker,engineering_construction
Novus Power Limited,Bristol,,Worker (A rating),Skilled Worker,engineering_construction
NP Aerospace Limited,Coventry,,Worker (A rating),Global Business Mobility: Senior or Specialist Worker,engineering_construction
NP3 Construction Limited,Kingston Upon Thames,,Worker (A rating),Skilled Worker,engineering_construction
NPH Plumbing Limited,London,,Worker (A rating),Skilled Worker,engineering_construction
NPS CONTRACTORS LTD,Walsall,,Worker (A rating),Skilled Worker,engineering_construction
NR CONSTRUCTION (UK) LTD,BIRMINGHAM,WEST MIDLANDS,Worker (A rating),Skilled Worker,engineering_construction
NRAP LTD (Trading as Owers Warwick Architects),Cambridge,Cambridgeshire,Worker (A rating),Skilled Worker,engineering_construction
NRS BUILDERS LIMITED,"Tipton,",,Worker (A rating),Skilled Worker,engineering_construction
NTS Motor Fuel Ltd,Hereford,,Worker (A rating),Skilled Worker,engineering_construction
Nugent Vallis Brierley Ltd t/a NVB Architects,Frome,Somerset,Worker (A rating),Skilled Worker,engineering_construction
Numac Fabrications,NEWRY,,Worker (A rating),Skilled Worker,engineering_construction
Nusa Electrical Ltd,London,London,Worker (A rating),Skilled Worker,engineering_construction
Nuttall Bowser Engineering Ltd,Bristol,,Worker (A rating),Skilled Worker,engineering_construction
NWL Builders Ltd,London,,Worker (A rating),Skilled Worker,engineering_construction
NWP PLUMBING LIMITED,Burnley,,Worker (A rating),Skilled Worker,engineering_construction
Nylacast Engineered Products Ltd.,Leicester,,Worker (A rating),Skilled Worker,engineering_construction
NZNI building contractors,Lisburn,,Worker (A rating),Skilled Worker,engineering_construction
O'Connor Burke Architecture Ltd,Londonderry,County Londonderry,Worker (A rating),Skilled Worker,engineering_construction
O.S. Energy (UK) Ltd,Newcastle Upon Tyne,,Worker (A rating),Skilled Worker,engineering_construction
Oak Forest Joinery Contractors Ltd T/A Oak forest of Yorkshire,Bradford,,Worker (A rating),Skilled Worker,engineering_construction
Oak Joinery Limited,London,,Worker (A rating),Skilled Worker,engineering_construction
Oaktree Power Limited,London,England,Worker (A rating),Skilled Worker,engineering_construction
Oakwood Engineering Solutions Ltd,Salford,,Worker (A rating),Skilled Worker,engineering_construction
OBR Construction Limited,High Wycombe,,Worker (A rating),Skilled Worker,engineering_construction
Ocean Construction Services Ltd,London,,Worker (A rating),Skilled Worker,engineering_construction
Octavius Infrastructure Limited,Reigate,Surrey,Worker (A rating),Skilled Worker,engineering_construction
Octopus Energy Limited,London,,Worker (A rating),Skilled Worker; Global Business Mobility: Secondment Worker; Global Business Mobility: Senior or Specialist Worker,engineering_construction
"ODG Construction, Ltd.",Petts Wood,Kent,Worker (A rating),Skilled Worker,engineering_construction
OEG Renewables Group Limited,Great Yarmouth,Norfolk,Worker (A rating),Skilled Worker,engineering_construction
Oek Fabrications Limited,London,,Worker (A rating),Skilled Worker,engineering_construction
OES Engineering Solutions Ltd,Dungannon,Co Tyrone,Worker (A rating),Skilled Worker,engineering_construction
Of Architecture Limited,London,,Worker (A rating),Skilled Worker,engineering_construction
Offshore Renewable Energy Catapult,Glasgow,,Worker (A rating),Skilled Worker,engineering_construction
OGC Energy Ltd,Sheffield,SY,Worker (A rating),Skilled Worker,engineering_construction
OHM ELECTRICAL ENGINEERING LTD,Ilford,Essex,Worker (A rating),Skilled Worker,engineering_construction
OHM Engineering Limited,Clogher,Tyrone,Worker (A rating),Skilled Worker,engineering_construction
OKTA CONSTRUCTION LIMITED,London,London,Worker (A rating),Skilled Worker,engineering_construction
Oldbury Energy Solutions Ltd,Oldbury,,Worker (A rating),Skilled Worker,engineering_construction
Oldham Business & Construction Management Ltd,Oldham,,Worker (A rating),Skilled Worker,engineering_construction
Oldham Engineering LImited,Sheffield,,Worker (A rating),Global Business Mobility: Senior or Specialist Worker,engineering_construction
Oliver Chapman Architects Ltd,Edinburgh,Edinburgh,Worker (A rating),Skilled Worker,engineering_construction
Ollier Smurthwaite Architects Limited,Manchester,,Worker (A rating),Skilled Worker,engineering_construction
OM CONSTRUCTION SERVICES LIMITED,Luton,,Worker (A rating),Skilled Worker,engineering_construction
OMB Construction Limited,Wembley,,Worker (A rating),Skilled Worker,engineering_construction
Omega Building Supplies Ltd T/A Omega Drywall & Insulation,Walsall,,Worker (A rating),Skilled Worker,engineering_construction
OMERS Infrastructure Europe Limited,LONDON,,Worker (A rating),Skilled Worker; Global Business Mobility: Senior or Specialist Worker,engineering_construction
OMKA ENERGY LTD,London,,Worker (A rating),Skilled Worker,engineering_construction
ON ELECTRICAL & FIRE ALARM LTD,Cheshunt,,Worker (A rating),Skilled Worker,engineering_construction
On Line Design & Engineering Limited,IMMINGHAM,North East Lincolnshire,Worker (A rating),Skilled Worker,engineering_construction
One Accord Surveyors Ltd,London,Wimbledon,Worker (A rating),Skilled Worker,engineering_construction
ONE STOP BUILDERS MERCHANTS (ENFIELD) LTD,Enfield,,Worker (A rating),Skilled Worker,engineering_construction
Oneteam Motors Limited,Grays,Essex,Worker (A rating),Skilled Worker,engineering_construction
ONKA UK ELECTRICAL LTD,London,London,Worker (A rating),Skilled Worker,engineering_construction
ONKAR BUILDERS LTD,Slough,,Worker (A rating),Skilled Worker,engineering_construction
Ontic Engineering and Manufacturing UK Ltd,Cheltenham,,Worker (A rating),Global Business Mobility: Senior or Specialist Worker; Skilled Worker,engineering_construction
Ontime Gas and Heating Limited,Birmingham,,Worker (A rating),Skilled Worker,engineering_construction
ONTIME HEATING AND PLUMBING LTD,Birmingham,,Worker (A rating),Skilled Worker,engineering_construction
ONTIME PLUMBERS LTD,LONDON,,Worker (A rating),Skilled Worker,engineering_construction
Ooops! Automotive Ltd,Poole,,Worker (A rating),Skilled Worker,engineering_construction
Oort Energy Ltd,Bristol,,Worker (A rating),Skilled Worker,engineering_construction
Optima Contracting Ltd t/a Optima Architectural Glass (OAG),High Wycombe,Bucks,Worker (A rating),Skilled Worker,engineering_construction
Optimum Contractors Ltd,Stansted,Essex,Worker (A rating),Skilled Worker,engineering_construction
Opulence Engineering Ltd,London,,Worker (A rating),Skilled Worker,engineering_construction
ORACLE CONSTRUCTION PROJECTS LTD,Bolton,England,Worker (A rating),Skilled Worker,engineering_construction
Orbital Civil Engineering Ltd,Essex,,Worker (A rating),Skilled Worker,engineering_construction
ORG Construction LTD,Guildford,,Worker (A rating),Skilled Worker,engineering_construction
Oriental Motor (UK) Ltd,Basingstoke,Hampshire,Worker (A rating),Skilled Worker,engineering_construction
ORIGIN UK ENERGY SERVICES LIMITED,Derby,,Worker (A rating),Skilled Worker,engineering_construction
Original Field of Architecture Ltd,Oxford,Oxfordshire,Worker (A rating),Skilled Worker,engineering_construction
Orion Engineering Services Limited,Inverness,,Worker (A rating),Global Business Mobility: Senior or Specialist Worker; Skilled Worker,engineering_construction
Orion Fire Engineering Ltd,Manchester,,Worker (A rating),Skilled Worker,engineering_construction
Orms Designers + Architects Ltd,London,,Worker (A rating),Skilled Worker,engineering_construction
Orsted Power (UK) Limited,London,,Temporary Worker (A rating); Worker (A rating),Global Business Mobility: Graduate Trainee; Global Business Mobility: Senior or Specialist Worker; Skilled Worker,engineering_construction
OS Builders Merchants Ltd,London,,Worker (A rating),Skilled Worker,engineering_construction
OSSO Energy Plc,London,,Worker (A rating),Skilled Worker,engineering_construction
OTA BUILDERS LTD,Birmingham,,Worker (A rating),Skilled Worker,engineering_construction
Otaski Energy Solutions Ltd,Gateshead,Tyne and Wear,Worker (A rating),Skilled Worker,engineering_construction
OTB Engineering Limited,London,,Worker (A rating),Skilled Worker,engineering_construction
Outlook Energy Services Ltd,Bristol,,Worker (A rating),Skilled Worker,engineering_construction
OVERDRIVE MOTOR REPAIRS LTD,Batley,,Worker (A rating),Skilled Worker,engineering_construction
Owen Fabrications Ltd,Greenford,,Worker (A rating),Skilled Worker,engineering_construction
Own Hold Construction Ltd,Ilford,Essex,Worker (A rating),Skilled Worker,engineering_construction
OYSLANS FORECOURT ENGINEERING LIMITED T/A GULF,Birmingham,,Worker (A rating),Skilled Worker,engineering_construction
OYSTER DESIGN AND CONSTRUCTION LTD,London,,Worker (A rating),Skilled Worker,engineering_construction
OZON CONSTRUCTION LTD,Ilford,,Worker (A rating),Skilled Worker,engineering_construction
P & G Builders Ltd,Harlington,,Worker (A rating),Skilled Worker,engineering_construction
P and D Engineering,Coventry,Warwickshire,Worker (A rating),Skilled Worker,engineering_construction
P Chapman Construction Ltd,Truro,Cornwall,Worker (A rating),Skilled Worker,engineering_construction
P J Carey (Contractors) Ltd,Wembley,Middlesex,Worker (A rating),Skilled Worker,engineering_construction
P&G McNulty Engineering LTD,Omagh,Co Tyrone,Worker (A rating),Skilled Worker,engineering_construction
P&G Motors Ltd,Bilston,,Worker (A rating),Skilled Worker,engineering_construction
P&I Construction Ltd,Chigwell,,Worker (A rating),Skilled Worker,engineering_construction
P&R Engineering Midlands Limited,Wolverhampton,Please select,Worker (A rating),Skilled Worker,engineering_construction
P.K. ENGINEERING (WB) LTD,WEST BROMWICH,,Worker (A rating),Skilled Worker,engineering_construction
P.R. Architecture Limited,London,,Worker (A rating),Skilled Worker,engineering_construction
P3r Engineers,London,,Worker (A rating),Skilled Worker,engineering_construction
Pace Construction Ltd,London,,Worker (A rating),Skilled Worker,engineering_construction
PACE INFRASTRUCTURE SOLUTIONS LTD,London,,Worker (A rating),Skilled Worker,engineering_construction
PACESTAR JOINERY UK LTD,Harrow,,Worker (A rating),Skilled Worker,engineering_construction
PACIFIC CONSTRUCTION LIMITED,London,London,Worker (A rating),Skilled Worker,engineering_construction
Pacific Summit Energy LLC,London,,Worker (A rating),Skilled Worker,engineering_construction
PACS Marine Engineering ltd,Middlesbrough,,Worker (A rating),Skilled Worker,engineering_construction
Paddington Construction Ltd,London,,Worker (A rating),Skilled Worker,engineering_construction
Padero Solaer Ltd t/a PS Renewables,Hare Hatch,Berkshire,Worker (A rating),Global Business Mobility: Senior or Specialist Worker; Skilled Worker,engineering_construction
Pager Power Limited,Sudbury,Suffolk,Worker (A rating),Skilled Worker,engineering_construction
PAINHAS ENERGY LTD,Scotland,,Worker (A rating),Skilled Worker,engineering_construction
Pak Building Services Ltd,Leeds,,Worker (A rating),Skilled Worker,engineering_construction
PAK MOTORS (GLASGOW) LTD,Glasgow,,Worker (A rating),Skilled Worker,engineering_construction
Pali Motors Limited T/A Faversham Tyre Service,Faversham,,Worker (A rating),Skilled Worker,engineering_construction
PALIA BUILDING LTD,Hounslow,Middlesex,Worker (A rating),Skilled Worker,engineering_construction
Palmer Automotive Limited,Towester,,Worker (A rating),Global Business Mobility: Senior or Specialist Worker; Skilled Worker,engineering_construction
Pam Construction Ltd,Romford,,Worker (A rating),Skilled Worker,engineering_construction
PANACEA MOTORS LTD,Bury,,Worker (A rating),Skilled Worker,engineering_construction
Panasonic Manufacturing U.K. Ltd,Cardiff,,Worker (A rating),Global Business Mobility: Senior or Specialist Worker; Skilled Worker,engineering_construction
PARAYANEES ENGINEERS LTD.,LEATHERHEAD,SURREY,Worker (A rating),Skilled Worker,engineering_construction
Parihar Construction Limited,Hounslow,Middlesex,Worker (A rating),Skilled Worker,engineering_construction
PARK HOUSE MOTOR GROUP LTD,Bradford,,Worker (A rating),Skilled Worker,engineering_construction
Parker Design Engineering Ltd,Garston,Hertfordshire,Worker (A rating),Skilled Worker,engineering_construction
Parker Hannifin Manufacturing Limited,Hemel Hempstead,,Worker (A rating); Temporary Worker (A rating),Global Business Mobility: Senior or Specialist Worker; Global Business Mobility: Graduate Trainee; Skilled Worker,engineering_construction
Parkol Marine Engineering Ltd.,Whitby,North Yorkshire,Worker (A rating),Skilled Worker,engineering_construction
Parm construction Limited,Slough,,Worker (A rating),Skilled Worker,engineering_construction
Parvalux Electric Motors Limited,Poole,Dorset,Worker (A rating),Global Business Mobility: Senior or Specialist Worker; Skilled Worker,engineering_construction
Patel & Son Construction Limited,London,,Worker (A rating),Skilled Worker,engineering_construction
Patel Taylor Architects Ltd,London,,Worker (A rating),Skilled Worker,engineering_construction
Patera Engineering Ltd,Stoke on Trent,Staffordshire,Worker (A rating),Skilled Worker,engineering_construction
Pathfinder Clean Energy (PACE) UKDev Ltd,Bristol,,Worker (A rating),Skilled Worker,engineering_construction
Patos Construction Ltd,Enfield,Middlesex,Worker (A rating),Skilled Worker,engineering_construction
PAUL & SONS CONSTRUCTION LTD,Hounslow,,Worker (A rating),Skilled Worker,engineering_construction
Paul McAneary Architects Ltd,London,,Worker (A rating),Skilled Worker,engineering_construction
Payless Motor Factors Limited,Dewsbury,,Worker (A rating),Skilled Worker,engineering_construction
PC Power International Ltd,Birchington,,Worker (A rating),Skilled Worker,engineering_construction
PCA Engineers Limited,Lincoln,Lincolnshire,Worker (A rating),Skilled Worker,engineering_construction
PD & MS Energy (Aberdeen) Limited,Aberdeen,,Worker (A rating),Global Business Mobility: Senior or Specialist Worker; Skilled Worker,engineering_construction
PD Motors LTD,Slough,Barkshire,Worker (A rating),Skilled Worker,engineering_construction
Pearson Engineering Ltd,Newcastle upon Tyne,,Worker (A rating),Skilled Worker,engineering_construction
PELICAN ARCHITECTURE AND DESIGN LTD,London,,Worker (A rating),Skilled Worker,engineering_construction
PELICANS MANUFACTURING CO LTD,London,,Worker (A rating),Skilled Worker,engineering_construction
PENDLE POLYMER ENGINEERING LTD,COLNE,LANCASHIRE,Worker (A rating),Skilled Worker,engineering_construction
Penman Architects Limited,London,,Worker (A rating),Skilled Worker,engineering_construction
Penrith Building Society,Penrith,Cumbria,Worker (A rating),Skilled Worker,engineering_construction
People's Energy,Dalkeith,Midlothian,Worker (A rating),Skilled Worker,engineering_construction
Percy Motors Birmingham Ltd.,Birmingham,West Midlands,Worker (A rating),Skilled Worker,engineering_construction
Perfect Contractors Limited,Staines-Upon-Thames,,Worker (A rating),Skilled Worker,engineering_construction
PERFECT MOTORS LTD,Essex,,Worker (A rating),Skilled Worker,engineering_construction
PERFORM ENGINEERING SERVICES LTD,Watford,,Worker (A rating),Skilled Worker,engineering_construction
Peri Peri Builders LTD,"Dartford,",,Worker (A rating),Skilled Worker,engineering_construction
Peridot Solar (Holdco) Limited,London,,Worker (A rating),Skilled Worker,engineering_construction
PERIGUS ENERGY UK LIMITED,London,,Worker (A rating),Global Business Mobility: Senior or Specialist Worker; Skilled Worker,engineering_construction
Pesto Construction Planning LTD,Tyne and Wear,,Worker (A rating),Skilled Worker,engineering_construction
Peter Barber Architects Ltd,London,,Worker (A rating),Skilled Worker,engineering_construction
Peter Copsey Engineering Ltd,Witham,Essex,Worker (A rating),Skilled Worker,engineering_construction
Peter Madsen Marine Contractors UK ltd.,Wakefield,,Worker (A rating),Skilled Worker; Global Business Mobility: Senior or Specialist Worker,engineering_construction
Peter Martin Engineering Ltd,Newry,,Worker (A rating),Skilled Worker,engineering_construction
PETM CONSTRUCTION LTD,London,,Worker (A rating),Skilled Worker,engineering_construction
PETROV CONSTRUCTION LIMITED,WATERLOOVILLE,,Worker (A rating),Skilled Worker,engineering_construction
PetroVision Energy Services Limited,Fulham,London,Worker (A rating),Skilled Worker,engineering_construction
Pharos Architectural Controls Limited,London,,Worker (A rating),Skilled Worker,engineering_construction
Pharos Energy plc,London,,Worker (A rating),Skilled Worker,engineering_construction
Pharos Marine Automatic Power Ltd,London,,Worker (A rating),Skilled Worker,engineering_construction
Phase Electrical Distributors Ltd,Eastbourne,East Sussex,Worker (A rating),Skilled Worker,engineering_construction
Phase One Construction (P1-C) Ltd,Kent,,Worker (A rating),Skilled Worker,engineering_construction
Phelan Construction Ltd,Clacton on Sea,Essex,Worker (A rating),Skilled Worker,engineering_construction
Phil Charles Engineering and Management Services Ltd,Banbury,Oxfordshire,Worker (A rating),Skilled Worker,engineering_construction
Phil Coffey Architects Ltd,London,London,Worker (A rating),Skilled Worker,engineering_construction
Phoenix Building Products Ltd,Sheffield Park,East Sussex,Worker (A rating),Skilled Worker,engineering_construction
Phoenix Eco Energy Ltd,London,,Worker (A rating),Skilled Worker,engineering_construction
PHOENIX MOTORS LIMITED,Rotherham,,Worker (A rating),Skilled Worker,engineering_construction
Photon Energy Ltd,Reading,,Worker (A rating),Skilled Worker,engineering_construction
PHR BUILDING SERVICES LTD,London,,Worker (A rating),Skilled Worker,engineering_construction
PIC Construction Group Ltd,Brentwood,Essex,Worker (A rating),Skilled Worker,engineering_construction
Pihu Energy Savings Limited,Leeds,,Worker (A rating),Skilled Worker,engineering_construction
Pimhole Motors Ltd,Bury,Lancashire,Worker (A rating),Skilled Worker,engineering_construction
Pine Lodge Building Services Ltd,Kilsyth,,Worker (A rating),Skilled Worker,engineering_construction
PINNACLE BUILDERS & CONTRACTORS LTD,London,,Worker (A rating),Skilled Worker,engineering_construction
Pioneer Wall Cladding & Building Insulation Ltd,Hersham,Surrey,Worker (A rating),Skilled Worker,engineering_construction
Pipe Manufacturing Solutions Ltd.,Cardiff,,Worker (A rating),Global Business Mobility: Senior or Specialist Worker; Skilled Worker,engineering_construction
Pipefab Engineering Ltd,Newark,Notts,Worker (A rating),Skilled Worker,engineering_construction
Piping Engineering Solutions,Chester,,Worker (A rating),Skilled Worker,engineering_construction
Pit-air Motors Ltd,Croydon,WADDON,Worker (A rating),Skilled Worker,engineering_construction
PITSTOP CAR & COMMERCIAL AUTOMOTIVE SERVICES LTD,SHEFFIED,,Worker (A rating),Skilled Worker,engineering_construction
Pixel Power Ltd,Cambridge,,Worker (A rating),Skilled Worker,engineering_construction
PJA Civil Engineering Limited,Birmingham,West Midlands,Worker (A rating),Skilled Worker,engineering_construction
PJS BUILDING & MAINTENANCE LTD,Carshalton,,Worker (A rating),Skilled Worker,engineering_construction
PK2 CONSTRUCTION LIMITED,Coventry,,Worker (A rating),Skilled Worker,engineering_construction
"PL LONDON LTD, T/A PANORAMIC LANDSCAPE CONTRACTORS",EAST SUSSEX,,Worker (A rating),Skilled Worker,engineering_construction
Platine Construction Ltd,Glasgow,,Worker (A rating),Skilled Worker,engineering_construction
Platinum Construction NW Limited,Bolton,England,Worker (A rating),Skilled Worker,engineering_construction
PLATINUM INFRASTRUCTURE LIMITED,Coventry,West Midlands,Worker (A rating),Skilled Worker,engineering_construction
PLATINUM PLASTERING & CONSTRUCTION LTD,Bolton,,Worker (A rating),Skilled Worker,engineering_construction
Platinum Plumbing Services Limited,Luton,,Worker (A rating),Skilled Worker,engineering_construction
Plentiful Energy Limited,Watford,,Worker (A rating),Skilled Worker,engineering_construction
PLP Architecture International Ltd,London,,Worker (A rating),Skilled Worker,engineering_construction
Plumb Point Luton Ltd,Luton,,Worker (A rating),Skilled Worker,engineering_construction
Plumb Tools Direct Limited,Watford,,Worker (A rating),Skilled Worker,engineering_construction
Plumb Tribe Ltd,Purfleet,,Worker (A rating),Skilled Worker,engineering_construction
Plumberheat Ltd,Aberdeen,,Worker (A rating),Skilled Worker,engineering_construction
Plumberland Limited,London,,Worker (A rating),Skilled Worker,engineering_construction
Plumbing Pensions (UK) Admin Ltd,Edinburgh,,Worker (A rating),Skilled Worker,engineering_construction
PLUMBITALL LTD,Stockport,,Worker (A rating),Skilled Worker,engineering_construction
PLUMBSA PLUMBING LIMITED,Sawbridgeworth,,Worker (A rating),Skilled Worker,engineering_construction
Plus Power Electric Ltd,Luton,,Worker (A rating),Skilled Worker,engineering_construction
PM LONDON CONSTRUCTION LTD,Brentford,London,Worker (A rating),Skilled Worker,engineering_construction
PMC Construction and Development Services Ltd,Portsmouth,Hampshire,Worker (A rating),Skilled Worker,engineering_construction
PMJ Construction Limited,Chigwell,,Worker (A rating),Skilled Worker,engineering_construction
PMR Architecture,Newton Abbot,Devon,Worker (A rating),Skilled Worker,engineering_construction
PNM Construction Ltd.,"Ilford,",Essex,Worker (A rating),Skilled Worker,engineering_construction
POD Architects Limited,London,,Worker (A rating),Skilled Worker,engineering_construction
Podmores Engineers Ltd,Stoke-on-Trent,Staffs,Worker (A rating),Skilled Worker,engineering_construction
Polestar Automotive UK Limited,Bicester,,Worker (A rating),Global Business Mobility: Senior or Specialist Worker; Skilled Worker,engineering_construction
POP GS CONSTRUCTION LTD,Ilford,,Worker (A rating),Skilled Worker,engineering_construction
PORTO MOTORS LIMITED,Edinburgh,,Worker (A rating),Skilled Worker,engineering_construction
POSITIVE & NAV ELECTRICAL LTD,Rowley Regis,United Kingdom,Worker (A rating),Skilled Worker,engineering_construction
Positive Power Solution Ltd,London,,Worker (A rating),Skilled Worker,engineering_construction
POTENZA BUILDING MATERIALS LTD,London,,Worker (A rating),Skilled Worker,engineering_construction
Power & Water,Swansea,,Worker (A rating),Skilled Worker,engineering_construction
Power and Energy International,Newbury,,Worker (A rating),Global Business Mobility: Senior or Specialist Worker; Skilled Worker,engineering_construction
POWER BREAK UK LIMITED,LONDON,,Worker (UK Expansion Worker: Provisional ),Global Business Mobility: UK Expansion Worker,engineering_construction
Power British Limited,Uxbridge,,Worker (A rating),Skilled Worker,engineering_construction
Power by Britishvolt Plc,Blyth,Northumberland,Worker (A rating),Skilled Worker,engineering_construction
Power Cable Services Limited,Rochester,,Worker (A rating),Skilled Worker,engineering_construction
Power Control and Automation Solutions Limited,Sheffield,South Yorkshire,Worker (A rating),Skilled Worker,engineering_construction
Power E Solution UK Ltd,Liverpool,,Worker (A rating),Skilled Worker,engineering_construction
Power Electrics (Bristol) Ltd,Bristol,South Gloucestershire,Worker (A rating),Skilled Worker,engineering_construction
Power Electronic Measurements Limited,Nottingham,,Worker (A rating),Skilled Worker,engineering_construction
Power Electronics Corp. UK Limited,London,,Worker (A rating),Skilled Worker; Global Business Mobility: Senior or Specialist Worker,engineering_construction
Power Enable Solutions Limited,Edinburgh,,Worker (A rating),Skilled Worker,engineering_construction
Power Giant Domestic Appliances Ltd,Luton,,Worker (A rating),Skilled Worker,engineering_construction
Power Grid Projects Ltd,London,,Worker (A rating),Skilled Worker,engineering_construction
POWER INSIGHT LTD,Brentwood,Essex,Worker (A rating),Skilled Worker,engineering_construction
Power Integrations UK Limited,Cambridge,,Worker (A rating),Skilled Worker; Global Business Mobility: Senior or Specialist Worker,engineering_construction
Power Jacks Limited,Westhill,,Worker (A rating),Skilled Worker,engineering_construction
Power Link Machine (UK) Co Ltd,Leeds,N/A,Worker (A rating),Skilled Worker,engineering_construction
POWER LOUNGE ALDERSHOT LTD,Aldershot,Hampshire,Worker (A rating),Skilled Worker,engineering_construction
Power Metal Resources PLC,London,,Worker (A rating),Skilled Worker,engineering_construction
Power On Connections Ltd,Coventry,,Worker (A rating),Skilled Worker,engineering_construction
Power Roll Ltd,County Durham,,Worker (A rating),Skilled Worker,engineering_construction
Power Solutions 18 Limited,Bognor Regis,Sussex,Worker (A rating),Skilled Worker,engineering_construction
Power Towers Limited,Leicester,,Worker (A rating),Skilled Worker,engineering_construction
Power Transfer Ltd,London,,Worker (A rating),Skilled Worker,engineering_construction
Power Tree Ltd,Middlesex,,Worker (A rating),Skilled Worker,engineering_construction
Powering up Britain Ltd t/a Britain Energy,London,London,Worker (A rating),Skilled Worker,engineering_construction
POWERLINE ELECTRICAL CONTRACTORS LTD,SHEFFIELD,SOUTH YORKSHIRE,Worker (A rating),Skilled Worker,engineering_construction
"Poweroak Energy UK Co., Ltd",Chesterfield,,Worker (A rating),Skilled Worker,engineering_construction
Powerteam Electrical Services (UK) Ltd,Belfast,Northern Ireland,Worker (A rating),Skilled Worker; Global Business Mobility: Senior or Specialist Worker,engineering_construction
Powertech Engineering Services Limited,Manchester,,Worker (A rating),Skilled Worker,engineering_construction
POWERTECH HEATING SOLUTIONS LTD,London,,Worker (A rating),Skilled Worker,engineering_construction
Pozitive Energy Ltd,London,,Worker (A rating),Skilled Worker,engineering_construction
Pozzoni Architecture Limited,Altrincham,,Worker (A rating),Skilled Worker,engineering_construction
pp plumbing and heating ltd,forfar,angus,Worker (A rating),Skilled Worker,engineering_construction
PPI Engineering Ltd,Norwich,,Worker (A rating),Skilled Worker,engineering_construction
PRABHDAYA CONSTRUCTION LTD,NOTTINGHAM,,Worker (A rating),Skilled Worker,engineering_construction
PRABHJOT CONSTRUCTION LIMITED,Dagenham,Essex,Worker (A rating),Skilled Worker,engineering_construction
Practical Construction Limited,Stoke on Trent,Staffordshire,Worker (A rating),Skilled Worker,engineering_construction
Pravas Construction LTD,London,Essex,Worker (A rating),Skilled Worker,engineering_construction
PRAX ENGINEERING LTD,SAINT IVES,,Worker (A rating),Skilled Worker,engineering_construction
Precision Engineering Plastics Ltd,LONDON,ENFIELD,Worker (A rating),Skilled Worker,engineering_construction
Precision Engineers (Pontefract) Ltd,Pontefract,,Worker (A rating),Skilled Worker,engineering_construction
Precision Fabrications Andover Ltd,Andover,,Worker (A rating),Skilled Worker,engineering_construction
Precision Polymer Engineering Ltd,Blackburn,,Worker (A rating),Global Business Mobility: Senior or Specialist Worker; Skilled Worker,engineering_construction
Premier Engineering  Yorkshire Limited,Barnsley,,Worker (A rating),Skilled Worker,engineering_construction
Premier Mechanical Installations Limited,Slough,,Worker (A rating),Skilled Worker,engineering_construction
Premier Plumbing & Bathrooms LTD,Blackburn,Lancashire,Worker (A rating),Skilled Worker,engineering_construction
Pressfab Engineering,Flitiwck,Bedfordshire,Worker (A rating),Skilled Worker,engineering_construction
Prestige Construction Group Limited,London,,Worker (A rating),Skilled Worker,engineering_construction
PRESTIGE MAINTENANCE AND CONSTRUCTION LIMITED,BARKING,,Worker (A rating),Skilled Worker,engineering_construction
PRESTIGE MOTORS ATHERSTONE LTD,ATHERSTONE,WARWICKSHIRE,Worker (A rating),Skilled Worker,engineering_construction
PRESTIGE MOTORS SALES LTD,Reading,England,Worker (A rating),Skilled Worker,engineering_construction
Pretoria Energy Company (Services) Ltd,Cambridge,Cambridgeshire,Worker (A rating),Skilled Worker,engineering_construction
PRH Construction (NI) Ltd,Portglenone,Antrim,Worker (A rating),Skilled Worker,engineering_construction
Price Building Solutions Limited,Croydon,Surrey,Worker (A rating),Skilled Worker,engineering_construction
PRIMA ENERGY SOLUTIONS LTD,Steeton,,Worker (A rating),Skilled Worker,engineering_construction
prime automotive shoeburyness ltd,southend on sea,,Worker (A rating),Skilled Worker,engineering_construction
Prime Building Maintenance Limited,London,,Worker (A rating),Skilled Worker,engineering_construction
Primech Building Services,Gillingham,Kent,Worker (A rating),Skilled Worker,engineering_construction
Principle Construction and Maintenance Ltd,March,Cambridgeshire,Worker (A rating),Skilled Worker,engineering_construction
Priority Engineering Limited,Haywards Heath,West Sussex,Worker (A rating),Skilled Worker,engineering_construction
PRISM Energy International London Office,London,,Worker (A rating),Global Business Mobility: Senior or Specialist Worker; Skilled Worker,engineering_construction
Pritpal Chana Architects Ltd,Birmingham,,Worker (A rating),Skilled Worker,engineering_construction
Pro Access Scaffolding Ltd,Leighton Buzzard,Bedfordshire,Worker (A rating),Skilled Worker,engineering_construction
Pro-Fit Green Energy Ltd,Poole,Dorset,Worker (A rating),Skilled Worker,engineering_construction
PROACTIVE CONSTRUCTION MANAGEMENT LTD,"Slough, England,",,Worker (A rating),Skilled Worker,engineering_construction
Procon Wind Energy Limited,Warwick,,Worker (A rating),Global Business Mobility: Senior or Specialist Worker; Skilled Worker,engineering_construction
Professional Construction Design Services Limited,"Chesham,",Buckinghamshire,Worker (A rating),Skilled Worker,engineering_construction
PROFESSIONAL ENERGY SERVICES LIMITED,Milton Keynes,Buckinghamshire,Worker (A rating),Skilled Worker,engineering_construction
Profix Builders Ltd,London,,Worker (A rating),Skilled Worker,engineering_construction
PROGRESS MOTORS,WELLINGBOROUGH,,Worker (A rating),Skilled Worker,engineering_construction
Progressive Builders Limited,London,,Worker (A rating),Skilled Worker,engineering_construction
Project Better Energy Limited,Burton-On-Trent,,Worker (A rating),Skilled Worker,engineering_construction
Project Better Energy Ltd,Burton upon Trent,Staffordshire,Worker (A rating),Skilled Worker,engineering_construction
PROJECT ELECTRICAL SOLUTIONS LTD,sunderland,Tyne & Wear,Worker (A rating),Skilled Worker,engineering_construction
Projex Cellular Infrastructure UK Limited,Bristol,,Worker (A rating),Skilled Worker,engineering_construction
Proman Power UK Ltd,London,,Worker (A rating),Skilled Worker,engineering_construction
Propav Infrastructure Ltd,London,,Worker (A rating),Global Business Mobility: Senior or Specialist Worker; Skilled Worker,engineering_construction
Property Contractors 247,Kentish Town,Select County,Worker (A rating),Skilled Worker,engineering_construction
Prototrim Manufacturing Ltd,Milton Keynes,,Worker (A rating),Skilled Worker,engineering_construction
Proven Project (District Heating) Ltd,London,,Worker (A rating),Skilled Worker,engineering_construction
Proven Project Construction Ltd,London,,Worker (A rating),Skilled Worker,engineering_construction
Provision Construction Ltd.,Hayes,,Worker (A rating),Skilled Worker,engineering_construction
PRUDENTIAL MOTORS LIMITED,Whitchurch,,Worker (A rating),Skilled Worker,engineering_construction
PS Builders Bedford Ltd,Bedford,BEDFORDSHIRE,Worker (A rating),Skilled Worker,engineering_construction
PSC Construction Ltd,Wednesfield,West Midlands,Worker (A rating),Skilled Worker,engineering_construction
PSJ Construction Limited,Oldham,,Worker (A rating),Skilled Worker,engineering_construction
PSS POWER ENGINERRING LTD,"Weybridge,",Surrey,Worker (A rating),Skilled Worker,engineering_construction
PT Contractors Limited,Southampton,Hampshire,Worker (A rating),Skilled Worker,engineering_construction
Pulsar Aerospace Ltd,Aston Clinton,Bucks,Worker (A rating),Skilled Worker,engineering_construction
Pulse Clean Energy Limited,Salford,Greater Manchester,Worker (A rating),Skilled Worker,engineering_construction
Puma Engineering & Construction Limited,Southampton,,Worker (A rating),Skilled Worker,engineering_construction
Purcell Architecture LTD,London,,Worker (A rating),Skilled Worker,engineering_construction
PURE CONSTRUCTION LOGISTICS LTD,Amersham,,Worker (A rating),Skilled Worker,engineering_construction
Pure energy (REGen) Ltd,Dundee,Tayside,Worker (A rating),Skilled Worker,engineering_construction
Pure Engineering Group,Newry,County Down,Worker (A rating),Skilled Worker,engineering_construction
Pure Power Electrical Ltd,London,,Worker (A rating),Skilled Worker,engineering_construction
Pure Renewables Commercial Ltd,Brough,East Riding of Yorkshire,Worker (A rating),Skilled Worker,engineering_construction
Puredrive Energy Ltd,Toddington,Gloucestershire,Worker (A rating),Skilled Worker,engineering_construction
Purely Energy Ltd,Warrington,,Worker (A rating),Skilled Worker,engineering_construction
PUREPLAN BUILDING SERVICES LIMITED,Northampton,,Worker (A rating),Skilled Worker,engineering_construction
Purple Patch Building Services Limited,Leicester,,Worker (A rating),Skilled Worker,engineering_construction
Push Power Limited,Colchester,,Worker (A rating),Skilled Worker,engineering_construction
PWP ARCHITECTS LIMITED,Havant,,Worker (A rating),Skilled Worker,engineering_construction
PXI Automotive UK London Limited,London,,Worker (A rating),Skilled Worker,engineering_construction
Pyramid Builders Limited,London,,Worker (A rating),Skilled Worker,engineering_construction
Pyroplast Energy Ltd,London,,Worker (A rating),Skilled Worker,engineering_construction
Q-Energy Sustainable Services Limited,London,,Worker (A rating),Skilled Worker,engineering_construction
Q.A.ELECTRICAL PRODUCTS LIMITED,Walsall,,Worker (A rating),Skilled Worker,engineering_construction
QA Electrical Products ltd,Walsall,,Worker (A rating),Skilled Worker,engineering_construction
Qair Renewables UK Limited,Liverpool,,Worker (A rating),Skilled Worker,engineering_construction
QAISAR CONSTRUCTION LTD,Surrey,,Worker (A rating),Skilled Worker,engineering_construction
QAZ MOTOR SPORTS LTD,Greenford,,Worker (A rating),Skilled Worker,engineering_construction
Qbots Energy Ltd,Manchester,,Worker (A rating),Skilled Worker,engineering_construction
QC QUALITY CONSTRUCTION LTD,London,,Worker (A rating),Skilled Worker,engineering_construction
QED Energy Ltd,Liverpool,,Worker (A rating),Skilled Worker,engineering_construction
QG Construction UK Limited,London,,Worker (A rating),Global Business Mobility: Senior or Specialist Worker; Skilled Worker,engineering_construction
QM Recycled Energy Ltd,Rochester,Kent,Worker (A rating),Skilled Worker,engineering_construction
Quadrant Heating & Electrics Limited,High Wycombe,,Worker (A rating),Skilled Worker,engineering_construction
Quality Building Envelope Solutions Ltd,East Kilbride,,Worker (A rating),Skilled Worker,engineering_construction
QUALITY ENGINEERED PRODUCTS LIMITED,Gloucestershire,,Worker (A rating),Skilled Worker,engineering_construction
QUASAR CONSTRUCTION LTD,Northfleet,Kent,Worker (A rating),Skilled Worker,engineering_construction
Quatreau Manufacturing Limited,Woking,,Worker (A rating),Skilled Worker,engineering_construction
QUATRO BUILDING CONTRACTING UK LIMITED,Twickenham,,Worker (A rating),Skilled Worker,engineering_construction
Quattro Design Architects Ltd,Gloucester,,Worker (A rating),Skilled Worker,engineering_construction
Qube Renewables Limited,Wiveliscombe,Somerset,Worker (A rating),Skilled Worker,engineering_construction
QUEEQUEG RENEWABLES LTD,London,,Worker (A rating),Skilled Worker,engineering_construction
QUEST BUILDERS LTD,LONDON,,Worker (A rating),Skilled Worker,engineering_construction
Quest Global Engineering Limited,Derby,,Worker (A rating),Skilled Worker; Global Business Mobility: Senior or Specialist Worker,engineering_construction
QUICK BUILD CONSTRUCTION LTD,"Wolverhampton,",,Worker (A rating),Skilled Worker,engineering_construction
QUICK BUILDERS LTD,Birmingham,,Worker (A rating),Skilled Worker,engineering_construction
Quick Release (Automotive) Limited,Leigh on Sea,Essex,Worker (A rating),Skilled Worker; Global Business Mobility: Senior or Specialist Worker,engineering_construction
QUICKFIX  PLUMBING  (PRESTON)  LTD,Preston,,Worker (A rating),Skilled Worker,engineering_construction
Quinn Building Supplies LTD,Dungannon,Tyrone,Worker (A rating),Skilled Worker,engineering_construction
R & C Contractors Ltd,Beverley,,Worker (A rating),Skilled Worker,engineering_construction
R & H MOTOR SERVICES LIMITED,London,United Kingdom,Worker (A rating),Skilled Worker,engineering_construction
R Construction Ltd,London,,Worker (A rating),Skilled Worker,engineering_construction
R Paul Builders Ltd,Bradford,,Worker (A rating),Skilled Worker,engineering_construction
R RATHORE CONSTRUCTION LTD,LONDON,,Worker (A rating),Skilled Worker,engineering_construction
R S Builders Leicester Ltd,Leicester,,Worker (A rating),Skilled Worker,engineering_construction
R SEMBHI CONSTRUCTION LTD,Windsor,,Worker (A rating),Skilled Worker,engineering_construction
R&A (REELS & ARCHITECTURE) STUDIOS LIMITED,LONDON,,Worker (A rating),Skilled Worker,engineering_construction
R&F PLUMBING SOLUTIONS LTD,PRESTON,,Worker (A rating),Skilled Worker,engineering_construction
R&G FLUID POWER GROUP (HYDRAULICS DIVISION) LIMITED,Lincoln,,Worker (A rating),Skilled Worker,engineering_construction
R&J HEATING & PLUMBING LTD,Tipton,,Worker (A rating),Skilled Worker,engineering_construction
R&M Electrical Group Ltd,Eastleigh,Hampshire,Worker (A rating),Skilled Worker,engineering_construction
R.B. PLANT CONSTRUCTION LIMITED,Maidstone,Kent,Worker (A rating),Skilled Worker,engineering_construction
R.S.S. Construction Limited,Grays,,Worker (A rating),Skilled Worker,engineering_construction
R53 Engineering Limited,Warwick,Warwickshire,Worker (A rating),Skilled Worker,engineering_construction
Ra electrical ltd,ILFORD,Greater London,Worker (A rating),Skilled Worker,engineering_construction
RA PROPERTY CONSTRUCTION LTD,Slough,,Worker (A rating),Skilled Worker,engineering_construction
RAA ENERGY LTD,London,,Worker (A rating),Skilled Worker,engineering_construction
RABAAB CONSTRUCTION LTD,Rainham,Essex,Worker (A rating),Skilled Worker,engineering_construction
RAC Heating and Plumbing Limited,Tyseley,,Worker (A rating),Skilled Worker,engineering_construction
Radar UK Construction Limited,London,,Worker (A rating),Skilled Worker,engineering_construction
Radhe Krishana Construction Ltd,"Stansted,",,Worker (A rating),Skilled Worker,engineering_construction
Ragus Sugars (Manufacturing) Limited,Slough,Berkshire,Worker (A rating),Skilled Worker,engineering_construction
RAHMAH BUILDING SERVICES LIMITED,Birmingham,,Worker (A rating),Skilled Worker,engineering_construction
Rail Power Solutions Ltd,London,,Worker (A rating),Skilled Worker,engineering_construction
Railway Electrical Services Ltd,Ilkeston,Derbyshire,Worker (A rating),Skilled Worker,engineering_construction
Rainforest Builder Ltd,London,London,Worker (A rating),Skilled Worker,engineering_construction
RAINHAM MOTORS (MOT) LIMITED,Essex,United Kingdom,Worker (A rating),Skilled Worker,engineering_construction
raj building contractors ltd,southall,,Worker (A rating),Skilled Worker,engineering_construction
Rajku Construction LTD,New Malden,Surrey,Worker (A rating),Skilled Worker,engineering_construction
Rajput Builders Ltd,Birmingham,West Midlands,Worker (A rating),Skilled Worker,engineering_construction
Ram Motors Limited,Harrow,,Worker (A rating),Skilled Worker,engineering_construction
Ram Power Limited,Houghton Regis,,Worker (A rating),Skilled Worker,engineering_construction
RAM Power UK Services LTD,Manchester,,Worker (A rating),Global Business Mobility: Senior or Specialist Worker; Skilled Worker,engineering_construction
Ram Roofing & Scaffolding Limited,Bedford,Bedfordshire,Worker (A rating),Skilled Worker,engineering_construction
RAMJEET CONSTRUCTION LTD,Gravesend,,Worker (A rating),Skilled Worker,engineering_construction
Ramki Heating Ltd,West Ealing,London,Worker (A rating),Skilled Worker,engineering_construction
RANA BUILDERS LTD,Hayes,,Worker (A rating),Skilled Worker,engineering_construction
Ranic Motors Limited T/A HiQ,London,,Worker (A rating),Skilled Worker,engineering_construction
Ranjodh Scaffolding Limited,Hayes,,Worker (A rating),Skilled Worker,engineering_construction
RAPID CONSTRUCTION SOLUTIONS LTD,Norwich,England,Worker (A rating),Skilled Worker,engineering_construction
Rapid Engineering N.E. Ltd,Gateshead,Tyne and Wear,Worker (A rating),Skilled Worker,engineering_construction
RAPPORT ARCHITECTS,BELFAST,Antrim,Worker (A rating),Skilled Worker,engineering_construction
Rathlin Energy (UK Limited),Beverley,,Worker (A rating),Skilled Worker,engineering_construction
RAV BUILDERS (LDN) LTD,Romford,Essex,Worker (A rating),Skilled Worker,engineering_construction
Raw Energy Ltd,Cirencester,Gloucestershire,Worker (A rating),Skilled Worker,engineering_construction
Raw Infrastructure Limited t/a Raw Charging,London,,Worker (A rating),Skilled Worker,engineering_construction
RAYAN CONSTRUCTION GROUP LTD,Brentwood,,Worker (A rating),Skilled Worker,engineering_construction
Raza Construction & Development Limited,London,,Worker (A rating),Skilled Worker,engineering_construction
RB MOTORS LIMITED,Essex,,Worker (A rating),Skilled Worker,engineering_construction
RBB BUILDING LTD,Mitcham,Surrey,Worker (A rating),Skilled Worker,engineering_construction
RBJ CONSTRUCTION SERVICES LTD,Southall,,Worker (A rating),Skilled Worker,engineering_construction
RBL Construction Ltd,Hertfordshire,,Worker (A rating),Skilled Worker,engineering_construction
RC INFRA CONSTRUCTION LTD,Horley,Surrey,Worker (A rating),Skilled Worker,engineering_construction
RCC Building Limited,London,,Worker (A rating),Skilled Worker,engineering_construction
RCCG Power House,Bristol,Avon,Temporary Worker (A rating); Worker (A rating),Religious Worker; Tier 2 Ministers of Religion,engineering_construction
RCCG POWER OF JEHOVAH,LONDON,,Worker (A rating); Temporary Worker (A rating),Tier 2 Ministers of Religion; Religious Worker,engineering_construction
RDG ELECTRICAL SERVICES LTD,HARROW,,Worker (A rating),Skilled Worker,engineering_construction
RDG Engineering (Temporary Works) Ltd,London,,Worker (A rating),Skilled Worker,engineering_construction
RDJW ARCHITECTS LIMITED,Crawley,,Worker (A rating),Skilled Worker,engineering_construction
RDK Civil Engineering Limited,Sutton,Surrey,Worker (A rating),Skilled Worker,engineering_construction
RDT Engineers (UK) Limited,Derby,Derbyshire,Worker (A rating),Skilled Worker,engineering_construction
re-form landscape architecture (2023) limited,Manchester,,Worker (A rating),Skilled Worker,engineering_construction
re-form landscape architecture limited,Leeds,West Yorkshire,Worker (A rating),Skilled Worker,engineering_construction
REA CONSTRUCTION LTD,Upminster,,Worker (A rating),Skilled Worker,engineering_construction
REACT Engineering,Warrington,Cheshire,Worker (A rating),Skilled Worker,engineering_construction
Reading Building Services Ltd,Reading,Berkshire,Worker (A rating),Skilled Worker,engineering_construction
Reading Heating & Plumbing Ltd,Reading,Berkshire,Worker (A rating),Skilled Worker,engineering_construction
Real Energy Limited,Birmingham,,Worker (A rating),Skilled Worker,engineering_construction
REALTIME CIVIL ENGINEERING LIMITED,Potters Bar,Hertfordshire,Worker (A rating),Skilled Worker,engineering_construction
Receiptco Manufacturing (UK) Ltd.,Peterborough,Cambridgeshire,Worker (A rating),Skilled Worker,engineering_construction
Recro Engineering Ltd,Dungannon,,Worker (A rating),Skilled Worker,engineering_construction
Recurrent Energy Power Services UK,Colchester,Essex,Worker (A rating),Skilled Worker,engineering_construction
Red Arrow Electrical Limited,Barnsley,,Worker (A rating),Skilled Worker,engineering_construction
Red Construction Group Limited,Bedford,,Worker (A rating),Skilled Worker,engineering_construction
Red Construction Ltd,Solihull,,Worker (A rating),Skilled Worker,engineering_construction
Red Engineering Design Ltd,London,,Worker (A rating),Global Business Mobility: Senior or Specialist Worker; Skilled Worker,engineering_construction
Red Rock Renewables Limited,Edinburgh,,Worker (A rating),Global Business Mobility: Senior or Specialist Worker; Skilled Worker,engineering_construction
Reda Energy Ltd,Westhill,Aberdeenshire,Worker (A rating),Skilled Worker,engineering_construction
Reddy Architecture (UK) Ltd,London,,Worker (A rating),Skilled Worker,engineering_construction
Reeda Safety Ltd t/a Building Transformation,Bedford,Bedfordshire,Worker (A rating),Skilled Worker,engineering_construction
REET SINGH CONSTRUCTION LIMITED,Dagenham,,Worker (A rating),Skilled Worker,engineering_construction
Refine Architecture Ltd,Sittingbourne,Kent,Worker (A rating),Skilled Worker,engineering_construction
Reflex Interiors Construction Limited,London,,Worker (A rating),Skilled Worker,engineering_construction
Reform Architects Limited,Worthing,West Sussex,Worker (A rating),Skilled Worker,engineering_construction
Regal Builders Merchants Ltd,Borehamwood,,Worker (A rating),Skilled Worker,engineering_construction
REGAL CONSTRUCTION SERVICES LTD,London,,Worker (A rating),Skilled Worker,engineering_construction
Regal Design & Construction Ltd,IVER,BUCKINGHAMSHIRE,Worker (A rating),Skilled Worker,engineering_construction
Regen Construction Limited,Newport,Gwent,Worker (A rating),Skilled Worker,engineering_construction
Regency Carpet Manufacturing Limited,Bangor,Down,Worker (A rating),Skilled Worker,engineering_construction
Regener8 Power,Guildford,UK,Worker (A rating),Skilled Worker,engineering_construction
Reginson Engineering Limited,Nuneaton,Warwickshire,Worker (A rating),Skilled Worker,engineering_construction
Regional Contractors Ltd,Leicester,Leicestershire,Worker (A rating),Skilled Worker,engineering_construction
Reid Brewin Architects (UK) Ltd,London,,Worker (A rating),Skilled Worker,engineering_construction
Reid Engineering (Cookstown) Limited,Dungannon,Tyrone,Worker (A rating),Skilled Worker,engineering_construction
Reliable Automotive Ltd,Dumfries,,Worker (A rating),Skilled Worker,engineering_construction
RELIABLE CONTRACTORS LIMITED,SANDWICH,KENT,Worker (A rating),Skilled Worker,engineering_construction
RELIANCE AUTOMOTIVE LTD,Perivale,,Worker (A rating),Skilled Worker,engineering_construction
RELIANCE CONSTRUCTION SOLUTION LTD,Birmingham,,Worker (A rating),Skilled Worker,engineering_construction
Reliance Energy Limited,London,,Worker (A rating),Skilled Worker,engineering_construction
Reliance Global Energy Services Limited,London,,Worker (A rating),Skilled Worker; Global Business Mobility: Senior or Specialist Worker,engineering_construction
RENAS CONSTRUCTION LTD,St Helens,Merseyside,Worker (A rating),Skilled Worker,engineering_construction
ReNew Energy Global Plc,Uxbridge,Middlesex,Worker (A rating),Skilled Worker,engineering_construction
Renewable Energy Services Team Ltd,CANTERBURY,Kent,Worker (A rating),Skilled Worker,engineering_construction
Renewable Facilities Management Services Limited,Neath,,Worker (A rating),Skilled Worker,engineering_construction
Renewable Metals UK Limited,Saltley,Birmingham,Worker (A rating),Skilled Worker,engineering_construction
Renewable Parts Ltd,Renfrew,,Worker (A rating),Skilled Worker,engineering_construction
RENEWABLE SOLUTIONERS LTD,Milton Keynes,,Worker (A rating),Skilled Worker,engineering_construction
Renewable-Energy-Company UK Limited,North Shields,,Worker (A rating),Skilled Worker,engineering_construction
RENEWABLES PROJECT MANAGEMENT LTD,Hillingdon,Middlesex,Worker (A rating),Skilled Worker,engineering_construction
RENOVA BUILDERS LTD,Barking,,Worker (A rating),Skilled Worker,engineering_construction
Repa Engineering Limited,Hounslow,Middlesex,Worker (A rating),Skilled Worker,engineering_construction
RES Energy Services Limited,Kings Langley,Hertfordshire,Worker (A rating),Skilled Worker,engineering_construction
Resident Architects Limited,London,,Worker (A rating),Skilled Worker,engineering_construction
RESPOND CONSTRUCTION LTD,PORT TALBOT,,Worker (A rating),Skilled Worker,engineering_construction
Resst Construction Ltd.,Middlesex,,Worker (A rating),Skilled Worker,engineering_construction
Restorer Motors Ltd,London,,Worker (A rating),Skilled Worker,engineering_construction
RESURRECTION POWER AND LIVING BREAD MINISTRIES BIRMINGHAM,West Bromwich,,Worker (A rating); Temporary Worker (A rating),Tier 2 Ministers of Religion; Charity Worker,engineering_construction
Reventus Power Limited,London,,Worker (A rating),Skilled Worker,engineering_construction
Revolution Energy Services,Tonbridge,Kent,Worker (A rating),Skilled Worker,engineering_construction
Rewinds & J Windsor & Sons (Engineers) Ltd,Liverpool,Merseyside,Worker (A rating),Skilled Worker,engineering_construction
Rhino Construction Bolton Ltd,Bolton,,Worker (A rating),Skilled Worker,engineering_construction
RHIZOME ENERGY LIMITED,DARTFORD,KENT,Worker (A rating),Skilled Worker,engineering_construction
RHS Heating Ltd,Luton,,Worker (A rating),Skilled Worker,engineering_construction
Richard Markland Architects Ltd,London,,Worker (A rating),Skilled Worker,engineering_construction
Richard Murphy Architects Ltd,Edinburgh,,Worker (A rating),Skilled Worker,engineering_construction
Richards Partington Architects Limited,London,,Worker (A rating),Skilled Worker,engineering_construction
Richmond Bell Architects,Salisbury,Wiltshire,Worker (A rating),Skilled Worker,engineering_construction
Richmond Joiners and Builders Ltd,Oldham,Lancashire,Worker (A rating),Skilled Worker,engineering_construction
Richstone Properties Construction Ltd,London,,Worker (A rating),Skilled Worker; Global Business Mobility: Senior or Specialist Worker,engineering_construction
RICHY ELECTRICAL SERVICES LIMITED,Redhill,Surrey,Worker (A rating),Skilled Worker,engineering_construction
Ridge Clean Energy Ltd,Charlbury,Oxfordshire,Worker (A rating),Skilled Worker,engineering_construction
Rif Prestige Car Ltd T/A SSS Motors,London,,Worker (A rating),Skilled Worker,engineering_construction
Right Building Construction Limited,Slough,,Worker (A rating),Skilled Worker,engineering_construction
RIGHT HAND MOTOR LTD,Essex,,Worker (A rating),Skilled Worker,engineering_construction
Rightbuild Building Solutions Ltd,Romford,,Worker (A rating),Skilled Worker,engineering_construction
Rimi Renovations Building Services Ltd,Romford,,Worker (A rating),Skilled Worker,engineering_construction
RIMNEET DHILLON CONSTRUCTION LIMITED,NOTTINGHAM,,Worker (A rating),Skilled Worker,engineering_construction
Ring Automotive Ltd,Leeds,,Worker (A rating),Skilled Worker,engineering_construction
Rio Architects Limited,CARDIFF,,Worker (A rating),Skilled Worker,engineering_construction
RISE UP CONSTRUCTION LTD,WARE,,Worker (A rating),Skilled Worker,engineering_construction
Rishika Construction Limited,London,,Worker (A rating),Skilled Worker,engineering_construction
RIV UK Engineering Limited,London,,Worker (A rating),Global Business Mobility: Senior or Specialist Worker; Skilled Worker,engineering_construction
Riverside NW Motor Company LTD,Bolton,,Worker (A rating),Skilled Worker,engineering_construction
Rivington Energy (Management) Limited,London,,Worker (A rating),Skilled Worker,engineering_construction
RIYA CONSTRUCTION LIMITED,High Wycombe,,Worker (A rating),Skilled Worker,engineering_construction
RIZQ ARCHITECTURE AND CONSTRUCTIONS LTD,Birmingham,,Worker (A rating),Skilled Worker,engineering_construction
RIZTECH CONSTRUCTION LIMITED,Luton,,Worker (A rating),Skilled Worker,engineering_construction
RJ McLeod (Contractors) Limited,Glasgow,,Worker (A rating),Skilled Worker,engineering_construction
RJ Power Group Limited,Chorley,,Worker (A rating),Skilled Worker,engineering_construction
RK JOINERY LTD,LOUGHTON,ESSEX,Worker (A rating),Skilled Worker,engineering_construction
RK MOTOR TRADE LTD,Manchester,,Worker (A rating),Skilled Worker,engineering_construction
RK MOTORS MOT CENTRE LTD,Crawley,West Sussex,Worker (A rating),Skilled Worker,engineering_construction
RKA Architectural Design Studio,St Andrews,,Worker (A rating),Skilled Worker,engineering_construction
RKD ARCHITECTS (UK) LIMITED,London,,Worker (A rating),Skilled Worker,engineering_construction
RKJ MOTORS LTD,Stafford,,Worker (A rating),Skilled Worker,engineering_construction
RM Architects Limited,London,London,Worker (A rating),Skilled Worker,engineering_construction
RMF Construction Services Limited,Birmingham,,Worker (A rating),Skilled Worker,engineering_construction
RMI Architects Ltd,Belfast,,Worker (A rating),Skilled Worker,engineering_construction
RMI Fabrications Ltd,Lutterworth,,Worker (A rating),Skilled Worker,engineering_construction
RMK MOTOR & REPAIR CENTRE LTD,Barking,,Worker (A rating),Skilled Worker,engineering_construction
RMS Energy Solutions Limited,Coventry,,Worker (A rating),Skilled Worker,engineering_construction
RN BUILDERS LTD,Bradford,,Worker (A rating),Skilled Worker,engineering_construction
RN TRANSPORT & CONSTRUCTION LTD,Wolverhampton,,Worker (A rating),Skilled Worker,engineering_construction
RNB Electrical & Security Ltd,Ramsgate,,Worker (A rating),Skilled Worker,engineering_construction
RNK ENGINEERING LTD,Milton Keynes,,Worker (A rating),Skilled Worker,engineering_construction
RNR Motors Ltd,Thatcham,West Berkshire,Worker (A rating),Skilled Worker,engineering_construction
RNV Construction Limited,Watford,,Worker (A rating),Skilled Worker,engineering_construction
RO Engineeria Ltd,Manchester,,Worker (A rating),Skilled Worker,engineering_construction
Roath Construction Limited,Southampton,,Worker (A rating),Skilled Worker,engineering_construction
Rob Property Construction & Maintenance Ltd,Cambridge,,Worker (A rating),Skilled Worker,engineering_construction
Robert Price Builders Merchants Ltd.,Cardiff,Choose County,Worker (A rating),Skilled Worker,engineering_construction
ROCHFORD CONSTRUCTION LIMITED,WEMBLEY,Greater London (Brent),Worker (A rating),Skilled Worker,engineering_construction
ROCKFORT ENGINEERING LIMITED,Banbury,Oxfordshire,Worker (A rating),Skilled Worker,engineering_construction
ROCKY'S CONSTRUCTION LTD,London,,Worker (A rating),Skilled Worker,engineering_construction
ROJ BUILDING & CONSTRUCTION LTD,London,,Worker (A rating),Skilled Worker,engineering_construction
ROL CONSTRUCTION LTD,St Albans,Hertfordshire,Worker (A rating),Skilled Worker,engineering_construction
ROMFORD MOTORS LTD,Romford,,Worker (A rating),Skilled Worker,engineering_construction
Ron Construction Ltd,DUNSTABLE,BEDFORDSHIRE,Worker (A rating),Skilled Worker,engineering_construction
Rongxin Power Limited,Altrincham,Cheshire,Worker (A rating),Skilled Worker; Global Business Mobility: Senior or Specialist Worker,engineering_construction
ROOFING EXCELLENCE & BUILDING SERVICES LTD,Southall,,Worker (A rating),Skilled Worker,engineering_construction
Rooster Construction Ltd,Bournemouth,Dorset,Worker (A rating),Skilled Worker,engineering_construction
Root-Power Limited,"Salford, Manchester",,Worker (A rating),Skilled Worker,engineering_construction
Rosemore Building Services Ltd,Croydon,,Worker (A rating),Skilled Worker,engineering_construction
Rosewich Engineering UK Ltd,Rosyth,,Worker (A rating),Skilled Worker,engineering_construction
Rosh Engineering Ltd,Blaydon on Tyne,Tyne and Wear,Worker (A rating),Skilled Worker,engineering_construction
Ross-shire Engineering Ltd,Muir of Ord,Ross-shire,Worker (A rating),Skilled Worker,engineering_construction
Rotamac EPC Energy Solutions Limited,Robertsbridge,East Sussex,Worker (A rating),Skilled Worker,engineering_construction
Rotron Aerospace Limited,Semley,Dorset,Worker (A rating),Skilled Worker,engineering_construction
Roundel Manufacturing Limited,Washington,,Worker (A rating),Skilled Worker,engineering_construction
Rover Engineering Limited,Cardiff,Mid Glamorgan,Worker (A rating),Global Business Mobility: Senior or Specialist Worker; Skilled Worker,engineering_construction
ROW LONDON CONSTRUCTION LTD,Ipswich,,Worker (A rating),Skilled Worker,engineering_construction
ROWLANDS MOTOR COMPANY LTD,Rainham,,Worker (A rating),Skilled Worker,engineering_construction
Roxborough Plant and Construction,Dungannon,Tyrone,Worker (A rating),Skilled Worker,engineering_construction
Roxburgh Construction Ltd,London,,Worker (A rating),Skilled Worker,engineering_construction
Royton Civil and Structural Ltd,Oldham,Greater Manchester,Worker (A rating),Skilled Worker,engineering_construction
Roz Barr Architects Ltd,London,,Worker (A rating),Skilled Worker,engineering_construction
RPAJ CONTRACTOR LIMITED,Wolverhampton,West Midlands,Worker (A rating),Skilled Worker,engineering_construction
RPJ Energy Solutions Ltd,Glasgow,Scotland,Worker (A rating),Skilled Worker,engineering_construction
RPS Plumbing LTD,Redditch,Worcestershire,Worker (A rating),Skilled Worker,engineering_construction
RRISING CONSTRUCTION LTD,Romford,,Worker (A rating),Skilled Worker,engineering_construction
RS Automotive Core Ltd,Benfleet,Essex,Worker (A rating),Skilled Worker,engineering_construction
RS Motors,Birmingham,West Midlands,Worker (A rating),Skilled Worker,engineering_construction
RSA MOTORS LTD,RADCLIFFE,,Worker (A rating),Skilled Worker,engineering_construction
RSHP Architects Ltd,London,,Worker (A rating),Global Business Mobility: Senior or Specialist Worker; Skilled Worker,engineering_construction
RSM Building Contractors Ltd,Hastings,East Sussex,Worker (A rating),Skilled Worker,engineering_construction
RSR BUILDERS LTD,London,,Worker (A rating),Skilled Worker,engineering_construction
RTS BUILDERS LIMITED,Luton,,Worker (A rating),Skilled Worker,engineering_construction
Rubik Builders Limited,Telford,,Worker (A rating),Skilled Worker,engineering_construction
Rudra Plumbings Ltd,London,,Worker (A rating),Skilled Worker,engineering_construction
RUNLEY MOTORS LIMITED,Upminster,,Worker (A rating),Skilled Worker,engineering_construction
Runwell Energy Services (UK) Ltd,Aberdeen,Aberdeenshire,Worker (UK Expansion Worker: Provisional ),Global Business Mobility: UK Expansion Worker,engineering_construction
RUPRAI CONSTRUCTION LIMITED,Kent,,Worker (A rating),Skilled Worker,engineering_construction
RUSS BUILDING LTD,London,,Worker (A rating),Skilled Worker,engineering_construction
Russell Automotive Centre Ltd,London,,Worker (A rating),Skilled Worker,engineering_construction
RVT Architects,Purley,,Worker (A rating),Skilled Worker,engineering_construction
RWE Renewables Management UK Limited,Wiltshire,,Temporary Worker (A rating); Worker (A rating),Global Business Mobility: Graduate Trainee; Global Business Mobility: Senior or Specialist Worker; Skilled Worker,engineering_construction
RXN CONSTRUCTION LTD,ROMFORD,England,Worker (A rating),Skilled Worker,engineering_construction
Rybrook Motors trading as Porsche Centre Chester,Cheshire Oaks,,Worker (A rating),Skilled Worker,engineering_construction
Ryder Architecture Limited,Newcastle upon Tyne,,Worker (A rating),Skilled Worker,engineering_construction
RYDER CONSTRUCTION GROUP LTD,Kenley,,Worker (A rating),Skilled Worker,engineering_construction
Rystad Energy Limited,London,,Worker (A rating),Global Business Mobility: Senior or Specialist Worker; Skilled Worker,engineering_construction
RZ ECO ENERGY LTD,Oldham,,Worker (A rating),Skilled Worker,engineering_construction
S & ALIM BUILDERS LIMITED,Sunbury-On-Thames,,Worker (A rating),Skilled Worker,engineering_construction
S & R Heating and Plumbing Limited,Leicester,,Worker (A rating),Skilled Worker,engineering_construction
S A Builders (WM) Ltd,Birmingham,,Worker (A rating),Skilled Worker,engineering_construction
S A BUILDING CONTRACTORS UK LIMITED,Bolton,,Worker (A rating),Skilled Worker,engineering_construction
S A Construction & Building Ltd,Birmingham,,Worker (A rating),Skilled Worker,engineering_construction
S B Joinery UK Ltd,Stockbridge,Hampshire,Worker (A rating),Skilled Worker,engineering_construction
S C Mcallister & Co Ltd [Naval Architects],York,North Yorkshire,Worker (A rating),Skilled Worker,engineering_construction
S CHAHAL CONSTRUCTION UK LIMITED,Wolverhampton,,Worker (A rating),Skilled Worker,engineering_construction
S D BUILDING AND CONSTRUCTION LTD,Southall,,Worker (A rating),Skilled Worker,engineering_construction
S G EVANS CONSTRUCTION LTD,LUTON,,Worker (A rating),Skilled Worker,engineering_construction
S K Motors Reading Limited,Reading,,Worker (A rating),Skilled Worker,engineering_construction
S KANG CONSTRUCTION LTD,Slough,,Worker (A rating),Skilled Worker,engineering_construction
S S Builder 4 U ltd,Leicester,,Worker (A rating),Skilled Worker,engineering_construction
S S CONSTRUCTION & ELECTRICALS LTD,HAYES,,Worker (A rating),Skilled Worker,engineering_construction
S&L BUILDING & MAINTENANCE LIMITED,Hertfordshire,,Worker (A rating),Skilled Worker,engineering_construction
S&M ELECTRICAL HUDDERSFIELD LIMITED,Huddersfield,,Worker (A rating),Skilled Worker,engineering_construction
S1 Construction LTD,Stirling,Stirlingshire,Worker (A rating),Skilled Worker,engineering_construction
S1D Motors Ltd,london,,Worker (A rating),Skilled Worker,engineering_construction
SA Builders & Contractors Ltd,Romford,Essex,Worker (A rating),Skilled Worker,engineering_construction
SA Constructions & Building Limited,LONDON,England,Worker (A rating),Skilled Worker,engineering_construction
SA GROUP CONSTRUCTION LTD,Rickmansworth,Hertfordshire,Worker (A rating),Skilled Worker,engineering_construction
SA PRESTIGE MOTORS LTD,Ilford,,Worker (A rating),Skilled Worker,engineering_construction
SAAB CONSTRUCTION LIMITED,SOUTHALL,MIDDLESEX,Worker (A rating),Skilled Worker,engineering_construction
SABB CONSTRUCTION LIMITED,"Hayes,",,Worker (A rating),Skilled Worker,engineering_construction
Sabeti Wain Aerospace Limited,High Wycombe,Buckinghamshire,Worker (A rating),Skilled Worker,engineering_construction
SAC Structural Engineers,Ilford,Essex,Worker (A rating),Skilled Worker,engineering_construction
SACHA ENGINEERING LTD,LIGHTHORNE,WARWICKSHIRE,Worker (A rating),Global Business Mobility: Senior or Specialist Worker; Skilled Worker,engineering_construction
Sacks Maguire Architects,London,,Worker (A rating),Skilled Worker,engineering_construction
Sadler Energy and Environmental Services Ltd,Southampton,Hampshire,Worker (A rating),Skilled Worker,engineering_construction
Sado Engineers LTD,Bradford,,Worker (A rating),Skilled Worker,engineering_construction
safe building Ltd,highwycombe,,Worker (A rating),Skilled Worker,engineering_construction
Safe construction (Midlands) ltd,Wednesbury,,Worker (A rating),Skilled Worker,engineering_construction
Safe Response Gas & Plumbing Ltd,Dudley,West Midlands,Worker (A rating),Skilled Worker,engineering_construction
Safe Scaffolding Limited,Rochester,Kent,Worker (A rating),Skilled Worker,engineering_construction
SAFETY FABRICATIONS LIMITED,Sheffield,,Worker (A rating),Skilled Worker,engineering_construction
Safeway Construction (West Midlands Limited,Birmingham,West Midlands,Worker (A rating),Skilled Worker,engineering_construction
Safran Electrical & Power UK Ltd,Pitstone Green,Buckinghamshire,Worker (A rating),Global Business Mobility: Senior or Specialist Worker; Skilled Worker,engineering_construction
Safran Electrical Components UK Ltd,Slough,,Worker (A rating),Skilled Worker,engineering_construction
SAFRAN ENGINEERING SERVICES UK Ltd,Gloucester,,Worker (A rating),Global Business Mobility: Senior or Specialist Worker; Skilled Worker,engineering_construction
SAGA MOTOR GROUP LTD,Manchester,,Worker (A rating),Skilled Worker,engineering_construction
Sage Automotive Interiors Limited,Burnley,Lancashire,Worker (A rating),Global Business Mobility: Senior or Specialist Worker,engineering_construction
Sagron Builders Ltd,Luton,,Worker (A rating),Skilled Worker,engineering_construction
Sagwal Construction Ltd,Romford,Essex,Worker (A rating),Skilled Worker,engineering_construction
SAHEJ CONSTRUCTION LIMITED,Hounslow,,Worker (A rating),Skilled Worker,engineering_construction
SAHI BUILDERS LTD,Rugby,,Worker (A rating),Skilled Worker,engineering_construction
Sahil Construction Ltd,Luton,Bedfordshire,Worker (A rating),Skilled Worker,engineering_construction
Sai AK Construction Limited,London,,Worker (A rating),Skilled Worker,engineering_construction
SAI ENGINEERING SERVICES LTD,BRISTOL,AVON,Worker (A rating),Skilled Worker,engineering_construction
Saig Group Construction LTD,Reading,,Worker (A rating),Skilled Worker,engineering_construction
SAINDAK CONSTRUCTION LTD,Stoke-On-Trent,,Worker (A rating),Skilled Worker,engineering_construction
SAINI BUILDING CONTRACTORS LTD,Romford,,Worker (A rating),Skilled Worker,engineering_construction
SAINTS BUILDERS MERCHANTS LIMITED,Gloucester,,Worker (A rating),Skilled Worker,engineering_construction
SAIPAN CONSTRUCTION LTD,Twickenham,,Worker (A rating),Skilled Worker,engineering_construction
Sais Construction Limited,Tadworth,,Worker (A rating),Skilled Worker,engineering_construction
SAJ Engineering Limited,Barking,,Worker (A rating),Skilled Worker,engineering_construction
Saja Energy UK Limited,Dunfermline,,Worker (A rating),Skilled Worker,engineering_construction
SAJID HUSSAIN T/A TSL BUILDERS,KEIGHLEY,,Worker (A rating),Skilled Worker,engineering_construction
Sajid Mahmood Dar T/A Selbourne Motors,Luton,,Worker (A rating),Skilled Worker,engineering_construction
Saki and Co Construction Ltd,London,,Worker (A rating),Skilled Worker,engineering_construction
SALARZAI CONSTRUCTION LIMITED,London,England,Worker (A rating),Skilled Worker,engineering_construction
Salix Mechanical Ltd,Hitchin,Hertfordshire,Worker (A rating),Skilled Worker,engineering_construction
Salix Stainless Steel Fabrications Limited,Basildon,Essex,Worker (A rating),Skilled Worker,engineering_construction
SALL CONSTRUCTION LONDON LTD,CHISLEHURST,Kent,Worker (A rating),Skilled Worker,engineering_construction
SALORIA ARCHITECTS LTD,LONDON,,Worker (A rating),Skilled Worker,engineering_construction
SALSONS Engineering Ltd,Stoke-on-Trent,Staffordshire,Worker (A rating),Skilled Worker,engineering_construction
Sam Construction Services UK Limited,Warwickshire,,Worker (A rating),Skilled Worker,engineering_construction
Samiul Construction Ltd,Keighley,,Worker (A rating),Skilled Worker,engineering_construction
SAMRA MOTOR PARTS,HUDDERSFIELD,WEST YORKSHIRE,Worker (A rating),Skilled Worker,engineering_construction
Samz Construction Services LTD,London,Lambeth,Worker (A rating),Skilled Worker,engineering_construction
SAN BUILDERS AND CONTRACTORS LTD,England,,Worker (A rating),Skilled Worker,engineering_construction
"SAN JOSE CONSTRUCTION UK LTD.,",London,,Worker (A rating),Skilled Worker,engineering_construction
Sandford Electrical Services Ltd,Slough,Berkshire,Worker (A rating),Skilled Worker,engineering_construction
Sandha Brothers Construction LTD,Hayes,Middlesex,Worker (A rating),Skilled Worker,engineering_construction
SANDHU A1 CONSTRUCTION LTD,Belvedere,,Worker (A rating),Skilled Worker,engineering_construction
SANDHUU CONSTRUCTION UK LIMITED,Southall,,Worker (A rating),Skilled Worker,engineering_construction
Sandhuz Construction Limited,Earley,Reading,Worker (A rating),Skilled Worker,engineering_construction
Sandown Motors Limited,Poole,Dorset,Worker (A rating),Skilled Worker,engineering_construction
Sandymount Construction Ltd,Royal Wootton Bassett,Wiltshire,Worker (A rating),Skilled Worker,engineering_construction
SANGHERA CONSTRUCTION LTD,Ashford,,Worker (A rating),Skilled Worker,engineering_construction
SANGWAN CONSTRUCTION LTD,ILFORD,,Worker (A rating),Skilled Worker,engineering_construction
SANI AA CONSTRUCTION LTD,Nottingham,,Worker (A rating),Skilled Worker,engineering_construction
Sans Construction Ltd,Willenhall,,Worker (A rating),Skilled Worker,engineering_construction
SAP CONSTRUCTION LTD,Attleborough,Norfolk,Worker (A rating),Skilled Worker,engineering_construction
SAP Motors Limited,Birmingham,,Worker (A rating),Skilled Worker,engineering_construction
SAR MOTORS LTD,Swindon,,Worker (A rating),Skilled Worker,engineering_construction
Sarai Ltd T/A West Midlands Electrical Superstore,Wednesbury,West Midlands,Worker (A rating),Skilled Worker,engineering_construction
Sarantoglou Lalis and Sweijd Architects Ltd,London,,Worker (A rating),Skilled Worker,engineering_construction
Sat Construction & Development Limited,Iver,,Worker (A rating),Skilled Worker,engineering_construction
SATI MOTORS LIMITED,Leicester,England,Worker (A rating),Skilled Worker,engineering_construction
Sattar Builders Limited,Halifax,,Worker (A rating),Skilled Worker,engineering_construction
Satyam Venture Engineering Services Pvt Ltd,Warwick,Warwickshire,Worker (A rating),Skilled Worker; Global Business Mobility: Senior or Specialist Worker,engineering_construction
Savannah Energy PLC,London,,Worker (A rating),Global Business Mobility: Senior or Specialist Worker; Skilled Worker,engineering_construction
Save Energy Services Ltd,BRADFORD,West Yorkshire,Worker (A rating),Skilled Worker,engineering_construction
Saving Your Energy Ltd,BIRMINGHAM,,Worker (A rating),Skilled Worker,engineering_construction
Sawkings Architects Ltd,Betchworth,Surrey,Worker (A rating),Skilled Worker,engineering_construction
SAYERS ENGINEERING LTD,CASTLEDERG,TYRONE,Worker (A rating),Skilled Worker,engineering_construction
Saz Gas & Heating Services ltd,Luton,,Worker (A rating),Skilled Worker,engineering_construction
SB Construction (Herts) Ltd,Wixams,,Worker (A rating),Skilled Worker,engineering_construction
SB Power Contractors Ltd,Preston,,Worker (A rating),Skilled Worker,engineering_construction
SBD Automotive Ltd,Milton Keynes,Buckinghamshire,Worker (A rating),Global Business Mobility: Senior or Specialist Worker; Skilled Worker,engineering_construction
SBH CONSTRUCTION GROUP LTD,Enfield,,Worker (A rating),Skilled Worker,engineering_construction
Scaffold Tower Hire Ltd,London,,Worker (A rating),Skilled Worker,engineering_construction
Scaffolding Management & Construction Services (UK) Limited,Birmingham,,Worker (A rating),Global Business Mobility: Senior or Specialist Worker; Skilled Worker,engineering_construction
SCANDINAVIAN ENERGY CONTRACTOR OPERATIONS LIMITED,STOKE ON TRENT,,Worker (A rating),Global Business Mobility: Senior or Specialist Worker,engineering_construction
Scenario Architecture Ltd,London,,Worker (A rating),Skilled Worker,engineering_construction
SCHMITZ ROTARY ENGINEERING LTD,BIRMINGHAM,County (optional),Worker (A rating),Skilled Worker,engineering_construction
Schweitzer Engineering Laboratories UK Limited,Stafford,Staffordshire,Worker (A rating),Global Business Mobility: Senior or Specialist Worker; Skilled Worker,engineering_construction
Scitech Engineering Limited,Godalming,Surrey,Worker (A rating),Global Business Mobility: Senior or Specialist Worker; Skilled Worker,engineering_construction
Scitech Engineering Ltd,Godalming,Surrey,Worker (A rating),Global Business Mobility: Senior or Specialist Worker; Skilled Worker,engineering_construction
SCOPE DESIGN CONSTRUCTION LIMITED,London,,Worker (A rating),Skilled Worker,engineering_construction
Scot Energy 4 U Limited,Dunfermline,,Worker (A rating),Skilled Worker,engineering_construction
SCOTT & STINSON ENGINEERING LTD,COLERAINE,NORTHERN IRELAND,Worker (A rating),Skilled Worker,engineering_construction
Scottish Renewables Forum Limited,Glasgow,,Worker (A rating),Skilled Worker,engineering_construction
SCS BUILDING AUTOMATION LTD,London,,Worker (A rating),Global Business Mobility: UK Expansion Worker; Skilled Worker,engineering_construction
Scurr Architects Ltd,Harpenden,Hertfordshire,Worker (A rating),Skilled Worker,engineering_construction
Scutari Construction Ltd,London,,Worker (A rating),Skilled Worker,engineering_construction
SDA Architecture Limited,Prenton,Merseyside,Worker (A rating),Skilled Worker,engineering_construction
SDC Builders Ltd,Bedford,Bedfordshire,Worker (A rating),Skilled Worker,engineering_construction
SDE Engineering Services Ltd,Bicester,Oxfordshire,Worker (A rating),Skilled Worker,engineering_construction
SDJ CONSTRUCTION LTD,ROMFORD,,Worker (A rating),Skilled Worker,engineering_construction
SDMO Energy Limited,Hook,Hampshire,Worker (A rating),Global Business Mobility: Senior or Specialist Worker; Skilled Worker,engineering_construction
Sea and Land Project Engineering Limited,London,,Worker (A rating),Skilled Worker,engineering_construction
Sea Dragon Energy (UK) Ltd,London,,Worker (A rating),Global Business Mobility: Senior or Specialist Worker; Skilled Worker,engineering_construction
SEAB Power Ltd,London,,Worker (A rating); Temporary Worker (A rating),Skilled Worker; Global Business Mobility: Graduate Trainee; Global Business Mobility: Senior or Specialist Worker,engineering_construction
Sealip Engineering Limited,Rochdale,Lancs,Worker (A rating),Skilled Worker,engineering_construction
Sean J Jordan Engineering Ltd,Dungannon,Tyrone,Worker (A rating),Skilled Worker,engineering_construction
SEAN NUGENT ENGINEERING LIMITED,Dungannon,TYRONE,Worker (A rating),Skilled Worker,engineering_construction
Sean Nugent Engineering Ltd,Dungannon,Co.Tyrone,Worker (A rating),Skilled Worker,engineering_construction
Sears Manufacturing Company (Europe) Ltd,Ebbw Vale,UK,Worker (A rating),Global Business Mobility: Senior or Specialist Worker,engineering_construction
Secure Line Electrical Limited,Dudley,,Worker (A rating),Skilled Worker,engineering_construction
Seed Architects Limited,MANCHESTER,,Worker (A rating),Skilled Worker,engineering_construction
Sehaj Construction Limited,Dagenham,Essex,Worker (A rating),Skilled Worker,engineering_construction
Sekhon Building Services Ltd,Uxbridge,,Worker (A rating),Skilled Worker,engineering_construction
SEKHON CONSTRUCTION LIMITED,Hayes,,Worker (A rating),Skilled Worker,engineering_construction
Selco Builders Warehouse,Birmingham,,Worker (A rating),Skilled Worker,engineering_construction
SELECT MOTOR COMPANY (MCR) LTD,Stockport,England,Worker (A rating),Skilled Worker,engineering_construction
SELEKT MOTORS LTD,Slough,,Worker (A rating),Skilled Worker,engineering_construction
SEMPER FIRE ENGINEERING LIMITED,London,,Worker (A rating),Skilled Worker,engineering_construction
Senior UK Ltd t/a Senior Aerospace BWT,Adlington,,Worker (A rating),Skilled Worker,engineering_construction
Seplat Energy UK Limited,London,London,Worker (A rating),Global Business Mobility: Senior or Specialist Worker; Skilled Worker,engineering_construction
Ser Contractor LTD,London,Greater London,Worker (A rating),Skilled Worker,engineering_construction
Serenissima Energy Ltd,London,,Worker (A rating),Skilled Worker,engineering_construction
Sergison Bates Architects,London,,Worker (A rating),Skilled Worker,engineering_construction
Serica Energy PLC,Aberdeen,Aberdeenshire,Worker (A rating),Skilled Worker,engineering_construction
Serie Architects Ltd,London,,Worker (A rating),Skilled Worker,engineering_construction
SERS Energy Solutions Ltd,Caerphilly,UK,Worker (A rating),Skilled Worker,engineering_construction
Seth White Architects,St Albans,Hertfordshire,Worker (A rating),Skilled Worker,engineering_construction
Seven Baring Automotive Ltd t/a AMC Vehicle Maintenance Services,London,,Worker (A rating),Skilled Worker,engineering_construction
Seven Contractors Limited,Southampton,Hampshire,Worker (A rating),Skilled Worker,engineering_construction
SEVEN KINGS BUILDERS LTD,Romford,,Worker (A rating),Skilled Worker,engineering_construction
SEVEN STARS MOTORS LTD,Hounslow,,Worker (A rating),Skilled Worker,engineering_construction
Severn Drives and Energy Ltd,"Kibworth, Beauchamp",Leicestershire,Worker (A rating),Skilled Worker,engineering_construction
SF Stefan Civil Engineering and Utility Contractors Ltd,Borehamwood,Hertfordshire,Worker (A rating),Skilled Worker,engineering_construction
SFM Engineering,Keady,Armagh,Worker (A rating),Skilled Worker,engineering_construction
SG Motor House Ltd,Hoddesdon,Hertfordshire,Worker (A rating),Skilled Worker,engineering_construction
SG Power Distribution Limited,London,,Worker (A rating),Skilled Worker,engineering_construction
SGK Construction Services Ltd,Milton Keynes,,Worker (A rating),Skilled Worker,engineering_construction
SGS Builders Ltd,West Drayton,Middx,Worker (A rating),Skilled Worker,engineering_construction
SGS MOTORS LTD,Leeds,West Yorkshire,Worker (A rating),Skilled Worker,engineering_construction
SH BUILDING & ELECTRICAL LTD,Ellesmere Port,,Worker (A rating),Skilled Worker,engineering_construction
SH Contractors,Oldham,,Worker (A rating),Skilled Worker,engineering_construction
SH ELECTRICAL COMPLIANCE LTD,London,,Worker (A rating),Skilled Worker,engineering_construction
Shaca Construction Limited,St Albans,Hertfordshire,Worker (A rating),Skilled Worker,engineering_construction
Shah Builders & Decorators Ltd,Dagenham,,Worker (A rating),Skilled Worker,engineering_construction
Shah Building Contractor Limited,Luton,,Worker (A rating),Skilled Worker,engineering_construction
SHAH CONSTRUCTION LIMITED,London,,Worker (A rating),Skilled Worker,engineering_construction
SHAHI BUILDERS LTD,Dartford,,Worker (A rating),Skilled Worker,engineering_construction
Shane Cochrane Building Limited,Wimbledon,London,Worker (A rating),Skilled Worker,engineering_construction
Shape Architecture Ltd.,Brighton,East Sussex,Worker (A rating),Skilled Worker,engineering_construction
SHARED CONSTRUCTION SERVICES LIMITED,Harrow,Middlesex,Worker (A rating),Skilled Worker,engineering_construction
Sharif Engineering Ltd,Luton,Bedfordshire,Worker (A rating),Skilled Worker,engineering_construction
SHAW Manufacturing Limited,Middlesbrough,,Worker (A rating),Skilled Worker,engineering_construction
Shayona Builders Limited,Croydon,Surrey,Worker (A rating),Skilled Worker,engineering_construction
SHC Construction Ltd,Hayes,,Worker (A rating),Skilled Worker,engineering_construction
shehrys's construction ltd,Birmingham,,Worker (A rating),Skilled Worker,engineering_construction
Shelbourne Motors Limited,Portadown,Co. Armagh,Worker (A rating),Skilled Worker,engineering_construction
Shelbourne Reynolds Engineering Ltd,Bury St. Edmunds,Suffolk,Worker (A rating),Skilled Worker; Global Business Mobility: Senior or Specialist Worker,engineering_construction
Shell civil & infrastructure Ltd,Blackburn,Lancashire,Worker (A rating),Skilled Worker,engineering_construction
SHELLMAR CONSTRUCTION LIMITED,Luton,Bedfordshire,Worker (A rating),Skilled Worker,engineering_construction
Shepherd Gilmour Infrastructure Ltd,Manchester,Greater Manchester,Worker (A rating),Skilled Worker,engineering_construction
Shera Building Works Ltd,Surrey,,Worker (A rating),Skilled Worker,engineering_construction
Sheriff Motors Edin Ltd,Edinburgh,,Worker (A rating),Skilled Worker,engineering_construction
Sheriffmill Motor Co,Elgin,,Worker (A rating),Skilled Worker,engineering_construction
Sherwoods Motor Group,Washington,,Worker (A rating),Skilled Worker,engineering_construction
Shetland Heat Energy & Power Limited,Lerwick,Shetland,Worker (A rating),Skilled Worker,engineering_construction
SHEZLIN CONSTRUCTION & JOINERY LTD,Nelson,,Worker (A rating),Skilled Worker,engineering_construction
Shield Engineering (Syston) Limited,Leicester,,Worker (A rating),Skilled Worker,engineering_construction
SHIELD MARQUEE MANUFACTURING LTD,Atherstone,,Worker (A rating),Skilled Worker,engineering_construction
SHIRA BUILDERS LTD,OLDBURY,,Worker (A rating),Skilled Worker,engineering_construction
Shiv Motors,London,,Worker (A rating),Skilled Worker,engineering_construction
SHOKAT BUILDING SERVICES LTD,LEICESTER,,Worker (A rating),Skilled Worker,engineering_construction
Shomoy Contractors Limited,London,,Worker (A rating),Skilled Worker,engineering_construction
SHORELINE BUILDING SERVICES LIMITED,Portsmouth,ENGLAND,Worker (A rating),Skilled Worker,engineering_construction
SHREE SHREEJI INFRASCTURE LIMITED T/A Ruut builders,Leicester,,Worker (A rating),Skilled Worker,engineering_construction
SHS BURRIDGE ARCHITECTS,Edinburgh,,Worker (A rating),Skilled Worker,engineering_construction
SHS UK Construction Limited,Bristol,,Worker (A rating),Skilled Worker,engineering_construction
Shubh Builders Ltd,Waltham Cross,Hertfordshire,Worker (A rating),Skilled Worker,engineering_construction
SHYAM BUILDING SERVICES LTD,MIDDLESEX,,Worker (A rating),Skilled Worker,engineering_construction
SICCAR POINT ENERGY LIMITED,Aberdeen,Aberdeenshire,Worker (A rating),Skilled Worker,engineering_construction
Siddh Construction Limited,Romford,Essex,Worker (A rating),Skilled Worker,engineering_construction
Sidhu Construction Services Ltd,Kent,,Worker (A rating),Skilled Worker,engineering_construction
Siemens Energy Limited,Newcastle Upon Tyne,,Worker (A rating),Global Business Mobility: Senior or Specialist Worker; Skilled Worker,engineering_construction
Siemens Gamesa Renewable Energy Limited,Hull,,Worker (A rating),Global Business Mobility: Senior or Specialist Worker; Skilled Worker,engineering_construction
Sigma Engineering Product Design Ltd,Irvine,North Ayrshire,Worker (A rating),Skilled Worker,engineering_construction
SIKANDER CONSTRUCTION LTD,Bexleyheath,,Worker (A rating),Skilled Worker,engineering_construction
Sikraft Infotech ( Nuclear Energy ) Limited,Harrow,,Worker (A rating),Skilled Worker; Global Business Mobility: Senior or Specialist Worker,engineering_construction
SILSOE PRESTIGE MOTORS LTD,Bedford,,Worker (A rating),Skilled Worker,engineering_construction
Silverlake Garage (Motor Salvage) LTD,southampton,hampshire,Worker (A rating),Skilled Worker,engineering_construction
SILVERSTONE MOTOR GROUP LTD,Manchester,,Worker (A rating),Skilled Worker,engineering_construction
Silverthorn Engineers Ltd,Leicester,,Worker (A rating),Skilled Worker,engineering_construction
Simcott Renewables LTD,Witham,Essex,Worker (A rating),Skilled Worker,engineering_construction
Simetri Architecture & Construction Ltd,London,,Worker (A rating),Skilled Worker,engineering_construction
Simms building and civil engineering Ltd,Bexley,Kent,Worker (A rating),Skilled Worker,engineering_construction
Simon Astridge Architecture Workshop Limited,London,,Worker (A rating),Skilled Worker,engineering_construction
SIMON BUILDERS LTD,Croydon,,Worker (A rating),Skilled Worker,engineering_construction
Simon Carves Engineering Ltd,Manchester,,Worker (A rating),Skilled Worker; Global Business Mobility: Senior or Specialist Worker,engineering_construction
Simon Mack Architecture Limited,Henley on Thames,Oxfordshire,Worker (A rating),Skilled Worker,engineering_construction
Simpact Engineering Ltd,Warwick,Warwickshire,Worker (A rating),Skilled Worker,engineering_construction
Simple Sanitaryware and Plumbing Trading as Simple Sanitaryware LTD,Hounslow,Middlesex,Worker (A rating),Skilled Worker,engineering_construction
Simplex Electrical Limited,London,,Worker (A rating),Skilled Worker,engineering_construction
SIMPLY ENERGY SOLUTIONS LIMITED,BARKING,,Worker (A rating),Skilled Worker,engineering_construction
SIMPLY PLUMBING BATHROOMS LIMITED,Bromley,,Worker (A rating),Skilled Worker,engineering_construction
Simposon Engineering Limited,Sutton,,Worker (A rating),Skilled Worker,engineering_construction
SimpsonHaugh Architects Ltd,Manchester,,Worker (A rating),Skilled Worker,engineering_construction
Sinden Construction Limited,Harold Wood,Essex,Worker (A rating),Skilled Worker,engineering_construction
Sinewave Energy Solutions,Swindon,Wiltshire,Worker (A rating),Skilled Worker,engineering_construction
Singh Builder Merchant Ltd,Iver,Buckinghamshire,Worker (A rating),Skilled Worker,engineering_construction
Singh Builders Limited,London,Middlesex,Worker (A rating),Skilled Worker,engineering_construction
Singh Carpentry & Joinery Limited,Chislehurst,Kent,Worker (A rating),Skilled Worker,engineering_construction
Singhs Builders (London) Limited,London,Greater London,Worker (A rating),Skilled Worker,engineering_construction
SINGHS MOTORS LIMITED,Glasgow,Scotland,Worker (A rating),Skilled Worker,engineering_construction
Sirius Aerospace Manufacturing,Rugby,Warwickshire,Worker (A rating),Skilled Worker,engineering_construction
Site Engineering Surveys Ltd,London,,Worker (A rating),Skilled Worker,engineering_construction
Siteform Flooring Contractors Ltd,Dukinfield,Greater Manchester,Worker (A rating),Skilled Worker,engineering_construction
SIVAPRASADAM ENGINEERING LIMITED,Reading,,Worker (A rating),Skilled Worker,engineering_construction
Sixways Builders Merchants Limited,Birmingham,,Worker (A rating),Skilled Worker,engineering_construction
Sj Motor Services Ltd,Oldham,,Worker (A rating),Skilled Worker,engineering_construction
SJ Motors Paisley Limited,Paisley,,Worker (A rating),Skilled Worker,engineering_construction
SJC Hutchinson Engineering Ltd,Coleraine,,Worker (A rating),Skilled Worker,engineering_construction
SJF IMPERIUM CONSTRUCTION & ENGINEERING LIMITED,Slough,,Worker (A rating),Skilled Worker,engineering_construction
SK Energy Europe Ltd,London,,Worker (A rating),Global Business Mobility: Senior or Specialist Worker; Skilled Worker,engineering_construction
SK Gill Construction Ltd,Hayes,,Worker (A rating),Skilled Worker,engineering_construction
SK Joinery Contracts Ltd,Swatragh,,Worker (A rating),Skilled Worker,engineering_construction
SK Sales & Construction LTD,London,,Worker (A rating),Skilled Worker,engineering_construction
SK13 CONSTRUCTION LTD,Leicester,,Worker (A rating),Skilled Worker,engineering_construction
SKA MOTORS LONDON LTD,London,,Worker (A rating),Skilled Worker,engineering_construction
SKB JOINERY AND BUILDING MANAGEMENT LTD,WINSFORD,,Worker (A rating),Skilled Worker,engineering_construction
SKE Engineering Limited,Milton Keynes,,Worker (A rating),Skilled Worker,engineering_construction
Sketch London Architects,FARNHAM,UK,Worker (A rating),Skilled Worker,engineering_construction
SKILLED BUILDING SOLUTION LIMITED,Birmingham,,Worker (A rating),Skilled Worker,engineering_construction
Skipton Building Society,Skipton,North Yorkshire,Worker (A rating),Skilled Worker,engineering_construction
SKS Construction (London) Ltd.,Hillingdon,,Worker (A rating),Skilled Worker,engineering_construction
SKT BUILDERS LTD,Thornton Heath,England,Worker (A rating),Skilled Worker,engineering_construction
SKY HOUSE CONSTRUCTION LIMITED,Bromley,,Worker (A rating),Skilled Worker,engineering_construction
Sky Motors London Limited,Romford,Essex,Worker (A rating),Skilled Worker,engineering_construction
SKYLIGHT CONSTRUCTION LTD,Romford,,Worker (A rating),Skilled Worker,engineering_construction
Skyline Building Merchants Ltd,Denham,Uxbridge,Worker (A rating),Skilled Worker,engineering_construction
SKYLINE CONTRACTORS GROUP LTD,Cardiff,,Worker (A rating),Skilled Worker,engineering_construction
Skylon Construction,Hatfield,Herts,Worker (A rating),Skilled Worker,engineering_construction
Skyports Infrastructure Limited (UK),London,,Worker (A rating),Skilled Worker,engineering_construction
Skyray Engineering Ltd,Bristol,,Worker (A rating),Skilled Worker,engineering_construction
Skyships Automotive Ltd,Great Saling,Essex,Worker (A rating),Skilled Worker,engineering_construction
SKYVIEW BUILDERS LIMITED,Heston,,Worker (A rating),Skilled Worker,engineering_construction
SL Engineering Ltd,Sleaford,Lincolnshire,Worker (A rating),Skilled Worker,engineering_construction
SL MOTORS LTD,Romford,Essex,Worker (A rating),Skilled Worker,engineering_construction
SL Precision Engineers Ltd T/A SL Plastics,Thetford,NORFOLK,Worker (A rating),Skilled Worker,engineering_construction
Slingshot Aerospace Limited,Newquay,Cornwall,Worker (A rating),Skilled Worker,engineering_construction
Slipform Engineering Limited,London,,Worker (A rating),Skilled Worker,engineering_construction
SM BUILDING WORKS LTD,Milton Keynes,,Worker (A rating),Skilled Worker,engineering_construction
SM London Construction Ltd,Pinner,Harrow,Worker (A rating),Skilled Worker,engineering_construction
SMA Solar UK Ltd,Milton Keynes,Buckinghamshire,Worker (A rating),Skilled Worker,engineering_construction
Smalley Marsey Rispin Architects Ltd,Harrogate,North Yorkshire,Worker (A rating),Skilled Worker,engineering_construction
Smart Builders Mossley Ltd,Stalybridge,,Worker (A rating),Skilled Worker,engineering_construction
SMART CONSTRUCTION AND SERVICES LTD,Dartford,,Worker (A rating),Skilled Worker,engineering_construction
Smart Construction Services Ltd,Halifax,,Worker (A rating),Skilled Worker,engineering_construction
Smart Heating Maintenance Limited,London,,Worker (A rating),Skilled Worker,engineering_construction
Smart Home Design and Construction Ltd,London,,Worker (A rating),Skilled Worker,engineering_construction
Smart Joinery Ltd,London,,Worker (A rating),Skilled Worker,engineering_construction
Smart plumbing and heating ltd,Bristol,,Worker (A rating),Skilled Worker,engineering_construction
Smart Plumbing Services Ltd,Orpington,Kent,Worker (A rating),Skilled Worker,engineering_construction
Smart Wheel Motors Ltd,Uxbridge,,Worker (A rating),Skilled Worker,engineering_construction
Smarta Energy,Leeds,,Worker (A rating),Skilled Worker,engineering_construction
SMARTech Energy Ltd,Chippenham,Wiltshire,Worker (A rating),Skilled Worker,engineering_construction
SMARTECH PLUMBING AND HEATING LTD,Southall,,Worker (A rating),Skilled Worker,engineering_construction
Smartway Energy Ltd,Ashton-Under-Lyne,Lancashire,Worker (A rating),Skilled Worker,engineering_construction
SMC Manufacturing (UK) Limited,Invergordon,Ross-shire,Worker (A rating),Skilled Worker,engineering_construction
SMG Builders and Developers Ltd,Slough,,Worker (A rating),Skilled Worker,engineering_construction
SMI PLUMBING AND HEATING LTD,AYLESBURY,,Worker (A rating),Skilled Worker,engineering_construction
SMITH'S ENGINEERING WORKS (NORTHERN IRELAND) LIMITED,BALLYMENA,ANTRIM,Worker (A rating),Skilled Worker,engineering_construction
SMR Automotive Mirrors UK Ltd,Portchester,Hants,Worker (A rating),Global Business Mobility: Senior or Specialist Worker; Skilled Worker,engineering_construction
SMS BUILDERS UK LIMITED,Nottingham,,Worker (A rating),Skilled Worker,engineering_construction
SN Construction Limited,Bradford,,Worker (A rating),Skilled Worker,engineering_construction
Snashall Steel Fabrications Co Ltd,Pulham,Dorset,Worker (A rating),Skilled Worker,engineering_construction
SND Electrical Wholesalers LTD,Birmingham,West Midlands,Worker (A rating),Skilled Worker,engineering_construction
Snows Motor Group Limited,Southampton,Hampshire,Worker (A rating),Skilled Worker,engineering_construction
So & Co Building Services Limited,Stanmore,,Worker (A rating),Skilled Worker,engineering_construction
So Energy Trading Limited,London,,Worker (A rating),Skilled Worker,engineering_construction
Society of Petroleum Engineers Europe Limited,London,,Worker (A rating),Global Business Mobility: Senior or Specialist Worker; Skilled Worker,engineering_construction
Sodhi & Patil Construction Ltd,Bedford,,Worker (A rating),Skilled Worker,engineering_construction
Sogeclair Aerospace Ltd,Bristol,,Worker (A rating),Skilled Worker,engineering_construction
SOHO COMMODITIES AND ENERGY UK LIMITED,London,,Worker (A rating),Skilled Worker,engineering_construction
Sojitz Aerospace Corporation,London,,Temporary Worker (A rating); Worker (A rating),Global Business Mobility: Graduate Trainee; Skilled Worker; Global Business Mobility: Senior or Specialist Worker,engineering_construction
SOL4R ENERGY LTD,Sutton,England,Worker (A rating),Skilled Worker,engineering_construction
Solar Energy UK,London,,Worker (A rating),Skilled Worker,engineering_construction
Solar Gates UK Ltd,Maidstone,Kent,Worker (A rating),Skilled Worker,engineering_construction
SOLAR MARINE AGENCY UK LIMITED,London,,Worker (A rating),Skilled Worker,engineering_construction
Solar Roofing Specialists (UK) Ltd T/A Ecogen Energy,Bristol,,Worker (A rating),Skilled Worker,engineering_construction
Solar Style Distributions Ltd,Stockton-on-Tees,,Worker (A rating),Skilled Worker,engineering_construction
SOLAR TONIC UK LTD,London,,Worker (A rating),Skilled Worker,engineering_construction
SOLAR WARRIOR LTD,Berkshire,,Worker (A rating),Skilled Worker,engineering_construction
SOLAR WATER PLC,London,,Worker (A rating),Skilled Worker,engineering_construction
Solax Power UK Limited,Atherstone,Warwickshire,Worker (A rating),Global Business Mobility: Senior or Specialist Worker; Skilled Worker,engineering_construction
SOLER ENERGY LTD,High Wycombe,,Worker (A rating),Skilled Worker,engineering_construction
Solera Engineering Limited,Towcester,,Worker (A rating),Skilled Worker,engineering_construction
SOLID & SECURE CONSTRUCTION LTD,Rainham,UK,Worker (A rating),Skilled Worker,engineering_construction
Solis Marine Engineering Limited,Penryn,Cornwall,Worker (A rating),Skilled Worker,engineering_construction
Solitaire Solar UK LTD,Enfield,Middlesex,Worker (A rating),Skilled Worker,engineering_construction
Somrat Builders LTD,Manchester,,Worker (A rating),Skilled Worker,engineering_construction
SONI CONSTRUCTION LIMITED,Hayes,,Worker (A rating),Skilled Worker,engineering_construction
Sonic Builders Limited,Watford,,Worker (A rating),Skilled Worker,engineering_construction
SONIC BUILDING SUPPLIES LTD T/A SONIC,CRANLEIGH,,Worker (A rating),Skilled Worker,engineering_construction
SONU CONSTRUCTION LTD,LONDON,,Worker (A rating),Skilled Worker,engineering_construction
SONYS CONSTRUCTION LTD,Woking,,Worker (A rating),Skilled Worker,engineering_construction
SOR Energy Ltd,Canncok,,Worker (A rating),Skilled Worker,engineering_construction
South & West Motors Ltd,Bath,Somerset,Worker (A rating),Skilled Worker,engineering_construction
South Queen Construction Limited,London,,Worker (A rating),Skilled Worker,engineering_construction
South West Engineering Ltd,Castle Douglas,Dumfries and Galloway,Worker (A rating),Skilled Worker,engineering_construction
South west power promotions ltd,St Austell,Cornwall,Worker (A rating),International Sportsperson,engineering_construction
Southco Manufacturing Limited,Worcester,,Worker (A rating),Global Business Mobility: Senior or Specialist Worker; Skilled Worker,engineering_construction
SOUTHDOWNS CONSTRUCTION LTD,London,,Worker (A rating),Skilled Worker,engineering_construction
Southwest Builders (London) Limited,Sutton,,Worker (A rating),Skilled Worker,engineering_construction
SP-BUILDING SERVICES LIMITED,Cambridge,,Worker (A rating),Skilled Worker,engineering_construction
Space Group of Architects Ltd,London,,Worker (A rating),Skilled Worker,engineering_construction
Spazio Joinery Ltd,Chelmsford,Essex,Worker (A rating),Skilled Worker,engineering_construction
SPB Civil Engineering Ltd,Waterlooville,Hants,Worker (A rating),Skilled Worker,engineering_construction
Speak Easy Construction Ltd,Banbury,,Worker (A rating),Skilled Worker,engineering_construction
SPEC Engineering Ltd,Leatherhead,,Worker (A rating),Global Business Mobility: Senior or Specialist Worker,engineering_construction
Specialised Polymer Engineering Ltd,Southampton,Hampshire,Worker (A rating),Skilled Worker,engineering_construction
Specialist Engineering Services Ltd,Doncaster,,Worker (A rating),Skilled Worker,engineering_construction
Specialist Joinery Fittings,Maghera,Derry,Worker (A rating),Skilled Worker,engineering_construction
SPECTRA CONSTRUCTION LTD,London,,Worker (A rating),Skilled Worker,engineering_construction
Spectra Engineering Services LTD.,London,,Worker (A rating),Skilled Worker,engineering_construction
Spectrum Motors WM Limited,Smethwick,West Midlands,Worker (A rating),Skilled Worker,engineering_construction
SPEED ENERGY UK LTD,Birmingham,England,Worker (A rating),Skilled Worker,engineering_construction
Speed Engineering Solutions Limited,Derby,,Worker (A rating),Global Business Mobility: Senior or Specialist Worker; Skilled Worker,engineering_construction
Spen Motors,Dewsbury,West Yorkshire,Worker (A rating),Skilled Worker,engineering_construction
Spintex Engineering Limited,Oxford,Oxfordshire,Worker (A rating),Skilled Worker,engineering_construction
Spirit Energy Production UK Limited,Windsor,Berkshire,Worker (A rating),Global Business Mobility: Senior or Specialist Worker; Skilled Worker,engineering_construction
Spirit Motor Company Limited,Bolton,Greater Manchester,Worker (A rating),Skilled Worker,engineering_construction
Spirit Solar Limited (t/a Spirit Energy),Reading,UK,Worker (A rating),Skilled Worker,engineering_construction
SPL BUILDERS LIMITED,Wolverhampton,,Worker (A rating),Skilled Worker,engineering_construction
Springhead Construction  Limited,Kent,,Worker (A rating),Skilled Worker,engineering_construction
Sprint Automotive Ltd,Bradford,,Worker (A rating),Skilled Worker,engineering_construction
Spruce Energy Limited,London,,Worker (A rating),Skilled Worker,engineering_construction
SPS CIVIL LIMITED,Ilford,,Worker (A rating),Skilled Worker,engineering_construction
SPS CONSTRUCTION LTD,London,,Worker (A rating),Skilled Worker,engineering_construction
Spyder Construction Limited,Stockport,England,Worker (A rating),Skilled Worker,engineering_construction
SQ Electrical Services Ltd,Preston,,Worker (A rating),Skilled Worker,engineering_construction
SQ Motor Group LTD,Reading,,Worker (A rating),Skilled Worker,engineering_construction
SR BUILDERS LIMITED,LONDON,,Worker (A rating),Skilled Worker,engineering_construction
SR ENGINEERS GROUP LIMITED,Mitcham,Surrey,Worker (A rating),Skilled Worker,engineering_construction
SR TIMBER & BUILDING MERCHANT LTD,Southall,,Worker (A rating),Skilled Worker,engineering_construction
SRC INFRASTRUCTURE LTD,LONDON,,Worker (A rating),Skilled Worker,engineering_construction
SRD Engineering Ltd,Bicester,Oxon,Worker (A rating),Skilled Worker,engineering_construction
SRJ Energy Limited,Houghton Le Spring,Tyne and Wear,Worker (A rating),Skilled Worker,engineering_construction
SRY Developments Construction Ltd,Surrey,,Worker (A rating),Skilled Worker,engineering_construction
SS BUILDING CONSTRUCTION LTD,Grays,,Worker (A rating),Skilled Worker,engineering_construction
SS Civil Engineering Ltd,Birmingham,West mIDLANDS,Worker (A rating),Skilled Worker,engineering_construction
SS Construction Uxbridge Ltd,Uxbridge,,Worker (A rating),Skilled Worker,engineering_construction
SS Contractors Limited,London,,Worker (A rating),Skilled Worker,engineering_construction
SS Sandhu Construction Ltd,Southall,,Worker (A rating),Skilled Worker,engineering_construction
SS SANDHU LONDON CONSTRUCTION LTD,Hounslow,,Worker (A rating),Skilled Worker,engineering_construction
SS UK Construction Limited,Wolverhampton,,Worker (A rating),Skilled Worker,engineering_construction
SSANGYONG ENGINEERING & CONSTRUCTION UK LTD.,Middlesbrough,,Worker (A rating),Global Business Mobility: Senior or Specialist Worker; Skilled Worker,engineering_construction
SSG Builders Ltd,Harrow,,Worker (A rating),Skilled Worker,engineering_construction
SSJ BUILDING SUPPLIES LTD,Birmingham,,Worker (A rating),Skilled Worker,engineering_construction
SSJB Contractors Ltd,Slough,,Worker (A rating),Skilled Worker,engineering_construction
SSM MOTOR TRADERS LIMITED,LONDON,,Worker (A rating),Skilled Worker,engineering_construction
SSS Construction Services Ltd,Grays,Thurrock,Worker (A rating),Skilled Worker,engineering_construction
ST CONSTRUCTION EUROPE LTD,Newport,,Worker (A rating),Skilled Worker,engineering_construction
ST Engineering iDirect (UK) Limited,Milton Keynes,Buckinghamshire,Worker (A rating),Global Business Mobility: Senior or Specialist Worker; Skilled Worker,engineering_construction
ST Engineering RHQ Limited,Oxon,,Worker (A rating),Skilled Worker; Global Business Mobility: Senior or Specialist Worker,engineering_construction
ST MOTOR GROUP,Southnorwood,,Worker (A rating),Skilled Worker,engineering_construction
STACK Infrastructure EMEA Limited,London,,Worker (A rating),Global Business Mobility: Senior or Specialist Worker; Skilled Worker,engineering_construction
STAG Construction Limited,Bournemouth,,Worker (A rating),Skilled Worker,engineering_construction
Staines Diesels & Electrical Services Ltd,Englefield Green,Surrey,Worker (A rating),Skilled Worker,engineering_construction
Staines Motors Ltd,Staines-upon-Thames,,Worker (A rating),Skilled Worker,engineering_construction
Stak Construction Ltd,London,London,Worker (A rating),Skilled Worker,engineering_construction
Stamos Yeoh architects LTD,London,,Worker (A rating),Skilled Worker,engineering_construction
Stanesby Architecture Ltd,London,,Worker (A rating),Skilled Worker,engineering_construction
Stanhope Gate Architecture Ltd,London,,Worker (A rating),Skilled Worker,engineering_construction
STAR BUILDING AND HEATING SOLUTIONS LTD,Burton-On-Trent,,Worker (A rating),Skilled Worker,engineering_construction
STAR CITY MOTORS LIMITED,Birmingham,,Worker (A rating),Skilled Worker,engineering_construction
Star Construction Group Ltd,London,,Worker (A rating),Skilled Worker,engineering_construction
STAR ENERGY GROUP LTD,SUDBROOKE,LINCOLNSHIRE,Worker (A rating),Global Business Mobility: Senior or Specialist Worker; Skilled Worker,engineering_construction
STAR METAL FABRICATION LTD,Hoddesdon,Hertfordshire,Worker (A rating),Skilled Worker,engineering_construction
STAR MOTORS LTD,Bolton,,Worker (A rating),Skilled Worker,engineering_construction
Star Power Touring Ltd,Macclesfield,Cheshire,Temporary Worker (A rating),Creative Worker,engineering_construction
STAR PRO CONSTRUCTION LTD,London,,Worker (A rating),Skilled Worker,engineering_construction
Star Solutions Engineering  Ltd,Newton Abbot,Devon,Worker (A rating),Skilled Worker,engineering_construction
Starcourt construction Ltd,New Malden,,Worker (A rating),Skilled Worker,engineering_construction
Stark Building Materials UK Limited,Coventry,,Worker (A rating),Skilled Worker,engineering_construction
Starn Energy Services Group Limited,Dundee,,Worker (A rating),Skilled Worker,engineering_construction
Starr Builders Limited,Harrow,,Worker (A rating),Skilled Worker,engineering_construction
Start Solar Ltd,Lisburn,Northern Ireland,Worker (A rating),Skilled Worker,engineering_construction
STARTEK BUILDER LTD,London,,Worker (A rating),Skilled Worker,engineering_construction
STARTWELL ENGINEERING (U.K.) LIMITED,Hitchin,,Worker (A rating),Skilled Worker,engineering_construction
Statera Energy Limited,London,,Worker (A rating); Temporary Worker (A rating),Skilled Worker; Global Business Mobility: Service Supplier,engineering_construction
Station Plumbing and Hardware Ltd,Birmingham,West Midlands,Worker (A rating),Skilled Worker,engineering_construction
Status Motor Group LTD,Barking,,Worker (A rating),Skilled Worker,engineering_construction
STAYWARM INSULATING & HEATING ENGINEERS LTD T/A CHESHIRE  SPAS & POOLS,NESTON,CHESHIRE,Worker (A rating),Skilled Worker,engineering_construction
STC Power UK Limited,Nottingham,Nottinghamshire,Worker (A rating),Skilled Worker,engineering_construction
Steel Engineers And Fabricators Limited,Manchester,,Worker (A rating),Skilled Worker,engineering_construction
STEEL HOMES CONSTRUCTION LTD,South Croydon,,Worker (A rating),Skilled Worker,engineering_construction
Steer Automotive Group,Aylesbury,,Worker (A rating),Skilled Worker,engineering_construction
Stellar Energy UK Limited,"Llanelli,",,Worker (A rating),Skilled Worker,engineering_construction
Stellar Motor Company (Bolton) Limited,Bolton,,Worker (A rating),Skilled Worker,engineering_construction
Stellar Motors Ltd,Bracknell,,Worker (A rating),Skilled Worker,engineering_construction
STEM ENERGY SERVICES LIMITED,Aberdeen,Aberdeenshire,Worker (A rating),Skilled Worker,engineering_construction
Stenton Obhi Architects,Milton Keynes,Buckinghamshire,Worker (A rating),Skilled Worker,engineering_construction
Stephen Taylor Architects Ltd,London,,Worker (A rating),Skilled Worker,engineering_construction
Sterling Motor Group LTD,London,,Worker (A rating),Skilled Worker,engineering_construction
Sterlingworth Surveyors Ltd,Chessington,,Worker (A rating),Skilled Worker,engineering_construction
Stern Energy UK Limited,London,,Worker (A rating),Skilled Worker,engineering_construction
Stevie Wight Electrical Limited,Dumfries,,Temporary Worker (A rating); Worker (A rating),Creative Worker; International Sportsperson,engineering_construction
STG Fabrications Ltd,Woking,Surrey,Worker (A rating),Skilled Worker,engineering_construction
STICK-MIG-WELDING FABRICATION LTD,Chatham,Kent,Worker (A rating),Skilled Worker,engineering_construction
Stiff + Trevillion Architects Ltd,London,,Worker (A rating),Skilled Worker,engineering_construction
STIFF AND TREVILLION ARCHITECTS LIMITED,Abingdon,Oxfordshire,Worker (A rating),Skilled Worker,engineering_construction
Stig Motors,London,,Worker (A rating),Skilled Worker,engineering_construction
STIRLING CASTLE CONSTRUCTION LIMITED,Hounslow,,Worker (A rating),Skilled Worker,engineering_construction
STM BUILDERS LTD,West Bromwich,West Midlands,Worker (A rating),Skilled Worker,engineering_construction
STONEAGE BUILDING CONTRACTORS LIMITED,BIRMINGHAM,WEST MIDLANDS,Worker (A rating),Skilled Worker,engineering_construction
STONECOLD CONSTRUCTION LIMITED,London,,Worker (A rating),Skilled Worker,engineering_construction
Stonewood Builders Holdings Limited,Chippenham,Wiltshire,Worker (A rating),Skilled Worker,engineering_construction
STOWEN CLEAN ENERGY LIMITED,Great Yarmouth,,Worker (A rating); Temporary Worker (A rating),Skilled Worker; Global Business Mobility: Service Supplier,engineering_construction
Strain Engineering & Co Limited,Bellaghy,londonderry,Worker (A rating),Skilled Worker,engineering_construction
Strain Engineering & Co Ltd,Magherafelt,Londonderry,Worker (A rating),Skilled Worker,engineering_construction
Stratavis Engineering LTD,Ilford,London,Worker (A rating),Skilled Worker,engineering_construction
STRATSMORE CONSTRUCTION LTD,Ilford,,Worker (A rating),Skilled Worker,engineering_construction
Streat Motor Services Limited T/A Streat Motors,Redhill,Surrey,Worker (A rating),Skilled Worker,engineering_construction
stretto architects ltd,Bristol,,Worker (A rating),Skilled Worker,engineering_construction
Strip Tining Automotive,Birmingham,,Worker (A rating),Skilled Worker,engineering_construction
Strom Architects Ltd,Lymington,Hampshire,Worker (A rating),Skilled Worker,engineering_construction
Strongbase Construction,London,,Worker (A rating),Skilled Worker,engineering_construction
Structural and Civil Design,South croydon,Surrey,Worker (A rating),Skilled Worker,engineering_construction
Structural Steel Works & Engineering Ltd,London,Waltham Forest,Worker (A rating),Skilled Worker,engineering_construction
STS Motors Ltd,Cradley Heath,West Midlands,Worker (A rating),Skilled Worker,engineering_construction
Stuarts Framework Construction Limited,Birmingham,,Worker (A rating),Skilled Worker,engineering_construction
Studio Cullinan And Buck Architects Ltd.,London,,Worker (A rating),Skilled Worker,engineering_construction
STUDIO SEILERN ARCHITECTS,London,,Worker (A rating),Skilled Worker,engineering_construction
Studley Engineering Ltd,Liverpool,Merseyside,Worker (A rating),Skilled Worker,engineering_construction
STYLEPLAN ELECTRICAL LTD,LUTON,,Worker (A rating),Skilled Worker,engineering_construction
Stylus Architects,London,,Worker (A rating),Skilled Worker,engineering_construction
SU SU CONSTRUCTION LIMITED,London,,Worker (A rating),Skilled Worker,engineering_construction
SUBLIME ENERGY SERVICES LIMITED,Cleckheaton,West Yorkshire,Worker (A rating),Skilled Worker,engineering_construction
Subsea Energy Solutions Limited,Catterick Garrison,North Yorkshire,Worker (A rating),Skilled Worker,engineering_construction
SUCCESS HEATING & ENERGY LTD,Bradford,,Worker (A rating),Skilled Worker,engineering_construction
SUIR ENGINEERING UK LIMITED,Bristol,,Worker (A rating),Skilled Worker,engineering_construction
SUKHI CONSTRUCTION LIMITED,Buckingshire,,Worker (A rating),Skilled Worker,engineering_construction
SUKHIS CONSTRUCTION LTD,Leicester,,Worker (A rating),Skilled Worker,engineering_construction
Sultan Construction Limited,Oldham,,Worker (A rating),Skilled Worker,engineering_construction
SUMITOMO ELECTRIC U.K. POWER CABLES LTD.,Alness,,Worker (A rating),Global Business Mobility: Senior or Specialist Worker; Skilled Worker,engineering_construction
Sunbird Solar Solutions (UK) Limited,London,,Worker (A rating),Skilled Worker,engineering_construction
Suncor Energy UK,Aberdeen,,Worker (A rating),Global Business Mobility: Senior or Specialist Worker; Skilled Worker,engineering_construction
Sunfree Energy UK Ltd,London,,Worker (A rating),Skilled Worker,engineering_construction
SunGift Solar Limited,Exeter,Devon,Worker (A rating),Skilled Worker,engineering_construction
Sungrow Power UK Ltd,Milton Keynes,England,Worker (A rating),Global Business Mobility: Senior or Specialist Worker; Skilled Worker,engineering_construction
SUNSHINE BUILDERS BIRMINGHAM LTD,Birmingahm,West Midlands,Worker (A rating),Skilled Worker,engineering_construction
Super Power Agency,Edinburgh,,Worker (A rating),Skilled Worker,engineering_construction
SUPER RISE CONSTRUCTION LTD,Morden,,Worker (A rating),Skilled Worker,engineering_construction
Superior Wild Well Energy Services Limited,Aberdeen,,Worker (A rating),Global Business Mobility: Senior or Specialist Worker; Skilled Worker,engineering_construction
Sur Construction Services,Dunstable,,Worker (A rating),Skilled Worker,engineering_construction
Sure Energy Solutions Ltd,Wirral,Merseyside,Worker (A rating),Skilled Worker,engineering_construction
Sure Surveyors Ltd,Burton-On-Trent,Staffordshire,Worker (A rating),Skilled Worker,engineering_construction
Surrey Construction LTD,Woking,,Worker (A rating),Skilled Worker,engineering_construction
Surrey Renewable Energy Services Ltd,Banstead,Surrey,Worker (A rating),Skilled Worker,engineering_construction
Sustainable Construction Services Ltd,Bristol,Bristol,Worker (A rating),Skilled Worker,engineering_construction
Sustainable Energy First Limited,Fulwood,Preston,Worker (A rating),Skilled Worker,engineering_construction
Sustainable Energy Ltd,Cardiff,Cardiff,Worker (A rating),Skilled Worker,engineering_construction
Sustainable Energy Purchasing ltd,Surrey,,Worker (A rating),Skilled Worker,engineering_construction
SUTTON CONSTRUCTION (UK) Ltd,Sutton,Surrey,Worker (A rating),Skilled Worker,engineering_construction
Sutton Construction Ltd,Morden,Surrey,Worker (A rating),Skilled Worker,engineering_construction
SW Energy Limited,Liverpool,,Worker (A rating),Skilled Worker,engineering_construction
SW17 Surveyors Limited,Tooting,London,Worker (A rating),Skilled Worker,engineering_construction
SWAAN MOTORS LTD,Peterborough,,Worker (A rating),Skilled Worker,engineering_construction
SWAAT BUILDERS LTD,London,,Worker (A rating),Skilled Worker,engineering_construction
SWAN AUTO ENGINEERING LTD,WASHINGTON,,Worker (A rating),Skilled Worker,engineering_construction
Swan Contractors Ltd,Harrow,,Worker (A rating),Skilled Worker,engineering_construction
Swann Engineering Group,Tonbridge,Kent,Worker (A rating),Skilled Worker,engineering_construction
SWAP Architects Limited,Shirley,Birmingham,Worker (A rating),Skilled Worker,engineering_construction
SWB CONTRACTORS LTD,Essex,United Kingdom,Worker (A rating),Skilled Worker,engineering_construction
Sweet Homes Manufacturing ltd,Birmingham,,Worker (A rating),Skilled Worker,engineering_construction
Swietelsky Construction Company Ltd,Reading,,Worker (A rating),Global Business Mobility: Senior or Specialist Worker; Skilled Worker,engineering_construction
Swift Brickwork Contractors Limited,Essex,,Worker (A rating),Skilled Worker,engineering_construction
Swift Motor Repairs Limited,Bolton,,Worker (A rating),Skilled Worker,engineering_construction
Swift Scaffolding Limited,Colchester,Essex,Worker (A rating),Skilled Worker,engineering_construction
SWIRE RENEWABLE ENERGY LIMITED,London,,Worker (A rating),Global Business Mobility: Senior or Specialist Worker; Skilled Worker,engineering_construction
Switch 2 Energy Ltd,Shipley,Bradford,Worker (A rating),Skilled Worker,engineering_construction
SY BUILDER LTD,Manchester,,Worker (A rating),Skilled Worker,engineering_construction
SY Homes (Construction) Limited,Shrewsbury,Shropshire,Worker (A rating),Skilled Worker,engineering_construction
Sycamore Process Engineering Limited,Sparkford,Somerset,Worker (A rating),Skilled Worker,engineering_construction
SYDNEY CONSTRUCTION & HOME IMPROVEMENTS LIMITED,Rainham,,Worker (A rating),Skilled Worker,engineering_construction
Synergy Fire Engineering ltd,Matlock,Derbyshire,Worker (A rating),Skilled Worker,engineering_construction
Syos Aerospace UK Limited,Fareham,Hampshire,Worker (A rating),Skilled Worker,engineering_construction
Syscom Building Management Ltd,Egham,Surrey,Worker (A rating),Skilled Worker,engineering_construction
SZ Motor Group Ltd,Nottingham,Nottinghamshire,Worker (A rating),Skilled Worker,engineering_construction
T & B (Contractors) Limited,St. Albans,HERTFORDSHIRE,Worker (A rating),Skilled Worker,engineering_construction
T & SONS  BUILDERS LTD,Birmingham,,Worker (A rating),Skilled Worker,engineering_construction
T J S Construction Leeds Ltd,Leeds,,Worker (A rating),Skilled Worker,engineering_construction
T Motor Limited,shefford,hartfordshire,Worker (A rating),Skilled Worker,engineering_construction
T R Smith & Sons Builders Ltd,Sutton in Ashfield,Nottinghamshire,Worker (A rating),Skilled Worker,engineering_construction
T Rama Construction Ltd,Nottingham,,Worker (A rating),Skilled Worker,engineering_construction
T S Motors Engineering Ltd,Chesham,,Worker (A rating),Skilled Worker,engineering_construction
T&G Engineering Co Ltd,West Byfleet,Surrey,Worker (A rating),Skilled Worker,engineering_construction
T&V ENGINEERING SOLUTIONS LTD,Coventry,,Worker (A rating),Skilled Worker,engineering_construction
T'N'G ELECTRICAL SERVICES LTD,Birmingham,,Worker (A rating),Skilled Worker,engineering_construction
T. AND S. Heating Ltd,Nottingham,England,Worker (A rating),Skilled Worker,engineering_construction
T.L.X. Electrical Limited,Wellingborough,Northants,Worker (A rating),Skilled Worker,engineering_construction
T.R.A ENGINEERING LTD,High Wycombe,,Worker (A rating),Skilled Worker,engineering_construction
T.S.B. Engineering Limited,Bristol,,Worker (A rating),Skilled Worker,engineering_construction
T.T.THUMB ENGINEERING AND CONSTRUCTION LIMITED,Kent,,Worker (A rating),Skilled Worker,engineering_construction
Tadley Engineering Ltd,Tadley,Hampshire,Worker (A rating),Skilled Worker,engineering_construction
TAE Power Solutions Engineering Limited,Birmingham,,Worker (A rating),Skilled Worker,engineering_construction
TAE Power Solutions Limited,"Bickenhall, Solihull",Birmingham,Worker (A rating),Global Business Mobility: Senior or Specialist Worker; Skilled Worker,engineering_construction
TAG Construction Ltd,Kent,,Worker (A rating),Skilled Worker,engineering_construction
Taisan Motors Ltd,Coventry,West Midlands,Worker (A rating),Skilled Worker,engineering_construction
Takhar Construction Ltd,Slough,,Worker (A rating),Skilled Worker,engineering_construction
Tala Energy Ltd,London,,Worker (A rating),Global Business Mobility: Senior or Specialist Worker; Skilled Worker,engineering_construction
Talha Motors Ltd,Hounslow,,Worker (A rating),Skilled Worker,engineering_construction
TALISMAN AUTOS SERVICE LIMITED (T/A HS Motor Repair ltd),Nottingham,,Worker (A rating),Skilled Worker,engineering_construction
TAMEER CONSTRUCTION LTD,LONDON,,Worker (A rating),Skilled Worker,engineering_construction
TANVI BUILDERS LIMITED,Feltham,,Worker (A rating),Skilled Worker,engineering_construction
TAR Engineering Ltd,Leicester,Leicestershire,Worker (A rating),Skilled Worker,engineering_construction
Tara Construction Ltd,Woking,Surrey,Worker (A rating),Skilled Worker,engineering_construction
TARA ENGINEERING SOLUTIONS LTD,Bury,,Worker (A rating),Skilled Worker,engineering_construction
TASK ENGINEERING SOLUTIONS LIMITED,Solihull,West Midlands,Worker (A rating),Skilled Worker,engineering_construction
Taudevin Engineering Limited,Nottinghamshire,,Worker (A rating),Skilled Worker,engineering_construction
Taylor Kightley Engineering Company Limited,Northampton,Northamptonshire,Worker (A rating),Skilled Worker,engineering_construction
TBI Manufacturing Limited,Bury St Edmunds,Suffolk,Worker (A rating),Skilled Worker,engineering_construction
TBS Engineering Limited,Brockworth,Gloucester,Worker (A rating),Skilled Worker,engineering_construction
TBT CONSTRUCTION & ENGINEERING LIMITED,SUNBURY-ON-THAMES,Surrey,Worker (A rating),Skilled Worker,engineering_construction
"TC Manufacturing UK, Limited",Cheshire,,Worker (A rating),Skilled Worker,engineering_construction
TEACH NUA CONSTRUCTION LTD,Berkshire,,Worker (A rating),Skilled Worker,engineering_construction
Tecnica Building Services Ltd,Egham,Surrey,Worker (A rating),Skilled Worker,engineering_construction
TEEMORE ENGINEERING LIMITED,Enniskillen,Fermanagh,Worker (A rating),Skilled Worker,engineering_construction
TEL Landscape Architects Limited,Ilkley,,Worker (A rating),Skilled Worker,engineering_construction
Telis Energy UK Limited,London,,Worker (A rating),Skilled Worker,engineering_construction
TEM-ENERGY LIMITED,London,,Worker (A rating),Skilled Worker,engineering_construction
Tema Engineering Limited,Cardfii,,Worker (A rating),Skilled Worker,engineering_construction
TEMPO MANUFACTURING UK LTD,London,,Worker (A rating),Skilled Worker,engineering_construction
TENBY BUILDERS LIMITED,Luton,,Worker (A rating),Skilled Worker,engineering_construction
Tende Energy plc,London,,Worker (A rating),Skilled Worker,engineering_construction
TEPCO POWER GRID UK LIMITED,London,,Worker (A rating),Global Business Mobility: Senior or Specialist Worker,engineering_construction
Terasa Construction Ltd,Ilford,England,Worker (A rating),Skilled Worker,engineering_construction
Ternan Energy Limited,Aberdeen,,Worker (A rating),Skilled Worker,engineering_construction
Terramac Fabrication Ltd,Coalisland,Tyrone,Worker (A rating),Skilled Worker,engineering_construction
TESHO CONSTRUCTION LTD,SUTTON,,Worker (A rating),Skilled Worker,engineering_construction
Tesla Engineering Ltd,Pulborough,West Sussex,Worker (A rating),Skilled Worker,engineering_construction
Tesla Motors Ltd,Manchester,,Worker (A rating),Global Business Mobility: Senior or Specialist Worker; Skilled Worker,engineering_construction
Tetra Building Contractors Limited,London,,Worker (A rating),Skilled Worker,engineering_construction
TG4 SCAFFOLDING LTD,Romford,,Worker (A rating),Skilled Worker,engineering_construction
TGA Plumbing and Construction Ltd,London,,Worker (A rating),Skilled Worker,engineering_construction
TGE Gas Engineering GmbH,Manchester,,Worker (A rating),Global Business Mobility: Senior or Specialist Worker; Skilled Worker,engineering_construction
TGH CONSTRUCTION LTD,ENFIELD,MIDDLESEX,Worker (A rating),Skilled Worker,engineering_construction
TGP Landscape Architects,GLASGOW,,Worker (A rating),Skilled Worker,engineering_construction
TGS AUTOMOTIVE LIMITED,Stoke on Trent,,Worker (A rating),Skilled Worker,engineering_construction
THAA Architects,Newcastle upon Tyne,Northumberland,Worker (A rating),Skilled Worker,engineering_construction
Thames Timber & Builders Merchant Ltd,Slough,,Worker (A rating),Skilled Worker,engineering_construction
Thames Valley Construction & Civil Engineering Ltd,NEWPORT,Wales,Worker (A rating),Skilled Worker,engineering_construction
Thames Valley Fabrication Ltd,Slough,Berkshire,Worker (A rating),Skilled Worker,engineering_construction
Thana Design and Construction Ltd,Morden,,Worker (A rating),Skilled Worker,engineering_construction
THATCHAM MOTOR COMPANY LIMITED,Berkshire,,Worker (A rating),Skilled Worker,engineering_construction
The British Electrical & Manufacturing Co Limited,Newcastle upon Tyne,Tyne and Wear,Worker (A rating),Skilled Worker,engineering_construction
The Brothers Plumbing & Heating Ltd,London,,Worker (A rating),Skilled Worker,engineering_construction
The Building Safety Regulator,Bootle,,Worker (A rating),Skilled Worker,engineering_construction
The Chartered Institution of Building Services Engineers,London,,Worker (A rating),Skilled Worker,engineering_construction
The Construction Circle LTD,Bradford,,Worker (A rating),Skilled Worker,engineering_construction
The Cumberland Building Society,Carlisle,Cumbria,Worker (A rating),Skilled Worker,engineering_construction
The Energy Saving Trust Limited,London,,Worker (A rating),Skilled Worker,engineering_construction
The Engineering Practice Limited,Leamington Spa,,Worker (A rating),Skilled Worker,engineering_construction
The European Marine Energy Centre Ltd,Stromness,Orkney,Worker (A rating),Skilled Worker,engineering_construction
THE FABRIKA CONSTRUCTION LTD,Chessington,,Worker (A rating),Skilled Worker,engineering_construction
The Full Electrical Services Co Ltd,West Thurrock,Essex,Worker (A rating),Skilled Worker,engineering_construction
The Haigh Engineering Co Ltd,Ross on Wye,Herefordshire,Worker (A rating),Skilled Worker,engineering_construction
The Institution of Structural Engineers,London,,Worker (A rating),Skilled Worker,engineering_construction
THE KSB BUILDING COMPANY LTD,Hayes,,Worker (A rating),Skilled Worker,engineering_construction
The Motor Deals Ltd,Stoke on Trent,,Worker (A rating),Skilled Worker,engineering_construction
THE MOTOR GROUP LIMITED,Wisbech,Cambridgeshire,Worker (A rating),Skilled Worker,engineering_construction
The National Energy Foundation,Milton Keynes,Bucks,Worker (A rating),Skilled Worker,engineering_construction
The National Energy Hub,BIRMINGHAM,West Midlands,Worker (A rating),Skilled Worker,engineering_construction
The Palm Builders & Developers Limited,London,,Worker (A rating),Skilled Worker,engineering_construction
The Power of Nutrition,London,London,Worker (A rating),Skilled Worker,engineering_construction
The Private Infrastructure Development Group Ltd,London,,Worker (A rating),Skilled Worker; Global Business Mobility: Senior or Specialist Worker,engineering_construction
The Professional Builders Ltd,Nottingham,,Worker (A rating),Skilled Worker,engineering_construction
The Redeemed Assemblies Trust (Love Power Centre),Manchester,,Temporary Worker (A rating); Worker (A rating),Charity Worker; Tier 2 Ministers of Religion; Religious Worker,engineering_construction
The Renewable Exchange Limited,Bristol,,Worker (A rating),Skilled Worker,engineering_construction
"The RSA (The Royal Society for the encouragement of Arts, Manufactures and Commerce)",London,,Worker (A rating),Skilled Worker,engineering_construction
The Society of Motor Manufacturers and Traders Limited,London,,Worker (A rating),Skilled Worker,engineering_construction
The Solar Centre,Harpenden,Hertfordshire,Worker (A rating),Skilled Worker,engineering_construction
the space* studio (*architecture & interior design) limited,Manchester,,Worker (A rating),Skilled Worker,engineering_construction
The Student Energy Group,Birmingham,West Midlands,Worker (A rating),Skilled Worker,engineering_construction
The Ubiquity Energy Company Limited,Trowbridge,,Worker (A rating),Skilled Worker,engineering_construction
The Value Engineers,London,Greater London,Worker (A rating),Skilled Worker,engineering_construction
TheAble Builders Limited,Southall,,Worker (A rating),Skilled Worker,engineering_construction
Thermal Energy International (UK) Ltd,BRISTOL,BRISTOL,Worker (A rating),Global Business Mobility: Senior or Specialist Worker; Skilled Worker,engineering_construction
THIARA CONSTRUCTION LTD,southall,,Worker (A rating),Skilled Worker,engineering_construction
Thind Building Services Limited,Dagenham,,Worker (A rating),Skilled Worker,engineering_construction
THIND M B BUILDER LTD,Dagenham,,Worker (A rating),Skilled Worker,engineering_construction
Thornacre Engineering Ltd,London,Hertfordshire,Worker (A rating),Skilled Worker,engineering_construction
Thornhill Shann Construction Limited,London,,Worker (A rating),Skilled Worker,engineering_construction
Thorpes Joinery Ltd,Market Harborough,Leicestershire,Worker (A rating),Skilled Worker,engineering_construction
Three60 Energy Wells UK Limited,Aberdeen,,Worker (A rating),Skilled Worker,engineering_construction
Thrive Architects Ltd,Romsey,Hampshire,Worker (A rating),Skilled Worker,engineering_construction
Throne Engineers Limited,London,,Worker (A rating),Skilled Worker,engineering_construction
THUNDER ENERGY LTD,London,England,Worker (A rating),Skilled Worker,engineering_construction
Tiba Architectural & Engineering services ltd.,London,,Worker (A rating),Skilled Worker,engineering_construction
TIBI CONSTRUCTION LTD,London,,Worker (A rating),Skilled Worker,engineering_construction
Tide Energy Ltd,Rochdale,,Worker (A rating),Skilled Worker,engineering_construction
Tigg Coll Architects Ltd,London,,Worker (A rating),Skilled Worker,engineering_construction
TILT Engineering & Design Ltd,Port Solent,Portsmouth,Worker (A rating),Skilled Worker,engineering_construction
Tim Ronalds Architects Ltd,London,,Worker (A rating),Skilled Worker,engineering_construction
Timberland Building Supplies Ltd,Southall,,Worker (A rating),Skilled Worker,engineering_construction
Timeless Structures Construction Ltd,Strood,Kent,Worker (A rating),Skilled Worker,engineering_construction
Timera Energy Limited,London,,Worker (A rating),Skilled Worker,engineering_construction
Timothy Hatton Architects Limited,London,,Worker (A rating),Skilled Worker,engineering_construction
Tiptop Contractors Ltd,Hatfield,,Worker (A rating),Skilled Worker,engineering_construction
Tir-Con Engineering Ltd,Magherafelt,Londonderry,Worker (A rating),Skilled Worker,engineering_construction
Tisserin Engineers Ltd,London,UK,Worker (A rating),Skilled Worker,engineering_construction
Titan Motorsport and Automotive Engineering Ltd,St Neots,Cambridgeshire,Worker (A rating),Skilled Worker,engineering_construction
TJ ELITE BUILDING SERVICES LTD,London,,Worker (A rating),Skilled Worker,engineering_construction
TND Electrical Ltd,Kettering,Northaptonshire,Worker (A rating),Skilled Worker,engineering_construction
TNS Electrical Contractors Ltd,London,,Worker (A rating),Skilled Worker,engineering_construction
TNV Construction Ltd,Edgware,,Worker (A rating),Skilled Worker,engineering_construction
Toci.D Construction Ltd,Oxford,,Worker (A rating),Skilled Worker,engineering_construction
TOGE CONSTRUCTION LTD,London,,Worker (A rating),Skilled Worker,engineering_construction
Tokamak Energy Ltd,Abingdon,Oxfordshire,Worker (A rating),Skilled Worker,engineering_construction
Tokyo Electric Power Company Holdings Incorporated,London,,Worker (A rating),Global Business Mobility: Senior or Specialist Worker,engineering_construction
Tong Road Motors Limited,Leeds,,Worker (A rating),Skilled Worker,engineering_construction
Toor Engineering Limited,"Aberdeen,",Aberdeenshire,Worker (A rating),Skilled Worker,engineering_construction
TOP BUILDING DECO LTD,Stoke On Trent,,Worker (A rating),Skilled Worker,engineering_construction
Top Notch Contractors Ltd,CARLISLE,,Worker (A rating),Skilled Worker,engineering_construction
TOP1 SCAFFOLDING LTD,HAYES,,Worker (A rating),Skilled Worker,engineering_construction
TOPLINE CONTRACTORS LTD,London,,Worker (A rating),Skilled Worker,engineering_construction
TOPNOTCH MOTORS LIMITED,LONDON,,Worker (A rating),Skilled Worker,engineering_construction
TOPUZI CONTRACTORS LTD,Hemel Hempstead,,Worker (A rating),Skilled Worker,engineering_construction
Total Construction Supplies Ltd,Wolverhampton,,Worker (A rating),Skilled Worker,engineering_construction
Total Electrical Contractors Limited,Abingdon,Oxon,Worker (A rating),Skilled Worker,engineering_construction
Total Quality Construction (UK) Ltd,Coventry,West Midlands,Worker (A rating),Skilled Worker,engineering_construction
TotalEnergies Gas and Power Limited,Tadworth,Surrey,Temporary Worker (A rating); Worker (A rating),Global Business Mobility: Graduate Trainee; Global Business Mobility: Senior or Specialist Worker; Skilled Worker,engineering_construction
TotalEnergies Renewables UK Ltd,Redhill,Surrey,Worker (A rating),Skilled Worker; Global Business Mobility: Senior or Specialist Worker,engineering_construction
TOTUS CONSTRUCTION LTD,Walton On Thames,Surrey,Worker (A rating),Skilled Worker,engineering_construction
Toureen Contractors Limited,Harrow,Middlesex,Worker (A rating),Skilled Worker,engineering_construction
TOWERBRIDGE CONSTRUCTION LONDON LIMITED,Enfield,,Worker (A rating),Skilled Worker,engineering_construction
TOWN AND COUNTY VALUERS SURVEYORS LTD,LONDON,,Worker (A rating),Skilled Worker,engineering_construction
Townshend Landscape Architects Limited,London,Greater London,Worker (A rating),Skilled Worker,engineering_construction
TP MANUFACTURING LIMITED T/T PENDOCK,Telford,,Worker (A rating),Skilled Worker,engineering_construction
TRAC Energy Limited,Dyce,Aberdeen,Worker (A rating),Skilled Worker,engineering_construction
Track Civil Engineering Solutions,Kilmarnock,East Ayrshire,Worker (A rating),Skilled Worker,engineering_construction
Track Engineering Construction Services Limited,Chelmsford,,Worker (A rating),Skilled Worker,engineering_construction
Trackrecord Construction Ltd,Milton Keynes,,Worker (A rating),Skilled Worker,engineering_construction
Tradama Energy Ltd,London,,Worker (A rating),Skilled Worker,engineering_construction
Trade Drive Motors Limited,Sandy,,Worker (A rating),Skilled Worker,engineering_construction
Trade Smart Motors LTD,Croydon,,Worker (A rating),Skilled Worker,engineering_construction
TRADESTONE HEATING LTD,Bristol,,Worker (A rating),Skilled Worker,engineering_construction
Trafford Joinery Limited,MANCHESTER,Greater Manchester,Worker (A rating),Skilled Worker,engineering_construction
Trandz Builder Ltd,Wednesbury,,Worker (A rating),Skilled Worker,engineering_construction
TRANS ASIA ENERGY SERVICES (UK) LTD,Westhill,Aberdeen,Worker (A rating),Skilled Worker,engineering_construction
Transcal Engineering Limited,Pershore,Worcestershire,Worker (A rating),Skilled Worker,engineering_construction
Transformational Energy Limited,Dundee,Angus,Worker (A rating),Skilled Worker,engineering_construction
Transmission Engineering Services Limited,Hebburn,Tyne and Wear,Worker (A rating),Skilled Worker,engineering_construction
Transporter Engineering Ltd,Gosfield,Essex,Worker (A rating),Skilled Worker,engineering_construction
Transworld Engineering Ltd,Cradley Heath,"Birmingham, West Midlands",Worker (A rating),Skilled Worker,engineering_construction
TRANT ENGINEERING LTD,SOUTHAMPTON,HANTS,Worker (A rating),Skilled Worker,engineering_construction
Tree Energy Solutions UK Limited,London,,Worker (A rating),Skilled Worker,engineering_construction
TRENT CONSTRUCTION SOLUTIONS LTD,Nottingham,,Worker (A rating),Skilled Worker,engineering_construction
Trent Energy Ltd,London,,Worker (A rating),Skilled Worker,engineering_construction
Tribe Infrastructure (UK)  Ltd,London,,Worker (A rating),Global Business Mobility: Senior or Specialist Worker; Skilled Worker,engineering_construction
Tribus Clean Energy Limited,London,,Worker (A rating),Skilled Worker,engineering_construction
Tricon Energy UK Ltd,London,,Worker (A rating),Skilled Worker,engineering_construction
TRIDENT ENERGY MANAGEMENT LIMITED,LONDON,,Worker (A rating),Global Business Mobility: Senior or Specialist Worker; Skilled Worker,engineering_construction
TRINA SOLAR UK HOLDCO LTD,London,,Worker (A rating),Skilled Worker; Global Business Mobility: Senior or Specialist Worker,engineering_construction
TRINITY ARCHITECTURE LTD,POOLE,DORSET,Worker (A rating),Skilled Worker,engineering_construction
Trinity Precision Engineering,Newcastle upon Tyne,Tyne and Wear,Worker (A rating),Skilled Worker,engineering_construction
Trio Energy Limited,Nottingham,,Worker (A rating),Skilled Worker,engineering_construction
Triple J Aviation Engineering,Oxford,,Worker (A rating),Skilled Worker,engineering_construction
Triple Solar Ltd,Harlow,Essex,Worker (A rating),Skilled Worker,engineering_construction
TRIPLE-S CONSTRUCTION LTD,Slough,Berkshire,Worker (A rating),Skilled Worker,engineering_construction
Triple1 Building Services Ltd,Stoke-On-Trent,,Worker (A rating),Skilled Worker,engineering_construction
Tritium Power Solutions Limited,Coventry,,Worker (A rating),Skilled Worker,engineering_construction
Triton Construction,Liversedge,West Yorkshire,Worker (A rating),Skilled Worker,engineering_construction
Troyan Motors Limited,Reading,Berkshire,Worker (A rating),Skilled Worker,engineering_construction
TRU Electrical Services Ltd,London,,Worker (A rating),Skilled Worker,engineering_construction
Tru Energy Limited,London,,Worker (A rating),Skilled Worker,engineering_construction
True Light Construction Limited,London,Newham,Worker (A rating),Skilled Worker,engineering_construction
TrueNorth Engineering Ltd.,Manchester,,Worker (A rating),Skilled Worker,engineering_construction
Truestone Construction Ltd,Croydon,,Worker (A rating),Skilled Worker,engineering_construction
Trust Electric Heating,Garforth,,Worker (A rating),Skilled Worker,engineering_construction
TS&B Contractors Limited,London,,Worker (A rating),Skilled Worker,engineering_construction
TSL Contractors Ltd,Isle of Mull,Argyll and Bute,Worker (A rating),Skilled Worker,engineering_construction
TST Motors Limited,Nottingham,Nottinghamshire,Worker (A rating),Skilled Worker,engineering_construction
Tsuruta Architects,LONDON,Select a State/Province,Worker (A rating),Skilled Worker,engineering_construction
TU MOTORS LIMITED,Luton,,Worker (A rating),Skilled Worker,engineering_construction
TUDOR SURVEYING AND ENGINEERING LTD,BARKING,,Worker (A rating),Skilled Worker,engineering_construction
TUDOROBORNE LIMITED T/A NEARY CONSTRUCTION,MANCHESTER,,Worker (A rating),Skilled Worker,engineering_construction
Tuk In Foods Manufacturing Ltd,Leicester,,Worker (A rating),Skilled Worker,engineering_construction
Tulcan Energy Resources UK,London,,Worker (A rating),Global Business Mobility: Senior or Specialist Worker; Skilled Worker,engineering_construction
Tunnel Engineering Limited,TONBRIDGE,Kent,Worker (A rating),Skilled Worker,engineering_construction
Turco Engineering,Cookstown,Tyrone,Worker (A rating),Skilled Worker,engineering_construction
turkington martin landscape architects,london,London,Worker (A rating),Skilled Worker,engineering_construction
TURNBULL & SCOTT (ENGINEERS) LIMITED,Hawick,"Roxburghshire, Scotland",Worker (A rating),Skilled Worker,engineering_construction
Turnstone Construction Ltd,London,,Worker (A rating),Skilled Worker,engineering_construction
TVS Motor Company Limited UK Branch,Kenilworth,Warwickshire,Worker (A rating),Skilled Worker; Global Business Mobility: Senior or Specialist Worker,engineering_construction
TW Fabrications Structures Limited,Preston,Lancashire,Worker (A rating),Skilled Worker,engineering_construction
Twelve Architects Ltd,London,,Worker (A rating),Skilled Worker,engineering_construction
Twenty 1 Construction Ltd,London,,Worker (A rating),Skilled Worker,engineering_construction
Twenty One Engineering,Great Dunmow,Essex,Worker (A rating),Skilled Worker,engineering_construction
TWENTYFOUR-7 HEATING & PLUMBING LTD,LUTON,,Worker (A rating),Skilled Worker,engineering_construction
TWILIGHT ENGINEERING SOLUTIONS LTD,Edinburgh,Scotland,Worker (A rating),Skilled Worker,engineering_construction
Tyrion Construction and Development Company Ltd,Beaconsfield,Bucks,Worker (A rating),Skilled Worker,engineering_construction
U & U Construction Ltd,London,,Worker (A rating),Skilled Worker,engineering_construction
U Energy (Yorkshire) Limited,Huddersfield,,Worker (A rating),Skilled Worker,engineering_construction
U K BUILDERS (TT) LTD,Hayes,,Worker (A rating),Skilled Worker,engineering_construction
U58 CONSTRUCTION LTD,London,,Worker (A rating),Skilled Worker,engineering_construction
UA CONSTRUCTION LTD,SOUTHALL,,Worker (A rating),Skilled Worker,engineering_construction
UAVICTOR AEROSPACE LTD,Harrow,,Worker (A rating),Skilled Worker,engineering_construction
UB1 Construction Services Ltd,Southall,,Worker (A rating),Skilled Worker,engineering_construction
UCL ENERGY GROUP LIMITED,London,,Worker (A rating),Skilled Worker,engineering_construction
UCON Construction Limited,London,,Worker (A rating),Skilled Worker,engineering_construction
UCS Renewables Ltd,Middlesbrough,North Yorkshire,Worker (A rating),Skilled Worker,engineering_construction
UDEX Architecture,Wembley,,Worker (A rating),Skilled Worker,engineering_construction
UIRTUS CONSTRUCTION LTD,Huddersfield,,Worker (A rating),Skilled Worker,engineering_construction
UK Auto Motors Ltd,Colchester,,Worker (A rating),Skilled Worker,engineering_construction
UK CONSTRUCTION & RENOVATION LIMITED,Rowhook,,Worker (A rating),Skilled Worker,engineering_construction
UK Energy Grants Limited,Bury,,Worker (A rating),Skilled Worker,engineering_construction
UK Energy Plus Ltd,"Stockport, England,",,Worker (A rating),Skilled Worker,engineering_construction
UK ENERGY SAVING SOLUTIONS LIMITED,London,England,Worker (A rating),Skilled Worker,engineering_construction
UK Garanti Builders Ltd,South Croydon,,Worker (A rating),Skilled Worker,engineering_construction
UK Gas Safety and Competence Ltd T/A Almanac.energy,Dunfermline,Fife,Worker (A rating),Skilled Worker,engineering_construction
UK HIGH LEVEL SCAFFOLDING LTD,Stanford-le-Hope,,Worker (A rating),Skilled Worker,engineering_construction
UK Hybrid Automotive Limited,Greenford,,Worker (A rating),Skilled Worker,engineering_construction
UK MANUFACTURE LTD.,Glasgow,,Worker (A rating),Skilled Worker,engineering_construction
UK MOTOR BODY LTD,Manchester,,Worker (A rating),Skilled Worker,engineering_construction
"UK PLUMBING, PLASTICS AND BATHROOMS LTD",Walsall,West Midlands,Worker (A rating),Skilled Worker,engineering_construction
UK Power Engineers Ltd,Reading,,Worker (A rating),Skilled Worker,engineering_construction
UK POWER GENERATORS LTD,MANCHESTER,,Worker (A rating),Skilled Worker,engineering_construction
UK Power Solutions Ltd,Stonehouse,Gloucestershire,Worker (A rating),Skilled Worker,engineering_construction
Ukay Khoa Manufacturing Ltd,Leicester,Leicestershire,Worker (A rating),Skilled Worker,engineering_construction
UKE'S CONSTRUCTION LIMITED,Hounslow,,Worker (A rating),Skilled Worker,engineering_construction
Ulster Engineering Limited,Magherafelt,Londonderry,Worker (A rating),Skilled Worker,engineering_construction
Ultimate Energy Ltd,Doncaster,,Worker (A rating),Skilled Worker,engineering_construction
Ultimate Sports Engineering,Bury,West Sussex,Worker (A rating),Skilled Worker,engineering_construction
ULTRA BUILDER & DRIVEWAYS LIMITED,BIRMINGHAM,UNITED KINGDOM,Worker (A rating),Skilled Worker,engineering_construction
Ultra Building Products Ltd,Newtownstewart,Tyrone,Worker (A rating),Skilled Worker,engineering_construction
UMER BUILDERS & CONTRACTORS LTD,Ilford,England,Worker (A rating),Skilled Worker,engineering_construction
Underfloor Heating Express Limited,London,,Worker (A rating),Skilled Worker,engineering_construction
Underwater Construction Corporation UK Ltd,Cumbria,,Worker (A rating),Skilled Worker; Global Business Mobility: Senior or Specialist Worker,engineering_construction
Unibal Energy Limited,London,,Worker (A rating),Skilled Worker,engineering_construction
UNIBUILD CONSTRUCTION LTD,LEICESTER,,Worker (A rating),Skilled Worker,engineering_construction
Unica Construction Ltd,Doncaster,South Yorkshire,Worker (A rating),Skilled Worker,engineering_construction
UNICORN AUTOMOTIVE LIMITED,WALTHAM ABBEY,ESSEX,Worker (A rating),Skilled Worker,engineering_construction
UNICORN CONSTRUCTION LTD,Harrow,,Worker (A rating),Skilled Worker,engineering_construction
Unique Builders Ltd,Hayes,Middlesex,Worker (A rating),Skilled Worker,engineering_construction
Unit Superheater Engineering Ltd,Swansea,West Glamorgan,Worker (A rating),Skilled Worker,engineering_construction
Unitech Engineering Ltd,Burntwood,,Worker (A rating),Skilled Worker,engineering_construction
United Construction and Remodeling Ltd,New Malden,Surrey,Worker (A rating),Skilled Worker,engineering_construction
United Construction London Limited,Southall,,Worker (A rating),Skilled Worker,engineering_construction
United Engineering and Contracting Ltd,Coventry,England,Worker (A rating),Skilled Worker,engineering_construction
United Gas and Power,Leeds,,Worker (A rating),Skilled Worker,engineering_construction
UNITED GAS ENGINEERING LTD,Ruddington,Nottinghamshire,Worker (A rating),Skilled Worker,engineering_construction
United Infrastructure Management Limited,Warrington,Cheshire,Worker (A rating),Skilled Worker,engineering_construction
United Kingdom Atomic Energy Authority,Abingdon,Oxon,Temporary Worker (A rating); Worker (A rating),International Agreement; Skilled Worker; Government Authorised Exchange,engineering_construction
UNITED MOTORS MANCHESTER LTD,Stockport,,Worker (A rating),Skilled Worker,engineering_construction
Universal Fabrication & Shop Front Limited,London,,Worker (A rating),Skilled Worker,engineering_construction
Universal Fabrications (Coventry) Ltd,Nuneaton,,Worker (A rating),Skilled Worker,engineering_construction
UNIVERSAL HEATING & PLUMBING LIMITED,Hayes,,Worker (A rating),Skilled Worker,engineering_construction
UPCYCLED PLANT POWER (UPP) Ltd,Newport,,Worker (A rating),Skilled Worker,engineering_construction
Upl Building Services Ltd,High Wycombe,Buckinghamshire,Worker (A rating),Skilled Worker,engineering_construction
Upsidevalue Renewables Group Ltd,London,,Worker (A rating),Skilled Worker,engineering_construction
Upton-Hansen Architects Limited,London,,Worker (A rating),Skilled Worker,engineering_construction
UR BUILDERS LIMITED,London,,Worker (A rating),Skilled Worker,engineering_construction
Urban Construction Limited,Doncaster,,Worker (A rating),Skilled Worker,engineering_construction
Urban Edge Architecture Limited,Stamford,Lincolnshire,Worker (A rating),Skilled Worker,engineering_construction
Urbanist Architecture Ltd,London,,Worker (A rating),Skilled Worker,engineering_construction
Urgent Electrical Services Limited,Nottingham,,Worker (A rating),Skilled Worker,engineering_construction
USA BUILDERS LIMITED,Leeds,,Worker (A rating),Skilled Worker,engineering_construction
USK AUTOMOTIVE LTD,Sandy,,Worker (A rating),Skilled Worker,engineering_construction
Utilita Energy Limited,Chandlers Ford,Eastleigh,Worker (A rating),Skilled Worker,engineering_construction
V SQUARE CONSTRUCTION LTD,"South Oxhey, Watford",,Worker (A rating),Skilled Worker,engineering_construction
V. & A. Automotive Limited,Ansty,Haywards Heath,Worker (A rating),Skilled Worker,engineering_construction
V3 CONSTRUCTION CO LIMITED,London,,Worker (A rating),Skilled Worker,engineering_construction
V4 Architects Ltd,Milton Keynes,Buckinghamshire,Worker (A rating),Skilled Worker,engineering_construction
VAALCO Energy Inc,London,,Worker (A rating),Skilled Worker,engineering_construction
Vabel Construction 8 Limited,London,,Worker (A rating),Skilled Worker,engineering_construction
Vabel Construction Group Limited,London,,Worker (A rating),Skilled Worker,engineering_construction
Vale Green Energy Limited,Evesham,,Worker (A rating),Skilled Worker,engineering_construction
Valen Power Engineering Ltd,Middleton,,Worker (A rating),Skilled Worker,engineering_construction
Valens Construction Ltd,London,,Worker (A rating),Skilled Worker,engineering_construction
Valentis Energy Ltd,Liverpool,,Worker (A rating),Skilled Worker,engineering_construction
Valko Construction Limited,London,,Worker (A rating),Skilled Worker,engineering_construction
Van Mossel Automotive Group UK Limited,Poole,Dorset,Worker (A rating),Skilled Worker,engineering_construction
VANGUARD BUILDING COMPLIANCE LIMITED,Solihull,England,Worker (A rating),Skilled Worker,engineering_construction
Vanguard Engineers Ltd,Leeds,West Yorkshire,Worker (A rating),Skilled Worker,engineering_construction
Vantage Infrastructure (UK) Limited,London,,Worker (A rating),Skilled Worker; Global Business Mobility: Senior or Specialist Worker,engineering_construction
Vantage Motor Group,Knaresborough,,Worker (A rating),Skilled Worker,engineering_construction
Vantage Power Limited,London,,Worker (A rating),Skilled Worker; Global Business Mobility: Senior or Specialist Worker,engineering_construction
VASANAD ENGINEERING SERVICES PRIVATE  LIMITED,Cheltenham,,Worker (A rating),Skilled Worker,engineering_construction
Vascroft Contractors Ltd,Park Royal,London,Worker (A rating),Skilled Worker,engineering_construction
VASTALE ENGINEERING LIMITED,Newcastle Upon Tyne,,Worker (A rating),Skilled Worker,engineering_construction
Vata Construction Ltd,Sidcup,,Worker (A rating),Skilled Worker,engineering_construction
Vattenfall Wind Power Ltd,London,,Temporary Worker (A rating); Worker (A rating),Global Business Mobility: Graduate Trainee; Global Business Mobility: Senior or Specialist Worker; Skilled Worker,engineering_construction
Vauxhall Motors Limited,Coventry,West Midlands,Worker (A rating); Temporary Worker (A rating),Global Business Mobility: Senior or Specialist Worker; Global Business Mobility: Service Supplier; Skilled Worker,engineering_construction
VECTOR AEROSPACE,GOSPORT,HAMPSHIRE,Worker (A rating),Global Business Mobility: Senior or Specialist Worker; Skilled Worker,engineering_construction
Vectur Energy Ltd,Norwich,Norfolk,Worker (A rating),Skilled Worker,engineering_construction
Vekta Group Energy Division Ltd,Edinburgh,,Worker (A rating),Skilled Worker,engineering_construction
Ventec 100 Ltd  T/A VENT ENGINEERING,Poole,Dorset,Worker (A rating),Skilled Worker,engineering_construction
VENTO ENERGY SUPPORT LTD,LONDON,,Worker (A rating),Global Business Mobility: Senior or Specialist Worker; Skilled Worker,engineering_construction
Venture Engineering Ltd,Witney,Oxon,Worker (A rating),Skilled Worker,engineering_construction
VENUS MOTORS LIMITED,Perivale,United Kingdom,Worker (A rating),Skilled Worker,engineering_construction
Vercity Social Infrastructure (UK) Limited,LONDON,,Worker (A rating),Global Business Mobility: Senior or Specialist Worker; Skilled Worker,engineering_construction
Vertical Aerospace Group Ltd,Bristol,,Worker (A rating); Temporary Worker (A rating),Skilled Worker; Global Business Mobility: Service Supplier; Global Business Mobility: Senior or Specialist Worker,engineering_construction
Vertical Integration Architects (V.I.A) Ltd,London,,Worker (A rating),Skilled Worker,engineering_construction
Vertu Motors plc,Gateshead,Tyne & Wear,Worker (A rating),Skilled Worker,engineering_construction
Veseli Construction Ltd,Oldbury,West Midlands,Worker (A rating),Skilled Worker,engineering_construction
Vessel 1 Ltd t/a Jonathan Wong Architect,London,,Worker (A rating),Skilled Worker,engineering_construction
VH Electrical (UK) Ltd,Enfield,Middlesex,Worker (A rating),Skilled Worker,engineering_construction
Vibra Energy Ltd,Slough,Berkshire,Worker (A rating),Skilled Worker,engineering_construction
VICA Power Limited,Birmingham,West Midlands,Worker (A rating),Global Business Mobility: Senior or Specialist Worker; Skilled Worker,engineering_construction
Victor Buyck Steel Construction UK Ltd,Margam,West Glamorgan,Worker (A rating),Skilled Worker; Global Business Mobility: Senior or Specialist Worker,engineering_construction
Victor Manufacturing Ltd,Keighley,West Yorkshire,Worker (A rating),Skilled Worker,engineering_construction
VINCENT B. MCMORROW CONSTRUCTION SERVICES LIMITED,Luton,Bedfordshire,Worker (A rating),Skilled Worker,engineering_construction
VINCI Construction GeoInfrastructure UK Limited,London,,Worker (A rating),Global Business Mobility: Senior or Specialist Worker; Skilled Worker,engineering_construction
VINCI CONSTRUCTION GRANDS PROJETS UK BRANCH,London,,Worker (A rating),Global Business Mobility: Senior or Specialist Worker; Skilled Worker,engineering_construction
VINCI Construction Management Limited,Horsham,,Worker (A rating),Global Business Mobility: Senior or Specialist Worker; Skilled Worker,engineering_construction
Vine Architecture Studio Ltd,London,---,Worker (A rating),Skilled Worker,engineering_construction
VINNY BUILDING CONTRACT LTD,London,,Worker (A rating),Skilled Worker,engineering_construction
VINYL FACTORY MANUFACTURING Ltd,London,Middlesex,Worker (A rating),Skilled Worker,engineering_construction
VIPEN CONSTRUCTION LTD,Slough,,Worker (A rating),Skilled Worker,engineering_construction
Viridian Solar Ltd,Papworth,CAMBS,Worker (A rating),Skilled Worker,engineering_construction
Viridis Building Services Ltd,Collingham,Nottinghamshire,Worker (A rating),Skilled Worker,engineering_construction
VIRK BUILDERS LTD,Birmingham,,Worker (A rating),Skilled Worker,engineering_construction
Virk Construction Limited,Croydon,,Worker (A rating),Skilled Worker,engineering_construction
Virmati Energy Ltd,London,,Worker (A rating),Skilled Worker; Global Business Mobility: Senior or Specialist Worker,engineering_construction
Virtue Aerospace Limited,Horndean,Hampshire,Worker (A rating),Skilled Worker,engineering_construction
Vision Fabrications Limited,Lisburn,Antrim,Worker (A rating),Skilled Worker,engineering_construction
VISION FOR THE FUTURE POWER LIMITED,Reading,,Worker (A rating),Skilled Worker,engineering_construction
Visteon Engineering Services Ltd.,Chelmsford,Essex,Worker (A rating),Global Business Mobility: Senior or Specialist Worker; Skilled Worker,engineering_construction
Vita Architecture Ltd - Registered Address,Croydon,,Worker (A rating),Skilled Worker,engineering_construction
Vital Heating Solutions Limited,Burnley,,Worker (A rating),Skilled Worker,engineering_construction
VITPOL BUILDING SERVICES LIMITED,Ealing,London,Worker (A rating),Skilled Worker,engineering_construction
Vivo Energy Limited,London,,Worker (A rating),Skilled Worker; Global Business Mobility: Senior or Specialist Worker,engineering_construction
VJ CONSTRUCTION SERVICES LTD,Guildford,,Worker (A rating),Skilled Worker,engineering_construction
VJ Engineering Limited,Rugby,,Worker (A rating),Skilled Worker,engineering_construction
VKE Contractors ltd,London,,Worker (A rating),Scale-up; Skilled Worker,engineering_construction
VNC Automotive Ltd,Cambridge,Cambridgeshire,Worker (A rating),Skilled Worker,engineering_construction
Vocal Energy Limited,Chelmsford,,Worker (A rating),Skilled Worker,engineering_construction
Volta Infrastructure Holdings Limited,London,,Worker (A rating),Skilled Worker,engineering_construction
Voltwise Power Holdings Ltd,London,,Worker (A rating),Skilled Worker,engineering_construction
Voltx Power Limited,Milton Keynes,,Worker (A rating),Skilled Worker,engineering_construction
Volvo Construction Equipment Haulers Limited,Motherwell,Lanarkshire,Worker (A rating),Skilled Worker; Global Business Mobility: Senior or Specialist Worker,engineering_construction
von Preussen Pease Reynolds Architects,London,Greater London,Worker (A rating),Skilled Worker,engineering_construction
VPI POWER LIMITED,Edinburgh,,Worker (A rating),Skilled Worker,engineering_construction
VS CONSTRUCTION & INTERIORS LTD,Oldbury,,Worker (A rating),Skilled Worker,engineering_construction
VSJ CONSTRUCTION LTD,BIRMINGHAM,,Worker (A rating),Skilled Worker,engineering_construction
VT Plus Construction Ltd,Derby,,Worker (A rating),Skilled Worker,engineering_construction
VTEB Energy (UK) Ltd,Woking,,Worker (A rating),Global Business Mobility: Senior or Specialist Worker; Skilled Worker,engineering_construction
Vuba Building Products Limited,Beverley,East Yorkshire,Worker (A rating),Skilled Worker,engineering_construction
VULCAIN ENGINEERING LTD,Stonehouse,Gloucestershire,Worker (A rating),Global Business Mobility: Senior or Specialist Worker; Skilled Worker,engineering_construction
Vulcan Engineering Limited,Sheffield,South Yorkshire,Worker (A rating),Skilled Worker,engineering_construction
VVB Engineering (UK) Limited,London,,Worker (A rating),Skilled Worker,engineering_construction
VVL Construction Ltd,Reading,,Worker (A rating),Skilled Worker,engineering_construction
VVSH CONSTRUCTION LTD,Bedford,,Worker (A rating),Skilled Worker,engineering_construction
W.A.M CONTRACTORS LIMITED,Colne,,Worker (A rating),Skilled Worker,engineering_construction
WA HEATING SERVICES LTD,Southall,,Worker (A rating),Skilled Worker,engineering_construction
Waa Construction Ltd,Enfiled,,Worker (A rating),Skilled Worker,engineering_construction
Wade Building Services Limited,Tipton,West Midlands,Worker (A rating),Skilled Worker,engineering_construction
WAHLA CONSTRUCTION LTD,Walsall,,Worker (A rating),Skilled Worker,engineering_construction
WAJID HUSSAIN T/A CH BUILDERS,BLACKBURN,,Worker (A rating),Skilled Worker,engineering_construction
WAK ELECTRICAL SOLUTIONS LIMITED,Manchester,,Worker (A rating),Skilled Worker,engineering_construction
Wakefield Plumbing & Bathrooms Ltd,Wakefield,,Worker (A rating),Skilled Worker,engineering_construction
Walter Carefoot & Sons (Construction) Ltd,Preston,Lancashire,Worker (A rating),Skilled Worker,engineering_construction
WAM Engineering Ltd,Tewkesbury,Gloucestershire,Worker (A rating),Global Business Mobility: Senior or Specialist Worker,engineering_construction
Ward and Burke Construction Ltd,London,,Worker (A rating),Global Business Mobility: Senior or Specialist Worker; Skilled Worker,engineering_construction
Ward Power Limited,Sheffield,,Worker (A rating),Global Business Mobility: Senior or Specialist Worker; Skilled Worker,engineering_construction
Wardown Engineering Ltd,HOUGHTON REGIS,bedfordshire.,Worker (A rating),Skilled Worker,engineering_construction
Wartsila Energy Storage UK Ltd,Fareham,Hampshire,Worker (A rating),Global Business Mobility: Senior or Specialist Worker; Skilled Worker,engineering_construction
Warwick Engineering (NI) Ltd,Ballymena,County Antrim,Worker (A rating),Skilled Worker,engineering_construction
Warwick Heating & Bathroom Supplies,Acocks Green,West Midlands,Worker (A rating),Skilled Worker,engineering_construction
Watan Builders Ltd,"Failsworth, Manchester",,Worker (A rating),Skilled Worker,engineering_construction
WATER ENGINEERING INDUSTRIAL EQUIPMENT (UK) LTD (16652955),ENGLAND,,Worker (A rating),Global Business Mobility: UK Expansion Worker,engineering_construction
Watt Energy Saver Ltd,New Ollerton,Nottinghamshire,Worker (A rating),Skilled Worker,engineering_construction
Waugh Thistleton Architects Ltd.,London,,Worker (A rating),Skilled Worker,engineering_construction
Waxman Energy Ltd,Elland,West Yorkshire,Worker (A rating),Skilled Worker,engineering_construction
WAZ BUILDERS LTD,London,,Worker (A rating),Skilled Worker,engineering_construction
WB Power Services Limited,Heanor,Derbyshire,Worker (A rating),Skilled Worker,engineering_construction
WBM DESIGN AND CONSTRUCTION LTD,CLACTON-ON-SEA,,Worker (A rating),Skilled Worker,engineering_construction
WCL Infrastructure Ltd,Bristol,,Worker (A rating),Skilled Worker,engineering_construction
WEAL Architects Ltd,Wheathampstead,,Worker (A rating),Skilled Worker,engineering_construction
Webb Yates Engineers Limited,London,,Worker (A rating),Skilled Worker,engineering_construction
Webb Yates Engineers Ltd,London,,Worker (A rating),Skilled Worker,engineering_construction
Weedon Architects Ltd,Birmingham,,Worker (A rating),Skilled Worker,engineering_construction
WELFAST CONTRACTORS LIMITED,WEMBLEY,,Worker (A rating),Skilled Worker,engineering_construction
Well Co Engineering Automation UK Ltd,Birmingham,,Worker (A rating),Global Business Mobility: UK Expansion Worker,engineering_construction
Wellington Engineering Co Ltd,Hayes,Middlesex,Worker (A rating),Skilled Worker,engineering_construction
WEST 4 PLUMBING & HEATING LTD,London,,Worker (A rating),Skilled Worker,engineering_construction
West Bromwich Building Society,West Bromwich,,Worker (A rating),Skilled Worker,engineering_construction
WEST LDN CONSTRUCTION LTD,West Drayton,,Worker (A rating),Skilled Worker,engineering_construction
West London Builders Merchants Limited,Hounslow,,Worker (A rating),Skilled Worker,engineering_construction
WEST MIDLANDS JAPAN MOTORS LTD,Birmingham,,Worker (A rating),Skilled Worker,engineering_construction
West Motor Co Ltd,London,,Worker (A rating),Skilled Worker,engineering_construction
WEST MOTORS LONDON LTD,Uxbridge,Greater London,Worker (A rating),Skilled Worker,engineering_construction
West Nine Construction Ltd,London,,Worker (A rating),Skilled Worker,engineering_construction
WEST OAK JOINERY LTD.,LETCHWORTH GARDEN CITY,Hertfordshire,Worker (A rating),Skilled Worker,engineering_construction
WEST TOP BUILDERS LIMITED,Birmingham,,Worker (A rating),Skilled Worker,engineering_construction
Westcombe Construction Limited,Harrow,,Worker (A rating),Skilled Worker,engineering_construction
Westcroft Construction Services Ltd,Slough,Berkshire,Worker (A rating),Skilled Worker,engineering_construction
Westec Engineering Ltd,Christchurch,South West,Worker (A rating),Skilled Worker,engineering_construction
WESTECH SOLAR(UK) LIMITED,OXFORD,,Worker (A rating),Skilled Worker,engineering_construction
WESTERN ENERGY LTD,London,,Worker (A rating),Skilled Worker,engineering_construction
WESTERN MOTOR FUEL LTD T/A BP,KILMARNOCK,,Worker (A rating),Skilled Worker,engineering_construction
Westfab Engineering,KILMARNOCK,East Ayrshire,Worker (A rating),Skilled Worker,engineering_construction
Westlakes Engineering Limited,Cleator Moor,Cumbria,Worker (A rating),Skilled Worker,engineering_construction
Westpoint Construction Company (Scotland) Ltd,Glasgow,East Refrewshire,Worker (A rating),Skilled Worker,engineering_construction
Westway Construction Limited,Hanwell,,Worker (A rating),Skilled Worker,engineering_construction
Westwood Global Energy Limited,Aberdeen,,Worker (A rating),Global Business Mobility: Senior or Specialist Worker; Skilled Worker,engineering_construction
WESTWOOD JOINERY & CONSTRUCTION LIMITED,Sheffield,South Yorkshire,Worker (A rating),Skilled Worker,engineering_construction
WGP Architects Ltd,London,,Worker (A rating),Skilled Worker,engineering_construction
Whessoe Engineering Limited,Darlington,County Durham,Worker (A rating),Skilled Worker; Global Business Mobility: Senior or Specialist Worker,engineering_construction
WHETLEY PLUMBING UK LTD,Bradford,West Yorkshire,Worker (A rating),Skilled Worker,engineering_construction
WHITE HORSE CONSTRUCTION AND ENGINEERING LTD,Kingston Upon Thames,England,Worker (A rating),Skilled Worker,engineering_construction
Whitecliffe Electrical Distribution Ltd,Bury,,Worker (A rating),Skilled Worker,engineering_construction
WHITFIELD CIVIL ENGINEERING LIMITED,Surbiton,,Worker (A rating),Skilled Worker,engineering_construction
Whitmore Reans Plumbers Merchants,WEST MIDLANDS,West Midlands,Worker (A rating),Skilled Worker,engineering_construction
Whittaker and Watt Architects Ltd,Newtownabbey,Antrim,Worker (A rating),Skilled Worker,engineering_construction
Whittaker Engineering Stonehaven Ltd,Stonehaven,Aberdeenshire,Worker (A rating),Skilled Worker,engineering_construction
WHScott & Son Engineers limited,"Wickwar, Bristol",,Worker (A rating),Skilled Worker,engineering_construction
Wickes Building Supplies Ltd,Watford,,Worker (A rating),Skilled Worker,engineering_construction
WIGSTON BUILDING CONTRACTORS LIMITED,Leicester,,Worker (A rating),Skilled Worker,engineering_construction
Wileman Engineers Ltd,Ashby de la Zouch,Leicestershire,Worker (A rating),Skilled Worker,engineering_construction
Wilkinson Eyre Architects Ltd,London,,Worker (A rating),Skilled Worker,engineering_construction
WILLIAM UK CONSTRUCTION LTD,LUTON,,Worker (A rating),Skilled Worker,engineering_construction
Williams Grand Prix Engineering Limited,Grove,Oxfordshire,Worker (A rating),International Sportsperson; Skilled Worker,engineering_construction
Williams Motors Cwmdu Ltd,Brecon,,Worker (A rating),Skilled Worker,engineering_construction
Willow ISV Construction Ltd,London,England,Worker (A rating),Skilled Worker,engineering_construction
Wills Bros Civil Engineering Ltd,Motherwell,South Lanarkshire,Worker (A rating),Skilled Worker,engineering_construction
Wilson Architectural Engineering Ltd,Orpington,,Worker (A rating),Skilled Worker,engineering_construction
WILSON POWER SOLUTIONS LIMITED,LEEDS,WEST YORKSHIRE,Worker (A rating),Skilled Worker,engineering_construction
Winder Power Ltd,Leeds,West Yorkshire,Worker (A rating),Skilled Worker,engineering_construction
WINDEY EUROPEAN WIND POWER RESEARCH CENTRE,Bristol,,Worker (A rating),Skilled Worker,engineering_construction
Windles Group Manufacturing Limited,Thame,Oxfordshire,Worker (A rating),Skilled Worker,engineering_construction
Window Warehouse Architectural Ltd,Leicester,,Worker (A rating),Skilled Worker,engineering_construction
Windward Energy Limited,Cardiff,South Glamorgan,Worker (A rating),Skilled Worker,engineering_construction
Wing Energy Ltd,"West Bridgford, Nottingham",,Worker (A rating),Skilled Worker,engineering_construction
WINGATE ELECTRICAL PLC,Hampshire,,Worker (A rating),Skilled Worker,engineering_construction
Witherford Watson Mann Architects,London,,Worker (A rating),Skilled Worker,engineering_construction
Witley Homes Construction Limited,Stourbridge,,Worker (A rating),Skilled Worker,engineering_construction
WIW Engineering Limited,Woking,Surrey,Worker (A rating),Skilled Worker,engineering_construction
Wiz Motors Limited,Luton,Bedfordshire,Worker (A rating),Skilled Worker,engineering_construction
WLC CONSTRUCTION LTD,Burnham,,Worker (A rating),Skilled Worker,engineering_construction
WM & BALCKCOUNTRY CENTRAL HEATING LTD,Birmingham,,Worker (A rating),Skilled Worker,engineering_construction
WMAS ENGINEERING LTD.,London,,Worker (A rating),Skilled Worker,engineering_construction
WNR Construction Services Ltd,Manchester,,Worker (A rating),Skilled Worker,engineering_construction
Wokingham Motors Limited,Wokingham,,Worker (A rating),Skilled Worker,engineering_construction
WOLF POWER SERVICES LIMITED,London,,Worker (A rating),Skilled Worker,engineering_construction
Woo Architects Ltd,London,,Worker (A rating),Skilled Worker,engineering_construction
Woodford Heating & Energy Ltd,Loughton essex,United Kingdom,Worker (A rating),Skilled Worker,engineering_construction
Woodmarque Architectural Joinery Ltd,Dungannon,Tyrone,Worker (A rating),Skilled Worker,engineering_construction
Woodnut Construction & Developments Ltd,London,London,Worker (A rating),Skilled Worker,engineering_construction
Woodsgift Joinery Ltd,West Molesey,,Worker (A rating),Skilled Worker,engineering_construction
WOODSIDE ENERGY (UK) LIMITED,London,,Worker (A rating),Global Business Mobility: Senior or Specialist Worker; Skilled Worker,engineering_construction
Woodside Energy Trading Singapore PTE Ltd (UK Branch),London,,Worker (A rating),Global Business Mobility: Senior or Specialist Worker; Skilled Worker,engineering_construction
Woodvale Construction Company Limited,Omagh,Tyrone,Worker (A rating),Skilled Worker,engineering_construction
WOODWORKS CONSTRUCTION LTD,Irvine,,Worker (A rating),Skilled Worker,engineering_construction
Worcester Carsales Ltd T/A Ludlow Motors,Ludlow,Shropshire,Worker (A rating),Skilled Worker,engineering_construction
WORK POINT MOTORS LTD,Accrington,,Worker (A rating),Skilled Worker,engineering_construction
Work Zone Construction (UK) Ltd,London,,Worker (A rating),Skilled Worker,engineering_construction
World Energy Council,London,,Worker (A rating),Skilled Worker,engineering_construction
WORLDWIDE CHURCH OF THE POWER OF GOD,LONDON,,Worker (A rating),Tier 2 Ministers of Religion,engineering_construction
Worldwide Construction Limited,Willenhall,West Midlands,Worker (A rating),Skilled Worker,engineering_construction
Worton Construction Limited,Isleworth,Middlesex,Worker (A rating),Skilled Worker,engineering_construction
Wren House Infrastructure Management Limited,London,,Worker (A rating),Global Business Mobility: Senior or Specialist Worker; Skilled Worker,engineering_construction
WSP Engineering Ltd,LEICESTER,Leicestershire,Worker (A rating),Skilled Worker,engineering_construction
WTS Energy UK Limited,Cheltenham,,Worker (A rating),Skilled Worker,engineering_construction
WWAC Automotive Ltd T/As Bosch Service Reading,Reading,,Worker (A rating),Skilled Worker,engineering_construction
Wykes Engineering Co (Rushden) Ltd,Wymington,Bedfordshire,Worker (A rating),Skilled Worker,engineering_construction
Xanthe Quayle Landscape Architects,Huddersfield,West Yorkshire,Worker (A rating),Skilled Worker,engineering_construction
XCLUSIVE MOTOR SERVICES LTD,Birmingham,,Worker (A rating),Skilled Worker,engineering_construction
XCO2 Energy,London,,Worker (A rating),Skilled Worker,engineering_construction
XL Electrical Excellence LTD,Poole,,Worker (A rating),Skilled Worker,engineering_construction
Xperia Motors Ltd T/A Lucky Seven Motors,Ilford,Essex,Worker (A rating),Skilled Worker,engineering_construction
Xpert Energy Installations Ltd,Aldermaston,Berkshire,Worker (A rating),Skilled Worker,engineering_construction
XPRT CONSTRUCTION LIMITED,Borehamwood,Hertfordshire,Worker (A rating),Skilled Worker,engineering_construction
XRN Engineering Ltd,Milford,Surrey,Worker (A rating),Skilled Worker,engineering_construction
Xtra Building Supplies Ltd,Heston,,Worker (A rating),Skilled Worker,engineering_construction
Y & A Motors Limited,Luton,Bedfordshire,Worker (A rating),Skilled Worker,engineering_construction
Y & G Construction Ltd,Dagenham,,Worker (A rating),Skilled Worker,engineering_construction
Y G BUILDERS LIMITED,LONDON,,Worker (A rating),Skilled Worker,engineering_construction
Y12 Construction Ltd.,Gravesend,,Worker (A rating),Skilled Worker,engineering_construction
Yaojiang Construction Engineering Ltd,London,,Worker (A rating),Skilled Worker,engineering_construction
YD Aeronautical engineering services Ltd,Brentwood,Essex,Worker (A rating),Skilled Worker,engineering_construction
Yellow Stone Building Limited,Kent,,Worker (A rating),Skilled Worker,engineering_construction
Yesss (B) Electrical Ltd,Normanton,West Yorkshire,Worker (A rating),Skilled Worker,engineering_construction
Yiangou Architects Ltd,Cirencester,,Worker (A rating),Skilled Worker,engineering_construction
Yianni Motors Limited,High Wycombe,,Worker (A rating),Skilled Worker,engineering_construction
Yinson Renewables (UK) Limited,London,,Worker (A rating),Skilled Worker,engineering_construction
YKS Contractors Limited,Sutton,Surrey,Worker (A rating),Skilled Worker,engineering_construction
Ylem Energy Limited,Salford,,Worker (A rating),Skilled Worker,engineering_construction
Yorkshire Building Society,Bradford,,Worker (A rating),Skilled Worker,engineering_construction
YOTU ARCHITECTURAL DESIGN STUDIO LTD,Hove,,Worker (A rating),Skilled Worker,engineering_construction
Your Own Builder Limited,Hayes,,Worker (A rating),Skilled Worker,engineering_construction
Your Recovery Automotive Ltd,Portsmouth,,Worker (A rating),Skilled Worker,engineering_construction
YSL CONSTRUCTION LIMITED,London,,Worker (A rating),Skilled Worker,engineering_construction
YTL Construction (UK) Ltd,Bath,,Worker (A rating),Skilled Worker,engineering_construction
Yu Energy Retail Limited,Nottingham,Nottinghamshire,Worker (A rating),Skilled Worker,engineering_construction
YUCA ENERGY LIMITED,Kettering,,Worker (A rating),Skilled Worker,engineering_construction
Z & A JOINERY LTD,Bedfont,Feltham,Worker (A rating),Skilled Worker,engineering_construction
ZA CONSTRUCTION & FLOOR FITTING LTD,Hayes,,Worker (A rating),Skilled Worker,engineering_construction
ZA CONSTRUCTION LTD,"Manchester,",Lancashire,Worker (A rating),Skilled Worker,engineering_construction
ZA ENGINEERING SERVICES LTD,Ilford,Essex,Worker (A rating),Skilled Worker,engineering_construction
ZAHID BUILDERS LTD,Birmingham,,Worker (A rating),Skilled Worker,engineering_construction
Zain Construction Ltd,London,,Worker (A rating),Skilled Worker,engineering_construction
ZAKAR MEHMOOD t/a Fengate Motors,Peterborough,United Kingdom,Worker (A rating),Skilled Worker,engineering_construction
ZAMIN MOTORS LTD,Bedford,,Worker (A rating),Skilled Worker,engineering_construction
ZANGI MOTORS LIMITED,Sheffield,,Worker (A rating),Skilled Worker,engineering_construction
Zarrar Civil Engineering Ltd,Slough,,Worker (A rating),Skilled Worker,engineering_construction
Zebra Architects Ltd,Worcester,Worcestershire,Worker (A rating),Skilled Worker,engineering_construction
Zed Power Ltd,Surrey,,Worker (A rating),Skilled Worker,engineering_construction
Zedaxis engineering solutions private ltd.,Coventry,West midlands,Worker (A rating),Skilled Worker,engineering_construction
Zee gas and plumbing ltd,Birmingham,,Worker (A rating),Skilled Worker,engineering_construction
ZEE MOTOR SPARES LIMITED TA Zee Motor Spares Car Batterys,Birmingham,,Worker (A rating),Skilled Worker,engineering_construction
ZEE MOTORS LTD,Leicester,,Worker (A rating),Skilled Worker,engineering_construction
ZEEN CONSTRUCTION LTD,Peterborough,,Worker (A rating),Skilled Worker,engineering_construction
ZEESHAN BUILDERS & DECORATORS LIMITED,"Greenford,",,Worker (A rating),Skilled Worker,engineering_construction
Zenith Energy Limited,Aberdeen,United Kingdom,Worker (A rating),Skilled Worker,engineering_construction
Zenobe Energy Limited,London,,Worker (A rating),Skilled Worker,engineering_construction
Zeus Electrical Constructions Ltd,London,,Worker (A rating),Skilled Worker,engineering_construction
ZF Automotive UK Limited,Solihull,,Worker (A rating),Global Business Mobility: Senior or Specialist Worker; Skilled Worker,engineering_construction
ZFL Surveyors Ltd,Southend On Sea,,Worker (A rating),Skilled Worker,engineering_construction
ZHA Architects Limited,London,,Worker (A rating),Skilled Worker,engineering_construction
ZLC Energy Ltd,Liskeard,Cornwall,Worker (A rating),Skilled Worker,engineering_construction
ZMZ MOTORS LTD,Feltham,,Worker (A rating),Skilled Worker,engineering_construction
ZNB CONSTRUCTION LTD,Manchester,,Worker (A rating),Skilled Worker,engineering_construction
ZOA Energy Solutions Ltd,Romford,,Worker (A rating),Skilled Worker,engineering_construction
ZONE2ZONE BUILDING SERVICES LTD,Carshalton,Surrey,Worker (A rating),Skilled Worker,engineering_construction
Zot Engineering,MUSSELBURGH,East Lothian,Worker (A rating),Skilled Worker,engineering_construction
Zubair Qureshi t/a Z A Builders,BLACKBURN,,Worker (A rating),Skilled Worker,engineering_construction
Zuhlke Engineering Ltd,London,,Worker (A rating),Skilled Worker,engineering_construction
