name,town,county,rating,routes,sector
S S Haulage (Derby) Limited,Littleover,Derby,Worker (A rating),Skilled Worker,logistics_transport
007 Taxi Limited,Oxford,Oxfordshire,Worker (A rating),Skilled Worker,logistics_transport
13 TRAVEL LTD,BINLEY,COVENTRY,Worker (A rating),Skilled Worker,logistics_transport
187 Couriers Ltd,Coventry,,Worker (A rating),Skilled Worker,logistics_transport
1ST CHOICE CABS LTD,London,,Worker (A rating),Skilled Worker,logistics_transport
1ST TRANSPORT INNOVATION (READING) LTD,Reading,,Worker (A rating),Skilled Worker,logistics_transport
247 TAXI LINE LIMITED,Milton Keynes,,Worker (A rating),Skilled Worker,logistics_transport
256 LOGISTICS LTD,Normanton Industrial Estate,Normanton,Worker (A rating),Skilled Worker,logistics_transport
25TH COURIERS LTD,SWANLEY,,Worker (A rating),Skilled Worker,logistics_transport
2Excel Aviation Ltd,Sywell,Northants,Worker (A rating),Skilled Worker,logistics_transport
365 SHIPPING UK LTD,Nottingham,,Worker (A rating),Skilled Worker,logistics_transport
3K TRANSPORT LIMITED,RAINSWORTH,MANSFIELD,Worker (A rating),Skilled Worker,logistics_transport
3T Logistics Limited,Leicester,,Worker (A rating),Skilled Worker,logistics_transport
3T Travel & Tourism Limited,Barking,,Worker (A rating),Skilled Worker,logistics_transport
3TOP Aviation Services Ltd,Surrey,,Worker (A rating),Skilled Worker,logistics_transport
5 Rivers Transport Ltd,Willenhall,,Worker (A rating),Skilled Worker,logistics_transport
51 Cargo Services Ltd,Newton-Le-Willows,,Worker (A rating),Skilled Worker,logistics_transport
53 North Aviation Ltd,ROCHDALE,,Worker (A rating),Skilled Worker,logistics_transport
7 Plus Travel Ltd,Luton,Bedfordshire,Worker (A rating),Skilled Worker,logistics_transport
A & B Cabs (Leicester) Ltd,Leicester,,Worker (A rating),Skilled Worker,logistics_transport
A & B COURIER SERVICE LIMITED,Oldbury,West Midlands,Worker (A rating),Skilled Worker,logistics_transport
A & N Courier Ltd,Walsall,,Worker (A rating),Skilled Worker,logistics_transport
A & S HAULAGE LTD,London,,Worker (A rating),Skilled Worker,logistics_transport
A B C Cargo & Courier UK Limited,England,,Worker (A rating),Global Business Mobility: UK Expansion Worker; Skilled Worker,logistics_transport
A J Walter Aviation Limited,Slinfold,,Worker (A rating),Skilled Worker,logistics_transport
A N LOGISTICS LTD,LEICESTER,,Worker (A rating),Skilled Worker,logistics_transport
A S London Express Transport Ltd,Ipswich,,Worker (A rating),Skilled Worker,logistics_transport
A STARS TRAVEL LTD,Congleton,England,Worker (A rating),Skilled Worker,logistics_transport
A TO Z COURIER 4U LIMITED,Wembley,,Worker (A rating),Skilled Worker,logistics_transport
A Travel Agency London Office Limited,Hounslow,,Worker (A rating),Skilled Worker; Global Business Mobility: Senior or Specialist Worker,logistics_transport
A W COURIER & CARGO LTD,Feltham,,Worker (A rating),Skilled Worker,logistics_transport
A&F TRANSPORT NW LTD,Bolton,,Worker (A rating),Skilled Worker,logistics_transport
A&K Courier Services Ltd,London,,Worker (A rating),Skilled Worker,logistics_transport
A&S Courier services LTD,Southampton,Hampshire,Worker (A rating),Skilled Worker,logistics_transport
A-L-M Travel Ltd,Hemel Hempstead,,Worker (A rating),Skilled Worker,logistics_transport
A. Plessas Transport Ltd,Ipswich,Suffolk,Worker (A rating),Skilled Worker,logistics_transport
A. R SHIPPING SERVICES UK LIMITED,MORDEN,ENGLAND,Worker (A rating),Global Business Mobility: UK Expansion Worker,logistics_transport
A1 Executive Travel Group LTD T/A A1 Executive Cars,Watford,,Worker (A rating),Skilled Worker,logistics_transport
A1 Taxi Service,Barnstaple,,Worker (A rating),Skilled Worker,logistics_transport
A1 Transport (NI) Ltd,ENNISKILLEN,Fermanagh,Worker (A rating),Skilled Worker,logistics_transport
A1 Travel deals Limited,London,,Worker (A rating),Skilled Worker,logistics_transport
A3 GLOBAL TRAVEL LIMITED,Manchester,,Worker (A rating),Skilled Worker,logistics_transport
AA Car Fleet Ltd,London,,Worker (A rating),Skilled Worker,logistics_transport
AA EXPRESS LOGISTICS LTD,Potters Bar,,Worker (A rating),Skilled Worker,logistics_transport
AA MINIBUS TRAVELS LTD T/A BRIT COACHES,"Hagley, Stourbridge",,Worker (A rating),Skilled Worker,logistics_transport
AA Transport,Springfield,Milton Keynes,Worker (A rating),Skilled Worker,logistics_transport
AAA Delivery Services Ltd,Hull,,Worker (A rating),Skilled Worker,logistics_transport
AAA Freight Services Ltd,Glasgow,Lanarkshire,Worker (A rating),Skilled Worker,logistics_transport
AARAV COURIER LTD,Stoke-On-Trent,,Worker (A rating),Skilled Worker,logistics_transport
Aashna Courier Ltd,West Drayton,,Worker (A rating),Skilled Worker,logistics_transport
Abbey Logistics Group Limited,Warrington,,Worker (A rating),Skilled Worker,logistics_transport
ABC Travel,Reading,Berkshire,Worker (A rating),Skilled Worker,logistics_transport
Able Taxi Kettering LTD,Kettering,,Worker (A rating),Skilled Worker,logistics_transport
ABM AVIATION UK LIMITED,Hounslow,Middlesex,Worker (A rating),Skilled Worker,logistics_transport
ABS HAULAGE LTD,Kempston,Bedford,Worker (A rating),Skilled Worker,logistics_transport
ABS Transport Limited,London,,Worker (A rating),Skilled Worker,logistics_transport
ABSOLUTE CABS LIMITED,Doncaster,,Worker (A rating),Skilled Worker,logistics_transport
ACC Aviation Limited,Weybridge,Surrey,Worker (A rating),Skilled Worker,logistics_transport
ACCELERO LOGISTICS LTD,Wolverhampton,,Worker (A rating),Skilled Worker,logistics_transport
Access Travel Management,Lichfield,Staffordshire,Worker (A rating),Skilled Worker,logistics_transport
ACE CARGO SERVICE LTD,Feltham,,Worker (A rating),Skilled Worker,logistics_transport
ACE FLEET LIMITED T/A MOMO'S,London,,Worker (A rating),Skilled Worker,logistics_transport
ACME Shipping & Logistics,Southampton,,Worker (A rating),Skilled Worker,logistics_transport
ACOM Aviation,Witney,,Worker (A rating),Skilled Worker,logistics_transport
ACP Freight Services Limited,Portsmouth,,Worker (A rating),Skilled Worker,logistics_transport
ACS COURIERS AND LOGISTICS LTD,Bristol,,Worker (A rating),Skilled Worker,logistics_transport
ACTIVE STUDY AND TRAVEL SERVICES LTD,London,England,Worker (A rating),Skilled Worker,logistics_transport
ADAM CABS LTD,Cambridge,,Worker (A rating),Skilled Worker,logistics_transport
Adam Haulage Services Ltd,Nottingham,,Worker (A rating),Skilled Worker,logistics_transport
ADBEK TRANSPORT LTD,Birmingham,,Worker (A rating),Skilled Worker,logistics_transport
Advance Shipping Limited,London,,Worker (A rating),Skilled Worker,logistics_transport
ADVENTURE PRIVATE TRANSPORT LTD,Accrington,,Worker (A rating),Skilled Worker,logistics_transport
Aegean Airlines SA,Hounslow,,Worker (A rating),Global Business Mobility: Senior or Specialist Worker; Skilled Worker,logistics_transport
AERO CARGO (UK) LTD,Berkshire,,Worker (A rating),Skilled Worker,logistics_transport
Aero Travel Groups Limited,Brentwood,,Worker (A rating),Skilled Worker,logistics_transport
Aerolinks Travel Limited,London,,Worker (A rating),Skilled Worker,logistics_transport
AFA TRAVEL LTD,Manchester,,Worker (A rating),Skilled Worker,logistics_transport
AFL (Fleet Management) Ltd,Slough,,Worker (A rating),Skilled Worker,logistics_transport
AFS Logistics Ltd,Cumbernauld,Glasgow,Worker (A rating),Skilled Worker,logistics_transport
AGF INTERNATIONAL LOGISTICS LTD,Ilford,London,Worker (A rating),Skilled Worker,logistics_transport
Agile Logistics Ltd,Nottingham,,Worker (A rating),Skilled Worker,logistics_transport
Agnewlight Limited T/A Travelfinders and Dagenham Travel,Dagenham,,Worker (A rating),Skilled Worker,logistics_transport
AHMAD TRANSPORT LTD,Barking,,Worker (A rating),Skilled Worker,logistics_transport
AIC LOGISTICS LIMITED,Ipswich,,Worker (A rating),Skilled Worker,logistics_transport
Air Cargo Ltd,Colnbrook,Slough,Worker (A rating),Global Business Mobility: Senior or Specialist Worker; Skilled Worker,logistics_transport
Air One Aviation Limited,Kingston Upon Thames,,Worker (A rating),Skilled Worker,logistics_transport
AIRLINE CONNECT TRANSPORT SERVICES LTD,"Solihull,",,Worker (A rating),Skilled Worker,logistics_transport
Airline Tariff Publishing Company (ATPCO),London,,Worker (A rating),Skilled Worker; Global Business Mobility: Senior or Specialist Worker,logistics_transport
Airline Travels Limited,West Bromwich,,Worker (A rating),Skilled Worker,logistics_transport
AIRPORT DIRECT TRAVEL LIMITED T/A REZCOMM,DEVON,ENGLAND,Worker (A rating),Skilled Worker,logistics_transport
AIT Home Delivery (UK) Ltd,Northampton,Northamptonshire,Worker (A rating),Skilled Worker,logistics_transport
AIT WORLDWIDE (UK) LOGISTICS LIMITED,SLOUGH,,Worker (A rating),Skilled Worker; Global Business Mobility: Senior or Specialist Worker,logistics_transport
AJ CAR TRANSPORT LTD,Castlederg,Tyrone,Worker (A rating),Skilled Worker,logistics_transport
AJK COACHES LIMITED,Ilford,,Worker (A rating),Skilled Worker,logistics_transport
AJM COURIER SERVICES LTD,Southall,,Worker (A rating),Skilled Worker,logistics_transport
Akaal Transport Ltd,"Leicester, Leicestershire",,Worker (B rating),Skilled Worker,logistics_transport
AKKAAL TRANSPORT LTD,PETERBOROUGH,,Worker (A rating),Skilled Worker,logistics_transport
AKZ HAULAGE LTD,BIRMINGHAM,,Worker (A rating),Skilled Worker,logistics_transport
AL AQSA TRAVEL & TOUR LTD,Birmingham,,Worker (A rating),Skilled Worker,logistics_transport
Al Madina Travel LTD,Derby,,Worker (A rating),Skilled Worker,logistics_transport
AL MADINA TRAVEL SERVICES LIMITED,SHEFFIELD,,Worker (A rating),Skilled Worker,logistics_transport
AL MAKKAH TRAVEL LIMITED,Crawley,,Worker (A rating),Skilled Worker,logistics_transport
AL SADAT LOGISTICS SERVICES LIMITED,Birmingham,,Worker (A rating),Skilled Worker,logistics_transport
AL SULTAN TRANSPORT LTD,Birmingham,United Kingdom,Worker (A rating),Skilled Worker,logistics_transport
Al-Makkawi Hajj & Umrah Travel Limited,Birmingham,,Worker (A rating),Skilled Worker,logistics_transport
AL-SHEIKH TRAVEL LIMITED,Coventry,,Worker (A rating),Skilled Worker,logistics_transport
Alandale Logistics Ltd,London,,Worker (A rating),Skilled Worker,logistics_transport
ALARABIA CARGO LIMITED,Manchester,,Worker (A rating),Skilled Worker,logistics_transport
ALASKA AIRLINES,London,,Worker (A rating),Skilled Worker; Global Business Mobility: Senior or Specialist Worker,logistics_transport
Albatross Travel Group Limited,Larkfield,Kent,Worker (A rating),Global Business Mobility: Senior or Specialist Worker; Skilled Worker,logistics_transport
Alfendo Ltd T/A JTA Travel,Birmingham,West Midlands,Worker (A rating),Skilled Worker,logistics_transport
ALI TRANSPORT SERVICES LIMITED,Mitcham,England,Worker (A rating),Skilled Worker,logistics_transport
ALIGN LOGISTICS LTD,Southall,,Worker (A rating),Skilled Worker,logistics_transport
All Nippon Airways Co Ltd,London,,Worker (A rating),Global Business Mobility: Senior or Specialist Worker; Skilled Worker,logistics_transport
All-Zones Courier Ltd,Wakefield,,Worker (A rating),Skilled Worker,logistics_transport
Allelys General Haulage Ltd,Studley,Warwickshire,Worker (A rating),Skilled Worker,logistics_transport
Allen Transport Limited,Tamworth,,Worker (A rating),Skilled Worker,logistics_transport
ALLIED LOGISTICS LTD,HAYES,MIDDLESEX,Worker (A rating),Skilled Worker,logistics_transport
Allied Service Transport Limited,Liskeard,Cornwall,Worker (A rating),Skilled Worker,logistics_transport
Allseas Global Logistics,Oldham,,Worker (A rating),Skilled Worker,logistics_transport
Almaz Aviation Ltd,London,,Worker (A rating),Skilled Worker,logistics_transport
Alpha 2 Bravo Aircraft Delivery Limited,West Halton,Lincolnshire,Worker (A rating),Skilled Worker,logistics_transport
ALSADIQ&SONS LOGISTICS SERVICE LIMITED,Birmingham,,Worker (A rating),Skilled Worker,logistics_transport
Alstom Transport UK Ltd,Birmingham,,Worker (A rating),Global Business Mobility: Senior or Specialist Worker; Skilled Worker,logistics_transport
Alternative Airlines,Horley,Surrey,Worker (A rating),Skilled Worker,logistics_transport
AMAN COURIER LTD,Southall,,Worker (A rating),Skilled Worker,logistics_transport
American Airlines,Harmondsworth,Middlesex,Worker (A rating),Global Business Mobility: Senior or Specialist Worker; Skilled Worker,logistics_transport
Ampthill Cabs,Ampthill,Bedfordshire,Worker (A rating),Skilled Worker,logistics_transport
AMTRAK LOGISTICS LTD,Nuneaton,,Worker (A rating),Skilled Worker,logistics_transport
ANABIA TRANSPORTS LTD,ROMFORD,,Worker (A rating),Skilled Worker,logistics_transport
ANCHOR TRANSPORT UK LTD,Coventry,,Worker (A rating),Skilled Worker,logistics_transport
Anderson Young Aviation Limited,Surrey,,Worker (A rating),Skilled Worker,logistics_transport
Anglo International Shipping Operations Limited,London,,Worker (A rating),Skilled Worker,logistics_transport
Anglo-Caribbean Shipping Co Ltd,London,,Worker (A rating),Skilled Worker,logistics_transport
ANJANI LOGISTICS LIMITED,HARROW,,Worker (A rating),Skilled Worker,logistics_transport
Anji Logistics (UK) Limited,London,,Worker (A rating),Skilled Worker; Global Business Mobility: Senior or Specialist Worker,logistics_transport
Antalya Aviation Limited,Croydon,,Worker (A rating),Skilled Worker,logistics_transport
ANYWHERE LOGISTICS LIMITED,Evesham,,Worker (A rating),Skilled Worker,logistics_transport
AOE Logistics Limited,Iver,,Worker (A rating),Skilled Worker,logistics_transport
Apex Courier and Cargo Limited,Manchester,,Worker (A rating),Skilled Worker,logistics_transport
APL Couriers Ltd,Blaina,,Worker (A rating),Skilled Worker,logistics_transport
APNA TRAVEL & TOURS LTD,ROTHERHAM,,Worker (A rating),Skilled Worker,logistics_transport
APPSY LOGISTICS LIMITED,East Ham,,Worker (A rating),Skilled Worker,logistics_transport
APXCEL FREIGHT SERVICES LTD,Hounslow,,Worker (A rating),Skilled Worker,logistics_transport
AR TRANSPORT MIDLANDS LTD,Wednesbury,,Worker (A rating),Skilled Worker,logistics_transport
ArcelorMittal Shipping Ltd,London,,Worker (A rating),Skilled Worker; Global Business Mobility: Senior or Specialist Worker,logistics_transport
Archer Aviation UK Limited,Bristol,,Worker (A rating),Skilled Worker; Global Business Mobility: Senior or Specialist Worker,logistics_transport
ARDAS TRANSPORT LTD,Stoke-On-Trent,,Worker (A rating),Skilled Worker,logistics_transport
ARM TRANSPORT LTD,Manchester,,Worker (A rating),Skilled Worker,logistics_transport
Armstrong Logistics Ltd,Lutterworth,Leicestershire,Worker (A rating),Skilled Worker,logistics_transport
Arriva Rail London Ltd,London,,Worker (A rating),Skilled Worker,logistics_transport
Arriva UK Bus Limited,Thurmaston,Leicester,Worker (A rating),Skilled Worker,logistics_transport
ARROW SHIPPING (UK) LTD,London,,Worker (A rating),Skilled Worker; Global Business Mobility: Senior or Specialist Worker,logistics_transport
AS COURIERS U.K. LIMITED,Bilston,,Worker (A rating),Skilled Worker,logistics_transport
asap Logistics UK Ltd,Cheadle,Cheshire,Worker (A rating),Skilled Worker,logistics_transport
ASB HAULAGE LTD,Slough,,Worker (A rating),Skilled Worker,logistics_transport
ASB TRANSPORT LIMITED,"Nuneaton, Warwickshire",,Worker (A rating),Skilled Worker,logistics_transport
ASCENT GLOBAL SHIPPING UK LTD,Manchester,,Worker (A rating),Skilled Worker,logistics_transport
ASD Transport Birmingham Ltd,Wednesbury,,Worker (A rating),Skilled Worker,logistics_transport
Asia Logistics Services (UK) Ltd,Hayes,Middlesex,Worker (A rating),Skilled Worker,logistics_transport
Asiana Airlines Inc.,London,,Worker (A rating),Global Business Mobility: Senior or Specialist Worker; Skilled Worker,logistics_transport
ASM Rail & Civils Ltd.,Uxbridge,,Worker (A rating),Skilled Worker,logistics_transport
ASN PRODUCTION & LOGISTICS LTD,Batley,,Worker (A rating),Skilled Worker,logistics_transport
AT HOME DELIVERY LTD,NORWICH,,Worker (A rating),Skilled Worker,logistics_transport
Ateyant Transport Ltd,Leicester,,Worker (A rating),Skilled Worker,logistics_transport
Atlantic Travel (GB) Limited,Bolton,,Worker (A rating),Skilled Worker,logistics_transport
ATS Atlas Travel Solutions Scotland and Ireland Limited,Edinburgh,,Worker (A rating),Skilled Worker,logistics_transport
Augustea Shipping Services Limited,London,,Worker (A rating),Skilled Worker; Global Business Mobility: Senior or Specialist Worker,logistics_transport
AUM LOGISTICS LIMITED,RADLETT,,Worker (A rating),Skilled Worker,logistics_transport
AV Haulage Ltd,Iver,,Worker (A rating),Skilled Worker,logistics_transport
AVER LOGISTICS LTD,RICKMANSWORTH,,Worker (A rating),Skilled Worker,logistics_transport
Avi Courier Express Limited,Birmingham,,Worker (A rating),Skilled Worker,logistics_transport
Avia Cargo Services Limited,London,,Worker (A rating),Skilled Worker,logistics_transport
Aviation and Defence Spares Ltd,Poole,Dorset,Worker (A rating),Skilled Worker,logistics_transport
Aviation Crew Services Limited,Longford,,Worker (A rating),Skilled Worker,logistics_transport
Aviation Innovations Limited,Fareham,Hampshire,Worker (A rating),Skilled Worker,logistics_transport
AVIATION NEWS LTD,"Stoke-On-Trent,",Staffordshire,Worker (A rating),Skilled Worker,logistics_transport
Aviation Works Ltd,London,,Worker (A rating),Skilled Worker,logistics_transport
AVP LOGISTICS LTD,SOUTHAMPTON,,Worker (A rating),Skilled Worker,logistics_transport
Avtar Courier Services Ltd,Oldbury,,Worker (A rating),Skilled Worker,logistics_transport
AWAN COURIER SERVICES LIMITED,Dagenham,,Worker (A rating),Skilled Worker,logistics_transport
Awat Hama Ali Cargo Services UK Limited,London,,Worker (UK Expansion Worker: Provisional ),Global Business Mobility: UK Expansion Worker,logistics_transport
AWL Travel Limited,Sutton,Surrey,Worker (A rating),Skilled Worker,logistics_transport
AYAN TRAVEL & CAR HIRE LTD,Manchester,,Worker (A rating),Skilled Worker,logistics_transport
AZERBAIJAN AIRLINES CLOSED JOINT STOCK COMPANY,LONDON,,Worker (A rating),Global Business Mobility: Senior or Specialist Worker,logistics_transport
AZG Logistics Ltd,Slough,,Worker (A rating),Skilled Worker,logistics_transport
B B Courier,Walsall,,Worker (A rating),Skilled Worker,logistics_transport
B HAULAGE LIMITED,Kent,"England,",Worker (A rating),Skilled Worker,logistics_transport
B N LOGISTICS LTD,Kent,,Worker (A rating),Skilled Worker,logistics_transport
B R Rail Ltd,Barking,,Worker (A rating),Skilled Worker,logistics_transport
B&Y CARGO AND SHIPPING SERVICES LTD,Salford,Lancashire,Worker (A rating),Skilled Worker,logistics_transport
BA MOBILE FLEET SERVICES LTD,Solihull,,Worker (A rating),Skilled Worker,logistics_transport
BABA COURIERS LTD,Crawley,,Worker (A rating),Skilled Worker,logistics_transport
BABSMAYOR LOGISTICS LTD,Dartford,,Worker (A rating),Skilled Worker,logistics_transport
Banga Transport Limited,Birmingham,West Midlands,Worker (A rating),Skilled Worker,logistics_transport
Banga Transport Services,Grays,,Worker (A rating),Skilled Worker,logistics_transport
BANGLA TRAVEL UK LIMITED,Southall,,Worker (A rating),Skilled Worker,logistics_transport
Barbican Logistics Limited.,Bicester,Oxfordshire,Worker (A rating),Skilled Worker,logistics_transport
BARNALA HAULAGE LIMITED,Cambridge,,Worker (A rating),Skilled Worker,logistics_transport
BARSAN GLOBAL LOGISTICS LTD,COVENTRY,,Worker (A rating),Skilled Worker; Global Business Mobility: Senior or Specialist Worker,logistics_transport
Bates Transport Limited,Southall,,Worker (A rating),Skilled Worker,logistics_transport
BCT Aviation Maintenance Ltd,Derby,Derbyshire,Worker (A rating),Skilled Worker,logistics_transport
BDM Logistics and Management,London,,Worker (A rating),Skilled Worker,logistics_transport
BDSJ TRANSPORT LTD,West Bromwich,,Worker (A rating),Skilled Worker,logistics_transport
BEA LOGISTICS LTD,Grays,,Worker (A rating),Skilled Worker,logistics_transport
Beacon Rail Leasing Limited,London,,Worker (A rating),Global Business Mobility: Senior or Specialist Worker; Skilled Worker,logistics_transport
BEAUTY LOGISTICS LIMITED,London,,Worker (A rating),Skilled Worker,logistics_transport
BEECROWN LOGISTICS LIMITED,BOLTON,Lancashire,Worker (A rating),Skilled Worker,logistics_transport
Belavia Belarusian Airlines,London,,Worker (A rating),Skilled Worker; Global Business Mobility: Senior or Specialist Worker,logistics_transport
BELLA WAREHOUSE LTD,Kings Lynn,Norfolk,Worker (A rating),Skilled Worker,logistics_transport
BENIPAL LOGISTICS LTD,Hayes,England,Worker (A rating),Skilled Worker,logistics_transport
BENNING TRANSPORT LTD,Burkinghamshire,,Worker (A rating),Skilled Worker,logistics_transport
BERKELEY TRAVEL LTD,London,,Worker (A rating),Skilled Worker,logistics_transport
BEST DEAL SHIPPING LTD,LEICESTER,,Worker (A rating),Skilled Worker,logistics_transport
Best Services International Freight UK Limited,Hemel Hempstead,,Worker (A rating),Skilled Worker,logistics_transport
Bestone T/A Londis Fleet,Fleet,Hampshire,Worker (A rating),Skilled Worker,logistics_transport
BHULLAR TRANSPORT (UK) LTD,Smethwick,West Midlands,Worker (A rating),Skilled Worker,logistics_transport
Big Bus Tours Limited,London,,Worker (A rating),Skilled Worker,logistics_transport
BIG ON LOGISTICS LTD,Stoke-On-Trent,,Worker (A rating),Skilled Worker,logistics_transport
BIGSAM GLOBAL LOGISTICS LTD,MANCHESTER,LANCASHIRE,Worker (A rating),Skilled Worker,logistics_transport
Billcole Haulage (Stevenage) Limited,Earith,,Worker (A rating),Skilled Worker,logistics_transport
BIMAN BANGLADESH AIRLINES,LONDON,,Worker (A rating),Global Business Mobility: Senior or Specialist Worker,logistics_transport
Birdview Logistics Limited,Liverpool,,Worker (A rating),Skilled Worker,logistics_transport
Birmingham Transport Solutions Limited,Coventry,,Worker (A rating),Skilled Worker,logistics_transport
BIRMINGHAM TRAVEL LTD,Birmingham,,Worker (A rating),Skilled Worker,logistics_transport
Birstall Cabs Ltd,Birstall,Leicestershire,Worker (A rating),Skilled Worker,logistics_transport
BJS HAULAGE LIMITED,WEDNESBURY,WEST MIDLANDS,Worker (A rating),Skilled Worker,logistics_transport
BK Shipping Ltd,London,,Worker (A rating),Skilled Worker,logistics_transport
BKM TRANSPORT UK LTD,Kent,,Worker (A rating),Skilled Worker,logistics_transport
BLACKSTONE SHIPPING UK LIMITED,Watford,,Worker (A rating),Skilled Worker,logistics_transport
BLISS ROUTE COURIER LTD,Salford,,Worker (A rating),Skilled Worker,logistics_transport
Blue Funnel Logistics Ltd,Harrow,,Worker (A rating),Global Business Mobility: Senior or Specialist Worker; Skilled Worker,logistics_transport
BLUE HORSE TRANSPORT LIMITED,Slough,,Worker (A rating),Skilled Worker,logistics_transport
Blue Lion Haulage Limited,Iver,,Worker (A rating),Skilled Worker,logistics_transport
Blue Marine Travel Ltd,Bishop's Stortford,,Worker (A rating),Skilled Worker,logistics_transport
BLUE TICKS LOGISTICS LIMITED,Buckinghamshire,,Worker (A rating),Skilled Worker,logistics_transport
Blue Water Logistics UK Limited,Manchester,,Worker (A rating),Global Business Mobility: Senior or Specialist Worker; Skilled Worker,logistics_transport
Blue Water Shipping UK LTD,Manchester,,Worker (A rating),Global Business Mobility: Senior or Specialist Worker; Skilled Worker,logistics_transport
BLUEROUTE FREIGHT LTD,West Bromwich,,Worker (A rating),Skilled Worker,logistics_transport
Bluestone Travel Ltd,LONDON,,Worker (A rating),Skilled Worker,logistics_transport
BM Coaches & Rental Ltd,Hayes,Middlesex,Worker (A rating),Skilled Worker,logistics_transport
BOC Aviation (UK) Limited,London,,Worker (A rating),Global Business Mobility: Senior or Specialist Worker; Skilled Worker,logistics_transport
BOOKING.COM TRANSPORT LIMITED,Manchester,Greater Manchester,Worker (A rating),Skilled Worker; Global Business Mobility: Senior or Specialist Worker,logistics_transport
BOOZE DELIVERY LIMITED,London,,Worker (A rating),Skilled Worker,logistics_transport
BORA TRAVEL CO LTD,NEW MALDEN,SURREY,Worker (A rating),Skilled Worker,logistics_transport
BOTA'S TRANSPORT LTD.,Livingston,Scotland,Worker (A rating),Skilled Worker,logistics_transport
Bournemouth Aviation Services Ltd,Christchurch,Dorset,Worker (A rating),Skilled Worker,logistics_transport
Box'd Shipping Ltd,Caterham,Surrey,Worker (A rating),Skilled Worker,logistics_transport
BOYAN TRANSPORT 2017 LTD,Gravesend,,Worker (A rating),Skilled Worker,logistics_transport
Brar Transport Ltd,Dudley,WEST MIDLANDS,Worker (A rating),Skilled Worker,logistics_transport
BREACHWOOD TRANSPORT & REMOVALS LIMITED T/A BTR INTERNATIONAL,Luton,Bedfordshire,Worker (A rating),Skilled Worker,logistics_transport
Bright Angel Travel Limited,Southall,Middlesex,Worker (A rating),Skilled Worker,logistics_transport
BrightInsight Delivery UK,London,,Worker (A rating),Skilled Worker,logistics_transport
Brightside Travel Limited,"East Calder,","Livingston,",Worker (A rating),Skilled Worker,logistics_transport
Brightsun Travel UK Ltd,Hounslow,Middlesex,Worker (A rating),Global Business Mobility: Senior or Specialist Worker; Skilled Worker,logistics_transport
BRILLIANT TRANSPORT LTD,London,,Worker (A rating),Skilled Worker,logistics_transport
Brit Fleet Services Limited,Worthing,,Worker (A rating),Skilled Worker,logistics_transport
Britam Shipping Ltd,Coggeshall,Essex,Worker (A rating),Skilled Worker,logistics_transport
Britian Logistics Limited,Manchester,,Worker (A rating),Skilled Worker,logistics_transport
British Airways PLC,Harmondsworth,,Worker (A rating),Global Business Mobility: Senior or Specialist Worker; Skilled Worker,logistics_transport
Bromsgrove Taxi Cabs Ltd,Bromsgrove,West Midlands,Worker (A rating),Skilled Worker,logistics_transport
Brookfield Aviation International (Far East) Ltd,Epsom,Surrey,Worker (A rating),Skilled Worker,logistics_transport
Bruce Coaches Scotland Ltd,Salsburgh,,Worker (A rating),Skilled Worker,logistics_transport
BSU Transport Limited,Wolverhampton,,Worker (A rating),Skilled Worker,logistics_transport
Bucks Minibus Travel Ltd T/A Swan Rider,High Wycombe,,Worker (A rating),Skilled Worker,logistics_transport
Budget Transport Ltd,Hounslow,,Worker (A rating),Skilled Worker,logistics_transport
Buffaload Logistics Limited,Huntingdon,,Worker (A rating),Skilled Worker,logistics_transport
Bulk Tainer Logistics Limited,Stokesley,Middlesbrough,Worker (A rating),Skilled Worker,logistics_transport
BUNAC Travel Services limited,London,,Temporary Worker (A rating),Government Authorised Exchange,logistics_transport
Burak Transport & Solutions Ltd,Doncaster,,Worker (A rating),Skilled Worker,logistics_transport
Burhill Logistics,Felixstowe,Suffolk,Worker (A rating),Skilled Worker,logistics_transport
BUS STOP NEWS BRISTOL LTD,Bristol,,Worker (A rating),Skilled Worker,logistics_transport
C & K TRANSPORT YARD LTD,Wednesbury,,Worker (A rating),Skilled Worker,logistics_transport
C H LIDHAR TRANSPORT LTD,LEICESTER,,Worker (A rating),Skilled Worker,logistics_transport
C&W TRANSPORT LIMITED,Upminster,,Worker (A rating),Skilled Worker,logistics_transport
C2SKY CARGO LIMITED,"Bolton,",,Worker (A rating),Skilled Worker,logistics_transport
CAB People Ltd,Dewsbury,,Worker (A rating),Skilled Worker,logistics_transport
Cable Management Warehouse Ltd,Bedford,Bedfordshire,Worker (A rating),Skilled Worker,logistics_transport
CAESARIO LOGISTICS LIMITED,Stockton-On-Tees,Durham,Worker (A rating),Skilled Worker,logistics_transport
CAF Rail UK Limited,Belfast,Northern Ireland,Worker (A rating),Global Business Mobility: Senior or Specialist Worker; Skilled Worker,logistics_transport
Cage Delivery Ltd,Nottingham,Nottinghamshire,Worker (A rating),Skilled Worker,logistics_transport
CAMBRIDGE & HUNTINGDON AIRPORT TRAVEL SERVICE LTD,Cambridge,Cambridgeshire,Worker (A rating),Skilled Worker,logistics_transport
CAPTAIN TRANSPORT LTD,Dagenham,Essex,Worker (A rating),Skilled Worker,logistics_transport
CARGO A-Z LIMITED,LONDON,,Worker (A rating),Skilled Worker,logistics_transport
Cargo Alliance Service Europe Limited,Hanworth,,Worker (A rating),Skilled Worker,logistics_transport
CARGO EXPERT LTD,Southall,Middlesex,Worker (A rating),Skilled Worker,logistics_transport
CARGO FORCE LIMITED,Wembley,,Worker (A rating),Skilled Worker,logistics_transport
Cargo King UK Limited,Longford,Middlesex,Worker (A rating),Skilled Worker,logistics_transport
Cargo Lord,Birmingham,,Worker (A rating),Skilled Worker,logistics_transport
Cargo Move LTD,Colchester,Essex,Worker (A rating),Skilled Worker,logistics_transport
CARGO MOVERS LIMITED,Samlesbury,,Worker (A rating),Skilled Worker,logistics_transport
Cargo Northeast Ltd,Newcastle upon Tyne,,Worker (A rating),Skilled Worker,logistics_transport
Cargo Overseas Limited,Manchester,,Worker (A rating),Skilled Worker,logistics_transport
carisbrooke shipping ltd,Cowes,isle of wight,Worker (A rating),Skilled Worker,logistics_transport
Carousel Logistics Ltd,Sittingbourne,Kent,Worker (A rating),Skilled Worker,logistics_transport
Cashel Travel Limited,Edinburgh,,Worker (A rating),Skilled Worker,logistics_transport
Cathay Pacific Airways Ltd,Hammersmith,London,Worker (A rating); Temporary Worker (A rating),Global Business Mobility: Senior or Specialist Worker; Global Business Mobility: Graduate Trainee; Skilled Worker,logistics_transport
Cavalier Logistics UK Ltd,Feltham,Middx,Worker (A rating),Skilled Worker,logistics_transport
CB TRANSPORT REFRIGERATION LTD,Liverpool,,Worker (A rating),Skilled Worker,logistics_transport
CD Transport UK Ltd,Weybridge,,Worker (A rating),Skilled Worker,logistics_transport
CDL LONDON LIMITED T/A CDL LOGISTICS,LONDON,,Worker (A rating),Skilled Worker,logistics_transport
CDS Logistics Ltd,Darlington,,Worker (A rating),Skilled Worker,logistics_transport
CEDAR TRANSPORT LTD,Bristol,,Worker (A rating),Skilled Worker,logistics_transport
CELESTIA TRAVEL LTD,London,,Worker (A rating),Skilled Worker,logistics_transport
Central Fleet Solutions Ltd,Bathgate,West Lothian,Worker (A rating),Skilled Worker,logistics_transport
Central Japan Railway Company,London,,Worker (A rating),Global Business Mobility: Senior or Specialist Worker,logistics_transport
Ceva Logistics Limited,Ashby-de-la-Zouch,Leicestershire,Worker (A rating),Global Business Mobility: Senior or Specialist Worker; Skilled Worker,logistics_transport
CGATE Logistics UK Ltd,Dartford,,Worker (A rating),Skilled Worker,logistics_transport
CHAHAL TRANSPORT LIMITED,Derby,,Worker (A rating),Skilled Worker,logistics_transport
Chain Logistics Services Limited,London,,Worker (A rating),Skilled Worker,logistics_transport
CHAN TRANSPORT LTD,London,,Worker (A rating),Skilled Worker,logistics_transport
Chartered Institution of Highways and Transportation,London,,Worker (A rating),Skilled Worker,logistics_transport
Chassis Cab Ltd,Ipswich,Suffolk,Worker (A rating),Skilled Worker,logistics_transport
CHATHA TRANSPORT LTD,Featherstone,West Midland,Worker (A rating),Skilled Worker,logistics_transport
Cherryvale Furniture Warehouse Ltd,Newtownabbey,,Worker (A rating),Skilled Worker,logistics_transport
Cheshire Travel Northwich Ltd,Northwich,,Worker (A rating),Skilled Worker,logistics_transport
China Airlines Ltd,London,London,Worker (A rating),Global Business Mobility: Senior or Specialist Worker,logistics_transport
China Aviation Fuel (Europe) Limited,London,,Worker (A rating),Skilled Worker; Global Business Mobility: Senior or Specialist Worker,logistics_transport
China Cargo Airlines Limited,Stansted,,Worker (A rating),Skilled Worker; Global Business Mobility: Senior or Specialist Worker,logistics_transport
China Eastern Airlines Corporation Limited,London,,Worker (A rating),Global Business Mobility: Senior or Specialist Worker; Skilled Worker,logistics_transport
China Southern Airlines Company Limited,Hounslow,Middlesex,Worker (A rating),Global Business Mobility: Senior or Specialist Worker; Skilled Worker,logistics_transport
China Travel Service & Information Centre Ltd,London,,Worker (A rating),Skilled Worker,logistics_transport
CHOLA TRANSPORTS LTD,London,,Worker (A rating),Skilled Worker,logistics_transport
Choudary Transport Ltd,Hyde,,Worker (A rating),Skilled Worker,logistics_transport
CINDEL LOGISTICS LTD,Southampton,,Worker (A rating),Skilled Worker,logistics_transport
CINTRACKS LTD TA Cintracks Taxi & Private Hire,Reading,,Worker (A rating),Skilled Worker,logistics_transport
CITIBOND TRAVEL (LONDON) LTD,Stanmore,,Worker (A rating),Skilled Worker,logistics_transport
City Cargo Services,"Salford, Manchester",Greater Manchester,Worker (A rating),Skilled Worker,logistics_transport
City Pro Transport Car Ltd,Hounslow,,Worker (A rating),Skilled Worker,logistics_transport
Citywise Travel Ltd,High Wycombe,Bucks,Worker (A rating),Skilled Worker,logistics_transport
CK Rail Solutions,Chesterfield,Derbyshire,Worker (A rating),Skilled Worker,logistics_transport
CLARION SHIPPING AND LOGISTICS UK LTD,FELIXSTOWE DOCKS,SUFFOLK,Worker (A rating),Skilled Worker,logistics_transport
Clarity Travel Management,Manchester,,Worker (A rating),Skilled Worker,logistics_transport
CLARUSTO LOGISTICS LTD T/A CLARUSTO LOGISTICS,East Kilbride,"South Lanarkshire, Scotland",Worker (A rating),Skilled Worker,logistics_transport
Click and Deliver London Ltd T/A Click for Delivery,London,,Worker (A rating),Skilled Worker,logistics_transport
Click N Fly Travel Ltd,Reading,,Worker (A rating),Skilled Worker,logistics_transport
CLIFF'S COACHES LTD,High Wycombe,,Worker (A rating),Skilled Worker,logistics_transport
Close Brothers Rail Ltd,Wickford,Essex,Worker (A rating),Skilled Worker,logistics_transport
Club Travel Limited,Wakefield,West Yorkshire,Worker (A rating),Skilled Worker,logistics_transport
CMA CGM (UK) Shipping Limited,Liverpool,,Temporary Worker (A rating); Worker (A rating),Global Business Mobility: Graduate Trainee; Global Business Mobility: Senior or Specialist Worker; Skilled Worker,logistics_transport
CML CARGO LIMITED,Edmonton,London,Worker (A rating),Skilled Worker,logistics_transport
COCKRAMS TRANSPORT (LINCS) LIMITED,SPALDING,,Worker (A rating),Skilled Worker,logistics_transport
Colas Rail Limited,London,,Worker (A rating),Global Business Mobility: Senior or Specialist Worker; Skilled Worker,logistics_transport
Comfort Transport UK Limited,LONDON,,Worker (A rating),Skilled Worker,logistics_transport
Commonwealth Coaches Limited,Iver,Bucks,Worker (A rating),Skilled Worker,logistics_transport
Community Transport Association,Manchester,Greater Manchester,Worker (A rating),Skilled Worker,logistics_transport
COMPARE TRAVEL SERVICES LIMITED,High Wycombe,,Worker (A rating),Skilled Worker,logistics_transport
Compass Logistics International LTD,Slough,,Worker (A rating),Skilled Worker,logistics_transport
Consolidated Logistics Services Limited,Slough,,Worker (A rating),Skilled Worker,logistics_transport
Constellation Cold Logistics Holdings Limited,London,,Worker (A rating),Skilled Worker,logistics_transport
Contemporary Travel Solutions Limited,Manchester,,Worker (A rating),Global Business Mobility: Senior or Specialist Worker; Skilled Worker,logistics_transport
CONTINENTAL FREIGHT SERVICES LTD,Southall,,Worker (A rating),Skilled Worker,logistics_transport
CONTROLO CARGO SERVICES LIMITED,REDDITCH,WORCESTERSHIRE,Worker (A rating),Skilled Worker,logistics_transport
Coolair Bus and Rail Ltd T/as Coolair Logan,Lincoln,Lincolnshire,Worker (A rating),Skilled Worker,logistics_transport
Cornucopial Logistics UK Ltd,Eastleigh,,Worker (A rating),Skilled Worker; Global Business Mobility: UK Expansion Worker,logistics_transport
Corporate Travel Management (United Kingdom) Limited,London,London,Worker (A rating),Skilled Worker; Global Business Mobility: Senior or Specialist Worker,logistics_transport
Cos Freight Ltd,Luton,,Worker (A rating),Skilled Worker,logistics_transport
Cosco Shipping (UK) Co Ltd,Barking,Essex,Worker (A rating),Global Business Mobility: Senior or Specialist Worker; Skilled Worker,logistics_transport
County Cabs Limited,Woking,Surrey,Worker (A rating),Skilled Worker,logistics_transport
Courier Box Ltd,London,,Worker (A rating),Skilled Worker,logistics_transport
Courier Holdings Ltd,London,,Worker (A rating),Skilled Worker,logistics_transport
Coventry Taxis and Coaches,Coventry,,Worker (A rating),Skilled Worker,logistics_transport
CPT Transport Ltd,Northampton,,Worker (A rating),Skilled Worker,logistics_transport
Crest Couriers LTD,Solihull,,Worker (A rating),Skilled Worker,logistics_transport
Cresta World Travel Limited,London,,Worker (A rating),Skilled Worker,logistics_transport
CRITICAL LOGISTICS LTD,Wednesbury,,Worker (A rating),Skilled Worker,logistics_transport
CROSS OCEAN TRAVEL & TOURS LTD,Ilford,,Worker (A rating),Skilled Worker,logistics_transport
Crossroads Truck and Bus Ltd,Birstall,West Yorkshire,Worker (A rating),Skilled Worker,logistics_transport
Crown Couriers Limited,Tamworth,Staffs,Worker (A rating),Skilled Worker,logistics_transport
CROWN WHEELCHAIR TRAVEL LIMITED,Reading,,Worker (A rating),Skilled Worker,logistics_transport
CTS INTERNATIONAL LOGISTICS (UK) CO LTD,Staines-Upon-Thames,,Temporary Worker (A rating); Worker (A rating),Global Business Mobility: Graduate Trainee; Skilled Worker,logistics_transport
Culina Logistics Ltd,Market Drayton,Shropshire,Worker (A rating),Skilled Worker,logistics_transport
CY Shipping UK ltd,London,,Worker (A rating),Global Business Mobility: Senior or Specialist Worker,logistics_transport
D & B HAULAGE LTD,Hounslow,,Worker (A rating),Skilled Worker,logistics_transport
D&S MIDLANDS TRANSPORT LTD,Wolverhampton,,Worker (A rating),Skilled Worker,logistics_transport
D1 TRAVEL LTD,LONDON,,Worker (A rating),Skilled Worker,logistics_transport
Dab Logistics Midland,West Bromwich,,Worker (A rating),Skilled Worker,logistics_transport
DAHNAY LOGISTICS (UK) LTD,Chadwell Heath,Essex,Worker (A rating),Skilled Worker,logistics_transport
DALSTON MINI CABS LTD,London,,Worker (A rating),Skilled Worker,logistics_transport
Dassault Aviation Business Services UK Limited,Farnborough,Hampshire,Worker (A rating),Skilled Worker,logistics_transport
Day N Night Delivery Ltd,Coventry,West Midlands,Worker (A rating),Skilled Worker,logistics_transport
DAY2DAY LOGISTICS LIMITED,Birmingham,,Worker (A rating),Skilled Worker,logistics_transport
DB Cargo  (UK) Limited,Doncaster,,Worker (A rating),Global Business Mobility: Senior or Specialist Worker; Skilled Worker,logistics_transport
DCG LOGISTICS UK LTD,Chelmsford,,Worker (A rating),Skilled Worker,logistics_transport
DEDICATED SAMEDAY COURIER LTD,London,,Worker (A rating),Skilled Worker,logistics_transport
Dee Set Logistics Ltd,Stoke on Trent,Staffordshire,Worker (A rating),Skilled Worker,logistics_transport
Deep Courier LTD,West Bromwich,,Worker (A rating),Skilled Worker,logistics_transport
DEKAHVIL LOGISTICS LTD,LONDON,,Worker (A rating),Skilled Worker,logistics_transport
Delight Global Logistics UK Ltd,Harrogate,,Worker (A rating),Skilled Worker,logistics_transport
Delivago Logistics Ltd,Coventry,,Worker (A rating),Skilled Worker,logistics_transport
Deltec International Couriers Ltd,Hounslow,Middlesex,Worker (A rating),Global Business Mobility: Senior or Specialist Worker; Skilled Worker,logistics_transport
Deol Haulage Ltd,Coalville,Leicestershire,Worker (A rating),Skilled Worker,logistics_transport
Department for Transport,London,,Worker (A rating),Skilled Worker,logistics_transport
Devon Film Logistics Limited,Bideford,Devon,Temporary Worker (A rating); Worker (A rating),Creative Worker; Skilled Worker,logistics_transport
DEWAN COURIERS LTD,Oldham,,Worker (A rating),Skilled Worker,logistics_transport
DGR Global Logistics UK Limited T/A DGR Global Logistics,London,,Worker (A rating),Skilled Worker,logistics_transport
DHAMI COURIER LTD,Smethwick,West Midlands,Worker (A rating),Skilled Worker,logistics_transport
DHANDLI COURIER LIMITED,West Bromwich,West Midlands,Worker (A rating),Skilled Worker,logistics_transport
DHANYA LOGISTICS LIMITED,Wembley,Middlesex,Worker (A rating),Skilled Worker,logistics_transport
DHESI TRANSPORT LTD,Leicester,,Worker (A rating),Skilled Worker,logistics_transport
DHL Aviation (UK) Ltd,Derby,,Worker (A rating),Skilled Worker; Global Business Mobility: Senior or Specialist Worker,logistics_transport
DIAL A CAB ROTHERHAM LTD,ROTHERHAM,,Worker (A rating),Skilled Worker,logistics_transport
DIAMOND COURIER UK SERVICES LTD,Romford,,Worker (A rating),Skilled Worker,logistics_transport
Didar Transport Limited,Slough,,Worker (A rating),Skilled Worker,logistics_transport
DigiSig Rail Group Ltd,Sutton Coldfield,West Midlands,Worker (A rating),Skilled Worker,logistics_transport
Dincer Logistics Limited,Waltham Cross,Hertfordshire,Worker (A rating),Global Business Mobility: Senior or Specialist Worker; Skilled Worker,logistics_transport
Direct Point Logistics Ltd,Wolverhampton,West Midlands,Worker (A rating),Skilled Worker,logistics_transport
Direct Rail Services,Carlisle,Cumbria,Worker (A rating),Skilled Worker,logistics_transport
DIRECT SHIPPING INTERNATIONAL LIMITED,Colchester,England,Worker (A rating),Skilled Worker,logistics_transport
Direct Today Couriers Ltd,Bolton,,Worker (A rating),Skilled Worker,logistics_transport
Distinct Services (Freight Networking) Ltd,Bordon,Hampshire,Worker (A rating),Skilled Worker,logistics_transport
Diversity Travel,Manchester,,Worker (A rating),Skilled Worker,logistics_transport
Dixon International Logistics,Coventry,,Worker (A rating),Skilled Worker,logistics_transport
Diya Travel Ltd,Wembley,,Worker (A rating),Skilled Worker,logistics_transport
DLA Logistics UK Ltd,Brentford,,Worker (A rating),Skilled Worker,logistics_transport
DNL TRANSPORT LTD,Banbury,,Worker (A rating),Skilled Worker,logistics_transport
Dolphin Logistics Supply Chain Management UK Limited,London,,Worker (A rating),Skilled Worker,logistics_transport
Dominvs Aviation Limited,London,,Worker (A rating),Skilled Worker,logistics_transport
Donmar Warehouse,London,,Worker (A rating),Skilled Worker,logistics_transport
Donmar Warehouse Projects Ltd,London,,Temporary Worker (A rating),Creative Worker,logistics_transport
DOUBLE GLAZING WAREHOUSE LIMITED,Coventry,,Worker (A rating),Skilled Worker,logistics_transport
Dover Street Logistics Limited,London,,Worker (A rating),Skilled Worker,logistics_transport
DPW Contracts Logistics UK Limited,Hinckley,,Worker (A rating),Skilled Worker,logistics_transport
Dream Transport Solutions Ltd,Sandy,,Worker (A rating),Skilled Worker,logistics_transport
DRS Transport Ltd,Wolverhampton,,Worker (A rating),Skilled Worker,logistics_transport
DSA Global Logistics Limited,Altrincham,,Worker (A rating),Skilled Worker,logistics_transport
DSST Logistics Ltd,Nottingham,Nottinghamshire,Worker (A rating),Skilled Worker,logistics_transport
DTD Courier & Cargo Limited,Leicester,,Worker (A rating),Skilled Worker,logistics_transport
DTDC Courier & Cargo (UK) Limited,Slough,,Worker (A rating),Skilled Worker,logistics_transport
DUMFRIES FREIGHT LTD,Newry,Down,Worker (A rating),Skilled Worker,logistics_transport
DY UK TRANSPORT LTD,London,,Worker (A rating),Skilled Worker,logistics_transport
E & M LOGISTICS LIMITED,Manchester,,Worker (A rating),Skilled Worker,logistics_transport
E & Z Transport Ltd,Birmingham,,Worker (A rating),Skilled Worker,logistics_transport
E Taxi Ltd,Redditch,,Worker (A rating),Skilled Worker,logistics_transport
E-Shopping Warehouse Ltd,Liverpool,,Worker (A rating),Skilled Worker,logistics_transport
Eagle Cargo Services Ltd,Essex,,Worker (A rating),Skilled Worker,logistics_transport
Eagle Couriers (Scotland) Limited,Bathgate,,Worker (A rating),Skilled Worker,logistics_transport
Eagle Taxi Ltd,Oxford,,Worker (A rating),Skilled Worker,logistics_transport
Eaglexpress Transport Ltd,Brentwood,,Worker (A rating),Skilled Worker,logistics_transport
EASI Courier Services Ltd,London,,Worker (A rating),Skilled Worker,logistics_transport
East London Air Service Milfa Travel Ltd T/A Milfa Travel,London,,Worker (A rating),Skilled Worker,logistics_transport
East London Travel and Exchange Ltd,London,,Worker (A rating),Skilled Worker,logistics_transport
EAST MIDLAND HAULAGE LTD,Derby,Derbyshire,Worker (A rating),Skilled Worker,logistics_transport
East west rail,Milton Keynes,East Midlands,Worker (A rating),Skilled Worker,logistics_transport
Eastern Pacific Shipping (UK) Limited,London,,Worker (A rating),Skilled Worker; Global Business Mobility: Senior or Specialist Worker,logistics_transport
EASTERN TRAVEL EXCHANGE LTD,Ilford,,Worker (A rating),Skilled Worker,logistics_transport
Easy Box Logistics,Bicester,,Worker (A rating),Skilled Worker,logistics_transport
Easy Shipping Ltd,Mitcham,Surrey,Worker (A rating),Skilled Worker,logistics_transport
Easy Solutions And Logistics Limited,18 Wadsworth Road,,Worker (A rating),Skilled Worker,logistics_transport
Easy Travel and Tours Limited t/a Best2Insure,Hounslow,,Worker (A rating),Skilled Worker,logistics_transport
EASYFLY TRAVEL LIMITED,Wembley,,Worker (A rating),Skilled Worker,logistics_transport
Easyflyers Logistics Limited,London,,Worker (A rating),Skilled Worker,logistics_transport
EasyJet Airline Company Limited,Luton,Bedfordshire,Worker (A rating),Global Business Mobility: Senior or Specialist Worker; Skilled Worker,logistics_transport
Easyport Logistics Ltd,Manchester,,Worker (A rating),Skilled Worker,logistics_transport
Eco Travel Private Hire Ltd,Stoke On Trent,,Worker (A rating),Skilled Worker,logistics_transport
ecollective travel ltd,London,London,Worker (A rating),Skilled Worker,logistics_transport
ECT AVIATION SUPPORT LTD,LONDON,,Worker (UK Expansion Worker: Provisional ),Global Business Mobility: UK Expansion Worker,logistics_transport
Edengate Travel Ltd,Newry,Down,Worker (A rating),Skilled Worker,logistics_transport
Egertons Fleet Services Ltd,Milton Keynes,Buckinghamshire,Worker (A rating),Skilled Worker,logistics_transport
Egis Transport Solutions Limited,Birmingham,,Worker (A rating),Skilled Worker,logistics_transport
EKAM TRANSPORT LTD,HOUSNLOW,,Worker (A rating),Skilled Worker,logistics_transport
EL AL Israel Airlines Limited,London,,Worker (A rating),Global Business Mobility: Senior or Specialist Worker; Skilled Worker,logistics_transport
Elite Containers and Logistics Ltd,Ilford,,Worker (A rating),Skilled Worker,logistics_transport
Emazon Freight Ltd,Surrey,London,Worker (A rating),Skilled Worker,logistics_transport
Emerald Airlines UK Limited,Newry,Down,Worker (A rating),Skilled Worker,logistics_transport
Empire Logistics Transportation Ltd,Northamptonshire,,Worker (A rating),Skilled Worker,logistics_transport
English White Shipping Limited,London,,Worker (A rating),Skilled Worker,logistics_transport
ENI SHIPPING (UK) LTD,Staines upon Thames,,Worker (A rating),Skilled Worker,logistics_transport
ENKEL PROJECT LOGISTICS LTD,London,,Worker (A rating),Skilled Worker,logistics_transport
Enterprise Logistics & Courier Services Ltd,Waltham Cross,Hertfordshire,Worker (A rating),Skilled Worker,logistics_transport
ESEN EUROPE LTD T/A INTIME FREIGHT SERVICES,COVENTRY,,Worker (A rating),Skilled Worker,logistics_transport
ESSAVISTA HAULAGE LTD,Nottingham,,Worker (A rating),Skilled Worker,logistics_transport
Essential Travel UK Ltd,London,Mainland UK,Worker (A rating),Skilled Worker,logistics_transport
ETA COURIERS LTD,WALSALL,,Worker (A rating),Skilled Worker,logistics_transport
ETA Logistics (UK) Limited,Camberley,,Worker (A rating),Skilled Worker,logistics_transport
Ethiopian Airlines Group,London,,Worker (A rating),Global Business Mobility: Senior or Specialist Worker,logistics_transport
Etihad Airways,London,,Worker (A rating),Global Business Mobility: Senior or Specialist Worker,logistics_transport
ETIMAD TRAVEL & MULTI SERVICES LTD,Luton,Bedfordshire,Worker (A rating),Skilled Worker,logistics_transport
Euro Africa Travel Ltd,London,,Worker (A rating),Skilled Worker,logistics_transport
Euro Pak Cargo Services Ltd,London,,Worker (A rating),Skilled Worker,logistics_transport
EUROLINK LOGISTICS LIMITED,Coalville,,Worker (A rating),Skilled Worker,logistics_transport
EUROPE LOGISTICS LIMITED,LEICESTER,,Worker (A rating),Skilled Worker,logistics_transport
European Aviation Design Services Ltd,Oxford,,Worker (A rating),Skilled Worker,logistics_transport
European Cargo Limited,Bournemouth,Dorset,Worker (A rating),Skilled Worker,logistics_transport
European Freight Limited,West Drayton,Middlesex,Worker (A rating),Skilled Worker,logistics_transport
Eusu Logistics UK Branch,London,,Worker (A rating),Skilled Worker; Global Business Mobility: Senior or Specialist Worker,logistics_transport
EV Cab Company Limited,London,,Worker (A rating),Skilled Worker,logistics_transport
EV Cargo UK Limited,Burton upon Trent,,Worker (A rating),Skilled Worker,logistics_transport
EVA AIRWAYS CORPORATION - UK BRANCH,LONDON,,Worker (A rating),Global Business Mobility: Senior or Specialist Worker,logistics_transport
EVERSHOLT RAIL LIMITED,London,England,Worker (A rating),Skilled Worker,logistics_transport
Evolution Logistics Limited,Derby,,Worker (A rating),Global Business Mobility: Senior or Specialist Worker; Skilled Worker,logistics_transport
EXCLUSIVE LOGISTICS SOLUTIONS LIMITED,NOTTINGHAM,,Worker (A rating),Skilled Worker,logistics_transport
Exclusive Travel For You LTD,London,,Worker (A rating),Skilled Worker,logistics_transport
EXECUTIVE TRAVEL LONDON LIMITED,"Borehamwood,watford",,Worker (A rating),Skilled Worker,logistics_transport
Executives Travel Limited,Brentford,,Worker (A rating),Skilled Worker,logistics_transport
EXEL COURIERS LTD,London,,Worker (A rating),Skilled Worker,logistics_transport
EXOTEC LOGISTICS UK,London,,Worker (A rating),Global Business Mobility: Senior or Specialist Worker; Skilled Worker,logistics_transport
Expat Explore Travel Ltd,London,,Worker (A rating),Skilled Worker,logistics_transport
EXPRESS SPEED LOGISTICS LIMITED,Feltham,,Worker (A rating),Skilled Worker,logistics_transport
Express Worldwide Logistics,London,,Worker (A rating),Skilled Worker,logistics_transport
EXPRESSO DELIVERY LTD,LONDON,,Worker (A rating),Skilled Worker,logistics_transport
EXSUS TRAVEL LIMITED,LONDON,,Worker (A rating),Skilled Worker,logistics_transport
EXTRAQUICK TRANSPORT LTD t/a JACKS TRANSPORT,Leicester,,Worker (A rating),Skilled Worker,logistics_transport
EZY TRAVEL AND TOURS LTD,Oldham,,Worker (A rating),Skilled Worker,logistics_transport
F & H Transport Limited,London,,Worker (A rating),Skilled Worker,logistics_transport
F H Bertling Logistics Aberdeen Ltd,Bucksburn,Aberdeen,Worker (A rating),Global Business Mobility: Senior or Specialist Worker; Skilled Worker,logistics_transport
F.G.S. Transport Limited,Wolverhampton,,Worker (A rating),Skilled Worker,logistics_transport
FAIRDEAL TRAVEL LTD,Southall,Middlesex,Worker (A rating),Skilled Worker,logistics_transport
FALCON TRAVEL (WATFORD) LTD,Watford,,Worker (A rating),Skilled Worker,logistics_transport
Farsound Aviation Limited,Brentwood,Essex,Worker (A rating),Skilled Worker,logistics_transport
Fast Cargo And Logistics Limited,Manchester,,Worker (A rating),Skilled Worker,logistics_transport
FAST CARGO LIMITED,London,,Worker (A rating),Skilled Worker,logistics_transport
FAST LOGISTICS CARGO TRANSPORT LIMITED,Northampton,,Worker (A rating),Skilled Worker,logistics_transport
Fast Track Express and Cargo Services,Slough,,Worker (A rating),Skilled Worker,logistics_transport
FASTIYA LOGISTICS LTD,London,,Worker (A rating),Skilled Worker,logistics_transport
FASTLINK HAULAGE LTD,"Normanton,",,Worker (A rating),Skilled Worker,logistics_transport
FASTWAY COURIERS LTD,Manchester,,Worker (A rating),Skilled Worker,logistics_transport
FBA COURIERS LTD,Radcliffe,,Worker (A rating),Skilled Worker,logistics_transport
FBC WAREHOUSE LIMITED,Chatham,,Worker (A rating),Skilled Worker,logistics_transport
FC FLEET LIMITED,Slough,,Worker (A rating),Skilled Worker,logistics_transport
Fearless Logistics Ltd,Bourne,,Worker (A rating),Skilled Worker,logistics_transport
Fello Travel Limited,London,,Worker (A rating),Skilled Worker,logistics_transport
Fenix Freight Limited,Halesowen,,Worker (A rating),Skilled Worker,logistics_transport
Fez Transport Ltd,Preston,,Worker (A rating),Skilled Worker,logistics_transport
FGS Haulage LTD,Wednesbury,West Midlands,Worker (A rating),Skilled Worker,logistics_transport
FIEGE LOGISTICS DIRFT LIMITED,Birmingham,,Worker (A rating),Skilled Worker; Global Business Mobility: Senior or Specialist Worker,logistics_transport
Find Cab Ltd,Manchester,Lancashire,Worker (A rating),Skilled Worker,logistics_transport
First Bus Central Services Limited,London,,Worker (A rating),Skilled Worker,logistics_transport
First Choice Transportation Ltd,London,England,Worker (A rating),Skilled Worker,logistics_transport
FIRST KLASS SHIPPING SPECIALIST LTD,Birmingham,West Midlands,Worker (A rating),Skilled Worker,logistics_transport
First Rail Holdings Limited,London,,Worker (A rating),Skilled Worker; Global Business Mobility: Senior or Specialist Worker,logistics_transport
FIRST TRENITALIA WEST COAST RAIL LIMITED (T/A AVANTI WEST COAST),London,,Worker (A rating),Skilled Worker,logistics_transport
FKD Logistics Ltd,Gravesend,,Worker (A rating),Skilled Worker,logistics_transport
FLASH CARGO SERVICES LTD,Greenford,,Worker (A rating),Skilled Worker,logistics_transport
Flash Pack Travel Ltd,London,,Worker (A rating),Skilled Worker,logistics_transport
Flavour Warehouse Limited,Lower Darwen,Lancashire,Worker (A rating),Skilled Worker,logistics_transport
Fleet (Line Markers) Limited,Malvern,Worcestershire,Worker (A rating),Skilled Worker,logistics_transport
Fleet Bidco Limited,London,,Worker (A rating),Global Business Mobility: Senior or Specialist Worker; Skilled Worker,logistics_transport
Fleet Comms Ltd,Ossett,,Worker (A rating),Skilled Worker,logistics_transport
FLEET LUXURY PRINT SOLUTIONS LTD,Rochester,Kent,Worker (A rating),Skilled Worker,logistics_transport
Fleet Maine Garage,Coventry,,Worker (A rating),Skilled Worker,logistics_transport
Fleet Maintenance Ireland Ltd,Craigavon,ARMAGH,Worker (A rating),Skilled Worker,logistics_transport
Fleet Oil Ltd,Hawkwell,Essex,Worker (A rating),Skilled Worker,logistics_transport
FLEET SERVICE LTD,PRESTON,Lancashire,Worker (A rating),Skilled Worker,logistics_transport
Fleet Source LImited,Letchworth Garden City,,Worker (A rating),Skilled Worker,logistics_transport
Fleet X logistics ltd,London,England,Worker (A rating),Skilled Worker,logistics_transport
Flight Logistics,Colnbrook,Berkshire,Worker (A rating),Skilled Worker,logistics_transport
Flights & Holidays UK LTD T/a Travel Junction,Hounslow,,Worker (A rating),Skilled Worker,logistics_transport
Flightworx Aviation Ltd,Stansted,Essex,Worker (A rating),Skilled Worker,logistics_transport
Fly (Fu Lai) Aviation Ltd,Rochester,Kent,Worker (A rating),Skilled Worker,logistics_transport
FLY EASILY TRAVEL LTD,Southall,,Worker (A rating),Skilled Worker,logistics_transport
FLYING LOGISTICS AIR CARGO LTD.,"West Drayton,",,Worker (A rating),Skilled Worker,logistics_transport
FLYVUE LTD T/A FLYVUE TRAVEL,LONDON,,Worker (A rating),Skilled Worker,logistics_transport
Foleshill Warehouse Limited,Coventry,West Midlands,Worker (A rating),Skilled Worker,logistics_transport
Fone Warehouse Ltd,Northants,,Worker (A rating),Skilled Worker,logistics_transport
Fonterra (Logistics) Ltd,SWINDON,Wiltshire,Worker (A rating),Skilled Worker,logistics_transport
FORD AVIATION SERVICES LTD,CRAWLEY,SURREY,Worker (A rating),Skilled Worker,logistics_transport
Forest Gate Travel Ltd,London,,Worker (A rating),Skilled Worker,logistics_transport
FOREST SHIPPING (UK) LTD,Sutton Coldfield,,Worker (A rating),Skilled Worker,logistics_transport
Forto Logistics UK Limited,London,,Worker (A rating),Skilled Worker,logistics_transport
Fox Prime Couriers Limited,Leicester,,Worker (A rating),Skilled Worker,logistics_transport
FR AVIATION LIMITED,Dorset,,Worker (A rating); Temporary Worker (A rating),Global Business Mobility: Senior or Specialist Worker; Global Business Mobility: Service Supplier; Skilled Worker,logistics_transport
FREEBURN TRANSPORT LIMITED,BALLYCULLEN ROAD,Tyrone,Worker (A rating),Skilled Worker,logistics_transport
Freight Bulk Ltd,London,,Worker (A rating),Skilled Worker,logistics_transport
Freight Line Services Ltd,Southall,Middlesex,Worker (A rating),Skilled Worker,logistics_transport
FREIGHT LINES (UK) LTD,London,,Worker (A rating),Skilled Worker,logistics_transport
Freight Meter Ltd,HUNSLOW,,Worker (A rating),Skilled Worker,logistics_transport
Freight Services Ltd,Oldbury,,Worker (A rating),Skilled Worker,logistics_transport
Freighton Logistics Limited,Epping,,Worker (A rating),Skilled Worker,logistics_transport
FRESHERS DELIVERY LTD,Bournemouth,,Worker (A rating),Skilled Worker,logistics_transport
Frontline Travel and Tours Limited,London,,Worker (A rating),Skilled Worker,logistics_transport
Frontline Travel Ltd T/A Starlight Cars,Walsall,,Worker (A rating),Skilled Worker,logistics_transport
Fulmar Shipping Ltd,Woking,Surrey,Worker (A rating),Skilled Worker,logistics_transport
Funlas Freights and Logistics Limited,London,,Worker (A rating),Skilled Worker,logistics_transport
FUSION FLEET AUTOS (FALKIRK) LTD,Falkirk,,Worker (A rating),Skilled Worker,logistics_transport
FUTURE OF TRANSPORT EXPERIENCE LIMITED,DORKING,Surrey,Worker (A rating),Skilled Worker,logistics_transport
G Allegro Logistics Ltd,Beckenham,,Worker (A rating),Skilled Worker,logistics_transport
G S B Haulage Limited,Tipton,West Midlands,Worker (A rating),Skilled Worker,logistics_transport
G.LOCI TRANSPORT LIMITED,Witney,,Worker (A rating),Skilled Worker,logistics_transport
G.S.KANG HAULAGE LTD,Willenhall,,Worker (A rating),Skilled Worker,logistics_transport
G2 TRANSPORT LTD,Willenhall,,Worker (A rating),Skilled Worker,logistics_transport
GAC Logistics (UK) Limited,Manchester,,Worker (A rating),Skilled Worker; Global Business Mobility: Senior or Specialist Worker,logistics_transport
GAGA HAULAGE LTD,GRAVESEND,,Worker (A rating),Skilled Worker,logistics_transport
GAGG TRANSPORT LTD,Batley,,Worker (A rating),Skilled Worker,logistics_transport
Galaxy Travel Ltd,Slough,,Worker (A rating),Skilled Worker,logistics_transport
Gama Aviation,Farnborough,Hampshire,Worker (A rating),Skilled Worker; Global Business Mobility: Senior or Specialist Worker,logistics_transport
GANTRY RAILING LIMITED,Gloucester,,Worker (A rating),Skilled Worker,logistics_transport
Gants Hill Travel Ltd,Essex,,Worker (A rating),Skilled Worker,logistics_transport
Garcha Haulage Ltd,Walsall,,Worker (A rating),Skilled Worker,logistics_transport
Garcha Transport Heathrow Limited,Staines Upon Thames,,Worker (A rating),Skilled Worker,logistics_transport
Gary Transport Ltd,West Bromwich,,Worker (A rating),Skilled Worker,logistics_transport
Gateford Executive Travel Limited,Glossop,,Worker (A rating),Skilled Worker,logistics_transport
GB CARGO EXPRESS LTD,Ilford,Essex,Worker (A rating),Skilled Worker,logistics_transport
GB Railfreight Limited,London,,Worker (A rating),Skilled Worker,logistics_transport
GB TRANSPORT SERVICE LTD,Coventry,,Worker (A rating),Skilled Worker,logistics_transport
GB Transport Solutions Ltd,Slough,,Worker (A rating),Skilled Worker,logistics_transport
GBD Couriers Ltd,Birmingham,West Midlands,Worker (A rating),Skilled Worker,logistics_transport
GBR-Rail Ltd,Sheffield,South Yorkshire,Worker (A rating),Skilled Worker,logistics_transport
GBT Travel Services UK Limited,London,,Worker (A rating),Global Business Mobility: Senior or Specialist Worker; Skilled Worker,logistics_transport
GCA Transport Ltd,Brentwood,Essex,Worker (A rating),Skilled Worker,logistics_transport
GD TRAVEL LTD,Stockport,,Worker (A rating),Skilled Worker,logistics_transport
Gemini Freight Management Ltd,Greenhithe,Kent,Worker (A rating),Skilled Worker,logistics_transport
Gemini Rail Services (UK) Limited,Wolverton,,Worker (A rating),Skilled Worker,logistics_transport
GENESIS TRANSPORT UK LTD,Birmingham,--Select--,Worker (A rating),Skilled Worker,logistics_transport
Geodis Contract Logistics UK Ltd,Cressex Business Park,High Wycombe,Worker (A rating),Skilled Worker,logistics_transport
GFS Global Freight Services (UK) Limited,Salford,Greater Manchester,Worker (A rating),Skilled Worker,logistics_transport
GHOTRA HAULAGE LTD,Hayes,,Worker (A rating),Skilled Worker,logistics_transport
GIFT COURIER LIMITED,Hounslow,,Worker (A rating),Skilled Worker,logistics_transport
GILL & VIRK COURIER LTD,Hounslow,,Worker (A rating),Skilled Worker,logistics_transport
Gill Birmingham Transport Ltd,Tipton,,Worker (A rating),Skilled Worker,logistics_transport
Gill Logistics Services Ltd,Birmingham,,Worker (A rating),Skilled Worker,logistics_transport
Gill's Transport Heathrow Ltd,Hemel Hempstead,,Worker (A rating),Skilled Worker,logistics_transport
GILLS HAULAGE LTD,Slough,,Worker (A rating),Skilled Worker,logistics_transport
GIRAF LOGISTICS (UK) LTD,London,,Worker (A rating),Skilled Worker; Global Business Mobility: UK Expansion Worker,logistics_transport
Global Airline Services Limited,Stanwell,,Worker (A rating),Skilled Worker,logistics_transport
Global Freight Solutions ltd,Crawley,West Sussex,Worker (A rating),Skilled Worker,logistics_transport
Global Reach Logistics Limited,Daventry,,Worker (A rating),Skilled Worker,logistics_transport
GLOBAL REACH TRANSPORT LTD,Tipton Dudley,WEST MIDLANDS,Worker (A rating),Skilled Worker,logistics_transport
Global Shipping Master UK Limited,Heston,,Worker (A rating),Global Business Mobility: Senior or Specialist Worker; Skilled Worker,logistics_transport
GLOBAL TRANSPORT LEICS LTD,LEICESTER,,Worker (A rating),Skilled Worker,logistics_transport
Global Travel & Mobiles Limited,Bradford,,Worker (A rating),Skilled Worker,logistics_transport
Global Travel Collection UK Limited,London,,Worker (A rating),Global Business Mobility: Senior or Specialist Worker; Skilled Worker,logistics_transport
GLOBAL UK WAREHOUSE LTD,London,,Worker (A rating),Skilled Worker,logistics_transport
Globe Taxi Ltd,Leighton Buzzard,,Worker (A rating),Skilled Worker,logistics_transport
Globeline Shipping UK Limited,London,,Worker (A rating),Skilled Worker,logistics_transport
Globelink Warehousing & Logistics Limited,Northampton,Northamptonshire,Worker (A rating),Skilled Worker,logistics_transport
GMV FREIGHT LIMITED,Staines,Middlesex,Worker (A rating),Skilled Worker,logistics_transport
GNA Transport Ltd,"Slough,",,Worker (A rating),Skilled Worker,logistics_transport
GND COURIERS LIMITED,Southall,Middlesex,Worker (A rating),Skilled Worker,logistics_transport
GnJ Haulage Ltd,Walsall,West Midlands,Worker (A rating),Skilled Worker,logistics_transport
GO GO TAXI LTD,Farnborough,Rushmoor,Worker (A rating),Skilled Worker,logistics_transport
GOBIND TRANSPORT LTD,Willenhall,West Midlands,Worker (A rating),Skilled Worker,logistics_transport
GODHI LOGISTICS LIMITED,Greater London,,Worker (A rating),Skilled Worker,logistics_transport
GODIVA TRAVEL LTD,COVENTRY,,Worker (A rating),Skilled Worker,logistics_transport
Goggins Transport,LIverpool,,Worker (A rating),Skilled Worker,logistics_transport
GOGO CABS LTD,Cambridge,,Worker (A rating),Skilled Worker,logistics_transport
GOHIL LOGISTICS LTD,Harrow,,Worker (A rating),Skilled Worker,logistics_transport
Gold Plant Haulage Limited,Hambleton,North Yorkshire,Worker (A rating),Skilled Worker,logistics_transport
GOLD WAREHOUSE LTD,SOUTHALL,MIDDLESEX,Worker (A rating),Skilled Worker,logistics_transport
Goldcross ( Travel & Cargo) LTD,London,,Worker (A rating),Skilled Worker,logistics_transport
GOLDSTAR CABS LIMITED,Peterborough,,Worker (A rating),Skilled Worker,logistics_transport
goodall transport ltd,HALIFAX,West Yorkshire,Worker (A rating),Skilled Worker,logistics_transport
Goodwill Logistics Ltd,"High Wycombe,",England,Worker (A rating),Skilled Worker,logistics_transport
Gordon Transport Solutions Ltd.,Stair,East Ayrshire,Worker (A rating),Skilled Worker,logistics_transport
GPS TRANSPORT LTD,WILLENHALL,WEST MIDLANDS,Worker (A rating),Skilled Worker,logistics_transport
GR Freight Services Ltd,Southall,Middlesex,Worker (A rating),Skilled Worker,logistics_transport
Grab a Cab Newcastle & North East Ltd,Newcastle,,Worker (A rating),Skilled Worker,logistics_transport
GRACE TRANSPORT LTD,LEICESTER,,Worker (A rating),Skilled Worker,logistics_transport
Grand Tours Travel Ltd T/A Grand Prix Grand Tours,London,London,Worker (A rating),Skilled Worker,logistics_transport
GRAYLAW INTERNATIONAL FREIGHT GROUP LIMITED,Skelmersdale,Lancashire,Worker (A rating),Skilled Worker,logistics_transport
Graysons Freight Services Ltd,Haverhill,Suffolk,Worker (A rating),Skilled Worker,logistics_transport
Great Brothers Logistics Ltd,Birmingham,,Worker (A rating),Skilled Worker,logistics_transport
Greenline Transport LTD,Maidstone,,Worker (A rating),Skilled Worker,logistics_transport
GREENWORLD LOGISTICS LIMITED,LONDON,,Worker (A rating),Skilled Worker,logistics_transport
Grocery Delivery E-services UK Ltd,London,,Worker (A rating); Temporary Worker (A rating),Global Business Mobility: Senior or Specialist Worker; Global Business Mobility: Graduate Trainee; Skilled Worker,logistics_transport
Gruber Logistics (UK) Limited,London,,Worker (A rating),Skilled Worker,logistics_transport
GS SMART LOGISTICS LTD,Leicester,,Worker (A rating),Skilled Worker,logistics_transport
GS Transport WM Ltd,Birmingham,West Midlands,Worker (A rating),Skilled Worker,logistics_transport
GS UK Transport Ltd,"Nuneaton, Warwickshire,",,Worker (A rating),Skilled Worker,logistics_transport
GSW TRANSPORT LTD T/A GRANT WELSH COMMERCIALS,GLASGOW,LANARKSHIRE,Worker (A rating),Skilled Worker,logistics_transport
GT APPLIANCE WAREHOUSE LTD,BIRMINGHAM,,Worker (A rating),Skilled Worker,logistics_transport
GT TRANSPORT SERVICES (UK) LTD,Greenford,,Worker (A rating),Skilled Worker,logistics_transport
GTS Rail Operations Limited,London,,Worker (A rating),Skilled Worker,logistics_transport
GUJJAR LOGISTICS SERVICE LTD,BIRMINGHAM,,Worker (A rating),Skilled Worker,logistics_transport
GURSANJH TRANSPORT LTD,Lanesfield,Wolverhampton,Worker (A rating),Skilled Worker,logistics_transport
Guru Travel Ltd,Birmingham,,Worker (A rating),Skilled Worker,logistics_transport
GVI Travel Limited,Uckfield,,Worker (A rating),Skilled Worker,logistics_transport
GWENT TRAVEL SOLUTIONS LTD,Newport,Gwent,Worker (A rating),Skilled Worker,logistics_transport
GXO Logistics UK Limited,Northampton,,Worker (A rating),Skilled Worker,logistics_transport
H & A Bal Haulage Ltd,Hounslow,,Worker (A rating),Skilled Worker,logistics_transport
H & F LOGISTICS LTD,MANCHESTER,,Worker (A rating),Skilled Worker,logistics_transport
H & G TRAVEL LTD,London,,Worker (A rating),Skilled Worker,logistics_transport
H & M Freight Services Limited,Feltham,,Worker (A rating),Skilled Worker,logistics_transport
H&A HAULAGE LTD,Gravesend,,Worker (A rating),Skilled Worker,logistics_transport
H&M COURIER SERVICES LIMITED,Wolverhampton,,Worker (A rating),Skilled Worker,logistics_transport
H-T DELIVERY SERVICES LIMITED,Bolton,,Worker (A rating),Skilled Worker,logistics_transport
H2O Logistics Limited,Bristol,Bristol,Worker (A rating),Skilled Worker,logistics_transport
HA COURIERS LTD,London,,Worker (A rating),Skilled Worker,logistics_transport
HA TRANSPORT SERVICES LTD,Birmingham,West Midlands,Worker (A rating),Skilled Worker,logistics_transport
Hadi Travel Ltd T/As Hadi Cars,London,Greater London,Worker (A rating),Skilled Worker,logistics_transport
HAINAN AIRLINES HOLDING (UK) CO. LIMITED,London,,Worker (A rating),Skilled Worker; Global Business Mobility: Senior or Specialist Worker,logistics_transport
Hal Freight Limited,Leicester,,Worker (A rating),Skilled Worker,logistics_transport
Hamidi Transport Limited,Luton,,Worker (A rating),Skilled Worker,logistics_transport
Hamza ahmed T/A A1 Taxi Services,Bracknell,,Worker (A rating),Skilled Worker,logistics_transport
Hankyu Travel International Europe UK Ltd,London,,Worker (A rating),Skilled Worker; Global Business Mobility: Senior or Specialist Worker,logistics_transport
HANNA LETTING & TRAVEL LTD,Sheffield,,Worker (A rating),Skilled Worker,logistics_transport
Hansom Cab Limited T/A The Hansom Cab,London,,Worker (A rating),Skilled Worker,logistics_transport
HANTS LOGISTICS LTD,FAREHAM,HAMPSHIRE,Worker (A rating),Skilled Worker,logistics_transport
HARMAN KANDOLA TRANSPORT LTD,Smethwick,,Worker (A rating),Skilled Worker,logistics_transport
Harrods Aviation Ltd,Stansted,Essex,Worker (A rating),Skilled Worker,logistics_transport
HARTLAND SHIPPING SERVICES LIMITED,London,,Worker (A rating),Skilled Worker,logistics_transport
haulage world ltd,greenford,,Worker (A rating),Skilled Worker,logistics_transport
Hawks Haulage Limited,Leicester,,Worker (A rating),Skilled Worker,logistics_transport
Hayat Logistics Ltd,Birmingham,,Worker (A rating),Skilled Worker,logistics_transport
Hays Travel Limited,Sunderland,Tyne and Wear,Worker (A rating),Skilled Worker,logistics_transport
Hayward & Green Aviation Limited,Henfield,,Worker (A rating),Skilled Worker,logistics_transport
Heavy Haul Rail Group Limited,Birmingham,,Worker (A rating),Global Business Mobility: Senior or Specialist Worker; Skilled Worker,logistics_transport
Helikon Shipping Enterprises Limited,London,,Worker (A rating),Skilled Worker,logistics_transport
Hellmann Worldwide Logistics Limited,Burton Upon Trent,,Worker (A rating),Skilled Worker; Global Business Mobility: Senior or Specialist Worker,logistics_transport
HFH Transports Ltd,Pudsey,,Worker (A rating),Skilled Worker,logistics_transport
High Speed Rail Solutions,Swindon,,Worker (A rating),Skilled Worker,logistics_transport
Highbrow Logistics ltd,Whyteleafe,,Worker (A rating),Skilled Worker,logistics_transport
HIGHER JUMP LOGISTICS LTD,Northampton,,Worker (A rating),Skilled Worker,logistics_transport
Highgate Transportation Ltd,Bristol,,Worker (A rating),Skilled Worker,logistics_transport
HIGHWAY COACHES LIMITED,Slough,,Worker (A rating),Skilled Worker,logistics_transport
Highway Haulage Ltd,Oldbury,,Worker (A rating),Skilled Worker,logistics_transport
Hijaz Travel Limited,Birmingham,,Worker (A rating),Skilled Worker,logistics_transport
HILLSIDE TRAVEL LTD,London,,Worker (A rating),Skilled Worker,logistics_transport
Himmat Transport Ltd,Slough,Berkshire,Worker (A rating),Skilled Worker,logistics_transport
HIS - MIKI TRAVEL UK LIMITED,London,,Worker (A rating),Skilled Worker; Global Business Mobility: Senior or Specialist Worker,logistics_transport
Hitachi Rail Limited,Ashford,,Worker (A rating),Global Business Mobility: Senior or Specialist Worker; Skilled Worker,logistics_transport
HK Transport Derby LTD,Derby,,Worker (A rating),Skilled Worker,logistics_transport
HMP TRANSPORTATION T/A E&H DAIRY LIMITED,MIDDLESEX,,Worker (A rating),Skilled Worker,logistics_transport
HNS LOGISTICS LIMITED,Walsall,,Worker (A rating),Skilled Worker,logistics_transport
Holman Fleet Limited,Chippenham,Wiltshire,Worker (A rating),Global Business Mobility: Senior or Specialist Worker,logistics_transport
Homewood Rail Ltd,Sevenoaks,,Worker (A rating),Skilled Worker,logistics_transport
Honey Transport LTD,Southall,England,Worker (A rating),Skilled Worker,logistics_transport
HQ Aviation Ltd,denham,bucks,Worker (A rating),Skilled Worker,logistics_transport
HR Courier Services Ltd,Dewsbury,,Worker (A rating),Skilled Worker,logistics_transport
HR HAULAGE LIMITED,Derby,,Worker (A rating),Skilled Worker,logistics_transport
Hub E-Com Logistics Ltd,Hampton,,Worker (A rating),Skilled Worker,logistics_transport
Hubl Logistics Ltd,Newark,,Worker (A rating),Skilled Worker,logistics_transport
HUFFAZ TRAVEL EXCHANGE LTD,Horley,,Worker (A rating),Skilled Worker,logistics_transport
Hukam Haulage Ltd,Leicester,,Worker (A rating),Skilled Worker,logistics_transport
HUNDAL HAULAGE LIMITED,Derby,,Worker (A rating),Skilled Worker,logistics_transport
Hunters Coaches Limited,Leeds,West Yorkshire,Worker (A rating),Skilled Worker,logistics_transport
HUSSAIN TRANSPORT LTD,BRADFORD,WEST YORKSHIRE,Worker (A rating),Skilled Worker,logistics_transport
Huyton Travel Ltd,Liverpool,,Worker (A rating),Skilled Worker,logistics_transport
I & J SONS TRANSPORT LTD,WALSALL,,Worker (A rating),Skilled Worker,logistics_transport
i transport and logistics ltd,london,,Worker (A rating),Skilled Worker,logistics_transport
I&S TRANSPORT LTD,Stockport,,Worker (A rating),Skilled Worker,logistics_transport
I.T Transport Limited,West Midlands,,Worker (A rating),Skilled Worker,logistics_transport
Ice Travel Group Limited,Leeds,West Yorkshire,Worker (A rating),Skilled Worker,logistics_transport
ID Logistics and Transportation LTD,Northampton,,Worker (A rating),Skilled Worker,logistics_transport
ID Logistics Services UK Ltd,Milton Keynes,,Worker (A rating),Global Business Mobility: Senior or Specialist Worker; Skilled Worker,logistics_transport
IDEAL INTERNATIONAL LOGISTICS UK LTD,London,london,Worker (A rating),Skilled Worker,logistics_transport
IDEAL LOGISTICS & SERVICES LTD,Manchester,,Worker (A rating),Skilled Worker,logistics_transport
IFE Global Logistics (Airfreight) Ltd,Hounslow,,Worker (A rating),Skilled Worker,logistics_transport
Igo Travel Ltd,Wembley,,Worker (A rating),Skilled Worker,logistics_transport
IMA Transport Planning Ltd,Bath,Somerset,Worker (A rating),Skilled Worker,logistics_transport
"IMILE LOGISTICS CO., LTD",Hounslow,,Worker (A rating),Global Business Mobility: Senior or Specialist Worker; Skilled Worker,logistics_transport
Immingham Transport Limited,South Killingholme,North Lincolnshire,Worker (A rating),Skilled Worker,logistics_transport
IMT Aviation Scotland Ltd,Prestwick,,Worker (A rating),Skilled Worker,logistics_transport
Inbrit Logistics Limited,Park Royal,London,Worker (A rating),Skilled Worker; Global Business Mobility: Senior or Specialist Worker,logistics_transport
Inchcape Shipping Services UK Limited,London,,Worker (A rating),Skilled Worker,logistics_transport
INDI TOUR & TRAVEL LTD.,Hayes,,Worker (A rating),Skilled Worker,logistics_transport
INDRA TRAVEL SERVICES LIMITED,LONDON,,Worker (A rating),Skilled Worker,logistics_transport
Infinity Courier Experts Ltd,Motherwell,,Worker (A rating),Skilled Worker,logistics_transport
Infinity Freight Ltd,Ipswich,,Worker (A rating),Skilled Worker,logistics_transport
Insight Shipping (UK) Limited,London,,Worker (A rating),Skilled Worker,logistics_transport
INSIGNIA SHIPPING SERVICES LTD,Grays,,Worker (A rating),Skilled Worker,logistics_transport
Intelligent Delivery Solutions Limited,Manchester,,Worker (A rating),Skilled Worker,logistics_transport
Inter Continental Logistics Limited,Solihull,West Midlands,Worker (A rating),Skilled Worker,logistics_transport
InterGlobe Air Transport Limited,London,,Worker (A rating),Skilled Worker,logistics_transport
Intermodal Tank Transport UK Ltd,Middlesbrough,North Yorkshire,Worker (A rating),Skilled Worker,logistics_transport
International Cargo Logistics Limited,London,,Worker (A rating),Skilled Worker,logistics_transport
INTERNATIONAL FREIGHT LOGISTICS LTD,Oswaldtwistle,,Worker (A rating),Skilled Worker,logistics_transport
International Logistics Group Limited,Burgess Hill,West Sussex,Worker (A rating),Global Business Mobility: Senior or Specialist Worker; Skilled Worker,logistics_transport
International Procurement & Logistics Limited,Wakefield,West Yorkshire,Worker (A rating),Global Business Mobility: Senior or Specialist Worker; Skilled Worker,logistics_transport
International Transport Workers' Federation (ITF),London,,Worker (A rating),Skilled Worker; Global Business Mobility: Senior or Specialist Worker,logistics_transport
Intrepid Travel Group UK Ltd,Brixton,London,Worker (A rating),Skilled Worker,logistics_transport
Iona Logistics Ltd.,Cranfield,Bedford,Worker (A rating),Skilled Worker,logistics_transport
IPS COURIERS LIMITED,LEICESTER,,Worker (A rating),Skilled Worker,logistics_transport
"Iran Air, The Airline of the Islamic Republic of Iran",LONDON,,Worker (A rating),Global Business Mobility: Senior or Specialist Worker,logistics_transport
J & N Transport Limited,Bedford,,Worker (A rating),Skilled Worker,logistics_transport
J CHAHAL HAULAGE LIMITED,Northampton,Kettering,Worker (A rating),Skilled Worker,logistics_transport
J K Travel (BFD) Limited,Bradford,,Worker (A rating),Skilled Worker,logistics_transport
J O'Doherty haulage ltd,London,,Worker (A rating),Skilled Worker,logistics_transport
J S SANDHU TRANSPORT SERVICES LTD,WILLENHALL,,Worker (A rating),Skilled Worker,logistics_transport
J&A LOGISTICS LTD,Harlow,,Worker (A rating),Skilled Worker,logistics_transport
J&K Coaches Ltd,Magherafelt,Londonderry,Worker (A rating),Skilled Worker,logistics_transport
J&L Logistics Ltd,Radcliffe,Manchester,Worker (A rating),Skilled Worker,logistics_transport
J1 TRANSPORT LIMITED,Coalville,,Worker (A rating),Skilled Worker,logistics_transport
JALLOW TRANSPORTERS LIMITED,Birmingham,,Worker (A rating),Skilled Worker,logistics_transport
JAMEELA TRAVEL,BEDFORDSHIRE,ENGLAND,Worker (A rating),Skilled Worker,logistics_transport
JAMIL MANGAL TRAVEL & TOURS LIMITED,Edgware,Middlesex,Worker (A rating),Skilled Worker,logistics_transport
JANDOR TRANSPORT LTD,Brierley Hill,West Midlands,Worker (A rating),Skilled Worker,logistics_transport
Japan Airlines Co. Ltd,London,,Worker (A rating),Skilled Worker; Global Business Mobility: Senior or Specialist Worker,logistics_transport
Jasmeet Transport LTD,Southall,,Worker (A rating),Skilled Worker,logistics_transport
Jatha Logistics Ltd,Smethwick,,Worker (A rating),Skilled Worker,logistics_transport
Jays Travel,Smethwick,,Worker (A rating),Skilled Worker,logistics_transport
JAZZ TRANSPORT LTD,Leighton buzzed,,Worker (A rating),Skilled Worker,logistics_transport
JDR Business Coaches Limited,Derby,,Worker (A rating),Skilled Worker,logistics_transport
JESS LOGISTICS LIMITED,London,,Worker (A rating),Skilled Worker,logistics_transport
JET TRANSPORT LTD,HOUNSLOW,,Worker (A rating),Skilled Worker,logistics_transport
JET-STREAM HAULAGE LIMITED,England,,Worker (A rating),Skilled Worker,logistics_transport
JGM Transport Solutions Limited,Hounslow,London,Worker (A rating),Skilled Worker,logistics_transport
Jimmy Transport Limited,Birmingham,,Worker (A rating),Skilled Worker,logistics_transport
Jit Transport Ltd,Hayes,MIDDLESEX,Worker (A rating),Skilled Worker,logistics_transport
JK TRANSPORT LIMITED,Nottingham,Nottingham,Worker (A rating),Skilled Worker,logistics_transport
JKS TRANSPORT LTD,Oxford,,Worker (A rating),Skilled Worker,logistics_transport
JMC Aviation Ltd,Exeter,,Worker (A rating),Skilled Worker,logistics_transport
JMD Railtech Limited,York,,Worker (A rating),Global Business Mobility: Senior or Specialist Worker; Skilled Worker,logistics_transport
JMG CARGO & TRAVEL LIMITED,London,,Worker (A rating),Skilled Worker,logistics_transport
JNB Transport Limited,Nottingham,,Worker (A rating),Skilled Worker,logistics_transport
Joe Kelly Haulage Ltd,London,,Worker (A rating),Skilled Worker,logistics_transport
JOESYL COURIER SERVICES LIMITED,Middlesex,,Worker (A rating),Skilled Worker,logistics_transport
Johal Brothers Transport Limited,Walsall,,Worker (A rating),Skilled Worker,logistics_transport
JOHN LOGISTICS LIMITED,Wolverhampton,,Worker (A rating),Skilled Worker,logistics_transport
JP Titan Logistics Ltd,Barking,,Worker (A rating),Skilled Worker,logistics_transport
JPC TRAVEL SOLUTIONS LTD,West Bromwich,,Worker (A rating),Skilled Worker,logistics_transport
JSB Haulage LTD,Rochester,Kent,Worker (A rating),Skilled Worker,logistics_transport
JT Couriers Leicester Ltd,Leicester,,Worker (A rating),Skilled Worker,logistics_transport
JUNAID TRAVEL LONDON LTD,LONDON,,Worker (A rating),Skilled Worker,logistics_transport
"JUNEYAO AIRLINES CO., LTD (UK BRANCH)",Manchester,,Worker (A rating),Global Business Mobility: Senior or Specialist Worker; Skilled Worker,logistics_transport
JUST TRAVEL PRIVATE HIRE LIMITED,STOKE ON TRENT,,Worker (A rating),Skilled Worker,logistics_transport
Jut Transport Ltd,Birmingham,,Worker (A rating),Skilled Worker,logistics_transport
JV COURIERS LTD,London,,Worker (A rating),Skilled Worker,logistics_transport
JVR COURIER LTD,Wolverhampton,England,Worker (A rating),Skilled Worker,logistics_transport
K & E Shipping Management LTD,Maidstone,Kent,Worker (A rating),Skilled Worker,logistics_transport
K I Logistics Ltd,London,,Worker (A rating),Skilled Worker,logistics_transport
K Line Bulk Shipping (UK) Limited,LONDON,,Worker (A rating),Global Business Mobility: Senior or Specialist Worker; Skilled Worker,logistics_transport
K Line Logistics (UK) Ltd,Feltham,Middlesex,Worker (A rating),Global Business Mobility: Senior or Specialist Worker; Skilled Worker,logistics_transport
K S Haulage Ltd,Leicester,,Worker (A rating),Skilled Worker,logistics_transport
K Transport Services (Midlands) Ltd,Wolverhampton,West Midlands,Worker (A rating),Skilled Worker,logistics_transport
K@A LOGISTICS LTD,"West Drayton,",,Worker (A rating),Skilled Worker,logistics_transport
Kal Aviation Services Ltd,London,,Worker (A rating),Skilled Worker,logistics_transport
KALLU BROTHERS TRANSPORT LTD,West Midlands,,Worker (A rating),Skilled Worker,logistics_transport
KALOTY HAULAGE LTD,LEICESTER,,Worker (A rating),Skilled Worker,logistics_transport
Kam Freight Services Limited,Hayes,Middlesex,Worker (A rating),Skilled Worker,logistics_transport
Kandou Bus Limited,Northampton,,Worker (A rating),Global Business Mobility: Senior or Specialist Worker; Skilled Worker,logistics_transport
Kang Transport (Leicester) Limited,Leicester,East Midlands,Worker (A rating),Skilled Worker,logistics_transport
KARTAR COURIERS LTD,WOLVERHAMPTON,,Worker (A rating),Skilled Worker,logistics_transport
Kash Logistics Ltd,Fleet,,Worker (A rating),Skilled Worker,logistics_transport
KASHMIR CARGO SERVICES LIMITED,Derby,,Worker (A rating),Skilled Worker,logistics_transport
KB Transport Solutions Limited,Nuneaton,Warwickshire,Worker (A rating),Skilled Worker,logistics_transport
KBC Logistics Ltd,PURFLEET,Essex,Worker (A rating),Skilled Worker,logistics_transport
KD LOGISTICS LTD T/A KD LOGISTICS,PAISLEY,,Worker (A rating),Skilled Worker,logistics_transport
KEER LOGISTICS LTD,Southampton,,Worker (A rating),Skilled Worker,logistics_transport
Key Cars Travel,Bedford,,Worker (A rating),Skilled Worker,logistics_transport
Key Travel Limited,Manchester,Greater Manchester,Worker (A rating),Skilled Worker,logistics_transport
Khan Travel and Cargo Ltd,Dundee,Angus,Worker (A rating),Skilled Worker,logistics_transport
KHATTRA SAINI TRANSPORT LTD,Smethwick,,Worker (A rating),Skilled Worker,logistics_transport
KHERI TRANSPORTS LTD,West Drayton,,Worker (A rating),Skilled Worker,logistics_transport
KHM LOGISTICS LTD,Birmingham,,Worker (A rating),Skilled Worker,logistics_transport
Kinaxia Transport and Warehousing,Macclesfield,,Worker (A rating),Skilled Worker,logistics_transport
Kindeva Drug Delivery Limited,Loughborough,Leicestershire,Worker (A rating),Global Business Mobility: Senior or Specialist Worker; Skilled Worker,logistics_transport
Kirat Sohal Transport Ltd,"Willenhall, West Midlands",,Worker (A rating),Skilled Worker,logistics_transport
KISHOR PLANNING AND DELIVERY LIMITED,Stanmore,,Worker (A rating),Skilled Worker,logistics_transport
KITE COURIER LIMITED,West Bromwich,West Midlands,Worker (A rating),Skilled Worker,logistics_transport
KJ CARGO SHIPPING SERVICES LTD,LONDON,,Worker (A rating),Skilled Worker,logistics_transport
KKaur Transport Ltd,Hayes,,Worker (A rating),Skilled Worker,logistics_transport
KLM Royal Dutch Airlines,Bedfont,Middlesex,Worker (A rating),Skilled Worker,logistics_transport
KLN Freight (UK) Limited,Manchester,,Worker (A rating),Global Business Mobility: Senior or Specialist Worker; Skilled Worker,logistics_transport
KMT TRANSPORT SERVICES LTD,Bedfordshire,,Worker (A rating),Skilled Worker,logistics_transport
KNDS LOGISTICS SOLUTIONS LTD,LONDON,,Worker (A rating),Skilled Worker,logistics_transport
Knight Riders Transport LTD,Feltham,Middlesex,Worker (A rating),Skilled Worker,logistics_transport
KNIGHTS TRANSPORT LTD,Quinton,Northampton,Worker (A rating),Skilled Worker,logistics_transport
KONTRON TRANSPORTATION UK LTD,London,,Worker (A rating),Skilled Worker,logistics_transport
Korean Register of Shipping,London,,Worker (A rating),Global Business Mobility: Senior or Specialist Worker,logistics_transport
KSD HAULAGE LTD,Leicester,,Worker (A rating),Skilled Worker,logistics_transport
Kuwait Airways Company,West Drayton,Middlesex,Worker (A rating),Global Business Mobility: Senior or Specialist Worker; Skilled Worker,logistics_transport
L&K TRANSPORTSS LTD,Wolverhampton,,Worker (A rating),Skilled Worker,logistics_transport
L-Lynch Plant Hire & Haulage Ltd,Hemel Hempstead,Hertfordshire,Worker (A rating),Skilled Worker,logistics_transport
LAJ ECOM LOGISTICS LTD,Hayes,Middlesex,Worker (A rating),Skilled Worker,logistics_transport
Lami Transport Limited,Rochdale,,Worker (A rating),Skilled Worker,logistics_transport
Lasani Green Travel Agency Limited,Derby,Derbyshire,Worker (A rating),Skilled Worker,logistics_transport
LATAM Airlines Group S.A,London,,Worker (A rating),Global Business Mobility: Senior or Specialist Worker,logistics_transport
Layka Travel World Limited,Leicester,,Worker (A rating),Skilled Worker,logistics_transport
Leading Quay Logistics Limited,Manchester,Greater Manchester,Worker (A rating),Skilled Worker,logistics_transport
LEENA SHIPPING UK LTD,LONDON,,Worker (UK Expansion Worker: Provisional ),Global Business Mobility: UK Expansion Worker,logistics_transport
Legion Transport UK LTD,Milton Keynes,Buckinghamshire,Worker (A rating),Skilled Worker,logistics_transport
Leicester Haulage Ltd,Leicester,,Worker (A rating),Skilled Worker,logistics_transport
LEMAN International Transport Limited,Normanton,,Worker (A rating),Skilled Worker; Global Business Mobility: Senior or Specialist Worker,logistics_transport
LENNOX EXECUTIVE TRAVEL LTD,Glasgow,,Worker (A rating),Skilled Worker,logistics_transport
LHR Global Logistics Ltd,Harmondsworth,,Worker (A rating),Skilled Worker,logistics_transport
Lidhar Haulage Ltd,West Bromwich,West Midlands,Worker (A rating),Skilled Worker,logistics_transport
lightening Logistics Ltd,Harrogate,,Worker (A rating),Skilled Worker,logistics_transport
Limitless Travel Ltd,Birmingham,,Worker (A rating),Skilled Worker,logistics_transport
Lincoln Cargo Ltd,Slough,,Worker (A rating),Skilled Worker,logistics_transport
LINKTRANS LOGISTICS (UK) LIMITED,Ipswich,,Worker (A rating),Skilled Worker,logistics_transport
Linkway Logistics Ltd,Peterborough,Cambridgshire,Worker (A rating),Skilled Worker,logistics_transport
List Transport Ltd,Swadlincote,Derbyshire,Worker (A rating),Skilled Worker,logistics_transport
Ljb Logistics Ltd,Ipswich,,Worker (A rating),Skilled Worker,logistics_transport
LJB Punia Transport Ltd,Leicester,,Worker (A rating),Skilled Worker,logistics_transport
LJS AVIATION,WASHINGTON,PULBOROUGH,Worker (A rating),Skilled Worker,logistics_transport
LK SHIPPING UK LTD,Cheshire,England,Worker (A rating),Skilled Worker,logistics_transport
Llama Travel,London,,Worker (A rating),Skilled Worker,logistics_transport
LMK Logistics,Strood,,Worker (A rating),Skilled Worker,logistics_transport
Loading Center Logistics Ltd,Suffolk,,Worker (A rating),Skilled Worker,logistics_transport
Loadrunner Logistics Limited,London,,Worker (A rating),Skilled Worker,logistics_transport
Local Transport Projects Ltd,Beverley,East Yorkshire,Worker (A rating),Skilled Worker,logistics_transport
LOCALLINK LOGISTICS LTD,Birmingham,,Worker (A rating),Skilled Worker,logistics_transport
Logistics Connect BV Ltd,Staines-Upon-Thames,,Worker (A rating),Skilled Worker; Global Business Mobility: UK Expansion Worker,logistics_transport
Lomar Shipping Limited,London,,Worker (A rating),Global Business Mobility: Senior or Specialist Worker; Skilled Worker,logistics_transport
London Executive Aviation Ltd,Romford,Essex,Worker (A rating),Skilled Worker,logistics_transport
LONDON FREIGHT & LOGISTICS LTD,Barking,,Worker (A rating),Skilled Worker,logistics_transport
London General Transport Services,London,,Worker (A rating),Skilled Worker,logistics_transport
London North Eastern Railway,York,North Yorkshire,Worker (A rating),Skilled Worker,logistics_transport
LONDON RED BUS SOUVENIRS & GIFTS LIMITED,London,,Worker (A rating),Skilled Worker,logistics_transport
London Travel In Limited,London,,Worker (A rating),Skilled Worker,logistics_transport
LOURDES TRANSPORT LTD,Hampton,,Worker (A rating),Skilled Worker,logistics_transport
Loyal Service Transport Ltd,Handsworth,West Midlands,Worker (A rating),Skilled Worker,logistics_transport
Lucchini Unipart Rail Limited,Manchester,,Worker (A rating),Skilled Worker,logistics_transport
Luckxy Transport Private Ltd,Wolverhampton,,Worker (A rating),Skilled Worker,logistics_transport
Lufthansa German Airlines & Lufthansa Cargo,Hounslow,Middlesex,Worker (A rating); Temporary Worker (A rating),Global Business Mobility: Senior or Specialist Worker; Creative Worker; Skilled Worker,logistics_transport
Luxe Travel & Lifestyle Management Ltd,Birmingham,West Midlands,Worker (A rating),Skilled Worker,logistics_transport
LV Shipping Ltd,Middlesbrough,Cleveland,Worker (A rating),Skilled Worker; Global Business Mobility: Senior or Specialist Worker,logistics_transport
Lysander Shipping Ltd,Liverpool,,Worker (A rating),Skilled Worker,logistics_transport
Lyx Logistics Ltd,Halifax,,Worker (A rating),Skilled Worker,logistics_transport
M & O courier Ltd,London,,Worker (A rating),Skilled Worker,logistics_transport
M & Z BEEBY HAULAGE LTD,LOUGHBOROUGH,,Worker (A rating),Skilled Worker,logistics_transport
M G TRANSPORT SOLUTIONS LTD,WALSALL,,Worker (A rating),Skilled Worker,logistics_transport
M Group Transport (Rail and Aviation),Hounslow,,Worker (A rating),Skilled Worker,logistics_transport
M H COURIERS LTD,Bradford,,Worker (A rating),Skilled Worker,logistics_transport
M ZAHID TRAVEL LTD,BLACKBURN,,Worker (A rating),Skilled Worker,logistics_transport
M&K Freight Limited,Wolverhampton,,Worker (A rating),Skilled Worker,logistics_transport
M.C.L. Transport Limited,Bury St. Edmunds,,Worker (A rating),Skilled Worker,logistics_transport
M.Keys Transport,CLOGHER,,Worker (A rating),Skilled Worker,logistics_transport
M1 TRANSPORTER LTD,Luton,,Worker (A rating),Skilled Worker,logistics_transport
M25 LOGISTICS LTD,London,United Kingdom,Worker (A rating),Skilled Worker,logistics_transport
M2B LOGISTICS LTD,HOUNSLOW,,Worker (A rating),Skilled Worker,logistics_transport
M5 CABS LIMITED,Worcester,,Worker (A rating),Skilled Worker,logistics_transport
MA LOGISTICS WORLD LTD,Slough,,Worker (A rating),Skilled Worker,logistics_transport
Maan Transport Ltd,Wednesbury,,Worker (A rating),Skilled Worker,logistics_transport
MAAN TRANSPORT MIDLANDS LTD,Birmingham,,Worker (A rating),Skilled Worker,logistics_transport
MACKS LOGISTICS LTD,Wolverhampton,,Worker (A rating),Skilled Worker,logistics_transport
MADHU'S LOGISTICS LIMITED,Leicester,Leicestershire,Worker (A rating),Skilled Worker,logistics_transport
MadiganGill Logistics Ltd,London,,Worker (A rating),Skilled Worker,logistics_transport
Madina Travel Nottingham Ltd,Nottingham,Nottinghamshire,Worker (A rating),Skilled Worker,logistics_transport
Maersk Logistics and Services UK Ltd,Liverpool,,Worker (A rating),Skilled Worker; Global Business Mobility: Senior or Specialist Worker,logistics_transport
Magic Bus UK,Chichester,,Worker (A rating),Skilled Worker,logistics_transport
Maha Logistics Limited,Birmingham,west midlands,Worker (A rating),Skilled Worker,logistics_transport
Mahdi Travel & Tours LTD,Birmingham,,Worker (A rating),Skilled Worker,logistics_transport
Majestic Wine Warehouses Limited,Watford,,Worker (A rating),Skilled Worker,logistics_transport
MAJHA'S TRANSPORT LIMITED,London,,Worker (A rating),Skilled Worker,logistics_transport
Major Travel Limited,Richmond,Surrey,Worker (A rating),Skilled Worker,logistics_transport
MAKKAH TRAVEL BFD LTD,BRADFORD,,Worker (A rating),Skilled Worker,logistics_transport
MAKKAWAY TRAVEL LTD,BIRMINGHAM,,Worker (A rating),Skilled Worker,logistics_transport
Mako Logistics UK Limited,Feltham,Middlesex,Worker (A rating),Skilled Worker,logistics_transport
MALAYSIA AIRLINES BERHAD,LONDON,,Worker (A rating),Global Business Mobility: Senior or Specialist Worker; Skilled Worker,logistics_transport
Malhi Haulage Limited,Belvedere,,Worker (A rating),Skilled Worker,logistics_transport
Malwa Express Transport liMITED,STAINES,UNITED KINGDOM,Worker (A rating),Skilled Worker,logistics_transport
Malwa Transport Ltd,Dunstable,,Worker (A rating),Skilled Worker,logistics_transport
MALWAI TRANSPORT LTD,Oldbury,,Worker (A rating),Skilled Worker,logistics_transport
Man Truck & Bus UK Ltd.,Swindon,Wiltshire,Worker (A rating),Skilled Worker,logistics_transport
Manda International Logistics Ltd,Cardiff,Wales,Worker (A rating),Skilled Worker,logistics_transport
Mango Couriers Limited,London,,Worker (A rating),Skilled Worker,logistics_transport
Mani Transport Ltd,Nottingham,,Worker (A rating),Skilled Worker,logistics_transport
MANI TRANSPORT SERVICES LTD,Coventry,,Worker (A rating),Skilled Worker,logistics_transport
Mann Transport Services Ltd,Leicester,,Worker (A rating),Skilled Worker,logistics_transport
Mann Travel Ltd,London,,Worker (A rating),Skilled Worker,logistics_transport
Maps Logistics Ltd,Swansea,West Glamorgan,Worker (A rating),Skilled Worker,logistics_transport
Mar-Train Heavy Haulage Ltd,Lisburn,Antrim,Worker (A rating),Skilled Worker,logistics_transport
Marinpine Transport (UK) Limited,London,,Worker (A rating),Skilled Worker,logistics_transport
MARIO COACH TRAVEL LIMITED,Nelson,,Worker (A rating),Skilled Worker,logistics_transport
Maryam Transport Ltd,Forest Gate,,Worker (A rating),Skilled Worker,logistics_transport
MAS Logistics UK Ltd,Southall,Middlesex,Worker (A rating),Skilled Worker,logistics_transport
MASTER HOME DISCOUNT WAREHOUSE LTD,Coventry,,Worker (A rating),Skilled Worker,logistics_transport
MATTIA TRANSPORT LIMITED,Wolverhampton,,Worker (A rating),Skilled Worker,logistics_transport
MAW LOGISTICS LTD,WATFORD,,Worker (A rating),Skilled Worker,logistics_transport
Maximus Haulage Limited,Rushden,,Worker (A rating),Skilled Worker,logistics_transport
Mayfair International Travel & Tours Ltd,Leicester,,Worker (A rating),Skilled Worker,logistics_transport
MBK Logistics Ltd,Gloucester,Gloucestershire,Worker (A rating),Skilled Worker,logistics_transport
MC International Haulage Limited,Ashford,,Worker (A rating),Skilled Worker,logistics_transport
MC Truck & Bus Ltd,Aylesford,Kent,Worker (A rating),Skilled Worker,logistics_transport
McDon Transport,Dungannon,Tyrone,Worker (A rating),Skilled Worker,logistics_transport
McGill's Bus Service Ltd,Greenock,Inverclyde,Worker (A rating),Skilled Worker,logistics_transport
MCV Bus and Coach Limited,Sutton,Cambridgeshire,Worker (A rating),Skilled Worker,logistics_transport
MDG Transport Limited,Gravesend,,Worker (A rating),Skilled Worker,logistics_transport
MDX LOGISTICS LTD,Harrow,,Worker (A rating),Skilled Worker,logistics_transport
Mediterranean Shipping Company (UK) Ltd,Ipswich,Suffolk,Worker (A rating),Global Business Mobility: Senior or Specialist Worker; Skilled Worker,logistics_transport
Mega Events/Travel/Music Ltd,London,,Temporary Worker (A rating),Creative Worker,logistics_transport
MEGWAY LOGISTICS LTD,NORTHAMPTON,,Worker (A rating),Skilled Worker,logistics_transport
Menakan Transport Ltd,Ilford,,Worker (A rating),Skilled Worker,logistics_transport
Mentfield Logistics (UK) Ltd,North Finchley,London,Worker (A rating),Skilled Worker,logistics_transport
Menzies Aviation Holdings Ltd,Hounslow,Middlesex,Worker (A rating),Global Business Mobility: Senior or Specialist Worker; Skilled Worker,logistics_transport
Mer Fleet Service Limited,Consett,Durham,Worker (A rating),Skilled Worker,logistics_transport
Metagistics Freight Limited,London,,Worker (A rating),Skilled Worker,logistics_transport
Metroline Travel Limited,London,,Worker (A rating),Skilled Worker,logistics_transport
MHS TRANSPORTATION SERVICES LTD,Brentwood,,Worker (A rating),Skilled Worker,logistics_transport
MIA Ecgoing Travel Limited,Reading,Berkshire,Worker (A rating),Skilled Worker,logistics_transport
Michael Henry Transport Ltd,Oldbury,,Worker (A rating),Skilled Worker,logistics_transport
Middle East Airlines - Air Liban,London,,Worker (A rating),Global Business Mobility: Senior or Specialist Worker; Skilled Worker,logistics_transport
Midhurst Horse Transport Ltd,Midhurst,,Worker (A rating),International Sportsperson,logistics_transport
Migdale Transport Ltd,Bonar Bridge,Sutherland,Worker (A rating),Skilled Worker,logistics_transport
MIKI TRAVEL LIMITED,LONDON,,Worker (A rating),Skilled Worker; Global Business Mobility: Senior or Specialist Worker,logistics_transport
Miles Shipping Limited,Heston,,Worker (A rating),Skilled Worker,logistics_transport
Mission Aviation Fellowship International,Ashford,Kent,Worker (A rating),Global Business Mobility: Senior or Specialist Worker; Skilled Worker,logistics_transport
MJ LOGISTICS LEICESTER LTD,LEICESTER,,Worker (A rating),Skilled Worker,logistics_transport
MKH Courier Services Limited,London,,Worker (A rating),Skilled Worker,logistics_transport
ML TRANSPORT U.K LTD,ilford,,Worker (A rating),Skilled Worker,logistics_transport
Mobile Warehouse.co.uk Limited,Birmingham,,Worker (A rating),Skilled Worker,logistics_transport
mode transport limited,Birmingham,,Worker (A rating),Skilled Worker,logistics_transport
Modus Rail Ltd,London,,Worker (A rating),Skilled Worker,logistics_transport
MOL Logistics (UK) Limited,West Drayton,,Worker (A rating),Global Business Mobility: Senior or Specialist Worker,logistics_transport
Momentum Transport Planning Limited,London,London,Worker (A rating),Skilled Worker,logistics_transport
MONDELINK TRAVEL LIMITED,London,Heathrow,Worker (A rating),Skilled Worker,logistics_transport
Montad Limited t/a Cargo Express,Birmingham,West Midlands,Worker (A rating),Skilled Worker,logistics_transport
Moores Refrigeration Controlled Transport Limited,EYE,Suffolk,Worker (A rating),Skilled Worker,logistics_transport
Morgan Cargo Ltd,Slough,Berkshire,Worker (A rating),Skilled Worker,logistics_transport
Morgan Travel Ltd t/a First Event,LEEDS,,Worker (A rating),Skilled Worker,logistics_transport
Mountain Warehouse LTD,London,,Worker (A rating),Skilled Worker,logistics_transport
MOVEMATES LOGISTICS LIMITED,Barking,,Worker (A rating),Skilled Worker,logistics_transport
Movus Logistics Limited,London,,Worker (A rating),Global Business Mobility: Senior or Specialist Worker; Skilled Worker,logistics_transport
MOXY LOGISTICS LTD,Ruislip,England,Worker (A rating),Skilled Worker,logistics_transport
MRH LOGISTICS LIMITED,Scotland,,Worker (A rating),Skilled Worker,logistics_transport
MRK Transportation Ltd,Bolton,,Worker (A rating),Skilled Worker,logistics_transport
MSC TRANSPORT LTD,SLOUGH,,Worker (A rating),Skilled Worker,logistics_transport
MSE LOGISTICS LTD,Bradford,,Worker (A rating),Skilled Worker,logistics_transport
MSUK TRANSPORT LIMITED,WOLVERHAMPTON,,Worker (A rating),Skilled Worker,logistics_transport
MT LOGISTICS GROUP LTD,Birmingham,,Worker (A rating),Skilled Worker,logistics_transport
MTM FLEET MAINTENANCE LIMITED,northampton,,Worker (A rating),Skilled Worker,logistics_transport
MTS Logistics,Coalville,Leicestershire,Worker (A rating),Skilled Worker,logistics_transport
MUHAFAH AVIATION SERVICES (UK) LTD,"Slough, Berkshire",,Worker (A rating),Skilled Worker,logistics_transport
Mulgrew Haulage Limited,Dromore,Down,Worker (A rating),Skilled Worker,logistics_transport
Multi Logistics Limited,London,,Worker (A rating),Skilled Worker,logistics_transport
Multimodal Logistics Ltd,Felixstowe,Suffolk,Worker (A rating),Global Business Mobility: Senior or Specialist Worker,logistics_transport
MY CAB LTD,Crewe,,Worker (A rating),Skilled Worker,logistics_transport
My Choice Courier Services Ltd,Coventry,,Worker (A rating),Skilled Worker,logistics_transport
Nagra transportation limited,Willenhall,,Worker (A rating),Skilled Worker,logistics_transport
Naigai Nitto Logistics ( Europe) Ltd,Birmingham,Birmingham,Worker (A rating),Global Business Mobility: Senior or Specialist Worker,logistics_transport
National Courier & Logistics Ltd,London,,Worker (A rating),Skilled Worker,logistics_transport
National Logistics group Ltd,London,Surrey,Worker (A rating),Skilled Worker,logistics_transport
National Transport Ltd,Slough,,Worker (A rating),Skilled Worker,logistics_transport
NATIONWIDE LOGISTICS LIMITED,Coventry,,Worker (A rating),Skilled Worker,logistics_transport
Nationwide Routes Logistics LTD,Birmingham,West Midlands,Worker (A rating),Skilled Worker,logistics_transport
Neovia Logistics Services (U.K.) Limited,Desford,Leicestershire,Worker (A rating),Global Business Mobility: Senior or Specialist Worker; Skilled Worker,logistics_transport
Neptune Travel Ltd,Cambridge,Cambridgeshire,Worker (A rating),Skilled Worker,logistics_transport
NES LOGISTICS LTD,London,,Worker (A rating),Skilled Worker,logistics_transport
New Haulage Ltd,Slough,Berkshire,Worker (A rating),Skilled Worker,logistics_transport
New Punjab Coaches Limited,Iver,,Worker (A rating),Skilled Worker,logistics_transport
NEW TYRE WAREHOUSE LTD,Rainham,,Worker (A rating),Skilled Worker,logistics_transport
NEWHAM CARGO LTD,LONDON,,Worker (A rating),Skilled Worker,logistics_transport
NEWPORT TRAVEL SOLUTIONS LTD,Newport,Gwent,Worker (A rating),Skilled Worker,logistics_transport
Nexans Logistics Limited,Milton Keynes,,Worker (A rating),Skilled Worker; Global Business Mobility: Senior or Specialist Worker,logistics_transport
Nexus (Tyne and Wear Passenger Transport Executive),Newcastle,,Worker (A rating),Skilled Worker,logistics_transport
Nijjar Transport (Slough) Limited,Slough,Berkshire,Worker (A rating),Skilled Worker,logistics_transport
NIK SHIPPING AND LOGISTICS LTD,London,,Worker (A rating),Skilled Worker,logistics_transport
NIMRA TRANSPORT LIMITED,Birmingham,,Worker (A rating),Skilled Worker,logistics_transport
Nisus International Logistics Limited,London,,Worker (A rating),Skilled Worker,logistics_transport
NMC Haulage Ltd,Dungannon,Tyrone,Worker (A rating),Skilled Worker,logistics_transport
NN FREIGHT LTD,Hounslow,,Worker (A rating),Skilled Worker,logistics_transport
NNR GLOBAL LOGISTICS UK LIMITED,FELTHAM,MIDDLESEX,Temporary Worker (A rating); Worker (A rating),Global Business Mobility: Graduate Trainee; Global Business Mobility: Senior or Specialist Worker; Skilled Worker,logistics_transport
NNR Global Logistics UK Ltd,Feltham,Middlesex,Worker (A rating),Global Business Mobility: Senior or Specialist Worker; Skilled Worker,logistics_transport
Noatum Logistics UK Limited,Egham,,Worker (A rating),Global Business Mobility: Senior or Specialist Worker; Skilled Worker,logistics_transport
Noble Travel and Money Exchange Limited,London,,Worker (A rating),Skilled Worker,logistics_transport
Noorani Travel Limited,Hounslow,,Worker (A rating),Skilled Worker,logistics_transport
Norbulk Shipping UK Limited,Glasgow,,Worker (A rating),Skilled Worker,logistics_transport
North Star Shipping (Aberdeen) Limited,Aberdeen,Aberdeen City,Worker (A rating),Skilled Worker,logistics_transport
North Weald General Aviation Ltd,Epping,,Worker (A rating),Skilled Worker,logistics_transport
NORTH WEST LOGISTICS AND TRANSPORT LIMITED,Oldham,Greater Manchester,Worker (A rating),Skilled Worker,logistics_transport
Northstar Travel Media Limited,London,Please select...,Worker (A rating),Skilled Worker,logistics_transport
Noteable Logistics Ltd,"Birmingham, West Midlands",,Worker (A rating),Skilled Worker,logistics_transport
Nottingham City Transport Ltd,Nottingham,Nottinghamshire,Worker (A rating),Skilled Worker,logistics_transport
NOTTINGHAM TRAVEL (UK) LTD,NOTTINGHAM,NOTTINGHAMSHIRE,Worker (A rating),Skilled Worker,logistics_transport
Nova Travel Limited,Cardiff,,Worker (A rating),Skilled Worker,logistics_transport
Novel Travel Ltd,Greater London,,Worker (A rating),Skilled Worker,logistics_transport
NRS Ocean Logistics Ltd.,London,,Worker (A rating),Global Business Mobility: Senior or Specialist Worker; Skilled Worker,logistics_transport
NS United Shipping (UK) Limited,London,,Worker (A rating),Global Business Mobility: Senior or Specialist Worker,logistics_transport
NSD HAULAGE LTD,Ipswich,Suffolk,Worker (A rating),Skilled Worker,logistics_transport
NV Cargo Limited,New Malden,,Worker (A rating),Skilled Worker,logistics_transport
O'Malley Haulage Limited,Watford,,Worker (A rating),Skilled Worker,logistics_transport
O'Toole International Logistics Ltd,Bellshill,,Worker (A rating),Skilled Worker,logistics_transport
OAG Aviation Worldwide Ltd,Luton,Bedfordshire,Worker (A rating),Skilled Worker,logistics_transport
Oando Logistics & Services Limited,London,London,Worker (A rating),Global Business Mobility: Senior or Specialist Worker; Skilled Worker,logistics_transport
OBJECTIVE LOGISTICS LTD,Essex,,Worker (A rating),Skilled Worker,logistics_transport
OCEAN PACIFIC SHIPPING LINE UK LTD-14703068,LONDON,,Worker (A rating),Global Business Mobility: UK Expansion Worker,logistics_transport
Ocean Wide Logistics UK Ltd,Daventry,,Worker (A rating),Skilled Worker,logistics_transport
Oceanic International Shipping UK Ltd,Richmond,England,Worker (A rating),Skilled Worker,logistics_transport
Oceans Travel Ltd,Derby,Derbyshire,Worker (A rating),Skilled Worker,logistics_transport
Oceanside Logistics LTD,SOUTHAMPTON,,Worker (A rating),Skilled Worker,logistics_transport
Office Of Rail and Road,London,,Worker (A rating),Skilled Worker,logistics_transport
Omega worldwide Logistics Solutions Limited,Slough,,Worker (A rating),Skilled Worker,logistics_transport
Omio Travel (UK) Ltd,Reading,Berkshire,Worker (A rating),Global Business Mobility: Senior or Specialist Worker; Skilled Worker,logistics_transport
ON THE DOT COURIERS LTD,Littleborough,,Worker (A rating),Skilled Worker,logistics_transport
ONE FLEET REALTY LTD,LONDON,,Worker (A rating),Global Business Mobility: Senior or Specialist Worker; Skilled Worker,logistics_transport
One Stop Shipping Ltd,Rainham,,Worker (A rating),Skilled Worker,logistics_transport
ONE STOP TRAVEL LTD,BOLTON,,Worker (A rating),Skilled Worker,logistics_transport
One World Travel Services Limited,Slough,,Worker (A rating),Skilled Worker,logistics_transport
Onee Travel Services Limited,Maidenhead,,Worker (A rating),Skilled Worker,logistics_transport
ONTIME CARGO LIMITED,London,,Worker (A rating),Skilled Worker,logistics_transport
ONYX HAULAGE LIMITED,Hounslow,,Worker (A rating),Skilled Worker,logistics_transport
Optibus Transportation Limited,London,,Worker (A rating),Global Business Mobility: Senior or Specialist Worker; Skilled Worker,logistics_transport
Orbit Cargo Services Ltd,COLNBROOK,,Worker (A rating),Skilled Worker,logistics_transport
ORBITER AVIATION LIMITED,London,,Worker (A rating),Skilled Worker,logistics_transport
Original Travel Company Ltd,London,,Worker (A rating),Skilled Worker,logistics_transport
Osprey Shipping Limited,Portishead,North Somerset,Worker (A rating),Skilled Worker,logistics_transport
Owen Farming Transport Ltd,Bury St Edmunds,Suffolk,Worker (A rating),Skilled Worker,logistics_transport
P & R Transport Ltd,Nottingham,,Worker (A rating),Skilled Worker,logistics_transport
P C Coaches of Lincoln Ltd,LINCOLN,Lincolnshire,Worker (A rating),Skilled Worker,logistics_transport
P R FLEET LIMITED,Fleet,,Worker (A rating),Skilled Worker,logistics_transport
P S (SWINDON) LOGISTICS LIMITED,Tipton,,Worker (A rating),Skilled Worker,logistics_transport
PACE TAXI LTD,Milton Keynes,,Worker (A rating),Skilled Worker,logistics_transport
Pacific Basin Shipping (UK) Limited,London,,Worker (A rating),Global Business Mobility: Senior or Specialist Worker; Skilled Worker,logistics_transport
Padmavati Transporters Limited,Slough,,Worker (A rating),Skilled Worker,logistics_transport
PAK DIRECT CARGO SERVICE LTD,London,,Worker (A rating),Skilled Worker,logistics_transport
PAK HAULAGE LIMITED,London,,Worker (A rating),Skilled Worker,logistics_transport
Pakistan International Airlines,Brentford,,Worker (A rating),Global Business Mobility: Senior or Specialist Worker; Skilled Worker,logistics_transport
PAKLINK COURIER LTD,London,,Worker (A rating),Skilled Worker,logistics_transport
PAL SHIPPING INTERNATIONAL LIMITED,Preston,LANCASHIRE,Worker (A rating),Skilled Worker,logistics_transport
PAMIR TRAVEL AND EXCHANGE LTD,London,,Worker (A rating),Skilled Worker,logistics_transport
PANAMA TRAVEL LTD,BIRMINGHAM,,Worker (A rating),Skilled Worker,logistics_transport
Panda Delivery Limited,London,,Worker (A rating),Skilled Worker,logistics_transport
Panjab Logistics Limited,Oxford,,Worker (A rating),Skilled Worker,logistics_transport
Papi Transport UK Ltd,Essex,,Worker (A rating),Skilled Worker,logistics_transport
Paragon Freight Management Limited,Bracknell,,Worker (A rating),Skilled Worker,logistics_transport
Paramount Logistics Specialists Ltd,Bradford,,Worker (A rating),Skilled Worker,logistics_transport
Pardhan Transport Ltd,Wolverhampton,West Midlands,Worker (A rating),Skilled Worker,logistics_transport
Pars Freight Ltd,Dunstable,Luton,Worker (A rating),Skilled Worker,logistics_transport
Passion Transport Limited,Colchester,,Worker (A rating),Skilled Worker,logistics_transport
Paul Edwards Logistics pvt Ltd,Luton,,Worker (A rating),Skilled Worker,logistics_transport
PAV Haulage Limited,Stanford-Le-Hope,Essex,Worker (A rating),Skilled Worker,logistics_transport
PB International Travel Limited,London,,Worker (A rating),International Sportsperson; Skilled Worker,logistics_transport
PB11 TRANSPORT LTD,Reading,,Worker (A rating),Skilled Worker,logistics_transport
PDP Courier Services Ltd,FELTHAM,Middlesex,Worker (A rating),Skilled Worker,logistics_transport
PEAK GLOBAL LOGISTICS LIMITED,Sunderland,,Worker (A rating),Skilled Worker,logistics_transport
PEARL UK TRANSPORTS LTD,England,,Worker (A rating),Skilled Worker,logistics_transport
Pentagon Freight Services plc,Dartford,Kent,Worker (A rating),Skilled Worker,logistics_transport
Perfect Travel Planner Ltd,London,,Worker (A rating),Skilled Worker,logistics_transport
Personal Security Service Limited t/a PSS Secure Transport,Rochester,Kent,Worker (A rating),Skilled Worker,logistics_transport
Pertamina International Shipping Europe,London,,Worker (A rating),Global Business Mobility: Senior or Specialist Worker; Skilled Worker,logistics_transport
Petrocom Logistics Ltd,London,,Worker (A rating),Skilled Worker,logistics_transport
Phenomena Logistics Ltd,London,,Worker (A rating),Skilled Worker,logistics_transport
PINTURA GENERAL TRANSPORT CO. LTD,Birmingham,,Worker (A rating),Skilled Worker,logistics_transport
PJ Freight Ltd,West Bromwich,,Worker (A rating),Skilled Worker,logistics_transport
Plan Ahead Travel Limited,London,,Worker (A rating),Skilled Worker,logistics_transport
Plan My Travel Ltd,Birmingham,,Worker (A rating),Skilled Worker,logistics_transport
Planet Logistics Ltd,Gloucester,Gloucestershire,Worker (A rating),Skilled Worker,logistics_transport
PNJ TRANSPORT LTD,Wolverhampton,West Midlands,Worker (A rating),Skilled Worker,logistics_transport
POD HAULAGE LIMITED,WEMBLEY,,Worker (A rating),Skilled Worker,logistics_transport
POLYMER LOGISTICS (SCOTLAND) LTD,GRANGEMOUTH,STIRLINGSHIRE,Worker (A rating),Global Business Mobility: Senior or Specialist Worker; Skilled Worker,logistics_transport
PORT LINE SHIPPING LTD,HARROW,,Worker (UK Expansion Worker: Provisional ),Global Business Mobility: UK Expansion Worker,logistics_transport
POSTMASTER COURIERS LTD,Manchester,,Worker (A rating),Skilled Worker,logistics_transport
PRABH KIRPA TRANSPORT LTD,Smethwick,,Worker (A rating),Skilled Worker,logistics_transport
Preferred Travel Group,London,,Worker (A rating),Skilled Worker,logistics_transport
Premier Mini Cab Services (Uk) Limited,New Malden,,Worker (A rating),Skilled Worker,logistics_transport
PREMIER TRAVEL & TOURS LIMITED,Birmingham,,Worker (A rating),Skilled Worker,logistics_transport
Prestige Taxi Hire Ltd,Oldham,,Worker (A rating),Skilled Worker,logistics_transport
PRIME PACE LOGISTICS LTD,Bicester,Oxfordshire,Worker (A rating),Skilled Worker,logistics_transport
PrimeFlight Aviation England Ltd,Forest Row,East Sussex,Worker (A rating),Skilled Worker,logistics_transport
Priority Freight Limited,Dover,,Worker (A rating),Skilled Worker,logistics_transport
PRISM TRAVEL LTD,WEMBLEY,,Worker (A rating),Skilled Worker,logistics_transport
Pro Rail Services Limited,Welwyn Garden City,Hertfordshire,Worker (A rating),Skilled Worker,logistics_transport
Progress Rail Services UK Limited,Nottingham,,Worker (A rating),Global Business Mobility: Senior or Specialist Worker; Skilled Worker,logistics_transport
PRYORS CORPORATE TRAVEL LIMITED,Didcot,England,Worker (A rating),Skilled Worker,logistics_transport
PS Courier Services Ltd,West Bromwich,,Worker (A rating),Skilled Worker,logistics_transport
PS Haulage Limited,Slough,,Worker (A rating),Skilled Worker,logistics_transport
PS LOGISTICS SERVICES LTD,Leicester,,Worker (A rating),Skilled Worker,logistics_transport
PSM LOGISTICS LTD,WATFORD,,Worker (A rating),Skilled Worker,logistics_transport
PSO TRAVEL UK LTD,Reading,,Worker (A rating),Skilled Worker,logistics_transport
PSS SHIPPING SERVICES UK LTD,London,,Worker (A rating),Skilled Worker,logistics_transport
Puma Couriers Ltd,Birmingham,,Worker (A rating),Skilled Worker,logistics_transport
PUNIA LOGISTICS LTD,Coventry,,Worker (A rating),Skilled Worker,logistics_transport
Punjaab Transport Ltd,Oldham,,Worker (A rating),Skilled Worker,logistics_transport
PW&EK Harris Taxi Hire Ltd,Swansea,,Worker (A rating),Skilled Worker,logistics_transport
Qantas Airways Limited (UK),London,,Worker (A rating),Skilled Worker; Global Business Mobility: Senior or Specialist Worker,logistics_transport
Qasim Enterprise Ltd T/A Smart Cabs Norwich,Norwich,,Worker (A rating),Skilled Worker,logistics_transport
Qatar Airways Group Q.C.S.C.,London,,Worker (A rating),Skilled Worker; Global Business Mobility: Senior or Specialist Worker,logistics_transport
Quantum Aviation Ltd,Prestwick,South Ayrshire,Worker (A rating),Skilled Worker,logistics_transport
Quest Travel Limited,Croydon,Surrey,Worker (A rating),Skilled Worker,logistics_transport
QUICK CAB SERVICES LTD,Ipswich,,Worker (A rating),Skilled Worker,logistics_transport
Quick International Couriers (UK) Limited,Uxbridge,,Worker (A rating),Skilled Worker; Global Business Mobility: Senior or Specialist Worker,logistics_transport
QUICK SPEED COURIER SERVICES LIMITED,Wednesbury,,Worker (A rating),Skilled Worker,logistics_transport
R & S TRAVEL SERVICES LIMITED,Aylesbury,Buckinghamshire,Worker (A rating),Skilled Worker,logistics_transport
R AND J TRANSPORT LTD,DERBY,DERBYSHIRE,Worker (A rating),Skilled Worker,logistics_transport
R3G LOGISTICS & OPERATIONS LTD,Edinburgh,Lothian Region,Worker (A rating),Skilled Worker,logistics_transport
Radius Logistics UK Ltd,Slough,Colnbrook,Worker (A rating),Skilled Worker,logistics_transport
Rahul Logistics,Walsall,,Worker (A rating),Skilled Worker,logistics_transport
Rail Delivery Group Limited (ATOC Ltd),London,,Worker (A rating),Skilled Worker,logistics_transport
Rail Safety & Standards Board Ltd (RSSB),London,,Worker (A rating),Skilled Worker,logistics_transport
Railpen Limited,London,,Worker (A rating),Skilled Worker,logistics_transport
RailSimulator.com LTD,Chatham,Kent,Worker (A rating),Skilled Worker,logistics_transport
Railsimulator.com t/a Dovetail Games,CHATHAM,KENT,Worker (A rating),Skilled Worker,logistics_transport
Railway Project Services LTD,Rearsby,Leicestershire,Worker (A rating),Skilled Worker,logistics_transport
RAINBOW LOGISTICS LTD,SOUTHALL,,Worker (A rating),Skilled Worker,logistics_transport
RAJA LOGISTICS LTD,Birmingham,united kingdom,Worker (A rating),Skilled Worker,logistics_transport
RAM TRADE AND TRAVEL LTD,Smethwick,West Midlands,Worker (A rating),Skilled Worker,logistics_transport
RANAIN LOGISTICS LTD,Rochdale,,Worker (A rating),Skilled Worker,logistics_transport
RANDOT TRAVEL LIMITED,London,,Worker (A rating),Skilled Worker,logistics_transport
Range Shipping Ltd,London,,Worker (A rating),Skilled Worker,logistics_transport
Ranjha Transport Ltd,Manchester,,Worker (A rating),Skilled Worker,logistics_transport
RAPID COURIER LIMITED,Oxford,,Worker (A rating),Skilled Worker,logistics_transport
Rapid Freight Forwarding Ltd,Corby,,Worker (A rating),Skilled Worker,logistics_transport
RAPID GLOBAL LOGISTICS LIMITED,London,Southall,Worker (A rating),Skilled Worker,logistics_transport
Rapid Movers Ltd T/As RM Couriers,Crumpsall,Greater Manchester,Worker (A rating),Skilled Worker,logistics_transport
RAPID UK TRANSPORT LIMITED,Birmingham,West Midlands,Worker (A rating),Skilled Worker,logistics_transport
Rattu Transport Ltd,Birmingham,,Worker (A rating),Skilled Worker,logistics_transport
Razi Logistics Ltd,Birmingham,,Worker (A rating),Skilled Worker,logistics_transport
RDC Aviation Ltd,Nottingham,,Worker (A rating),Skilled Worker,logistics_transport
Red Rose Travel Ltd,Buckinghamshire,,Worker (A rating),Skilled Worker,logistics_transport
Reed & Mackay Travel Limited,London,,Worker (A rating),Skilled Worker,logistics_transport
Regal Transport Ltd,Sutton Coldfield,,Worker (A rating),Skilled Worker,logistics_transport
REHAN TRAVEL LTD,Rochdale,,Worker (A rating),Skilled Worker,logistics_transport
REHBAR COURIER SERVICES LIMITED,Bridgwater,,Worker (A rating),Skilled Worker,logistics_transport
Rekaso Ltd T/A Fleet Street Hardware,London,,Worker (A rating),Skilled Worker,logistics_transport
RELIABLE CARGO LTD,London,,Worker (A rating),Skilled Worker,logistics_transport
Reliable Shipping Ltd,Colchester,,Worker (A rating),Skilled Worker,logistics_transport
Reliance Aviation Limited,West Drayton,,Worker (A rating),Skilled Worker,logistics_transport
Rescue Haulage Limited,Coalville,England,Worker (A rating),Skilled Worker,logistics_transport
RG COURIER LTD,Reading,,Worker (A rating),Skilled Worker,logistics_transport
RG TRANSPORT(READING) LTD,Wokingham,,Worker (A rating),Skilled Worker,logistics_transport
RG Travel Limited,Wembley,,Worker (A rating),Skilled Worker,logistics_transport
RGV Aviation Limited,Cheltenham,Gloucestershire,Worker (A rating),Skilled Worker,logistics_transport
Rhenus Home Delivery Limited,Manchester,,Worker (A rating); Temporary Worker (A rating),Global Business Mobility: Senior or Specialist Worker; Global Business Mobility: Graduate Trainee; Skilled Worker,logistics_transport
Rhenus Logistics Limited,manchester,,Temporary Worker (A rating); Worker (A rating),Global Business Mobility: Graduate Trainee; Global Business Mobility: Senior or Specialist Worker; Skilled Worker,logistics_transport
Rhenus Warehousing Solutions LTD,Nuneaton,,Worker (A rating),Skilled Worker,logistics_transport
RHI Transport Ltd,Middlewich,Cheshire,Worker (A rating),Skilled Worker,logistics_transport
RI LOGISTICS LIMITED,Birmingham,West Midlands,Worker (A rating),Skilled Worker,logistics_transport
RICARDO TRANSPORT LIMITED,Burton-On-Trent,,Worker (A rating),Skilled Worker,logistics_transport
Right Choice logistics Limited,London,,Worker (A rating),Skilled Worker,logistics_transport
Rizka Travel Ltd,London,,Worker (A rating),Skilled Worker,logistics_transport
RJS HAULAGE LTD,Settle,North Yorkshire,Worker (A rating),Skilled Worker,logistics_transport
RK COURIER LTD,Coventry,,Worker (A rating),Skilled Worker,logistics_transport
RK Courier Services Ltd,London,,Worker (A rating),Skilled Worker,logistics_transport
RMJ Transport Limited,Walsall,West Midlands,Worker (A rating),Skilled Worker,logistics_transport
RNB Cargo Ltd,Hounslow,,Worker (A rating),Skilled Worker,logistics_transport
ROAD RUNNER COURIER SERVICE LIMITED,Swindon,,Worker (A rating),Skilled Worker,logistics_transport
roadwise transport ltd,Birmingham,west midlands,Worker (A rating),Skilled Worker,logistics_transport
Roadx Logistics Ltd,"Iver, England",,Worker (A rating),Skilled Worker,logistics_transport
Rock Rail Holdings Limited,London,,Worker (A rating),Skilled Worker; Global Business Mobility: Senior or Specialist Worker,logistics_transport
ROMANA HAULAGE LTD,HAYES,,Worker (A rating),Skilled Worker,logistics_transport
ROMCO LOGISTICS LTD,BIRMINGHAM,,Worker (A rating),Skilled Worker,logistics_transport
Romney Hythe and Dymchurch Railway Ltd.,New Romney,Kent,Temporary Worker (A rating),Charity Worker,logistics_transport
ROOP HAULAGE LTD,Gravesend,,Worker (A rating),Skilled Worker,logistics_transport
Royal Jordanian Airlines,LONDON,Hammersmith,Worker (A rating),Global Business Mobility: Senior or Specialist Worker; Skilled Worker,logistics_transport
Royle Kashmir Travel Ltd,Luton,,Worker (A rating),Skilled Worker,logistics_transport
RR Group Logistics Ltd,Ashford,,Worker (A rating),Skilled Worker,logistics_transport
RRR Transport Ltd,Willenhall,,Worker (A rating),Skilled Worker,logistics_transport
RRSS Transport Ltd,Leicester,,Worker (A rating),Skilled Worker,logistics_transport
RSB UK Transport Ltd,Derby,Derbyshire,Worker (A rating),Skilled Worker,logistics_transport
Rsk Transport Ltd,Cannock,,Worker (A rating),Skilled Worker,logistics_transport
Rudler Car Transportation & Storage Ltd,SWINDON,Wiltshire,Worker (A rating),Skilled Worker,logistics_transport
Rugged Warehouse Ltd,London,,Worker (A rating),Skilled Worker,logistics_transport
RUSHCLIFFE TRAVEL LTD,NOTTINGHAM,,Worker (A rating),Skilled Worker,logistics_transport
RVL Aviation Limited,Castle Donington,Derby,Worker (A rating),Skilled Worker,logistics_transport
S & Sangha Transport Ltd,Leicester,,Worker (A rating),Skilled Worker,logistics_transport
S G Transport Limited,Kent,,Worker (A rating),Skilled Worker,logistics_transport
S M S DHALIWAL TRANSPORT LIMITED,Southall,,Worker (A rating),Skilled Worker,logistics_transport
S M Travel,Bradford,,Worker (A rating),Skilled Worker,logistics_transport
S&M COURIERS LTD,Wednesbury,,Worker (A rating),Skilled Worker,logistics_transport
S.A.A.M LOGISTICS UK LIMITED,London,,Worker (A rating),Skilled Worker,logistics_transport
SABAH'S COURIERS LTD,LONDON,,Worker (A rating),Skilled Worker,logistics_transport
Sadat Travel Limited,Blackburn,,Worker (A rating),Skilled Worker,logistics_transport
Safdar & Sons Transport Ltd,Manchester,,Worker (A rating),Skilled Worker,logistics_transport
Sahi Transport Limited,Birmingham,England,Worker (A rating),Skilled Worker,logistics_transport
SAI BABA LOGISTICS GROUP LTD,Barry,Wales,Worker (A rating),Skilled Worker,logistics_transport
Sajj's Cab and Cars and Repairs Limited,Luton,,Worker (A rating),Skilled Worker,logistics_transport
Sakhawat Hussain (Sole Trader) TA SH Couriers,Birmingham,,Worker (A rating),Skilled Worker,logistics_transport
Samar Logistics Ltd,Birmingham,,Worker (A rating),Skilled Worker,logistics_transport
Sanam Travel Ltd,Newcastle Upon Tyne,,Worker (A rating),Skilled Worker,logistics_transport
Sanas Transport Ltd,Bolton,,Worker (A rating),Skilled Worker,logistics_transport
SANDHU COURIER LIMITED,Tipton,England,Worker (A rating),Skilled Worker,logistics_transport
Sandi Brothers Freight Brokerage Ltd,London,,Worker (A rating),Skilled Worker,logistics_transport
Sant Couriers Limited,Poyle,Heathrow,Worker (A rating),Skilled Worker,logistics_transport
Santosh Chohan and Hussein Merchant T/A The Railway Tavern,Bristol,,Worker (A rating),Skilled Worker,logistics_transport
SAPPHIRE LOGISTICS LONDON LIMITED,Croydon,,Worker (A rating),Skilled Worker,logistics_transport
SAQIB COURIER FORCE LTD,Slough,,Worker (A rating),Skilled Worker,logistics_transport
Sarb Logistics Limited,Leicester,,Worker (A rating),Skilled Worker,logistics_transport
SARR Logistics Ltd,Colchester,Essex,Worker (A rating),Skilled Worker,logistics_transport
SAS Executive Travel,Rochester,Kent,Worker (A rating),Skilled Worker,logistics_transport
SAT SAHIB TRANSPORT LTD,Wolverhampton,WOLVERHAMPTON,Worker (A rating),Skilled Worker,logistics_transport
Satguru Travel and Tourism Limited,Wembley,Harrow,Worker (A rating),Skilled Worker,logistics_transport
Satti logistics Ltd,Swindon,,Worker (A rating),Skilled Worker,logistics_transport
Saudi Arabian Airlines,Westminster,London,Worker (A rating),Global Business Mobility: Senior or Specialist Worker,logistics_transport
Savetime Haulage Ltd,West Drayton,,Worker (A rating),Skilled Worker,logistics_transport
SAYEDA LOGISTICS LTD,Slough,,Worker (A rating),Skilled Worker,logistics_transport
SBS Haulage Limited,Willenhall,West Midlands,Worker (A rating),Skilled Worker,logistics_transport
Scan Global Logistics (UK) LTD,Slough,Berkshire,Worker (A rating),Skilled Worker,logistics_transport
Scanwell Logistics LHR Limited,Felixstowe,,Worker (A rating),Skilled Worker,logistics_transport
Sea Freight Limited,London,LONDON,Worker (A rating),Skilled Worker,logistics_transport
Seabrook Global Logistics Limited,West Thurrock,Essex,Worker (A rating),Skilled Worker,logistics_transport
SEAFARERS LOGISTICS GB LTD,London,ENGLAND,Worker (A rating),Skilled Worker,logistics_transport
Seagull Freight Services Ltd,Hornchurch,,Worker (A rating),Skilled Worker,logistics_transport
Seehra Transport Limited,Oldbury,,Worker (A rating),Skilled Worker,logistics_transport
Sekhon Haulage Ltd,Derby,,Worker (A rating),Skilled Worker,logistics_transport
Senyap Transport Limited,Boroughbridge,North Yorkshire,Worker (A rating),Skilled Worker,logistics_transport
SEP Rail Design Ltd,York,,Worker (A rating),Skilled Worker,logistics_transport
Shah Transport Ltd,Kettering,,Worker (A rating),Skilled Worker,logistics_transport
Shambhu Logistics Limited,Rugby,,Worker (A rating),Skilled Worker,logistics_transport
Sharaf Cargo Limited,West Drayton,,Worker (A rating),Skilled Worker,logistics_transport
SHARDA LOGISTICS LTD,Staines-Upon-Thames,,Worker (A rating),Skilled Worker,logistics_transport
Sharma Courier Limited,Woking,,Worker (A rating),Skilled Worker,logistics_transport
Sharp Drive Heavy and Light Transport UK Ltd,Nelson,,Worker (A rating),Global Business Mobility: UK Expansion Worker,logistics_transport
Shayans Travel Limited,Bradford,,Worker (A rating),Skilled Worker,logistics_transport
Shipco Transport Limited,Basildon,Essex,Worker (A rating),Skilled Worker,logistics_transport
SHIPIT LOGISTICS LTD,ROMFORD,,Worker (A rating),Skilled Worker,logistics_transport
SHIREEN TRANSPORT LTD,ROMFORD,,Worker (A rating),Skilled Worker,logistics_transport
Shoker Transport Limited,Coventry,West Midlands,Worker (A rating),Skilled Worker,logistics_transport
SHRIJI LOGISTICS LIMITED,Kempston,Bedford,Worker (A rating),Skilled Worker,logistics_transport
SHY AVIATION LTD,London,,Worker (A rating),Skilled Worker,logistics_transport
SI Logistics Limited,Thetford,Norfolk,Worker (A rating),Skilled Worker,logistics_transport
SIDHU & SONS TRANSPORT (UK) LTD,Ipswich,,Worker (A rating),Skilled Worker,logistics_transport
Sidhu Freight Services Ltd,Hounslow,,Worker (A rating),Skilled Worker,logistics_transport
Sidhu K S Limited T/A Sidhu Transport,Old Windsor,Berkshire,Worker (A rating),Skilled Worker,logistics_transport
Silva Brothers Logistics Ltd,London,Acton,Worker (A rating),Skilled Worker,logistics_transport
SILVER MARIS LOGISTICS LTD,Manchester,Lancashire,Worker (A rating),Skilled Worker,logistics_transport
Simba Courier Logistics Ltd,Livingston,,Worker (A rating),Skilled Worker,logistics_transport
Simple Logistics Limited,Hornchurch,,Worker (A rating),Skilled Worker,logistics_transport
Simply Travel and Tours Ltd,"forest Gat, e",London,Worker (A rating),Skilled Worker,logistics_transport
Sims Haulage Ltd,Rugby,,Worker (A rating),Skilled Worker,logistics_transport
Singapore Airlines Limited,London,,Worker (A rating),Skilled Worker,logistics_transport
Singapore Airlines Ltd,Chiswick,London,Worker (A rating),Global Business Mobility: Senior or Specialist Worker,logistics_transport
Singhs Haulage Ltd,West Bromwich,West Midlands,Worker (A rating),Skilled Worker,logistics_transport
Sirdarji Couriers Limited,Walsall,,Worker (A rating),Skilled Worker,logistics_transport
SITA Advanced Travel Solutions Ltd,Reading,,Worker (A rating),Global Business Mobility: Senior or Specialist Worker; Skilled Worker,logistics_transport
SJ DELIVERY SOLUTIONS LTD,Greater Manchester,England,Worker (A rating),Skilled Worker,logistics_transport
SK BROS LOGISTICS LTD,Southampton,,Worker (A rating),Skilled Worker,logistics_transport
SK Freight Services Ltd,Hounslow,Middlesex,Worker (A rating),Skilled Worker,logistics_transport
SK GROUP COURIERS LTD,Reading,,Worker (A rating),Skilled Worker,logistics_transport
SKAT Logistics Ltd,London,,Worker (A rating); Temporary Worker (A rating),Skilled Worker; Global Business Mobility: Graduate Trainee,logistics_transport
SKH TRANSPORT LTD,LONDON,,Worker (A rating),Skilled Worker,logistics_transport
SKL Transport Ltd,Slough,,Worker (A rating),Skilled Worker,logistics_transport
SKY DIRECT TRAVEL LIMITED,BOLTON,,Worker (A rating),Skilled Worker,logistics_transport
SKY SHIPPING LINE LTD,Iford,,Worker (A rating),Skilled Worker,logistics_transport
Sky Worldwide Courier Limited,Feltham,,Worker (A rating),Skilled Worker,logistics_transport
Skyford Logistics Ltd,Sittingbourne,Kent,Worker (A rating),Skilled Worker,logistics_transport
Skyluxe Aviation Group Ltd,London,,Worker (A rating),Skilled Worker,logistics_transport
SKYWAYS TRAVEL LTD,BOLTON,LANCASHIRE,Worker (A rating),Skilled Worker,logistics_transport
Slam Transport Limited,Coventry,West Midlands,Worker (A rating),Skilled Worker,logistics_transport
SLINE TRAVEL LIMITED,BLACKBURN,LANCASHIRE,Worker (A rating),Skilled Worker,logistics_transport
SMART AIR CARGO UK LIMITED,Southall,England,Worker (A rating),Skilled Worker,logistics_transport
SMART CARGO & TRAVEL LTD,HOUNSLOW,MIDDLESEX,Worker (A rating),Skilled Worker,logistics_transport
Smart Green Shipping Alliance Limited,Glasgow,,Worker (A rating),Skilled Worker,logistics_transport
SMART Maintenance and Logistics,Leeds,,Temporary Worker (A rating),Creative Worker,logistics_transport
SMART SAP LOGISTICS LIMITED,Redhill,,Worker (A rating),Skilled Worker,logistics_transport
Smartfix Logistics Ltd,Nottingham,Nottinghamshire,Worker (A rating),Skilled Worker,logistics_transport
Smartguide Travel Limited,Wembley,,Worker (A rating),Skilled Worker,logistics_transport
SMOOTH DELIVERY LTD,Swindon,,Worker (A rating),Skilled Worker,logistics_transport
SMS Global Logistics UK Ltd,London,,Worker (A rating),Skilled Worker,logistics_transport
SMT Travel Limited,London,,Worker (A rating),Skilled Worker,logistics_transport
SMYTH POULTRY & TRANSPORT LTD,ROSLEA,FERMANAGH,Worker (A rating),Skilled Worker,logistics_transport
SN Transports Limited,Blackburn,Lancashire,Worker (A rating),Skilled Worker,logistics_transport
SO GOOD LOGISTICS LIMITED,Manchester,,Worker (A rating),Skilled Worker,logistics_transport
Softech Rail Limited,Albourne,West Sussex,Worker (A rating),Global Business Mobility: Senior or Specialist Worker; Skilled Worker,logistics_transport
sohail transport ltd,stockport,,Worker (A rating),Skilled Worker,logistics_transport
SOHI LOGISTICS LIMITED,Hounslow,,Worker (A rating),Skilled Worker,logistics_transport
Somak Travel Limited,Harrow,Middlesex,Worker (A rating),Skilled Worker,logistics_transport
Sonic UK Transport LTD,Birmingham,,Worker (A rating),Skilled Worker,logistics_transport
Soomal Haulage Ltd,Bilston,,Worker (A rating),Skilled Worker,logistics_transport
South Central Fleet Services Ltd,Southampton,Hampshire,Worker (A rating),Skilled Worker,logistics_transport
South West Coaches Ltd,Yeovil,Somerset,Worker (A rating),Skilled Worker,logistics_transport
South Western Railway Limited,London,,Worker (A rating),Skilled Worker,logistics_transport
Southall Travel Limited,London,,Worker (A rating),Skilled Worker,logistics_transport
Southampton Freight Services Ltd,Southampton,Hampshire,Worker (A rating),Skilled Worker,logistics_transport
Southern Logistics Ltd,Surrey,,Worker (A rating),Skilled Worker,logistics_transport
Southern Travel Solutions Ltd,Crawley,West Sussex,Worker (A rating),Skilled Worker,logistics_transport
SOUTHTAX SOUTHAMPTON TAXI LTD,Southampton,,Worker (A rating),Skilled Worker,logistics_transport
SP Logistics Solutions Limited,WEMBLEY,,Worker (A rating),Skilled Worker,logistics_transport
Space Logistics Ltd,Smethwick,,Worker (A rating),Skilled Worker,logistics_transport
Specialist Aviation- Cabinair services,Letchworth Garden City,Hertfordshire,Worker (A rating),Skilled Worker,logistics_transport
Spectrum Cargo Services Ltd,Colnbrook,,Worker (A rating),Skilled Worker,logistics_transport
Speedy Freight t/a Puro ventures Ltd,Knutsford,,Worker (A rating),Skilled Worker,logistics_transport
SPEEDY HAULAGE LTD,Hayes,Middlesex,Worker (A rating),Skilled Worker,logistics_transport
Sperry Rail (International) Ltd,DERBY,,Worker (A rating),Skilled Worker,logistics_transport
SPICA LOGISTICS LIMITED,Maidenhead,,Worker (A rating),Skilled Worker,logistics_transport
Sport & Travel Services Ltd,London,,Worker (A rating),Skilled Worker,logistics_transport
SPP  Transport Limited,Uxbridge,,Worker (A rating),Skilled Worker,logistics_transport
Sprint Logistics,Hounslow,Middlesex,Worker (A rating),Skilled Worker,logistics_transport
SriLankan Airlines Limited,Isleworth,,Worker (A rating),Global Business Mobility: Senior or Specialist Worker; Skilled Worker,logistics_transport
SRS Logistics and Storage Ltd,London,Essex,Worker (A rating),Skilled Worker,logistics_transport
SS LOGISTICS LTD,Slough,,Worker (A rating),Skilled Worker,logistics_transport
SSA TRANSPORT LTD,Oldbury,,Worker (A rating),Skilled Worker,logistics_transport
SSC SECURE TRANSPORT LTD,London,Greater London,Worker (A rating),Skilled Worker,logistics_transport
SSD Transport Limited,Wolverhampton,,Worker (A rating),Skilled Worker,logistics_transport
SSI LOGISTICS LTD,Birmingham,,Worker (A rating),Skilled Worker,logistics_transport
SSW Civils & Logistics Ltd.,Tipton,,Worker (A rating),Skilled Worker,logistics_transport
Stadler Rail Service UK Ltd,Liverpool,Merseyside,Worker (A rating),Global Business Mobility: Senior or Specialist Worker; Skilled Worker,logistics_transport
STAR COACHES OF BATLEY LIMITED,Batley,,Worker (A rating),Skilled Worker,logistics_transport
STECONFER RAIL LTD,Manchester,England,Worker (A rating),Skilled Worker,logistics_transport
Stewart Travel Limited,Glasgow,,Worker (A rating),Skilled Worker,logistics_transport
Storm Aviation Limited,Essex,,Worker (A rating),Skilled Worker; Global Business Mobility: Senior or Specialist Worker,logistics_transport
Streamline Transport Limited,Huddersfield,,Worker (A rating),Skilled Worker,logistics_transport
STS AVIATION SERVICES UK LTD,BIRMINGHAM,,Worker (A rating),Skilled Worker,logistics_transport
STS HAULAGE LTD,Ipswich,England,Worker (A rating),Skilled Worker,logistics_transport
Stuart Delivery Limited,London,,Worker (A rating),Skilled Worker; Global Business Mobility: Senior or Specialist Worker,logistics_transport
Stuarts Truck & Bus Limited,Exeter,Devon,Worker (A rating),Skilled Worker,logistics_transport
Students Travel Company Limited,Cambridge,,Worker (A rating),Skilled Worker,logistics_transport
STYLISH CARGO LIMITED,LONDON,,Worker (A rating),Skilled Worker,logistics_transport
Sublime Logistics Ltd,Hounslow,,Worker (A rating),Skilled Worker,logistics_transport
SUKAN TRAVEL LTD,Leicester,,Worker (A rating),Skilled Worker,logistics_transport
SUKH TRANSPORT LTD,WILLENHALL,WEST MIDLANDS,Worker (A rating),Skilled Worker,logistics_transport
SUKHMAN HAULAGE LTD,Derby,,Worker (A rating),Skilled Worker,logistics_transport
Sukhniwas Logistics Limited,Luton,,Worker (A rating),Skilled Worker,logistics_transport
SUNDARBAN CARGO SERVICES UK LIMITED,Dartford,,Worker (A rating),Skilled Worker,logistics_transport
Sunlit Transport Ltd,Hayes,,Worker (A rating),Skilled Worker,logistics_transport
SUNSET HAULAGE LTD,Leicester,,Worker (A rating),Skilled Worker,logistics_transport
SUNSET TRAVEL LTD,CROYDON,SURREY,Worker (A rating),Skilled Worker,logistics_transport
Supreme Freight Services Ltd,Southampton,Hampshire,Worker (A rating),Skilled Worker,logistics_transport
SUPREME TRAVEL LIMITED,Bradford,,Worker (A rating),Skilled Worker,logistics_transport
SURREY COURIER SERVICES LIMITED,London,,Worker (A rating),Skilled Worker,logistics_transport
SVL Transport Ltd,West Bromwich,West Midlands,Worker (A rating),Skilled Worker,logistics_transport
SVS LOGISTICS LIMITED T/a Inxpress Leicester North,LEICESTER,,Worker (A rating),Skilled Worker,logistics_transport
Swaze Logistics Limited,Southall,,Worker (A rating),Skilled Worker,logistics_transport
SWIFT CABS LTD,Kettering,,Worker (A rating),Skilled Worker,logistics_transport
Swift Cargo International Limited,Ashton-Under-Lyne,Lancashire,Worker (A rating),Skilled Worker,logistics_transport
Swift Freight Ltd,Slough,Berkshire,Worker (A rating),Skilled Worker,logistics_transport
Swift Haulage UK Ltd,West Bromwich,West Midlands,Worker (A rating),Skilled Worker,logistics_transport
SWIFT TRANSPORT SERVICES 24/7 LTD,Peterborough,,Worker (A rating),Skilled Worker,logistics_transport
SWIFT UK COURIERS LTD,Birmingham,,Worker (A rating),Skilled Worker,logistics_transport
Switzerland Travel Centre Ltd,London,,Worker (A rating),Skilled Worker,logistics_transport
Sycle Logistics,Telford,Shropshire,Worker (A rating),Skilled Worker,logistics_transport
SYLHET HOUSE TRAVEL CENTRE LTD,London,,Worker (A rating),Skilled Worker,logistics_transport
SYLHET TRAVEL SERVICES LTD,MANCHESTER,,Worker (A rating),Skilled Worker,logistics_transport
Synergy Rail Limited,Bromley,Kent,Worker (A rating),Skilled Worker,logistics_transport
T & T COURIER MIDLAND LTD,West Bromwich,,Worker (A rating),Skilled Worker,logistics_transport
T N S TRAVEL LTD,Walsall,,Worker (A rating),Skilled Worker,logistics_transport
T T TRANSPORT PVT LTD,SOUTHALL,MIDDLESEX,Worker (A rating),Skilled Worker,logistics_transport
TAG Aviation (UK) Limited,Farnborough,Hampshire,Worker (A rating),Skilled Worker,logistics_transport
Tag Rail Limited,Cheadle,,Worker (A rating),Skilled Worker,logistics_transport
TAKHAR COURIERS LTD,Colchester,Essex,Worker (A rating),Skilled Worker,logistics_transport
Talib Transport Limited,Derby,Derbyshire,Worker (A rating),Skilled Worker,logistics_transport
Tanveer Courier Services Ltd,Heckmondwike,,Worker (A rating),Skilled Worker,logistics_transport
TATU Delivery Ltd,London,,Worker (A rating),Skilled Worker,logistics_transport
Taxi & Bus Conversion Ltd,Dungannon,Co Tyrone,Worker (A rating),Skilled Worker,logistics_transport
TAXI & PROPERTY MANAGEMENT PLANET LTD,London,,Worker (A rating),Skilled Worker,logistics_transport
Taxi Cars Limited,Derby,Derbyshire,Worker (A rating),Skilled Worker,logistics_transport
Teekay Shipping (UK) Limited,London,,Worker (A rating),Global Business Mobility: Senior or Specialist Worker; Skilled Worker,logistics_transport
TEGH LOGISTICS LTD,BILSTON,,Worker (A rating),Skilled Worker,logistics_transport
TERRA TRANSPORT LTD,LONDON,,Worker (A rating),Skilled Worker,logistics_transport
TERRIFIC TRAVEL LTD,Birmingham,,Worker (A rating),Skilled Worker,logistics_transport
TGL GLOBAL LOGISTICS UK LTD,London,,Worker (A rating),Skilled Worker,logistics_transport
THAMESLINK LOGISTICS LTD,Wakefield,,Worker (A rating),Skilled Worker,logistics_transport
The Coaches' Voice (UK) Ltd,Camden,London,Worker (A rating),Skilled Worker,logistics_transport
The Desk Warehouse Ltd,Belfast,,Worker (A rating),Skilled Worker,logistics_transport
THE GRAND TRAVEL LIMITED,Bradford,West Yorkshire,Worker (A rating),Skilled Worker,logistics_transport
THE HAULAGE FAMILY LIMITED,Birmingham,,Worker (A rating),Skilled Worker,logistics_transport
The Juice Warehouse Ltd,Epping,Essex,Worker (A rating),Skilled Worker,logistics_transport
THE LION LOGISTICS LTD,Billingshurst,,Worker (A rating),Skilled Worker,logistics_transport
THE LONDON WAREHOUSE LIMITED,Swindon,Wilshire,Worker (A rating),Skilled Worker,logistics_transport
The Lux Travel Group Limited,London,,Worker (A rating),Skilled Worker,logistics_transport
THE OUDS WAREHOUSE LTD,"Cardiff, Wales,",,Worker (A rating),Skilled Worker,logistics_transport
The Oxfordshire Taxi Company Limited,Weston-Super-Mare,,Worker (A rating),Skilled Worker,logistics_transport
The Railway Children Upminster,Upminster,,Worker (A rating),Skilled Worker,logistics_transport
The Representative Office of Turkmenistan Airlines OJSC in UK of Great Britain and Northern Ireland,Harlow,,Worker (A rating),Skilled Worker,logistics_transport
The Shipping Corporation of India Ltd,LONDON,Aldgate,Worker (A rating),Global Business Mobility: Senior or Specialist Worker; Skilled Worker,logistics_transport
The Sicilian 313 Railton Ltd,London,,Worker (A rating),Skilled Worker,logistics_transport
The Steam Dreams Rail Co Ltd,Guildford,Surrey,Worker (A rating),Skilled Worker,logistics_transport
The Travel Chapter Limited,Bideford,,Worker (A rating),Skilled Worker,logistics_transport
The Travel Company Limited,London,,Worker (A rating),Global Business Mobility: Senior or Specialist Worker; Skilled Worker,logistics_transport
THE TRAVEL DMC LTD,Slough,,Worker (A rating),Skilled Worker,logistics_transport
The Travel Group Limited,Bedford,England,Worker (A rating),Skilled Worker,logistics_transport
THE TRAVEL HOUSE LTD,West Drayton,,Worker (A rating),Skilled Worker,logistics_transport
The Travel Team,Leicester,,Worker (A rating),Global Business Mobility: Senior or Specialist Worker; Skilled Worker,logistics_transport
The Warehouse Project (Manchester) Limited,Manchester,,Temporary Worker (A rating),Creative Worker,logistics_transport
Theobolds Coaches & Holidays Limited,luton,Bedfordshire,Worker (A rating),Skilled Worker,logistics_transport
Thind Courier Ltd,hounslow,,Worker (A rating),Skilled Worker,logistics_transport
Thurlestone Shipping Limited,LONDON,LONDON,Worker (A rating),Skilled Worker,logistics_transport
Thurston Aviation Ltd,Chirstchurch,Dorset,Worker (A rating),Skilled Worker,logistics_transport
Tianjin Airlines Co Ltd,Hounslow,,Worker (A rating),Global Business Mobility: Senior or Specialist Worker; Skilled Worker,logistics_transport
TIGER'S COURIER SERVICES LIMITED,Birmingham,West Midlands,Worker (A rating),Skilled Worker,logistics_transport
TIME SAVER DELIVERY LTD,Leicester,,Worker (A rating),Skilled Worker,logistics_transport
Time Shipping Limited,London,Greater London,Worker (A rating),Skilled Worker; Global Business Mobility: Senior or Specialist Worker,logistics_transport
Times Travel Limited,London,,Worker (A rating),Skilled Worker,logistics_transport
Times Travel UK Ltd,Birmingham,,Worker (A rating),Skilled Worker,logistics_transport
Tinyminy Ltd T/a Theatis Logistics,Leicestershire,,Worker (A rating),Skilled Worker,logistics_transport
Titan Haulage Ltd,Maidenhead,,Worker (A rating),Skilled Worker,logistics_transport
TJ Aviation Ltd,Crawley,West Sussex,Worker (A rating),Skilled Worker,logistics_transport
TLC Cabs LTD,Leicester,Leicestershire,Worker (A rating),Skilled Worker,logistics_transport
TLC Travel LTD,Bradford,West Yorkshire,Worker (A rating),Skilled Worker,logistics_transport
TMK DELIVERY SERVICE LTD,Stoke-On-Trent,,Worker (A rating),Skilled Worker,logistics_transport
TMM COURIER LTD,Nelson,,Worker (A rating),Skilled Worker,logistics_transport
TOMOV TRANSPORT LIMITED,illford,,Worker (A rating),Skilled Worker,logistics_transport
Toor Haulage Limited,Coalville,Leicestershire,Worker (A rating),Skilled Worker,logistics_transport
Top 1 Logistics Limited,Wolverhampton,,Worker (A rating),Skilled Worker,logistics_transport
Topcast Aviation Europe Ltd,Hemel Hempstead,Hertfordshire,Worker (A rating),Skilled Worker,logistics_transport
TOWER LOGISTICS LIMITED,SLOUGH,,Worker (A rating),Skilled Worker,logistics_transport
Trans Global Freight Management Limited,Greenhithe,Kent,Worker (A rating),Skilled Worker,logistics_transport
Transglobbal Aviation Limited T/A Transglobbal Plumstead - Travel Agent,London,,Worker (A rating),Skilled Worker,logistics_transport
Transol Logistics Limited,Nuneaton,,Worker (A rating),Skilled Worker,logistics_transport
TRANSPORT ETA LTD,LONDON,,Worker (A rating),Skilled Worker,logistics_transport
Transport Exchange Group,London,,Worker (A rating),Skilled Worker,logistics_transport
Transport for London,London,,Temporary Worker (A rating); Worker (A rating),Creative Worker; Skilled Worker,logistics_transport
Transport for the North,Manchester,,Worker (A rating),Skilled Worker,logistics_transport
Transport for Wales,Pontypridd,RCT,Worker (A rating),Skilled Worker,logistics_transport
Transport Intelligence Limited,Cambridge,Cambridgeshire,Worker (A rating),Skilled Worker,logistics_transport
Transport Planning Practice Limited,London,,Worker (A rating),Skilled Worker,logistics_transport
Transport UK London Bus Limited,London,,Worker (A rating),Skilled Worker,logistics_transport
Transportation & Logistics Experts Ltd,Livingston,,Worker (A rating),Skilled Worker,logistics_transport
TRANSPORTER MK LIMITED,Buckinghamshire,,Worker (A rating),Skilled Worker,logistics_transport
Transportify Limited,Uxbridge,,Worker (A rating),Skilled Worker,logistics_transport
Transports MARI Limited,London,,Worker (A rating),Skilled Worker,logistics_transport
Transtour Travel Ltd,London,,Worker (A rating),Global Business Mobility: UK Expansion Worker; Skilled Worker,logistics_transport
TRAVEL 24 LIMITED T/A 24-7 CARS BEDFORD,Bedford,,Worker (A rating),Skilled Worker,logistics_transport
Travel and Tourism Marketing Ltd,Bromley,Kent,Worker (A rating),Skilled Worker,logistics_transport
Travel Basket Limited,Reading,,Worker (A rating),Skilled Worker,logistics_transport
Travel Cashier Limited,London,,Worker (A rating),Skilled Worker,logistics_transport
TRAVEL CONSOL LIMITED,LONDON,,Worker (A rating),Skilled Worker,logistics_transport
Travel Counsellors LTD,Manchester,,Worker (A rating),Skilled Worker,logistics_transport
Travel Desk Limited,London,,Worker (A rating),Skilled Worker,logistics_transport
Travel Express 247 Ltd,Stoke on Trent,,Worker (A rating),Skilled Worker,logistics_transport
Travel For Success Ltd,Ilford,,Worker (A rating),Skilled Worker,logistics_transport
TRAVEL GUARD EMEA LIMITED,Brighton,,Worker (A rating),Skilled Worker,logistics_transport
Travel Hub Limited,Wembley,,Worker (A rating),Skilled Worker,logistics_transport
TRAVEL LINK WORLDWIDE LIMITED,London,England,Worker (A rating),Skilled Worker,logistics_transport
Travel My World Ltd,Birmingham,West Midlands,Worker (A rating),Skilled Worker,logistics_transport
TRAVEL PLANNERS UK LTD,Banbury,,Worker (A rating),Skilled Worker,logistics_transport
Travel Republic Limited,Surrey,,Worker (A rating),Skilled Worker,logistics_transport
TRAVEL SQUARE LTD,NOTTINGHAM,,Worker (A rating),Skilled Worker,logistics_transport
TRAVEL TIME GLOBAL LTD,LONDON,,Worker (A rating),Skilled Worker,logistics_transport
TRAVEL UNIQUE 1 LIMITED,Birmingham,,Worker (A rating),Skilled Worker,logistics_transport
TRAVEL UNIQUE LTD,Birmingham,,Worker (A rating),Skilled Worker,logistics_transport
Travel Up Group PLC,Reading,Berkshire,Worker (A rating),Global Business Mobility: Senior or Specialist Worker; Skilled Worker,logistics_transport
TRAVEL VOGUE LIMITED,Leatherhead,,Worker (A rating),Skilled Worker,logistics_transport
TRAVEL XPRESS LTD,SHIPLEY,,Worker (A rating),Skilled Worker,logistics_transport
Travel Zone Intl Ltd,Stockton-On-Tees,,Worker (A rating),Skilled Worker,logistics_transport
Travix Travel UK Ltd,London,,Worker (A rating),Skilled Worker; Global Business Mobility: Senior or Specialist Worker,logistics_transport
Trek Logistics,Clacton on Sea,Essex,Worker (A rating),Skilled Worker,logistics_transport
Tructyre Fleet Management Limited,Gateshead,,Worker (A rating),Global Business Mobility: Senior or Specialist Worker; Skilled Worker,logistics_transport
TSAKOS SHIPPING (LONDON) LIMITED,London,,Worker (A rating),Skilled Worker,logistics_transport
TSK TRANSPORTS LTD,Hayes,,Worker (A rating),Skilled Worker,logistics_transport
TSP TRANSPORT LTD,Nottingham,,Worker (A rating),Skilled Worker,logistics_transport
TUI Travel Limited,Luton,Bedfordshire,Temporary Worker (A rating); Worker (A rating),Global Business Mobility: Graduate Trainee; Skilled Worker; Global Business Mobility: Senior or Specialist Worker,logistics_transport
Tunnel Travel Limited,Huddersfield,,Worker (A rating),Skilled Worker,logistics_transport
TURBO SPEED LOGISTICS LTD,Bristol,,Worker (A rating),Skilled Worker,logistics_transport
TURK TRANSPORT (UK) LIMITED,Amersham,Buckinghamshire,Worker (A rating),Skilled Worker,logistics_transport
Turkish Airlines Inc,London,,Worker (A rating),Global Business Mobility: Senior or Specialist Worker,logistics_transport
Turtle Trans Logistics Ltd,London,Newham,Worker (A rating),Skilled Worker,logistics_transport
TURTLE TRANSPORT U.K. LIMITED,Bilston,West Midlands,Worker (A rating),Skilled Worker,logistics_transport
Tylos Logistics Limited,Milton Keynes,,Worker (A rating),Skilled Worker,logistics_transport
TYNESIDE FLEET LIMITED,Newcastle Upon Tyne,,Worker (A rating),Skilled Worker,logistics_transport
U R DERDER TRAVEL LTD,Sutton,,Worker (A rating),Skilled Worker,logistics_transport
U Travel 350 LTD,Blackburn,,Worker (A rating),Skilled Worker,logistics_transport
UCH Logistics Limited,Slough,,Worker (A rating),Skilled Worker,logistics_transport
UK CABS LTD,Leicestershire,,Worker (A rating),Skilled Worker,logistics_transport
UK CARGO SERVICES LIMITED,London,,Worker (A rating),Skilled Worker,logistics_transport
UK TRAVEL BIRMINGHAM LTD,Birmingham,Westmidlands,Worker (A rating),Skilled Worker,logistics_transport
UK Travel Services(GB) Ltd,London,,Worker (A rating),Skilled Worker,logistics_transport
UKO SHIPPING LTD,ALTON,,Worker (A rating),Skilled Worker,logistics_transport
Ultimate Transport Services Limited t/a Ultimate Mini Buses,"Billericay,",,Worker (A rating),Skilled Worker,logistics_transport
UNICORN SHIPPING LIMITED,Heathrow,,Worker (A rating),Skilled Worker,logistics_transport
Unifi Aviation UK Ltd,Kidlington,,Worker (A rating),Skilled Worker,logistics_transport
UNIPAC SHIPPING (UK) LTD,Staplehurst,,Worker (A rating),Skilled Worker,logistics_transport
UNIQUE HAULAGE LTD,Gravesend,,Worker (A rating),Skilled Worker,logistics_transport
United Airlines Inc,Hounslow,,Worker (A rating),Global Business Mobility: Senior or Specialist Worker; Skilled Worker,logistics_transport
United Derby Transport Ltd,Derby,,Worker (A rating),Skilled Worker,logistics_transport
United Freight Services Limited,London,,Worker (A rating),Skilled Worker,logistics_transport
UNITED KINGDOM COURIER SAME DAY LIMITED,Manchester,,Worker (A rating),Skilled Worker,logistics_transport
United Mice Travel Service UK Ltd,London,,Worker (A rating),Skilled Worker,logistics_transport
United Minibuses and Coaches Limited,Surrey,,Worker (A rating),Skilled Worker,logistics_transport
UNITY'S A&R TRANSPORT LTD,SOUTHALL,ENGLAND,Worker (A rating),Skilled Worker,logistics_transport
UNIVERSAL CABS LTD,Ipswich,,Worker (A rating),Skilled Worker,logistics_transport
Universal Courier Logistical Services Ltd,Willenhall,West Midlands,Worker (A rating),Skilled Worker,logistics_transport
Universal Delivery Solutions Limited,Heston,,Worker (A rating),Skilled Worker,logistics_transport
Universal Transport Ltd,Telford,,Worker (A rating),Skilled Worker,logistics_transport
USSTAD HAULAGE LTD,Wolverhamton,West Midlands,Worker (A rating),Skilled Worker,logistics_transport
Uzbekistan Airways,London,,Worker (A rating),Skilled Worker; Global Business Mobility: Senior or Specialist Worker,logistics_transport
V Global Logistics Limited,Uxbridge,,Worker (A rating),Skilled Worker,logistics_transport
VALE TRAVEL LTD,AYLESBURY,BUCKS,Worker (A rating),Skilled Worker,logistics_transport
Vanguard Logistics Services Limited,Maldon,Essex,Worker (A rating),Global Business Mobility: Senior or Specialist Worker; Skilled Worker,logistics_transport
VANLINK LOGISTICS LTD,Wolverhampton,,Worker (A rating),Skilled Worker,logistics_transport
VAR Logistics Ltd,Witney,,Worker (A rating),Skilled Worker,logistics_transport
VAYU AVIATION SERVICES LTD,SLOUGH,,Worker (A rating),Skilled Worker,logistics_transport
VBS LOGISTICS LTD,AYLESBURY,BUCKINGHAMSHIRE,Worker (A rating),Skilled Worker,logistics_transport
Ventur Travel Limited,Leeds,Select State,Worker (A rating),Skilled Worker,logistics_transport
VEO LOGISTICS LTD,LUTON,,Worker (A rating),Skilled Worker,logistics_transport
Verta Logistics Ltd,Southall,,Worker (A rating),Skilled Worker,logistics_transport
VERTEX LOGISTICS LTD,MIDDLESBROUGH,CLEVELAND,Worker (A rating),Skilled Worker,logistics_transport
Via Transportation UK Ltd.,London,,Worker (A rating),Global Business Mobility: Senior or Specialist Worker; Skilled Worker,logistics_transport
VIANOVA SHIPPING (UK) LTD,London,Greater London,Worker (A rating),Skilled Worker,logistics_transport
VIBRANT WORLD LOGISTICS LTD,Brentford,,Worker (A rating),Skilled Worker,logistics_transport
Victoria Travel Limited,Leamington Spa,Warwickshire,Worker (A rating),Skilled Worker,logistics_transport
Vietnam Airlines,London,,Worker (A rating),Global Business Mobility: Senior or Specialist Worker,logistics_transport
Vinayak Transport,Rowley Regis,West Midlands,Worker (A rating),Skilled Worker,logistics_transport
Virgin Atlantic Airways Ltd,Crawley,West Sussex,Worker (A rating),Global Business Mobility: Senior or Specialist Worker; Skilled Worker,logistics_transport
Vision Warehouse Limited,Middlesex,,Worker (A rating),Skilled Worker,logistics_transport
Viva Xpress Logistics (UK) Limited,Hayes,,Worker (A rating),Skilled Worker,logistics_transport
VIVEK TRANSPORT LTD,Tilbury,,Worker (A rating),Skilled Worker,logistics_transport
Volare Aviation Ltd,Kidlington,OXON,Worker (A rating),Skilled Worker,logistics_transport
VOYA TRAVEL LIMITED,London,,Worker (A rating),Skilled Worker,logistics_transport
WALIA TRANSPORT LIMITED,Dudley,,Worker (A rating),Skilled Worker,logistics_transport
Walter Carefoot & Sons (Transport) Ltd,Preston,Lancashire,Worker (A rating),Skilled Worker,logistics_transport
Warehouse Express Ltd,Norwich,Norfolk,Worker (A rating),Skilled Worker,logistics_transport
Warrior Warehouses Limited,Camborne,Cornwall,Worker (A rating),Skilled Worker,logistics_transport
WELL'COM RAIL UK LTD,London,,Worker (A rating),Global Business Mobility: Senior or Specialist Worker; Skilled Worker,logistics_transport
WESTERN FREIGHT AND LOGISTICS LIMITED,London,,Worker (A rating),Skilled Worker,logistics_transport
WH Smith Travel Limited,Swindon,,Worker (A rating),Skilled Worker,logistics_transport
White Bird Logistics and Warehousing Ltd,Wollaston,,Worker (A rating),Skilled Worker,logistics_transport
White Logistics and Storage Limited,Pershore,Worcestershire,Worker (A rating),Skilled Worker,logistics_transport
WILDER LOGISTICS LIMITED,Berkshire,colnbook,Worker (A rating),Skilled Worker,logistics_transport
William Cook Rail Limited,Sheffield,,Worker (A rating),Skilled Worker,logistics_transport
Willis Aviation Services Limited,Darlington,,Worker (A rating),Skilled Worker,logistics_transport
Window Cleaning Warehouse Ltd,Barry,,Worker (A rating),Skilled Worker,logistics_transport
Windward Shipping (London) Ltd,London,,Worker (A rating),Skilled Worker,logistics_transport
WING AVIATION UK LIMITED,LONDON,,Worker (A rating),Global Business Mobility: Senior or Specialist Worker; Skilled Worker,logistics_transport
Wings Travel Management Ltd (t/a Wings Global Travel),London,,Worker (A rating),Skilled Worker,logistics_transport
WMK HAULAGE LTD,Hounslow,England,Worker (A rating),Skilled Worker,logistics_transport
Worcester Elite Travel Ltd,Worcester,,Worker (A rating),Skilled Worker,logistics_transport
Worcester Fleet Management Ltd,Bromsgrove,,Worker (A rating),Skilled Worker,logistics_transport
World Asia Logistics Ltd,Feltham,,Worker (A rating),Skilled Worker,logistics_transport
World Nuclear Transport Ltd,London,,Worker (A rating),Skilled Worker; Global Business Mobility: Senior or Specialist Worker,logistics_transport
World Shipping Council Limited,London,,Worker (A rating),Skilled Worker,logistics_transport
World Star Aviation Limited,London,,Worker (A rating),Skilled Worker,logistics_transport
WORLD TRAVEL & PRINTING,DERBY,,Worker (A rating),Skilled Worker,logistics_transport
World Travel & Tourism Council,London,,Worker (A rating),Skilled Worker,logistics_transport
World Travel Protection Limited,Uxbridge,England,Worker (A rating),Skilled Worker,logistics_transport
Worldwide Freight Logistics Ltd,London,,Worker (A rating),Skilled Worker,logistics_transport
Worldwide Travel LTD,Wolverhampton,West Midlands,Worker (A rating),Skilled Worker,logistics_transport
Xavpuech Ltd. T/A No.1 Fleet Street,Castle Douglas,Dumfries and Galloway,Worker (A rating),Skilled Worker,logistics_transport
XCEL LOGISTICS LIMITED,BASILDON,,Worker (A rating),Skilled Worker,logistics_transport
XGO Logistics Ltd,Orpington,,Worker (A rating),Skilled Worker,logistics_transport
XPO Transport Solutions UK Limited,Northampton,Northamptonshire,Worker (A rating),Skilled Worker,logistics_transport
XPRESS HAULAGE LTD,NOTTINGHAM,,Worker (A rating),Skilled Worker,logistics_transport
Yaar Haulage Limited,Preston,,Worker (A rating),Skilled Worker,logistics_transport
Yafi Travel and Tour Ltd,LONDON,,Worker (A rating),Skilled Worker,logistics_transport
Yamato Transport Europe B.V.,"Hounslow,",Middlesex,Worker (A rating),Global Business Mobility: Senior or Specialist Worker; Skilled Worker,logistics_transport
YDH International Logistics (UK) Limited,London,,Worker (A rating),Skilled Worker,logistics_transport
Yellow Cabs 2020 Ltd.,Swansea,,Worker (A rating),Skilled Worker,logistics_transport
Yellow Rail Limted,Derby,,Worker (A rating),Skilled Worker,logistics_transport
Yellow Zebra Travel Ltd,Kingston upon Thames,Surrey,Worker (A rating),Skilled Worker,logistics_transport
YEME LOGISTICS LTD,LEEDS,,Worker (A rating),Skilled Worker,logistics_transport
YES WE WILL DO COURIERS LTD,Harrow,,Worker (A rating),Skilled Worker,logistics_transport
YOGI COURIER & TRANSPORTATION LIMITED,Essex,,Worker (A rating),Skilled Worker,logistics_transport
YOURWAY TRANSPORT LTD,HOUNSLOW,,Worker (A rating),Skilled Worker,logistics_transport
YSA Logistics Ltd,London,,Worker (A rating),Skilled Worker,logistics_transport
YSD Logistics Limited,Feltham,,Worker (A rating),Skilled Worker,logistics_transport
Ysoma Logistics Ltd,Sunbury-On-Thames,Surrey,Worker (A rating),Skilled Worker,logistics_transport
Yusen Logistics (UK) Ltd,Northampton,,Worker (A rating),Global Business Mobility: Senior or Specialist Worker; Skilled Worker,logistics_transport
Z5 LOGISTICS LIMITED,London,,Worker (A rating),Skilled Worker,logistics_transport
ZA LOGISTICS LTD,NOTTINGHAM,,Worker (A rating),Skilled Worker,logistics_transport
ZAFAR AND MAZHAR TRANSPORT UK LIMITED,Dudley,,Worker (A rating),Skilled Worker,logistics_transport
ZAYAN TRAVEL & VISA SERVICES LTD,Walsall,,Worker (A rating),Skilled Worker,logistics_transport
ZC Transport Ltd,Hounslow,Middlesex,Worker (A rating),Skilled Worker,logistics_transport
Zeta Shipping UK Limited,Farnborough,Hampshire,Worker (A rating),Skilled Worker,logistics_transport
ZGB LOGISTICS LTD,Middlesbrough,England,Worker (A rating),Skilled Worker,logistics_transport
ZH Transport Limited,High Wycombe,,Worker (A rating),Skilled Worker,logistics_transport
ZIA LOGISTICS LIMITED,Wakefield,West Yorkshire,Worker (A rating),Skilled Worker,logistics_transport
ZII LOGISTICS LTD,London,,Worker (A rating),Skilled Worker,logistics_transport
Zoha Logistics ltd,Reading,Berkshire,Worker (A rating),Skilled Worker,logistics_transport
Zora Haulage Ltd,Wraysbury,,Worker (A rating),Skilled Worker,logistics_transport
Zouba Travel Limited,Edinburgh,Scotland,Worker (A rating),Skilled Worker,logistics_transport
ZR TRANSPORT SERVICES LTD,Hounslow,,Worker (A rating),Skilled Worker,logistics_transport
ZS DELIVERY SERVICES LTD,Luton,,Worker (A rating),Skilled Worker,logistics_transport
