name,town,county,rating,routes,sector
MULTIPLIER TECHNOLOGIES UK LTD,London,,Worker (A rating),Skilled Worker,tech
PAPRIS IT UK LTD,Wallington,,Worker (A rating),Skilled Worker,tech
Rotamat Limited trading as Huber Technology,"Chippenham,",Wiltshire,Worker (A rating),Skilled Worker,tech
[AI] INFINITI LIMITED,Croydon,England,Worker (A rating),Skilled Worker,tech
0xA Technologies Ltd,London,,Worker (A rating),Skilled Worker,tech
1 And 5 Tech Ltd,Slough,,Worker (A rating),Skilled Worker,tech
1 WAY TECH SOLUTIONS LIMITED,London,,Worker (A rating),Skilled Worker,tech
1001 AI Limited,London,,Worker (A rating),Skilled Worker,tech
10X Banking Technology Services Ltd,London,,Worker (A rating),Skilled Worker,tech
1416 DIGITAL LTD,London,,Worker (A rating),Skilled Worker,tech
1771 Technologies Limited,London,,Worker (A rating),Skilled Worker,tech
1st Cloud Accountants,Sunderland,Tyne and Wear,Worker (A rating),Skilled Worker,tech
1st Technologies Ltd,Preston,Lancashire,Worker (A rating),Skilled Worker,tech
1ST VISA INTERNATIONAL LIMITED,London,,Worker (A rating),Skilled Worker; Scale-up,tech
22one Technologies Limited,London,,Worker (A rating),Skilled Worker,tech
247 IT SERVICES LIMITED,Hamshire,Farnborough,Worker (A rating),Skilled Worker,tech
2BIT TECH LIMITED,London,,Worker (A rating),Skilled Worker,tech
2e Systems Ltd,Frimley,Surrey,Worker (A rating),Skilled Worker,tech
2SD Technologies Limited,London,,Worker (A rating),Skilled Worker,tech
345 TECHNOLOGY LIMITED,Portsmouth,,Worker (A rating),Skilled Worker,tech
360 Trading Networks UK Limited,London,,Worker (A rating),Global Business Mobility: Senior or Specialist Worker; Skilled Worker,tech
365 IT PRO LIMITED,London,,Worker (A rating),Skilled Worker,tech
3A Tech Limited T/A Tech Fix,Middlesbrough,North Yorkshire,Worker (A rating),Skilled Worker,tech
3A TELECOM CONSULTANCY LTD,London,,Worker (A rating),Skilled Worker,tech
3AK (Online) Limited,Bradford,,Worker (A rating),Skilled Worker,tech
3AK Online Limited,Bradford,,Worker (A rating),Skilled Worker,tech
3B DIGITAL LTD,LONDON,,Worker (A rating),Skilled Worker,tech
3D Systems Europe Ltd,Hemel Hempstead,Hertfordshire,Worker (A rating),Global Business Mobility: Senior or Specialist Worker; Skilled Worker,tech
3D Technical Design Limited,Milton Keynes,,Worker (A rating),Skilled Worker,tech
3dMD Technologies Limited,London,,Worker (A rating),Global Business Mobility: Senior or Specialist Worker; Skilled Worker,tech
3EN Cloud Ltd,Holywood,,Worker (A rating),Skilled Worker,tech
3Gi Technology Limited,Shenfield,,Worker (A rating),Skilled Worker,tech
3R Technology UK Ltd,Preston,Lancashire,Worker (A rating),Skilled Worker,tech
3X Tech Ltd,Potters Bar,Hertfordshire,Worker (A rating),Skilled Worker,tech
4 Net Technologies LTD (t/a FourNet),Manchester,Greater Manchester,Worker (A rating),Skilled Worker,tech
4 TECH SOLUTIONS LIMITED,Surrey,,Worker (A rating),Skilled Worker,tech
4-Site Power & Fibre Networks Ltd,Gosport,,Worker (A rating),Skilled Worker,tech
42 Technology Limited,Cambourne,Cambridge,Worker (A rating),Skilled Worker,tech
42Gears Mobility Systems (UK) Ltd,Manchester,Greater Manchester,Worker (A rating),Global Business Mobility: Senior or Specialist Worker; Skilled Worker,tech
4A Technologies Ltd,Hayes,Middlesex,Worker (A rating),Skilled Worker,tech
4C LABS LTD,London,,Worker (A rating),Skilled Worker,tech
4K Networks Ltd,London,,Worker (A rating),Skilled Worker,tech
4th Dimension Technology Ltd,Corsham,,Worker (A rating),Skilled Worker,tech
542 Digital Limited,London,,Worker (A rating),Skilled Worker,tech
5Y Technology Limited,Chelmsford,Essex,Worker (A rating),Skilled Worker,tech
64 COMPUTERS LTD,LONDON,MIDDLESEX,Worker (A rating),Skilled Worker,tech
6B Digital Limited,Wakefiled,West Yorkshire,Worker (A rating),Skilled Worker,tech
7Click Network Ltd,London,,Worker (A rating),Skilled Worker; Global Business Mobility: UK Expansion Worker,tech
7Hills Technologies Ltd,Newcastle-Under-Lyme,,Worker (A rating),Skilled Worker,tech
A Cloud Guru Ltd,Twickenham,,Worker (A rating),Global Business Mobility: Senior or Specialist Worker; Skilled Worker,tech
A J Digital Management Ltd,London,Greater London,Worker (A rating),Skilled Worker,tech
A K Software House Ltd,Birmingham,West Midlands,Worker (A rating),Skilled Worker,tech
A T & C PROFESSIONAL SYSTEMS LIMITED,London,,Worker (A rating),Skilled Worker,tech
A TECH HEATING LIMITED,Cumbernauld,N. Lanarkshire,Worker (A rating),Skilled Worker,tech
A Tech IT Services Ltd,MANCHESTER,,Worker (A rating),Skilled Worker,tech
A W Control Systems Ltd,Armagh,Armagh,Worker (A rating),Skilled Worker,tech
A&A Technology,BASINGSTOKE,Hampshire,Worker (A rating),Skilled Worker,tech
A&S NETWORK ENTERPRISES LTD,London,,Worker (A rating),Skilled Worker,tech
A-Lab Solutions Limited (T/A Reseo),London,,Worker (A rating),Skilled Worker,tech
A-TECH FABRICATIONS LIMITED,NEWTON AYCLIFFE,Co Durham,Worker (A rating),Skilled Worker,tech
A. C. Entertainment Technologies Ltd,High Wycombe,Bucks,Worker (A rating),Skilled Worker,tech
A.R.M TECHNOLOGIES LIMITED,Bournemouth,,Worker (A rating),Skilled Worker,tech
A.Z TECHNICAL LIMITED,TEDDINGTON,MIDDLESEX,Worker (A rating),Skilled Worker,tech
A1 Telecommunication Services Ltd,Reading,Berkshire,Worker (A rating),Skilled Worker,tech
A10 Networks Limited,Theale,,Worker (A rating),Skilled Worker,tech
A2Z Cloud Ltd.,Salisbury,Wiltshire,Worker (A rating),Skilled Worker,tech
A2Z SOFTWARE SOLUTIONS LIMITED,Northamptonshire,,Worker (A rating),Skilled Worker,tech
A2Z Technologies Ltd,Bristol,South Gloucestershire,Worker (A rating),Skilled Worker,tech
AA LAB FURNITURE LTD,London,,Worker (A rating),Skilled Worker,tech
AA ONLINE TRADING LTD,SALFORD,,Worker (A rating),Skilled Worker,tech
AA Technology Solutions Ltd,Redhill,Surrey,Worker (A rating),Skilled Worker,tech
AAA Mobiles & Computers Limited,Manchester,,Worker (A rating),Skilled Worker,tech
AAC Technologies (Scotland) Limited,Edinburgh,,Worker (A rating),Global Business Mobility: Senior or Specialist Worker; Skilled Worker,tech
Aadya IT Limited,Reading,,Worker (A rating),Skilled Worker,tech
AAI TECH LIMITED,Nottingham,,Worker (A rating),Skilled Worker,tech
Aalyria Technologies (UK) Limited,London,,Worker (A rating),Skilled Worker,tech
AAN TECHNOLOGIES LIMITED,NORTHWITCH,Cheshire,Worker (A rating),Skilled Worker,tech
AARNA CONNECT TECH SERVICES LTD T/A AARNA CONNECT,Slough,,Worker (A rating),Skilled Worker,tech
AARUN SOFTWARE LIMITED,Amersham,,Worker (A rating),Skilled Worker,tech
Aarvn IT Ltd,Chester,,Worker (A rating),Skilled Worker,tech
AARYA TECHNOLOGIES LTD,Wokingham,,Worker (A rating),Skilled Worker,tech
AARYAN MOBILE AND COMPUTER SERVICES LIMITED,"London,",United Kingdom,Worker (A rating),Skilled Worker,tech
AASEYA SOFTWARE SERVICES (UK)  LTD,Steyning,West Sussex,Temporary Worker (A rating); Worker (A rating),Global Business Mobility: Graduate Trainee; Global Business Mobility: Senior or Specialist Worker; Skilled Worker,tech
AAYS Technologies UK Limited,Townfield,Rickmansworth,Worker (A rating),Skilled Worker,tech
Ab Initio Software Limited,Weybridge,Surrey,Worker (A rating),Skilled Worker,tech
AB SOFTWARE SOLUTIONS LTD,LUTON,,Worker (A rating),Skilled Worker,tech
Abacus Information Technology UK Limited,London,,Worker (A rating),Global Business Mobility: Senior or Specialist Worker; Skilled Worker,tech
Abelon Systems Limited,Edinburgh,,Worker (A rating),Skilled Worker,tech
ABI TECHNOLOGY LIMITED,Chalfont St. Giles,England,Worker (A rating),Skilled Worker,tech
ABL Software Limited,Petersfield,Hampshire,Worker (A rating),Skilled Worker,tech
Able Systems Limited,Northwich,Cheshire,Worker (A rating),Skilled Worker,tech
ABM DIGITAL ACCOUNTANTS LTD,Lonodn,,Worker (A rating),Skilled Worker,tech
Abnormal AI UK Ltd,London,,Worker (A rating),Skilled Worker,tech
Abrasive Technology Limited,Colwyn Bay,Wales,Worker (A rating),Global Business Mobility: Senior or Specialist Worker; Skilled Worker,tech
Abridge Systems Limited,Chelmsford,,Worker (A rating),Skilled Worker,tech
ABS AUTOMATION SYSTEMS LIMITED,Reading,,Worker (A rating),Skilled Worker,tech
Absolutdata Analytics UK Limited,Harpenden,Hertforshire,Worker (A rating),Global Business Mobility: Senior or Specialist Worker; Skilled Worker,tech
ABSOLUTE RISK TECHNOLOGY LIMITED,NOTTINGHAM,,Worker (A rating),Skilled Worker,tech
ABSORB SOFTWARE UK LTD,Huntingdon,Cambridgeshire,Worker (A rating),Skilled Worker,tech
Abstract Tech Limited,Leeds,,Worker (A rating),Skilled Worker,tech
ACA Systems Support limited,Sunderland,Tyne And Wear,Worker (A rating),Skilled Worker,tech
Acacia Systems Pty Ltd,Putney,London,Worker (A rating),Global Business Mobility: UK Expansion Worker,tech
ACCEL SOFTWARE SERVICES LIMITED,GREATER MANCHESTER,,Worker (A rating),Skilled Worker,tech
Accentor IT Solutions Limited,Chelmsford,Essex,Worker (A rating),Skilled Worker,tech
Accentra Technologies Ltd,London,,Worker (A rating),Global Business Mobility: Senior or Specialist Worker; Skilled Worker,tech
ACCESSIA TECHNOLOGY LIMITED,UXBRIDGE,,Worker (A rating),Skilled Worker,tech
accesso Technology Group,Ruscombe Business Park,Berkshire,Worker (A rating),Skilled Worker; Global Business Mobility: Senior or Specialist Worker,tech
Accion Labs (UK) Limited,Radlett,Hertfordshire,Worker (A rating),Global Business Mobility: Senior or Specialist Worker; Skilled Worker,tech
Acciva Techno Soft Limited,Eastham,London,Worker (A rating),Skilled Worker,tech
Accolite Labs Europe Limited,London,,Worker (A rating),Global Business Mobility: Senior or Specialist Worker; Skilled Worker,tech
Accord IT Ltd,Hatfield,Hertfordshire,Worker (A rating),Skilled Worker,tech
Accosoft Technologies Ltd,London,,Worker (A rating),Skilled Worker,tech
Accounting Office Software Ltd.,Neath,Port Talbot,Worker (A rating),Skilled Worker,tech
Accounts Computers Ltd,Sevenoaks,Kent,Worker (A rating),Skilled Worker,tech
Acctax (Online) Ltd,Manchester,,Worker (A rating),Skilled Worker,tech
Accu Technology UK Ltd,Oxford,,Worker (A rating),Global Business Mobility: Senior or Specialist Worker; Skilled Worker,tech
ACE ANALYTICS LIMITED,London,,Worker (A rating),Skilled Worker,tech
ACE IT Solutions Ltd,Orpington,,Worker (A rating),Skilled Worker,tech
Ace Software Solutions Ltd,London,London,Worker (A rating),Skilled Worker,tech
Ace Tech Repairs Limited,Pudsey,,Worker (A rating),Skilled Worker,tech
Ace Technologies Limited,"Newbury Park, Illford",,Worker (A rating),Skilled Worker,tech
ACLAS Technics Ltd,Livingston,West Lothian,Worker (A rating),Skilled Worker,tech
ACO Technologies plc,Shefford,,Worker (A rating),Skilled Worker,tech
Acorn IT Systems Ltd,Reading,Berkshire,Worker (A rating),Skilled Worker,tech
ACS-TECH LIMITED,COVENTRY,,Worker (A rating),Skilled Worker,tech
Active Information Systems Limited,Chichester,West Sussex,Worker (A rating),Skilled Worker,tech
ACTIVE TECH LTD,Romford,,Worker (A rating),Skilled Worker,tech
Actuation Lab,Bristol,,Worker (A rating),Skilled Worker,tech
Acuiti Labs Limited,London,,Worker (A rating),Global Business Mobility: Senior or Specialist Worker; Skilled Worker,tech
Acumen Software Ltd,Northampton,,Worker (A rating),Skilled Worker,tech
Acuvate Software Ltd,London,,Worker (A rating),Global Business Mobility: Senior or Specialist Worker; Skilled Worker,tech
AD Data Analytics Ltd,Peterborough,,Worker (A rating),Skilled Worker,tech
Ad Systems UK Ltd,Blackpool,,Worker (A rating),Skilled Worker,tech
AD Technologies Ltd,Reading,,Worker (A rating),Skilled Worker,tech
Ada Web (UK) Limited,London,,Worker (A rating),Skilled Worker,tech
Adam Mathew Digital Limited,Marlborough,,Worker (A rating),Skilled Worker,tech
Adaptech AI LTD,London,London,Worker (A rating),Skilled Worker,tech
ADAPTOGENIC LAB LTD,London,,Worker (A rating),Skilled Worker,tech
ADB Safegate Airport Systems UK Ltd,Manchester,,Worker (A rating),Skilled Worker,tech
Adder Technology Limited,Cambridge,Leicestershire,Worker (A rating),Skilled Worker,tech
Addfield Environmental Systems Ltd,Burntwood,Staffordshire,Worker (A rating),Skilled Worker,tech
Address Intelligence Technologies Limited,London,,Worker (A rating),Skilled Worker,tech
Adelante Software Ltd,Maidenhead,Berkshire,Worker (A rating),Skilled Worker,tech
Adex International Technologies Ltd,Folkestone,Kent,Worker (A rating),Skilled Worker,tech
ADI TECHNOLOGY LIMITED,Basingstoke,Hampshire,Worker (A rating),Skilled Worker,tech
Adjust Software Limited,Watford,,Worker (A rating),Skilled Worker; Global Business Mobility: Senior or Specialist Worker,tech
ADM COMPUTING,CANTERBURY,KENT,Worker (A rating),Skilled Worker,tech
ADMISSION NETWORK LTD,London,,Worker (A rating),Skilled Worker,tech
Adobe Systems Europe Limited,Reading,,Worker (A rating),Global Business Mobility: Senior or Specialist Worker; Skilled Worker,tech
ADP Security Systems Limited,Petersfield,Hampshire,Worker (A rating),Skilled Worker,tech
Adsum Technologies Ltd,London,,Worker (A rating),Skilled Worker,tech
Adtran Networks (UK) Limited,York,North Yorkshire,Worker (A rating),Skilled Worker,tech
ADVANCE AI LTD,Abbotsley,Cambridgeshire,Worker (A rating),Skilled Worker; Global Business Mobility: Senior or Specialist Worker,tech
Advance Automated Systems Limited,Newton Aycliffe,Durham,Worker (A rating),Skilled Worker,tech
ADVANCE WATER TREATMENT TECHNOLOGIES LIMITED,Leighton Buzzard,,Worker (A rating),Skilled Worker,tech
Advanced Auto Technik Limited,Slough,Berkshire,Worker (A rating),Skilled Worker,tech
ADVANCED DESIGN TECHNOLOGY LIMITED,LONDON,,Worker (A rating),Skilled Worker,tech
Advanced Infrastructure Technology Limited,Nantwich,,Worker (A rating),Skilled Worker,tech
Advanced Labelling Systems Limited,Thame,Oxfordshire,Worker (A rating),Skilled Worker,tech
Advanced Manufacturing Control Systems (UK) Ltd,Nuneaton,,Worker (A rating),Global Business Mobility: Senior or Specialist Worker; Skilled Worker,tech
Advanced Secure Technologies Ltd,Cardiff,South Glamorgan,Worker (A rating),Skilled Worker,tech
ADVANCED TECHNOLOGY FOR INFORMATION SYSTEMS SOLUTIONS UK LIMITED (15373821),ENGLAND,,Worker (A rating),Global Business Mobility: UK Expansion Worker,tech
Advanced Technology Services UK Limited,London,,Worker (A rating),Skilled Worker,tech
Advanced Tooling Systems UK Ltd,MAIDSTONE,Kent,Worker (A rating),Skilled Worker,tech
Advanced Vision Technology Limited,Marlow,Buckinghamshire,Worker (A rating),Skilled Worker,tech
Advanced Visualisation Technologies Ltd T/A Digital Autopsy UK,Sheffield,,Worker (A rating),Skilled Worker,tech
Advancing Analytics Ltd,London,,Worker (A rating),Skilled Worker,tech
Advantage Business Systems Limited,London,London,Worker (A rating),Skilled Worker,tech
Advantex Network Solutions Limited,Gateshead,Tyne and Wear,Worker (A rating),Skilled Worker,tech
Advent Data Solutions Ltd,Stanmore,Middlesex,Worker (A rating),Skilled Worker,tech
Advice Cloud Limited,Brighton,East Sussex,Worker (A rating),Skilled Worker,tech
ADZ NETWORK LTD T/A Chillies Tandoori,London,,Worker (A rating),Skilled Worker,tech
AEC SYSTEMS LTD,London,,Worker (A rating),Skilled Worker,tech
AECOM ENGINEERING TECHNOLOGY SERVICES LTD,London,,Worker (A rating),Skilled Worker,tech
AEG Technologies Limited T/A Connect,London,,Worker (A rating),Skilled Worker,tech
AEI SYSTEMS LIMITED,Uxbridge,,Worker (A rating),Skilled Worker,tech
AEM BUSINESS LTD T/A FLUIDS LABS,SOMERSET,,Worker (A rating),Skilled Worker,tech
Aera Technology Limited,London,,Worker (A rating),Skilled Worker,tech
AeroCloud Systems Limited,Stockport,,Worker (A rating),Skilled Worker,tech
Aerofin IT Solutions and Consulting Services Limited,Feltham,Middlesex,Worker (A rating),Skilled Worker,tech
Aesthetic Technology Ltd,Warrington,Cheshire,Worker (A rating),Skilled Worker,tech
AFA Telecoms Limited,Blackburn,,Worker (A rating),Skilled Worker,tech
Afferent Software Limited,Brighton,,Worker (A rating),Skilled Worker,tech
Affiniti AI Limited,London,,Worker (A rating),Skilled Worker,tech
AFFINITY LABS LTD,London,,Worker (A rating),Skilled Worker,tech
Affluent Technology Limited,Coventry,West Midlands,Worker (A rating),Skilled Worker,tech
Afiniti Europe Technologies Limited,London,,Worker (A rating),Global Business Mobility: Senior or Specialist Worker; Skilled Worker,tech
AFL Telecommunications UK Limited,Milton Keynes,Buckinghamshire,Worker (A rating),Global Business Mobility: Senior or Specialist Worker; Skilled Worker,tech
"Aflorithmic Labs, Ltd.",London,Bermondsey,Worker (A rating),Skilled Worker,tech
Afon Technology Ltd,Caldicot,Monmouthshire,Worker (A rating),Skilled Worker,tech
African Culture Arts and Sport Network,Romford,Essex,Temporary Worker (A rating),Creative Worker,tech
AFX Mixing and Pumping Technologies Ltd,Poole,Dorset,Worker (A rating),Skilled Worker,tech
AG Consultancy & Apps Ltd,Slough,Berkshire,Worker (A rating),Skilled Worker,tech
AG IT Consultancy Limited,Amersham,,Worker (A rating),Skilled Worker,tech
AG Technologies LTD,London,,Worker (A rating),Skilled Worker,tech
Agaricus Robotics Ltd,Lincoln,Lincolnshire,Worker (A rating),Skilled Worker,tech
AGC TELECOMS LTD.,Luton,Beds,Worker (A rating),Skilled Worker,tech
AGEMO AI LTD,Cheshire,,Worker (A rating),Skilled Worker,tech
AGENCY SOFTWARE WORLDWIDE LTD,HADLOW,TONBRIDGE,Worker (A rating),Skilled Worker,tech
Agent Software Limited,Manchester,,Worker (A rating),Skilled Worker,tech
Agile and IT Digital Services Limited,Brentford,,Worker (A rating),Skilled Worker,tech
Agile Cyber Solutions Limited,London,,Worker (A rating),Skilled Worker,tech
AGILENT TECHNOLOGIES LDA UK LIMITED,Cheshire,,Worker (A rating),Global Business Mobility: Senior or Specialist Worker; Skilled Worker,tech
Agilico Workplace Technologies,London,,Worker (A rating),Skilled Worker,tech
Agilio Software Bidco Ltd.,Sheffield,,Worker (A rating),Skilled Worker; Global Business Mobility: Senior or Specialist Worker,tech
Agio AI UK Limited,Belfast,,Worker (A rating),Skilled Worker,tech
Agoe Empowerment Network CIO,LONDON,WANDSWORTH,Temporary Worker (A rating),Charity Worker,tech
Agreena Technology Limited,London,,Worker (A rating),Global Business Mobility: Senior or Specialist Worker; Skilled Worker,tech
AGS Cyber,London,,Worker (A rating),Skilled Worker,tech
AH Technology Ltd,London,,Worker (A rating),Skilled Worker,tech
AH technology Ltd t/a Klyk,London,,Worker (A rating),Skilled Worker,tech
AHR IT & PROPERTIES LTD,Surbiton,,Worker (A rating),Skilled Worker,tech
AHS Systems Ltd,Southwater,West Sussex,Worker (A rating),Skilled Worker,tech
AHT COOLING SYSTEMS SUPERMARKET (UK) LIMITED,Milton Keynes,,Worker (A rating),Skilled Worker,tech
AI & CO LTD TA Flying Horse Restaurant,Markfield,,Worker (A rating),Skilled Worker,tech
AI Agency Group LTD T/A Apply AI,London,,Worker (A rating),Skilled Worker,tech
Ai Beauty LTD,London,,Worker (A rating),Skilled Worker,tech
AI BUILD LIMITED,LONDON,ENGLAND,Worker (A rating),Skilled Worker,tech
AI Computing Ltd,Ilford,,Worker (A rating),Skilled Worker,tech
AI CORPORATE LIMITED,Wednesbury,,Worker (A rating),Skilled Worker,tech
AI DATA LABS LTD,London,,Worker (A rating),Skilled Worker,tech
AI Digital Limited,Lincoln,,Worker (A rating),Skilled Worker,tech
AI Dizital Solutions LTD,Slough,Berkshire,Worker (A rating),Skilled Worker,tech
AI Exploration Ltd,Westhill,,Worker (A rating),Skilled Worker,tech
AI Foods Ltd,Birmingham,,Worker (A rating),Skilled Worker,tech
AI GEAR LTD,"Dundee, Scotland",,Worker (A rating),Skilled Worker,tech
AI MARKET LTD,London,England,Worker (A rating),Skilled Worker,tech
AI Pathfinder Inc Limited,London,,Worker (A rating),Skilled Worker,tech
Ai Process Systems Ltd,Barrowford,Lancashire,Worker (A rating),Skilled Worker,tech
AI Restaurants Ltd,Birmingham,,Worker (A rating),Skilled Worker,tech
Ai Tea Drinks Limited,Huddersfield,,Worker (A rating),Skilled Worker,tech
AI Tech Ltd,London,,Worker (A rating),Skilled Worker,tech
AI-Media UK B Ltd,London,,Worker (A rating),Skilled Worker; Global Business Mobility: Senior or Specialist Worker,tech
AI-PRIORI LTD,Burton on Trent,,Worker (A rating),Skilled Worker,tech
Aico Software Limited,Warwick,,Worker (A rating),Skilled Worker,tech
AIDEM TECHNOLOGIES LTD,London,,Worker (A rating),Skilled Worker; Global Business Mobility: Senior or Specialist Worker,tech
Aigo Digital Repairs,Manchester,,Worker (A rating),Skilled Worker,tech
AIMPOINT DIGITAL UK LIMITED,London,,Worker (A rating),Global Business Mobility: Senior or Specialist Worker; Skilled Worker,tech
AIMU TECH LTD,Rickmansworth,,Worker (A rating),Skilled Worker,tech
Aionex Technologies Ltd,London,,Worker (A rating),Skilled Worker,tech
Aios Technology Ltd,Nottingham,Nottinghamshire,Worker (A rating),Skilled Worker,tech
Air Aware Labs Ltd,London,,Worker (A rating),Skilled Worker,tech
Air IT Ltd,Sandiacre,Nottingham,Worker (A rating),Skilled Worker,tech
Air Technology Systems Ltd,Bromsgrove,West Midlands,Worker (A rating),Skilled Worker,tech
Aira Digital Limited,Milton Keynes,Buckinghamshire,Worker (A rating),Skilled Worker,tech
AIRBORNE ROBOTICS Ltd,"London, United Kingdom",-- State/Province --,Worker (A rating),Skilled Worker,tech
Airex Technologies Ltd,London,London,Worker (A rating),Skilled Worker,tech
Airfield Lighting Systems UK Limited,Wickford,Essex,Worker (A rating),Skilled Worker,tech
AIRHUB SYSTEMS LTD,London,,Worker (A rating),Skilled Worker,tech
Airportr Technologies Ltd,London,,Worker (A rating),Skilled Worker,tech
AIRSYS COMMUNICATIONS TECHNOLOGY LIMITED,Romsey,Hampshire,Worker (A rating),Global Business Mobility: Senior or Specialist Worker; Skilled Worker,tech
AIRX TECHNOLOGIES LIMITED,London,,Worker (A rating),Skilled Worker,tech
AIRY TECH LIMITED,London,,Worker (A rating),Skilled Worker,tech
AIT TECH LIMITED,London,,Worker (A rating),Skilled Worker,tech
AJ TECH SERVICES LTD,London,,Worker (A rating),Skilled Worker,tech
AJK Telecoms Limited,Ilford,,Worker (A rating),Skilled Worker,tech
Akamai Technologies Limited,London,,Worker (A rating),Skilled Worker; Global Business Mobility: Senior or Specialist Worker,tech
Akashi Digital Limited,London,,Worker (A rating),Skilled Worker,tech
Akeron Software UK Ltd,London,,Worker (A rating),Skilled Worker,tech
Akhil Tech Limited,Tunbridge Wells,,Worker (A rating),Skilled Worker,tech
AKM COMPUTER LIMITED,LONDON,,Worker (A rating),Skilled Worker,tech
Akoni Technologies Ltd.,Reading,,Worker (A rating),Skilled Worker,tech
Aksha Technologies Limited,Watford,Hertfordshire,Worker (A rating),Skilled Worker,tech
AKSYA TECHNOLOGIES LTD,LONDON,,Worker (A rating),Skilled Worker,tech
AL BURRAQ IT SERVICES LTD,BIRMINGHAM,,Worker (A rating),Skilled Worker,tech
Al Watani Telecom Ltd,Uxbridge,,Worker (A rating),Skilled Worker,tech
Alaraby Television Network Limited,Ealing,,Worker (A rating),Skilled Worker,tech
ALARIS THE RF TECHNOLOGY GROUP LTD,LINCOLN,Lincolnshire,Worker (A rating),Global Business Mobility: Senior or Specialist Worker; Skilled Worker,tech
Alator Data Services LTD,Dundee,Angus,Worker (A rating),Skilled Worker,tech
Albion System Limited,Altrincham,,Worker (A rating),Skilled Worker,tech
ALBYTECH IT SERVICES LTD,Orpington,,Worker (A rating),Skilled Worker,tech
Alcatel Submarine Networks UK Ltd,London,,Temporary Worker (A rating); Worker (A rating),Global Business Mobility: Graduate Trainee; Global Business Mobility: Senior or Specialist Worker; Skilled Worker,tech
Alchemie Technology Ltd,Duxford,,Worker (A rating),Skilled Worker,tech
Alchemy Software Ltd,Bexleyheath,,Worker (A rating),Skilled Worker,tech
Alchemy Technology Services Limited,Derry/Londonderry,,Worker (A rating),Skilled Worker,tech
Alcohol Monitoring Systems Limited,London,,Worker (A rating),Global Business Mobility: Senior or Specialist Worker; Skilled Worker,tech
Alderley Lighthouse Labs Ltd,CHEADLE,Greater Manchester,Worker (A rating),Skilled Worker,tech
Alderson Digital Ltd,London,,Worker (A rating),Skilled Worker,tech
Aldia Technologies LTD,LONDON,,Worker (A rating),Skilled Worker,tech
Aleti Software Systems Ltd,Newcastle Upon Tyne,,Worker (A rating),Skilled Worker,tech
Alexander Technologies Europe Limited,Peterlee,,Worker (A rating),Skilled Worker,tech
Alfa Financial Software Ltd,London,,Worker (A rating),Skilled Worker,tech
ALFOR AVIATION AND TECHNICAL SERVICES LIMITED,Bournemouth,,Worker (A rating),Skilled Worker,tech
Algiz Technology Limited,Birmingham,West Midlands,Worker (A rating),Skilled Worker,tech
Algorithms Software UK Ltd,London,,Worker (A rating),Skilled Worker; Global Business Mobility: Senior or Specialist Worker,tech
Alianza UK Technologies Limited,Cambridge,Cambridgeshire,Worker (A rating),Skilled Worker,tech
ALIBABA CLOUD (EUROPE) LIMITED,London,,Worker (A rating),Global Business Mobility: Senior or Specialist Worker; Skilled Worker,tech
ALIGHT FIRE SYSTEM LIMITED,Harrow,,Worker (A rating),Skilled Worker,tech
Align Technology UK Limited,Solihull,,Worker (A rating),Skilled Worker; Global Business Mobility: Senior or Specialist Worker,tech
Aligne Technologies Ltd,London,,Worker (A rating),Skilled Worker,tech
Aligned AI Limited,Thame,Oxfordshire,Worker (A rating),Skilled Worker,tech
All Eat App Network Technology Incorporated Ltd,Croydon,,Worker (A rating),Skilled Worker,tech
ALL.SPACE Networks Limited,Reading,Berkshire,Worker (A rating),Global Business Mobility: Senior or Specialist Worker; Skilled Worker,tech
Allied Automation And Software Solutions Limited,London,,Worker (UK Expansion Worker: Provisional ),Global Business Mobility: UK Expansion Worker,tech
Allied Computer UK Limited,Wembley,,Worker (A rating),Skilled Worker,tech
ALLIED COMPUTER UK LTD,Wembley,,Worker (A rating),Skilled Worker,tech
Allied Computers International Limited,WEMBLEY,,Worker (A rating),Skilled Worker,tech
Allied Digital Services UK Ltd,Lewins Mead,Bristol,Worker (A rating),Global Business Mobility: Senior or Specialist Worker; Skilled Worker,tech
Allied Hygiene Systems Ltd,Erith,Kent,Worker (A rating),Skilled Worker,tech
Allied Software Ltd,Glasgow,,Worker (A rating),Skilled Worker,tech
Alliot Technologies Limited,Huddersfield,West Yorkshire,Worker (A rating),Skilled Worker,tech
Allocate Software Ltd,Richmond,,Worker (A rating),Skilled Worker,tech
AllPoints Fibre Networks Limited,Reading,,Worker (A rating),Skilled Worker,tech
AllSee Technologies Ltd,Birmingham,West Midlands,Worker (A rating),Skilled Worker,tech
Allvue Systems Limited,London,,Worker (A rating),Global Business Mobility: Senior or Specialist Worker; Skilled Worker,tech
Allygrow Technologies UK Limited,Harrow,,Worker (A rating),Skilled Worker; Global Business Mobility: Senior or Specialist Worker,tech
Alp Technologies Ltd,London,,Worker (A rating),Skilled Worker,tech
Alpha and Omega Semiconductor (UK) Limited,Bishop's Stortford,Hertfordshire,Worker (A rating),Global Business Mobility: Senior or Specialist Worker; Skilled Worker,tech
ALPHA DATA PARALLEL SYSTEMS LTD,EDINBURGH,,Worker (A rating),Global Business Mobility: Senior or Specialist Worker; Skilled Worker,tech
Alpha Net IT Limited,Livingstone,,Worker (A rating),Skilled Worker,tech
ALPHA2 SOLUTIONS & SOFTWARE LIMITED,LONDON,,Worker (A rating),Skilled Worker,tech
ALPHALAKE TECHNOLOGIES LTD,Northampton,,Worker (A rating),Skilled Worker,tech
ALPHAN TECH SOLUTIONS LTD,Chatham,Kent,Worker (A rating),Skilled Worker,tech
Alpharithm Technologies Limited,London,,Worker (A rating),Skilled Worker; Global Business Mobility: Senior or Specialist Worker,tech
AlphaSense Technology Limited,London,,Worker (A rating),Global Business Mobility: Senior or Specialist Worker; Skilled Worker,tech
Alphatec Software Limited,Dodford,Northamptonshire,Worker (A rating),Skilled Worker,tech
Alphr Technology Ltd,Letchworth Garden City,Hertfordshire,Worker (A rating),Skilled Worker,tech
ALPIAN TECHNLOGIES LIMITED,LONDON,,Worker (A rating),Skilled Worker,tech
ALPS IT CONSULTANCY LIMITED,Hounslow,,Worker (A rating),Skilled Worker,tech
AlSaab Ltd t/a AlSaab Digital Ventures,London,,Worker (A rating),Skilled Worker,tech
Alt Labs Agency Limited,Middlesbrough,,Worker (A rating),Skilled Worker,tech
Altana Technologies UK Ltd,London,,Worker (A rating),Global Business Mobility: Senior or Specialist Worker; Skilled Worker,tech
ALTEN GLOBAL TECHNOLOGIES,"Cambridge,",,Worker (A rating),Global Business Mobility: Senior or Specialist Worker; Skilled Worker,tech
Alter Technology TUV NORD UK LTD,Livingston,,Worker (A rating),Skilled Worker,tech
Altera Semiconductor Technology UK Limited,Marlow,,Worker (A rating),Skilled Worker; Global Business Mobility: Senior or Specialist Worker,tech
"Alternative Loans Experience Technologies UK Limited, trading as Infinit",London,,Worker (A rating),Skilled Worker,tech
Altos Labs UK Limited,Great Abington,Cambridge,Worker (A rating),Skilled Worker; Global Business Mobility: Senior or Specialist Worker,tech
Altrix Technology Ltd,London,,Worker (A rating),Skilled Worker,tech
Altus Technologies Ltd,Horsham,,Worker (A rating),Skilled Worker,tech
Alula Technologies Ltd,London,,Worker (A rating),Global Business Mobility: Senior or Specialist Worker; Skilled Worker,tech
ALUMAN SYSTEMS UK LIMITED,London,,Worker (A rating),Skilled Worker,tech
ALWAYSSMILE ONLINE LTD,London,,Worker (A rating),Skilled Worker,tech
AM Insights Technology Limited,London,,Worker (A rating),Skilled Worker,tech
Amadeus IT Services UK Limited,Hounslow,Middlesex,Worker (A rating),Skilled Worker; Global Business Mobility: Senior or Specialist Worker,tech
Amadeus Software Limited,Oxon,,Worker (A rating),Skilled Worker,tech
Amaechi Performance Systems Ltd,Manchester,,Worker (A rating),Skilled Worker,tech
Aman Telecome Systems Ltd,Blackburn,,Worker (A rating),Skilled Worker,tech
Amber Labs,London,,Worker (A rating),Skilled Worker,tech
Amber Security Services and System Ltd,Hounslow,,Worker (A rating),Skilled Worker,tech
Ameba Systems Ltd,London,,Worker (A rating),Skilled Worker,tech
AMERICAN TECHNO CONTROLS LTD,Cheadle,,Worker (A rating),Global Business Mobility: Senior or Specialist Worker; Skilled Worker,tech
AMF Bakery Systems UK Ltd,Leeds,,Worker (A rating),Skilled Worker,tech
AMG Systems Ltd,Biggleswade,Bedfordshire,Worker (A rating),Skilled Worker,tech
Amiad Water Systems UK Limited,Bristol,,Worker (A rating),Global Business Mobility: Senior or Specialist Worker,tech
AMICABLE TECHNOLOGIES LIMITED,Newcastle Upon Tyne,,Worker (A rating),Skilled Worker,tech
Amina Technologies Ltd,Huntingdon,Cambridgeshire,Worker (A rating),Skilled Worker,tech
AML Analytics Ltd,Salisbury,Hampshire,Worker (A rating),Skilled Worker,tech
Amman CCTV Security System LTD,Coventry,,Worker (A rating),Skilled Worker,tech
AMMI SYSTEMS LIMITED,Belfast,Antrim,Worker (A rating),Skilled Worker,tech
AMORE MEDIA SYSTEMS LTD,Stourport-On-Severn,England,Worker (A rating),Skilled Worker,tech
Amphora Technologies Limited,Belfast,Antrim,Worker (A rating),Skilled Worker,tech
AMPLIFYR.AI LIMITED,London,,Worker (A rating),Skilled Worker,tech
Amplitude Analytics Limited,London,,Worker (A rating),Global Business Mobility: Senior or Specialist Worker; Skilled Worker,tech
AMR Technologies Ltd,Solihull,,Worker (A rating),Skilled Worker,tech
AMSUN IT LIMITED,COVENTRY,WestMidlands,Worker (A rating),Skilled Worker,tech
AMYGDA LABS LTD,Derby,Derbyshire,Worker (A rating),Skilled Worker,tech
AN INTELLIGENT NETWORK LTD,London,London,Worker (A rating),Skilled Worker,tech
Anaero Technology Ltd,Cambridge,Cambridgeshire,Worker (A rating),Skilled Worker,tech
Analog and Digital Solutions Limited,Kent,,Worker (A rating),Skilled Worker,tech
Analytics 8 LTD,London,,Worker (A rating),Skilled Worker,tech
Analytics Engines Limited,Belfast,,Worker (A rating),Skilled Worker,tech
Analytics Engines Ltd,Belfast,County Down,Worker (A rating),Skilled Worker,tech
Analytics SEO Limited,Bramshott,Hampshire,Worker (A rating),Skilled Worker,tech
Analytics SEO Limited (T/A Authoritas),Bramshott,Hampshire,Worker (A rating),Skilled Worker,tech
Analytics Sphere Ltd,London,,Worker (A rating),Skilled Worker,tech
Anansi Technology Limited,London,,Worker (A rating),Skilled Worker,tech
Ananya IT Services Ltd,Brentwood,,Worker (A rating),Skilled Worker,tech
Anchor Door Systems,London,,Worker (A rating),Skilled Worker,tech
AND Technology Research Limited,Epping,Essex,Worker (A rating),Skilled Worker,tech
Andor Technology,Belfast,Northern Ireland,Worker (A rating),Global Business Mobility: Senior or Specialist Worker; Skilled Worker,tech
Anemos-Analytics Ltd,Motherwell,,Worker (A rating),Skilled Worker,tech
Anera Labs UK Ltd,London,,Worker (A rating),Global Business Mobility: Senior or Specialist Worker; Skilled Worker,tech
Aneto Digital Services Ltd,Milton Keynes,Buckinghamshire,Worker (A rating),Skilled Worker,tech
ANKA TECH SOLUTIONS LTD,Coventry,,Worker (A rating),Skilled Worker,tech
Ankar.ai,London,,Worker (A rating),Skilled Worker,tech
Anker Technology (UK) Ltd,Watford,Hertfordshire,Worker (A rating),Global Business Mobility: Senior or Specialist Worker; Skilled Worker,tech
ANRA Technologies UK Ltd,Cranfield,,Worker (A rating),Skilled Worker,tech
ANSA Data Analytics Ltd,Aberdeen,,Worker (A rating),Skilled Worker,tech
Ansari IT Ltd,Aberdeen,,Worker (A rating),Skilled Worker,tech
Ansari Technology Ltd,Edinburgh,,Worker (A rating),Skilled Worker,tech
Ansimicro Software UK Limited,Gloucester,Gloucestershire,Temporary Worker (A rating); Worker (A rating),Global Business Mobility: Graduate Trainee; Global Business Mobility: Senior or Specialist Worker; Skilled Worker,tech
Ant Data Limited,Liverpool,Merseyside,Worker (A rating),Skilled Worker,tech
Antare Technology Limited,London,,Worker (A rating),Skilled Worker,tech
Antibody Analytics Limited,Motherwell,,Worker (A rating),Skilled Worker,tech
Antioch Network Manchester,Rochdale,Lancs,Worker (A rating),Tier 2 Ministers of Religion,tech
ANWAR IT SERVICES LTD,Manchester,,Worker (A rating),Skilled Worker,tech
ANZ DIGITAL LIMITED,"Welwyn Garden City,",,Worker (A rating),Skilled Worker,tech
AP Drywall Systems Ltd,Manchester,,Worker (A rating),Skilled Worker,tech
AP IT SOLUTIONS LTD,London,,Worker (A rating),Skilled Worker,tech
APCO Technologies Services Ltd,Didcot,,Worker (A rating),Skilled Worker; Global Business Mobility: Senior or Specialist Worker,tech
APERTUM ONLINE LTD,London,,Worker (A rating),Skilled Worker,tech
Apex Additive Technologies Ltd,Ebbw Vale,,Worker (A rating),Skilled Worker,tech
APEX FIRE SYSTEMS LTD,London,,Worker (A rating),Skilled Worker,tech
Apex Innovation Labs Ltd,Liverpool,,Worker (A rating),Skilled Worker,tech
Apex IT Solutions & Services Ltd,Reading,Berkshire,Worker (A rating),Skilled Worker,tech
Apex Networks Ltd,Ramsgate,,Worker (A rating),Skilled Worker,tech
Apex Radio Systems Ltd,Gateshead,Tyne & Wear,Worker (A rating),Skilled Worker,tech
Apex Systems Global Limited,Cannock,Staffordshire,Worker (A rating),Skilled Worker,tech
Apex Techno Limited,London,,Worker (A rating),Skilled Worker,tech
APG Technologies Limited,London,Greater London,Worker (A rating),Skilled Worker,tech
Aphex Software Limited,London,,Worker (A rating),Skilled Worker,tech
"API Software Limited (Trading as ""AutoRek"")",Glasgow,,Worker (A rating),Skilled Worker,tech
Apis Assay Technologies,Manchester,Greater Manchester,Worker (A rating),Skilled Worker,tech
Apollo Research AI Ltd,London,,Worker (A rating),Skilled Worker; Global Business Mobility: Senior or Specialist Worker,tech
App Factor Limited,Bradford,,Worker (A rating),Skilled Worker,tech
APP SAMURAI LIMITED,London,,Worker (A rating),Skilled Worker,tech
APP STORES LTD,"Caxton, Papworth Everard",,Worker (A rating),Skilled Worker,tech
APP TECH DEVELOPMENT LIMITED,London,,Worker (A rating),Skilled Worker,tech
Apparel Cloud London Ltd,London,,Worker (A rating),Skilled Worker,tech
Apparel-Tech UK LTD,London,,Worker (A rating),Skilled Worker,tech
Appeal Marketing Ltd t/a Appeal Digital,Bristol,,Worker (A rating),Skilled Worker,tech
Appella AI Limited,London,,Worker (A rating),Skilled Worker,tech
Apple Web Task Ltd,Manchester,,Worker (A rating),Skilled Worker,tech
Applexus Technologies Limited,Hounslow,Greater London,Worker (A rating),Global Business Mobility: Senior or Specialist Worker; Skilled Worker,tech
Applied Computing Technologies Ltd.,London,,Worker (A rating),Skilled Worker,tech
Applied Data Science Partners Ltd,London,,Worker (A rating),Skilled Worker,tech
Applied Industrial Systems Limited,Cheadle,Cheshire,Worker (A rating),Skilled Worker,tech
Applied Manufacturing Technologies Ltd,Pembroke,Dyfed,Worker (A rating),Skilled Worker,tech
Applied Network Solutions Limited,Basingstoke,Hants,Worker (A rating),Skilled Worker,tech
Applied Scientific Technologies Ltd,Stokesley,North Yorkshire,Worker (A rating),Skilled Worker,tech
Applied Technology Developments Ltd,Leicester,Leicestershire,Worker (A rating),Skilled Worker,tech
Apply Digital UK Ltd,London,,Worker (A rating),Skilled Worker,tech
APPLY4 TECHNOLOGY LIMITED,LONDON,,Worker (A rating),Skilled Worker,tech
Appmetric Software Limited,Basildon,,Worker (A rating),Skilled Worker,tech
Apps Business It Solution UK Limited,London,,Worker (A rating),Skilled Worker,tech
APPS I.T. LIMITED,Bromley,Kent,Worker (A rating),Skilled Worker,tech
Apps IT Limited,London,,Worker (A rating),Skilled Worker,tech
Apps Smiles Limited,Milton Keynes,Buckinghamshire,Worker (A rating),Skilled Worker,tech
Appsync Technologies Limited,Luton,,Worker (A rating),Skilled Worker,tech
APPTION LABS LIMITED,LEICESTER,,Worker (A rating),Skilled Worker,tech
Aprameyah Technologies Limited,Slough,,Worker (A rating),Skilled Worker,tech
APRIL CLOTHING ONLINE LTD,Coventry,,Worker (A rating),Skilled Worker,tech
Apriori Technologies UK Limited,Belfast,,Worker (A rating),Global Business Mobility: Senior or Specialist Worker; Skilled Worker,tech
Aptitude Software Group plc,London,,Worker (A rating),Global Business Mobility: Senior or Specialist Worker; Skilled Worker,tech
Aptura AI UK Ltd.,London,,Worker (A rating),Skilled Worker,tech
APVT Web Pvt Ltd,London,,Worker (A rating),Skilled Worker,tech
AQ Wiring Systems Rockford Ltd,Rendlesham,Suffolk,Worker (A rating),Skilled Worker,tech
Aqua Security Software UK LTD,London,,Worker (A rating),Global Business Mobility: Senior or Specialist Worker; Skilled Worker,tech
Aqua Technologies (Europe) Ltd,Hounslow,Middlesex,Worker (A rating),Skilled Worker,tech
AquaQ Analytics,Belfast,Antrim,Worker (A rating),Skilled Worker,tech
Aquarium Software Limited,Altrincham,,Worker (A rating),Skilled Worker,tech
Aquark Technologies Limited,Eastleigh,Hampshire,Worker (A rating),Skilled Worker,tech
Aquios Labs Ltd,Milton Keynes,,Worker (A rating),Skilled Worker,tech
AR IT CONSULTANCY OF UK LIMITED,Liverpool,,Worker (A rating),Skilled Worker,tech
AR MOBILES & TECHNOLOGY LTD,Ashby-De-La-Zouch,,Worker (A rating),Skilled Worker,tech
AR Tech Support Ltd,Slough,,Worker (A rating),Skilled Worker,tech
AR TELEVISION NETWORK LTD,London,,Worker (A rating),Skilled Worker,tech
ARA TECHNICAL LTD,Glasgow,East Renfrewshire,Worker (A rating),Skilled Worker,tech
Aras Software Ltd,Birmingham,,Worker (A rating),Skilled Worker,tech
Arbor Networks UK Limited,London,,Worker (A rating),Global Business Mobility: Senior or Specialist Worker; Skilled Worker,tech
ARCADYAN TECHNOLOGY LIMITED,Ipswich,Suffolk,Worker (A rating),Skilled Worker,tech
Arch Ai Technologies Ltd,London,,Worker (A rating),Skilled Worker,tech
ARCH TECHNOLOGY LTD,Wembley,,Worker (A rating),Skilled Worker,tech
Archer Technicoat Ltd,High Wycombe Bucks,Buckinghamshire,Worker (A rating),Skilled Worker,tech
Archer Technologies UK Limited,Bristol,,Worker (A rating),Global Business Mobility: Senior or Specialist Worker; Skilled Worker,tech
Archipelago Technology Group Ltd,CAMBRIDGE,Cambridgeshire,Worker (A rating),Skilled Worker,tech
Arctic Cloud Solutions Ltd,Glasgow,,Worker (A rating),Skilled Worker,tech
Arctic Lake Technology Ltd,London,,Worker (A rating),Skilled Worker,tech
Arctic Wolf Networks UK Limited,Newcastle Upon Tyne,,Worker (A rating),Global Business Mobility: Senior or Specialist Worker; Skilled Worker,tech
Arcturis Data (UK) Limited,OXFORD,,Worker (A rating),Skilled Worker,tech
ARCTURUS TECHNOLOGY LTD,Blackburn,,Worker (A rating),Skilled Worker,tech
Arena Online,Droitwich Spa,,Worker (A rating),Skilled Worker,tech
Areteans Technology Solutions UK Limited,London,,Worker (A rating),Global Business Mobility: Senior or Specialist Worker; Skilled Worker,tech
Argent Labs Limited,London,,Worker (A rating),Skilled Worker,tech
Argentum Data Solutions Ltd,Windsor,,Worker (A rating),Skilled Worker,tech
Argti Software & IT Solutions UK Ltd,Preston,,Worker (A rating),Skilled Worker,tech
Argus Software (UK) Ltd,London,,Worker (A rating),Global Business Mobility: Senior or Specialist Worker; Skilled Worker,tech
ARHZ IT Services Ltd,Brentford,Middlesex,Worker (A rating),Skilled Worker,tech
Aria Systems UK Limited,London,,Worker (A rating),Global Business Mobility: Senior or Specialist Worker; Skilled Worker,tech
ARIA TECHNOLOGIES LIMITED,SURREY,,Worker (A rating),Skilled Worker,tech
ARIES GLOBAL SOFTWARE HOLDING LIMITED,London,,Worker (A rating),Skilled Worker,tech
ARIS Software UK Limited,Bracknell,,Worker (A rating),Skilled Worker,tech
ARISTA NETWORKS UK LTD,London,,Worker (A rating),Global Business Mobility: Senior or Specialist Worker; Skilled Worker,tech
Aristocrat Technologies Europe Ltd.,Uxbridge,Middlesex,Worker (A rating),Skilled Worker; Global Business Mobility: Senior or Specialist Worker,tech
ARK IT SERVICES LTD,BIRMINGHAM,WESTMIDLANDS,Worker (A rating),Skilled Worker,tech
Arkana Technology Limited,Newcastle Upon Tyne,,Worker (A rating),Skilled Worker,tech
ARKIRA LABS LIMITED,COULSDON,,Worker (A rating),Skilled Worker,tech
Arkphire Technologies UK Ltd T/A Presidio,London,,Worker (A rating),Skilled Worker,tech
ARL Services (UK) Limited,Berkshire,,Worker (A rating),Skilled Worker; Scale-up,tech
Armada Technologies Limited,Birkenhead,,Worker (A rating),Skilled Worker,tech
Armlon Software Solutions Ltd,London,,Worker (A rating),Skilled Worker,tech
Arnlea Systems Limited,ABERDEEN,,Worker (A rating),Skilled Worker,tech
ARNOLD MAGNETIC TECHNOLOGIES LIMITED,Sheffield,South Yorkshire,Worker (A rating),Skilled Worker,tech
Arnold Murati Technical Services LTD,Rotherham,,Worker (A rating),Skilled Worker,tech
Arrakis Technologies Limited,London,,Worker (A rating),Skilled Worker,tech
Arralis Technologies Ltd,Chippenham,,Worker (A rating),Global Business Mobility: Senior or Specialist Worker; Skilled Worker,tech
Arriba Technologies Ltd,Cambridge,,Worker (A rating),Skilled Worker,tech
ARROW DIGITAL SPACE LTD,London,England,Worker (A rating),Skilled Worker,tech
Arrow Enterprise Computing Solutions Ltd,Harrogate,,Worker (A rating),Skilled Worker; Global Business Mobility: Senior or Specialist Worker,tech
Arsh Innovative IT Ltd,Rugby,Warwickshire,Worker (A rating),Skilled Worker,tech
ART INVESTMENT AND TECH LTD,LONDON,,Worker (A rating),Skilled Worker,tech
Art of Cloud Ltd,Horsforth,West Yorkshire,Worker (A rating),Skilled Worker,tech
Art Technologies Limited,London,,Worker (A rating),Skilled Worker,tech
Artemis Technologies Ltd,Poole,,Worker (A rating),Skilled Worker,tech
Artifex Interior Systems Limited,Solihull,,Worker (A rating),Global Business Mobility: Senior or Specialist Worker; Skilled Worker,tech
Artificial Intelligence Digital Solutions Limited,Milton Keynes,,Worker (A rating),Skilled Worker,tech
Artificial Labs Limited,London,London,Worker (A rating),Skilled Worker,tech
Arum System Ltd,London,,Worker (A rating),Skilled Worker,tech
Arva AI Ltd,London,,Worker (A rating),Skilled Worker,tech
Arvia Water Technologies Ltd,Runcorn,Cheshire,Worker (A rating),Skilled Worker,tech
Aryaka Networks UK Limited,Hayes,London,Worker (A rating),Global Business Mobility: Senior or Specialist Worker; Skilled Worker,tech
Asana Software UK Limited,London,,Worker (A rating),Global Business Mobility: Senior or Specialist Worker; Skilled Worker,tech
ASAP Cloud Solutions,Tunbridge Wells,,Worker (A rating),Skilled Worker,tech
ASAP SYSTEMS LIMITED,FELTHAM,,Worker (A rating),Skilled Worker,tech
ASB Tech Ltd,Milton Keynes,,Worker (A rating),Skilled Worker,tech
ASBUILT DIGITAL UK LIMITED,London,,Worker (A rating),Skilled Worker,tech
ASC Technology Limited,Trafford,,Worker (A rating),Skilled Worker,tech
Ascend Digital Solutions Ltd,Manchester,Greater Manchester,Worker (A rating),Skilled Worker,tech
Ascend Technologies Limited,Southampton,Hampshire,Worker (A rating),Skilled Worker,tech
ASCENDX CLOUD LIMITED,London,,Worker (A rating),Skilled Worker,tech
Ascent Digital Services UK Ltd,Bristol,,Worker (A rating),Skilled Worker,tech
ASCENTIFY LABS LTD,London,,Worker (A rating),Skilled Worker,tech
AsFigo Technologies Limited,Chelmsford,Essex,Worker (A rating),Skilled Worker,tech
ASFIN SOFTWARE & CONSULTANCY LTD,London,,Worker (A rating),Skilled Worker,tech
ASG Integrated Systems Ltd,Southport,Merseyside,Worker (A rating),Skilled Worker,tech
ASG Power Systems Limited,Newcastle Upon Tyne,,Worker (A rating),Global Business Mobility: Senior or Specialist Worker; Skilled Worker,tech
ASGARD HI-TECH SOLUTIONS LIMITED,South Shields,South Tyneside,Worker (A rating),Skilled Worker,tech
Ash & Lacy Building Systems Limited,West Bromwich,West Midlands,Worker (A rating),Skilled Worker,tech
ASH TECH FUTURES LTD,Strabane,,Worker (A rating),Skilled Worker,tech
Ashtead Technology Limited,Aberdeen,Aberdeenshire,Worker (A rating),Skilled Worker,tech
Ashtech System Ltd,Bristol,,Worker (A rating),Skilled Worker,tech
ASID TECH PVT LTD.,Birmingham,,Worker (A rating),Skilled Worker,tech
Ask Gloria AI LTD,Leeds,West Yorkshire,Worker (A rating),Skilled Worker,tech
ASKK Technologies Ltd,London,,Worker (A rating),Skilled Worker,tech
ASM Technologies (UK) Limited,Coventry,,Worker (A rating),Global Business Mobility: Senior or Specialist Worker,tech
ASP Technologies Limited,Reading,,Worker (A rating),Skilled Worker,tech
Aspect Labs Ltd,London,,Worker (A rating),Skilled Worker,tech
Aspect Software UK Limited,Hayes,,Worker (A rating),Skilled Worker,tech
ASPER TECHNOLOGIES LIMITED,Wembley,,Worker (A rating),Skilled Worker,tech
Asper.AI Limited,North Harrow,,Worker (A rating),Global Business Mobility: Senior or Specialist Worker; Skilled Worker,tech
Aspin Management Systems Ltd,Hampshire,,Worker (A rating),Skilled Worker,tech
Aspirant Analytics Ltd,London,Greater London,Worker (A rating),Skilled Worker,tech
Aspire Information Technologies Limited,Brentford,,Worker (A rating),Skilled Worker,tech
Aspire Infotech Technologies Ltd,Harrow,Greater London,Worker (A rating),Skilled Worker,tech
Aspire Systems (India) Private Limited,London,,Worker (A rating),Global Business Mobility: Senior or Specialist Worker; Skilled Worker,tech
Aspire Systems UK Ltd,London,,Worker (A rating),Global Business Mobility: Senior or Specialist Worker; Skilled Worker,tech
ASPIRE TECHNOLOGY LTD,Reading,,Worker (A rating),Skilled Worker,tech
Aspire technology solutions,Gateshead,,Worker (A rating),Skilled Worker,tech
ASPIRED DIGITAL LTD,Ilford,,Worker (A rating),Skilled Worker,tech
Assemble Technologies UK Ltd (t/a Atticus),London,,Worker (A rating),Global Business Mobility: Senior or Specialist Worker; Skilled Worker,tech
Assemble Technology Ltd,Liverpool,Merseyside,Worker (A rating),Skilled Worker,tech
Assist Digital EU Limited,IPSWICH,SUFFOLK,Worker (A rating),Skilled Worker,tech
Associate Management Systems Limited,London,,Worker (A rating),Skilled Worker,tech
ASSURED DATA PROTECTION LIMITED,Harewood,,Worker (A rating),Skilled Worker,tech
Assurity Systems Ltd,Bath,Somerset,Worker (A rating),Skilled Worker,tech
Astles Control Systems Ltd,Princes Risborough,Buckinghamshire,Worker (A rating),Skilled Worker,tech
Astral Neutronics Ltd (trading as Astral Systems),Bristol,,Worker (A rating),Skilled Worker,tech
Astrid Technologies LTD,London,,Worker (A rating),Skilled Worker,tech
Astute Data Systems Ltd,Canterbury,Kent,Worker (A rating),Skilled Worker,tech
Asymptote Labs,London,,Worker (A rating),Skilled Worker,tech
AT Digital Ltd,Hounslow,London,Worker (A rating),Skilled Worker,tech
Ata Technique Ltd,London,,Worker (A rating),Skilled Worker,tech
ATAG Heating Technology UK Limited,West Malling,,Worker (A rating),Skilled Worker,tech
ATC Systems Limited,Newtownabbey,,Worker (A rating),Skilled Worker,tech
Atcore Technology Limited,Slough,Berks,Worker (A rating),Global Business Mobility: Senior or Specialist Worker; Skilled Worker,tech
ATELIER TECHNOLOGY LIMITED,London,London,Worker (A rating),Skilled Worker,tech
ATEZ UK SOFTWARE TECHNOLOGIES LTD,London,,Worker (A rating),Skilled Worker,tech
ATFGROUP LIMITED T/A IT House UK,London,,Worker (A rating),Skilled Worker,tech
Atheon Analytics Limited,Milton Keynes,Buckinghamshire,Worker (A rating),Skilled Worker,tech
ATLANTIS TECHNOLOGY SOLUTIONS LIMITED,LONDON,UNITED KINGDOM,Worker (A rating),Skilled Worker,tech
ATLAR TECHNOLOGY LTD,London,,Worker (A rating),Global Business Mobility: Senior or Specialist Worker,tech
ATLAS AUTOMATION SYSTEMS LTD,Cheltenham,Gloucestershire,Worker (A rating),Skilled Worker,tech
Atlas Technica UK Ltd,London,,Worker (A rating),Skilled Worker,tech
Atlas Technology Solutions UK Limited,London,,Worker (A rating),Skilled Worker; Global Business Mobility: Senior or Specialist Worker,tech
Atmo Technology Ltd,Bristol,,Worker (A rating),Skilled Worker,tech
Atmos Lab Limited,London,,Worker (A rating),Skilled Worker,tech
Atomic Digital Marketing Ltd,Cheshire,,Worker (A rating),Skilled Worker,tech
Atomic Wire Technology Limited,London,,Worker (A rating),Skilled Worker,tech
Atominvest Software Ltd,London,,Worker (A rating),Skilled Worker,tech
Atos IT Services UK Ltd,London,,Temporary Worker (A rating); Worker (A rating),Global Business Mobility: Graduate Trainee; Global Business Mobility: Senior or Specialist Worker; Skilled Worker,tech
ATS Applied Tech Systems Ltd,Nuneaton,Warwickshire,Worker (A rating),Skilled Worker,tech
ATTAR TECHNOLOGIES LIMITED,HAYES,,Worker (A rating),Skilled Worker,tech
Attend IT Limited,Brentford,Middlesex,Worker (A rating),Skilled Worker,tech
Attest Technologies Limited,London,,Worker (A rating),Skilled Worker,tech
Audio Network Limited,London,,Worker (A rating),Skilled Worker,tech
Aura Technical Services Ltd,Wilmslow,,Worker (A rating),Skilled Worker,tech
Aurora Future Technologies Limited,London,,Worker (A rating),Global Business Mobility: Senior or Specialist Worker; Skilled Worker,tech
Aurous Technology Limited,London,,Worker (A rating),Skilled Worker; Global Business Mobility: Senior or Specialist Worker,tech
Austerlitz Labs Limited,London,,Worker (A rating),Skilled Worker,tech
Autify Digital Ltd,Nottingham,Nottinghamshire,Worker (A rating),Skilled Worker,tech
Auto Easy Network Limited,Rugby,,Worker (A rating),Skilled Worker,tech
AUTO GARAGE NETWORK LTD,Melton Mowbray,,Worker (A rating),Skilled Worker,tech
Auto Network (GB) Limited,LIVERPOOL,"Merseyside, England",Worker (A rating),Skilled Worker,tech
Automata Technologies Limited,London,,Worker (A rating),Skilled Worker,tech
Automated Business Systems Limited (ABS Ltd),Wendover,,Worker (A rating),Skilled Worker,tech
Automatic Data Processing (ADP) Limited,Staines Upon Thames,,Worker (A rating),Skilled Worker; Global Business Mobility: Senior or Specialist Worker,tech
Automatic Welding Systems Ltd.,Hawthorn,Corsham,Worker (A rating),Skilled Worker,tech
AUTOMIZEON TECH LTD,WEMBLEY,,Worker (A rating),Skilled Worker,tech
Aux IT Solutions,Bournemouth,Dorset,Worker (A rating),Skilled Worker,tech
AVANT DATA LTD,Toton,NOTTINGHAMSHIRE,Worker (A rating),Skilled Worker,tech
AVANTE IT (UK) LIMITED,LONDON,,Worker (A rating),Skilled Worker,tech
AVASO Technology Solutions Ltd,London,,Worker (A rating); Temporary Worker (A rating),Skilled Worker; Global Business Mobility: Graduate Trainee; Global Business Mobility: Senior or Specialist Worker,tech
Avatar Tech Limited,Illford,,Worker (A rating),Skilled Worker,tech
AVC TECH LIMITED,Luton,,Worker (A rating),Skilled Worker,tech
AVC Tech Services,Letchworth Garden City,,Worker (A rating),Skilled Worker,tech
Avdv Ltd t/a Clyx App,London,,Worker (A rating),Skilled Worker,tech
AVENTRA SYSTEMS LTD,MILTON KEYNES,,Worker (A rating),Skilled Worker,tech
Aventus Network Services Limited,East Grinstead,,Worker (A rating),Skilled Worker,tech
Averge Technologies UK Limited,Thetford,Norfolk,Worker (A rating),Skilled Worker,tech
Avia Technique Limited,Wokingham,Berkshire,Worker (A rating),Skilled Worker,tech
Avian Labs Limited,London,,Worker (A rating),Skilled Worker; Global Business Mobility: Senior or Specialist Worker,tech
AVIAT NETWORKS UK LIMITED,LONDON,,Worker (A rating),Global Business Mobility: Senior or Specialist Worker; Skilled Worker,tech
Aviatrix Systems UK Ltd,London,Please Select,Worker (A rating),Skilled Worker,tech
AVIC CABIN SYSTEMS UK LIMITED,Christchurch,Dorset,Worker (A rating),Global Business Mobility: Senior or Specialist Worker; Skilled Worker,tech
Avifauna Technology Limited,Wilmslow,,Worker (A rating),Skilled Worker,tech
Avigna Technology Solutions Limited,London,,Worker (A rating),Skilled Worker,tech
Avocado Labs Limited,Lincolnshire,,Worker (A rating),Skilled Worker,tech
Avon Data Systems Limited,Bristol,Bristol,Worker (A rating),Skilled Worker,tech
Avon Network Events,Bristol,,Worker (A rating),Skilled Worker,tech
Avos Technology Ltd,Cambridge,,Worker (A rating),Skilled Worker,tech
Avoy Technologies Limited /ta SnapSea,London,,Worker (A rating),Skilled Worker,tech
AVR Technology Services Ltd,Welling,Kent,Worker (A rating),Skilled Worker,tech
Avs Info Systems Limited,Reading,Berkshire,Worker (A rating),Skilled Worker,tech
Aware Digital Ltd,Stoke on Trent,,Worker (A rating),Skilled Worker,tech
Axalta Coating Systems UK Limited,Welwyn Garden City,Hertfordshire,Worker (A rating),Global Business Mobility: Senior or Specialist Worker; Skilled Worker,tech
Axelera AI UK,Bristol,,Worker (A rating),Skilled Worker,tech
Axia Computer Systems Limited,Watford,Hertfordshire,Worker (A rating),Skilled Worker,tech
Axia Digital Ltd,Batley,West Yorkshire,Worker (A rating),Skilled Worker,tech
Axians Networks Ltd,Basingstoke,Hampshire,Worker (A rating),Skilled Worker,tech
Axiom Software Solutions Limited,London,,Worker (A rating),Skilled Worker,tech
Axiom Technologies Pty Ltd,Crawley,West Sussex,Worker (A rating),Skilled Worker,tech
Axis Spine Technologies Ltd,Leeds,,Worker (A rating),Skilled Worker,tech
Axis Well Technology Ltd,Westhill,,Worker (A rating),Skilled Worker,tech
AXONE TECHNOLOGIES UK LIMITED,Wokingham,Berkshire,Worker (A rating),Skilled Worker,tech
Axsai Technologies Europe Limited,London,,Worker (A rating),Skilled Worker,tech
Ayantika Technologies Ltd,London,,Worker (A rating),Skilled Worker,tech
Aybola Software and Technology Ltd,London,London,Worker (A rating),Skilled Worker,tech
AYKO Digital Limited t/a AYKO,Leeds,,Worker (A rating),Skilled Worker,tech
Ayotta Technologies Limited,Maidstone,Kent,Worker (A rating),Skilled Worker,tech
AYS SYSTEMS LIMITED,Tunbridge Wells,,Worker (A rating),Skilled Worker,tech
Aytel Systems Ltd,Cardiff,Cardiff,Worker (A rating),Skilled Worker,tech
AYU Technologies Ltd,London,,Worker (A rating),Skilled Worker,tech
AYZTECH IT SOLUTIONS LIMITED,Barking,,Worker (A rating),Skilled Worker,tech
AZo Network UK Limited,Manchester,,Worker (A rating),Skilled Worker,tech
Azotic Technologies Limited,York,Yorkshire,Worker (A rating),Skilled Worker,tech
AZURE LABS UK LIMITED,London,,Worker (A rating),Skilled Worker,tech
Azure Tech Ltd,London,,Worker (A rating),Skilled Worker,tech
BA Technologies Limited,Portsmouth,Hants,Worker (A rating),Skilled Worker,tech
Babb Technologies LTD,London,,Worker (A rating),Skilled Worker,tech
Babcock Integrated Technology Limited,Bristol,,Worker (A rating),Skilled Worker; Global Business Mobility: Senior or Specialist Worker,tech
Babz Tech Ltd,Nottingham,Nottinghamshire,Worker (A rating),Skilled Worker,tech
Back Lab Ltd,London,,Worker (A rating),Skilled Worker,tech
Backend Tech Services Ltd,Twickenham,,Worker (A rating),Skilled Worker,tech
BACKUP DATA LIMITED,Woolpit,Suffolk,Worker (A rating),Skilled Worker,tech
BAE Systems OneArc UK Limited,Farnborough,,Worker (A rating),Skilled Worker,tech
BAE Systems Plc,London,,Temporary Worker (A rating); Worker (A rating),Global Business Mobility: Graduate Trainee; Global Business Mobility: Senior or Specialist Worker; Government Authorised Exchange; Skilled Worker,tech
BAeHAL Software Limited,SLOUGH,Berkshire,Worker (A rating),Global Business Mobility: Senior or Specialist Worker; Skilled Worker,tech
Baker Hughes Energy Technology UK Limited,Bristol,,Temporary Worker (A rating); Worker (A rating),Global Business Mobility: Graduate Trainee; Skilled Worker; Global Business Mobility: Senior or Specialist Worker,tech
Balaji IT Consultants Ltd,Wembley,,Worker (A rating),Skilled Worker,tech
Balance Technologies Ltd,London,,Worker (A rating),Skilled Worker,tech
Baldwin Technical Services Limited,Heywood,,Worker (A rating),Skilled Worker,tech
Balindra Software Limited,London,,Worker (A rating),Skilled Worker,tech
Balio Software Limited,Canterbury,Kent,Worker (A rating),Skilled Worker,tech
BALRE TECHNOLOGIES LTD,London,,Worker (A rating),Skilled Worker,tech
BAMA TECH LTD,ILFORD,Essex,Worker (A rating),Skilled Worker,tech
BANANA APPS LIMITED,ilford,,Worker (A rating),Skilled Worker,tech
BANCON-IT LTD.,Harrow,,Worker (A rating),Skilled Worker,tech
BANDGI TECHNOLOGIES PVT LTD,MAIDENHEAD,BERKSHIRE,Worker (A rating),Skilled Worker,tech
Bandhan Technologies Limited,London,,Worker (A rating),Skilled Worker; Global Business Mobility: Senior or Specialist Worker,tech
Banjo Tech Ltd,Belfast,County Down,Worker (A rating),Skilled Worker,tech
BankiFi Technology Limited,Manchester,Manchester,Worker (A rating),Skilled Worker,tech
BANKTECH SOFTWARE SERVICES LIMITED,Cambridge,,Worker (A rating),Skilled Worker,tech
BANTAIN TECH SOLUTIONS LTD,London,,Worker (A rating),Skilled Worker,tech
Bantham Technologies Limited,London,,Worker (A rating),Skilled Worker,tech
Bargain Online Ltd,Hounslow,,Worker (A rating),Skilled Worker,tech
BARNBROOK SYSTEMS LIMITED,FAREHAM,HAMPSHIRE,Worker (A rating),Skilled Worker,tech
Barracuda Networks Limited,Nottingham,,Worker (A rating),Global Business Mobility: Senior or Specialist Worker; Skilled Worker,tech
Barrier Networks Limited,Glasgow,,Worker (A rating),Skilled Worker,tech
Basis Cloud Solutions Ltd,Leicester,,Worker (A rating),Skilled Worker,tech
Basis Technologies International Ltd,Bracknell,Berkshire,Worker (A rating),Skilled Worker,tech
Basis Technology Limited,Beaconsfield,,Worker (A rating),Skilled Worker; Global Business Mobility: Senior or Specialist Worker,tech
BATCH CONTROL SYSTEMS LTD,GLASGOW,,Worker (A rating),Skilled Worker,tech
Baton Systems Limited,Elstead,Surrey,Worker (A rating),Skilled Worker,tech
Battle Systems Ltd,Redditch,Worcestershire,Worker (A rating),Skilled Worker,tech
Bauer Technologies Limited,Bishops Stortford,,Worker (A rating),Skilled Worker; Global Business Mobility: Senior or Specialist Worker,tech
Baya Systems Limited,Cambridge,Cambridgeshire,Worker (A rating),Global Business Mobility: Senior or Specialist Worker; Skilled Worker,tech
Bayforest Technologies Limited,London,,Worker (A rating),Skilled Worker,tech
BB2 Digital and Technology Services Ltd,London,,Worker (A rating),Skilled Worker,tech
BBD Software Limited,London,,Worker (A rating),Skilled Worker; Global Business Mobility: Senior or Specialist Worker,tech
BCG Digital Ventures,London,,Worker (A rating),Global Business Mobility: Senior or Specialist Worker; Skilled Worker,tech
BCS Data Centres Limited,London,,Worker (A rating),Skilled Worker,tech
Beacon Apps Ltd,Redditch,,Worker (A rating),Skilled Worker,tech
Beacon Technologies Ltd,London,,Worker (A rating),Skilled Worker,tech
Bead Technologies Limited,London,,Worker (A rating),Skilled Worker,tech
Beauty Tech Lab Ltd,London,,Worker (A rating),Skilled Worker,tech
Bedz Online Limited,Dewsbury,,Worker (A rating),Skilled Worker,tech
Bee Robotics Ltd,Caernarfon,Gwynedd,Worker (A rating),Skilled Worker,tech
Beebot AI,Sale,Default,Worker (A rating),Skilled Worker,tech
Beeks Financial Cloud Group PLC t/a Beeks Group,Renfrew,,Worker (A rating),Skilled Worker,tech
BEEP DIGITAL LTD,Poole,DORSET,Worker (A rating),Skilled Worker,tech
BEESPACE TECHNOLOGIES LTD,BELFAST,NORTHERN IRELAND,Worker (A rating),Skilled Worker,tech
BELL IT & MANAGEMENT CONSULTANCY LTD,Burnley,,Worker (A rating),Skilled Worker,tech
Bellrock Technology Limited,Edinburgh,,Worker (A rating),Skilled Worker,tech
Bells IT Support Ltd,Dartford,Kent,Worker (A rating),Skilled Worker,tech
BELOGIC SYSTEMS LIMITED,MAIDSTONE,,Worker (A rating),Skilled Worker,tech
Bend It Films Limited,London,,Worker (A rating),Skilled Worker,tech
BENEVOLENCE TECHNOLOGIES PRIVATE LIMITED,London,,Worker (A rating),Skilled Worker,tech
BENFORD TECHNOLOGIES LIMITED,London,,Worker (A rating),Skilled Worker,tech
BENOIT TECHNOLOGIES UK LTD,Bolton,,Worker (A rating),Skilled Worker,tech
Bent Oak Systems Ltd,London,England,Worker (A rating),Skilled Worker,tech
Bentley Systems (UK) Ltd,London,,Worker (A rating),Global Business Mobility: Senior or Specialist Worker; Skilled Worker,tech
BEP Surface Technologies,Bury,,Worker (A rating),Skilled Worker,tech
BEP Systems Limited,Manchester,,Worker (A rating),Skilled Worker,tech
Berks Insulation Limited,Slough,,Worker (A rating),Skilled Worker; Scale-up,tech
Berkshire Technologies Limited,Bracknell,Berkshire,Worker (A rating),Skilled Worker,tech
BERKUK TECHNOLOGY LTD,Sheffield,,Worker (A rating),Skilled Worker,tech
BEST DEALS ONLINE LIMITED,CHELMSFORD,,Worker (A rating),Skilled Worker,tech
BEST TECH SERVICES LIMITED,STOKE-ON-TRENT,,Worker (A rating),Skilled Worker,tech
Beta CAE Systems UK Limited,St Albans,,Worker (A rating),Global Business Mobility: Senior or Specialist Worker; Skilled Worker,tech
Beta Technology Limited,Sheffield,South Yorkshire,Worker (A rating),Skilled Worker,tech
BetDEX Labs Ltd,Edinburgh,,Worker (A rating),Skilled Worker,tech
Betfred Technology Limited,Manchester,,Worker (A rating),Skilled Worker,tech
Betty Technology UK Ltd.,London,GB,Worker (A rating),Skilled Worker,tech
Beyond Data Technologies Ltd,Sheffield,,Worker (A rating),Skilled Worker,tech
Beyond Now Technology Limited,London,,Worker (A rating),Skilled Worker,tech
BFB Labs,London,,Worker (A rating),Skilled Worker,tech
Biamp Systems,Wimbledon,,Worker (A rating),Skilled Worker; Global Business Mobility: Senior or Specialist Worker,tech
Big Cookie Digital Ltd,Liverpool,Merseyside,Worker (A rating),Skilled Worker,tech
Big Data Lake Limited,Slough,,Worker (A rating),Skilled Worker,tech
BIG DATA SCIENCE & TECHNOLOGY LIMITED,Feltham,England,Worker (A rating),Skilled Worker,tech
Big Little Technology Limited (trading as beloFX),Altrincham,Cheshire,Worker (A rating),Global Business Mobility: Senior or Specialist Worker; Skilled Worker,tech
Big Orange Software trading as Sonin,Reigate,Surrey,Worker (A rating),Skilled Worker,tech
BIG PICTURE (SOFTWARE) LIMITED,Snaith,East Yorkshire,Worker (A rating),Skilled Worker,tech
Bigminds Technology Solutions Limited,Bromley,,Worker (A rating),Skilled Worker,tech
BILBERRY TECHNOLOGIES LTD T/A ADCLEAR,London,,Worker (A rating),Skilled Worker,tech
Bilfinger Piping Technologies UK Ltd,Bristol,,Worker (A rating); Temporary Worker (A rating),Global Business Mobility: Senior or Specialist Worker; Global Business Mobility: Graduate Trainee; Skilled Worker,tech
BIM Technologies (Europe) Limited,Newcastle upon Tyne,UK,Worker (A rating),Skilled Worker,tech
BIN KHALID ONLINE LTD,Glasgow,,Worker (A rating),Skilled Worker,tech
BIO-TECH SOLUTIONS LIMITED,Driffield,North Humberside,Worker (A rating),Skilled Worker,tech
Bio-Techne Ltd,Abingdon,,Worker (A rating),Global Business Mobility: Senior or Specialist Worker; Skilled Worker,tech
BiologIC Technologies,Soham,,Worker (A rating),Skilled Worker,tech
BIOMARKER TECHNOLOGIES (BMKGENE) UK LTD,Cheshire,,Worker (A rating),Skilled Worker,tech
Biopharma Process Systems,Winchester,Hampshire,Worker (A rating),Skilled Worker,tech
BirdsEyeView Technologies Limited,London,,Worker (A rating),Skilled Worker,tech
Birl Technology Ltd,Liverpool,Merseyside,Worker (A rating),Skilled Worker,tech
Birla Technologies Limited,Harrow,,Worker (A rating),Skilled Worker,tech
BIZMAX TECH LTD,Stockton-On-Tees,,Worker (A rating),Skilled Worker,tech
BK IT Solutions Ltd,Dagenham,Essex,Worker (A rating),Skilled Worker,tech
Black Box Network Services (UK) Limited,Reading,,Worker (A rating),Skilled Worker,tech
Black Cow Technology Limited,Oxford,,Worker (A rating),Skilled Worker,tech
Black Swan Data Limited,London,,Worker (A rating),Skilled Worker,tech
Blackhawk Network EMEA Limited,Hemel Hempstead,,Worker (A rating),Skilled Worker,tech
Blackline Systems Ltd,London,,Worker (A rating),Global Business Mobility: Senior or Specialist Worker; Skilled Worker,tech
BLACKWATER TECH LTD,London,,Worker (A rating),Global Business Mobility: Senior or Specialist Worker; Skilled Worker,tech
Bladon Technologies Ltd,Warwick,Warwickshire,Worker (A rating),Skilled Worker,tech
Blis Global Ltd,London,,Worker (A rating),Skilled Worker; Scale-up,tech
Bliss software solutions Ltd,Aylesbury,Buckinghamshire,Worker (A rating),Skilled Worker,tech
Bloc Digital Ltd,Derby,,Worker (A rating),Skilled Worker,tech
BLOCKCHAIN TECH LTD,Southend-On-Sea,Essex,Worker (A rating),Skilled Worker,tech
Blocks Online Limited,Harrow,London,Worker (A rating),Skilled Worker,tech
Blockwise Network Limited,Manchester,,Worker (A rating),Skilled Worker,tech
Bloompark Software Services Ltd,Brentford,,Worker (A rating),Skilled Worker,tech
BLOOP AI LIMITED,LONDON,England,Worker (A rating),Skilled Worker,tech
BLOW MOULDING TECHNOLOGIES,Belfast,United Kingdom,Worker (A rating),Skilled Worker,tech
Blu Wireless Technology Limited,Bristol,Avon,Worker (A rating),Skilled Worker,tech
BluDot Digital Limited,Kingsbury,London,Worker (A rating),Skilled Worker,tech
Blue Bear Systems Research Ltd.,OAKLEY,BEDFORDSHIRE,Worker (A rating),Skilled Worker,tech
Blue Car Technologies Limited,Wokingham,Berkshire,Worker (A rating),Skilled Worker,tech
Blue Chip Technologies Ltd,Wantage,"Oxfordshire, England",Worker (A rating),Skilled Worker,tech
Blue Cloud Global UK Limited,London,,Worker (A rating),Global Business Mobility: Senior or Specialist Worker; Skilled Worker,tech
BLUE FIRE AI LIMITED,London,,Worker (A rating),Skilled Worker,tech
Blue Frontier IT Ltd,Salisbury,Wiltshire,Worker (A rating),Skilled Worker,tech
Blue Ocean Data Solution Ltd,London,,Worker (A rating),Skilled Worker,tech
Blue Precision Technologies Ltd,Maidstone,Kent,Worker (A rating),Skilled Worker,tech
Blue Sky IP Ltd,London,,Worker (A rating),Scale-up,tech
Blue State Digital UK Limited,London,,Worker (A rating),Skilled Worker,tech
Blue Strawberry AI Ltd,Sandwich,Kent,Worker (A rating),Skilled Worker,tech
Blue Tech (Scotland) Ltd t/a Cell Links,Glasgow,,Worker (A rating),Skilled Worker,tech
Blue Thorn Technology Ltd,Birmingham,West Midlands,Worker (A rating),Skilled Worker,tech
Blue Yonder Technology Solutions (UK) Limited,Bracknell,Berkshire,Worker (A rating),Skilled Worker; Global Business Mobility: Senior or Specialist Worker,tech
Blue Yonder Technology Solutions UK Limited,Bracknell,Berskshire,Worker (A rating),Skilled Worker; Global Business Mobility: Senior or Specialist Worker,tech
Blueberry Systems Limited,Gloucester,,Worker (A rating),Skilled Worker,tech
Bluebird IT Solutions Limited,High Wycombe,,Worker (A rating),Skilled Worker; Global Business Mobility: Senior or Specialist Worker,tech
Bluecube Cyber Security Solutions Limited,Milton Keynes,Buckingham,Worker (A rating),Skilled Worker,tech
BLUEGRID TECHNOLOGY LTD,Peterborough,,Worker (A rating),Skilled Worker,tech
Bluekong Networks Limited,Reading,,Worker (A rating),Skilled Worker,tech
Bluelotus Technologies Limited,Coventry,,Worker (A rating),Skilled Worker,tech
Bluemax Technology Support Ltd.,Cambridge,Cambridgeshire,Worker (A rating),Skilled Worker,tech
Blueprint Technologies Limited,Newark On Trent,,Worker (A rating),Skilled Worker,tech
Bluerose Technologies Limited,London,,Worker (A rating),Skilled Worker,tech
Bluesea Technology ltd,Ilford,,Worker (A rating),Skilled Worker,tech
BlueShift Online Limited,London,,Worker (A rating),Skilled Worker,tech
BlueSkeye AI LTD,Nottingham,,Worker (A rating),Skilled Worker,tech
Bluesmith Information Systems Ltd,Leeds,West Yorkshire,Worker (A rating),Skilled Worker,tech
BLUESTAR SOFTWARE LIMITED,Reading,Berkshire,Worker (A rating),Skilled Worker,tech
Blush Tech Limited,London,,Worker (A rating),Skilled Worker,tech
BM Data Solutions Limited T/A BM Aluminium,Tewkesbury,,Worker (A rating),Skilled Worker,tech
BMC Software Ltd,Winnersh Triangle,Berkshire,Worker (A rating),Global Business Mobility: Senior or Specialist Worker; Skilled Worker,tech
BMLL Technologies Limited,London,,Worker (A rating),Skilled Worker,tech
BMLL Technologies Ltd,London,,Worker (A rating),Skilled Worker,tech
BNW Technology Ltd,Reading,,Worker (A rating),Skilled Worker,tech
Bo Digital Ltd,Cambridge,Cambridgeshire,Worker (A rating),Skilled Worker,tech
BOB W TECHNOLOGIES UK LIMITED,London,,Worker (A rating),Skilled Worker,tech
Boditrax Technologies Ltd,Nottingham,Nottinghamshire,Worker (A rating),Skilled Worker,tech
Boku Labs Ltd,London,,Worker (A rating),Skilled Worker,tech
Boku Network Services UK Ltd,London,,Worker (A rating),Skilled Worker,tech
Boldyn Networks Group Limited,London,,Worker (A rating),Global Business Mobility: Senior or Specialist Worker; Skilled Worker,tech
Bond Financial Technologies Ltd,London,,Worker (A rating),Skilled Worker,tech
BookNow Software Ltd,Camberley,Surrey,Worker (A rating),Skilled Worker,tech
Boomerang Digital Ltd,Hessle,East Yorkshire,Worker (A rating),Skilled Worker,tech
Boost AI LTD,Woking,Surrey,Worker (A rating),Skilled Worker,tech
Boost It Technologies LTD,Bristol,Bradley Stoke,Worker (A rating),Skilled Worker,tech
Border Business Systems Limited,Wrexham,,Worker (A rating),Skilled Worker,tech
BOREAS SOFTWARE AND CONSULTING LTD,London,,Worker (A rating),Skilled Worker,tech
Borer Data Systems Ltd,Winnersh,,Worker (A rating),Skilled Worker,tech
BORIS SOFTWARE LIMITED,LEEDS,,Worker (A rating),Skilled Worker,tech
Bosch Global Software Technologies Private Limited,Denham,Middlesex,Worker (A rating),Global Business Mobility: Senior or Specialist Worker; Skilled Worker,tech
BOSE TECHNOLOGIES LIMITED,Reading,,Worker (A rating),Skilled Worker,tech
Bottomline Technologies Limited,Theale,Berkshire,Worker (A rating),Skilled Worker; Global Business Mobility: Senior or Specialist Worker,tech
Box Technologies Limited,Thame,Oxon,Worker (A rating),Global Business Mobility: Senior or Specialist Worker; Skilled Worker,tech
Boxkite Software Ltd,Bristol,,Worker (A rating),Skilled Worker,tech
Boyd Technologies Ashington UK Limited,Ashington,Northumberland,Worker (A rating),Skilled Worker,tech
BP Telecoms,Blackburn,,Worker (A rating),Skilled Worker,tech
BPAV Technology Group Ltd,Basingstoke,Hampshire,Worker (A rating),Skilled Worker,tech
BPP Technical Services Ltd.,London,,Worker (A rating),Skilled Worker,tech
Brady Technologies Limited,London,,Worker (A rating),Skilled Worker; Global Business Mobility: Senior or Specialist Worker,tech
Brain Analytics,London,,Worker (A rating),Skilled Worker,tech
BRAIN BRIDGE TECHNOLOGY LIMITED,Brentwood,,Worker (A rating),Skilled Worker,tech
Brain Labs Digital Ltd,London,,Worker (A rating),Global Business Mobility: Senior or Specialist Worker; Skilled Worker,tech
Brand Apps Limited,Harrogate,,Worker (A rating),Skilled Worker,tech
Brand Design Lab (Limited),Lutterworth,Leicestershire,Worker (A rating),Skilled Worker,tech
Brandpie Digital Limited,London,,Worker (A rating),Skilled Worker,tech
Branthill  Computing  Ltd,Covent,,Worker (A rating),Skilled Worker,tech
Brave Software Europe Ltd,London,,Worker (A rating),Global Business Mobility: Senior or Specialist Worker; Skilled Worker,tech
Bravesmile Tech Limited,London,,Worker (A rating),Skilled Worker,tech
Breakthrough Business System Limited,Maidenhead,Berkshire,Worker (A rating),Skilled Worker,tech
Breathe Battery Technologies Limited,London,,Worker (A rating),Skilled Worker; Scale-up,tech
Breathe Technology,Cambridge,Cambridgeshire,Worker (A rating),Skilled Worker,tech
BREEZ TECHNOLOGY LIMITED,LONDON,,Worker (A rating),Skilled Worker,tech
BREWED ONLINE LTD,LONDON,,Worker (A rating),Skilled Worker,tech
BRGR LAB LTD,Coventry,West Midlands,Worker (A rating),Skilled Worker,tech
Briar Security Systems ltd,Cambridge,,Worker (A rating),Skilled Worker,tech
Brick Digital,Watford,Hertfordshire,Worker (A rating),Skilled Worker,tech
Bricklane Technologies Ltd,London,,Worker (A rating),Skilled Worker,tech
Brickwise Labs Ltd,London,,Worker (A rating),Skilled Worker,tech
BRICLOGIX TECHNOLOGIES LTD,Uxbridge,,Worker (A rating),Skilled Worker,tech
Bridge-it Housing UK Team LTD,Bradford,West yorkshire,Worker (A rating),Skilled Worker,tech
BridgeHead Software Limited,Leatherhead,Surrey,Worker (A rating),Skilled Worker,tech
Briefcase Tech Ltd t/a Briefcase,London,,Worker (A rating),Skilled Worker,tech
Bright Star IT Ltd,Preston,England,Worker (A rating),Skilled Worker,tech
Brightedge Technologies Limited,London,,Worker (A rating),Global Business Mobility: Senior or Specialist Worker; Skilled Worker,tech
Brightly Software Limited,"Chatham Maritime, Chatham,",Kent,Worker (A rating),Skilled Worker,tech
BrightSign Digital Ltd,Great Shelford,,Worker (A rating),Skilled Worker,tech
BrightSign Technology Limited,London,,Worker (A rating),Skilled Worker,tech
Brillio Technologies Private Limited,London,,Worker (A rating),Global Business Mobility: Senior or Specialist Worker; Skilled Worker,tech
Brink Technology Ltd,London,,Worker (A rating),Skilled Worker,tech
Briss Technologies LIMITED,West Molesey,Surrey,Worker (A rating),Skilled Worker,tech
Bristol Fluid System Technologies Ltd. T/A Swagelok Central UK,Bristol,,Temporary Worker (A rating),Global Business Mobility: Graduate Trainee,tech
BRISTOL PHONES & TECH SPECIALISTS LIMITED,Bristol,,Worker (A rating),Skilled Worker,tech
Brita Water Filter Systems Limited,Bicester,Oxfordshire,Worker (A rating),Global Business Mobility: Senior or Specialist Worker; Skilled Worker,tech
Britain Tech Ltd,Middelsex,,Worker (A rating),Skilled Worker,tech
Britannia Cloud Ltd,London,England,Worker (A rating),Skilled Worker,tech
Britannia Technopolymers Limited,NELSON,Lancashire,Worker (A rating),Skilled Worker,tech
Britasia TV Networks Ltd,Birmingham,West Midlands,Worker (A rating),Skilled Worker,tech
BRM Computers Services Limited,Southampton,Hampshire,Worker (A rating),Skilled Worker,tech
Broad Visions Technologies Ltd,STOKE ON TRENT,Staffordshire,Worker (A rating),Skilled Worker,tech
Broadvision Technologies (UK) Ltd,London,,Worker (A rating),Skilled Worker,tech
BROCKLEY TECH LTD,LONDON,,Worker (A rating),Skilled Worker,tech
Bromcom Computers Plc,Bromley,,Worker (A rating),Skilled Worker,tech
Bromley Computer And Laptop Repairs,Bromley,,Worker (A rating),Skilled Worker,tech
Brompton Technology Ltd,London,,Worker (A rating),Skilled Worker,tech
Bron Labs Limited,London,Greater London,Worker (A rating),Skilled Worker,tech
Brothers Bridge Technology Ltd,London,,Worker (A rating),Skilled Worker,tech
Brown Earth Technologies UK Limited,Sutton,,Worker (A rating),Skilled Worker,tech
BRS Technology Limited,GLASGOW,Lanarkshire,Worker (A rating),Skilled Worker,tech
BS Tech Solutions Ltd,Manchester,,Worker (A rating),Skilled Worker,tech
BSO Network Solutions Ltd,London,,Worker (A rating),Skilled Worker,tech
BSOFT TECHNOLOGIES LTD,Wakefield,,Worker (A rating),Skilled Worker,tech
BTC technical solutions ltd,South Ockendon,Essex,Worker (A rating),Skilled Worker,tech
BTL NETWORK LTD T/a Paytap,London,,Worker (A rating),Skilled Worker,tech
Bubble IT Solutions Limited,Nottingham,,Worker (A rating),Skilled Worker,tech
Bubbles Online Services Limited,Alton,Hampshire,Worker (A rating),Skilled Worker,tech
Bubo AI Ltd,Middlesborough,,Worker (A rating),Skilled Worker,tech
Bud Systems Ltd,Bristol,,Worker (A rating),Skilled Worker,tech
BUGNI LABS LTD,London,,Worker (A rating),Skilled Worker,tech
BuildPartner Technology Ltd,London,,Worker (A rating),Skilled Worker,tech
Buildt AI Limited t/a Cosine,London,,Worker (A rating),Skilled Worker,tech
BUKHARI TECHNICAL SERVICES LTD,Manchester,Lancashire,Worker (A rating),Skilled Worker,tech
Bulletproof Cyber Ltd,Stevenage,,Worker (A rating),Skilled Worker,tech
Bumblebee IT Solutions Ltd,Edenbridge,Kent,Worker (A rating),Skilled Worker,tech
BUSINESS DATA QUALITY LTD,LONDON,,Worker (A rating),Skilled Worker,tech
Business I.T. Systems Ltd,Chessington,Surrey,Worker (A rating),Skilled Worker,tech
Business Systems (U.K.) Limited,London,,Worker (A rating),Skilled Worker,tech
Business Systems International Ltd.,London,,Worker (A rating),Skilled Worker,tech
Butlerbus Technik Limited,Lincoln,,Worker (A rating),Skilled Worker,tech
Button Tech UK Limited,London,,Worker (A rating),Skilled Worker,tech
Buy It Direct Ltd,Huddersfield,West Yorkshire,Worker (A rating),Skilled Worker,tech
BUY WHOLE FOODS ONLINE LTD,Ramsgate,Kent,Worker (A rating),Skilled Worker,tech
BW Flexible Systems UK Limited,Beeston,Nottingham,Worker (A rating),Skilled Worker; Global Business Mobility: Senior or Specialist Worker,tech
BWS Security Systems Limited,Bath,,Worker (A rating),Skilled Worker,tech
BX Technologies Ltd,London,London,Worker (A rating),Skilled Worker,tech
BYP Network Limited,London,,Worker (A rating),Skilled Worker,tech
byrd Technologies UK Ltd,London,,Worker (A rating),Skilled Worker,tech
Byte Code Software Solutions Limited,Rainham,,Worker (A rating),Skilled Worker,tech
Bytes Software Services Limited,Leatherhead,Surrey,Worker (A rating),Skilled Worker; Global Business Mobility: Senior or Specialist Worker,tech
C SQUARED NETWORKS LTD,London,,Worker (A rating),Skilled Worker,tech
C-Kore Systems Limited,York,North Yorkshire,Worker (A rating),Skilled Worker,tech
C.D.S. Computer Design Systems Ltd,Salford,Greater Manchester,Worker (A rating),Skilled Worker,tech
C15 Media Networks Ltd,London,,Worker (A rating),Skilled Worker,tech
C3 BIO-TECHNOLOGIES LIMITED,Lancaster,Lancashire,Worker (A rating),Skilled Worker,tech
C6 Digital Ltd,London,,Worker (A rating),Skilled Worker,tech
Cab Management System Ltd,Greenford,,Worker (A rating),Skilled Worker,tech
Cabvision Network Limited,London,,Worker (A rating),Skilled Worker,tech
Cache Net IT Limited,Redhill,,Worker (A rating),Skilled Worker,tech
CAD Technologies Limited,Royston,,Worker (A rating),Skilled Worker,tech
CAD-IT UK Limited,Daventry,Northamptonshire,Worker (A rating),Skilled Worker,tech
Cadcam Technology Ltd,Nottingham,Notts,Worker (A rating),Skilled Worker,tech
Cadence Design Systems Limited,Bracknell,Berkshire,Worker (A rating),Skilled Worker; Global Business Mobility: Senior or Specialist Worker,tech
CADRO TECHNOLOGIES LIMITED,London,,Worker (A rating),Skilled Worker,tech
CAE Technology Services Limited,Hemel Hempstead,Herts,Worker (A rating),Skilled Worker,tech
Caesars Trading and Technology Services Limited,Leeds,,Worker (A rating),Global Business Mobility: Senior or Specialist Worker; Skilled Worker,tech
Cagan Tech Limited,Thatcham,Berkshire,Worker (A rating),Skilled Worker,tech
Caiman Software Development Limited,Banchory,Aberdeenshire,Worker (A rating),Skilled Worker,tech
Cairn technology Ltd,Sheffield,South Yorkshire,Worker (A rating),Skilled Worker,tech
Caldervale Technology Limited,Dewsbury,West Yorkshire,Worker (A rating),Skilled Worker,tech
Caledonia Technologies Ltd,East Kilbride,,Worker (A rating),Skilled Worker,tech
Call Systems Technology Limited,Elstree,Hertfordshire,Worker (A rating),Skilled Worker,tech
Calsoft Labs UK Private LTD,London,,Worker (A rating),Global Business Mobility: Senior or Specialist Worker; Skilled Worker,tech
CALTON SYSTEMS LIMITED,Rochdale,Lancashire,Worker (A rating),Skilled Worker,tech
Cambrian Robotics Limited,London,,Worker (A rating),Skilled Worker,tech
Cambridge Crystallographic Data Centre,Cambridge,Cambridgeshire,Worker (A rating),Skilled Worker,tech
Cambridge Display Technology Ltd,Godmanchester,Cambridgeshire,Worker (A rating),Skilled Worker; Global Business Mobility: Senior or Specialist Worker,tech
Cambridge Future Tech Ltd,Cambridge,,Worker (A rating),Skilled Worker,tech
Cambridge Photon Technology Limited,Saffron Walden,Essex,Worker (A rating),Skilled Worker,tech
Cambridge Touch Technologies Limited,Cambridge,Cambridgeshire,Worker (A rating),Skilled Worker,tech
Camden AI Limited,London,,Worker (A rating),Skilled Worker,tech
Camelott Digital Limited,Telford,Telford and Wrekin,Worker (A rating),Skilled Worker,tech
Cameron Flow Control Technology (UK) Limited,Crawley,West Sussex,Worker (A rating),Global Business Mobility: Senior or Specialist Worker; Skilled Worker,tech
Camlin Technologies Limited,Lisburn,Antrim,Worker (A rating),Skilled Worker,tech
Canalis Technology Limited,Stockport,,Worker (A rating),Skilled Worker,tech
Candu Labs Limited,London,,Worker (A rating),Global Business Mobility: Senior or Specialist Worker; Skilled Worker,tech
Canopy Technologies Ltd,Hamble,,Worker (A rating),Skilled Worker,tech
Cantronik Ltd TA Veethree Technologies,Poole,Dorset,Worker (A rating),Skilled Worker,tech
Canvas Software Limited,London,,Worker (A rating),Skilled Worker,tech
Capillary Technologies Europe Limited,Hammersmith,,Worker (A rating),Skilled Worker,tech
Capital Administration Technology Ltd,London,,Worker (A rating),Skilled Worker,tech
Capital Computer Software Ltd,London,London,Worker (A rating),Skilled Worker,tech
Capital Integration Systems UK Limited,London,,Worker (A rating),Skilled Worker,tech
Capital Tech Limited,Fleet,Hampshire,Worker (A rating),Skilled Worker,tech
Caplin Systems Limited,London,,Worker (A rating),Skilled Worker,tech
CAPRICE CLOUD TECHNOLOGIES LTD,LONDON,,Worker (A rating),Skilled Worker,tech
Capsa.AI Ltd,London,,Worker (A rating),Skilled Worker,tech
Capstone IT Solutions Ltd,Bradford,,Worker (A rating),Skilled Worker,tech
Captify Technologies Ltd,London,,Worker (A rating),Skilled Worker,tech
Car-Tech Prestige LTD,Durham,Not required for this country,Worker (A rating),Skilled Worker,tech
Cara Technology Limited,Leatherhead,Surrey,Worker (A rating),Skilled Worker,tech
Carbon (AI) Ltd,Middlesbrough,County Durham,Worker (A rating),Skilled Worker,tech
Carbon Limiting Technologies,Fleet,Hampshire,Worker (A rating),Skilled Worker,tech
Carclo Technical PLastics Ltd,Mitcham,Surrey,Worker (A rating),Skilled Worker,tech
CARDINAL INSURANCE MANAGEMENT SYSTEMS LIMITED,London,,Worker (A rating),Skilled Worker,tech
CAREATHOMESERVICE.TECH LIMITED,Edinburgh,,Worker (A rating),Skilled Worker,tech
Careberry Software Ltd,Aylesbury,Buckinghamshire,Worker (A rating),Skilled Worker,tech
Carlisle Fluid Technologies UK Lttd,Bournemouth,Dorset,Worker (A rating),Skilled Worker,tech
CARMENTA TECHNOLOGIES LTD,London,,Worker (A rating),Skilled Worker; Global Business Mobility: Senior or Specialist Worker,tech
CARTER TECH LTD,NEWQUAY,,Worker (A rating),Skilled Worker,tech
CASHMERE SYSTEMS LTD,Manchester,,Worker (A rating),Skilled Worker,tech
CASM Technology LLP,London,,Worker (A rating),Skilled Worker,tech
Cassini Systems Limited,London,,Worker (A rating),Skilled Worker,tech
Cast Software Limited,London,,Worker (A rating),Skilled Worker,tech
Castle Ship Technical Management Ltd,Chichester,,Worker (A rating),Skilled Worker,tech
Castlepoint Systems Limited,Orpington,,Worker (A rating),Global Business Mobility: Senior or Specialist Worker,tech
Cat Tech Europe Limited,Scunthorpe,North Lincolnshire,Worker (A rating),Global Business Mobility: Senior or Specialist Worker,tech
Catalent Micron Technologies Limited,Dartford,,Worker (A rating),Global Business Mobility: Senior or Specialist Worker; Skilled Worker,tech
Catalyst IT Europe Limited,Brighton,East Sussex,Worker (A rating),Global Business Mobility: Senior or Specialist Worker; Skilled Worker,tech
Catapult Labs Ltd,London,,Worker (A rating),Skilled Worker,tech
Catch Digital,London,,Worker (A rating),Skilled Worker,tech
Cato Networks (UK) Limited,London,,Worker (A rating),Skilled Worker,tech
Causeway Technologies Ltd,Gerrards Cross,Bucks,Worker (A rating),Skilled Worker; Global Business Mobility: Senior or Specialist Worker,tech
CAVU Aerospace UK Tech Ltd.,Stirling,Stirling,Worker (A rating),Skilled Worker,tech
Caysure Digital Limited,Leigh-On-Sea,Essex,Worker (A rating),Skilled Worker,tech
CB Digital Marketing Ltd,London,,Worker (A rating),Skilled Worker,tech
CB Technology Ltd,Livingston,,Worker (A rating),Skilled Worker,tech
CCL Technology Solutions Ltd,Bellshill,,Worker (A rating),Skilled Worker,tech
CCm Technologies Ltd,Swindon,,Worker (A rating),Skilled Worker,tech
CCS Technology Ltd,Coventry,Warwickshire,Worker (A rating),Skilled Worker,tech
CDA Systems Limited,London,,Worker (A rating),Skilled Worker,tech
CEDE TECHNOLOGIES LTD,London,England,Worker (A rating),Skilled Worker,tech
CEES TECH LTD,LONDON,,Worker (A rating),Skilled Worker,tech
CEH TECHNOLOGIES LTD,Manchester,,Worker (A rating),Skilled Worker,tech
CELEBAL TECHNOLOGIES UK LTD,Harrow,Middlesex,Worker (A rating),Global Business Mobility: Senior or Specialist Worker; Skilled Worker,tech
Celebrium Technologies Limited,Bradford,ENGLAND,Worker (A rating),Skilled Worker,tech
Celebrus Technologies Plc,Sunbury,Middlesex,Worker (A rating),Skilled Worker,tech
Celer Technologies Limited,London,,Worker (A rating),Skilled Worker,tech
Celestia Technologies Group - UK Ltd,Edinburgh,,Worker (A rating),Skilled Worker,tech
Celestial Labs Ltd,Norton St Philip,Somerset,Worker (A rating),Skilled Worker,tech
CELFINET UK TELECOMMUNICATIONS CONSULTING SERVICES LTD,NEWBURY,,Worker (A rating),Skilled Worker; Global Business Mobility: Senior or Specialist Worker,tech
CELL FIX IT LTD,Maidstone,,Worker (A rating),Skilled Worker,tech
Cell Guidance Systems,Cambridge,State,Worker (A rating),Skilled Worker,tech
CELL TECH EXCHANGE LTD,ROMFORD,,Worker (A rating),Skilled Worker,tech
CellVoyant Technologies Limited,Bristol,,Worker (A rating),Skilled Worker,tech
Cenex (Centre of Excellence for Low Carbon and Fuel Cell Technologies),Loughborough,Leicestershire,Worker (A rating),Skilled Worker,tech
Centaur Robotics Limited,London,,Worker (A rating),Skilled Worker,tech
CENTAURI TECH LTD,Milton Keynes,Buckinghamshire,Worker (A rating),Skilled Worker,tech
Center for Countering Digital Hate LTD,London,,Worker (A rating),Skilled Worker,tech
Centillion Technology Limited,Cambridge,,Worker (A rating),Skilled Worker,tech
Centium Software Limited,Milton Keynes,,Worker (A rating),Skilled Worker,tech
Centra Technology UK Limited,London,,Worker (A rating),Skilled Worker,tech
Central Manchester Networks LTD,Manchester,,Worker (A rating),Skilled Worker,tech
Central Technology Ltd,Chesterfield,Derbshire,Worker (A rating),Skilled Worker,tech
"Centre for Finance, Technology and Entrepreneurship Ltd","London,",,Worker (A rating); Temporary Worker (A rating),Skilled Worker; Global Business Mobility: Graduate Trainee; Global Business Mobility: Senior or Specialist Worker,tech
Centre for the Governance of AI,London,,Worker (A rating),Skilled Worker,tech
CENTRE OF INTELLIGENT TECHNOLOGIES LTD,Dewsbury,,Worker (A rating),Skilled Worker,tech
Centrepoint Computer Services Ltd,Epsom,Surrey,Worker (A rating),Skilled Worker,tech
Centryflow Technologies Ltd,SOUTHEND-ON-SEA,Essex,Worker (A rating),Skilled Worker,tech
CENTURAY TECHNOLOGIES UK LTD,London,,Worker (A rating),Global Business Mobility: UK Expansion Worker,tech
Centurion Management Systems Limited t/a Breathe HR,Horsham,West Sussex,Worker (A rating),Skilled Worker,tech
Century-Tech Limited,London,,Worker (A rating),Skilled Worker,tech
Cerillion Technologies Limited,London,,Temporary Worker (A rating); Worker (A rating),Global Business Mobility: Graduate Trainee; Skilled Worker; Global Business Mobility: Senior or Specialist Worker,tech
CERIS E-COMMERCE & DIGITAL MARKETING LTD,LONDON,,Worker (A rating),Skilled Worker,tech
Certs Assured Technology Limited,Letchworth,Hertfordshire,Worker (A rating),Skilled Worker,tech
Ceto AI Limited,Newcastle,Tyne & Wear,Worker (A rating),Skilled Worker,tech
CEYLO IT SOLUTIONS LTD,London,,Worker (A rating),Skilled Worker,tech
CHAIN & CHAIN TECHNOLOGIES LIMITED,LONDON,,Worker (A rating),Skilled Worker,tech
Chainlink Labs Ltd,London,,Worker (A rating),Skilled Worker,tech
Chalkie AI Ltd,Sheffield,,Worker (A rating),Skilled Worker,tech
Chamberlains Aqua and Energy Systems Limited,Southampton,Hampshire,Worker (A rating),Skilled Worker,tech
Chameleon Technology Ltd,Harrogate,,Worker (A rating),Skilled Worker,tech
Champ Systems Limited,London,,Worker (A rating),Skilled Worker,tech
CHAMPION TECHNOLOGIES LIMITED,ABERDEEN,United Kingdom,Worker (A rating),Skilled Worker; Global Business Mobility: Senior or Specialist Worker,tech
CHANDRAWAR IT TECHNOLOGIES PVT LTD,Manchester,,Worker (A rating),Skilled Worker,tech
Changepond Technologies Private Limited,Harrow,Middlesex,Worker (A rating),Global Business Mobility: Senior or Specialist Worker; Skilled Worker,tech
Channel Digital Holdings Limited,London,,Worker (A rating),Skilled Worker,tech
Chargepoint Network (UK) Ltd,London,,Worker (A rating),Global Business Mobility: Senior or Specialist Worker; Skilled Worker,tech
Charlotte's Cloud Ltd,London,,Worker (A rating),Skilled Worker,tech
Charterhouse Voice & Data Limited,London,,Worker (A rating),Skilled Worker,tech
Chase Software Solutions Ltd,Surbiton,Surrey,Worker (A rating),Skilled Worker; Global Business Mobility: Senior or Specialist Worker,tech
Chattermill Analytics Limited,London,,Worker (A rating),Scale-up; Skilled Worker,tech
CHC TECH LIMITED,Norwich,,Worker (A rating),Global Business Mobility: Senior or Specialist Worker,tech
Cheq Technologies (UK) Limited,London,,Worker (A rating),Skilled Worker,tech
Chess Cybersecurity Limited,Alderley Edge,Ches,Worker (A rating),Skilled Worker,tech
Chess Logistics Technology Limited,Manchester,,Worker (A rating),Skilled Worker,tech
Chestergate Technologies Ltd,Macclesfield,,Worker (A rating),Skilled Worker,tech
Chevalier Tech Limited,London,,Worker (A rating),Skilled Worker,tech
Chi Technology Ltd,Stratford-Upon-Avon,Warwickshire,Worker (A rating),Skilled Worker,tech
Chief AI Ltd,Manchester,,Worker (A rating),Skilled Worker,tech
Chilli Source Software Limited,Newry,Co Down,Worker (A rating),Skilled Worker,tech
Chime Software Limited,Kings Langley,,Worker (A rating),Skilled Worker,tech
China Global Television Network Europe Ltd.,London,,Worker (A rating),Global Business Mobility: Senior or Specialist Worker; Skilled Worker,tech
China Telecom (Europe) Ltd.,London,,Worker (A rating),Global Business Mobility: Senior or Specialist Worker; Skilled Worker,tech
China-Europe Networks of Technology and Innovation Limited,London,,Worker (A rating),Skilled Worker,tech
Chinacache Networks (UK) Limited,London,,Worker (A rating),Skilled Worker,tech
Chiplogic Technologies Limited,Maidenhead,Berkshire,Worker (A rating),Global Business Mobility: Senior or Specialist Worker; Skilled Worker,tech
Chipstone (UK) Technologies Ltd,London,,Worker (UK Expansion Worker: Provisional ),Global Business Mobility: UK Expansion Worker,tech
Chisquare Labs Ltd,Carshalton,,Worker (A rating),Skilled Worker,tech
"CHONGQING CABERS ENVIRONMENTAL PROTECTION TECHNOLOGY UK CO, LTD",London,,Worker (A rating),Skilled Worker,tech
Chorus IT Ltd,Bristol,,Worker (A rating),Skilled Worker,tech
Christian Associates Network,Glasgow,Glasgow (City of),Temporary Worker (A rating); Worker (A rating),Charity Worker; Religious Worker; Tier 2 Ministers of Religion,tech
Christie Digital Systems Canada Inc.,Wokingham,Berkshire,Worker (A rating),Global Business Mobility: Senior or Specialist Worker; Skilled Worker,tech
CHRONICLE SOFTWARE LTD,London,,Worker (A rating),Skilled Worker,tech
Cigniti Technologies (UK) Limited,London,,Worker (A rating),Skilled Worker; Global Business Mobility: Senior or Specialist Worker,tech
CIM Software Ltd,Southampton,Hampshire,Worker (A rating),Skilled Worker,tech
CIMC Universal Tank Technologies (UK) Ltd,Skelmersdale,Lancashire,Worker (A rating),Skilled Worker,tech
Cimcon Software (UK) Limited,Reading,,Worker (A rating),Global Business Mobility: Senior or Specialist Worker; Skilled Worker,tech
Cincom Systems (UK) Limited,Maidenhead,Berkshire,Worker (A rating),Skilled Worker,tech
Cinemersive Labs Ltd,London,,Worker (A rating),Skilled Worker,tech
CIP TERRA TECHNOLOGIES UK LTD.,Rotherham,,Worker (A rating),Global Business Mobility: Senior or Specialist Worker; Skilled Worker,tech
Circadia Technologies Ltd,London,,Worker (A rating),Skilled Worker,tech
Circle Cloud Communications Ltd,SOUTHAMPTON,,Worker (A rating),Skilled Worker,tech
Circle One Limited t/a C1 Tech,London,,Worker (A rating),Skilled Worker,tech
Cirrus Logic International Semiconductor Limited,Edinburgh,Midlothian,Worker (A rating),Skilled Worker; Global Business Mobility: Senior or Specialist Worker,tech
CIT Digital Ltd,Sheffield,,Worker (A rating),Skilled Worker,tech
CITATION CYBER LIMITED,Lancaster,,Worker (A rating),Skilled Worker,tech
Citisense Ltd,London,,Worker (A rating),Scale-up,tech
CITY CONSTRUCTION NETWORK LTD,ILFORD,,Worker (A rating),Skilled Worker,tech
CITY IT SOLUTIONS LTD,Ilford,,Worker (A rating),Skilled Worker,tech
City Tech Business Solutions Ltd,Harrow,,Worker (A rating),Skilled Worker,tech
Cityplus Network Ltd,London,,Worker (A rating),Skilled Worker,tech
CITYSCAPE DIGITAL LIMITED,LONDON,GREATER LONDON,Worker (A rating),Skilled Worker,tech
CJS Managed Cloud Services Ltd,Leeds,,Worker (A rating),Skilled Worker,tech
CK IT Services Limited,HERTS,,Worker (A rating),Skilled Worker,tech
CL Tech UK Limited,Southampton,,Worker (A rating),Global Business Mobility: Senior or Specialist Worker; Skilled Worker,tech
CLADMATE FACADE SYSTEMS LTD,London,,Worker (A rating),Skilled Worker,tech
CLAIMER TECH LTD,London,,Worker (A rating),Skilled Worker,tech
CLAIMWISE AI LIMITED,London,,Worker (A rating),Skilled Worker,tech
Clara Technologies (UK) Limited,London,,Worker (A rating),Skilled Worker,tech
Clarity AI LTD,London,,Worker (A rating),Skilled Worker,tech
Clarity Software Group Limited,Solihull,West Midlands,Worker (A rating),Skilled Worker,tech
Clarivate Analytics (UK) Limited,London,,Worker (A rating),Global Business Mobility: Senior or Specialist Worker; Skilled Worker,tech
CLASS TECHNOLOGY SOLUTIONS LTD,Horsham,West Sussex,Worker (A rating),Skilled Worker; Global Business Mobility: Senior or Specialist Worker,tech
Clay Labs UK Ltd,London,,Worker (A rating),Global Business Mobility: Senior or Specialist Worker; Skilled Worker,tech
Clean Digital Limited,Edinburgh,,Worker (A rating),Skilled Worker,tech
Clear AV Limited t/as OKTO Technologies,Lisburn,,Worker (A rating),Skilled Worker,tech
Clear Junction Limited,London,,Worker (A rating),Scale-up,tech
Clear Score Technology Limited,London,,Worker (A rating),Skilled Worker,tech
Clearglass Analytics Limited,London,,Worker (A rating),Skilled Worker,tech
Clearly Technologies Limited,London,,Worker (A rating),Skilled Worker,tech
Clearmatics Technologies Ltd,London,,Worker (A rating),Skilled Worker,tech
"Clearwater Analytics, Ltd.",Edinburgh,,Worker (A rating),Global Business Mobility: Senior or Specialist Worker; Skilled Worker,tech
Cleo AI Ltd,London,,Worker (A rating),Skilled Worker,tech
CLEO Systems 24 Ltd,Ashford,Kent,Worker (A rating),Skilled Worker,tech
Clientserver Technology Solutions Ltd,Rugby,,Worker (A rating),Skilled Worker,tech
Climate Tech Insights UK Limited,London,,Worker (A rating),Skilled Worker,tech
Clockwork IT Ltd,Coventry,West Midlands,Worker (A rating),Skilled Worker,tech
Clockwork Technologies UK Limited,London,,Worker (A rating),Skilled Worker,tech
Cloud & Compliance Ltd,Birmingham,,Worker (A rating),Skilled Worker,tech
CLOUD 9 BEDS LIMITED,Huddersfield,,Worker (A rating),Skilled Worker,tech
Cloud Agri LTD,Manchester,,Worker (A rating),Skilled Worker,tech
Cloud Aiops Consulting Ltd,Swindon,,Worker (A rating),Skilled Worker,tech
Cloud Analytics Limited,Bexleyheath,Kent,Worker (A rating),Skilled Worker,tech
Cloud Army UK Limited,Harrow,Middlesex,Worker (A rating),Skilled Worker,tech
Cloud Aware Services Ltd,London,,Worker (A rating),Skilled Worker,tech
Cloud Bleu Management  Services Limited,Hampshire,,Worker (A rating),Skilled Worker,tech
Cloud Bridge Technologies Limited,Manchester,,Worker (A rating),Skilled Worker,tech
Cloud Capital LLP,London,,Worker (A rating),Global Business Mobility: Senior or Specialist Worker; Skilled Worker,tech
Cloud Combinator LTD,Shenfield,United Kingdom,Worker (A rating),Skilled Worker,tech
CLOUD COMPUTING SERVICES LTD,Livingston,,Worker (A rating),Skilled Worker,tech
Cloud Construction Control Limited,Motherwell,,Worker (A rating),Skilled Worker,tech
Cloud Consulting Group Ltd,Bristol,,Worker (A rating),Skilled Worker,tech
CLOUD CX LTD,London,,Worker (A rating),Skilled Worker,tech
Cloud Cycle Ltd,London,,Worker (A rating),Skilled Worker,tech
CLOUD DATA CONSULTANTS LTD,Slough,,Worker (A rating),Skilled Worker,tech
Cloud Digest Ltd,Oxted,Surrey,Worker (A rating),Skilled Worker,tech
Cloud Digital Limited,Hinckley,,Worker (A rating),Skilled Worker,tech
CLOUD DOING GOOD GROUP LIMITED,West Wycombe,,Worker (A rating),Skilled Worker,tech
Cloud Flicker Solutions Ltd,Beaconsfield,,Worker (A rating),Skilled Worker,tech
Cloud Galacticos,London,Greater London,Worker (A rating),Skilled Worker,tech
Cloud Imperium Games Limited,Manchester,,Worker (A rating); Temporary Worker (A rating),Global Business Mobility: Senior or Specialist Worker; Creative Worker; Skilled Worker,tech
CLOUD IX KITCHENS LTD,UXBRIDGE,MIDDLESEX,Worker (A rating),Skilled Worker,tech
Cloud Kitchen London Ltd T/AS Hyderabad Wala {House of Biryani},London,,Worker (A rating),Skilled Worker,tech
Cloud Lending UK Ltd,London,,Worker (A rating),Global Business Mobility: Senior or Specialist Worker; Skilled Worker,tech
Cloud Logics Ltd,BROMLEY,,Worker (A rating),Skilled Worker,tech
Cloud Made Ltd,London,,Worker (A rating),Skilled Worker,tech
CLOUD MANAGER LIMITED,Reading,Berkshire,Worker (A rating),Skilled Worker,tech
Cloud Mantra Limited,New Barnet,,Worker (A rating),Skilled Worker,tech
Cloud Master Limited,Reading,,Worker (A rating),Skilled Worker,tech
Cloud Ninjas Limited,Halesowen,West Midlands,Worker (A rating),Skilled Worker,tech
CLOUD ODYSSEY IT SOLUTIONS LTD,London,,Worker (A rating),Skilled Worker,tech
CLOUD RETAIL LTD,London,,Worker (A rating),Skilled Worker,tech
Cloud SG UK Ltd,London,,Worker (A rating),Skilled Worker; Global Business Mobility: Senior or Specialist Worker,tech
CLOUD TAX LIMITED,London,,Worker (A rating),Skilled Worker,tech
CLOUD TECHEES LTD,Ipswich,,Worker (A rating),Skilled Worker,tech
Cloud Technologies Ltd,Ilford,Essex,Worker (A rating),Skilled Worker,tech
Cloud Travel Limited,Southall,,Worker (A rating),Skilled Worker,tech
Cloud Valley Ltd,Stratford,,Worker (A rating),Skilled Worker,tech
Cloud23 UK IT Consulting Services Ltd,Aylesbury,,Worker (A rating),Skilled Worker,tech
CLOUDFIRST TECHNOLOGIES LTD,CHELMSFORD,,Worker (A rating),Skilled Worker,tech
CloudMind AI Limited,Bromley,,Worker (A rating),Skilled Worker,tech
CloudNet Technologies Limited,Manchester,,Worker (A rating),Skilled Worker,tech
CLOUDNINE IT Services Limited,Sutton,Surrey,Worker (A rating),Skilled Worker,tech
CloudPay Technology Limited,Andover,,Worker (A rating),Global Business Mobility: Senior or Specialist Worker; Skilled Worker,tech
Cloudscouts Technology Services UK Ltd,Slough,Berkshire,Worker (A rating),Skilled Worker,tech
Cloudsec Systems Ltd,Crawley,,Worker (A rating),Skilled Worker,tech
CLOUDSMAN IT SOLUTIONS LIMITED,London,,Worker (A rating),Skilled Worker,tech
Cloudwick Technologies UK,Kent,,Worker (A rating),Global Business Mobility: Senior or Specialist Worker; Skilled Worker,tech
CM CLOUD & DEVOPS LTD,London,Middlesex,Worker (A rating),Skilled Worker,tech
CM TELECOM UK LTD,Tonbridge,London,Worker (A rating),Skilled Worker; Global Business Mobility: Senior or Specialist Worker,tech
CMCA Integrated Systems Limited,Crook,Durham,Worker (A rating),Skilled Worker,tech
CNC - Communications & Network Consulting Limited,London,,Worker (A rating),Skilled Worker; Global Business Mobility: Senior or Specialist Worker,tech
CNI NEWS NETWORK LTD,Birmingham,,Worker (A rating); Temporary Worker (A rating),Skilled Worker; Creative Worker,tech
Cnuic Technologies Limited,Currie,Midlothian,Worker (A rating),Skilled Worker,tech
Co Lab Engineering Limited,Whitehaven,Cumbria,Worker (A rating),Skilled Worker,tech
Co-Labs Global Group Ltd,London,,Worker (A rating),Skilled Worker,tech
Coalfire Systems Limited,Manchester,,Worker (A rating),Skilled Worker; Global Business Mobility: Senior or Specialist Worker,tech
Coatsink Software Ltd,Gateshead,,Worker (A rating),Skilled Worker,tech
Cobalt Labs UK Limited,"Hammersmith, London",,Worker (A rating),Global Business Mobility: Senior or Specialist Worker; Skilled Worker,tech
Cockroach Labs UK Limited,London,,Worker (A rating),Skilled Worker; Global Business Mobility: Senior or Specialist Worker,tech
Cocoa Oriental Network UK Limited,London,,Worker (A rating),Skilled Worker,tech
Code 42 Software UK Limited,Maidenhead,,Worker (A rating),Global Business Mobility: Senior or Specialist Worker; Skilled Worker,tech
Code Design Lab Ltd,London,,Worker (A rating),Skilled Worker,tech
Code IT Solutions Limited,Stoke-on-Trent,,Worker (A rating),Skilled Worker,tech
CodeBase Ltd,Edinburgh,Midlothian,Worker (A rating),Scale-up,tech
Coder Technologies Inc,London,,Worker (A rating),Global Business Mobility: UK Expansion Worker,tech
Codereflex Technologies Ltd,Enderby,Leicester,Worker (A rating),Skilled Worker,tech
Codex Software Solutions Ltd,Cheltenham,Gloucestershire,Worker (A rating),Skilled Worker,tech
CODIFAI TECH LTD,London,,Worker (A rating),Skilled Worker,tech
CODM SOFTWARE LIMITED,London,,Worker (A rating),Skilled Worker,tech
Coefficient Systems Ltd,London,,Worker (A rating),Skilled Worker,tech
Coffee Online Group Limited,Leatherhead,Surrey,Worker (A rating),Skilled Worker,tech
COGA AI Limited,Orpington,,Worker (A rating),Skilled Worker,tech
Cogent Networks Ltd,London,,Worker (A rating),Skilled Worker,tech
Cognitive Credit Limited,Bushey Heath,,Worker (A rating),Scale-up,tech
Cognito Technologies Limited,Leeds,,Worker (A rating),Skilled Worker,tech
Colet Systems Ltd,London,,Worker (A rating),Skilled Worker,tech
Collaborative Software Limited T/A Admit One,Wareham,Dorset,Worker (A rating),Skilled Worker,tech
Collins TechSpace Limited,Greater London,,Worker (A rating),Skilled Worker,tech
Colt Technology Services Group Limited,London,,Worker (A rating),Global Business Mobility: Senior or Specialist Worker; Skilled Worker,tech
Colvir Software Solutions Ltd,London,,Worker (A rating),Skilled Worker,tech
Combine AI Limited,Guildford,Surrey,Worker (A rating),Skilled Worker,tech
CoMind Technologies Limited,London,,Worker (A rating),Skilled Worker,tech
comit Financial Systems UK Limited,London,London,Worker (A rating),Skilled Worker,tech
COMM-TECH VOICE & DATA LIMITED,Norwich,Norfolk,Worker (A rating),Skilled Worker,tech
Commerce Software UK LTD,London,,Worker (A rating),Global Business Mobility: Senior or Specialist Worker; Skilled Worker,tech
Commercial It recycling Ltd (T/A Ecogreen It Recycling),Nottingham,Nottinghamshire,Worker (A rating),Skilled Worker,tech
Commit IT Consultancy Ltd,London,,Worker (A rating),Skilled Worker,tech
COMMODITIES AI LTD,London,,Worker (A rating),Skilled Worker,tech
Commonplace Digital LTD,Manchester,,Worker (A rating),Skilled Worker,tech
Commonwealth Telecommunications Organisation,London,,Temporary Worker (A rating); Worker (A rating),International Agreement; Skilled Worker,tech
Communications Software (Airline systems) Limited,London,,Worker (A rating),Skilled Worker,tech
Communications Software Airline Systems Ltd,Ashbourne,Derbyshire,Worker (A rating),Skilled Worker,tech
Community Trust Network,Milton Keynes,,Worker (A rating),Skilled Worker,tech
Commvault Systems Ltd,Reading,Berkshire,Worker (A rating),Global Business Mobility: Senior or Specialist Worker; Skilled Worker,tech
COMPANIES MANAGEMENT SYSTEM,LONDON,,Worker (A rating),Skilled Worker,tech
Compass Labs Ltd,London,,Worker (A rating),Skilled Worker,tech
COMPASSION WEB DESIGN LTD,London,,Worker (A rating),Skilled Worker,tech
CompatibL Technologies Ltd,London,Greater London,Worker (A rating),Skilled Worker; Global Business Mobility: Senior or Specialist Worker,tech
Compco Fire Systems Ltd,Worcester,Worcestershire,Worker (A rating),Skilled Worker,tech
Complete Cyber Limited,Princes Risborough,Buckinghamshire,Worker (A rating),Skilled Worker,tech
COMPLIANCE ANALYTICS LIMITED,London,,Worker (A rating),Skilled Worker,tech
Compliance Online Limited,London,,Worker (A rating),Skilled Worker,tech
Compositional IT Ltd,London,,Worker (A rating),Skilled Worker,tech
Compound Digital Technologies Limited,London,,Worker (A rating),Skilled Worker,tech
Compound Semiconductor Applications Catapult Ltd,Newport,,Worker (A rating),Skilled Worker,tech
Comprehensive IT Developers Ltd,Blackburn,,Worker (A rating),Skilled Worker,tech
Compufile Systems Limited,Godalming,Surrey,Worker (A rating),Skilled Worker,tech
Computer Club Limited,Stockport,,Worker (A rating),Skilled Worker,tech
Computer ConQuest ltd,Shangton,Leics,Worker (A rating),Skilled Worker,tech
Computer Gurus Limited,Tunbridge Wells,Kent,Worker (A rating),Skilled Worker,tech
COMPUTER HYPE LTD,London,London,Worker (A rating),Skilled Worker,tech
COMPUTER INTELLECTS LIMITED,Sutton,London,Worker (A rating),Skilled Worker,tech
Computer Says Maybe Ltd,London,,Worker (A rating),Skilled Worker,tech
Computer Specialist LTD,Birmingham,,Worker (A rating),Skilled Worker,tech
Computer Task Group (UK) LTD,Reading,Berkshire,Worker (A rating),Global Business Mobility: Senior or Specialist Worker; Skilled Worker,tech
Computer Troubleshooters Redbridge Limited,Ilford,Essex,Worker (A rating),Skilled Worker,tech
Computing Distribution Group Ltd,Sunningdale,Berkshire,Worker (A rating),Skilled Worker,tech
Comtech IT Services Limited,Northampton,Northants,Worker (A rating),Skilled Worker,tech
COMTEK NETWORK SYSTEMS (UK)LTD,DEESIDE,FLINTSHIRE,Worker (A rating),Skilled Worker,tech
Comviva Technologies Limited,London,,Worker (A rating),Skilled Worker; Global Business Mobility: Senior or Specialist Worker,tech
Concept Analytics LTD,Merseyside,,Worker (A rating),Skilled Worker,tech
Concept Systems Limited,Edinburgh,Midlothian,Worker (A rating),Skilled Worker,tech
Concrete Batching Systems Limited,Armagh,Armagh,Worker (A rating),Skilled Worker,tech
Concrete Panel Systems Limited,NANTWICH,,Worker (A rating),Skilled Worker,tech
Concur Technologies (UK) Limited,Feltham,Middlesex,Worker (A rating),Global Business Mobility: Senior or Specialist Worker; Skilled Worker,tech
Concurrent Technologies Plc,Colchester,Essex,Worker (A rating),Global Business Mobility: Senior or Specialist Worker; Skilled Worker,tech
Conduct AI Ltd,London,,Worker (A rating),Skilled Worker,tech
Conference Technologies UK Limited,Retford,Nottinghamshire,Worker (A rating),Skilled Worker,tech
Connect In Cloud Ltd,Tilbury,Essex,Worker (A rating),Skilled Worker,tech
Connect it Utility Services Ltd,Hedge End,Southampton,Worker (A rating),Skilled Worker,tech
Connect Software Solutions Limited,"Nelson, Lancashire",,Worker (A rating),Skilled Worker,tech
Connected Data Company Ltd,London,,Worker (A rating),Skilled Worker,tech
Connected IT Contract Limited,Manchester,Any,Worker (A rating),Skilled Worker,tech
CONNECTING CORE IT SOLUTIONS LIMITED,BROMLEY,,Worker (A rating),Skilled Worker,tech
CONQUEST TECH SOLUTIONS LTD,England,,Worker (A rating),Skilled Worker,tech
ConsenSys Systems UK Limited,Nether Alderley,Cheshire,Worker (A rating),Global Business Mobility: Senior or Specialist Worker; Skilled Worker,tech
Constant Air Systems Ltd,High Wycombe,Buckinghamshire,Worker (A rating),Skilled Worker,tech
CONSTELLATION TECHNOLOGY SERVICES LTD,Milton Keynes,Buckinghamshire,Worker (A rating),Skilled Worker,tech
Construction Fixings Systems Ltd,Marlow,Bucks,Worker (A rating),Skilled Worker,tech
Constructions Techniques Limited,Chorley,Lancashire,Worker (A rating),Skilled Worker,tech
Contained Technologies UK Ltd,Spalding,Lincolnshire,Worker (A rating),Skilled Worker,tech
Container Solutions Software Ltd,London,,Worker (A rating),Skilled Worker,tech
CONTENT+CLOUD LIMITED,Manchester,,Worker (A rating),Global Business Mobility: Senior or Specialist Worker; Skilled Worker,tech
CONTEXTUAL TECHNOLOGIES LTD,London,,Worker (A rating),Skilled Worker,tech
Continental Networks LTD,Gateshead,,Worker (A rating),Skilled Worker,tech
Contour Technologies Limited,Gloucester,,Worker (A rating),Global Business Mobility: Senior or Specialist Worker; Skilled Worker,tech
CONTRACTPOD TECHNOLOGIES LIMITED,LONDON,,Worker (A rating),Skilled Worker,tech
Control Flow Technologies Group Ltd,Sunderland,Tyne and Wear,Worker (A rating),Skilled Worker,tech
Control Systems International (UK) Limited,Chippenham,,Worker (A rating),Skilled Worker,tech
Control Techniques Dynamics Limited,Andover,Hampshire,Worker (A rating),Skilled Worker; Global Business Mobility: Senior or Specialist Worker,tech
Control Technologies UK Ltd,Sharnbrook,Bedfordshire,Worker (A rating),Skilled Worker,tech
Conveo.ai UK Ltd,Altrincham,Cheshire,Worker (A rating),Global Business Mobility: Senior or Specialist Worker; Skilled Worker,tech
Convergence (Group Networks) Limited,Solihull,,Worker (A rating),Skilled Worker,tech
Convergence labs ltd,Altrincham,Cheshire,Worker (A rating),Skilled Worker,tech
Convergint Technologies UK,Crowborough,East Sussex,Worker (A rating),Skilled Worker,tech
"Convergint Technologies UK, Limited",Crowborough,East Sussex,Worker (A rating),Global Business Mobility: Senior or Specialist Worker; Skilled Worker,tech
Convex Labs Ltd,London,,Worker (A rating),Skilled Worker,tech
Conway Marsh Garrett Technologies Limited,Rendlesham,Suffolk,Worker (A rating),Skilled Worker,tech
Conway Marsh Garrett Technologies Limited CMG Technologies,Rendlesham,,Worker (A rating),Skilled Worker,tech
Conzummate Tech Ltd,Bury,,Worker (A rating),Skilled Worker,tech
Cooking it,Bristol,Bristol,Worker (A rating),Skilled Worker,tech
Coolgarif Technologies Ltd,London,,Worker (A rating),Skilled Worker,tech
Cooper Research Technology Limited,Ripley,Derbyshire,Worker (A rating),Skilled Worker,tech
Cooper Square Technologies UK Ltd,London,,Worker (A rating),Global Business Mobility: Senior or Specialist Worker; Skilled Worker,tech
Cooperative AI Foundation,Exeter,,Worker (A rating),Skilled Worker,tech
COPA-DATA UK LIMITED,Bristol,,Worker (A rating),Skilled Worker,tech
Copper Technologies (UK) Limited,London,,Worker (A rating),Skilled Worker,tech
Cord Technologies Limited,London,,Worker (A rating),Skilled Worker,tech
Cordiant Digital Infrastructure Management LLP,London,Select,Worker (A rating),Skilled Worker,tech
Cordon Technologies Ltd,LONDON,,Worker (A rating),Skilled Worker,tech
Core Consulting Information Technology Limited,South Croydon,,Worker (A rating),Skilled Worker,tech
CORE NETWORK SOLUTIONS UK LTD,Slough,Berkshire,Worker (A rating),Skilled Worker,tech
Core Technology Systems Uk Ltd,LONDON,,Worker (A rating),Skilled Worker,tech
CORENET TECH LTD,COVENTRY,,Worker (A rating),Skilled Worker,tech
Corero Network Security (UK) Limited,London,,Worker (A rating),Skilled Worker,tech
CORESTRAT DECISION ANALYTICS SOLUTIONS LIMITED,London,,Worker (A rating),Skilled Worker,tech
CORPORATE FINANCIAL MANAGEMENT SYSTEMS LIMITED,Watford,,Worker (A rating),Skilled Worker,tech
CORTI AI UK LIMITED,London,,Worker (A rating),Skilled Worker,tech
Cotham Technologies Limited,Bristol,,Worker (A rating),Skilled Worker,tech
Count Technologies Ltd,London,,Worker (A rating),Skilled Worker,tech
County Homesearch International Ltd,Truro,Cornwall,Worker (A rating),Scale-up; Skilled Worker,tech
Coupa Software UK Ltd,London,,Worker (A rating),Skilled Worker; Global Business Mobility: Senior or Specialist Worker,tech
Cov Tech Ltd,Coventry,,Worker (A rating),Skilled Worker,tech
Covalent Systems Limited,Beaconsfield,Buckinghamshire,Worker (A rating),Skilled Worker,tech
Covarius Technology Limited,London,,Worker (A rating),Skilled Worker,tech
Covasant Technologies (UK) Private Limited,London,,Worker (A rating),Skilled Worker; Global Business Mobility: Senior or Specialist Worker,tech
Cowbell Cyber Ltd,London,,Worker (A rating),Global Business Mobility: Senior or Specialist Worker; Skilled Worker,tech
Cozentus Technologies UK Limited,Harrow,Middlesex,Worker (A rating),Global Business Mobility: Senior or Specialist Worker; Skilled Worker,tech
CP TECH INTERNATIONAL LTD,Manchester,,Worker (A rating),Skilled Worker,tech
CPC Techno Solutions Limited,Birmingham,,Worker (A rating),Skilled Worker,tech
CPI TMD Technologies Ltd,Hayes,Middlesex,Worker (A rating),Skilled Worker,tech
CPL Software Ltd,Glasgow,,Worker (A rating),Skilled Worker,tech
CRAFTIFY TECH LTD,London,,Worker (A rating),Skilled Worker,tech
Crane Merchandising Systems Limited,Chippenham,Wiltshire,Worker (A rating),Global Business Mobility: Senior or Specialist Worker; Skilled Worker,tech
Create Digital Solutions Ltd,Harrow,Middlesex,Worker (A rating),Skilled Worker,tech
Create It Studios (NW) Ltd,Manchester,Lancashire,Worker (A rating),Skilled Worker,tech
CREATION LABS AI LTD T.A HYPERMILE,LONDON,,Worker (A rating),Skilled Worker,tech
Creation Technology Solutions Limited,London,,Worker (A rating),Skilled Worker,tech
CREATIVE IT CONSULTANTS LTD,Solihull,West Midlands,Worker (A rating),Skilled Worker,tech
Creative Network Consulting Ltd t/a Creative ITC,London,,Worker (A rating),Skilled Worker,tech
CREATIVE NETWORKS LIMITED,Rochdale,,Worker (A rating),Skilled Worker,tech
Creativity Software Ltd,"Kingston upon Thames,",Surrey,Worker (A rating),Skilled Worker,tech
Creator Cloud Ltd,Northampton,,Worker (A rating),Skilled Worker,tech
Credit Data Research Ltd,London,,Worker (A rating); Temporary Worker (A rating),Skilled Worker; Global Business Mobility: Senior or Specialist Worker; Global Business Mobility: Graduate Trainee,tech
Crednet Technologies Limited UK,Ruslip,London,Worker (A rating),Skilled Worker,tech
Credo Technology Services UK Ltd,Leeds,,Worker (A rating),Skilled Worker,tech
Cremexchange Technology Ltd,Queenborough,,Worker (A rating),Skilled Worker; Global Business Mobility: UK Expansion Worker,tech
CREX Technologies Limited,London,,Worker (A rating),Skilled Worker,tech
Critical Software Ltd,Southampton,Hampshire,Worker (A rating),Global Business Mobility: Senior or Specialist Worker; Skilled Worker,tech
CROESUS DIGITAL MARKETING LIMITED T/A SOCIAL NUCLEUS,Manchester,,Worker (A rating),Skilled Worker,tech
CROMPTON TECHNOLOGY GROUP LTD,BANBURY,,Worker (A rating),Skilled Worker,tech
Cron AI Ltd,London,,Worker (A rating),Global Business Mobility: Senior or Specialist Worker; Skilled Worker,tech
Crowd Data Systems Limited,Chelmsford,Essex,Worker (A rating),Skilled Worker,tech
Crowd Network Limited,Manchester,,Worker (A rating),Skilled Worker,tech
Crucible Digital Ltd,London,Greater London,Worker (A rating),Skilled Worker,tech
CrystalMaker Software Ltd,Begbroke,Oxfordshire,Worker (A rating),Skilled Worker,tech
CSC Computer Sciences Limited,Farnborough,Hampshire,Worker (A rating),Global Business Mobility: Senior or Specialist Worker; Skilled Worker,tech
CTE Advanced Technologies Ltd,Aylesbury,England,Worker (A rating),Skilled Worker,tech
CTI Digital Limited,Manchester,,Worker (A rating),Skilled Worker,tech
CTO Data Services Group Ltd,London,,Worker (A rating),Skilled Worker,tech
CU Apps Ltd,Glasgow,,Worker (A rating),Skilled Worker,tech
Cube Digital Scotland Ltd t/a CubeWraps,Hamilton,,Worker (A rating),Skilled Worker,tech
Cube Technology IT Services Ltd,Harrow,Middlesex,Worker (A rating),Skilled Worker,tech
Cubewise Software Ltd,Edgware,,Worker (A rating),Skilled Worker,tech
Cubic Transportation Systems Limited,Redhill,Surrey,Worker (A rating),Global Business Mobility: Senior or Specialist Worker; Skilled Worker,tech
Cultura Technologies Limited,Chorley,Lancashire,Worker (A rating),Skilled Worker; Global Business Mobility: Senior or Specialist Worker,tech
Cura Labs Ltd,Ascot,United Kingdom,Worker (A rating),Skilled Worker,tech
Cure It Composites Ltd,Wigan,Lancashire,Worker (A rating),Skilled Worker,tech
Curiosity Software Ireland,Oxford,Oxfordshire,Worker (A rating),Skilled Worker,tech
Cursive AI Limited,London,,Worker (A rating),Skilled Worker,tech
Curve Analytics Limited,London,,Worker (A rating),Skilled Worker,tech
Curve Digital Publishing Limited,London,,Worker (A rating),Skilled Worker,tech
Curve Royalty Systems Ltd,London,,Worker (A rating),Skilled Worker,tech
Cusp AI Limited,Cambridge,Cambridgeshire,Worker (A rating),Skilled Worker,tech
CYBAGE SOFTWARE UK LIMITED,London,,Worker (A rating),Global Business Mobility: Senior or Specialist Worker; Skilled Worker,tech
Cyber Alarm Limited,London,,Worker (A rating),Skilled Worker,tech
Cyber Prism Limited,London,,Worker (A rating),Skilled Worker,tech
Cyber Range Ltd,London,,Worker (A rating),Skilled Worker,tech
Cyber Security Hub Ltd,London,,Worker (A rating),Skilled Worker,tech
CYBER SHEKU LIMITED,LONDON,,Worker (A rating),Skilled Worker,tech
Cyber Strategies Ltd,Potters Bar,,Worker (A rating),Skilled Worker,tech
Cyber-Ark Software (UK) Limited,London,,Worker (A rating),Skilled Worker; Global Business Mobility: Senior or Specialist Worker,tech
Cyber-Weld,Southam,,Worker (A rating),Skilled Worker,tech
CYBERCAFE TRADING LTD.,Hayes,Middlesex,Worker (A rating),Skilled Worker,tech
CyberCube Analytics Europe Limited,London,Middlesex,Worker (A rating),Global Business Mobility: Senior or Specialist Worker; Skilled Worker,tech
CYBERDD LIMITED,LONDON,,Worker (A rating),Skilled Worker,tech
CYBERDD LTD,LONDON,,Worker (A rating),Skilled Worker,tech
CYBERDOG UK LIMITED,London,,Worker (A rating),Skilled Worker,tech
Cyberfort Group,Berkshire,,Worker (A rating),Skilled Worker,tech
Cyberhawk Innovations Ltd,"Ratho, Newbridge",,Worker (A rating),Skilled Worker,tech
CyberIAM Holdings Limited,Chester,Cheshire,Worker (A rating),Skilled Worker,tech
Cyberlens Ltd,Old Harlow,Essex,Worker (A rating),Skilled Worker,tech
CYBERLIVER LIMITED,Manchester,,Worker (A rating),Skilled Worker,tech
CYBERLYSMART SERVICES LIMITED,London,,Worker (A rating),Skilled Worker,tech
CYBEROWL LIMITED,BIRMINGHAM,,Worker (A rating),Skilled Worker,tech
CyberRATSS Ltd,Swindon,Wiltshire,Worker (A rating),Skilled Worker,tech
CYBERREY LTD,London,,Worker (A rating),Skilled Worker,tech
CYBERSECURE365 UK LTD,London,,Worker (A rating),Skilled Worker,tech
CyberShadows Intel Ltd,Lincoln,Lincolnshire,Worker (A rating),Skilled Worker,tech
Cyberstaff Ltd,London,,Worker (A rating),Skilled Worker,tech
Cybersys Technologies Ltd,London,,Worker (A rating),Skilled Worker,tech
Cybertots at Acton Gardens Ltd,London,,Worker (A rating),Skilled Worker,tech
CYBERTOTS AT COPLEY CLOSE CHILDREN`S CENTRE LTD,London,,Worker (A rating),Skilled Worker,tech
Cybertots at GWQ,Middlesex,,Worker (A rating),Skilled Worker,tech
Cybertots Ltd,London,,Worker (A rating),Skilled Worker,tech
Cybertots on the Green,London,London,Worker (A rating),Skilled Worker,tech
CYBERWAVE IT LIMITED,Radlett,,Worker (A rating),Skilled Worker,tech
Cyclone Robotics UK Limited,London,,Worker (A rating),Skilled Worker,tech
Cymar Computer Ltd,London,,Worker (A rating),Skilled Worker,tech
Cytel Statistical Services and Software UK Limited,London,,Worker (A rating),Global Business Mobility: Senior or Specialist Worker; Skilled Worker,tech
CYZ SOFTWARE CONSULTANCY LTD,Bristol,England,Worker (A rating),Skilled Worker,tech
D TECH LONDON LTD,"Barking,",,Worker (A rating),Skilled Worker,tech
D-Tech (UK) Limited,Filton,Bristol,Worker (A rating),Skilled Worker,tech
D2 Legal Technology Ltd,London,,Worker (A rating),Global Business Mobility: Senior or Specialist Worker; Skilled Worker,tech
D2 Network Associates Limited,Stoke on Trent,,Worker (A rating),Skilled Worker,tech
D2I DATA MANAGEMENT LIMITED,Wembley,,Worker (A rating),Skilled Worker,tech
DA Systems Ltd,High Wycombe,Buckinghamshire,Worker (A rating),Skilled Worker,tech
Dabster Systems UK Limited,Staines-Upon-Thames,,Worker (A rating),Skilled Worker,tech
Daella Digital LTD,Aberdeen,Scotland,Worker (A rating),Skilled Worker,tech
Dahua Technology UK Limited,Maidenhead,,Worker (A rating),Global Business Mobility: Senior or Specialist Worker; Skilled Worker,tech
"Daido Metal Co., Ltd. European Technical Centre (UK)",Ilminster,Somerset,Worker (A rating),Global Business Mobility: Senior or Specialist Worker; Skilled Worker,tech
Daisymill Technologies Limited,Salford,,Worker (A rating),Skilled Worker,tech
Dama Tech Ltd. trading as Trustful hands,Kingston Upon Thames,,Worker (A rating),Skilled Worker,tech
Danger Farms Software Ltd,London,,Worker (A rating),Skilled Worker,tech
DANLEO TELECOM SERVICES LIMITED,London,,Worker (A rating),Skilled Worker,tech
Danta IT Solutions Limited,Liverpool,,Worker (A rating),Skilled Worker,tech
Daphne Technologies Ltd,London,,Worker (A rating),Skilled Worker,tech
DARK AND CLOUD LTD,LONDON,,Worker (A rating),Skilled Worker,tech
Dark Horse Digital Ltd,Altrincham,,Worker (A rating),Skilled Worker,tech
Dartbridge Systems Limited,Camberley,Surrey,Worker (A rating),Skilled Worker,tech
Dartington Service Design Lab,DEVON,,Worker (A rating),Skilled Worker,tech
Darwin Evolution Technologies Ltd,London,,Worker (A rating),Skilled Worker,tech
Data 1St Ltd,SWINDON,,Worker (A rating),Skilled Worker,tech
DATA ANALYTICS & VISUALISATION LIMITED,Rickmansworth,Hertfordshire,Worker (A rating),Skilled Worker,tech
Data and Marketing Association Ltd,London,,Worker (A rating),Skilled Worker,tech
Data Center Erith Limited,Erith,,Worker (A rating),Global Business Mobility: Senior or Specialist Worker; Skilled Worker,tech
Data Centre Dynamics Limited,LONDON,,Worker (A rating),Global Business Mobility: Senior or Specialist Worker; Skilled Worker,tech
Data Clarity Limited,Derby,,Worker (A rating),Skilled Worker,tech
Data Cloud Ltd,London,,Worker (A rating),Skilled Worker,tech
Data Connect Solutions Ltd,Reading,,Worker (A rating),Skilled Worker,tech
Data Conversion Systems Limited,Swavesey,Cambridgeshire,Worker (A rating),Skilled Worker,tech
Data Cubed Limited,Bristol,,Worker (A rating),Skilled Worker,tech
Data Design Solutions Limited,Iver,Buckinghamshire,Worker (A rating),Skilled Worker,tech
DATA ENERGY MANAGEMENT SERVICES LIMITED,Hertfordshire,,Worker (A rating),Skilled Worker,tech
Data Engineering Project Limited,Glasgow,,Worker (A rating),Skilled Worker,tech
DATA FIDELITY PVT LTD,London,,Worker (A rating),Skilled Worker,tech
Data HQ Ltd,Chelmsford,Essex,Worker (A rating),Skilled Worker,tech
Data Inc UK Ltd,London,,Worker (A rating),Skilled Worker,tech
Data Intellect Services Limited,Belfast,,Worker (A rating),Skilled Worker,tech
Data Intelligance Services Ltd,London,,Worker (A rating),Skilled Worker,tech
Data Intensity Limited,Chelmsford,Essex,Worker (A rating),Skilled Worker; Global Business Mobility: Senior or Specialist Worker,tech
Data Interconnect Ltd,Watchfield,Oxon,Worker (A rating),Skilled Worker,tech
Data Kraken Consultancy Ltd,Oxford,,Worker (A rating),Skilled Worker,tech
Data Market Information Technology Ltd,London,,Worker (A rating),Skilled Worker,tech
Data OPS Limited,Radlett,Hertfordshire,Worker (A rating),Skilled Worker,tech
Data Physics (UK) Ltd,Hailsham,,Worker (A rating),Skilled Worker,tech
Data Privacy Simplified Ltd,Bedford,,Worker (A rating),Skilled Worker,tech
Data Protection People Limited,Leeds,,Worker (A rating),Skilled Worker,tech
Data Science Central UK Ltd.,London,,Worker (A rating),Skilled Worker; Global Business Mobility: Senior or Specialist Worker,tech
DATA SIP LIMITED,Glasgow,,Worker (A rating),Skilled Worker,tech
Data Socket Limited,London,,Worker (A rating),Skilled Worker,tech
Data Solutionz Limited,Milton Keynes,Buckinghamshire,Worker (A rating),Skilled Worker,tech
Data Spartan Limited,London,London,Worker (A rating),Skilled Worker,tech
Data Technology Limited,Rickmansworth,,Worker (A rating),Skilled Worker,tech
Data Theorem Limited,London,,Worker (A rating),Global Business Mobility: Senior or Specialist Worker; Skilled Worker,tech
DATA TRANS TECHNOLOGIES LIMITED,HOUNSLOW,,Worker (A rating),Skilled Worker,tech
Data Trek Technologies Ltd,London,,Worker (A rating),Skilled Worker,tech
DATA TRIALS SOLUTIONS LTD,Milton Keynes,,Worker (A rating),Skilled Worker,tech
DATA VISION SERVICES LTD,London,,Worker (A rating),Skilled Worker,tech
Data Vity Innovations T/A The Data City,Ilkely,West Yorkshire,Worker (A rating),Skilled Worker,tech
Data Yield Limited,Milton Keynes,,Worker (A rating),Skilled Worker,tech
DataArt Technologies UK Ltd,London,,Worker (A rating),Skilled Worker,tech
Databook Labs UK Ltd,London,,Worker (A rating),Skilled Worker,tech
DATAFORM LAB LIMITED,London,,Worker (A rating),Skilled Worker,tech
DATALEO AI LIMITED,London,,Worker (A rating),Skilled Worker,tech
Datamato Technologies Limited,Greater London,London,Worker (A rating),Global Business Mobility: Senior or Specialist Worker; Skilled Worker,tech
Datametric IT Solutions Ltd,London,,Worker (A rating),Skilled Worker,tech
DATAMINE DIGITAL LIMITED,Preston,,Worker (A rating),Skilled Worker,tech
Datascan Retail Systems Ltd,Coleshill,,Worker (A rating),Skilled Worker,tech
Datascope Systems Ltd,Chester,,Worker (A rating),Skilled Worker,tech
Datashrubs Technologies Ltd,Ilford,Essex,Worker (A rating),Skilled Worker,tech
DATAZONE TECHNOLOGIES LIMITED,London,,Worker (A rating),Skilled Worker,tech
Datel Computing Limited,Warrington,,Worker (A rating),Skilled Worker,tech
DAVETHAN TECHNOLOGIES LIMITED,London,,Worker (A rating),Skilled Worker,tech
DAVIS GROUND IT SERVICES LIMITED,Coventry,England,Worker (A rating),Skilled Worker,tech
DAWN TECHNOLOGIES LTD,London,,Worker (A rating),Skilled Worker,tech
Daxtra Technologies Ltd,Musselburgh,,Worker (A rating),Skilled Worker,tech
DAY TECHNOLOGIES LTD/ Trading name Duty Refunds,London,,Worker (A rating),Skilled Worker,tech
Dayshape Software Ltd,Edinburgh,,Worker (A rating),Skilled Worker,tech
DBT LABS UK LIMITED,READING,,Worker (A rating),Global Business Mobility: Senior or Specialist Worker; Skilled Worker,tech
DBT Telecom Limited,Kettering,,Worker (A rating),Skilled Worker,tech
DC Voltage Gradient Technology and Supply Ltd,Hindley Green,Wigan,Worker (A rating),Skilled Worker,tech
DCM Technologies Limited,London,,Worker (A rating),Skilled Worker,tech
Dcube Technologies Ltd,Reading,,Worker (A rating),Skilled Worker,tech
DCV Technologies Limited,Hemel Hempstead,,Worker (A rating),Skilled Worker,tech
Decagon AI UK Ltd,London,,Worker (A rating),Skilled Worker; Global Business Mobility: Senior or Specialist Worker,tech
DECILLION DIGITAL LIMITED,Brentford,,Worker (A rating),Skilled Worker,tech
Decimal Point Analytics Limited,Barking,Essex,Worker (A rating),Skilled Worker; Global Business Mobility: Senior or Specialist Worker,tech
Decimal Technologies Ltd,Bedford,Bedfordshire,Worker (A rating),Skilled Worker,tech
DECISION LAB LTD,LOUGHBOROUGH,LEICESTERSHIRE,Worker (A rating),Skilled Worker,tech
Decision Technology limited,London,,Worker (A rating),Skilled Worker,tech
Decypher Technologies UK Limited,Cardiff,,Worker (A rating),Skilled Worker,tech
Deep Knowledge Analytics Limited,London,,Worker (A rating),Skilled Worker,tech
Deepmay Technologies Limited,Birmingham,,Worker (A rating),Skilled Worker,tech
Deepsea Technologies UK Ltd,Bromborough,WIRRAL,Worker (A rating),Skilled Worker,tech
Deevi Technologies Ltd,Leeds,,Worker (A rating),Skilled Worker,tech
Defence Security Solutions Company Limited,Brentwood,,Worker (A rating),Scale-up; Skilled Worker,tech
Deimos Cloud Ltd,London,,Worker (A rating),Skilled Worker,tech
Delaware Digital LLP,London,,Worker (A rating),Skilled Worker,tech
DELISYS TECHNOLOGIES LTD,NOTTINGHAM,,Worker (A rating),Skilled Worker,tech
Deliverance AI Ltd,Newry,Northern Ireland,Worker (A rating),Skilled Worker,tech
Delivers.AI LTD,Warwick,,Worker (A rating),Skilled Worker,tech
Delmar Systems Ltd,Aberdeen,,Worker (A rating),Skilled Worker,tech
Delphix Software Limited,Bracknell,Oldbury,Worker (A rating),Skilled Worker,tech
Delta Energy Systems (UK) Ltd,East Klibride,,Worker (A rating),Skilled Worker,tech
DELTA TECH GLOBAL LIMITED,London,,Worker (A rating),Skilled Worker,tech
Deltaclass Technology Solutions Limited,Slough,Berkshire,Worker (A rating),Skilled Worker,tech
Deltapro Tech Ltd,London,,Worker (A rating),Global Business Mobility: Senior or Specialist Worker; Skilled Worker,tech
Demse Technical Systems Limited,London,Greater London,Worker (A rating),Skilled Worker,tech
Denisa Telecom Limited,Horsham,West Sussex,Worker (A rating),Skilled Worker,tech
Denodo Technologies LTD,London,,Worker (A rating),Global Business Mobility: Senior or Specialist Worker; Skilled Worker,tech
DENUKAN NETWORK UK BR. LTD,Chelmsford,,Worker (A rating),Skilled Worker,tech
"Department for Science, Innovation and Technology",London,,Worker (A rating),Skilled Worker,tech
Deriv Technologies Limited,Reading,,Worker (A rating),Skilled Worker,tech
Despatch Cloud Ltd,Driffield,Yorkshire,Worker (A rating),Skilled Worker,tech
DESSEIN LAB LTD,Ilford,,Worker (A rating),Skilled Worker,tech
Devbox Technologies Limited,London,,Worker (A rating),Skilled Worker; Global Business Mobility: Senior or Specialist Worker,tech
Develop-IT Software Limited,Bishop's Stortford,England,Worker (A rating),Skilled Worker,tech
DEVELOPER LABS LIMITED,Miltonkeynes,,Worker (A rating),Skilled Worker,tech
Developing World Systems,Marlow,Buckinghamshire,Worker (A rating),Skilled Worker,tech
Dever Software Ltd,Cullompton,Devon,Worker (A rating),Skilled Worker,tech
Devi Technologies Limited,Bimingham,West Midlands,Worker (A rating),Scale-up; Skilled Worker,tech
Deviate Digital LTD,London,,Worker (A rating),Skilled Worker,tech
DEVISE IT CONSULTING LTD,Farnham,,Worker (A rating),Skilled Worker,tech
Devolver Digital Games Limited,London,,Worker (A rating),Skilled Worker,tech
DEVOPSTER IT CONSULTANTS LTD,Newbury,,Worker (A rating),Skilled Worker,tech
Dew Technology Limited,Surbiton,,Worker (A rating),Skilled Worker,tech
Dext Software Limited,London,,Worker (A rating),Skilled Worker; Global Business Mobility: Senior or Specialist Worker,tech
DG Tech Solution Limited,Slough,Berkshire,Worker (A rating),Skilled Worker,tech
DG-UK GLOBAL MANAGEMENT & TECHNOLOGY LTD,Harrow,,Worker (A rating),Skilled Worker,tech
DGR DIGITAL LTD,London,,Worker (A rating),Skilled Worker,tech
DGS TECH LIMITED,Reading,Berkshire,Worker (A rating),Skilled Worker,tech
DHARMIK DIGITAL SOLUTIONS LTD,London,,Worker (A rating),Skilled Worker,tech
Dheeraja Systems Limited,Ilford,,Worker (A rating),Skilled Worker,tech
DHMSC IT Services Limited,Rugby,,Worker (A rating),Skilled Worker,tech
DHS IT Solutions Ltd,"Regent Farm Rd, Gosforth",Newcastle upon Tyne,Worker (A rating),Skilled Worker,tech
DIA Systems Limited,Peacehaven,East Sussex,Worker (A rating),Skilled Worker,tech
DIAMOND PLUS TELECOM LTD,ILFORD,,Worker (A rating),Skilled Worker,tech
Diaspora African Women's Support Network CIC,Glasgow,,Worker (A rating),Skilled Worker,tech
Diazone Computer Services Ltd,Sale,Greater Manchester,Worker (A rating),Skilled Worker,tech
Dictate IT Ltd.,London,,Worker (A rating),Skilled Worker,tech
Diffractive Labs Ltd,London,,Worker (A rating),Skilled Worker,tech
Digi Technology Limited,Hatfield,,Worker (A rating),Skilled Worker,tech
Digit Audio Technology Ltd,Leigh On Sea,Essex,Worker (A rating),Skilled Worker,tech
DIGITAIKEN TECH CORPORATION LTD,Park Royal,,Worker (A rating),Skilled Worker; Global Business Mobility: Senior or Specialist Worker,tech
DIGITAL (I) TECHNOLOGIES LTD,Preston,,Worker (A rating),Skilled Worker,tech
DIGITAL AD CONSULTANT LTD,Stoke-On-Trent,Staffordshire,Worker (A rating),Skilled Worker,tech
DIGITAL AGE PROFESSIONALS ENTERPRISE LIMITED,West Midlands,,Worker (A rating),Skilled Worker,tech
Digital Apple UK Ltd,London,,Worker (A rating),Skilled Worker,tech
Digital Applications International Limited,STOCKPORT,,Worker (A rating),Global Business Mobility: Senior or Specialist Worker; Skilled Worker,tech
Digital Arts Studios,Belfast,,Temporary Worker (A rating),Creative Worker,tech
Digital Back Office Limited,Harrow,,Worker (A rating),Skilled Worker,tech
Digital Boutique Limited,Edinburgh,Scotland,Worker (A rating),Skilled Worker,tech
Digital Buying Partners Limited,Slough,Berkshire,Worker (A rating),Skilled Worker,tech
DIGITAL CAFE LIMITED,Burgess Hill,,Worker (A rating),Skilled Worker,tech
Digital Catapult,London,,Worker (A rating),Skilled Worker,tech
Digital Cinema Media Ltd,London,,Worker (A rating),Skilled Worker,tech
DIGITAL CLIPBOARD LIMITED,London,,Worker (A rating),Skilled Worker,tech
DIGITAL COMBAT AGENCY LTD,Romford,,Worker (A rating),Skilled Worker,tech
Digital Commonwealth Limited,London,,Worker (A rating),Skilled Worker,tech
Digital Completion UK Limited,Leeds,West Yorkshire,Worker (A rating),Global Business Mobility: Senior or Specialist Worker; Skilled Worker,tech
Digital Cryogenics Limited,London,United Kingdom,Worker (A rating),Skilled Worker,tech
Digital Data Consultancy Ltd,High Wycombe,,Worker (A rating),Skilled Worker,tech
Digital Detox Ltd,LONDON,,Worker (A rating),Skilled Worker,tech
Digital Devices Limited,London,Middlesex,Worker (A rating),Skilled Worker,tech
Digital Devops Limited,Aylesbury,Buckinghamshire,Worker (A rating),Skilled Worker,tech
Digital Diligence Ltd,London,,Worker (A rating),Skilled Worker,tech
DIGITAL DIRECT SOLUTIONS LTD,London,,Worker (A rating),Skilled Worker,tech
Digital Directories Limited,London,,Worker (A rating),Skilled Worker,tech
DIGITAL DISRUPTION TECHNOLOGIES LTD,London,England,Worker (A rating),Skilled Worker,tech
DIGITAL DREAM LTD,London,,Worker (A rating),Skilled Worker,tech
DIGITAL EARTH LTD,Aspley Guise,,Worker (A rating),Skilled Worker,tech
Digital Edge Print Group Limited,Oldham,Greater Manchester,Worker (A rating),Skilled Worker,tech
DIGITAL EMERGENCY LTD,HUDDERSFIELD,,Worker (A rating),Skilled Worker,tech
Digital Eye Security System Limited,Staines,,Worker (A rating),Skilled Worker,tech
Digital First Holdings UK Limited,London,,Worker (A rating),Skilled Worker,tech
Digital Futures Group Limited,London,,Worker (A rating),Skilled Worker,tech
Digital Gaming Corporation Limited,Elstree,,Worker (A rating),Skilled Worker,tech
Digital Glue Ltd,Birmingham,,Worker (A rating),Skilled Worker,tech
Digital Icon Agency Ltd,Derby,Derbys,Temporary Worker (A rating); Worker (A rating),Creative Worker; Skilled Worker,tech
Digital Infrastructure Services Ltd,Newton-le-Willows,Middlesex,Worker (A rating),Skilled Worker,tech
Digital Innk Limited,Birmingham,,Worker (A rating),Skilled Worker,tech
Digital Insight Technologies Limited trading as Xapien,London,,Worker (A rating),Skilled Worker,tech
DIGITAL INSIGHTS CONSULTANCY LIMITED,Milton Keynes,Buckhinghamshire,Worker (A rating),Skilled Worker,tech
Digital Isle Limited,Newry,,Worker (A rating),Skilled Worker,tech
DIGITAL LIFE PARTNERS LTD,London,,Worker (A rating),Skilled Worker,tech
Digital Manufacturing Centre Ltd,Towcester,,Worker (A rating),Skilled Worker,tech
Digital Marmalade Limited,London,,Worker (A rating),Skilled Worker,tech
Digital Media Distribution Limited,Tyne And Wear,,Worker (A rating),Skilled Worker,tech
Digital Media Gang,Solihull,West Midlands,Worker (A rating),Skilled Worker,tech
Digital Media Innovations UK LTD,Gloucester,,Worker (A rating),Skilled Worker,tech
Digital Media Services UK Ltd,London,,Worker (A rating),Skilled Worker,tech
Digital Media Technologies LTD,Hertford,,Worker (A rating),Skilled Worker,tech
Digital Mobile Innovations Limited,London,,Worker (A rating),Global Business Mobility: Senior or Specialist Worker; Skilled Worker,tech
Digital Moneybox Limited,London,,Worker (A rating),Skilled Worker,tech
Digital News Agency Ltd,London,England,Worker (A rating),Skilled Worker,tech
Digital Odour Technologies Limited,Dagenham,Essex,Worker (A rating),Skilled Worker,tech
Digital Office Systems Ltd,Ashby de la Zouch,Leicestershire,Worker (A rating),Skilled Worker,tech
DIGITAL ORANGE NETWORKS LIMITED,Bromley,,Worker (A rating),Skilled Worker,tech
Digital Orchard Group Ltd,Chalfont St Giles,,Worker (A rating),Skilled Worker,tech
DIGITAL OUTLET LONDON LTD,LONDON,,Worker (A rating),Skilled Worker,tech
DIGITAL PORT LTD,Manchester,,Worker (A rating),Skilled Worker,tech
Digital Prosthetics Limited,Birmingham,,Worker (A rating),Skilled Worker,tech
Digital Quotient Solutions Limited,Cheltenham,,Worker (A rating),Skilled Worker,tech
Digital Reality Corp Ltd (trading as Pupil and/or Stak),London,,Worker (A rating),Skilled Worker,tech
DIGITAL REALTY (UK) LIMITED,LONDON,,Worker (A rating),Global Business Mobility: Senior or Specialist Worker; Skilled Worker,tech
DIGITAL RESILIENCE UK LTD,Cambridge,,Worker (A rating),Skilled Worker,tech
Digital RFQ Limited,London,,Worker (A rating),Skilled Worker,tech
Digital Science & Research Solutions Limited,London,,Worker (A rating),Global Business Mobility: Senior or Specialist Worker; Skilled Worker,tech
Digital Select Ltd,Lowestoft,Suffolk,Worker (A rating),Skilled Worker,tech
DIGITAL SERVICES HUB LIMITED,London,,Worker (A rating),Skilled Worker,tech
Digital Sign UK Ltd T/A Digital Signage UK,London,,Worker (A rating),Skilled Worker,tech
Digital Space Group Limited,Newark,Nottinghamshire,Worker (A rating),Skilled Worker,tech
Digital Spring Limited,London,,Worker (A rating),Skilled Worker,tech
Digital Staff Solutions T/A Florence,London,,Worker (A rating),Skilled Worker,tech
Digital Sterling Limited,Leeds,,Worker (A rating),Skilled Worker,tech
DIGITAL STREAMING LIMITED,Manchester,,Worker (A rating),Skilled Worker,tech
Digital Taxonomy Limited,London,,Worker (A rating),Skilled Worker,tech
DIGITAL TRANSFORMATION CAPITAL PARTNERS UK LIMITED,London,,Worker (A rating),Global Business Mobility: Senior or Specialist Worker; Skilled Worker,tech
DIGITAL TRAVEL MARKETING GROUP LIMITED,"Liverpool, Merseyside",,Worker (A rating),Skilled Worker,tech
Digital Uncut,London,Shoreditch,Worker (A rating),Global Business Mobility: Senior or Specialist Worker; Skilled Worker,tech
Digital Unlimited Group Ltd,London,,Worker (A rating),Skilled Worker,tech
Digital Voices Limited,London,,Worker (A rating),Skilled Worker,tech
Digital Willow Ltd,London,Greater London,Worker (A rating),Skilled Worker,tech
DIGITAL-I LIMITED,Bristol,,Worker (A rating),Skilled Worker,tech
Digital.ai Software (UK) Ltd.,London,,Worker (A rating),Skilled Worker,tech
DIGITAL.CAMZ LTD,Ilford,,Worker (A rating),Skilled Worker,tech
DIGITALK Technology Limited,Milton Keynes,,Worker (A rating),Skilled Worker,tech
DigitalQ UK IT Solutions Ltd,Slough,,Worker (A rating),Skilled Worker,tech
DIGITEC Financial Technologies and Services (UK) Ltd,London,United Kingdom,Worker (A rating),Skilled Worker,tech
DIGITEX TECHNOLOGIES LIMITED,Dagenham,,Worker (A rating),Skilled Worker,tech
DIGS Technology Limited,Swansea,,Worker (A rating),Skilled Worker,tech
DIMENSION FOUR TECHNOLOGY LIMITED,London,,Worker (A rating),Skilled Worker,tech
Diodes Semiconductor GB Ltd,Greenock,,Worker (A rating),Skilled Worker,tech
Diodes Zetex Semiconductors Ltd,Oldham,,Worker (A rating),Skilled Worker,tech
Dirac Software Limited,London,,Worker (A rating),Skilled Worker,tech
Direct Channel Support Systems Limited,Tipton,,Worker (A rating),Skilled Worker,tech
Direct Link Technologies Ltd,London,,Worker (A rating),Skilled Worker,tech
Direct Online Services Ltd,"Quedgeley, Gloucester",,Temporary Worker (A rating); Worker (A rating),Global Business Mobility: Graduate Trainee; Skilled Worker; Global Business Mobility: Senior or Specialist Worker,tech
Discover Digital Solutions Limited,Reading,,Worker (A rating),Skilled Worker,tech
Disguise Technologies Ltd,London,London,Worker (A rating),Skilled Worker,tech
Distinctly Digital Limited,London,,Worker (A rating),Skilled Worker,tech
Distributed Systems Management Limited,Cheltenham,,Worker (A rating),Skilled Worker,tech
Diti Tech Ltd,Amersham,Buckinghamshire,Worker (A rating),Skilled Worker,tech
Diyaan IT Services Provider Limited,London,,Worker (A rating),Skilled Worker,tech
DK Practice & Lab Limited,Weymouth,,Worker (A rating),Skilled Worker,tech
DKR IT Consulting UK Limited,Basingstoke,,Worker (A rating),Skilled Worker,tech
DL TECHNOLOGIES LTD,LONDON,,Worker (A rating),Skilled Worker,tech
DLT APPS LIMITED,York,York,Worker (A rating),Skilled Worker,tech
Dmatics IT Solutions UK Ltd 14833334,England,,Worker (UK Expansion Worker: Provisional ),Global Business Mobility: UK Expansion Worker,tech
DMI Network,London,,Worker (A rating),Skilled Worker,tech
DNA MOBILES & COMPUTERS LTD,STOWMARKET,SUFFOLK,Worker (A rating),Skilled Worker,tech
DNH Lab,London,Surrey,Worker (A rating),Skilled Worker,tech
DO IT CREATIVE LIMITED,LONDON,,Temporary Worker (A rating); Worker (A rating),Creative Worker; Skilled Worker,tech
Docky Tech Limited,Warwick,West Midlands,Worker (A rating),Skilled Worker,tech
DOCME TECHNOLOGIES LTD,Cambridge,,Worker (A rating),Skilled Worker,tech
Dog Digital Ltd,Glasgow,Lanarkshire,Worker (A rating),Skilled Worker,tech
Dogan Online Limited,London,,Worker (A rating),Skilled Worker,tech
Doherty IT Solutions Ltd Trading As Doherty Associates,London,,Worker (A rating),Skilled Worker,tech
Doka UK Formwork Technologies Ltd,Sittingbourne,Kent,Worker (A rating),Skilled Worker,tech
Dolphin IT Solutions (UK) Ltd,Barnstaple,Devon,Worker (A rating),Skilled Worker,tech
Domino Data Lab Limited,London,,Worker (A rating),Skilled Worker; Global Business Mobility: Senior or Specialist Worker,tech
Donesol Tech Services Ltd T/A Dr Gadgets,Romforfd,,Worker (A rating),Skilled Worker,tech
Donot Name It Ltd,London,,Worker (A rating),Skilled Worker,tech
DOOSAN DIGITAL INNOVATION EUROPE LIMITED,Renfrew,,Worker (A rating),Skilled Worker; Global Business Mobility: Senior or Specialist Worker,tech
Doosan Power Systems S.A. (UK branch),Crawley,,Worker (A rating),Global Business Mobility: Senior or Specialist Worker; Skilled Worker,tech
Dortech Architectural Systems Ltd,Huddersfield,,Worker (A rating),Skilled Worker,tech
Doshi App Limited,London,,Worker (A rating),Skilled Worker,tech
DOT IT CONSULTING LTD,Bristol,,Worker (A rating),Skilled Worker,tech
Dot Square Lab Limited,London,,Worker (A rating),Skilled Worker,tech
DOUBLELIGHT TECHNOLOGY LIMITED,Harlow,Essex,Worker (A rating),Skilled Worker,tech
DOVETAIL IT SUPPORT LIMITED,London,,Worker (A rating),Skilled Worker,tech
Downforce Technologies Limited,London,,Worker (A rating),Skilled Worker,tech
DP Network Limited,Redditch,,Worker (A rating),Skilled Worker,tech
DR.TECH LTD,Grays,,Worker (A rating),Skilled Worker,tech
Dragon Information Systems Limited,Newport Pagnell,Buckinghamshire,Worker (A rating),Skilled Worker,tech
Dragonfly Technology Solutions Limited,Kemble,Gloucestershire,Worker (A rating),Skilled Worker,tech
Dream AI Ltd t/a Dream Agility,Rossendale,,Worker (A rating),Skilled Worker,tech
Dream It Get IT Limited,London,,Worker (A rating),Skilled Worker,tech
Dreams-Ai-Cambridge Ltd,Cambridge,,Worker (A rating),Skilled Worker,tech
Dreamz Tech Solutions Pvt. Ltd,Watford,London,Worker (A rating),Global Business Mobility: Senior or Specialist Worker; Skilled Worker,tech
Drie Secure Systems Limited,London,,Worker (A rating),Skilled Worker,tech
dRISK.ai Limited,London,London,Worker (A rating),Skilled Worker,tech
Drive System Design Ltd,Leamington Spa,,Worker (A rating),Skilled Worker,tech
Drivenation Digital LTD,Sherburn In Elmet,Leeds,Worker (A rating),Skilled Worker,tech
DriWay International Technologies Limited,London,,Worker (A rating),Skilled Worker,tech
DROID IT SYSTEMS LTD,Stevenage,,Worker (A rating),Skilled Worker,tech
Dropbox UK Online Limited,LONDON,,Worker (A rating),Skilled Worker; Global Business Mobility: Senior or Specialist Worker,tech
DSI Technology Services Ltd,Dartford,Kent,Worker (A rating),Skilled Worker,tech
DSL Systems Ltd,West Bridgford,Nottinghamshire,Worker (A rating),Skilled Worker,tech
DUAL LAYER IT SOLUTIONS (UK) LTD,LONDON,ENGLAND,Worker (A rating),Skilled Worker,tech
Dubarry Technology Ltd,Egham,,Worker (A rating),Skilled Worker,tech
Duck Creek Technologies Limited,London,,Worker (A rating),Skilled Worker; Global Business Mobility: Senior or Specialist Worker,tech
DUCK Software Limited,Potters Bar,Hertfordshire,Worker (A rating),Skilled Worker,tech
Duco Technology Limited,London,,Worker (A rating),Skilled Worker,tech
Duende Lab Limited,London,,Worker (A rating),Skilled Worker,tech
Duffel Technology Ltd,London,,Worker (A rating),Skilled Worker; Global Business Mobility: Senior or Specialist Worker,tech
DURA Automotive Body & Glass Systems UK Ltd,Birmingham,West Midlans,Worker (A rating),Skilled Worker,tech
Duradiamond Software Ltd,Dunfermline,Fife,Worker (A rating),Skilled Worker,tech
Durell Software Ltd,Taunton,Somerset,Worker (A rating),Skilled Worker,tech
Durham Tech Ltd,Durham,,Worker (A rating),Skilled Worker,tech
Durst Image Technology UK Ltd,Leatherhead,Surrey,Worker (A rating),Skilled Worker,tech
"DX CELLS TECHNOLOGIES CO., (UK) LIMITED",London,,Worker (A rating),Skilled Worker,tech
DX Network Services Limited,Slough,,Worker (A rating),Skilled Worker,tech
DYMAG TECHNOLOGIES LIMITED,Chippenham,Wiltshire,Worker (A rating),Skilled Worker,tech
Dynamic Networks Group Ltd,Leeds,,Worker (A rating),Skilled Worker,tech
Dynamic Shelving Systems Limited,Manchester,,Worker (A rating),Skilled Worker,tech
Dynamic Visual Technologies Ltd,Croydon,,Worker (A rating),Skilled Worker,tech
Dynamo Analytics Ltd,London,,Worker (A rating),Skilled Worker; Global Business Mobility: Senior or Specialist Worker,tech
DYNAMO SOFTWARE UK. LIMITED,Harrow,Middlesex,Worker (A rating),Skilled Worker,tech
Dynex Semiconductor Limited,Lincoln,Lincolnshire,Worker (A rating),Global Business Mobility: Senior or Specialist Worker; Skilled Worker,tech
Dyson IT Ltd,Sheffield,,Worker (A rating),Skilled Worker,tech
DZINE DIGITAL LTD,Cardiff,,Worker (A rating),Skilled Worker,tech
E T P Technologies Ltd,London,Holborn,Worker (A rating),Skilled Worker,tech
E TRADE TECH LIMITED,LONDON,,Worker (A rating),Skilled Worker,tech
E-COMPUTING (EUROPE) LIMITED,London,London,Worker (A rating),Skilled Worker,tech
E-MIND TECHNOLOGIES LIMITED,Liverpool,,Worker (A rating),Skilled Worker,tech
E-Serve Technologies Limited,Brooklands,Milton Keynes,Worker (A rating),Skilled Worker,tech
E-Solutions IT Services UK Ltd,Sutton,,Worker (A rating),Skilled Worker,tech
E-TECH GENERAL TRADING LIMITED,Coventry,Warwickshire,Worker (A rating),Skilled Worker,tech
E-Tech61,Manchester,,Worker (A rating),Skilled Worker,tech
E2E CYBER SOLUTIONS LTD,BIRMINGHAM,West Midlands,Worker (A rating),Skilled Worker,tech
E3D-ONLINE LIMITED,CHALGROVE,OXFORDSHIRE,Worker (A rating),Skilled Worker,tech
EA Global AI Limited,Newport,Newport,Worker (A rating),Skilled Worker,tech
EA Technology Limited,Chester,Cheshire,Worker (A rating),Skilled Worker,tech
EAI SYSTEMS LIMITED,London,,Worker (A rating),Skilled Worker; Global Business Mobility: Senior or Specialist Worker,tech
Eapps Technologies Ltd,Uxbridge,,Worker (A rating),Skilled Worker,tech
Early Intervention Network Ltd,Stamford,Lincolnshire,Worker (A rating),Skilled Worker,tech
EarthId Technology Ltd,Chessington,Surrey,Temporary Worker (A rating); Worker (A rating),Government Authorised Exchange; Skilled Worker,tech
EarthSense Systems Limited,Leicester,Leicestershire,Worker (A rating),Skilled Worker,tech
EASTECH INTEGRATED SYSTEMS LTD,Manchester,Greater Manchester,Worker (A rating),Skilled Worker,tech
Eastern Networks Limited,London,,Worker (A rating),Skilled Worker,tech
Eastleigh Southern Parishes Network LTD,Southampton,Hampshire,Worker (A rating),Skilled Worker,tech
Eastpoint Software Ltd,Cambridge,Cambridgeshire,Worker (A rating),Skilled Worker,tech
Easy Computer Consultants Limited,London,London,Worker (A rating),Skilled Worker,tech
EAT GYROS LAB LTD T/A Gyros Lab,London,Hackney,Worker (A rating),Skilled Worker,tech
EATRON TECHNOLOGIES LIMITED,Warwick,,Worker (A rating),Scale-up; Global Business Mobility: Senior or Specialist Worker; Skilled Worker,tech
EBIZ TECHNOLOGY LTD,London,,Worker (A rating),Skilled Worker,tech
EBL IT Solutions LTD,Sutton,Surrey,Worker (A rating),Skilled Worker,tech
Eccentric IT Solutions Ltd,Colchester,England,Worker (A rating),Skilled Worker,tech
Echion Technologies LTD,Sawston,Cambridgeshire,Worker (A rating),Skilled Worker,tech
Echo Web Solutions Ltd,Peterborough,Cambridgeshire,Worker (A rating),Skilled Worker,tech
Echosec Systems UK Ltd,Cardiff,,Worker (A rating),Skilled Worker; Global Business Mobility: Senior or Specialist Worker,tech
Eco Systems Group Ltd,Kent,,Worker (A rating),Skilled Worker,tech
EcoHub Technologies Limited,Exeter,Devon,Worker (A rating),Skilled Worker,tech
Ecom Global Network Ltd,Chalfont St Giles,,Worker (A rating),Skilled Worker,tech
Ecommerce Technologies Ltd,Essex,ENGLAND,Worker (A rating),Skilled Worker,tech
Econic Technologies Ltd,Macclesfield,Cheshire,Worker (A rating),Skilled Worker,tech
ECONOMIC DATA SCIENCES LTD,SLOUGH,,Worker (A rating),Skilled Worker,tech
Ecospend Technologies Limited,London,,Worker (A rating),Skilled Worker,tech
eCreation Media Technology Ltd,Poole,,Worker (A rating),Skilled Worker,tech
EDGEI TECH UK LTD,London,,Worker (A rating),Skilled Worker,tech
EDGEMATICS TECHNOLOGIES UK LTD,Reading,,Worker (A rating),Skilled Worker,tech
Edgewing Systems Limited,Reading,,Worker (A rating),Global Business Mobility: Senior or Specialist Worker; Skilled Worker,tech
EDIFY SOFTWARE LTD,London,,Worker (A rating),Skilled Worker,tech
EDU TECH INTERNATIONAL LTD,London,London,Worker (A rating),Skilled Worker,tech
EDW Technology Limited,Milton Keynes,Bucks,Worker (A rating),Skilled Worker,tech
Effectiv AI UK Ltd,London,,Worker (A rating),Skilled Worker,tech
EGA TECH LIMITED T/A GRIDIRON,London,,Worker (A rating),Skilled Worker,tech
Eggroll Labs Limited,Oxford,,Worker (A rating),Skilled Worker,tech
Egress Software Technologies Limited,London,,Worker (A rating),Global Business Mobility: Senior or Specialist Worker; Skilled Worker,tech
EHOME Systems LTD,London,,Worker (A rating),Skilled Worker,tech
EIDIKO SYSTEMS INTEGRATORS PVT LTD,LONDON,,Worker (A rating),Skilled Worker,tech
Eigen Software Limited,Birmingham,,Worker (A rating),Skilled Worker,tech
Eigen Technologies Ltd,London,,Worker (A rating),Skilled Worker,tech
Eighteen And A Half Limited,London,,Worker (A rating),Scale-up,tech
Eightfold AI UK Ltd,London,,Worker (A rating),Global Business Mobility: Senior or Specialist Worker; Skilled Worker,tech
Eikon Peters Technology Consulting Ltd,Preston,Lancashire,Worker (A rating),Skilled Worker,tech
EILLA AI LTD,London,,Worker (A rating),Skilled Worker,tech
Einride Technologies UK Limited,Hindhead,Surrey,Worker (A rating),Skilled Worker; Global Business Mobility: Senior or Specialist Worker,tech
EJ Peak Technology Solutions Limited,Daresbury,Cheshire,Worker (A rating),Skilled Worker,tech
Eka Software Solutions Limited,Leatherhead,Surrey,Worker (A rating),Global Business Mobility: Senior or Specialist Worker,tech
EKCO CLOUD (UK) LIMITED,London,London,Worker (A rating),Skilled Worker,tech
EKCO CLOUD AND SECURITY LIMITED,Milton Keynes,,Worker (A rating),Skilled Worker,tech
EKY Technology LIMITED,Birmingham,,Worker (A rating),Skilled Worker,tech
Elastic Path Software (UK) Ltd,Newcastle Upon Tyne,,Worker (A rating),Skilled Worker,tech
Elastic Path Software Inc.,Reading,Berkshire,Worker (A rating),Global Business Mobility: Senior or Specialist Worker; Skilled Worker,tech
Elbit Systems UK Limited,Bristol,,Worker (A rating),Global Business Mobility: Senior or Specialist Worker; Skilled Worker,tech
Elcom Systems Ltd,London,,Worker (A rating),Skilled Worker,tech
Elder Technologies Limited,London,,Worker (A rating),Skilled Worker,tech
ELDOS TECHNOLOGY LIMITED,Wembley,,Worker (A rating),Skilled Worker,tech
Electra Networks Ltd,Bracknell,Berkshire,Worker (A rating),Skilled Worker,tech
Electric Systems Limited,Manchester,,Worker (A rating),Skilled Worker,tech
Electryone AI Limited,London,,Worker (A rating),Skilled Worker,tech
Elegant Systems Pvt Ltd,Swindon,Wiltshire,Worker (A rating),Skilled Worker,tech
ELEGANT TECHNOLOGIES UK LIMITED,London,,Worker (A rating),Skilled Worker,tech
ELEKS Software UK Limited,London,,Worker (A rating),Skilled Worker,tech
ELEMENT MATERIALS TECHNOLOGY SHARED SERVICES LIMITED,Edinburgh,Mid Lothian,Worker (A rating),Skilled Worker,tech
Elements Digital Ltd,London,,Worker (A rating),Skilled Worker,tech
Elephant IT Solutions Limited,Colchester,Essex,Worker (A rating),Skilled Worker,tech
Elerian Conversational AI Limited,London,,Worker (A rating),Skilled Worker,tech
Eleven Labs Ltd,London,,Worker (A rating),Skilled Worker,tech
Elevondata Labs Private Limited,Milton Keynes,,Worker (A rating),Global Business Mobility: Senior or Specialist Worker; Skilled Worker,tech
Elicit Research & Analytics Ltd,Glasgow,,Worker (A rating),Skilled Worker,tech
Eligarf Technologies (UK) Limited,Harrow,Middlesex,Worker (A rating),Skilled Worker; Global Business Mobility: Senior or Specialist Worker,tech
ELIPOS SYSTEMS LIMITED,"Walsall,",,Worker (A rating),Skilled Worker,tech
Elite Control Systems Limited,Livingston,West Lothian,Worker (A rating),Skilled Worker,tech
Elite Electronic Systems Ltd,Enniskillen,County Fermanagh,Worker (A rating),Skilled Worker,tech
ELITE MOVING SYSTEMS LTD,LONDON,,Worker (A rating),Skilled Worker,tech
Elite Sport Performance Technologies Ltd,Loughborough,Leicestershire,Worker (A rating),Skilled Worker,tech
Elite Tech Ltd,Iver,Bucks,Worker (A rating),Skilled Worker,tech
Elite Technical Consulting Ltd T/A CyberForte,Reading,Berkshire,Worker (A rating),Skilled Worker,tech
Elite Thermal Systems Ltd,Market Harbarough,,Worker (A rating),Skilled Worker,tech
Ellipse Data Ltd,London,,Worker (A rating),Skilled Worker,tech
Elmac Technologies Limited,Greenfield,Flintshire,Worker (A rating),Skilled Worker,tech
ELMEC SYSTEMS LTD,Newark,Nottinghamshire,Worker (A rating),Skilled Worker,tech
Elmleigh Electrical Systems Limited,Barwell,Leicestershire,Worker (A rating),Skilled Worker,tech
Elo AI Ltd,London,England,Worker (A rating),Skilled Worker,tech
Eltek Systems Limited,Peterborough,,Worker (A rating),Skilled Worker,tech
ELVARIX TECH LTD,Glasgow,Lanarkshire,Worker (A rating),Skilled Worker,tech
Elwood Technologies Services Limited,London,,Worker (A rating),Global Business Mobility: Senior or Specialist Worker; Skilled Worker,tech
Ember Core Ltd,Edinburgh,,Worker (A rating),Scale-up,tech
Emerald Tech UK Ltd,Basildon,Essex,Worker (A rating),Skilled Worker,tech
Emerald Telecom Limited,London,Middlesex,Worker (A rating),Skilled Worker,tech
Emergency Nutrition Network,Kidlington,,Worker (A rating),Skilled Worker,tech
Emerson Climate Technologies Limited,Reading,Berkshire,Worker (A rating),Skilled Worker; Global Business Mobility: Senior or Specialist Worker,tech
Emma Technologies LTD,London,,Worker (A rating),Skilled Worker,tech
EMPEL Systems Limited,Milton Keynes,Buckinghamshire,Worker (A rating),Skilled Worker,tech
Emplas Window Systems Limited,Wellingborough,Northamptonshire,Worker (A rating),Skilled Worker,tech
Emtalent Digital Limited,Reading,Berkshire,Worker (A rating),Skilled Worker,tech
EmTech Hatchery Systems Ltd,Sparkford,Somerset,Worker (A rating),Skilled Worker,tech
Emu Analytics,London,,Worker (A rating),Skilled Worker,tech
En Route IT - RPM Office,London,,Worker (A rating),Skilled Worker,tech
ENA Digital Services Ltd,Slough,,Worker (A rating),Skilled Worker,tech
Enable Network Services Limited,Barbican,London,Worker (A rating),Skilled Worker,tech
ENATIONS TECHNOLOGY LTD,London,,Worker (A rating),Skilled Worker,tech
Encompass Digital Media Services Limited,London,,Worker (A rating),Skilled Worker; Global Business Mobility: Senior or Specialist Worker,tech
Encora Software (UK) Private Limited,London,,Worker (A rating),Global Business Mobility: Senior or Specialist Worker; Skilled Worker,tech
Encore Software Limited,Horsham,West Sussex,Worker (A rating),Skilled Worker,tech
Energeia Technologies,Antrim,Antrim,Worker (A rating),Skilled Worker,tech
Energex Technical Services Ltd,Rayleigh,Essex,Worker (A rating),Skilled Worker,tech
ENERGY & COMPLIANCE TECHNOLOGY LTD,Wakefield,West Yorkshire,Worker (A rating),Skilled Worker,tech
Energy and Systems Technical Ltd,Downham Market,Norfolk,Worker (A rating),Skilled Worker,tech
Energy Network Services Ltd,Wimborne,Dorset,Worker (A rating),Skilled Worker,tech
Energy Networks Association,London,Greater London,Worker (A rating),Skilled Worker,tech
Energy Potential Tech Solutions Limited,Denbighshire,Wales,Worker (A rating),Skilled Worker,tech
Energy Research Lab Ltd,London,,Worker (A rating),Skilled Worker,tech
Energy Space Systems Limited,Leicester,,Worker (A rating),Skilled Worker,tech
Energy Systems Catapult,Birmingham,,Worker (A rating),Skilled Worker,tech
EnergyDrive Systems Ltd,Milton Keynes,,Worker (A rating),Skilled Worker,tech
ENERGYWINS HI-TECH MATERIALS LIMITED,London,,Worker (A rating),Skilled Worker; Global Business Mobility: UK Expansion Worker,tech
Enfusion Systems UK Ltd,London,,Worker (A rating),Global Business Mobility: Senior or Specialist Worker; Skilled Worker,tech
ENGAGE DIGITAL PARTNERS,LONDON,,Worker (A rating),Skilled Worker,tech
Engage Digital Partners Limited,London,,Worker (A rating),Skilled Worker,tech
Engage Technology Partners Limited,Ipswich,,Worker (A rating),Skilled Worker,tech
Engine AI Limited,London,,Worker (A rating),Skilled Worker,tech
Engineer.ai Global Ltd,London,,Worker (A rating),Global Business Mobility: Senior or Specialist Worker; Skilled Worker,tech
Engineering Systems Design (Group) Ltd,Bolton,,Worker (A rating),Skilled Worker,tech
ENGINEERING TECH LIMITED,Manchester,,Worker (A rating),Skilled Worker,tech
Engineering Techniques Limited,London,,Worker (A rating),Skilled Worker,tech
Enigma Software Solutions Limited,London,,Worker (A rating),Skilled Worker; Global Business Mobility: Senior or Specialist Worker,tech
Enique IT Solutions Limited,Livingston,Westlothian,Worker (A rating),Skilled Worker,tech
Enji Technologies,London,London,Worker (A rating),Skilled Worker,tech
Enjoy Digital Communications Ltd,Leeds,West Yorkshire,Worker (A rating),Skilled Worker,tech
Enlighten Software Limited,London,,Worker (A rating),Skilled Worker; Global Business Mobility: Senior or Specialist Worker,tech
Enmarq Technologies Limited,Reading,,Worker (A rating),Global Business Mobility: Senior or Specialist Worker; Skilled Worker,tech
Enovate Systems Limited,Aberdeen,,Worker (A rating),Global Business Mobility: Senior or Specialist Worker; Skilled Worker,tech
ENSEMBLE SOFTWARE (UK) LIMITED,London,,Worker (A rating),Skilled Worker,tech
ENSY SYSTEMS LTD,London,,Worker (A rating),Skilled Worker,tech
Enterprise AI Technology Ltd,London,,Worker (A rating),Skilled Worker,tech
Enterprise Analytics UK&I Ltd,Cambridge,,Worker (A rating),Skilled Worker,tech
Enterprise System Solutions Limited,Harrow,Middlesex,Worker (A rating),Skilled Worker; Global Business Mobility: Senior or Specialist Worker,tech
Entralon Technology Limited,London,,Worker (A rating),Skilled Worker,tech
ENTREPRENEUR BREED NETWORKS LIMITED,MANCHESTER,,Worker (A rating),Skilled Worker,tech
ENVELOP RISK ANALYTICS LIMITED,BRISTOL,,Worker (A rating),Global Business Mobility: Senior or Specialist Worker; Skilled Worker,tech
Envisage Digital,Bournemouth,Dorset,Worker (A rating),Skilled Worker,tech
Enwa Water Technology UK,Desford,Leicestershire,Worker (A rating),Skilled Worker,tech
EOS IT MANAGEMENT SOLUTIONS UK LTD,Hillsborough,,Worker (A rating),Skilled Worker,tech
EPAM Systems Ltd,London,,Worker (A rating),Global Business Mobility: Senior or Specialist Worker; Skilled Worker,tech
EPI-USE Labs Limited,Manchester,,Worker (A rating),Global Business Mobility: Senior or Specialist Worker; Skilled Worker,tech
Epic IT Limited,Potters Bar,Hertfordshire,Worker (A rating),Skilled Worker,tech
Epicor Software (UK) Limited,Bracknell,Berkshire,Worker (A rating),Global Business Mobility: Senior or Specialist Worker; Skilled Worker,tech
Epion Technologies Ltd,Stirling,,Worker (A rating),Global Business Mobility: UK Expansion Worker,tech
Epiq Systems Ltd,London,,Worker (A rating),Global Business Mobility: Senior or Specialist Worker; Skilled Worker,tech
EPROD SOFTWARE UK LTD,Dronfield,Derbyshire,Worker (A rating),Skilled Worker,tech
Epsilon Telecommunications Ltd,London,,Worker (A rating),Skilled Worker; Global Business Mobility: Senior or Specialist Worker,tech
eQ Technologic (UK) Limited,SOLIHULL,WEST MIDLANDS,Worker (A rating),Global Business Mobility: Senior or Specialist Worker; Skilled Worker,tech
Equiduct Systems Limited,London,,Worker (A rating),Skilled Worker,tech
Equilibrium Labs Group Limited,London,,Worker (A rating),Skilled Worker,tech
Equip Outdoor Technologies UK Limited,Alfreton,,Worker (A rating),Global Business Mobility: Senior or Specialist Worker; Skilled Worker,tech
EQUUS SOFTWARE UK LIMITED,London,London,Worker (A rating),Skilled Worker; Global Business Mobility: Senior or Specialist Worker,tech
eResearch Technology Limited,Nottingham,,Worker (A rating),Skilled Worker,tech
ERG Ltd T/A Cyberi,London,,Worker (A rating),Skilled Worker,tech
ERI BANKING SOFTWARE LIMITED,London,,Worker (A rating),Skilled Worker,tech
ERIKA TECHNOLOGY LTD,"London, Greater London",,Worker (A rating),Skilled Worker,tech
ERP Data Services Ltd,Milton Keynes,,Worker (A rating),Skilled Worker,tech
ERP TECH SOLUTIONS LIMITED,Wokingham,,Worker (A rating),Skilled Worker,tech
ERPTREE TECHNOLOGIES LIMITED,London,England,Worker (A rating),Skilled Worker,tech
Erudite Technologies Limited,Bletchley,,Worker (A rating),Skilled Worker,tech
ES IT SOLUTIONS LIMITED,Kingston Upon Thames,,Worker (A rating),Skilled Worker,tech
ES SPARK DIGITAL LTD,Edinburgh,Scotland,Worker (A rating),Skilled Worker,tech
ES&P IT SOLUTIONS LIMITED,Solihull,West Midlands,Worker (A rating),Skilled Worker,tech
Esaloni Systems Limited,Gerrards Cross,,Worker (A rating),Skilled Worker,tech
Eschmann Technologies Ltd,Lancing,West Sussex,Worker (A rating),Skilled Worker,tech
Escrow-Tech Limited,Bristol,,Worker (A rating),Skilled Worker,tech
ESI Technology Ltd,Wrexham,Wrexham,Worker (A rating),Skilled Worker,tech
ESL Gulfood Systems LTD,Kent,,Worker (A rating),Skilled Worker,tech
ESLAND IT SOLUTIONS LTD,Barking,,Worker (A rating),Skilled Worker,tech
ESM IT SOLUTION LTD,Maidstone,Kent,Worker (A rating),Skilled Worker,tech
Esmil Process Systems Limited,High Wycombe,,Worker (A rating),Global Business Mobility: Senior or Specialist Worker; Skilled Worker,tech
Esoterix Systems Ltd,Bristol,Bristol,Worker (A rating),Skilled Worker,tech
ESR Technology Ltd,Warrington,Cheshire,Worker (A rating),Skilled Worker,tech
Essentia Analytics Ltd,London,,Worker (A rating),Skilled Worker,tech
ESSO ONLINE LTD,Glasgow,,Worker (A rating),Skilled Worker,tech
ESSURE TECHNOLOGIES LTD,Coventry,,Worker (A rating),Skilled Worker,tech
Ethnic Technologies (London) Limited,London,,Worker (A rating),Skilled Worker,tech
Ethos-tech ltd,London,,Worker (A rating),Skilled Worker,tech
ETL Systems,Hereford,,Worker (A rating),Skilled Worker,tech
Euler Labs Ltd,London,,Worker (A rating),Skilled Worker,tech
Eunomia Systems Ltd trading as OneCare Platform,Farnborough,,Worker (A rating),Skilled Worker,tech
EURO DIGITAL PRINT LTD,LONDON,,Worker (A rating),Skilled Worker,tech
EURO IT SOLUTION LTD,Slough,,Worker (A rating),Skilled Worker,tech
Euro Pool System UK Ltd,Studley,Warwickshire,Worker (A rating),Global Business Mobility: Senior or Specialist Worker,tech
Euro Tech Roofing Ltd,Aberdare,"Rhondda, Cynon, Taff",Worker (A rating),Skilled Worker,tech
Eurofins Digital Product Testing UK Limited,Bristol,,Worker (A rating),Skilled Worker,tech
Eurograph Computer Supplies Ltd,Newport,Gwent,Worker (A rating),Skilled Worker,tech
Eurolaser IT Limited,Slough,,Worker (A rating),Skilled Worker,tech
Eurolaser Technologies Limited,Datchet,,Worker (A rating),Skilled Worker,tech
Eurolink Technology Ltd,Leatherhead,Surrey,Worker (A rating),Skilled Worker,tech
European Braking Systems Ltd,Manchester,,Worker (A rating),Skilled Worker,tech
European Data Analytics Limited,Edinburgh,Lothian Region,Worker (A rating),Skilled Worker,tech
European Leadership Network,London,,Worker (A rating),Skilled Worker,tech
European Software Solutions (UK) Limited,Borehamwood,,Worker (A rating),Skilled Worker,tech
European Technology Development Limited,Leatherhead,Surrey,Worker (A rating),Skilled Worker,tech
European Technology Group Ltd.,London,,Worker (A rating),Skilled Worker,tech
Eurosoft Tech Limited,London,,Worker (A rating),Skilled Worker,tech
EUROSTAR IT SOLUTIONS LIMITED,Uxbridge,,Worker (A rating),Skilled Worker,tech
Eurovent Purifying Systems UK Ltd,Gateshead,Tyne and Wear,Worker (A rating),Skilled Worker,tech
EVAM ANALYTICS LIMITED,London,,Worker (A rating),Skilled Worker,tech
Evariste Technologies Limited,Reading,,Worker (A rating),Skilled Worker,tech
EVBULB TECHNOLOGY LTD,London,,Worker (A rating),Skilled Worker,tech
Everest Software Systems Limited,London,,Worker (A rating),Skilled Worker,tech
EVERYDAY COMPUTER SOLUTIONS LTD,London,,Worker (A rating),Skilled Worker,tech
EVERYMATRIX TECHNOLOGY (UK) LIMITED,London,,Worker (A rating),Global Business Mobility: Senior or Specialist Worker; Skilled Worker,tech
Eviee Technologies Limited,Northampton,,Worker (A rating),Skilled Worker,tech
Evoke Systems Limited,Hethel,Norfolk,Worker (A rating),Skilled Worker,tech
Evolution Systems Limited,Newcastle,,Worker (A rating),Skilled Worker,tech
Evolvi Rail Systems Ltd.,Oxford Street,Manchester,Worker (A rating),Skilled Worker,tech
Evoqua Water Technologies Ltd,Caldicot,Monmouthshire,Worker (A rating),Skilled Worker; Global Business Mobility: Senior or Specialist Worker,tech
Exactpro Systems Limited,London,,Worker (A rating),Skilled Worker; Global Business Mobility: Senior or Specialist Worker,tech
Exate Technology,London,,Worker (A rating),Skilled Worker,tech
Excella IT Solutions Ltd,Hounslow,Middlesex,Worker (A rating),Skilled Worker,tech
EXCELLENT IT SOLUTIONS LTD,Luton,,Worker (A rating),Skilled Worker,tech
EXCHANGE DATA INTERNATIONAL LTD,LONDON,LONDON,Worker (A rating),Skilled Worker,tech
EXCHANGE TECH LTD,Yarm,North Yorkshire,Worker (A rating),Skilled Worker,tech
Exclusive Networks Limited,Hampshire,,Worker (A rating),Skilled Worker; Global Business Mobility: Senior or Specialist Worker,tech
EXEC-IT SERVICES LIMITED,Bury St. Edmunds,West Suffolk,Worker (A rating),Skilled Worker,tech
Exolum Pipeline System Limited,London,,Worker (A rating),Skilled Worker,tech
Expedition AI Ltd,London,,Worker (A rating),Skilled Worker,tech
Experion Technologies UK Ltd,"Staines-Upon-Thames,",,Worker (A rating),Global Business Mobility: Senior or Specialist Worker; Skilled Worker,tech
Expert Insights Tech Ltd,Plymouth,,Worker (A rating),Skilled Worker,tech
Expo Technology Ltd,Sunbury On Thames,Surrey,Worker (A rating),Skilled Worker,tech
Exponentia.ai Limited,London,,Worker (A rating),Skilled Worker; Global Business Mobility: Senior or Specialist Worker,tech
Exponential Climate Technologies Ltd,London,,Worker (A rating),Skilled Worker,tech
Exposure Analytics Limited,Portsmouth,,Worker (A rating),Skilled Worker,tech
Express Delivery Network Ltd,Preston,,Worker (A rating),Skilled Worker,tech
Exroid Technology Ltd,Sandwich,Kent,Worker (A rating),Skilled Worker,tech
Exscientia AI Limited,Abingdon,Oxfordshire,Worker (A rating),Global Business Mobility: Senior or Specialist Worker; Skilled Worker,tech
Extend Robotics Limited,London,,Worker (A rating),Skilled Worker,tech
Extreme Networks UK Technology Limited,Reading,Berkshire,Worker (A rating),Global Business Mobility: Senior or Specialist Worker; Skilled Worker,tech
EXUS SOFTWARE LTD,LONDON,,Worker (A rating),Global Business Mobility: Senior or Specialist Worker; Skilled Worker,tech
Eyeballs to Data Points Limited,Manchester,,Worker (A rating),Skilled Worker,tech
EZI TECHNOLOGY LIMITED,EAST TILBURY,ESSEX,Worker (A rating),Skilled Worker,tech
F & I Online Ltd t/as Carplus,Borehamwood,,Worker (A rating),Skilled Worker,tech
F & W Networks Ltd,London,,Worker (A rating),Skilled Worker,tech
F Network Holdings UK Limited,London,,Worker (A rating),Skilled Worker; Global Business Mobility: Senior or Specialist Worker,tech
F/CE. LONDON LAB LTD,London,,Worker (A rating),Global Business Mobility: Senior or Specialist Worker; Global Business Mobility: UK Expansion Worker; Skilled Worker,tech
F5 Networks Limited,Addlestone,Surrey,Worker (A rating),Global Business Mobility: Senior or Specialist Worker; Skilled Worker,tech
F8 IT Solutions Limited,Aylesbury,Bucks,Worker (A rating),Skilled Worker,tech
F8 Networks Limited,Bedford,,Worker (A rating),Skilled Worker,tech
Faber Research and Technologies Limited,London,,Worker (A rating),Skilled Worker,tech
Fable Data Ltd,London,,Worker (A rating),Skilled Worker,tech
Facit Data Systems,Milton Keynes,,Worker (A rating),Skilled Worker,tech
Facultatieve Technologies Limited,Leeds,West Yorkshire,Worker (A rating),Skilled Worker,tech
Fair Justice System for Scotland Group,West Calder,West Lothian,Worker (A rating),Skilled Worker; Global Business Mobility: Senior or Specialist Worker,tech
Fairfield Control Systems Limited,Retford,Nottinghamshire,Worker (A rating),Skilled Worker,tech
Fairport Engineering Limited t/a Fairport Tunnelling Technologies,Chorley,Lancashire,Worker (A rating),Skilled Worker,tech
FAIRSHOT AI LTD,London,,Worker (A rating),Skilled Worker,tech
Fajr.A.Tech Ltd,Bolton,,Worker (A rating),Skilled Worker,tech
FALCON TECH SOLUTIONS LTD,"Lincoln,",,Worker (A rating),Skilled Worker,tech
Fam Tech Ltd,Dagenham,,Worker (A rating),Skilled Worker,tech
Fan Systems Group Limited,Halifax,West Yorkshire,Worker (A rating),Skilled Worker,tech
Fantastic Tech Ltd,Brighton,Brighton & Hove,Worker (A rating),Skilled Worker,tech
Farad.ai,Oxford,United Kingdom,Worker (A rating),Skilled Worker,tech
Fareye Technologies Pvt Ltd,Milton Keynes,,Worker (A rating),Skilled Worker,tech
Fargo Systems Ltd,Ipswich,England,Worker (A rating),Skilled Worker,tech
Farrer Digital Ltd,London,,Worker (A rating),Skilled Worker,tech
Fast Computers & Mobile Services Ltd,London,,Worker (A rating),Skilled Worker,tech
Fast Food Systems Ltd,Reading,Berkshire,Worker (A rating),Skilled Worker,tech
Fast PC & Mobile Tech LTD,Leeds,,Worker (A rating),Skilled Worker,tech
Fast Technologies Limited,Chadwell Heath,Essex,Worker (A rating),Skilled Worker,tech
Fat Fish Digital Ltd,Dunstable,Bedfordshire,Worker (A rating),Skilled Worker,tech
FAULTFIXERS TECHNOLOGIES LIMITED,WINCHESTER,HAMPSHIRE,Worker (A rating),Skilled Worker,tech
FBA Technical services Ltd,Warwick,United Kingdom (+44),Worker (A rating),Skilled Worker; Global Business Mobility: Secondment Worker,tech
FBED LABS LTD,London,,Worker (A rating),Skilled Worker,tech
FD Technologies Plc,Newry,Co.Down,Worker (A rating),Global Business Mobility: Senior or Specialist Worker; Skilled Worker,tech
Federated Financial Technology Limited,London,England,Worker (A rating),Skilled Worker,tech
Fentics Technology Limited,London,,Worker (A rating),Skilled Worker,tech
Fermentation Technologies Ltd,Oxford,,Worker (A rating),Skilled Worker,tech
FERMI LABS RESEARCH LTD,Harrow,,Worker (A rating),Skilled Worker,tech
Fern Computer Services Limited,Belfast,Antrim,Worker (A rating),Skilled Worker,tech
Fernhill Systems (Scotland) Ltd,Edinburgh,,Worker (A rating),Skilled Worker,tech
Ferns IT Consultancy Limited,Colchester,Essex,Worker (A rating),Skilled Worker,tech
Festa System UK LTD,Huddersfield,,Worker (A rating),Skilled Worker,tech
Fether Labs Limited,London,,Worker (A rating),Skilled Worker,tech
"FIA TECHNOLOGY SERVICES, LLC",Bristol,,Worker (A rating),Global Business Mobility: Senior or Specialist Worker; Skilled Worker,tech
FiberLean Technologies Limited,Par,Cornwall,Worker (A rating),Skilled Worker,tech
Fibre Technology Limited,"Pinxton, Nottingham.",Nottingham,Temporary Worker (A rating),Global Business Mobility: Graduate Trainee,tech
Fibre-Tech Industries (UK) Limited,Melbourn,Royston,Worker (A rating),Skilled Worker,tech
Fibretrace Technologies Limited,London,,Worker (A rating),Skilled Worker; Global Business Mobility: Senior or Specialist Worker,tech
Fibrus Networks Ltd.,Belfast,Antrim,Worker (A rating),Skilled Worker,tech
Ficom Networks Ltd,Ringwood,Hampshire,Worker (A rating),Skilled Worker,tech
Fido Tech,Bicester,Oxfordshire,Worker (A rating),Skilled Worker,tech
Field Systems Designs Limited,Surrey,,Worker (A rating),Skilled Worker,tech
Fieldwork Robotics Limited,Cambridge,,Worker (A rating),Skilled Worker,tech
Fifth Dimension AI Ltd,London,,Worker (A rating),Skilled Worker,tech
FIFTH ROW TECHNOLOGIES LIMITED,London,,Worker (A rating),Skilled Worker,tech
Fifty Technology Limited,London,,Worker (A rating),Skilled Worker,tech
Figured Software UK Limited,London,,Worker (A rating),Global Business Mobility: Senior or Specialist Worker; Skilled Worker,tech
Fike Safety Technology Ltd.,Gwent,,Worker (A rating),Skilled Worker,tech
Financial Data Management Limited,London,,Worker (A rating),Skilled Worker,tech
Financial Network Analytics Ltd,London,,Worker (A rating),Skilled Worker,tech
Financial Recovery Technologies UK Limited,London,,Worker (A rating),Skilled Worker; Global Business Mobility: Senior or Specialist Worker,tech
Finbourne Technology Limited,London,,Worker (A rating),Skilled Worker,tech
Fincra Technologies Ltd.,Nuneaton,Warwickshire,Worker (A rating),Global Business Mobility: Senior or Specialist Worker; Skilled Worker,tech
FINDABLE.AI LIMITED,London,,Worker (A rating),Skilled Worker; Global Business Mobility: Senior or Specialist Worker,tech
Finesse Control Systems Ltd,Arbroath,Angus,Worker (A rating),Skilled Worker,tech
Finmile AI Limited,London,,Worker (A rating),Skilled Worker,tech
Finsen Technologies Limited,London,,Worker (A rating),Skilled Worker,tech
"Finster AI, UK",London,,Worker (A rating),Skilled Worker; Global Business Mobility: Senior or Specialist Worker,tech
Fintech Digital Solutions Ltd,London,,Worker (A rating),Skilled Worker,tech
FINTECHOS TECHNOLOGY UK LTD,London,,Worker (A rating),Skilled Worker,tech
Fiorano Software Ltd.,London,,Worker (A rating),Global Business Mobility: Senior or Specialist Worker,tech
Fire Suppression Technology Ltd,WOKING,Surrey,Worker (A rating),Skilled Worker,tech
FIRE SYSTEMS LTD,KINGSTON UPON THAMES,SURREY,Worker (A rating),Skilled Worker,tech
FireAngel Safety Technology Limited,Coventry,West Midlands,Worker (A rating),Skilled Worker,tech
Fireant Networks Limited,Harlow,Essex,Worker (A rating),Skilled Worker,tech
Firefinch Software Ltd,Edinburgh,Scotland,Worker (A rating),Skilled Worker,tech
Firefish Software,Glasgow,,Worker (A rating),Skilled Worker,tech
Firetecnics Systems Limited,London,,Worker (A rating),Skilled Worker,tech
First Call Community Systems Limited,Chester,Cheshire,Worker (A rating),Skilled Worker,tech
First Network Limited,Northolt,Middlesex,Worker (A rating),Skilled Worker,tech
First Technology Holdings Ltd,Reading,berkshire,Worker (A rating),Skilled Worker,tech
Fitness Online Direct Ltd,Huddersfield,,Worker (A rating),Skilled Worker,tech
FIVE AI Limited,Cambridge,,Worker (A rating),Skilled Worker,tech
Five Tech Limited,London,Essex,Worker (A rating),Skilled Worker,tech
Fix Tech Experts Limited,Hove,East Sussex,Worker (A rating),Skilled Worker,tech
Flag Telecom UK Limited,London,,Worker (A rating),Skilled Worker,tech
Flagship Technologies ltd,Heathrow,,Worker (A rating),Skilled Worker,tech
FLASH TECH IT SOLUTIONS LTD,Coventry,,Worker (A rating),Skilled Worker,tech
FlexEnable Technology Ltd,Cambridge,,Worker (A rating),Skilled Worker,tech
Flexera Software Limited,Risley,Warrington,Worker (A rating),Global Business Mobility: Senior or Specialist Worker; Skilled Worker,tech
Flexible Power Systems Ltd,Cowden,Kent,Worker (A rating),Skilled Worker,tech
Flexible Technology Solutions UK Ltd,Beaconsfield,Buckinghamshire,Worker (A rating),Skilled Worker,tech
FlexiFone Telecommunications Ltd,Luton,,Worker (A rating),Skilled Worker,tech
Flick. Tech Ltd,London,,Worker (A rating),Skilled Worker,tech
Flight Data Systems Limited,West Drayton,,Worker (A rating),Skilled Worker,tech
Flint UK Technology Services Ltd,Watford,Hertfordshire,Worker (A rating),Skilled Worker,tech
FLIPPER TECHNOLOGIES LTD,London,England,Worker (A rating),Skilled Worker,tech
floe technology limited,newcastle upon tyne,,Worker (A rating),Skilled Worker,tech
Floreon Technology Ltd,Hessle,,Worker (A rating),Skilled Worker,tech
Flosverse Techsphere C.I.C,Livingston,,Worker (A rating),Skilled Worker,tech
FLOWER LABS CAMBRIDGE LTD,LONDON,,Worker (A rating),Skilled Worker,tech
Flutter Labs AI Ltd,London,England,Worker (A rating),Skilled Worker,tech
FMC Technologies Ltd,Dunfermline,,Worker (A rating); Temporary Worker (A rating),Global Business Mobility: Senior or Specialist Worker; Global Business Mobility: Graduate Trainee; Skilled Worker,tech
FN Computers Ltd,Westcliff-on-Sea,Essex,Worker (A rating),Skilled Worker,tech
FOCUS CLOUD LIMITED,East Sussex,England,Worker (A rating),Skilled Worker,tech
Focused Labs UK Ltd,Bristol,Bristol,Worker (A rating),Skilled Worker,tech
Folio Technologies Ltd,London,,Worker (A rating),Skilled Worker,tech
Folio3 Software UK,Woking,Surrey,Worker (A rating); Temporary Worker (A rating),Global Business Mobility: Senior or Specialist Worker; Skilled Worker; Global Business Mobility: Graduate Trainee,tech
Fomtech Ltd (Floww),London,,Worker (A rating),Scale-up; Skilled Worker,tech
FONE CENTRE IT LIMITED,Fareham,,Worker (A rating),Skilled Worker,tech
FONE TECH COMMUNICATION LTD.T/As iTECH,High Wycombe,,Worker (A rating),Skilled Worker,tech
FONE WORLD TECH LTD,Chester,,Worker (A rating),Skilled Worker,tech
Fonoa Technologies UK Ltd,London,,Worker (A rating),Global Business Mobility: Senior or Specialist Worker; Skilled Worker,tech
Food Cloud Limited T/A Tikka Nation,Dorking,Surrey,Worker (A rating),Skilled Worker,tech
Football 1x2 Ltd. (T/A 1X2 Network Ltd.),"Shenfield, Brentwood",Essex,Worker (A rating),Skilled Worker,tech
Foragers AI Limited,London,,Worker (A rating),Skilled Worker,tech
Forecast Technologies limited,London,,Worker (A rating),Skilled Worker,tech
FORESCOUT TECHNOLOGIES UK LTD,London,,Worker (A rating),Global Business Mobility: Senior or Specialist Worker; Skilled Worker,tech
FORESEE TECH LIMITED,Guildford,,Worker (A rating),Skilled Worker,tech
Foresight Data Machines Ltd,London,,Worker (A rating),Skilled Worker,tech
Forest Rock Systems Ltd,Loughborough,Leicestershire,Worker (A rating),Skilled Worker,tech
Foretell Digital Limited,Chelmsford,Essex,Worker (A rating),Skilled Worker,tech
Forge Software Inc Limited,London,,Worker (A rating),Skilled Worker,tech
ForInvest Technologies Ltd,London,,Worker (A rating),Skilled Worker,tech
Form3 Technology Limited,London,,Worker (A rating),Skilled Worker,tech
FORMAL TECHNOLOGY LIMITED,Bradwell,,Worker (A rating),Skilled Worker,tech
FORMATECH LABS LTD,Feltham,Middlesex,Worker (A rating),Skilled Worker,tech
Forrit Technology Limited,Edinburgh,,Worker (A rating),Skilled Worker,tech
Fortress Technology (Europe) Limited,Banbury,Oxfordshire,Worker (A rating),Skilled Worker,tech
FORTUNE TECHNO SERVICES LIMITED,Reading,Berkshire,Worker (A rating),Skilled Worker,tech
Fortune Technology Ltd,Glasgow,,Worker (A rating),Skilled Worker,tech
Forty Four Tech Ltd,Heathrow,London,Worker (A rating),Skilled Worker,tech
Forum Energy Technologies (UK) Limited,Westhill,Aberdeenshire,Worker (A rating),Skilled Worker,tech
Fostro Technologies Ltd,Feltham,,Worker (A rating),Skilled Worker,tech
FotoFinder Systems Ltd,London,,Worker (A rating),Skilled Worker,tech
Fountainhead software ltd,Bristol,,Worker (A rating),Skilled Worker,tech
FourFour Digital Management Limited,Brighton,East Sussex,Worker (A rating),Skilled Worker,tech
FourJaw Manufacturing Analytics Ltd,Sheffield,South Yorkshire,Worker (A rating),Skilled Worker,tech
FPT Software United Kingdom Ltd.,London,,Worker (A rating),Global Business Mobility: Senior or Specialist Worker; Skilled Worker,tech
Fractal Analytics UK Ltd,London,,Worker (A rating),Skilled Worker; Global Business Mobility: Senior or Specialist Worker,tech
Fractal Labs Ltd,London,,Worker (A rating),Skilled Worker,tech
Franke Coffee Systems UK Ltd,St Albans,Herts,Worker (A rating),Skilled Worker,tech
Freedom Dairy Systems Limited,Somerton,Somerset,Worker (A rating),Skilled Worker,tech
FREESIGHT MANAGEMENT SYSTEM LTD,LIVERPOOL,,Worker (A rating),Skilled Worker,tech
Freight Systems Express (Wales) Ltd,Cardiff,,Worker (A rating),Skilled Worker,tech
FRESH GRAVITY SOFTWARE SERVICES UK LTD,London,,Worker (A rating),Global Business Mobility: Senior or Specialist Worker; Skilled Worker,tech
FRESHWORKS TECHNOLOGIES UK LIMITED,London,,Worker (A rating),Global Business Mobility: Senior or Specialist Worker; Skilled Worker,tech
Freston Analytics UK Limited,Ipswich,,Worker (A rating),Skilled Worker,tech
Freudenberg Filtration Technologies UK Ltd,Crewe,Cheshire,Worker (A rating),Global Business Mobility: Senior or Specialist Worker; Skilled Worker,tech
Freudenberg Flow Technologies Limited,Port Talbot,,Worker (A rating),Skilled Worker,tech
Freudenberg Sealing Technologies Ltd,North Shields,Tyne & Wear,Worker (A rating),Global Business Mobility: Senior or Specialist Worker; Skilled Worker,tech
FRICTIONLESS TECHNOLOGIES LTD,London,,Worker (A rating),Skilled Worker,tech
Frischmann Process Technology Limited,London,,Worker (A rating),Skilled Worker,tech
Frontdoor Labs Ltd,London,,Worker (A rating),Skilled Worker,tech
Frontier AI Ltd,London,,Worker (A rating),Skilled Worker,tech
Frontier Computer Corp Limited,Maidstone,Kent,Worker (A rating),Skilled Worker,tech
FRONTIER SPACE TECHNOLOGIES LTD,Nottingham,Nottinghamshire,Worker (A rating),Skilled Worker,tech
FRONTLINE TECHNOLOGY SERVICES UK LIMITED,Belfast,,Worker (A rating),Skilled Worker,tech
Froxy Labs Ltd,London,,Worker (A rating),Skilled Worker,tech
FRUITFUL SOFTWARE LIMITED,London,,Worker (A rating),Skilled Worker,tech
FT Pipeline Systems Ltd.,Lichfield,Staffordshire,Worker (A rating),Skilled Worker,tech
FT Technologies (UK) Ltd,Sunbury-on-Thames,,Worker (A rating),Skilled Worker,tech
Fuel Additive Science Technologies Ltd,Shrewsbury,Shropshire,Worker (A rating),Skilled Worker,tech
Fuel Cell Systems Limited,Hungerford,Berkshire,Worker (A rating),Skilled Worker,tech
FUJIFILM Speciality Ink Systems Limited,Broadstairs,,Worker (A rating),Skilled Worker; Global Business Mobility: Senior or Specialist Worker,tech
FULCRUM DIGITAL (UK) LIMITED,London,,Worker (A rating),Global Business Mobility: Senior or Specialist Worker; Skilled Worker,tech
Fulcrum Global Technologies UK Limited,London,,Worker (A rating),Global Business Mobility: Senior or Specialist Worker; Skilled Worker,tech
Fulcrum Labs UK Limited,London,,Worker (A rating),Skilled Worker,tech
FULKRUM TECHNICAL RESOURCES LIMITED,London,,Worker (A rating),Skilled Worker,tech
Fully Distributed Systems Ltd,Loughborough,Leicestershire,Worker (A rating),Skilled Worker,tech
Funfair Technologies Limited,London,,Worker (A rating),Skilled Worker,tech
FUSION APPS CONSULTING LIMITED,READING,Berkshire,Worker (A rating),Skilled Worker,tech
FusionAIx Technologies Limited,London,Greater London,Worker (A rating),Skilled Worker; Global Business Mobility: Senior or Specialist Worker,tech
Fusionride Technology (UK) Limited,London,,Worker (A rating),Skilled Worker,tech
Future Intelligence Technology Solutions Limited,Reading,Berkshire,Worker (A rating),Skilled Worker,tech
Future IT Consultancy Limited,Manchester,,Worker (A rating),Skilled Worker,tech
FUTURE TECH INFO LIMITED,Barnet,Hertfordshire,Worker (A rating),Skilled Worker,tech
Future Tech Labs Limited,Guildford,Surrey,Worker (A rating),Skilled Worker,tech
Future Technology Group Ltd,Chatteris,Cambridgeshire,Worker (A rating),Skilled Worker,tech
Future Transport Systems,Newcastle Upon Tyne,Tyne and Wear,Worker (A rating),Skilled Worker,tech
Futuregen Telecoms Ltd,London,,Worker (A rating),Skilled Worker,tech
Futuristic Technologies Ltd,Hounslow,Middlesex,Worker (A rating),Scale-up; Skilled Worker,tech
Futuristic Technology Limited,London,,Worker (A rating),Skilled Worker,tech
Fuzzy Labs,Manchester,,Worker (A rating),Skilled Worker,tech
FX Digital Ltd,London,,Worker (A rating),Skilled Worker,tech
Fyber Digital UK Ltd,London,,Worker (A rating),Global Business Mobility: Senior or Specialist Worker; Skilled Worker,tech
FYRE DIGITAL LTD T/A YUZE,Darlington,Durham,Worker (A rating),Skilled Worker,tech
Fyxer AI Limited,London,England,Worker (A rating),Skilled Worker,tech
FZ SOFTWARE SOLUTIONS LIMITED,Ilford,Essex,Worker (A rating),Skilled Worker,tech
G K TELECOM LTD,SLOUGH,BERKSHIRE,Worker (A rating),Skilled Worker,tech
G Tech Innovation LTD,Wolverhampton,,Worker (A rating),Skilled Worker,tech
G-Tech Motor-Works Ltd,Derby,,Worker (A rating),Skilled Worker,tech
G2 Digital Video Limited,Alton,Hampshire,Worker (A rating),Skilled Worker,tech
G2O Water Technologies Ltd,Manchester,,Worker (A rating),Skilled Worker,tech
G3 Systems Ltd,Portland,Dorset,Worker (A rating),Skilled Worker,tech
Gaea AI Limited,London,,Worker (A rating),Skilled Worker,tech
GAIN IT ALL LIMITED,Doncaster,,Worker (A rating),Skilled Worker,tech
Galaxy Digital UK Limited,London,,Worker (A rating),Global Business Mobility: Senior or Specialist Worker; Skilled Worker,tech
Galaxy Techno Ltd,Abingdon,,Worker (A rating),Skilled Worker,tech
GALVANI TECH LTD,Belfast,Antrim,Worker (A rating),Skilled Worker,tech
GAME TECH POINT LIMITED,London,,Worker (A rating),Skilled Worker,tech
Gameplan Technology Limited,London,,Worker (A rating),Skilled Worker,tech
Gameup Online Ltd,London,,Worker (A rating),Skilled Worker,tech
Gamidor Technical Services LTD,Didcot,Oxfordshire,Worker (A rating),Skilled Worker,tech
Gaming Technology Solutions Ltd (Trading as GTS Ltd),London,,Worker (A rating),Global Business Mobility: Senior or Specialist Worker; Skilled Worker,tech
Gamma Systems Ltd,Harlow,Essex,Worker (A rating),Skilled Worker,tech
Gamma Telecom Holdings Limited,London,,Worker (A rating),Skilled Worker,tech
Ganap IT Ltd,Hounslow,London,Worker (A rating),Skilled Worker,tech
Garage Door Systems Ltd.,Ballymena,Antrim,Worker (A rating),Skilled Worker,tech
Gardenia Technologies Ltd,London,London,Worker (A rating),Skilled Worker,tech
Garrison Technology Ltd,London,,Worker (A rating),Scale-up; Skilled Worker,tech
Garware Hi-Tech Films International Limited,London,,Worker (A rating),Global Business Mobility: Senior or Specialist Worker; Skilled Worker,tech
Gate Technology Systems Ltd,Hove,,Worker (A rating),Skilled Worker,tech
Gateview Technologies Limiited,Leeds,,Worker (A rating),Skilled Worker,tech
Gateway Digital UK Limited,Hook,United Kingdom,Worker (A rating),Skilled Worker; Global Business Mobility: Senior or Specialist Worker,tech
Gateway IT Solutions Limited,Welling,,Worker (A rating),Skilled Worker,tech
Gatta IT services LTD,London,Middlesex,Worker (A rating),Skilled Worker,tech
Gauvin Tech Consultancy Ltd,Wolverhampton,England,Worker (A rating),Skilled Worker,tech
GB Copier Systems Ltd,Stoke-on-Trent,Staffordshire,Worker (A rating),Skilled Worker,tech
GBA Technologies Ltd,Grimsby,North East Lincolnshire,Worker (A rating),Skilled Worker,tech
GBBC Digital Finance Limited,London,,Worker (A rating),Skilled Worker,tech
GBR Technology Limited,"Silchester, Reading",Berkshire,Worker (A rating),Skilled Worker,tech
GBTEC Software UK Ltd,London,,Worker (A rating),Skilled Worker,tech
GCI Network Solutions Limited,Wakefield,,Worker (A rating),Skilled Worker,tech
GCL Building Technologies Ltd,Tunbridge Wells,Kent,Worker (A rating),Skilled Worker,tech
GCP Applied Technologies (UK) Limited,Slough,Berkshire,Worker (A rating),Global Business Mobility: Senior or Specialist Worker; Skilled Worker,tech
GDG TECHNOLOGIES LTD,London,,Worker (A rating),Skilled Worker,tech
GDK Software Ltd,Orpington,,Worker (A rating),Skilled Worker,tech
GE Aviation Systems Limited,Cheltenham,,Temporary Worker (A rating); Worker (A rating),Global Business Mobility: Graduate Trainee; Skilled Worker; Global Business Mobility: Senior or Specialist Worker,tech
GEM Data Group UK Limited,London,,Worker (A rating),Skilled Worker,tech
Gemraj Technologies Ltd.,Rayleigh,Essex,Worker (A rating),Skilled Worker,tech
Gemstone IT Services Ltd,Chorleywood,Hertfordshire,Worker (A rating),Skilled Worker,tech
Gen AI ML Ltd,London,,Worker (A rating),Skilled Worker,tech
GENASYS TECHNOLOGIES UK LTD,London,,Worker (A rating),Skilled Worker,tech
Gencell Technical Services Limited,LONDON,,Worker (A rating),Skilled Worker,tech
Generative Finance Technologies Limited,London,London,Worker (A rating),Skilled Worker,tech
Generis Enterprise Technology Limited,London,,Worker (A rating),Skilled Worker,tech
Genesis Analytics,London,,Worker (A rating),Global Business Mobility: Senior or Specialist Worker; Skilled Worker,tech
Genesis Cloud Technologies Limited,Southall,,Worker (A rating),Skilled Worker,tech
Genesis Global Technology Limited.,London,,Worker (A rating),Skilled Worker,tech
Genesis Technology Services Limited,Peterborough,Cambridgeshire,Worker (A rating),Skilled Worker,tech
Genesys Telecommunications Laboratories - Europe Limited,London,,Worker (A rating),Global Business Mobility: Senior or Specialist Worker; Skilled Worker,tech
GenetiQ Software (UK) Limited,Hemel Hempstead,Herts,Worker (A rating),Skilled Worker,tech
Genie AI Limited,London,,Worker (A rating),Skilled Worker,tech
Genie Technology Limited,London,London,Worker (A rating),Skilled Worker,tech
Genius Software Solutions Limited,Glasgow,,Worker (A rating),Skilled Worker,tech
Genomic Labs LTD,Bristol,,Worker (A rating),Skilled Worker,tech
Genuine Technologies Ltd t/a TruthEngine,Esher,,Worker (A rating),Skilled Worker,tech
GEOFF HALL DIGITAL PRINT LTD T/A Ghdigitalprint.com,glasgow,lanarkshire,Worker (A rating),Skilled Worker,tech
Geordie AI Ltd,London,London,Worker (A rating),Skilled Worker,tech
Gerent Technologies Limited,Hatfield,,Worker (A rating),Skilled Worker,tech
Germains Seed Technology (a division of ABF Grain Products Limited),London,,Worker (A rating),Global Business Mobility: Senior or Specialist Worker; Skilled Worker,tech
GfK Retail and Technology UK Limited,London,,Worker (A rating),Global Business Mobility: Senior or Specialist Worker; Skilled Worker,tech
Giacom (Cloud) Limited,Hull,,Worker (A rating),Skilled Worker,tech
Giesecke+Devrient Currency Technology GB Ltd,Milton Keynes,,Worker (A rating),Global Business Mobility: Senior or Specialist Worker; Skilled Worker,tech
GIFT SUPPORT NETWORK,"LONDON,",Lambeth,Temporary Worker (A rating),Charity Worker,tech
GIFTYPE TECH LIMITED,Grays,Essex,Worker (A rating),Skilled Worker,tech
Gigaton Technologies Ltd,London,,Worker (A rating),Skilled Worker,tech
GILBRALTAR Technologies limited,Reading,,Worker (A rating),Skilled Worker,tech
Ginger Boost It Ltd,Salford,,Worker (A rating),Skilled Worker,tech
Ginger Digital Ltd,Hungerford,,Worker (A rating),Skilled Worker,tech
Ginza Technologies Ltd,Solihull,West Midlands,Worker (A rating),Skilled Worker,tech
GIOS Technology Limited,Harrow,,Worker (A rating),Skilled Worker,tech
Girling & Company Software Limited,Bury St Edmunds,Suffolk,Worker (A rating),Skilled Worker,tech
GITHUB SOFTWARE UK LTD,Motherwell,North Lanarkshire,Worker (A rating),Global Business Mobility: Senior or Specialist Worker; Skilled Worker,tech
GivEnergy Software Ltd,Newcastle-under-Lyme,Staffordshire,Worker (A rating),Skilled Worker,tech
GKIM Digital Ltd,Impington,,Worker (A rating),Skilled Worker,tech
GKN Aerospace Services - Engineering and Technology,Bristol,,Worker (A rating),Global Business Mobility: Senior or Specialist Worker; Skilled Worker,tech
Glamorous AI Limited,Altrincham,Cheshire,Worker (A rating),Skilled Worker,tech
GLAMUP ONLINE LTD,London,,Worker (A rating),Skilled Worker,tech
GLASS DOOR DESIGN TECH LTD,Bristol,,Worker (A rating),Skilled Worker,tech
Glassbox Digital UK Ltd,NORWICH,,Worker (A rating),Global Business Mobility: Senior or Specialist Worker; Skilled Worker,tech
Glentzes Tech Limited,Edinburgh,,Worker (A rating),Skilled Worker,tech
Glimpse Analytics Ltd,Central Milton Keynes,,Worker (A rating),Skilled Worker,tech
Glite Tech Limited,London,,Worker (A rating),Skilled Worker,tech
Glo-Networks Limited,Bridgend,,Worker (A rating),Skilled Worker,tech
Global Change Data Lab,Oxford,,Worker (A rating),Skilled Worker,tech
Global Compact Network UK,London,,Worker (A rating),Skilled Worker,tech
GLOBAL COMPUTER SPECIALISTS LTD,Woodford Green,Essex,Worker (A rating),Skilled Worker,tech
Global Computers Ltd,Mitcham,Surrey,Worker (A rating),Skilled Worker,tech
Global Digital Express Limited,LONDON,,Worker (A rating),Skilled Worker,tech
Global Digital Systems Limited,Hook,Hampshire,Worker (A rating),Skilled Worker,tech
Global Inkjet Systems Limited,Cambridge,,Worker (A rating),Skilled Worker,tech
Global Legal Action Network,London,,Worker (A rating),Skilled Worker,tech
GLOBAL NANO NETWORK LIMITED,Coventry,West Midlands,Worker (A rating),Skilled Worker,tech
GLOBAL NAVIGATION SYSTEM LTD,Birmingham,,Worker (A rating),Skilled Worker,tech
Global Network of Sex Work Projects Limited (NSWP),Edinburgh,,Worker (A rating),Skilled Worker,tech
Global Partners Digital,London,,Worker (A rating),Skilled Worker,tech
Global Reach Technology EMEA Ltd,London,,Worker (A rating),Skilled Worker,tech
Global Tech Team Ltd,Ilford,,Worker (A rating),Skilled Worker,tech
GLOBAL TECHNICAL TEAMS LIMITED,Grays,,Worker (A rating),Skilled Worker,tech
Global Technologies International Limited,Glasgow,,Worker (A rating),Global Business Mobility: Senior or Specialist Worker; Skilled Worker,tech
Global Technology Ltd,Warrington,Cheshire,Worker (A rating),Skilled Worker,tech
Global Telecom Networks Ltd,Milton Keynes,,Worker (A rating),Skilled Worker,tech
Globe Technologies Uk Ltd,Coleshill,Birmingham,Worker (A rating),Skilled Worker,tech
Glory Technology Development UK Ltd,London,,Worker (A rating),Skilled Worker; Global Business Mobility: Senior or Specialist Worker,tech
Glyphic AI Limited,Sevenoaks,Kent,Worker (A rating),Skilled Worker,tech
GMK Software Solutions Limited,Aylesbury,,Worker (A rating),Skilled Worker,tech
GMR IT SOLUTIONS LIMITED,ROCHFORD,,Worker (A rating),Skilled Worker,tech
Gnaneshwari IT Solutions Limited,Staines-Upon-Thames,,Worker (A rating),Skilled Worker,tech
GNR IT SERVICES UK LTD,WARRINGTON,,Worker (A rating),Skilled Worker,tech
GO FIT LIFE SCIENCE AND TECHNOLOGY UK LIMITED,LONDON,,Worker (A rating),Skilled Worker,tech
Goaco Group Ltd,"Dartford, England,",Kent,Worker (A rating),Scale-up; Skilled Worker,tech
GOALTECH IT LTD,BATH,,Worker (A rating),Skilled Worker,tech
Godel Technologies Europe Ltd,Manchester,Greater Manchester,Worker (A rating),Skilled Worker; Global Business Mobility: Senior or Specialist Worker,tech
Godesic Limited T/A Cutover,London,,Worker (A rating),Skilled Worker; Scale-up; Global Business Mobility: Senior or Specialist Worker,tech
Gold Mountain Labs Ltd,London,,Worker (A rating),Skilled Worker,tech
Golden Data Limited,Ardwick,Manchester,Worker (A rating),Skilled Worker,tech
Goldtakas Technologies Limited,Cheshunt,Waltham Cross,Worker (A rating),Skilled Worker,tech
Goldtime Systems Ltd,Slouugh,,Worker (A rating),Skilled Worker,tech
GOMMYR POWER NETWORKS LTD,Helston,Cornwall,Worker (A rating),Skilled Worker,tech
GOOD LAW SOFTWARE LTD,London,,Worker (A rating),Skilled Worker,tech
Goodboy Digital Limited,London,,Worker (A rating),Skilled Worker,tech
Goodfire AI UK Limited,London,,Worker (A rating),Skilled Worker,tech
Gooding & Co Ltd t/a Data Privacy Advisory Service,Exeter,,Worker (A rating),Skilled Worker,tech
GOODMAYSYS SOFTWARE TECHNOLOGIES LIMITED,Ilford,,Worker (A rating),Global Business Mobility: Senior or Specialist Worker; Skilled Worker,tech
GOODS & SERVICES TECHNOLOGY LIMITED,LONDON,,Worker (A rating),Skilled Worker,tech
Gordon Murray Technologies Limited,Shalford,,Worker (A rating),Skilled Worker,tech
Gormley Robotics Ltd,Dungannon,Tyrone,Worker (A rating),Skilled Worker,tech
GOT Technologies (UK) Ltd,London,,Worker (A rating),Skilled Worker,tech
GoTo Technologies UK Limited,London,,Worker (A rating),Skilled Worker; Global Business Mobility: Senior or Specialist Worker,tech
GPC Computer Software Ltd,Manchester,,Worker (A rating),Skilled Worker,tech
GR Digital Ltd T/A Zygo Media,Swansea,,Worker (A rating),Skilled Worker,tech
Gracia AI Ltd,London,,Worker (A rating),Skilled Worker,tech
Gradient Labs Limited,London,,Worker (A rating),Skilled Worker,tech
Grafana Labs Ltd,London,,Worker (A rating),Global Business Mobility: Senior or Specialist Worker; Skilled Worker,tech
Graham Hart (Process Technology) Ltd,Bradford,West Yorkshire,Worker (A rating),Skilled Worker,tech
GRAINGER GLOBAL ONLINE BUSINESS LTD.,London,,Worker (A rating),Skilled Worker; Global Business Mobility: Senior or Specialist Worker,tech
Gran Lab Limited,Belfast,,Worker (A rating),Skilled Worker,tech
Granola Labs,London,,Worker (A rating),Skilled Worker,tech
Graphite Digital Ltd,Brighton,East Sussex,Worker (A rating),Skilled Worker,tech
GRAPHY TECHNOLOGIES LTD,London,,Worker (A rating),Skilled Worker,tech
Grasp Technologies Limited,London,,Worker (A rating),Skilled Worker,tech
Gravity Labs London Ltd,Wembley,,Worker (A rating),Skilled Worker,tech
Grayson Automotive Services Limited T/A Grayson Thermal Systems,Birmingham,,Worker (A rating),Skilled Worker,tech
GRDJ Technology Ltd,Ashurstwood,West Sussex,Worker (A rating),Skilled Worker,tech
Great IT Co Ltd / TA Cirrus Technology Solutions,Chester,Cheshire,Worker (A rating),Skilled Worker,tech
GREAT PELANKS TECH LTD,Lancashire,,Worker (A rating),Skilled Worker,tech
Greater Peterborough Network,Peterborough,Cambridgeshire,Worker (A rating),Skilled Worker,tech
GREEN CODE TECHNOLOGIES LIMITED,ENGLAND,UNITED KINGDOM,Worker (A rating),Global Business Mobility: UK Expansion Worker,tech
Green Soft Technologies LTD,London,,Worker (A rating),Skilled Worker,tech
GREEN SQUARE TECHNICAL SERVICES LTD,"Manchester, England",,Worker (A rating),Skilled Worker,tech
Green Technologies Limited t/a AA Labels,Peterborough,,Worker (A rating),Skilled Worker,tech
Greenback Recycling Technologies,London,,Worker (A rating),Skilled Worker,tech
Greenlight Computers Limited,Manchester,Greater Manchester,Worker (A rating),Skilled Worker,tech
Greenowl AI Ltd,Rochdale,Manchester,Worker (A rating),Skilled Worker,tech
GreenScale Data Centres Limited,London,,Worker (A rating),Skilled Worker; Global Business Mobility: Senior or Specialist Worker,tech
Greenstar Technology Limited,Harrow,,Worker (A rating),Skilled Worker,tech
Greenware Technologies UK Ltd,Brentford,England,Worker (A rating),Skilled Worker,tech
Gresham Technologies (Solutions) Limited,London,,Worker (A rating),Skilled Worker,tech
Gresham Technologies plc,Southampton,Hampshire,Worker (A rating),Skilled Worker,tech
Grey Tech Limited,Manchester,,Worker (A rating),Skilled Worker,tech
Grey Technology Limited (Gtech),Worcester,,Worker (A rating),Skilled Worker,tech
GREYHAZE ONLINE LTD,Birmingham,,Worker (A rating),Skilled Worker,tech
GreyMatters Technologies LTD,Bristol,,Worker (A rating),Skilled Worker,tech
GRIP Technologies Limited,Surrey,,Worker (A rating),Skilled Worker,tech
GRISSAN ENGINEERING & TECHNICAL SERVICES LIMITED,London,,Worker (A rating),Skilled Worker,tech
Grit Digital Ltd,Norwich,Norfolk,Worker (A rating),Skilled Worker,tech
Ground Control Technologies UK Ltd,Churcham,Gloucestershire,Worker (A rating),Skilled Worker,tech
Ground Truth Labs Ltd,London,,Worker (A rating),Skilled Worker,tech
Grove Information Systems Ltd.,Newcastle Upon Tyne,,Worker (A rating),Global Business Mobility: Senior or Specialist Worker,tech
Grow Online Limited,"Armthorpe, Doncaster",,Worker (A rating),Skilled Worker,tech
Growatt New Energy Technology Limited,Ilford,England,Worker (A rating),Skilled Worker,tech
Growth Technologies Limited,"London,",,Worker (A rating),Skilled Worker,tech
GrowthPoint Technology Partners UK Ltd,London,London,Worker (A rating),Global Business Mobility: Senior or Specialist Worker,tech
GRP UNITED LTD T/A TECH REPAIRS EPSOM,EPSOM,,Worker (A rating),Skilled Worker,tech
Grunt Software Ltd,Norwich,,Worker (A rating),Skilled Worker,tech
GS INNOVATIVE TECHNOLOGY LTD,Dagenham,,Worker (A rating),Skilled Worker,tech
GSC Technologies Limited,Dartford,,Worker (A rating),Skilled Worker,tech
GSD Technologies Ltd,Havant,Hampshire,Worker (A rating),Skilled Worker,tech
GSOMEGA IT SOLUTIONS LIMITED,MANCHESTER,ENGLAND,Worker (A rating),Skilled Worker,tech
GSR Technology Europe Ltd.,Bracknell,Berkshire,Worker (A rating),Skilled Worker,tech
GT Wings t/a GT Green Technologies Limited,Liverpool,,Worker (A rating),Skilled Worker,tech
GTN Market Data Services Ltd,London,,Worker (A rating),Skilled Worker,tech
Guardian North West Ltd,Liverpool,,Worker (A rating),Scale-up; Skilled Worker,tech
Guardtech Cleanrooms Ltd,Haverhill,,Worker (A rating),Scale-up; Skilled Worker,tech
Guidance Technologies Limited,London,,Worker (A rating),Skilled Worker,tech
Guided Technology Ltd t/a Go2Guide,Harrogate,,Worker (A rating),Skilled Worker,tech
Guidewire Software (UK) Limited,London,,Worker (A rating),Global Business Mobility: Senior or Specialist Worker; Skilled Worker,tech
Guralp Systems Limited,Reading,Berkshire,Worker (A rating),Skilled Worker,tech
Guru Systems Limited,London,,Worker (A rating),Skilled Worker,tech
GVS Filter Technology UK Ltd,Lancaster,Lancashire,Worker (A rating),Skilled Worker,tech
GWP Software Solutions Limited t/a FormusPro,Hereford,Herefordshire,Worker (A rating),Skilled Worker,tech
Gymshark Ltd,Solihull,West Midlands,Worker (A rating),Global Business Mobility: Senior or Specialist Worker; Scale-up; Skilled Worker,tech
Gyro Technologies Ltd,Tewkesbury,Gloucestershire,Worker (A rating),Skilled Worker,tech
H & J Web Solutions Ltd,Harrow,,Worker (A rating),Skilled Worker,tech
H. AI Technology Limited,London,,Worker (A rating),Skilled Worker,tech
H2A Online Ltd,Birmingham,West Midlands,Worker (A rating),Skilled Worker,tech
H2o IT Ltd,Edgware,Middlesex,Worker (A rating),Skilled Worker,tech
H3O Digital Ltd,London,,Worker (A rating),Skilled Worker,tech
Haana Tech LTD,London,Uxbridge,Worker (A rating),Skilled Worker,tech
HADI TECHNICAL LTD,WARRINGTON,,Worker (A rating),Skilled Worker,tech
Haefele Software Limited,London,,Worker (A rating),Skilled Worker,tech
Haefele Software Ltd,London,,Worker (A rating),Skilled Worker,tech
Haes Technologies Ltd,West Drayton,Middlesex,Worker (A rating),Skilled Worker,tech
HAHNBECK BUSINESS SYSTEMS LTD,London,,Worker (A rating),Skilled Worker,tech
Hai Robotics U.K. Limited,Northampton,,Worker (A rating),Skilled Worker,tech
HALLEYIN SOFTWARE CONSULTANCY LTD,"Fitzrovia, London",,Worker (A rating),Skilled Worker,tech
Hambrand Technology Limited,"Bedford,",,Worker (A rating),Skilled Worker,tech
Hamillroad Software Limited,Cambridge,,Worker (A rating),Skilled Worker,tech
Hammertech Software UK Ltd,London,,Worker (A rating),Global Business Mobility: Senior or Specialist Worker; Global Business Mobility: UK Expansion Worker; Skilled Worker,tech
HAMPTON DATA SERVICES LTD,CHESSINGTON,SURREY,Worker (A rating),Skilled Worker,tech
Hampton Tech Repair Limited,Hampton Hill,,Worker (A rating),Skilled Worker,tech
Hamsa IT Services Limited,Nottingham,,Worker (A rating),Skilled Worker,tech
HANAN IT SOLUTIONS LIMITED,Leicester,,Worker (A rating),Skilled Worker,tech
Handle Technologies Ltd,London,London,Worker (A rating),Skilled Worker,tech
Hanningfield Process Systems Limited,Rochford,Essex,Worker (A rating),Skilled Worker,tech
HANOTO TECHNOLOGY LTD,Barcombe,,Worker (A rating),Skilled Worker,tech
HANS IT LIMITED,Feltham,Middlesex,Worker (A rating),Skilled Worker,tech
Hansen Technologies CDE Limited,London,,Worker (A rating),Global Business Mobility: Senior or Specialist Worker; Skilled Worker,tech
HAPA CLOUD LIMITED,London,,Worker (A rating),Skilled Worker,tech
Happening Technology Ltd,London,,Worker (A rating),Skilled Worker,tech
Happiest Minds Technologies Pvt Ltd,Reading,Berkshire,Worker (A rating),Skilled Worker; Global Business Mobility: Senior or Specialist Worker,tech
Harasoft Technologies Limited,Milton Keynes,Buckinghamshire,Worker (A rating),Skilled Worker,tech
Hard Drive Technology Limited,Atherstone,,Worker (A rating),Skilled Worker,tech
HARID TECH LTD,WEST BROMWICH,,Worker (A rating),Skilled Worker,tech
Harlequin Software Ltd,Marlborough,Wiltshire,Worker (A rating),Skilled Worker,tech
Harri Technologies (UK) Limited,Barnet,Hertfordshire,Worker (A rating),Skilled Worker,tech
Harris Systems Limited,Wokingham,Berkshire,Worker (A rating),Global Business Mobility: Senior or Specialist Worker; Skilled Worker,tech
Harsh Software Solutions Limited,Hounslow,,Worker (A rating),Skilled Worker,tech
Harvest Digital Ltd,London,,Worker (A rating),Skilled Worker,tech
Harvey AI UK Ltd,Cheltenham,,Worker (A rating),Global Business Mobility: Senior or Specialist Worker; Skilled Worker,tech
Haud Systems UK Limited,London,,Worker (A rating),Skilled Worker,tech
Haulmont Technology Limited,London,,Worker (A rating),Skilled Worker,tech
Haver Analytics Limited,London,,Worker (A rating),Global Business Mobility: Senior or Specialist Worker; Skilled Worker,tech
Hay Technology Limited,London,,Worker (A rating); Temporary Worker (A rating),Global Business Mobility: Senior or Specialist Worker; Global Business Mobility: Graduate Trainee; Skilled Worker,tech
HAYAN TECH LTD,Birmingham,,Worker (A rating),Skilled Worker,tech
HCL Technologies UK Limited,London,,Worker (A rating),Global Business Mobility: Senior or Specialist Worker; Skilled Worker,tech
HCV Network,Oxford,Oxfordshire,Worker (A rating),Skilled Worker,tech
Head of Grace Christian Network,North Shields,,Temporary Worker (A rating),Charity Worker,tech
Headlands Tech UK Limited,London,,Worker (A rating),Global Business Mobility: Senior or Specialist Worker; Skilled Worker,tech
Hearst Networks UK,London,,Worker (A rating),Skilled Worker,tech
Heat Geek Technologies Ltd,London,,Worker (A rating),Skilled Worker,tech
Heating & Oven Technology Limited,Isleworth,Middlesex,Worker (A rating),Skilled Worker,tech
Hedgehog Lab Limited,Newcastle Upon Tyne,Tyne and Wear,Worker (A rating),Skilled Worker,tech
Helios Technology,Farnborough,Hampshire,Worker (A rating),Skilled Worker,tech
Helix Technologies Limited,Abingdon,,Worker (A rating),Skilled Worker,tech
Hello AI Limited,London,,Worker (A rating),Global Business Mobility: UK Expansion Worker; Global Business Mobility: Senior or Specialist Worker,tech
HELMGUARD TECHNOLOGIES UK LIMITED,London,,Worker (A rating),Skilled Worker,tech
Helpful Technology Limited,London,,Worker (A rating),Skilled Worker,tech
Heramba Tech UK Ltd,Uxbridge,,Worker (A rating),Skilled Worker,tech
Heriots Online Limited,Harrow,,Worker (A rating),Skilled Worker,tech
Heritage Trust Network,Birmingham,,Worker (A rating),Skilled Worker,tech
Hermes Logistics Technologies Ltd,Bracknell,Berkshire,Worker (A rating),Skilled Worker,tech
Heroes Technology Ltd,London,,Worker (A rating),Skilled Worker,tech
Hertswel digital ltd,Hertford,Hertfordshire,Worker (A rating),Skilled Worker,tech
Het Technologies Ltd.,Harrow,,Worker (A rating),Skilled Worker,tech
HEURISTIX DIGITAL TECHNOLOGIES (UK) LIMITED,Ilford,Essex,Worker (A rating),Global Business Mobility: Senior or Specialist Worker; Skilled Worker,tech
HEXAWARE TECHNOLOGIES UK LTD,LONDON,,Worker (A rating),Skilled Worker; Global Business Mobility: Senior or Specialist Worker,tech
HEYMOBILE TECH LTD,London,,Worker (A rating),Skilled Worker,tech
Hgk Tech Ltd,London,,Worker (A rating),Skilled Worker,tech
HI TECH DESIGN AND BUILD LTD,Cheshunt,Waltham Cross,Worker (A rating),Skilled Worker,tech
Hi Tech Solutions and Consulting Ltd,Suffolk,,Worker (A rating),Global Business Mobility: Senior or Specialist Worker; Skilled Worker,tech
Hi Tech Wardrobe Limited,Hayes,Middlesex,Worker (A rating),Skilled Worker,tech
HI- Tech Finishing Limited,Wolverhampton,,Worker (A rating),Skilled Worker,tech
Hi-Tech iSolutions Limited,Cambridge,,Worker (A rating),Skilled Worker,tech
HI-TECH PEST MANAGEMENT LIMITED,London,,Worker (A rating),Skilled Worker,tech
HI-TECH TECHNOLOGIES LTD,Worcester,,Worker (A rating),Skilled Worker,tech
Hicom Technology Limited,"Brookwood, woking",,Worker (A rating),Skilled Worker,tech
Hiden Japanese Curry Lab,London,,Worker (A rating),Skilled Worker,tech
HiETA Technologies Limited,Bristol,,Worker (A rating),Skilled Worker,tech
High Digital Limited,London,,Worker (A rating),Skilled Worker,tech
High Tech Expert Ltd,Clacton-On-Sea,,Worker (A rating),Skilled Worker,tech
High Temperature Material Systems (HTMS),Malmesbury,Wiltshire,Worker (A rating),Skilled Worker,tech
HIGH VOLTAGE SUBSTATION SERVICES LIMITED,RICKMANSWORTH,Hertfordshire,Worker (A rating),Skilled Worker; Scale-up,tech
HIGH-TECH IT LIMITED,Chessington,,Worker (A rating),Skilled Worker,tech
High-Tech Membrane Roofing Ltd,Benfleet,,Worker (A rating),Skilled Worker,tech
High-Tech MOT'S LTD,Stoke-On-Trent,Staffordshire,Worker (A rating),Skilled Worker,tech
Higher Concept Software Limited,Reading,,Worker (A rating),Global Business Mobility: Senior or Specialist Worker; Skilled Worker,tech
Highlander Computing Solutions Ltd,Sheffield,,Worker (A rating),Skilled Worker,tech
Hightest Technology Limited,Hampton,,Worker (A rating),Skilled Worker,tech
HII-TECH-TECHNOLOGIES LTD,Worcester,,Worker (A rating),Skilled Worker,tech
Hillside (Technology) Limited,Stoke-On-Trent,,Worker (A rating),Skilled Worker,tech
Himanyu Technologies Limited,Hemel Hempstead,Hemel Hempstead,Worker (A rating),Skilled Worker,tech
HINDUJA TECH LIMITED (UK Branch),London,,Worker (A rating),Global Business Mobility: Senior or Specialist Worker; Skilled Worker,tech
Hippo Digital Limited,Leeds,,Worker (A rating),Skilled Worker,tech
HIPPO LABS LTD,London,,Worker (A rating),Skilled Worker,tech
Hirehop Software Limited,London,,Worker (A rating),Skilled Worker,tech
Hitachi Digital Services UK Limited,London,,Worker (A rating),Global Business Mobility: Senior or Specialist Worker; Skilled Worker,tech
Hitachi High-Tech Analytical Science Ltd,Abingdon,,Worker (A rating),Global Business Mobility: Senior or Specialist Worker; Skilled Worker,tech
Hitachi High-Tech Europe GmbH,Warrington,Cheshire,Worker (A rating),Skilled Worker; Global Business Mobility: Senior or Specialist Worker,tech
Hitachi Information Control Systems Europe Ltd.,Bradford on Avon,Wiltshire,Worker (A rating),Global Business Mobility: Senior or Specialist Worker; Skilled Worker,tech
Hive IT Ltd,Sheffield,South Yorkshire,Worker (A rating),Skilled Worker,tech
Hivebyte Technology Ltd,Manchester,,Worker (A rating),Skilled Worker,tech
HJS Emission Technology Limited,Swindon,,Worker (A rating),Skilled Worker; Global Business Mobility: Senior or Specialist Worker,tech
HK IT Consulting LTD,Milton Keynes,,Worker (A rating),Skilled Worker,tech
HK Spot Online Ltd,Coventry,,Worker (A rating),Skilled Worker,tech
HK9 SECURITY SERVICES LTD,Barking,,Worker (A rating),Scale-up,tech
HNG Online Ltd,London,,Worker (A rating),Skilled Worker,tech
HNH Online Ltd,Wallington,,Worker (A rating),Skilled Worker,tech
Hodimo Info Tech Ltd,London,,Worker (A rating),Skilled Worker,tech
Hoist Global Tech Solutions UK & Europe Ltd,Staines,,Worker (A rating),Skilled Worker,tech
Holistic AI,London,,Worker (A rating),Skilled Worker,tech
Holloway Control Systems Ltd,Telford,Shropshire,Worker (A rating),Skilled Worker,tech
Homelink Technologies,Bristol,Stoke Gifford,Worker (A rating),Skilled Worker,tech
Homestore Online Ltd,Bathgate,,Worker (A rating),Skilled Worker,tech
Hometrack Data Systems Limited,London,London,Worker (A rating),Skilled Worker,tech
Homey Technology Ltd,London,,Worker (A rating),Skilled Worker,tech
Honey Mountain IT Solutions LTD,Slough,,Worker (A rating),Skilled Worker,tech
"HONOR TECHNOLOGIES (UK) CO., LTD",London,,Worker (A rating),Global Business Mobility: Senior or Specialist Worker; Skilled Worker,tech
HOOFPRINTS TECHNOLOGIES LTD T/A CHETTINAD MESS,Stirling,,Worker (A rating),Skilled Worker,tech
HOOK TECHNOLOGY LTD,LONDON,,Worker (A rating),Skilled Worker,tech
Hoopla Digital Ltd,London,London,Worker (A rating),Skilled Worker,tech
Hope Church Network,Petersfield,Hampshire,Worker (A rating),Tier 2 Ministers of Religion,tech
HOPE TECH SOLUTION LIMITED,GREATER LONDON,Essex,Worker (A rating),Skilled Worker,tech
Hopscotch Network UK,London,,Worker (A rating),Global Business Mobility: Senior or Specialist Worker; Skilled Worker,tech
Horison AI LTD,London,London,Worker (A rating),Skilled Worker,tech
HORIZONTAL DIGITAL UK LIMITED,Leeds,,Worker (A rating),Skilled Worker,tech
Horstman Defence Systems Limited,Bath,,Worker (A rating),Global Business Mobility: Senior or Specialist Worker; Skilled Worker,tech
Hosana Technologies Limited,Rugby,,Worker (A rating),Skilled Worker,tech
Hot Pot Digital Limited,London,,Worker (A rating),Skilled Worker,tech
HOTEL SYSTEMS & SOLUTIONS LIMITED,Cardiff,,Worker (A rating),Skilled Worker,tech
Hotel Technology Management (htm) ltd,Milton Keynes,Bucks,Worker (A rating),Skilled Worker; Global Business Mobility: Senior or Specialist Worker,tech
House of Computers Ltd,London,,Worker (A rating),Skilled Worker,tech
House-on-the-Hill Software Ltd,Stockport,Greater Manchester,Worker (A rating),Skilled Worker,tech
HR DIGITAL CONSULTANCY LTD,London,,Worker (A rating),Skilled Worker,tech
HS Printing & Computing Ltd T/A Broadway Printers & Computers,Wallington,Surrey,Worker (A rating),Skilled Worker,tech
HT Digital Ltd,London,,Worker (A rating),Skilled Worker,tech
HT Digital Services Ltd,London,,Worker (A rating),Skilled Worker,tech
HT SOFTWARE UK LTD,Chadwell Heath,,Worker (A rating),Skilled Worker,tech
Hu-Tech Experts Ltd,Swansea,Swansea,Worker (A rating),Skilled Worker,tech
"Huawei Technologies (UK) Co., Ltd",Reading,Berkshire,Worker (A rating),Global Business Mobility: Senior or Specialist Worker; Skilled Worker,tech
Huawei Technologies Research & Development (UK) Limited,Cambridge,,Worker (A rating),Skilled Worker; Global Business Mobility: Senior or Specialist Worker,tech
Hub Platform Technology Partners Ltd,London,,Worker (A rating),Skilled Worker,tech
Huble Digital Limited,London,,Worker (A rating),Skilled Worker,tech
Huboo Tech LTD.,Bristol,,Worker (A rating),Skilled Worker,tech
Hugo Technologies Limited,Bromley,Kent,Worker (A rating),Skilled Worker,tech
Humaans Software UK Limited,London,,Worker (A rating),Skilled Worker,tech
Human Digital Twin Limited,London,,Worker (A rating),Skilled Worker,tech
Humble AI Limited,London,,Worker (A rating),Skilled Worker,tech
Hummingle Technology And Media Private Limited,Stoke-on-trent,Staffordshire,Worker (A rating),Skilled Worker,tech
HUP TECHNOLOGY LIMITED,London,,Worker (A rating),Skilled Worker,tech
Hurst Media Labs,London,,Worker (A rating),Skilled Worker,tech
Hutchison Technologies Limited,Dundee,,Worker (A rating),Skilled Worker,tech
Hyble Technology Ltd,Edinburgh,,Worker (A rating),Skilled Worker,tech
HYDAC TECHNOLOGY LIMITED,Witney,Oxfordshire,Worker (A rating),Skilled Worker,tech
HYDRAS IT LIMITED,Hitchin,Herts,Worker (A rating),Skilled Worker,tech
Hydraulic System Products Ltd,Wakefield,West Yorkshire,Worker (A rating),Skilled Worker,tech
Hydro Building Systems UK Limited,Tewkesbury,Gloucestershire,Worker (A rating),Skilled Worker,tech
Hydropath Technology Ltd,Nottingham,,Worker (A rating),Skilled Worker,tech
Hylink (UK) Digital Solution Limited,London,,Worker (A rating),Global Business Mobility: Senior or Specialist Worker; Skilled Worker,tech
HYNT LABS LIMITED,LONDON,,Worker (A rating),Skilled Worker,tech
Hyper Apps Ltd,London,,Worker (A rating),Skilled Worker,tech
Hyperexponential Ltd,London,,Worker (A rating),Scale-up; Skilled Worker,tech
Hyperion Robotics UK Ltd,Scunthorpe,North Lincolnshire,Worker (A rating),Global Business Mobility: Senior or Specialist Worker; Skilled Worker,tech
Hyperion Systems Limited,Guildford,Surrey,Worker (A rating),Skilled Worker,tech
Hyran Technologies Ltd,Cambridge,,Worker (A rating),Skilled Worker,tech
I -Exceed Technology Solutions Limited,Halesowen,,Worker (A rating),Global Business Mobility: Senior or Specialist Worker; Skilled Worker,tech
I Solution Technology Ltd,London,,Worker (A rating),Skilled Worker,tech
I Tech Accessories LTD,Bishop Stortford,,Worker (A rating),Skilled Worker,tech
I-Net Software Solutions,Hounslow,,Worker (A rating),Scale-up; Skilled Worker,tech
I-Systems Ltd,Quedgeley,Gloucestershire,Worker (A rating),Skilled Worker,tech
I-TECH BUSINESS GROUP UK LTD,London,,Worker (A rating),Skilled Worker,tech
I.D.T.-Systems Ltd,FARNHAM,,Worker (A rating),Skilled Worker; Global Business Mobility: Senior or Specialist Worker,tech
I.F. CONCEPT LTD,London,,Worker (A rating),Scale-up; Skilled Worker,tech
i3d robotics limited (Operational Office),Tonbridge,Kent,Worker (A rating),Skilled Worker,tech
i6 Systems Limited,Farnborough,Hampshire,Worker (A rating),Global Business Mobility: Senior or Specialist Worker; Skilled Worker,tech
IA COMPUTERS & SERVICES LIMITED,Dagenham,,Worker (A rating),Skilled Worker,tech
IAM TECH LIMITED,ESSEX,,Worker (A rating),Skilled Worker,tech
IAM Technology Group Limited,Huddersfield,,Worker (A rating),Skilled Worker,tech
IBASE SOFTWARE SOLUTIONS PVT LIMITED,Cheshire,,Worker (A rating),Skilled Worker,tech
IBCOS COMPUTERS LTD,Poole,Dorset,Worker (A rating),Skilled Worker,tech
IBIS Integrated Bindery Systems Ltd,High Wycombe,Buckinghamshire,Worker (A rating),Skilled Worker,tech
IBRAHIM & RAYAN TECHNOLOGIES LTD,Didcot,Oxfordshire,Worker (A rating),Skilled Worker,tech
IBS Software Europe Ltd,Bracknell,Berkshire,Worker (A rating),Global Business Mobility: Senior or Specialist Worker; Skilled Worker,tech
Icarus Online SCIO,Edinburgh,,Worker (A rating),Skilled Worker,tech
ICE Data Services Europe Limited,London,,Worker (A rating),Global Business Mobility: Senior or Specialist Worker; Skilled Worker,tech
IceMOS Technology,Belfast,,Worker (A rating),Skilled Worker,tech
Iceni Labs Limited,London,,Worker (A rating),Skilled Worker,tech
Iceotope Technologies Limited,Catcliffe,Sheffield,Worker (A rating),Skilled Worker,tech
ICON IT SERVICES LIMITED,London,,Worker (A rating),Skilled Worker,tech
iConnect Digital Solutions Ltd,Northfleet,,Worker (A rating),Skilled Worker,tech
ICONNECT GP SERVICES LIMITED TA Bags and More   Tech Solution,Bedworth,,Worker (A rating),Skilled Worker,tech
Icore Digital Ltd,Silsoe,Bedford,Worker (A rating),Skilled Worker,tech
ICS.AI Limited,Basingstoke,,Worker (A rating),Skilled Worker,tech
ICTS Europe Systems Limited,London,,Worker (A rating),Skilled Worker,tech
ICW Technical Services,Belfast,,Worker (A rating),Skilled Worker,tech
ID Cyber Solutions Ltd,Glasgow,Glasgow,Worker (A rating),Skilled Worker,tech
IDEABEAN SOFTWARE TECHNOLOGY LTD,keighley,,Worker (A rating),Skilled Worker,tech
IDEAL COMPUTING.CO.UK LIMITED,EDINBURGH,,Worker (A rating),Skilled Worker,tech
Ideal Networks,Brighton,,Worker (A rating),Skilled Worker,tech
IDEAL ONLINE LIMITED,MANCHESTER,,Worker (A rating),Skilled Worker,tech
IDEAL TECH LONDON LIMITED,Ilford,,Worker (A rating),Skilled Worker,tech
IDEAS LAB LTD,Warwick,,Worker (A rating),Skilled Worker,tech
Identify Web Design Ltd,Wakefield,West Yorkshire,Worker (A rating),Skilled Worker,tech
IDIADA Automotive Technology UK Ltd,Nuneaton,Warwickshire,Worker (A rating),Global Business Mobility: Senior or Specialist Worker; Skilled Worker,tech
Idox Software Ltd.,Woking,Surrey,Worker (A rating),Skilled Worker,tech
IDRAK AI LTD,London,,Worker (A rating),Skilled Worker,tech
IDS TECHNOLOGY LIMITED,London,,Worker (A rating),Skilled Worker,tech
IDX Technology Europe Ltd,Slough,Berkshire,Worker (A rating),Skilled Worker,tech
IFA ONLINE LTD,Uxbridge,,Worker (A rating),Skilled Worker,tech
IFCO SYSTEMS UK LTD,PRINCES RISBOROUGH,BUCKS,Worker (A rating),Global Business Mobility: Senior or Specialist Worker,tech
IFIX COMPUTING LTD,Letchworth Garden City,Hertfordshire,Worker (A rating),Skilled Worker,tech
Iglu Network Ltd,London,,Worker (A rating),Skilled Worker,tech
Iglu Network Ltd.,London,,Worker (A rating),Global Business Mobility: Senior or Specialist Worker; Skilled Worker,tech
IGNITE TECHNOLOGIES INTERNATIONAL LIMITED,London,,Worker (A rating),Skilled Worker,tech
Ignitho Technologies UK Ltd,Falmer,,Worker (A rating),Skilled Worker,tech
Ignitus Labs Ltd.,London,,Worker (A rating),Skilled Worker,tech
Ignota Labs Limited,Cambridge,,Worker (A rating),Skilled Worker,tech
iGrid Technology Consulting Ltd,Glasgow,,Worker (A rating),Skilled Worker,tech
IIT Software Limited,London,,Worker (A rating),Skilled Worker,tech
Ikigai Data Ltd,London,Select One,Worker (A rating),Skilled Worker,tech
IKIGAI DIGITAL LIMITED,Malmesbury,,Worker (A rating),Skilled Worker,tech
IKLECTIK ART LAB CIC,LONDON,,Temporary Worker (A rating),Creative Worker,tech
IKNOW TECHNOLOGY UK LTD,London,,Worker (A rating),Skilled Worker,tech
Ikonic Technology Ltd,Heywood,Lancashire,Worker (A rating),Skilled Worker,tech
Ilika Technologies Ltd,Romsey,,Worker (A rating),Skilled Worker,tech
Illuminate Digital Limited,London,,Worker (A rating),Skilled Worker,tech
Illuminate Tech Ltd,London,,Worker (A rating),Skilled Worker,tech
Illustrate Digital LTD,Cardiff,,Worker (A rating),Skilled Worker,tech
iLoF - Intelligent Lab on Fiber Limited,London,,Worker (A rating),Skilled Worker,tech
ILPRA SYSTEMS UK LTD,Swindon,Wiltshire,Worker (A rating),Skilled Worker,tech
IM Automation Systems Limited,Basildon,Essex,Worker (A rating),Skilled Worker,tech
Image Data Systems (UK) Ltd,London,,Worker (A rating),Skilled Worker,tech
Image Sign Systems LTD,Weston-Super-Mare,North Somerset,Worker (A rating),Skilled Worker,tech
Imagination Technologies Limited,Kings Langley,Herts,Worker (A rating),Skilled Worker; Global Business Mobility: Senior or Specialist Worker,tech
"Imagine Software (UK), Ltd.",London,,Worker (A rating),Global Business Mobility: Senior or Specialist Worker; Skilled Worker,tech
IMC Systems Ltd,Chesham,Buckinghamshire,Worker (A rating),Skilled Worker,tech
IMD Technologies Ltd,London,Choose County,Temporary Worker (A rating); Worker (A rating),Global Business Mobility: Graduate Trainee; Global Business Mobility: Senior or Specialist Worker; Skilled Worker,tech
IMI BODY TECH SPECIALIST LIMITED,Bolton,,Worker (A rating),Skilled Worker,tech
IMMERSIVE CLOUD SOLUTIONS GROUP LIMITED,Windsor,Berkshire,Worker (A rating),Skilled Worker,tech
Immersive Labs Holdings,Bristol,Bristol,Worker (A rating),Skilled Worker,tech
IMMO Investment Technologies UK Ltd,London,,Worker (A rating),Skilled Worker,tech
Immortal Tech Ltd,Huntingdon,,Worker (A rating),Skilled Worker,tech
Immunodiagnostic Systems Holdings Limited,Boldon,Tyne and Wear,Worker (A rating),Global Business Mobility: Senior or Specialist Worker; Skilled Worker,tech
IMPACT CONTROL SYSTEMS LTD,LIVERPOOL,ENGLAND,Worker (A rating),Skilled Worker,tech
Impact Cubed Data Analytics Limited,London,,Worker (A rating),Skilled Worker,tech
Impact Data Metrics Ltd,Liverpool,,Worker (A rating),Skilled Worker,tech
Impact IT Solutions (UK) Ltd,BRISTOL,Please select,Worker (A rating),Global Business Mobility: Senior or Specialist Worker; Skilled Worker,tech
Impact Women Network CIC,Bradford,West Yorkshire,Worker (A rating),Skilled Worker,tech
Imperial IT Business Solutions Ltd,Chester,,Worker (A rating),Skilled Worker,tech
IMPERIAL WORLD TECHNOLOGIES LTD T/A PHOTOPLACE,PINNER,,Worker (A rating),Skilled Worker,tech
IMPERIUM LABS LTD T/A Imperium Acquisition,Leyland,,Worker (A rating),Skilled Worker,tech
Imply Data UK Limited,London,,Worker (A rating),Skilled Worker; Global Business Mobility: Senior or Specialist Worker,tech
IMPRESSION DIGITAL LIMITED,NOTTINGHAM,,Worker (A rating),Skilled Worker,tech
Improvability AI,London,,Worker (A rating),Skilled Worker,tech
In App Video Services UK LTD,Stratford upon Avon,,Worker (A rating),Skilled Worker,tech
In Digital Ltd,London,,Worker (A rating),Skilled Worker,tech
In Digital Marketing Limited,London,,Worker (A rating),Skilled Worker,tech
In-tech Group Ltd,Warwick,Warwickshire,Worker (A rating),Skilled Worker; Global Business Mobility: Senior or Specialist Worker,tech
Incode Technology UK Limited,Nottingham,,Worker (A rating),Skilled Worker,tech
InControl Systems Limited,Chesterfield,Derbyshire,Worker (A rating),Skilled Worker,tech
Incredible Technologies Limited,London,,Worker (A rating),Skilled Worker,tech
INCTURE TECHNOLOGY LIMITED,Harrow,,Worker (A rating),Global Business Mobility: Senior or Specialist Worker; Skilled Worker,tech
Independent Control Systems Limited t/a Iconsys,Telford,Shropshire,Worker (A rating),Skilled Worker,tech
Independent Digital News and Media Limited,London,,Worker (A rating),Skilled Worker,tech
Independent Technology Systems Limited,Bristol,,Worker (A rating),Global Business Mobility: Senior or Specialist Worker; Skilled Worker,tech
Indices AI Limited,Washington,,Worker (A rating),Skilled Worker,tech
Indigo Computer Consultancy Limited,London,,Worker (UK Expansion Worker: Provisional ),Global Business Mobility: UK Expansion Worker,tech
Indigo IT Ltd,Camberley,Surrey,Worker (A rating),Skilled Worker,tech
Indigo Software Ltd,Durham City,County Durham,Worker (A rating),Skilled Worker,tech
Indigo Telecom Group Limited,Magor,Monmouthshire,Worker (A rating),Skilled Worker,tech
INDRA RENEWABLE TECHNOLOGIES LIMITED,Worcestershire,,Worker (A rating),Skilled Worker,tech
Indus Valley Partners Tech Solutions UK Ltd,London,,Worker (A rating),Skilled Worker,tech
"Industrial & Financial Systems, IFS UK Ltd",Staines-upon-Thames,,Worker (A rating),Global Business Mobility: Senior or Specialist Worker; Skilled Worker,tech
INDUSTRIAL IT SYSTEMS LTD,Brighton,,Worker (A rating),Skilled Worker,tech
Industrial Technology Systems,Middlesbrough,Teesside,Worker (A rating),Skilled Worker,tech
Industrial Tomography Systems plc,Manchester,,Worker (A rating),Skilled Worker,tech
Inetum Digital Services UK Limited,London,,Worker (A rating),Skilled Worker,tech
Infineon Technologies UK Limited,Bristol,,Worker (A rating),Global Business Mobility: Senior or Specialist Worker; Skilled Worker,tech
INFINITE COMPUTER SOLUTIONS LIMITED,London,,Worker (A rating),Skilled Worker,tech
INFINITE SOFTWARE SOLUTIONS LTD,Preston,,Worker (A rating),Skilled Worker,tech
Infinity IT Group Ltd,Glenfield,- select -,Worker (A rating),Skilled Worker,tech
Infinity Labs IT Services Limited,Birmingham,,Worker (A rating),Skilled Worker,tech
Infinity Nexus Tech Ltd,Sunbury-On-Thames,,Worker (A rating),Skilled Worker,tech
Infinity Technology Solutions,Tunbridge Wells,,Worker (A rating),Skilled Worker,tech
Influence Digital Limited,London,,Worker (A rating),Skilled Worker,tech
Influential Software Services Ltd,Maidstone,Kent,Worker (A rating),Skilled Worker,tech
Info-Tech Research Group Ltd,London,,Worker (A rating),Skilled Worker,tech
INFOCOM IT (UK) LTD,London,,Worker (A rating),Skilled Worker,tech
Infologix IT Services Ltd,Hounslow,Middlesex,Worker (A rating),Skilled Worker,tech
Infoplus Technologies UK Limited,London,,Worker (A rating),Skilled Worker; Global Business Mobility: Senior or Specialist Worker,tech
Infopro Digital Services Ltd,London,,Worker (A rating),Skilled Worker,tech
Informatica Software Ltd,Maidenhead,Berks,Worker (A rating),Skilled Worker; Global Business Mobility: Senior or Specialist Worker,tech
INFORMATION TECH CONSULTANTS LTD,London,,Worker (A rating),Skilled Worker,tech
Information Technologies Limited,Hitchin,,Worker (A rating),Skilled Worker,tech
INFOSEC CYBER SECURITY LTD,LONDON,,Worker (A rating),Skilled Worker,tech
Infosys Tech Solutions Ltd,B radford,,Worker (A rating),Skilled Worker,tech
INFOTECH SYSTEM SOLUTIONS LIMITED,Northolt,London,Worker (A rating),Skilled Worker,tech
INFOTECH WEB TECHNOLOGIES LIMITED,Tyne & Wear,England,Worker (A rating),Skilled Worker,tech
Inframind Labs Ltd,Cambridge,,Worker (A rating),Skilled Worker,tech
Infrasoft Technologies Limited,London,,Worker (A rating),Skilled Worker; Global Business Mobility: Senior or Specialist Worker,tech
Ingenuity Digital Limited,Leeds,,Worker (A rating),Skilled Worker,tech
InHaus.ai Limited,London,,Worker (A rating),Skilled Worker,tech
INICIO TECH Limited,Birmingham,,Worker (A rating),Skilled Worker,tech
Ink Digital Ltd,Brentwood,Essex,Worker (A rating),Skilled Worker,tech
INK NETWORKS LIMITED,Farnham,,Worker (A rating),Skilled Worker,tech
Inland and Coastal Marina Systems UK,Newry,Co Down,Worker (A rating),Skilled Worker,tech
Innate Telecoms Ltd,Basingstoke,,Worker (A rating),Skilled Worker,tech
Innatus Digital,Taunton,Somerset,Worker (A rating),Skilled Worker,tech
INNERWORKS TECHNOLOGY LIMITED,Cheshire,,Worker (A rating),Skilled Worker,tech
INNOLAB IT LTD,Harrow,,Worker (A rating),Skilled Worker,tech
INNOTECH DIGITAL & DISPLAY LTD,"Bardon,",Leics,Worker (A rating),Skilled Worker,tech
INNOVA TECHNOLOGY SOLUTIONS UK LIMITED,London,,Worker (A rating),Skilled Worker,tech
Innovate Automotive Network Limited,Preston,Lancashire,Worker (A rating),Skilled Worker,tech
INNOVATION IT CONSULTING LIMITED,London,,Worker (A rating),Skilled Worker,tech
Innovation Technology and Business Solutions Limited,London,,Worker (A rating),Global Business Mobility: Senior or Specialist Worker; Skilled Worker,tech
Innovative IT Serv Limited,Norwich,,Worker (A rating),Skilled Worker,tech
INNOVATIVE IT SERVICES LIMITED,London,,Worker (A rating),Skilled Worker,tech
Innovative Risk Labs Limited,London,,Worker (A rating),Skilled Worker,tech
Innovative Safety Systems Limited,Pershore,,Worker (A rating),Skilled Worker,tech
Innovative Systems Incorporated,London,,Worker (A rating),Skilled Worker,tech
INNOVATIVE TECHNOLOGY LTD,OLDHAM,LANCASHIRE,Worker (A rating),Skilled Worker,tech
Innovatus Telecom Services Limited,Wellesbourne,Warwickshire,Worker (A rating),Skilled Worker,tech
Innovent Technology Limited,Roslin,Midlothian,Worker (A rating),Skilled Worker,tech
Innovia Technology Ltd,Cambridge,,Worker (A rating),Skilled Worker,tech
Innovix IT Solutions Limited,Reading,,Worker (A rating),Skilled Worker,tech
InnoWave-Tech Limited,Newbury,Berkshire,Worker (A rating),Skilled Worker,tech
Inovex Systems Limited,Kettering,Northants,Worker (A rating),Skilled Worker,tech
Ins Tech Engineering Solution Ltd,Slough,,Worker (A rating),Skilled Worker,tech
INS. IT SOLUTIONS LIMITED,London,,Worker (A rating),Skilled Worker,tech
Insider Technologies Limited,Greater Manchester,,Worker (A rating),Skilled Worker,tech
Insight Analytics Solutions Limited,Nottingham,Nottinghamshire,Worker (A rating),Global Business Mobility: Senior or Specialist Worker; Skilled Worker,tech
Insight Data Analytics Limited,Hatfield,Herts,Worker (A rating),Skilled Worker,tech
Insight Technology Ltd,Lonon,,Worker (A rating),Skilled Worker,tech
Insightful Technology Limited,London,,Worker (A rating),Skilled Worker,tech
INSIGHTS IT SOLUTIONS LIMITED,Warrington,Greater Manchester,Worker (A rating),Skilled Worker,tech
InSite Technical Services Limited,Pembroke Dock,,Worker (A rating),Skilled Worker,tech
Inspira Digital Ltd.,Barnstaple,Devon,Worker (A rating),Skilled Worker,tech
INSPIRATION TECH LTD,London,,Worker (A rating),Skilled Worker,tech
Inspired Homes Network Ltd,Conwy,Conwy,Worker (A rating),Skilled Worker,tech
Instant Access Technologies,Wokingham,Berkshire,Worker (A rating),Skilled Worker,tech
Instill AI Ltd,London,,Worker (A rating),Skilled Worker,tech
Insulcon Technical Limited,North Shields,,Worker (A rating),Skilled Worker,tech
Insurance Data Solutions,Chelmsford,Essex,Worker (A rating),Skilled Worker,tech
InSync Technology Ltd,Petersfield,Hampshire,Worker (A rating),Skilled Worker,tech
InTandem Systems Ltd,Southampton,Hampshire,Worker (A rating),Skilled Worker,tech
Intangles Lab UK Private Ltd,Bicester,Oxfordshire,Worker (A rating),Skilled Worker,tech
INTECH IT SUPPORT LTD,MANCHESTER,217685682,Worker (A rating),Skilled Worker,tech
INTEGRA SOFTWARE SERVICES PRIVATE LTD,Berkshire,,Worker (A rating),Global Business Mobility: Senior or Specialist Worker; Skilled Worker,tech
INTEGRA TECH SOLUTIONS LTD,Bristol,,Worker (A rating),Skilled Worker,tech
Integra Technical Services Limited,Essex,,Worker (A rating),Skilled Worker,tech
Integrate Pro Tech Ltd,Liverpool,Merseyside,Worker (A rating),Skilled Worker,tech
Integrated Digital Solutions Limited,Buckinghamshire,,Worker (A rating),Skilled Worker,tech
Integrated Fire Safety Systems Ltd,London,London,Worker (A rating),Skilled Worker,tech
Integrated IT Solutions Ltd,Southall,Middlesex,Worker (A rating),Skilled Worker,tech
Integrated System Technologies Limited,Lichfield,Staffordshire,Worker (A rating),Skilled Worker,tech
Integrated Technologies Limited,Ashford,Kent,Worker (A rating),Skilled Worker,tech
Integrated Technology Corporation Ltd,London,,Worker (A rating),Skilled Worker,tech
Intelance Digital Enablement Services Ltd,Hayes,Greater London,Worker (A rating),Skilled Worker,tech
Intelisense IT Limited,"Wolverhampton, West Midlands,",,Worker (A rating),Skilled Worker,tech
Intelliam AI Plc,Sheffield,South Yorkshire,Worker (A rating),Skilled Worker,tech
Intelligent Data Technologies Limited,Weybridge,Surrey,Worker (A rating),Skilled Worker,tech
Intelligent Maintenance Systems Limited,Milton Keynes,,Worker (A rating),Skilled Worker,tech
Intellium AI,BRISTOL,Avon,Worker (A rating),Skilled Worker,tech
INTELLIWORX Managed IT Limited,London,,Worker (A rating),Skilled Worker,tech
Intelys Technology Limited,Windlesham,Surrey,Worker (A rating),Skilled Worker,tech
Intense Technologies UK Limited,Reading,Berkshire,Worker (A rating),Global Business Mobility: Senior or Specialist Worker; Skilled Worker,tech
INTER TECHNOLOGIES CORPORATION LIMITED,LONDON,,Worker (A rating),Global Business Mobility: UK Expansion Worker,tech
Interactive Software Ltd,Solihull,,Worker (A rating),Skilled Worker,tech
Interactive Systems Ktd,Manchester,,Worker (A rating),Skilled Worker,tech
Interactive Technology Corporation Ltd,Manchester,,Worker (A rating),Skilled Worker,tech
Intercom Software UK Limited,London,,Worker (A rating),Skilled Worker,tech
Interconnect IT Ltd,Liverpool,Merseyside,Worker (A rating),Skilled Worker,tech
Intergence Systems Ltd,Cambridge,Cambs,Worker (A rating),Skilled Worker,tech
Interiors Online Direct Limited,Castleford,West Yorkshire,Worker (A rating),Skilled Worker,tech
Interlink Online Limited,London,County,Worker (A rating),Skilled Worker,tech
Interlink Software Services Limited,Wilmslow,,Worker (A rating),Skilled Worker,tech
Intermedia Technologies Company Ltd,Bristol,,Worker (A rating),Skilled Worker; Global Business Mobility: Senior or Specialist Worker,tech
International Corporate Governance Network,London,,Worker (A rating),Skilled Worker,tech
International Food Technologies Ltd,London,London,Worker (A rating),Skilled Worker,tech
INTERNATIONAL NETWORK FOR TRADITIONAL BUILDING ARCHITECTURE & URBANISM (UK),London,,Worker (A rating),Skilled Worker,tech
International Network of People who Use Drugs,London,London,Worker (A rating),Skilled Worker,tech
International Pheromone Systems (IPS) Ltd,Neston,,Worker (A rating),Skilled Worker,tech
Interrupt Labs Ltd,Basingstoke,Hampshire,Worker (A rating),Skilled Worker,tech
Intersoft Systems & Programming Ltd,Egham,Surrey,Worker (A rating),Skilled Worker,tech
Intrepid Control Systems Ltd,Nuneaton,Warwickshire,Worker (A rating),Skilled Worker,tech
Intrepid Ltd,London,,Worker (A rating),Scale-up; Skilled Worker,tech
Intrinsic Semiconductor Technologies Limited,Brill,Buckinghamshire,Worker (A rating),Skilled Worker,tech
Intrix systems Limited,Rickmansworth,Hertfordshire,Worker (A rating),Skilled Worker,tech
Intropy AI Ltd,London,,Worker (A rating),Skilled Worker,tech
Introworld Technology Limited,London,,Worker (A rating),Skilled Worker,tech
Intruder Systems Ltd,London,,Worker (A rating),Skilled Worker,tech
Intuition IT Solutions Limited,London,,Worker (A rating),Skilled Worker,tech
Intumescent Systems Limited,Dover,Kent,Worker (A rating),Skilled Worker,tech
Inventive Technologies Limited,Basingstoke,Hampshire,Worker (A rating),Skilled Worker,tech
Inventors Tech Ltd,Birmingham,,Worker (A rating),Skilled Worker,tech
INVEON DIGITAL COMMERCE SOLUTIONS LTD,Buckinghamshire,,Worker (A rating),Skilled Worker,tech
Investement Software Limited,London,,Worker (A rating),Skilled Worker,tech
Investis Digital Limited,London,,Worker (A rating),Skilled Worker; Global Business Mobility: Senior or Specialist Worker,tech
INVESTOR NETWORKS LTD,London,,Worker (A rating),Skilled Worker,tech
Invincible Software Holdings Ltd,Abingdon,,Worker (A rating),Skilled Worker,tech
INVISIBLE SYSTEMS LTD,Manchester,,Worker (A rating),Skilled Worker,tech
InVision Software Limited,Leicester,,Worker (A rating),Skilled Worker,tech
IOKODA TECHNOLOGIES LTD,London,Fitzrovia,Worker (A rating),Skilled Worker,tech
Ion Technologies Ltd,Belfast,,Worker (A rating),Skilled Worker,tech
Ionic Systems Ltd,SWINDON,Wilktshire,Worker (A rating),Skilled Worker,tech
Ionic Technologies International Limited,Belfast,,Worker (A rating),Global Business Mobility: Senior or Specialist Worker; Skilled Worker,tech
IOPEX TECHNOLOGIES LTD,LONDON,,Worker (A rating),Skilled Worker; Global Business Mobility: Senior or Specialist Worker,tech
IOT Innovation Lab Ltd,Leyton,London,Worker (A rating),Skilled Worker,tech
IOTech Systems Limited,Newcastle Upon Tyne,Tyne and Wear,Worker (A rating),Skilled Worker,tech
IPC Information Systems,London,,Worker (A rating),Skilled Worker; Global Business Mobility: Senior or Specialist Worker,tech
IPCO UK Process Systems Limited,Kingswinford,West Midlands,Worker (A rating),Skilled Worker,tech
IPEARL TECH SOLUTIONS LTD,Abergavenny,Monmouthshire,Worker (A rating),Skilled Worker,tech
IPP Analytics Limited,Basildon,,Worker (A rating),Skilled Worker,tech
IQ Data Group Limited trading as DataIQ,London,,Worker (A rating),Skilled Worker,tech
IQEQ DIGITAL LTD,Birmingham,,Worker (A rating),Skilled Worker,tech
IR IT Consultancy Services Limited,Slough,Berkshire,Worker (A rating),Skilled Worker,tech
Irha & Inaya Ltd. T/ A Cyberlinks,Manchester,,Worker (A rating),Skilled Worker,tech
iRhythm Technologies Limited,Bagshot,Surrey,Worker (A rating),Skilled Worker; Global Business Mobility: Senior or Specialist Worker,tech
IRIS Audio Technologies Limited,London,,Worker (A rating),Skilled Worker,tech
iRiS Software Systems Ltd,London,,Worker (A rating),Skilled Worker,tech
ISB TECH SOLUTIONS LIMITED,HARROW,,Worker (A rating),Skilled Worker,tech
Island Technology (UK) Limited,Reading,,Worker (A rating),Skilled Worker,tech
ISMART APPS LIMITED,Glasgow,Scotland,Worker (A rating),Skilled Worker,tech
ISN Software UK Ltd,London,,Worker (A rating),Global Business Mobility: Senior or Specialist Worker; Skilled Worker,tech
Isometrix Software UK Ltd,London,,Worker (A rating),Skilled Worker,tech
Isomorphic Labs Limited,London,,Worker (A rating),Skilled Worker; Global Business Mobility: Senior or Specialist Worker,tech
Isquare Tech Solutions Ltd,Dartford,,Worker (A rating),Skilled Worker,tech
ISUN- IMMIGRATION SUPPORT NETWORK LTD,LONDON,Haringey,Worker (A rating),Skilled Worker; Global Business Mobility: Senior or Specialist Worker,tech
IT ACCESS LTD,Bolton,,Worker (A rating),Skilled Worker,tech
IT Autos Ltd,Birmingham,,Worker (A rating),Skilled Worker,tech
IT Big Bang Limited,Peterborough,,Worker (A rating),Skilled Worker,tech
IT CATERS LIMITED,BATH,,Worker (A rating),Skilled Worker,tech
IT CONNECTS LONDON LTD,Slough,Berkshire,Worker (A rating),Skilled Worker,tech
IT CORPORATE LTD,Essex,,Worker (A rating),Skilled Worker,tech
IT Cube Ltd,Manchester,,Worker (A rating),Skilled Worker,tech
IT EHUB LIMITED,Slough,,Worker (A rating),Skilled Worker,tech
IT Europa Media & Intelligence Limited,Bucks,,Worker (A rating),Skilled Worker,tech
IT Global (UK) Limited,London,,Worker (A rating),Global Business Mobility: Senior or Specialist Worker; Skilled Worker,tech
IT Global Consulting Limited,Slough,Berkshire,Worker (A rating),Skilled Worker,tech
IT Governance Ltd,Ely,Cambridge,Worker (A rating),Global Business Mobility: Senior or Specialist Worker; Skilled Worker,tech
IT Helpdesk Burton Ltd,Burton on trent,Staffordshire,Worker (A rating),Skilled Worker,tech
IT HORIZONS LIMITED,London,,Worker (A rating),Skilled Worker,tech
IT Luggage,Hertford,Hertfordshire,Worker (A rating),Skilled Worker,tech
IT MERGE LTD,Royston,,Worker (A rating),Skilled Worker,tech
IT MOBILITY LTD,Walsall,,Worker (A rating),Skilled Worker,tech
IT Retail Systems Ltd,Huddersfield,West Yorkshire,Worker (A rating),Skilled Worker,tech
IT SERVICE LONDON LTD,London,,Worker (A rating),Skilled Worker,tech
IT Software Consultancy Services Limited.,Reading,,Worker (A rating),Skilled Worker,tech
IT Support Consultancy Ltd,Portsmouth,Hampshire,Worker (A rating),Skilled Worker,tech
IT SYSTEM AND SERVICES LTD,London,,Worker (A rating),Skilled Worker,tech
IT TECHNOLOGY SOLUTION LTD,Leicester,,Worker (A rating),Skilled Worker,tech
IT Techwise Limited,London,,Worker (A rating),Skilled Worker,tech
IT TRANSMUTER CLOUD FORCE LIMITED,Bexleyheath,,Worker (A rating),Skilled Worker,tech
IT valley (London) Ltd,Egham,,Worker (A rating),Skilled Worker,tech
IT WHEEL LTD,London,,Worker (A rating),Skilled Worker,tech
IT YNR LTD,Feltham,,Worker (A rating),Skilled Worker,tech
It's Bagels Soho,London,UK Mainland,Worker (A rating),Skilled Worker,tech
It's Fresh Limited,Burntwood,,Worker (A rating),Skilled Worker,tech
It's Not 1999Ltd T/A Locket,Harrow,Middlesex London,Worker (A rating),Skilled Worker,tech
IT'S PITA TIME LTD,London,,Worker (A rating),Skilled Worker,tech
IT-Logix Ltd,Stanmore,,Worker (A rating),Skilled Worker,tech
IT-SOHO LIMITED,London,,Worker (A rating),Skilled Worker,tech
It.com Domains Ltd,London,Hammersmith,Worker (A rating),Skilled Worker,tech
IT@Spectrum Ltd,Hull,East Yorkshire,Worker (A rating),Skilled Worker,tech
Italo Pizza Lab Limited,Royal Tunbridge Wells,,Worker (A rating),Skilled Worker,tech
ITEC Systems LTD,Pembury,Kent,Worker (A rating),Skilled Worker,tech
Itineris Software UK Ltd,Kingston upon Thames,Surrey,Worker (A rating),Skilled Worker; Global Business Mobility: Senior or Specialist Worker,tech
ITS Digital Ltd,Hertford,Hertfordshire,Worker (A rating),Skilled Worker,tech
ITvantage Systems Limited,Essex,,Worker (A rating),Global Business Mobility: Senior or Specialist Worker; Skilled Worker,tech
"Ivo AI UK, Ltd",Cheltenham,,Worker (UK Expansion Worker: Provisional ),Global Business Mobility: UK Expansion Worker,tech
Ivy Farm Technologies,Oxford,,Worker (A rating),Skilled Worker,tech
IVY TECH LTD,Derby,,Worker (A rating),Skilled Worker,tech
IXICO Technologies Ltd.,London,,Worker (A rating),Skilled Worker,tech
Iyris Technology Ltd,Port Talbot,,Worker (A rating),Skilled Worker,tech
J & A IT Consultancy Limited,London,Dagenham,Worker (A rating),Skilled Worker,tech
J P L FLAVOUR TECHNOLOGIES LIMITED,Neston,,Worker (A rating),Skilled Worker,tech
J.E.B. Technologies Limited,Suffolk,,Worker (A rating),Skilled Worker,tech
J2 Design Marketing Digital Ltd,Bushey,Herts,Worker (A rating),Skilled Worker,tech
J2 Software Limited,Williton,Somerset,Worker (A rating),Skilled Worker,tech
Jade Software Corporation UK Ltd,Harrogate,North Yorkshire,Worker (A rating),Global Business Mobility: Senior or Specialist Worker; Skilled Worker,tech
Jai Tech Ltd,Grays,Essex,Worker (A rating),Skilled Worker,tech
JAI TECHNOLOGIES LTD,READING,BERKSHIRE,Worker (A rating),Skilled Worker,tech
Jain Network,LONDON,Barnet,Temporary Worker (A rating); Worker (A rating),Charity Worker; Tier 2 Ministers of Religion; Religious Worker; Skilled Worker,tech
Jainesh IT Solutions Ltd,Wembley,,Worker (A rating),Skilled Worker,tech
JAL RANG DIGITAL PRINTING LTD,LONDON,,Worker (A rating),Skilled Worker,tech
Jaltek Systems Ltd,LUTON,,Worker (A rating),Skilled Worker,tech
JAMM IT Limited,London,,Worker (A rating),Skilled Worker,tech
Janan Online Limited,Bradford,,Worker (A rating),Skilled Worker,tech
JAPZ IT Ltd,Chelmsford,Essex,Worker (A rating),Skilled Worker,tech
Jas Live Digital Limited,Coventry,,Worker (A rating),Skilled Worker,tech
JAZ TECHNOLOGIES LTD,Leeds,,Worker (A rating),Skilled Worker,tech
JBC Control Systems Limited,Manchester,,Worker (A rating),Skilled Worker,tech
JBS Applied A.I & Robotics Research Ltd,London,,Worker (A rating),Skilled Worker,tech
JBS NEXUS TECH LTD,Crewe,,Worker (A rating),Skilled Worker,tech
Jc Data Solutions Limited,READING,,Worker (A rating),Skilled Worker,tech
JDL TECHNOLOGIES LIMITED,Stoke-On-Trent,,Worker (A rating),Skilled Worker,tech
JDR Cable Systems Ltd,Littleport,Cambs,Temporary Worker (A rating); Worker (A rating),Global Business Mobility: Service Supplier; Global Business Mobility: Senior or Specialist Worker; Skilled Worker,tech
Jeen AI Technologies UK Ltd,London,,Worker (A rating),Skilled Worker,tech
JEM SYSTEMS LIMITED,Poole,,Worker (A rating),Skilled Worker,tech
Jenesys HQ LTD t/a Jenesys AI,London,,Worker (A rating),Skilled Worker,tech
Jersey Telecom (UK) Limited,Fareham,Hampshire,Worker (A rating),Skilled Worker,tech
JES ONLINE LTD,London,,Worker (A rating),Skilled Worker,tech
Jetchem Systems Ltd,Bury,Lancashire,Worker (A rating),Skilled Worker,tech
JEWEL TECH LIMITED,London,,Worker (A rating),Skilled Worker,tech
JFC Tech Services Limited,LONDON,,Worker (A rating),Skilled Worker,tech
Jigsaw Tech LTD,London,,Worker (A rating),Skilled Worker,tech
Jiva.ai Limited,Cardiff,Wales,Worker (A rating),Skilled Worker,tech
JK Digital Consulting Limited,London,,Worker (A rating),Skilled Worker,tech
JK Tech UK LTD,London,,Worker (A rating),Global Business Mobility: Senior or Specialist Worker; Skilled Worker,tech
JKL Networks Ltd,London,,Worker (A rating),Skilled Worker,tech
JL IT Consulting Limited,Slough,,Worker (A rating),Skilled Worker,tech
JMG Systems,Omagh,TYRONE,Worker (A rating),Skilled Worker,tech
Joan Technologies Ltd,Milton Keynes,,Worker (A rating),Skilled Worker,tech
JOB PROTOCOL LABS LTD,London,,Worker (A rating),Skilled Worker,tech
John Bean Technologies Limited,Livingston,West Lothian,Worker (A rating),Global Business Mobility: Senior or Specialist Worker; Skilled Worker,tech
Johnson Matthey Davy Technologies Limited,London,,Worker (A rating),Skilled Worker,tech
Jonas Computing (UK) Limited,Wallingford,,Worker (A rating),Skilled Worker,tech
Jonas Metals Software Limited,Wallingford,Oxfordshire,Worker (A rating),Skilled Worker,tech
JOURNEY DIGITAL EMEA LIMITED,London,,Worker (A rating),Skilled Worker,tech
Joy-Tech Consultancy Ltd,London,,Worker (A rating),Skilled Worker,tech
JPL Telecom Limited,"Todber, Sturminster Newton",Dorset,Worker (A rating),Skilled Worker,tech
JS COMPUTERS NORTH EAST LIMITED,Durham,,Worker (A rating),Skilled Worker,tech
JULIAND DIGITAL LTD,Manchester,,Worker (A rating),Skilled Worker,tech
Juneja Telecom Limited,Horsham,,Worker (A rating),Skilled Worker,tech
JUNIOR AI LIMITED,London,,Worker (A rating),Skilled Worker,tech
Juniper Tech Limited,Coventry,West Midlands,Worker (A rating),Skilled Worker,tech
Juro Online Limited,London,,Worker (A rating),Skilled Worker,tech
Jusan Technologies Ltd,London,,Worker (A rating),Skilled Worker; Global Business Mobility: Senior or Specialist Worker,tech
Just Digital Ltd,HUNTINGDON,Cambridgeshire,Worker (A rating),Skilled Worker,tech
JUST IT CONSULTANT LTD,Nottingham,,Worker (A rating),Skilled Worker,tech
JUST ORDER ONLINE LIMITED,LONDON,,Worker (A rating),Skilled Worker,tech
JUST PROTECT IT LIMITED,Chigwell,England,Worker (A rating),Skilled Worker,tech
Just Technology Group Ltd,Bolton,,Worker (A rating),Skilled Worker,tech
JUUL Labs UK Ltd,London,,Worker (A rating),Skilled Worker,tech
JV Tec Software Solutions Limited,Ilford,,Worker (A rating),Skilled Worker,tech
K T I SYSTEMS LIMITED,Ilford,London,Worker (A rating),Skilled Worker,tech
K&L ASSOCIATES (TECHNICAL & LOGISTICAL SUPPORT) LTD,Widnes,,Worker (A rating),Skilled Worker,tech
K-Tech IT Services Ltd,Leicester,,Worker (A rating),Skilled Worker,tech
K.Labs Group Limited,London,,Worker (A rating),Skilled Worker,tech
K23 Limited T/A K23.ai,Guildford,,Worker (A rating),Skilled Worker,tech
K3 Business Technology Group plc,Manchester,,Worker (A rating),Global Business Mobility: Senior or Specialist Worker; Skilled Worker,tech
K4 SECURITY SERVICES LIMITED,HOUNSLOW,,Worker (A rating),Scale-up; Skilled Worker,tech
Kaar Technologies UK Limited,Huddersfield,,Worker (A rating),Global Business Mobility: Senior or Specialist Worker; Skilled Worker,tech
KAF Telecom Ltd,Chadwell Heath,Essex,Worker (A rating),Skilled Worker,tech
KAI Computer Services Ltd,LONDON,,Worker (A rating),Skilled Worker,tech
Kaifa Technology UK Limited,Milton Keynes,Buckinghamshire,Worker (A rating),Skilled Worker,tech
Kainos Software Ltd,Belfast,Antrim,Worker (A rating),Skilled Worker,tech
Kaizen Tech Limited,Park Royal,London,Worker (A rating),Skilled Worker,tech
Kaizzen Tech Limited,Arkley,,Worker (A rating),Skilled Worker,tech
KAL IT Limited,Cheshire,,Worker (A rating),Skilled Worker,tech
KAL Software UK,Edinburgh,,Worker (A rating),Global Business Mobility: Senior or Specialist Worker; Skilled Worker,tech
Kalai Tech Limited,Coulsdon,Surrey,Worker (A rating),Skilled Worker,tech
Kaldi Financial Technology Ltd,London,,Worker (A rating),Skilled Worker,tech
Kalibrate Technologies Limited,Manchester,,Worker (A rating),Skilled Worker,tech
Kalki Tech Services Limited,Wembley,,Worker (A rating),Skilled Worker,tech
Kalpah V IT Solutions Limited,Glasgow,Lanarkshire,Worker (A rating),Skilled Worker,tech
KAM COMPUTERS BARNET LTD,London,,Worker (A rating),Skilled Worker,tech
Kamu Technologies Ltd,Birmingham,,Worker (A rating),Skilled Worker,tech
Kanto Systems Limited,London,,Worker (A rating),Skilled Worker,tech
KAPPA LAB LTD,London,,Worker (A rating),Skilled Worker,tech
Karma Tech US UK Limited,London,,Worker (A rating),Skilled Worker,tech
KARTOA TECHNOLOGIES LTD,Bedford,Bedfordshire,Worker (A rating),Skilled Worker,tech
KAS Paper Systems Limited,Dunstable,Bedfordshire,Worker (A rating),Skilled Worker,tech
Kashvi Technosoft Ltd,Berkshire,,Worker (A rating),Skilled Worker,tech
Kaspersky Lab UK Limited,London,,Worker (A rating),Global Business Mobility: Senior or Specialist Worker; Skilled Worker,tech
KATAM TECHNOLOGIES LTD,MAIDENHEAD,BERKSHIRE,Worker (A rating),Skilled Worker,tech
KATRYAN TECHNOLOGIES LTD,LONDON,,Worker (A rating),Skilled Worker,tech
Kayak Software (UK) Limited,London,,Worker (A rating),Global Business Mobility: Senior or Specialist Worker; Skilled Worker,tech
KBBS Systems UK Ltd,Birmingham,,Worker (A rating),Skilled Worker,tech
KBC Process Technology Ltd,Walton on Thames,Surrey,Worker (A rating); Temporary Worker (A rating),Skilled Worker; Global Business Mobility: Graduate Trainee; Global Business Mobility: Senior or Specialist Worker,tech
KBC TECHNOLOGIES UK LIMITED,BRENTFORD,,Worker (A rating),Skilled Worker; Global Business Mobility: UK Expansion Worker,tech
KBS TECHNOLOGIES LTD,Birmingham,,Worker (A rating),Skilled Worker,tech
KC TECH PVT LIMITED,Staines,,Worker (A rating),Skilled Worker,tech
KD Web Ltd,London,,Worker (A rating),Skilled Worker,tech
KDR RESIN SYSTEMS LIMITED,Stourbridge,,Worker (A rating),Skilled Worker,tech
KEATH.AI LTD,England,,Worker (A rating),Skilled Worker,tech
Keble Network Limited,Surrey,,Worker (A rating),Skilled Worker,tech
Keeper Systems Ltd,London,,Worker (A rating),Skilled Worker,tech
Keepnet Labs LTD,Maidenhead,,Worker (A rating),Skilled Worker,tech
Keertana Information Technology Solutions Limited,Amersham,Buckinghamshire,Worker (A rating),Skilled Worker,tech
Keet Technology Solutions Ltd,Edinburgh,Midlothian,Worker (A rating),Skilled Worker,tech
KELLTON TECH (UK) LIMITED,London,,Worker (A rating),Global Business Mobility: Senior or Specialist Worker; Skilled Worker,tech
KELLTRON SOFTWARE SOLUTIONS LTD,AYLESBURY,,Worker (A rating),Skilled Worker,tech
Kepler Technologies Limited,London,,Worker (A rating),Skilled Worker,tech
KEPTRA TECHNOLOGIES LIMITED,Slough,,Worker (A rating),Skilled Worker,tech
Kerridge Commercial Systems Ltd,Hungerford,Berkshire,Worker (A rating),Skilled Worker; Global Business Mobility: Senior or Specialist Worker,tech
Keshav IT Consultancy Limited,Milton Keynes,Bucks,Worker (A rating),Skilled Worker,tech
KeyIT Technologies Ltd,London,,Worker (A rating),Skilled Worker,tech
Keysight Technologies UK Limited,Wokingham,Berkshire,Worker (A rating),Global Business Mobility: Senior or Specialist Worker; Skilled Worker,tech
Keyvantus Digital Solutions Limited,Birmingham,,Worker (A rating),Skilled Worker,tech
KF TECH LTD,London,,Worker (A rating),Skilled Worker,tech
Khipu Networks Ltd,Fleet,Hampshire,Worker (A rating),Skilled Worker,tech
Kicktag Web Solutions Ltd,Nuneaton,Warwickshire,Worker (A rating),Skilled Worker,tech
KIIN AI LTD,London,,Worker (A rating),Skilled Worker,tech
Kiin Tech Limited,Bristol,,Worker (A rating),Skilled Worker,tech
Killarney Telecommunications Limited,Widnes,Cheshire,Worker (A rating),Skilled Worker,tech
Kiln Technologies Limited,London,,Worker (A rating),Global Business Mobility: Senior or Specialist Worker; Skilled Worker,tech
KIMAK SYSTEMS & DESIGN UK LIMITED,London,,Worker (A rating),Global Business Mobility: Senior or Specialist Worker; Skilled Worker,tech
Kinetic AI Limited,London,,Worker (A rating),Skilled Worker,tech
Kinetic Technologies Europe Limited,Edinburgh,,Worker (A rating),Global Business Mobility: Senior or Specialist Worker; Skilled Worker,tech
Kingdom Advance Network,Burton on Trent,Staffordshire,Temporary Worker (A rating),Charity Worker,tech
Kingdom Technologies Ltd,Glasgow,,Worker (A rating),Skilled Worker,tech
Kings Security Systems Ltd,Bradford,,Worker (A rating),Skilled Worker,tech
KINGSBURY IT CONSULTING LTD,Bagshot,Surrey,Worker (A rating),Skilled Worker,tech
KINGSTON TECHNOLOGY EUROPE CO LLP,SUNBURY ON THAMES,,Worker (A rating),Global Business Mobility: Senior or Specialist Worker; Skilled Worker,tech
Kionnali Living Systems Ltd,Stonehaven,,Worker (A rating),Skilled Worker,tech
KIOXIA Technology UK Ltd,Abingdon,OXON,Worker (A rating),Global Business Mobility: Senior or Specialist Worker; Skilled Worker,tech
Kiri Technologies Ltd,London,,Worker (A rating),Skilled Worker,tech
KISMO TECH LTD,LONDON,,Worker (A rating),Skilled Worker,tech
KISPE Space Systems,Farnborough,Hampshire,Worker (A rating),Skilled Worker,tech
Kitt Technology Ltd,London,,Worker (A rating),Skilled Worker,tech
KJR Software Services Ltd,Reading,,Worker (A rating),Skilled Worker,tech
Kleo Cloud Limited,Winchester,Hampshire,Worker (A rating),Skilled Worker,tech
Klient Software Solutions Limited,Crook,County Durham,Worker (A rating),Skilled Worker,tech
Klinera Data Services Limited,London,,Worker (A rating),Skilled Worker,tech
KLV Software Solutions Ltd,Staines,,Worker (A rating),Skilled Worker,tech
KMA Tech Holding Limited,London,,Worker (A rating),Skilled Worker,tech
Knitmesh Technologies Limited,Holywell,Flintshire,Worker (A rating),Skilled Worker,tech
Knorr-Bremse Rail Systems (UK) Limited,Melksham,,Worker (A rating),Global Business Mobility: Senior or Specialist Worker; Skilled Worker,tech
Knorr-Bremse Systems for Commercial Vehicles Ltd,Bristol,,Temporary Worker (A rating); Worker (A rating),Global Business Mobility: Graduate Trainee; Skilled Worker; Global Business Mobility: Senior or Specialist Worker,tech
KNOW-IT (GLOBAL) LTD,GLASGOW,,Worker (A rating),Skilled Worker,tech
Knownorigin Labs Limited,Manchester,,Worker (A rating),Skilled Worker; Global Business Mobility: Senior or Specialist Worker,tech
Knox Digital Limited,London,,Worker (A rating),Skilled Worker,tech
Ko-Fi Labs Limited,Cambridge,Cambridgeshire,Worker (A rating),Skilled Worker,tech
Koala IT Ltd,Witney,Oxon.,Worker (A rating),Skilled Worker,tech
Kohort Software Limited,London,,Worker (A rating),Global Business Mobility: Senior or Specialist Worker; Skilled Worker,tech
KOIOS Master Data Limited,Winchester,Hampshire,Worker (A rating),Skilled Worker,tech
KOKORO NETWORKS LIMITED,KINGSTON UPON THAMES,,Worker (A rating),Skilled Worker,tech
KOMALI LTD T/A KOMALI TECH,READING,BERKSHIRE,Worker (A rating),Skilled Worker,tech
Komi App Limited,London,,Worker (A rating),Skilled Worker; Global Business Mobility: Senior or Specialist Worker,tech
kommuru technologies ltd,LONDON,,Worker (A rating),Skilled Worker,tech
Komodo Digital Ltd,Newcastle upon Tyne,,Worker (A rating),Skilled Worker,tech
Konami Digital Entertainment B.V.,Windsor,,Worker (A rating),Skilled Worker; Global Business Mobility: Senior or Specialist Worker,tech
KONARK INSTRUMENTS & CONTROL SYSTEM LTD,Barnet,Hertfordshire,Worker (A rating),Skilled Worker,tech
Kongsberg Actuation Systems Limited,Normanton,West Yorkshire,Worker (A rating),Skilled Worker; Global Business Mobility: Senior or Specialist Worker,tech
Konrad-Technologies UK Ltd,Dunfermline,Fife,Worker (A rating),Skilled Worker,tech
Konverge Technologies Limited,London,,Worker (A rating),Global Business Mobility: Senior or Specialist Worker; Skilled Worker,tech
Koolmill Systems Limited,Solihull,,Worker (A rating),Skilled Worker,tech
KOPE AI Ltd,London,,Worker (A rating),Skilled Worker,tech
KORE IT TECHNOLOGY SERVICES LTD,London,,Worker (A rating),Skilled Worker,tech
Kore Software Limited,London,,Worker (A rating),Skilled Worker,tech
Kore Systems Limited,Isleworth,,Worker (A rating),Skilled Worker,tech
KORE.AI UK LIMITED,London,Greater London,Worker (A rating),Skilled Worker; Global Business Mobility: Senior or Specialist Worker,tech
KP SOFTWARE SOLUTIONS LTD,Slough,,Worker (A rating),Skilled Worker,tech
KPIT TECHNOLOGIES (UK) LTD,COVENTRY,,Worker (A rating),Skilled Worker; Global Business Mobility: Senior or Specialist Worker,tech
KPMD IT Solutions Ltd,Sheffield,South Yorks,Worker (A rating),Skilled Worker,tech
KPS Digital Ltd,London,,Worker (A rating),Skilled Worker,tech
KPV LAB Edinburgh Ltd,Edinburgh,,Worker (A rating),Skilled Worker,tech
Kraken Robotics Services UK Limited,Westhill,Aberdeen,Worker (A rating),Skilled Worker,tech
Kraken Technologies Limited,London,,Worker (A rating),Skilled Worker; Global Business Mobility: Senior or Specialist Worker,tech
KRISHNEX AI SOLUTION LTD,Leeds,,Worker (A rating),Skilled Worker,tech
KRM TECHNICAL SUPERVISORY AND TRADE LIMITED,MANCHESTER,,Worker (A rating),Skilled Worker,tech
Krome Technologies Limited,Chertsey,Surrey,Worker (A rating),Skilled Worker,tech
Krubha IT Solutions UK Ltd,"Peterborough,",,Worker (A rating),Skilled Worker,tech
KRUCX TECHNOLOGIES LIMITED,London,,Worker (A rating),Skilled Worker,tech
KRYPTOS TECHNOLOGIES LIMITED,Wembley,,Worker (A rating),Skilled Worker,tech
KSD TECHNOLOGY LIMITED,Keighley,,Worker (A rating),Skilled Worker,tech
KSZ Online Ltd,Manchester,,Worker (A rating),Skilled Worker,tech
KUKA Robotics UK Ltd,Wednesbury,West Midlands,Worker (A rating),Global Business Mobility: Senior or Specialist Worker; Skilled Worker,tech
Kuka Systems UK Limited,Halesowen,West Midlands,Worker (A rating),Global Business Mobility: Senior or Specialist Worker,tech
Kula Technologies Limited,Derby,,Worker (A rating),Skilled Worker,tech
Kult AI Limited,London,,Worker (A rating),Skilled Worker,tech
KWA Analytics Ltd,London,,Worker (A rating),Global Business Mobility: Senior or Specialist Worker; Skilled Worker,tech
Kwik Web LTD,Glasgow,City of Glasgow,Worker (A rating),Skilled Worker,tech
KYDOS DIGITAL LTD,Manchester,,Worker (A rating),Skilled Worker,tech
KYM Technology Ltd,Birmingham,,Worker (A rating),Skilled Worker,tech
L & G Technologies Limited,Birmingham,,Worker (A rating),Skilled Worker,tech
L&T Technology Service Limited,London,,Worker (A rating),Global Business Mobility: Senior or Specialist Worker; Skilled Worker,tech
L'Computer Hub (UK) Limited,Swindon,,Worker (A rating),Skilled Worker,tech
L39 Tech Limited,London,London,Worker (A rating),Skilled Worker,tech
LAB Architects Limited,London,,Worker (A rating),Skilled Worker,tech
Lab Works Engineering Limited,Northampton,,Worker (A rating),Skilled Worker,tech
Labl.it Solutions Ltd,Southampton,Hampshire,Worker (A rating),Skilled Worker,tech
Labrys Technologies Ltd,Elstree,Hertfordshire,Worker (A rating),Skilled Worker,tech
Labs Construction Ltd,London,,Worker (A rating),Skilled Worker,tech
LAC Conveyor Systems Ltd,Nottingham,Nottingham,Worker (A rating),Skilled Worker,tech
LADERA TECHNOLOGY LTD,Reading,BERKSHIRE,Worker (A rating),Global Business Mobility: Senior or Specialist Worker; Skilled Worker,tech
LAHORI TECH LTD,Swansea,,Worker (A rating),Skilled Worker,tech
LAKESIDE FOODS AND ONLINE MARKETPLACE LTD,London,,Worker (A rating),Skilled Worker,tech
Lama Technology Group Limited,London,,Worker (A rating),Skilled Worker,tech
Land Technologies Limited (LandInsight),London,,Worker (A rating),Skilled Worker,tech
Landa Digital Printing UK Ltd,Cambridge,Cambridgeshire,Worker (A rating),Skilled Worker,tech
Landmark Systems Ltd,Pulborough,West Sussex,Worker (A rating),Skilled Worker,tech
LANDY TECH LIMITED,London,,Worker (A rating),Skilled Worker,tech
LANTEK SYSTEMS LTD,"Malvern, Worcestershire",,Worker (A rating),Skilled Worker,tech
Lantern.ai Limited,London,,Worker (A rating),Skilled Worker,tech
Laser Cladding Technology LTD,Worksop,Nottinghamshire,Worker (A rating),Skilled Worker,tech
Laser Digital UK Ltd,London,,Worker (A rating),Skilled Worker; Global Business Mobility: Senior or Specialist Worker,tech
Lata Technologies Limited,South Croydon,,Worker (A rating),Skilled Worker,tech
Latent Labs Limited,London,,Worker (A rating),Skilled Worker,tech
Latent Technology Ltd,London,,Worker (A rating),Skilled Worker,tech
LatentSpace AI Ltd,Altrincham,Cheshire,Worker (A rating),Skilled Worker,tech
Latentview Analytics UK Limited,London,,Worker (A rating),Skilled Worker; Global Business Mobility: Senior or Specialist Worker,tech
Latsen Technology Ltd,Liverpool,,Worker (A rating),Skilled Worker,tech
Lattice Labs Ltd.,London,,Worker (A rating),Skilled Worker,tech
Lattice Technologies Limited,London,,Worker (A rating),Skilled Worker; Global Business Mobility: Senior or Specialist Worker,tech
Launch Online Ltd,Exeter,,Worker (A rating),Skilled Worker,tech
LAUNCH ROBOTICS LTD,WORKSOP,,Worker (A rating),Skilled Worker,tech
Launch Tech Uk Ltd..,Milton Keynes,Bucks,Worker (A rating),Skilled Worker,tech
Laurel Co Technology Limited,London,,Worker (A rating),Skilled Worker,tech
Layer Systems Limited,Glasgow,,Worker (A rating),Skilled Worker,tech
LayerZero Analytics Ltd,London,,Worker (A rating),Skilled Worker,tech
LCC Technologies Limited,Runcorn,,Worker (A rating),Skilled Worker,tech
LCM Systems Ltd,Newport,Isle of Wight,Worker (A rating),Skilled Worker,tech
LEAD TECHNICAL SERVICES LTD,Pontefract,West Yorkshire,Worker (A rating),Skilled Worker,tech
Leader Systems UK Ltd,Rugby,Warwickshire,Worker (A rating),Skilled Worker,tech
Leadership Through Data|,Halstead,Mrs,Worker (A rating),Skilled Worker,tech
Leading Globe Technology Limited,London,,Worker (A rating),Skilled Worker,tech
Leaf-Tech Ltd,London,,Worker (A rating),Skilled Worker,tech
"Leaf.fm, ltd",Newcastle upon Tyne,Tyne and Wear,Worker (A rating),Scale-up,tech
Lean Technologies Development (UK) Limited,London,,Worker (A rating),Global Business Mobility: Senior or Specialist Worker; Skilled Worker,tech
LEAP Legal Software Limited,Twickenham,,Worker (A rating),Skilled Worker,tech
Leap Networks Global Ltd,Manchester,,Worker (A rating),Skilled Worker,tech
Learnsmarter Apps Ltd,Winchester,Hampshire,Worker (A rating),Skilled Worker,tech
Leave it to Esmie Limited,Coventry,,Worker (A rating),Skilled Worker,tech
Ledger Technologies UK LTD,London,,Worker (A rating),Skilled Worker,tech
Legado Technologies Limited,Edinburgh,,Worker (A rating),Skilled Worker,tech
LEGEND IT SOLUTIONS LIMITED,London,,Worker (A rating),Skilled Worker,tech
Lego Digital Play Limited,LONDON,,Worker (A rating),Skilled Worker; Global Business Mobility: Senior or Specialist Worker,tech
LEKO LABS UK LIMITED,Cambridge,,Worker (A rating),Global Business Mobility: Senior or Specialist Worker; Skilled Worker,tech
Lenkie Technologies Limited,London,,Worker (A rating),Skilled Worker,tech
Lenovo Technology (United Kingdom) Limited,Farnborough,,Worker (A rating),Global Business Mobility: Senior or Specialist Worker; Skilled Worker,tech
Leogenic Labs Ltd,Wigston,Leicester,Worker (A rating),Skilled Worker,tech
LEOMIND LABS LTD,London,,Worker (A rating),Skilled Worker,tech
LEONI Wiring Systems UK Limited,Newcastle,,Worker (A rating),Global Business Mobility: Senior or Specialist Worker; Skilled Worker,tech
LEOPARD TECHNOLOGY LTD,Redhill,,Worker (A rating),Skilled Worker,tech
LESSEL LIMITED,London,,Worker (A rating),Scale-up; Skilled Worker,tech
Lester Control Systems Limited,Croydon,Surrey,Worker (A rating),Skilled Worker,tech
LET IT GO TECH LTD,COVENTRY,,Worker (A rating),Skilled Worker,tech
Lets Recycle It Limited,Newry,Co Down,Worker (A rating),Skilled Worker,tech
LetterOne Technology (UK) LLP,London,,Worker (A rating),Skilled Worker,tech
Level Financial Technology Limited,Ashford,,Worker (A rating),Skilled Worker,tech
LEVEL THREE TECHNOLOGY SOLUTIONS LTD,Birmingham,,Worker (A rating),Skilled Worker,tech
LEVEL WEB LIMITED,Barking,,Worker (A rating),Skilled Worker,tech
Levels Technologies Ltd,London,,Worker (A rating),Skilled Worker,tech
Lexia Analytics,Bristol,County,Worker (A rating),Skilled Worker,tech
LGND Online Services Ltd,London,,Worker (A rating),Global Business Mobility: Senior or Specialist Worker; Skilled Worker,tech
Lianco Technologies Limited,London,,Worker (A rating),Skilled Worker,tech
Liberty Information Technology Limited,Belfast,,Worker (A rating),Global Business Mobility: Senior or Specialist Worker; Skilled Worker,tech
Lick It Carlisle Limited,Carlisle,Cumbria,Worker (A rating),Skilled Worker,tech
LIFE SCIENCE NETWORKS LTD,London,,Worker (A rating),Skilled Worker,tech
Life Technologies Limited,Paisley,,Worker (A rating),Global Business Mobility: Senior or Specialist Worker; Skilled Worker,tech
LIFELINE FIRE AND SAFETY SYSTEMS LIMITED,Coventry,West Midlands,Worker (A rating),Skilled Worker,tech
Lifeline IT Solutions Limited,Borehamwood,Hertfordshire,Worker (A rating),Skilled Worker,tech
Lifeline Network,Dagenham,Essex,Temporary Worker (A rating); Worker (A rating),Charity Worker; Religious Worker; Skilled Worker,tech
LifeProven Technologies,London,,Worker (A rating),Skilled Worker,tech
Lifestyle IT LTD,Uxbridge,Middlesex,Worker (A rating),Global Business Mobility: Senior or Specialist Worker; Skilled Worker,tech
Light Science Technologies Ltd,Derby,,Worker (A rating),Skilled Worker,tech
LightBaze Digital Services Limited,Gainsborough,West Lindsey,Worker (A rating),Skilled Worker,tech
LIGHTGREEN IT SOLUTIONS LIMITED,London,,Worker (A rating),Skilled Worker,tech
Lighting Tech Ltd,Derby,Derbyshire,Worker (A rating),Skilled Worker,tech
"LIGHTRIVER TECHNOLOGIES UK, LIMITED",London,,Worker (A rating),Skilled Worker; Global Business Mobility: Senior or Specialist Worker,tech
Lightsense Technologies Ltd,London,England,Worker (A rating),Skilled Worker,tech
Lilt Technologies Limited,London,,Worker (A rating),Skilled Worker,tech
LIMA Networks LTD,Salford,Greater Manchester,Worker (A rating),Skilled Worker,tech
Lime Technology Limited,London,UK,Worker (A rating),Skilled Worker; Global Business Mobility: Senior or Specialist Worker,tech
Liminal Systems LTD,London,,Worker (A rating),Global Business Mobility: Senior or Specialist Worker,tech
LIMITOWEB TECHNOLOGIES LTD,Birmingham,West Midlands,Worker (A rating),Skilled Worker,tech
Limpet Technology Limited,Stirling,Stirlingshire,Worker (A rating),Skilled Worker,tech
Line-Technology Networks Ltd,London,,Worker (A rating),Skilled Worker,tech
Link Data Management Solutions Ltd,Cardiff,,Worker (A rating),Skilled Worker,tech
Link It Solutions Ltd,Brentford,Middlesex,Worker (A rating),Skilled Worker,tech
Linkedin Technology UK Limited,LONDON,,Worker (A rating),Skilled Worker; Global Business Mobility: Senior or Specialist Worker,tech
LinkedTrade Technologies Ltd,London,,Worker (A rating),Skilled Worker,tech
LinkExec Ltd T/A Connectd,London,,Worker (A rating),Scale-up; Skilled Worker,tech
LINKFRESH Software Limited,Lichfield,,Worker (A rating),Skilled Worker,tech
LINKSTAR TECH LTD,London,England,Worker (A rating),Skilled Worker,tech
LINKX AI LTD,Slough,,Worker (A rating),Skilled Worker,tech
LINN SYSTEMS LTD,Chichester,West Sussex,Worker (A rating),Skilled Worker,tech
Linus Technology Ltd,Sheffield,South Yorkshire,Worker (A rating),Skilled Worker,tech
Linwave Technology Limited,Lincoln,,Worker (A rating),Skilled Worker; Global Business Mobility: Senior or Specialist Worker,tech
Linx Printing Technologies Limited,St Ives,Cambridgeshire,Worker (A rating),Global Business Mobility: Senior or Specialist Worker; Skilled Worker,tech
Liquid Telecommunications Limited,London,,Worker (A rating),Skilled Worker,tech
Lisa Technologies Ltd,Bedford,Bedfordshire,Worker (A rating),Skilled Worker,tech
LITTLEDATA TECHNOLOGIES LTD,Newbury,Berkshire,Worker (A rating),Skilled Worker,tech
Live It Dance Studios,Haddington,East Lothian,Worker (A rating),Skilled Worker,tech
Livelink Technology Ltd,Havant,,Worker (A rating),Skilled Worker,tech
Liveology Digital Media UK Ltd,London,,Worker (A rating),Skilled Worker,tech
Livetec Systems Limited,Silsoe,Bedfordshire,Worker (A rating),Skilled Worker,tech
Livewire Digital Ltd,Leatherhead,Surrey,Worker (A rating),Skilled Worker,tech
LIVEWIRE Telecom Limited,Silverstone,,Worker (A rating),Skilled Worker,tech
Livingstone Technologies Limited,York,,Worker (A rating),Skilled Worker,tech
Liya Technologies Ltd,Bexleyheath,,Worker (A rating),Skilled Worker,tech
Lloret Control Systems Ltd,Coulsdon,Surrey,Worker (A rating),Skilled Worker,tech
LM Technologies Limited,Edgware,Middlesex,Worker (A rating),Skilled Worker,tech
Locus Software Limited,Farnborough,Hampshire,Worker (A rating),Skilled Worker,tech
Loesche Energy Systems Limited,Horsham,,Worker (A rating),Skilled Worker,tech
LOGICACLOUD IT SOLUTIONS LIMITED,Harrow,,Worker (A rating),Skilled Worker,tech
Logifuture Tech Ltd,London,,Worker (A rating),Skilled Worker,tech
Lola Performance Technologies,London,- select -,Worker (A rating),Skilled Worker,tech
"Loma Systems, a division of ITW Limited",Farnborough,Hampshire,Worker (A rating),Skilled Worker,tech
Lomare Technologies Ltd,London,,Worker (A rating),Skilled Worker,tech
London Booking Network Ltd,London,,Worker (A rating),Skilled Worker,tech
London Computer Centre Limited,Hammersmith,UK,Worker (A rating),Skilled Worker,tech
London Computer Recycling,London,London,Temporary Worker (A rating),Charity Worker,tech
LONDON DIGITAL LAB LIMITED,London,,Worker (A rating),Skilled Worker,tech
London Fluid System Technologies Ltd,Kings Langley,Hertfordshire,Worker (A rating),Skilled Worker,tech
LONDON GROCERY ONLINE LTD,Hornchurch,,Worker (A rating),Skilled Worker,tech
London Network Church (Previously Known as East Acton Baptist Church),London,,Temporary Worker (A rating),Religious Worker,tech
London Structures Lab,London,,Worker (A rating),Skilled Worker,tech
London Technology Club,Hemel Hampstead,,Worker (A rating),Skilled Worker,tech
LONDON TECHNTRADE LIMITED,London,,Worker (A rating),Skilled Worker,tech
London Web World Limited,Wallington,Surrey,Worker (A rating),Skilled Worker,tech
Longshot Systems Limited,London,,Worker (A rating),Skilled Worker,tech
Longwave Digital Ltd,Leeds,,Worker (A rating),Skilled Worker,tech
Loop Software Ltd,Moreton-in-Marsh,Gloucestershire,Worker (A rating),Skilled Worker,tech
Loop Technology Limited,Dorchester,Dorset,Worker (A rating),Skilled Worker,tech
Loqbox Technology UK Limited,Bristol,,Worker (A rating),Skilled Worker,tech
Lotus Technology Innovative Limited,London,,Worker (A rating),Global Business Mobility: Senior or Specialist Worker; Skilled Worker,tech
Lounge Underwear Ltd,Solihull,West Midlands,Worker (A rating),Scale-up; Skilled Worker,tech
Lovable Labs UK Limited,London,,Worker (A rating),Skilled Worker,tech
LOVIE TECHNOLOGY LTD,London,,Worker (A rating),Skilled Worker,tech
Low Observable Technology Ltd,London,,Worker (A rating),Skilled Worker,tech
Loyal Technologies Limited,Ilford,Essex,Worker (A rating),Skilled Worker,tech
LPG SYSTEMS UK LTD,London,,Worker (A rating),Skilled Worker,tech
LPS Ehealth Software Limited,London,,Worker (A rating),Skilled Worker,tech
LPW Technology Ltd,Widnes,Cheshire,Worker (A rating),Global Business Mobility: Senior or Specialist Worker; Skilled Worker,tech
LQT Technologies Limited,Croydon,,Worker (A rating),Skilled Worker,tech
LS Cable & System UK Limited,New Malden,,Worker (A rating),Skilled Worker; Global Business Mobility: Senior or Specialist Worker; Global Business Mobility: Secondment Worker,tech
LTI TECHNOLOGY SOLUTIONS LIMITED,Reading,Berkshire,Worker (A rating),Global Business Mobility: Senior or Specialist Worker; Skilled Worker,tech
Lubz Telecom Ltd,Reading,Berkshire,Worker (A rating),Skilled Worker,tech
Lucas Systems Limited,Bracknell,,Worker (A rating),Global Business Mobility: Senior or Specialist Worker; Skilled Worker,tech
LUFTHANSA TECHNIK LANDING GEAR SERVICES UK LIMITED,Hayes,,Worker (A rating),Skilled Worker,tech
Lumentum Technology UK Limited,Towcester,Northants,Worker (A rating),Skilled Worker,tech
Lumico Digital Limited,Lee-on-the-Solent,Hampshire,Worker (A rating),Skilled Worker,tech
Luminance Technologies Ltd,London,,Worker (A rating),Skilled Worker,tech
LUMIO TECHNOLOGIES LTD,Clevedon,,Worker (A rating),Skilled Worker,tech
LUNAR LABS LIMITED,London,,Worker (A rating),Skilled Worker,tech
Luther Systems Limited,London,,Worker (A rating),Skilled Worker; Global Business Mobility: Senior or Specialist Worker,tech
LUUX Digital Media Limited,London,,Worker (A rating),Skilled Worker,tech
Luvia Digital Ltd,Milton Keynes,,Worker (A rating),Skilled Worker,tech
Lycosa Web Services Ltd,Driffield,East Yorkshire,Worker (A rating),Skilled Worker,tech
Lydia Digital Ltd,London,,Worker (A rating),Skilled Worker,tech
LYFE TECHNOLOGY LIMITED,Bristol,,Worker (A rating),Skilled Worker,tech
Lynchpin Analytics Ltd,Edinburgh,Lothian,Worker (A rating),Skilled Worker,tech
Lyra International Tech Limited,London,,Worker (A rating),Skilled Worker,tech
Lyttle IT Limited,Swindon,,Worker (A rating),Skilled Worker,tech
M & M CYBER CAFE LTD,London,,Worker (A rating),Skilled Worker,tech
M B TECHNICAL SERVICES LIMITED,Worcester,,Worker (A rating),Skilled Worker,tech
M&A IT SERVICES LTD,LIVINGSTON,West Lothian,Worker (A rating),Skilled Worker,tech
M2 Control Systems Limited,Gosport,Hampshire,Worker (A rating),Skilled Worker,tech
M3 TECHNOLOGY LTD,London,,Worker (A rating),Skilled Worker,tech
MA INFO SYSTEMS LTD,Hounslow,,Worker (A rating),Skilled Worker,tech
Maanvi Technologies Limited,West Bromwich,West Midlands,Worker (A rating),Skilled Worker,tech
MAARAN TECHNOLOGIES LIMITED,Romford,London,Worker (A rating),Skilled Worker,tech
MAC Tech Group Ltd,Sutton Coldfield,,Worker (A rating),Skilled Worker,tech
Machine Building Systems Ltd,Ripley,Derbyshire,Worker (A rating),Skilled Worker,tech
Machine Medicine Technologies Ltd,London,,Worker (A rating),Skilled Worker,tech
Macintyre Chocolate Systems Ltd,ARBROATH,,Worker (A rating),Skilled Worker,tech
Mad Lab Fitness LTD,London,,Worker (A rating),Skilled Worker,tech
Made Tech Ltd,London,,Worker (A rating),Skilled Worker,tech
MADFIN TECH LTD,London,,Worker (A rating),Skilled Worker,tech
Madhav Software Solutions Limited,Slough,,Worker (A rating),Skilled Worker,tech
Madic Technologies Limited,Guildford,,Worker (A rating),Global Business Mobility: Senior or Specialist Worker; Skilled Worker,tech
Mage Control Systems Ltd,East Kilbride,,Worker (A rating),Skilled Worker,tech
Magentic Labs Limited,London,,Worker (A rating),Skilled Worker,tech
Magentus Software Limited,Mansfield,,Worker (A rating),Global Business Mobility: Senior or Specialist Worker,tech
MAGIC LABS IT LTD,Coventry,,Worker (A rating),Skilled Worker,tech
Magic Online Solutions Ltd t/a OneAgency,Norwich,,Worker (A rating),Skilled Worker,tech
MAGIC SOFTWARE SERVICES LTD,LONDON,,Worker (A rating),Global Business Mobility: Senior or Specialist Worker; Skilled Worker,tech
MAGIC TECH LTD,London,,Worker (A rating),Skilled Worker,tech
Magna Software Ltd,Banbridge,County Down,Worker (A rating),Skilled Worker,tech
Magnetic Systems Technology Limited,Rotherham,,Worker (A rating),Skilled Worker,tech
MAGNIFIC IT LTD,Darlington,,Worker (A rating),Skilled Worker,tech
MAGNUM NETWORKS LIMITED,Sutton,London,Worker (A rating),Skilled Worker,tech
MAGNUM PRIVATE HIRE LTD,Stoke on Trent,Staffordshire,Worker (A rating),Scale-up,tech
Mahir's Experience Ltd,Birmingham,West Midlands,Worker (A rating),Scale-up; Skilled Worker,tech
MAIA Tech Systems Ltd,Huddersfield,West Yorkshire,Worker (A rating),Skilled Worker,tech
MAIA Technology Limited,London,,Worker (A rating),Skilled Worker,tech
MAIK Telecoms Limited,Southampton,,Worker (A rating),Skilled Worker,tech
Mailing Technology & Sup[port Ltd,Romford,Essex,Worker (A rating),Skilled Worker,tech
MAISHA TECHNOLOGY LIMITED,London,,Worker (A rating),Skilled Worker,tech
MAK-SYSTEM GROUP LIMITED,London,,Worker (A rating),Global Business Mobility: Senior or Specialist Worker; Skilled Worker,tech
Make it Matter Limited,Winchester,,Worker (A rating),Skilled Worker,tech
Mambu Tech Limited,London,,Worker (A rating),Skilled Worker,tech
Managed IT Services Ltd.,Carshalton,Surrey,Worker (A rating),Skilled Worker,tech
MANAGED IT SOLUTIONS & SUPPORT LIMITED,Oldham,Greater Manchester,Worker (A rating),Skilled Worker,tech
MANNAT TECHNOLOGIES LIMITED,BRISTOL,,Worker (A rating),Skilled Worker,tech
Manor Telecom Services LTD T/A Manors Group,Southall,,Worker (A rating),Skilled Worker,tech
Mantic Technologies Limited,London,,Worker (A rating),Skilled Worker,tech
MANTILLA NETWORK LTD,Manchester,Greater Manchester,Worker (A rating),Skilled Worker,tech
MANTLE LABS LIMITED,LONDON,,Worker (A rating),Skilled Worker,tech
Mantra Systems Limited,Sheffield,South Yorkshire,Worker (A rating),Skilled Worker,tech
MAPP Digital UK Ltd,London,,Worker (A rating),Global Business Mobility: Senior or Specialist Worker; Skilled Worker,tech
MAQ TECHNOLOGIES LIMITED,Walsall,West Midlands,Worker (A rating),Skilled Worker,tech
MARA LABS UK LIMITED,London,,Worker (A rating),Global Business Mobility: Senior or Specialist Worker; Skilled Worker,tech
MARCOM DIGITAL SOLUTIONS LTD,COVENTRY,WEST MIDLANDS,Worker (A rating),Skilled Worker,tech
Marelli Automotive Systems Europe plc,Llanelli,Carmarthenshire,Worker (A rating),Global Business Mobility: Senior or Specialist Worker,tech
Marelli Automotive Systems UK Ltd,Llanelli,Carmarthenshire,Worker (A rating),Skilled Worker,tech
MARHABA TELECOMMUNICATION SYSTEMS LTD,BIRMINGHAM,,Worker (A rating),Skilled Worker,tech
Marine Power Systems Limited,Swansea,,Worker (A rating),Skilled Worker,tech
Marine Systems Technology Ltd,Winsford,Cheshire,Worker (A rating),Global Business Mobility: Senior or Specialist Worker; Skilled Worker,tech
Marine Technical Limits Limited,Kintore,Aberdeenshire,Worker (A rating),Skilled Worker,tech
MarineGuard Systems Ltd,Southampton,Hampshire,Worker (A rating),Skilled Worker,tech
Maritime Technical International Limited,London,,Worker (A rating),Skilled Worker,tech
Market Cloud Ltd,London,,Worker (A rating),Skilled Worker,tech
MARKET MAKERS AI LIMITED,London,,Worker (A rating),Skilled Worker,tech
Markethub Technologies Ltd,London,,Worker (A rating),Skilled Worker,tech
Marlan Maritime Technologies Ltd,Liverpool,Merseyside,Worker (A rating),Skilled Worker,tech
Maron System Limited,Swansea,Wales,Worker (A rating),Skilled Worker,tech
Marquis Technologies Limited,London,,Worker (A rating),Global Business Mobility: Senior or Specialist Worker; Skilled Worker,tech
MARS DIGITAL SOLUTIONS LTD,Manchester,Greater Manchester,Worker (A rating),Skilled Worker,tech
Marshall Land Systems Ltd,Cambridge,England,Worker (A rating),Skilled Worker,tech
Marshmallow Technology Ltd,London,,Worker (A rating),Skilled Worker,tech
Mart Network Solutions Limited,West Drayton,Middlesex,Worker (A rating),Skilled Worker,tech
Marvel Tech Business Consulting,Brentford,,Worker (A rating),Skilled Worker,tech
Marx Technology Consulting Ltd,London,,Worker (A rating),Skilled Worker,tech
Marylebone Lab Limited,London,,Worker (A rating),Skilled Worker,tech
MASS Analytics Ltd,London,,Worker (A rating),Skilled Worker,tech
Mass Information Systems Ltd,Wokingham,,Worker (A rating),Skilled Worker,tech
Mastek Systems Company Limited,London,,Worker (A rating),Global Business Mobility: Senior or Specialist Worker; Skilled Worker,tech
Master Electronic Technology Ltd,Bilston,,Worker (A rating),Skilled Worker,tech
MASTER SOFTWARE SOLUTIONS LTD,READING,,Worker (A rating),Skilled Worker,tech
MASTER TRADE NETWORK LTD T/A MFG,London,,Worker (A rating),Skilled Worker,tech
MASZ TECHNOLOGIES LIMITED,Leicester,,Worker (A rating),Skilled Worker,tech
Matfron Automation Technology Limited,London,,Worker (A rating),Skilled Worker; Global Business Mobility: UK Expansion Worker,tech
MATH LABS RESEARCH LIMITED,Sutton,,Worker (A rating),Skilled Worker,tech
MATRIX IT SOLUTION LIMITED,Brentwood,,Worker (A rating),Skilled Worker,tech
Matrix Technology Solutions Limited,Halifax,West Yorkshire,Worker (A rating),Skilled Worker,tech
Matrixx Software Europe Llimited,Ipswich,,Worker (A rating),Skilled Worker,tech
Matta Labs Ltd,Hove,England,Worker (A rating),Skilled Worker,tech
MAUA IT SOLUTIONS UK LTD,London,,Worker (A rating),Skilled Worker,tech
Mauve Corporate Systems UK Limited,London,,Worker (A rating),Global Business Mobility: Senior or Specialist Worker; Skilled Worker,tech
MAVEN IT SOLUTIONS LTD,Swindon,,Worker (A rating),Skilled Worker,tech
Maven Technology Limited,London,,Worker (A rating),Skilled Worker,tech
Mavenir Systems Limited,Reading,,Worker (A rating),Skilled Worker; Global Business Mobility: Senior or Specialist Worker,tech
Mavens Cloud Ltd,Altrincham,Cheshire,Worker (A rating),Skilled Worker,tech
Max Sat Tech Ltd,London,,Worker (A rating),Skilled Worker,tech
Maxilux Systems Ltd,Coventry,,Worker (A rating),Skilled Worker,tech
Maxon Computer Limited,Cranfield,Bedfordshire,Worker (A rating),Skilled Worker,tech
MAXWELL TECH SOLUTIONS LTD,Runcorn,,Worker (A rating),Skilled Worker,tech
Maya Technologies Limited,London Heathrow,,Worker (A rating),Global Business Mobility: Senior or Specialist Worker; Skilled Worker,tech
MAYASOFT INFORMATION SYSTEMS LTD,LONDON,,Worker (A rating),Global Business Mobility: UK Expansion Worker,tech
Maze AI Limited,London,,Worker (A rating),Skilled Worker,tech
MB ONLINE LTD,LUTON,,Worker (A rating),Skilled Worker,tech
MBS Survey Software Ltd,STEYNING,WEST SUSSEX,Worker (A rating),Skilled Worker,tech
McCarthy Taylor Systems Ltd,Gloucester,Gloucestershire,Worker (A rating),Skilled Worker,tech
MCDOWELL DIGITAL MEDIA LTD,London,,Worker (A rating),Skilled Worker,tech
MCI Systems LTD,Farnham,Surrey,Worker (A rating),Skilled Worker,tech
MCS Rental Software Limited,Maidenhead,Berkshire,Worker (A rating),Skilled Worker,tech
MD Tech & Management Ltd,London,,Worker (A rating),Skilled Worker,tech
MDA Space and Robotics Limited,Didcot,Oxfordshire,Worker (A rating),Skilled Worker; Global Business Mobility: Senior or Specialist Worker,tech
MDI Networks Limited,Portsmouth,Hampshire,Worker (A rating),Skilled Worker,tech
MDX Technology Limited,London,,Worker (A rating),Skilled Worker,tech
MECHSMERIZE TECHNOLOGIES LTD,ILFORD,ESSEX,Worker (A rating),Skilled Worker,tech
MED PREP ONLINE LTD,Crawley,,Worker (A rating),Skilled Worker,tech
Med-E-Tech Ltd,Walton-on Theme,Surrey,Worker (A rating),Skilled Worker,tech
Medequip Assistive Technology Limited,Harmondsworth,,Worker (A rating),Skilled Worker,tech
Medevice Digital Ltd.,Cambourne,Cambridgeshire,Worker (A rating),Skilled Worker,tech
Media Analytics Ltd,Oxford,Oxfordshire,Worker (A rating),Skilled Worker,tech
MEDIA IT SOFT LIMITED,Swindon,,Worker (A rating),Skilled Worker,tech
MediaKind Systems UK Limited,Southampton,,Worker (A rating),Skilled Worker,tech
Medialake AI Limited,London,,Worker (A rating),Skilled Worker,tech
Mediaocean Systems Ltd,London,,Worker (A rating),Skilled Worker; Global Business Mobility: Senior or Specialist Worker,tech
Medic One Systems Ltd,London,London,Worker (A rating),Skilled Worker,tech
Medius Software Limited,Manchester,,Worker (A rating),Skilled Worker,tech
Medly AI Limited,London,,Worker (A rating),Skilled Worker,tech
MEDPAL AI PLC,London,,Worker (A rating),Skilled Worker,tech
Medwise AI Limited,Leeds,,Worker (A rating),Skilled Worker,tech
Meen Technologies Ltd,Hatfield,Hertfordshire,Worker (A rating),Skilled Worker,tech
MEG Analytics Ltd,London,,Worker (A rating),Skilled Worker,tech
MEGATECH IT SERVICES LTD,Derby,,Worker (A rating),Skilled Worker,tech
MEGRON TECH LIMITED,SWINDON,,Worker (A rating),Skilled Worker,tech
MEKAHAY IT SOLUTIONS LTD,Colchester,,Worker (A rating),Skilled Worker,tech
MELFORD TECHNOLOGIES LIMITED,Amersham,Buckinghamshire,Worker (A rating),Skilled Worker,tech
Mentat Technology Limited,Byfield,northamptonshire,Worker (A rating),Skilled Worker,tech
MER MARINE TECHNOLOGIES LTD,London,,Worker (A rating),Skilled Worker,tech
Mercator IT Solutions Ltd,Crowborough,East Sussex,Worker (A rating),Skilled Worker,tech
Mercurius IT Limited,Milton Keynes,Buckinghamshire,Worker (A rating),Skilled Worker; Global Business Mobility: Senior or Specialist Worker,tech
Mercury Computer Systems Limited,Reading,Berkshire,Worker (A rating),Global Business Mobility: Senior or Specialist Worker; Skilled Worker,tech
MERCURY DIGITAL ASSETS LIMITED,London,,Worker (A rating),Skilled Worker,tech
MERGEN IT LTD,Colchester,Essex,Worker (A rating),Skilled Worker,tech
MERIDIAN IT SERVICES LIMITED,Barking,Essex,Worker (A rating),Skilled Worker,tech
Meridian Lightweight Technologies UK Ltd,Sutton-in-Ashfield,Nottinghamshire,Worker (A rating),Skilled Worker; Global Business Mobility: Senior or Specialist Worker,tech
Meridian Technique Limited,Southampton,Hampshire,Worker (A rating),Global Business Mobility: Senior or Specialist Worker; Skilled Worker,tech
Meritor Heavy Vehicle Braking Systems (UK) Limited,Cwmbran,,Worker (A rating),Skilled Worker; Global Business Mobility: Senior or Specialist Worker,tech
MESH AI LIMITED,LONDON,,Worker (A rating),Skilled Worker,tech
Meshprime Technologies Ltd,London,,Worker (A rating),Skilled Worker,tech
MESOO DIGITAL LTD,London,,Worker (A rating),Skilled Worker,tech
Meta Data Systems Ltd,London,,Worker (A rating),Skilled Worker,tech
Meta Solution Technologies Ltd,London,,Worker (A rating),Skilled Worker,tech
METALGIPS SYSTEM LIMITED,London,,Worker (A rating),Skilled Worker,tech
Metalor Technologies (UK) Ltd,Birmingham,,Worker (A rating),Skilled Worker,tech
METALS FOCUS DATA LIMITED,London,,Worker (A rating),Skilled Worker,tech
Metaversegraph Labs (UK) Limited,London,,Worker (A rating),Skilled Worker,tech
Meter Mix Systems Ltd,Rushden,Northamptonshire,Worker (A rating),Skilled Worker; Global Business Mobility: Senior or Specialist Worker,tech
Method Analytics Ltd t/a HyperFinity,Leeds,West Yorkshire,Worker (A rating),Skilled Worker,tech
Method Apps Limited,Bath,,Worker (A rating),Skilled Worker,tech
Methodica Technologies Limited,Nottingham,,Worker (A rating),Skilled Worker,tech
Methods Business and Digital Technology,London,Greater London,Worker (A rating),Skilled Worker,tech
Meticulous Ai Limited,London,,Worker (A rating),Skilled Worker,tech
Metrikus Software Limited,London,,Worker (A rating),Skilled Worker,tech
Metrol Technology Ltd,Aberdeen,,Worker (A rating),Global Business Mobility: Senior or Specialist Worker; Skilled Worker,tech
Metropress Limited t/a Auction Technology Group,London,,Worker (A rating),Global Business Mobility: Senior or Specialist Worker; Skilled Worker,tech
MEVA FORMWORK SYSTEMS LIMITED,Tamworth,Staffordshire,Worker (A rating),Skilled Worker,tech
Mews Systems Limited,London,,Temporary Worker (A rating); Worker (A rating),Global Business Mobility: Graduate Trainee; Global Business Mobility: Senior or Specialist Worker; Skilled Worker,tech
MF Telecom Services Limited,Kent,,Worker (A rating),Skilled Worker,tech
MGH Technology Solutions Ltd,Cobham,GB,Worker (A rating),Skilled Worker,tech
MGS TECHNOLOGIES LIMITED,Surbiton,SURREY,Worker (A rating),Skilled Worker,tech
MH ONLINE LTD,HUDDERSFIELD,,Worker (A rating),Skilled Worker,tech
MHT Technology Limited,Richmond,North Yorkshire,Worker (A rating),Skilled Worker,tech
MHZ TECHNOLOGIES LTD,"Wilton,  Salisbury",Wiltshire,Worker (A rating),Skilled Worker,tech
MI-TEC IT SOLUTIONS LTD,Bourne,,Worker (A rating),Skilled Worker,tech
MIAC Analytics Limited,London,,Worker (A rating),Skilled Worker,tech
Micad Systems (U.K.) Limited,Altrincham,Cheshire,Worker (A rating),Skilled Worker,tech
Micro Precision Gear Technology Limited,Hemel Hempstead,,Worker (A rating),Skilled Worker,tech
Micro Systems (UK) Limited,Warrington,,Worker (A rating),Skilled Worker,tech
Micro Technology Services Ltd,Wigston,Leicestershire,Worker (A rating),Skilled Worker,tech
Micro365 Technologies Ltd,Manchester,,Worker (A rating),Skilled Worker,tech
MicroFast Technologies Limited,Harrow,,Worker (A rating),Skilled Worker,tech
Micron Semiconductor Ltd,LANCING,West Sussex,Worker (A rating),Skilled Worker,tech
Microsolv Systems Ltd,London,London,Worker (A rating),Skilled Worker,tech
Midland Aluminium System Ltd,West Bromwich,West Midlands,Worker (A rating),Skilled Worker,tech
Midland Telecom Networks Group Ltd,Birmingham,West Midlands,Worker (A rating),Skilled Worker,tech
Midlands Tech Ltd T/A Floorington,"Bilston,",Wolverhampton,Worker (A rating),Skilled Worker,tech
MIDTHERM FLUE SYSTEMS LTD,"Netherton, Dudley",West Midlands,Worker (A rating),Skilled Worker,tech
"Mignon Technologies Ltd, T.A. Literal Labs",Newcastle upon Tyne,,Worker (A rating),Skilled Worker,tech
MIITERA TECHNOLOGIES Ltd,STRATFORD UPON AVON,WARWICKSHIRE,Worker (A rating),Skilled Worker,tech
MIKROLINK TELECOMMUNICATION UK LTD,London,,Worker (A rating),Skilled Worker,tech
Milestone Global IT Limited,Ilford,,Worker (A rating),Skilled Worker,tech
Milestone Technologies UK Limited,Pinner,,Worker (A rating),Skilled Worker,tech
Millitec Food Systems,Draycott,Derbyshire,Worker (A rating),Skilled Worker,tech
Mimica Lab Ltd.,Dullingham,,Worker (A rating),Skilled Worker,tech
Mindbay Technologies Ltd,London,,Worker (A rating),Skilled Worker,tech
Mindful Technologies Limited,Birmingham,,Worker (A rating),Skilled Worker,tech
MindLink Software Limited,London,,Worker (A rating),Skilled Worker,tech
Mindmap Technology Limited,Milton Keynes,,Worker (A rating),Skilled Worker,tech
MindMill (HR) Software Ltd,Belfast,Antrim,Worker (A rating),Skilled Worker,tech
MINDPATH TECHNOLOGY LIMITED,London,,Worker (A rating),Skilled Worker,tech
MINDRANK TECHNOLOGIES LIMITED,Manchester,,Worker (A rating),Skilled Worker,tech
MINDS TECHNOLOGIES LIMITED,Croydon,,Worker (A rating),Skilled Worker,tech
MINDSET AI LTD,London,,Worker (A rating),Skilled Worker,tech
Mindset Technologies Limited (trading as Mindstep),London,,Worker (A rating),Skilled Worker,tech
Mindtree IT Solutions Ltd,London,,Worker (A rating),Skilled Worker,tech
Mine Tech Services UK Limited,Halton,Lancaster,Worker (A rating),Skilled Worker,tech
Minerva Analytics Ltd,Witham,Essex,Worker (A rating),Skilled Worker,tech
Minerva Research Labs Ltd,London,,Worker (A rating),Skilled Worker,tech
Minimax Labs Ltd,London,London,Worker (A rating),Skilled Worker,tech
Minna Technologies Limited,Warwick,,Worker (A rating),Skilled Worker,tech
MINNU SOFTWARE SOLUTIONS PRIVATE LIMITED,Coventry,,Worker (A rating),Skilled Worker,tech
MINSTER COMPUTER SYSTEMS LIMITED,Lichfield,Staffordshire,Worker (A rating),Skilled Worker,tech
Minster Software Ltd,Reading,,Worker (A rating),Skilled Worker,tech
MINT MANAGEMENT TECHNOLOGY UK (PTY) LIMITED,England,,Worker (A rating),Global Business Mobility: Senior or Specialist Worker; Skilled Worker,tech
MiQ Digital Limited,London,,Worker (A rating),Global Business Mobility: Senior or Specialist Worker; Skilled Worker,tech
Miracle IT System Ltd,Chertsey,,Worker (A rating),Skilled Worker,tech
Mirador Analytics Limited,Melrose,,Worker (A rating),Global Business Mobility: Senior or Specialist Worker; Skilled Worker,tech
Mirion Technologies (IST) Limited,Farnborough,,Worker (A rating),Global Business Mobility: Senior or Specialist Worker; Skilled Worker,tech
Miro Technologies Limited,Bristol,Somerset,Worker (A rating),Global Business Mobility: Senior or Specialist Worker; Skilled Worker,tech
MIRPUR OVERSEAS IT LTD,London,,Worker (A rating),Skilled Worker,tech
MIS ACTIVE MANAGEMENT SYSTEMS LIMITED,NORTHWICH,Cheshire,Worker (A rating),Skilled Worker,tech
Mission Zero Technologies Ltd,London,,Worker (A rating),Skilled Worker,tech
Mistral AI UK Limited,London,,Worker (A rating),Global Business Mobility: Senior or Specialist Worker; Skilled Worker,tech
Mitsubishi Electric Air Conditioning Systems Europe Ltd,Livingston,,Worker (A rating),Global Business Mobility: Senior or Specialist Worker; Skilled Worker,tech
Mitto Technologies Limited,London,,Worker (A rating),Skilled Worker,tech
MJ Data Solutions Ltd,Ruislip,England,Worker (A rating),Skilled Worker,tech
MK ALL NETWORK COMMUNICATIONS LTD,Cardiff,,Worker (A rating),Skilled Worker,tech
MK ANALYTICS LTD,Milton Keynes,,Worker (A rating),Skilled Worker,tech
MLE Systems Ltd,Carshalton,Surrey,Worker (A rating),Skilled Worker,tech
MLL Telecom Limited,Marlow,Bucks,Worker (A rating),Skilled Worker,tech
MLT Digital Ltd,Glasgow,,Worker (A rating),Skilled Worker,tech
MN BD IT SOLUTIONS LTD,Chelmsford,Essex,Worker (A rating),Skilled Worker,tech
MNM IT Services Limited,Blackburn,Lancashire,Worker (A rating),Skilled Worker,tech
MoA Technology Ltd,Oxford,Oxfordshire,Worker (A rating),Skilled Worker,tech
MOBIHIVE LABS LTD,Ilford,,Worker (A rating),Skilled Worker,tech
MOBILE & COMPUTER SHOP LIMITED,Edmonton Green,,Worker (A rating),Skilled Worker,tech
Mobile Broadband Network Limited,Reading,,Worker (A rating),Skilled Worker,tech
Mobile Systems International Consultancy Ltd,London,,Worker (A rating),Skilled Worker,tech
MOBILE TECH & VAPE LTD,Bo'Ness,Scotland,Worker (A rating),Skilled Worker,tech
Mobile Tech Centre Limited,Swindon,,Worker (A rating),Skilled Worker,tech
MOBILE TECH INTL LIMITED,Derby,,Worker (A rating),Skilled Worker,tech
MOBILE TECHNOLOGIES LTD,London,United Kingdom,Worker (A rating),Skilled Worker,tech
Mobiles Computers Gadgets Ltd,Cheshire,,Worker (A rating),Skilled Worker,tech
Mobility Cyber Labs Ltd,Milton Keynes,Buckinghamshire,Worker (A rating),Skilled Worker,tech
Modetour Network UK Ltd,LONDON,,Worker (A rating),Global Business Mobility: Senior or Specialist Worker; Skilled Worker,tech
Modo Systems Ltd,Glasgow,,Worker (A rating),Skilled Worker,tech
Modular Safety Systems Ltd,Bristol,,Worker (A rating),Skilled Worker,tech
Modulr Technology Ltd,Edinburgh,,Worker (A rating),Skilled Worker,tech
MOF Technologies Limited,Newtownabbey,,Worker (A rating),Skilled Worker,tech
Mokshit It Solutions Limited,Brentford,,Worker (A rating),Skilled Worker,tech
"MOL TECHNO-TRADE, LTD. EUROPEAN BRANCH",London,,Worker (A rating),Global Business Mobility: UK Expansion Worker; Global Business Mobility: Senior or Specialist Worker; Skilled Worker,tech
Molecular Glue Labs Ltd,London,,Worker (A rating),Skilled Worker,tech
MOMENTUM AI LIMITED,London,,Worker (A rating),Skilled Worker,tech
Momentum Data Ltd,St Albans,Hertfordshire,Worker (A rating),Skilled Worker,tech
Momentus Technologies Group Limited,London,,Worker (A rating),Skilled Worker; Global Business Mobility: Senior or Specialist Worker,tech
Moneyhub Financial Technology Ltd,Bristol,,Worker (A rating),Skilled Worker,tech
Moneynmore Technologies Limited,Reading,,Worker (A rating),Skilled Worker,tech
MONIEPOINT TECHNOLOGIES UK LTD,London,,Worker (A rating),Skilled Worker,tech
Monitor Computer Systems,YORK,North Yorkshire,Worker (A rating),Skilled Worker,tech
Monitor Systems Scotland Limited,Aberdeen,,Worker (A rating),Skilled Worker,tech
Monofloor Technology Ltd,Ivybridge,,Temporary Worker (A rating),Global Business Mobility: Service Supplier,tech
Monument Technology Limited,London,,Worker (A rating),Skilled Worker,tech
Moo Lab (Holdings) Ltd,Sheffield,,Worker (A rating),Skilled Worker,tech
Moody's Analytics UK Ltd,London,,Temporary Worker (A rating); Worker (A rating),Global Business Mobility: Graduate Trainee; Global Business Mobility: Senior or Specialist Worker; Skilled Worker,tech
Moof IT limited,London,,Worker (A rating),Skilled Worker,tech
Moore Global Network Limited,London,,Worker (A rating),Skilled Worker,tech
Morgan Technical Ceramics Limited,Stourport-on-Severn,Worcestershire,Worker (A rating); Temporary Worker (A rating),Global Business Mobility: Senior or Specialist Worker; Skilled Worker; Global Business Mobility: Graduate Trainee,tech
Morning Data Ltd,London,London,Worker (A rating),Skilled Worker,tech
Mosdorfer CCL Systems Limited,Rutland,,Worker (A rating),Skilled Worker,tech
Motherson Technology Services United Kingdom Limited,Wokingham,,Worker (A rating),Skilled Worker,tech
Motion Robotics Limited,Southampton,,Worker (A rating),Skilled Worker,tech
Motive Technology UK Limited,London,,Worker (A rating),Global Business Mobility: Senior or Specialist Worker; Skilled Worker,tech
Moto-Tech Fleet Servicing Ltd,Bristol,,Worker (A rating),Skilled Worker,tech
Motor Repair Network,Halfiax,,Worker (A rating),Skilled Worker,tech
Motor Vehicle Lab Ltd,Swansea,Abertawe,Worker (A rating),Skilled Worker,tech
Motorsport Network Media UK Ltd,London,,Worker (A rating),Skilled Worker,tech
Motorway Online Limited,London,,Worker (A rating),Skilled Worker,tech
Mount Digital Solutions Limited,Manchester,,Worker (A rating),Skilled Worker,tech
Mount Media Online Limited,London,,Worker (A rating),Skilled Worker,tech
Mouri Tech Limited,Luton,Bedfordshire,Worker (A rating),Skilled Worker,tech
Move AI Ltd,London,,Worker (A rating),Skilled Worker,tech
Mr H IT Limited,Blaby,Leicestershire,Worker (A rating),Skilled Worker,tech
MRI IT Consultants Ltd,LEICESTER,,Worker (A rating),Skilled Worker,tech
MRI Software Limited,London,,Worker (A rating),Skilled Worker; Global Business Mobility: Senior or Specialist Worker,tech
MRR Systems Ltd,Guildford,Surrey,Worker (A rating),Skilled Worker,tech
MSC NETWORK LIMITED,ILFORD,,Worker (A rating),Skilled Worker,tech
MSG NETWORK LTD,ELGIN,Morayshire,Worker (A rating),Skilled Worker,tech
MSI Computer (UK) Ltd,London,,Worker (A rating); Temporary Worker (A rating),Global Business Mobility: Senior or Specialist Worker; Global Business Mobility: Graduate Trainee; Skilled Worker,tech
MSP Systems Ltd.,Bedfordshire,,Worker (A rating),Skilled Worker,tech
MSP Technologies Ltd,Carnforth,Cumbria,Worker (A rating),Skilled Worker,tech
MSQUIRE IT SERVICES LTD,Reading,,Worker (A rating),Skilled Worker,tech
MST Ltd - Marine Specialised Technology Ltd,Bromborough,Wirral,Worker (A rating),Skilled Worker,tech
MST Systems Limited,Malvern,,Worker (A rating),Skilled Worker,tech
MSWIPE TECHNOLOGIES (UK) PRIVATE LIMITED,Edgware,,Worker (A rating),Skilled Worker,tech
MT HIGH TECH LTD,Warrington,,Worker (A rating),Skilled Worker,tech
MT TELECOMS LTD,London,,Worker (A rating),Skilled Worker,tech
MTEST LABS LIMITED,London,,Worker (A rating),Skilled Worker,tech
MTI Welding Technologies Limited,Dudley,West Midlands,Worker (A rating),Skilled Worker,tech
MTS Systems Ltd,Leeds,,Worker (A rating),Global Business Mobility: Senior or Specialist Worker; Skilled Worker,tech
MTV Networks Europe,London,,Worker (A rating),Global Business Mobility: Senior or Specialist Worker; Skilled Worker,tech
Mulder Tech,London,,Worker (A rating),Skilled Worker,tech
Muldoon Transport Systems Limited,Dungannon,County Tyrone,Worker (A rating),Skilled Worker,tech
Mule App Ltd T/A Protect My Order,London,,Worker (A rating),Skilled Worker,tech
Multi - Tech Integrated Solutions UK Limited,Peterborough,,Worker (A rating),Skilled Worker,tech
Multi Technologies Limited,Manchester,,Worker (A rating),Skilled Worker,tech
MultiRoofing Systems Uk Ltd,London,,Worker (A rating),Skilled Worker,tech
Mundo Livre Digital Ltd,Warwick,,Worker (A rating),Skilled Worker,tech
Mura Technology Limited,Cleveland,,Worker (A rating),Skilled Worker,tech
Muraai Information Technologies Limited,Coventry,West Midlands,Worker (A rating),Skilled Worker,tech
Murano Systems Ltd,London,,Worker (A rating),Skilled Worker,tech
Mushroom Technologies Ltd,Rainham,Essex,Worker (A rating),Skilled Worker,tech
Mustard Systems Limited,London,,Worker (A rating),Skilled Worker,tech
MUTUS TECH LTD,Liverpool,,Worker (A rating); Temporary Worker (A rating),Skilled Worker; Government Authorised Exchange,tech
Muza Lab Ltd,London,London,Temporary Worker (A rating); Worker (A rating),Creative Worker; Skilled Worker,tech
MVR IT Limited,Crownhill,Milton Keynes,Worker (A rating),Skilled Worker,tech
MW IT Services Limited,Hove,East Sussex,Worker (A rating),Skilled Worker,tech
My Data Technologies Limited,Hounslow,Middlesex,Worker (A rating),Skilled Worker,tech
My Digital Accounts Limited,Cheadle Hulme,,Worker (A rating),Global Business Mobility: Senior or Specialist Worker; Skilled Worker,tech
My Digital Hero Consulting LTD,Harrogate,,Worker (A rating),Skilled Worker,tech
My Online Store Ltd,Glasgow,,Worker (A rating),Skilled Worker,tech
MY RIDE TAXI APP LTD,Evesham,,Worker (A rating),Skilled Worker,tech
MY TECH WORLD LTD,Cheshire,,Worker (A rating),Skilled Worker,tech
MYCARDIUM AI LIMITED,Liverpool,,Worker (A rating),Skilled Worker,tech
Mycelium Network Ltd,Sheffield,,Worker (A rating),Skilled Worker,tech
Mycorrhizal Systems Ltd,Isle of Bute,Argyll and Bute,Worker (A rating),Skilled Worker,tech
Myrtle Software Limited,Cambridge,Cambridgeshire,Worker (A rating),Skilled Worker,tech
MYRTLE SOFTWARE SOLUTIONS LIMITED,London,,Worker (A rating),Skilled Worker,tech
MYSCOOP LABS LTD,Birmingham,England,Worker (A rating),Skilled Worker,tech
MYSTIC AI LIMITED,Bath,,Worker (A rating),Skilled Worker,tech
MYTOWN TECHNOLOGIES LTD,London,,Worker (A rating),Skilled Worker,tech
N-able Technologies Ltd,Dundee,,Worker (A rating),Skilled Worker,tech
N-IX TECHNOLOGIES LIMITED,London,,Worker (A rating),Skilled Worker,tech
N2 Technology Consulting Ltd,Harrow,,Worker (A rating),Skilled Worker,tech
NADIRAH TECHNOLOGIES LIMITED,High Wycombe,,Worker (A rating),Skilled Worker,tech
NAFT TRADING & TECHNOLOGY CO LIMITED,LONDON,,Worker (A rating),Global Business Mobility: Senior or Specialist Worker; Skilled Worker,tech
Nafura Advanced Techonologies Limited,Burton-upon-trent,,Worker (A rating),Skilled Worker,tech
NAG Technologies Limited,Maidenhead,,Worker (A rating),Skilled Worker,tech
Nagarro Software Ltd,London,,Worker (A rating),Skilled Worker; Global Business Mobility: Senior or Specialist Worker,tech
Naib Technologies Limited,Birmingham,,Worker (A rating),Global Business Mobility: UK Expansion Worker,tech
Naina Technologies Ltd,London,,Worker (A rating),Skilled Worker,tech
Namo Technologies Ltd,Watford,,Worker (A rating),Skilled Worker,tech
Nannyplus Network Ltd,London,,Worker (A rating),Skilled Worker,tech
Nano AI LTD,London,,Worker (A rating),Skilled Worker,tech
Nano-Tech Aviation Ltd,Slough,Berkshire,Worker (A rating),Skilled Worker,tech
Nanoco Technologies Limited,Runcorn,Cheshire,Worker (A rating),Skilled Worker,tech
Nanosoft Tech Ltd,London,,Worker (A rating),Skilled Worker,tech
NanoString Technologies Europe Limited,Bristol,,Worker (A rating),Global Business Mobility: Senior or Specialist Worker; Skilled Worker,tech
Nanotemper Technologies Ltd,London,,Worker (A rating),Skilled Worker,tech
Napier Technologies Limited,London,County (optional),Worker (A rating),Skilled Worker,tech
Narla Technologies Ltd,Newcastle,Staffordshire,Worker (A rating),Skilled Worker,tech
Nascent Semiconductor,Durham,,Worker (A rating),Skilled Worker,tech
Nash Technologies and Consulting Limited,Birmingham,,Worker (A rating),Skilled Worker,tech
Nation WIlcox Systems Ltd.,Sutton Coldfield,West Midlands,Worker (A rating),Skilled Worker,tech
NATIONAL ENERGY SYSTEM OPERATOR LIMITED,Sindlesham,Wokingham,Worker (A rating),Skilled Worker,tech
NATIONAL IT DISPOSAL LIMITED,MANCHESTER,,Worker (A rating),Skilled Worker,tech
NATIONAL SUPPLY CHAIN NETWORKS UK LTD,Birmingham,West Midlands,Worker (A rating),Skilled Worker,tech
National Web Design Ltd,Croydon,,Worker (A rating),Skilled Worker,tech
Native AI Ltd,London,,Worker (A rating),Skilled Worker,tech
Naturalight Systems,Bedlington,Northumberland,Worker (A rating),Skilled Worker,tech
Nautilus Lab Limited,London,,Worker (A rating),Skilled Worker,tech
Navan Labs UK Limited,London,,Worker (A rating),Global Business Mobility: Senior or Specialist Worker; Skilled Worker,tech
Navigate Digital,London,,Worker (A rating),Skilled Worker,tech
NAVIS SOFTWARE UK LIMITED,LONDON,,Worker (A rating),Global Business Mobility: Senior or Specialist Worker; Skilled Worker,tech
Navitas Digital Safety Ltd,Coalville,,Worker (A rating),Skilled Worker,tech
Navitron Systems Ltd,Havant,Hampshire,Worker (A rating),Skilled Worker,tech
Navyred Technology and Ecommerce Ltd,London,,Worker (A rating),Skilled Worker,tech
Navys Technologies Limited,London,,Worker (A rating),Skilled Worker,tech
NAYL TECH LTD,London,,Worker (A rating),Skilled Worker,tech
NBI Analytics UK Limited,London,,Worker (A rating),Skilled Worker; Global Business Mobility: Senior or Specialist Worker,tech
NDL Software Ltd,WETHERBY,West Yorkshire,Worker (A rating),Skilled Worker,tech
Nea Arche IT Limited,Milton Keynes,,Worker (A rating),Skilled Worker,tech
Neara Software Ltd,Reading,Berkshire,Worker (A rating),Skilled Worker,tech
Neasden Computers Limited,London,,Worker (A rating),Skilled Worker,tech
NEC Software Solutions UK Ltd,Hemel Hempstead,Hertfordshire,Worker (A rating),Skilled Worker,tech
"NEC Telecom MODUS, Ltd",Leatherhead,Surrey,Worker (A rating),Global Business Mobility: Senior or Specialist Worker; Skilled Worker,tech
Neg Architectural Systems Ltd,Washington,Tyne and Wear,Worker (A rating),Skilled Worker,tech
Nell Computers Ltd,Slough,Berkshire,Worker (A rating),Skilled Worker,tech
Nellie Technologies Limited,Pontyclun,,Worker (A rating),Skilled Worker,tech
Nendrasys Technologies UK Limited,Milton Keynes,Buckinghamshire,Worker (A rating),Global Business Mobility: Senior or Specialist Worker; Skilled Worker,tech
Neo System Automation Ltd,Essex,Please select a county or region.,Worker (A rating),Skilled Worker,tech
Neo Technology Limited,London,Greater London,Worker (A rating),Skilled Worker,tech
Neo-Global Technology Ltd,Hallow,Essex,Worker (A rating),Skilled Worker,tech
Neos Networks Limited,Glasgow,,Worker (A rating),Skilled Worker,tech
Neosalpha Technologies Limited,Maidenhead,Berkshire,Worker (A rating),Skilled Worker; Global Business Mobility: Senior or Specialist Worker,tech
Nephos Technologies,London,---,Worker (A rating),Skilled Worker,tech
Neptune Digital Ltd,Manningtree,,Worker (A rating),Skilled Worker,tech
Nervecentre Software Ltd,Wokingham,,Worker (A rating),Skilled Worker,tech
NES Fircroft Technical Services Limited,Altrincham,Cheshire,Worker (A rating),Skilled Worker,tech
Nest Digital Limited,London,,Worker (A rating),Global Business Mobility: Senior or Specialist Worker; Skilled Worker,tech
NET AI TECH LTD,EDINBURGH,Scotland,Worker (A rating),Skilled Worker,tech
Net Zero Technology Centre Limited,Aberdeen,,Worker (A rating),Skilled Worker,tech
Netcore Cloud Limited,London,,Worker (A rating),Skilled Worker,tech
NetCracker Technology EMEA Ltd,Histon,Cambridgeshire,Worker (A rating),Global Business Mobility: Senior or Specialist Worker; Skilled Worker,tech
Netech IT Solutions Ltd,Gateshead,,Worker (A rating),Skilled Worker,tech
NetMind.AI Ltd,London,,Worker (A rating),Skilled Worker,tech
NETRISHA LTD T/A WRAP IT UP,LONDON,,Worker (A rating),Skilled Worker,tech
Netsol Technologies Europe Limited,Horsham,,Worker (A rating),Skilled Worker; Global Business Mobility: Senior or Specialist Worker,tech
Network 2 Supplies Ltd,Bury St Edmunds,Suffolk,Worker (A rating),Skilled Worker,tech
Network Access Associates Limited,London,,Worker (A rating),Skilled Worker; Global Business Mobility: Senior or Specialist Worker,tech
Network Centric Support,London,,Worker (A rating),Skilled Worker,tech
Network Communication Systems Ltd,Doncaster,United Kingdom,Worker (A rating),Skilled Worker,tech
Network DNA Ltd,Aberdeen,,Worker (A rating),Skilled Worker,tech
NETWORK DRY CLEANERS LTD,BUSHEY,,Worker (A rating),Skilled Worker,tech
Network Energy Limited,Wembley,,Worker (A rating),Skilled Worker,tech
Network Fantasy Holdings Limited,London,,Worker (A rating),Skilled Worker,tech
NETWORK FOOD DISTRIBUTION LTD,LONDON,,Worker (A rating),Skilled Worker,tech
NETWORK GUARD (UK) LIMITED,LONDON,,Worker (A rating),Skilled Worker,tech
NETWORK HEATING & GAS LTD,Coventry,,Worker (A rating),Skilled Worker,tech
Network Links Ltd,Warrington,,Worker (A rating),Skilled Worker,tech
Network Merchants Limited,Bristol,,Worker (A rating),Skilled Worker,tech
Network Plus Ltd,Newtown,Powys,Worker (A rating),Skilled Worker,tech
NETWORK POINT LIMITED,London,,Worker (A rating),Skilled Worker,tech
NETWORK PROPERTY SOLUTIONS LTD,Brierley Hill,West Midlands,Worker (A rating),Skilled Worker,tech
Network Rail Infrastructure,Manchetser,,Worker (A rating),Skilled Worker,tech
NETWORK SCIENCE LTD,London,,Worker (A rating),Skilled Worker,tech
NETWORK SOLUTIONS COURIER & LOGISTICS LTD,Park Royal,London,Worker (A rating),Skilled Worker,tech
Network Specialists Limited,Birmingham,,Worker (A rating),Skilled Worker,tech
Neurapses Technologies Ltd,Wimbledon,London,Worker (A rating),Skilled Worker,tech
Neutronic Technologies Ltd,Warrington,Cheshire,Worker (A rating),Skilled Worker,tech
Nevaeh IT Ltd,Newport Pagnell,,Worker (A rating),Skilled Worker,tech
NEVIS WEALTH TECHNOLOGY LTD,LONDON,,Worker (A rating),Skilled Worker,tech
New Motion Labs Ltd,Exeter,Devon,Worker (A rating),Skilled Worker,tech
NEW PRO IT LTD,Hornchurch,,Worker (A rating),Skilled Worker,tech
NEW TIMES TECHNOLOGY GROUP LIMITED,London,,Worker (A rating),Skilled Worker,tech
New World Software Europe Limited,Swindon,Wiltshire,Worker (A rating),Skilled Worker,tech
Newbury Digital Limited,Newbury,Berks,Worker (A rating),Skilled Worker,tech
Newclip Technics UK Ltd,Luton,,Worker (A rating),Skilled Worker,tech
NEWPORT TECH LTD,NEWPORT,,Worker (A rating),Skilled Worker,tech
Newsco Software Limited,Dumfries,Dumfries and Galloway,Worker (A rating),Skilled Worker,tech
Newton IT Holdings,Harrow,,Worker (A rating),Skilled Worker,tech
NEXACOMMERCE IT LIMITED,Ilford,,Worker (A rating),Skilled Worker,tech
Nexcade AI Limited,London,,Worker (A rating),Skilled Worker,tech
Nexer Digital Ltd,Macclesfield,Cheshire,Worker (A rating),Skilled Worker,tech
Nexfibre Networks Limited,London,,Worker (A rating),Skilled Worker,tech
NEXPIN TECHNOLOGY LTD,London,,Worker (A rating),Skilled Worker,tech
Next Gate Tech Limited,London,,Worker (A rating),Global Business Mobility: Senior or Specialist Worker; Skilled Worker,tech
NEXT TECHNOLOGIES LTD,Hounslow,Middlesex,Worker (A rating),Skilled Worker,tech
NEXTGEN TECH LIMITED,Southend-On-Sea,,Worker (A rating),Skilled Worker,tech
Nextgen Technology Limited,Wokingham,Berkshire,Worker (A rating),Skilled Worker,tech
NextLevel Pro Ltd  t/a Guard dog Digital,Ipswich,Suffolk,Worker (A rating),Skilled Worker,tech
NextLevel Software Innovations,Stafford,,Worker (A rating),Skilled Worker,tech
NextMove Software Limited,Cambridge,,Worker (A rating),Skilled Worker,tech
NextPharma Technologies Holding Limited,London,,Worker (A rating),Skilled Worker,tech
NEXTPLAN TECHNOLOGY AND MOBILE LTD,BRISTOL,,Worker (A rating),Skilled Worker,tech
NEXUCLOUD AI LIMITED,Stockport,,Worker (A rating),Skilled Worker,tech
Nexus Cyber security,London,,Worker (A rating),Skilled Worker,tech
Nexus Frontier Tech Ltd,London,,Worker (A rating),Skilled Worker,tech
NEXUS NODE SYSTEMS LTD,Newcastle Upon Tyne,,Worker (A rating),Skilled Worker,tech
NEXUSNOVA IT LTD,Ilford,,Worker (A rating),Skilled Worker,tech
NEXVIBE TECHNOLOGIES GROUP LTD,Coventry,,Worker (A rating),Skilled Worker,tech
NEYA TECHNOLOGIES LTD,Oxford,OXFORDSHIRE,Worker (A rating),Skilled Worker,tech
NG Network Consultancy Ltd.,London,,Worker (A rating),Skilled Worker,tech
NHC Technology Ltd,Denbigh,Denbighshire,Worker (A rating),Skilled Worker,tech
NI-LUX SOFTWARE LTD,Middlesex,,Worker (A rating),Skilled Worker,tech
Nibble Technology Limited,London,,Worker (A rating),Skilled Worker,tech
NICE Systems UK Limited,Southampton,Hampshire,Worker (A rating),Global Business Mobility: Senior or Specialist Worker; Skilled Worker,tech
Niche Online Sales Group LTD,Bridgwater,,Worker (A rating),Skilled Worker,tech
Nickel Digital Asset Management Limited,London,,Worker (A rating),Skilled Worker,tech
Nidec Control Techniques Limited,Newtown,Powys,Worker (A rating),Global Business Mobility: Senior or Specialist Worker; Skilled Worker,tech
NIE Networks,Belfast,,Worker (A rating),Skilled Worker,tech
NIF TELECOMS LTD,TILBURY,Essex,Worker (A rating),Skilled Worker,tech
Nihon Cyber Defence Ltd,Belfast,,Temporary Worker (A rating); Worker (A rating),Global Business Mobility: Graduate Trainee; Global Business Mobility: Senior or Specialist Worker; Skilled Worker,tech
Nikao Technology Limited,London,,Worker (A rating),Skilled Worker,tech
Nimbus Digital & Technology Innovations,Stratford-upon-Avon,Warwickshire,Worker (A rating),Skilled Worker,tech
Nimbus IT Solutions Limited,Sevenoaks,,Worker (A rating),Skilled Worker,tech
Nimbus Property Systems Ltd,Warwick,Warwickshire,Worker (A rating),Skilled Worker,tech
Nippon Television Network London Bureau T/A Nippon TV (NNN) London,London,,Worker (A rating),Skilled Worker; Global Business Mobility: Senior or Specialist Worker,tech
Nirvana Intelligent Systems Limited T/A NISYST,Bolton,,Worker (A rating),Skilled Worker,tech
NISAA ONLINE LIMITED,Bradford,,Worker (A rating),Skilled Worker,tech
Nishkkalaa Technologies Ltd,Reading,,Worker (A rating),Skilled Worker,tech
NITHREE TECHNOLOGY LIMITED,Reading,,Worker (A rating),Skilled Worker,tech
Nitron Racing Systems,Witney,OXON,Worker (A rating),Skilled Worker,tech
NIX TECHNOLOGY UK LTD,Birmingham,West Midlands,Worker (A rating),Skilled Worker,tech
Niya Network LTD,London,London,Worker (A rating),Skilled Worker,tech
Niyanth Media & Technology Limited,Southall,,Worker (A rating),Skilled Worker,tech
NJ DIGITAL SOLUTIONS LTD,Ilford,,Worker (A rating),Skilled Worker,tech
NJC Labs Limited,Wokingham,,Worker (A rating),Skilled Worker,tech
NK Computer Services Limited,London,,Worker (A rating),Skilled Worker,tech
NL Technologies Limited,Isleworth,,Worker (A rating),Skilled Worker,tech
nlyte Software Limited,London,,Worker (A rating),Global Business Mobility: Senior or Specialist Worker; Skilled Worker,tech
NM Software Solutions Ltd,Newcastle Upon Tyne,,Worker (A rating),Skilled Worker,tech
NMedia Systems Ltd,Amersham,Bucks,Worker (A rating),Skilled Worker,tech
Noddington Technologies Limited,London,,Worker (A rating),Skilled Worker,tech
Nodes Technologies Limited,Reading,,Worker (A rating),Global Business Mobility: Senior or Specialist Worker; Skilled Worker,tech
NodeWeave Technologies Limited,Faversham,Kent,Worker (A rating),Skilled Worker,tech
Nomad Digital Limited,Derby,Derbyshire,Worker (A rating),Global Business Mobility: Senior or Specialist Worker; Skilled Worker,tech
Nono Network Ltd.,London,,Worker (A rating),Skilled Worker,tech
NONVIA TECHNOLOGY LIMITED,York,,Worker (A rating),Skilled Worker,tech
Noon Tech Limited,London,,Worker (A rating),Skilled Worker; Global Business Mobility: Senior or Specialist Worker,tech
Nordic Semiconductor UK Ltd,Bristol,,Worker (A rating),Skilled Worker,tech
Norm It Ltd,London,,Worker (A rating),Skilled Worker,tech
North Wind Digital Limited,East Cowes,Isle of Wright,Worker (A rating),Skilled Worker,tech
Northern Data Services (UK) Limited,London,,Worker (A rating),Skilled Worker,tech
Northern Gas Networks Ltd,Leeds,West Yorkshire,Worker (A rating),Skilled Worker; Global Business Mobility: Senior or Specialist Worker,tech
Northey Tech ltd,Poole,Dorset,Worker (A rating),Skilled Worker,tech
Northslope Technologies Limited,Bristol,,Worker (A rating),Global Business Mobility: Senior or Specialist Worker; Skilled Worker,tech
NOTHING TECHNOLOGY LIMITED,London,,Worker (A rating),Skilled Worker,tech
Nova Pangaea Technologies (UK) Limited,Redcar,,Worker (A rating),Skilled Worker,tech
Nova Plasterboard System Ltd,Luton,,Worker (A rating),Skilled Worker,tech
Nova Systems (International )Ltd,Bournemouth,Dorset,Worker (A rating); Temporary Worker (A rating),Skilled Worker; Global Business Mobility: Graduate Trainee; Global Business Mobility: Senior or Specialist Worker,tech
NOVA TECHNOLABS LTD,Harrow,,Worker (A rating),Skilled Worker,tech
NOVANTA TECHNOLOGIES UK LIMITED,Stockport,,Worker (A rating),Global Business Mobility: Senior or Specialist Worker; Skilled Worker,tech
Novas High Technology Ltd,Aylesford,Kent,Worker (A rating),Skilled Worker,tech
NOVATUM TECH LIMITED,London,,Worker (A rating),Skilled Worker,tech
Novee AI Limited,London,,Worker (A rating),Skilled Worker,tech
Novi Digital Limited,Lancaster,Lancashire,Worker (A rating),Skilled Worker,tech
Novira Technologies Limited,Newport,,Worker (A rating),Skilled Worker,tech
NovNat Tech Ltd,Dudley,UK Mainland,Worker (A rating),Skilled Worker,tech
Novo Tech Solutions Ltd,"Frimley, Camberley",,Worker (A rating),Skilled Worker,tech
Novo Technologies Ltd,Cheltenham,"Gloucestershire,",Worker (A rating),Skilled Worker,tech
NOVOTECH DIGITAL LTD,London,,Worker (A rating),Skilled Worker,tech
Novyy Technologies Limited,Preston,,Worker (A rating),Skilled Worker,tech
NRX Digital Limited,Essex,,Worker (A rating),Skilled Worker,tech
NS Solutions IT Consulting Europe Ltd,London,,Worker (A rating),Global Business Mobility: Senior or Specialist Worker; Skilled Worker,tech
"Ntropy Network, Inc",London,,Worker (A rating),Skilled Worker,tech
NTT Cloud Communications UK Ltd,London,,Worker (A rating),Skilled Worker; Global Business Mobility: Senior or Specialist Worker,tech
NTT Data Business Solutions Limited,London,,Worker (A rating),Global Business Mobility: Senior or Specialist Worker; Skilled Worker,tech
NTT DATA Services UK Limited,London,,Worker (A rating),Skilled Worker; Global Business Mobility: Senior or Specialist Worker,tech
NTT DATA UK LIMITED,London,,Worker (A rating),Global Business Mobility: Senior or Specialist Worker; Skilled Worker,tech
NTT Global Data Centers EMEA UK Ltd,Hemel Hempstead,Hertfordshire,Worker (A rating),Global Business Mobility: Senior or Specialist Worker; Skilled Worker,tech
nTtau Digital Ltd,Oxford,,Worker (A rating),Skilled Worker,tech
NU WEB SYSTEMS LTD,Manchester,,Worker (A rating),Skilled Worker,tech
Nuffield Technologies Ltd,Poole,Dorset,Worker (A rating),Skilled Worker,tech
Nugi Technologies UK Ltd,Ealing,,Worker (A rating),Skilled Worker,tech
NUMBER SEVEN FOOD TECHNOLOGY LIMITED,London,United Kingdom,Worker (A rating),Skilled Worker,tech
NumberEight Technologies Ltd,Norfolk,,Worker (A rating),Skilled Worker,tech
Numerix Software LTD,London,,Worker (A rating),Skilled Worker,tech
Nuprint Technologies Ltd,Londonderry,Londonderry,Worker (A rating),Skilled Worker,tech
NWAN Tech Ltd,Havant,England,Worker (A rating),Skilled Worker,tech
Nwave Technologies Ltd,London,,Worker (A rating),Skilled Worker,tech
NXPower (UK) Ltd t/a Cyberpower,Gateshead,Tyne & Wear,Worker (A rating),Skilled Worker,tech
NY TECH DIGITAL LTD,London,,Worker (A rating),Skilled Worker,tech
Nyas Technology Limited,London,,Worker (A rating),Global Business Mobility: Senior or Specialist Worker; Skilled Worker,tech
Oak Smart Technology Limited,Leicester,,Worker (A rating),Skilled Worker,tech
Oakhill IT Solutions LLP,Hertfordshire,,Worker (A rating),Skilled Worker,tech
Obelisk Networks (UK) Ltd,Fareham,,Worker (A rating),Skilled Worker,tech
OCaml Labs Consultancy Limited,Cambridge,,Worker (A rating),Global Business Mobility: Senior or Specialist Worker; Skilled Worker,tech
Ocean Blue Software Limited,Bristol,Bristol,Worker (A rating),Skilled Worker,tech
Ocean Network Express (Europe) Limited,London,,Worker (A rating),Global Business Mobility: Senior or Specialist Worker; Skilled Worker,tech
Oceanic Technologies Limited,Watford,Hertfordshire,Worker (A rating),Skilled Worker,tech
Octophin Digital Limited,London,England,Worker (A rating),Skilled Worker,tech
Ocula Technologies Limited,Barnes,London,Worker (A rating),Skilled Worker,tech
Oculo Technologies Ltd,London,,Worker (A rating),Skilled Worker,tech
Odfjell Technology (UK) Ltd,Aberdeen,Scotland,Worker (A rating),Global Business Mobility: Senior or Specialist Worker; Skilled Worker,tech
Odfjell Technology Ltd,Aberdeen,Scotland,Worker (A rating),Global Business Mobility: Senior or Specialist Worker; Skilled Worker,tech
Odqa Renewable Energy Technologies Limited,Oxford,Oxfordshire,Worker (A rating),Skilled Worker,tech
Odyssey Computing Limited,London,,Worker (A rating),Global Business Mobility: Senior or Specialist Worker; Skilled Worker,tech
OE TECHNOLOGY LTD,Cambridge,,Worker (A rating),Skilled Worker,tech
OEE Container Technology Limited,Carlisle,Cumbria,Worker (A rating),Skilled Worker,tech
Offgrid Energy Labs Limited,Bexley,Kent,Worker (A rating),Skilled Worker,tech
Ohashi Technica UK  Ltd,Washington,,Worker (A rating),Global Business Mobility: Senior or Specialist Worker; Skilled Worker,tech
Oil & Gas Systems Limited,Ely,,Worker (A rating),Skilled Worker,tech
OJC IT Limited,Newcastle Upon Tyne,,Worker (A rating),Skilled Worker,tech
Olive Technologies Ltd,Reading,,Worker (A rating),Skilled Worker,tech
Olix Computing Limited,London,,Worker (A rating),Skilled Worker,tech
Omagh Aluminium Systems Ltd,Omagh,Tyrone,Worker (A rating),Skilled Worker,tech
Omanos Analytics Ltd,Glasgow,,Worker (A rating),Skilled Worker,tech
OMAX IT SOLUTION LTD,London,British Forces,Worker (A rating),Skilled Worker,tech
Omega X Systems Ltd,Watlington,Oxfordshire,Worker (A rating),Skilled Worker,tech
Omim Technology Limited t/a Mimo,London,,Worker (A rating),Global Business Mobility: Senior or Specialist Worker; Skilled Worker,tech
Omkaar Systems Limited,Borehamwood,,Worker (A rating),Skilled Worker,tech
OMNI FORT IT LTD,London,,Worker (A rating),Skilled Worker,tech
Omnia Smart technologies Ltd,Fleet,,Worker (A rating),Skilled Worker,tech
On Fleek Tech Ltd,London,,Worker (A rating),Skilled Worker,tech
ON Semiconductor Limited,"Bracknell, Berkshire",,Worker (A rating),Skilled Worker,tech
on systems ltd,Letchworth,Hertfordshire,Worker (A rating),Skilled Worker,tech
One Stop Phone Solution Ltd T/AS Sunny Phones and Computers,Sheffield,,Worker (A rating),Skilled Worker,tech
ONEAFRICA TECHNOLOGIES LTD,MANCHESTER,,Worker (A rating),Global Business Mobility: Senior or Specialist Worker; Skilled Worker,tech
ONEAPPS ENTERPRISE TECHNOLOGIES LTD,Sutton,,Worker (A rating),Skilled Worker,tech
Oneio Cloud UK Limited,London,,Worker (A rating),Global Business Mobility: UK Expansion Worker; Global Business Mobility: Senior or Specialist Worker; Skilled Worker,tech
Oneshot.ai Limited,Gerrards Cross,Buckinghamshire,Worker (A rating),Skilled Worker,tech
OneStock Software Ltd,London,,Worker (A rating),Global Business Mobility: Senior or Specialist Worker; Skilled Worker,tech
OneTrust Technology Limited,London,,Worker (A rating),Skilled Worker; Global Business Mobility: Senior or Specialist Worker,tech
Onevoice Digital Limited,Manchester,,Worker (A rating),Skilled Worker,tech
ONLINE 24/7 LTD,Corringham,,Worker (A rating),Skilled Worker,tech
Online Account Filing Limited,London,,Worker (A rating),Skilled Worker,tech
ONLINE ACCOUNTANT LTD,London,,Worker (A rating),Skilled Worker,tech
Online Cables (Scotland) Limited,Aberdeen,,Worker (A rating),Skilled Worker,tech
Online Filings Ltd,London,,Worker (A rating),Skilled Worker,tech
Online Heaven Ltd,EDINBURGH,,Worker (A rating),Skilled Worker,tech
ONLINE HOME SHOP LIMITED,Manchester,,Worker (A rating),Skilled Worker,tech
Online Intergrated Solutions Limited,London,,Worker (A rating),Skilled Worker,tech
Online Oceans Robotics Limited,Christchurch,,Worker (A rating),Skilled Worker,tech
ONLINE ONLINE LIMITED,Croydon,,Worker (A rating),Skilled Worker,tech
Online Retail Services Limited,Southall,,Worker (A rating),Skilled Worker,tech
Online Traderz UK Limited,Glasgow,,Worker (A rating),Skilled Worker,tech
ONLINE TRANSPORT LIMITED,BIRMINGHAM,WEST MIDLAND,Worker (A rating),Skilled Worker,tech
Online Venture Partners Limited,Rayleigh,Essex,Worker (A rating),Skilled Worker,tech
Online Wellness Limited,Edgware,,Worker (A rating),Skilled Worker,tech
ONSECURITY TECHNOLOGY LIMITED,Bristol,,Worker (A rating),Skilled Worker,tech
Ontik Technologies Limited,London,,Worker (A rating),Skilled Worker,tech
ONVU TECHNOLOGIES LIMITED,LONDON,,Worker (A rating),Skilled Worker,tech
Onward Technologies Ltd,Birmingham,,Worker (A rating),Global Business Mobility: Senior or Specialist Worker; Skilled Worker,tech
Op-tec Systems Ltd,Stockport,,Worker (A rating),Skilled Worker,tech
Opal Food Processing Systems Limited,St Ives,Cambridgeshire,Worker (A rating),Skilled Worker,tech
Open Box Software Limited,Rochester,Kent,Worker (A rating),Global Business Mobility: Senior or Specialist Worker; Skilled Worker,tech
Open Data Services Cooperative Limited,Manchester,,Worker (A rating),Skilled Worker,tech
Open Network Systems Limited,London,,Worker (A rating),Skilled Worker,tech
"Open Space Labs UK, Limited",Reading,,Worker (A rating),Skilled Worker,tech
Open Technology Services UK Limited,London,,Worker (A rating),Skilled Worker,tech
Open Trade Technology Ltd,Altrincham,Cheshire,Worker (A rating),Skilled Worker,tech
Opencast Software Europe Limited,Newcastle-Upon-Tyne,Tyne & Wear,Worker (A rating),Skilled Worker,tech
OpenDialog AI Limited,London,,Worker (A rating),Skilled Worker,tech
Opensoft Systems Ltd,Knaresborough,North Yorkshire,Worker (A rating),Skilled Worker,tech
OPENSOFT TECHNOLOGIES LIMITED,Worcester Park,,Worker (A rating),Skilled Worker,tech
Openwave Systems Ltd.,Belfast,Antrim,Worker (A rating),Global Business Mobility: Senior or Specialist Worker; Skilled Worker,tech
Opinr UK Software Limited,London,,Worker (A rating),Skilled Worker,tech
Opsmatix Systems Ltd,London,,Worker (A rating),Skilled Worker,tech
Opsyte Online,Farnborouh,,Worker (A rating),Skilled Worker,tech
Opteran Technologies Ltd,Sheffield,,Worker (A rating),Skilled Worker,tech
OPTIM SYSTEM LTD,Baldock,,Worker (A rating),Skilled Worker,tech
Optima Energy Systems Limited,Manchester,Greater Manchester,Worker (A rating),Skilled Worker; Global Business Mobility: Senior or Specialist Worker,tech
Optimal Technologies Limited,Letchworth Garden City,,Worker (A rating),Skilled Worker,tech
OPTIMISTIC TECH SERVICES LIMITED,Manchester,Greater Manchester,Worker (A rating),Skilled Worker,tech
Optimum Drywall Systems Limited,BRISTOL,,Worker (A rating),Skilled Worker,tech
Optimus IT Infra Ltd,Chiswick,London,Worker (A rating),Skilled Worker,tech
OPTIMUS TECHNOCRATS,Bury St. Edmunds,Suffolk,Worker (A rating),Skilled Worker,tech
Options Technology Limited,London,,Worker (A rating),Global Business Mobility: Senior or Specialist Worker; Skilled Worker,tech
OPTIRISK SYSTEMS LTD,UXBRIDGE,,Worker (A rating),Skilled Worker,tech
Optix Software Ltd,York,North Yorkshire,Worker (A rating),Skilled Worker,tech
Optometric Technology Group Ltd,London,,Worker (A rating),Skilled Worker,tech
Optrak Distribution Software Limited,Ware,Hertfordshire,Worker (A rating),Skilled Worker,tech
Opulent IT Solutions Ltd,Harrow,,Worker (A rating),Skilled Worker,tech
Opus Power Networks Ltd,Limavady,Londonderry,Worker (A rating),Skilled Worker,tech
Oracle Financial Services Software B.V.,London,,Worker (A rating),Global Business Mobility: Senior or Specialist Worker; Skilled Worker,tech
Orange Cyberdefense UK Limited,Maidstone,Kent,Worker (A rating),Skilled Worker,tech
Orbit Financial Technology Limited,London,,Worker (A rating),Skilled Worker,tech
Orbital Gas Systems Limited,Stone,Staffordshire,Worker (A rating),Global Business Mobility: Senior or Specialist Worker; Skilled Worker,tech
ORCA Computing LTD,London,London,Worker (A rating),Skilled Worker,tech
Orchestra Technologies Limited,"London, England",,Worker (A rating),Skilled Worker,tech
ORIENT ARCHITECTURAL SYSTEMS LTD,Barking,,Worker (A rating),Skilled Worker,tech
Origin Tech Ltd,Gateshead,,Worker (A rating),Skilled Worker,tech
Original Business IT Solutions LTD,Barry,Vale of Glamorgan,Worker (A rating),Skilled Worker,tech
Oriole Networks Ltd,London,,Worker (A rating),Skilled Worker,tech
Orion Practice Management Systems Ltd,GLASGOW,,Worker (A rating),Skilled Worker,tech
Orion Technologies Limited,London,,Worker (A rating),Skilled Worker,tech
Orluna LED Technologies Limited,Dunstable,,Worker (A rating),Skilled Worker,tech
ORM Systems UK Ltd,Stanmore,London,Worker (A rating),Skilled Worker,tech
Orpheus Technology Limited,London,,Worker (A rating),Skilled Worker,tech
ORPHEX TECH LIMITED,Marlow,,Worker (A rating),Skilled Worker,tech
Orta Tech Ltd,Salford Quays,Greater Manchester,Worker (A rating),Skilled Worker,tech
Ortus Technology Ltd,Sudbury,Suffolk,Worker (A rating),Skilled Worker,tech
OSA Systems ltd,Witney,Oxfordshire,Worker (A rating),Skilled Worker,tech
OSF DIGITAL UK LTD,London,,Worker (A rating),Skilled Worker,tech
Osmosys Software Solutions UK Limited,"London,",,Worker (A rating),Global Business Mobility: Senior or Specialist Worker; Skilled Worker,tech
OSR IT SOLUTIONS LTD,Thames Ditton,,Worker (A rating),Skilled Worker,tech
OSS Digital Consulting Limited,Feltham,Hounslow,Worker (A rating),Skilled Worker,tech
Ostrum Tech Limited,Crawley,England,Worker (A rating),Skilled Worker,tech
OTO Technologies Limited,Blackburn,,Worker (A rating),Skilled Worker,tech
Otta Technology Limited t/a Otta,London,,Worker (A rating),Skilled Worker,tech
Otto Car Limited,London,,Worker (A rating),Scale-up; Skilled Worker,tech
Out In Tech Ltd,London,,Worker (A rating),Skilled Worker,tech
Outpost Technologies Ltd,London,,Worker (A rating),Skilled Worker,tech
Oval Systems Limited t/as Oval Business Solutions,Godalming,Surrey,Worker (A rating),Skilled Worker,tech
Overthrow Digital Ltd,London,Greater London,Worker (A rating),Skilled Worker,tech
OXBYTE TECH LIMITED,Oxford,,Worker (A rating),Skilled Worker,tech
OXCCU Tech Ltd,Begbroke,,Worker (A rating),Skilled Worker,tech
OXFORD CANCER ANALYTICS LTD,Oxford,,Worker (A rating),Skilled Worker,tech
Oxford Expression Technologies Ltd,Oxford,Oxfordshire,Worker (A rating),Skilled Worker,tech
Oxford Gene Technology IP Limited,Kidlington,Oxfordshire,Worker (A rating),Global Business Mobility: Senior or Specialist Worker; Skilled Worker,tech
Oxford Information Labs Ltd,Oxford,Oxfordshire,Worker (A rating),Skilled Worker,tech
OXFORD MOBILES & COMPUTERS LTD,Oxford,,Worker (A rating),Skilled Worker,tech
Oxford Nanopore Technologies plc.,Oxford,Oxfordshire,Worker (A rating),Skilled Worker,tech
Oxford Robotics Ltd trading as Dynium Robot,Reading,,Worker (A rating),Skilled Worker,tech
Oxford Semantic Technologies Limited,Oxford,,Worker (A rating),Skilled Worker,tech
Oxford Space Systems Ltd,Harwell Oxford,Oxfordshire,Worker (A rating),Skilled Worker,tech
Oxmit Technologies Limited,Cheadle,,Worker (A rating),Skilled Worker,tech
Oxvalue.AI Limited,Oxfordshire,,Worker (A rating),Skilled Worker,tech
OZ IT CONSULTANCY LTD,London,,Worker (A rating),Skilled Worker,tech
Ozone Financial Technology Limited,London,,Worker (A rating),Skilled Worker,tech
P & TECH SOLUTION LTD,WALSALL,,Worker (A rating),Skilled Worker,tech
P McVey Building Systems,Toomebridge,Antrim,Worker (A rating),Skilled Worker,tech
P. Ducker Systems Ltd,Derby,Derbyshire,Worker (A rating),Skilled Worker,tech
Pacific Green Technologies (UK) Limited,London,,Worker (A rating),Skilled Worker,tech
Pacific Security Systems Ltd,London,,Worker (A rating),Skilled Worker,tech
PACKWOOD TECHNOLOGY LTD,Birmingham,,Worker (A rating),Skilled Worker,tech
Paddington Robotics,London,,Worker (A rating),Skilled Worker,tech
PALABRA.AI LTD,London,,Worker (A rating),Skilled Worker,tech
Palantir Technologies UK Limited,London,,Worker (A rating),Global Business Mobility: Senior or Specialist Worker; Skilled Worker,tech
Palm Technologies Limited,London,,Worker (A rating),Skilled Worker,tech
Palmer Energy Technology Limited,London,,Worker (A rating),Skilled Worker,tech
Palmtree Networks Limited,Milton Keynes,Buckinghamshire,Worker (A rating),Skilled Worker,tech
PALO ALTO NETWORKS (UK) LIMITED,London,,Worker (A rating),Global Business Mobility: Senior or Specialist Worker; Skilled Worker,tech
Pancredit Systems Ltd,Worthing,West Sussex,Worker (A rating),Skilled Worker,tech
Pangaea Data Ltd,London,,Worker (A rating),Skilled Worker; Global Business Mobility: Senior or Specialist Worker,tech
Pankl Racing Systems UK Ltd,Wigston,Leicestershire,Worker (A rating),Skilled Worker,tech
Papaya Technologies Ltd,St. Albans,,Worker (A rating),Skilled Worker,tech
Papillon Digital Ltd,London,,Worker (A rating),Skilled Worker,tech
Paradigm Communication Systems Ltd,Alton,Hants,Worker (A rating),Skilled Worker,tech
Paradigm Flow Technologies Limited,Aberdeen,,Worker (A rating),Global Business Mobility: Senior or Specialist Worker; Skilled Worker,tech
Paradime Labs Ltd,London,,Worker (A rating),Skilled Worker,tech
Param Info Technology Services Ltd,Brentford,,Worker (A rating),Skilled Worker,tech
PARAM TECHNOLOGIES LIMITED,"Ilford,",,Worker (A rating),Skilled Worker,tech
Parametric Technology (UK) Limited,Bristol,,Worker (A rating),Global Business Mobility: Senior or Specialist Worker; Skilled Worker,tech
Paramount Software UK Limited t/a Macrium Software,Manchester,,Worker (A rating),Skilled Worker,tech
Parity Technologies Limited,London,,Worker (A rating),Skilled Worker,tech
Park Air Systems Limited,Peterborough,,Worker (A rating),Skilled Worker,tech
Park Computers Ltd,Blackburn,Lancashire,Worker (A rating),Skilled Worker,tech
Park Place Technologies Limited,London,,Worker (A rating),Skilled Worker,tech
Partnership Network Events Ltd,Crawley,West Sussex,Worker (A rating),Skilled Worker,tech
PASHA IT CONTRACTORS LTD,Bradford,,Worker (A rating),Skilled Worker,tech
Passenger Transport Software Limited,London,,Worker (A rating),Skilled Worker,tech
Passion Digital Ltd,London,,Worker (A rating),Skilled Worker,tech
PASSION TECHNOLOGIES LTD,Chigwell,England,Worker (A rating),Skilled Worker,tech
PATHFINDER TECHNOLOGY LIMITED,Chesham,,Worker (A rating),Skilled Worker,tech
Patika Global Technology Limited,London,,Worker (A rating),Skilled Worker,tech
Patina Cloud Services Limited,Stretford,Manchester,Worker (A rating),Skilled Worker,tech
Patron Network Ltd.,Manchester,Lancashire,Worker (A rating),Skilled Worker,tech
Paua Tech Limited,Clacton On Sea,,Worker (A rating),Skilled Worker,tech
PAVEGEN SYSTEMS,LONDON,,Worker (A rating),Skilled Worker,tech
Paxos Technology Limited,London,Berkshire,Worker (A rating),Global Business Mobility: Senior or Specialist Worker; Skilled Worker,tech
Paye Pass Software Solutions Limited,Liverpool,Merseyside,Worker (A rating),Skilled Worker,tech
Payment Systems Europe Limited,London,,Worker (A rating),Skilled Worker,tech
Paymob Technology Limited,London,Greater London,Worker (A rating),Skilled Worker,tech
Paysecure Technology Ltd,LONDON,,Worker (A rating),Skilled Worker,tech
PC Peripherals Ltd t/a Mesh Computers,London,,Worker (A rating),Skilled Worker,tech
PC TECHNOLOGY LTD,Birmingham,West Midlands,Worker (A rating),Skilled Worker,tech
PDY Systems Ltd,Hemel Hempstead,Herts,Temporary Worker (A rating),Creative Worker,tech
Peach Loves Digital Limited,Southampton,,Worker (A rating),Skilled Worker,tech
Peacock Technology Limited,Stirling,,Worker (A rating),Skilled Worker,tech
Peak AI Limited,Manchester,,Worker (A rating),Skilled Worker,tech
Peak Digital Ltd,Northampton,Northamptonshire,Worker (A rating),Skilled Worker,tech
Peanut App Limited,London,,Worker (A rating),Skilled Worker,tech
PEARL CONTROL SYSTEMS LIMITED,Peterborough,,Worker (A rating),Skilled Worker,tech
PEN-LINK TECHNOLOGIS UK LTD,London,,Worker (A rating),Skilled Worker,tech
Penfold Technology Limited,London,,Worker (A rating),Skilled Worker,tech
PennEngineering Fastening Technologies (Europe) Ltd,Burnley,,Worker (A rating),Global Business Mobility: Senior or Specialist Worker; Skilled Worker,tech
PENTAGON IT CONSULTANCY LIMITED,Hounslow,,Worker (A rating),Skilled Worker,tech
PENTAGON TECHNICAL SERVICES LTD,Beaconsfield,Buckinghamshire,Worker (A rating),Skilled Worker,tech
Perceptual Robotics Limited,BRISTOL,Avon,Temporary Worker (A rating); Worker (A rating),Global Business Mobility: Graduate Trainee; Skilled Worker; Global Business Mobility: Senior or Specialist Worker,tech
Peregrine Technologies UK Ltd,London,,Worker (A rating),Global Business Mobility: Senior or Specialist Worker; Skilled Worker,tech
Perfect Data Solutions Limited,Whiteley,Hampshire,Worker (A rating),Skilled Worker,tech
Perfect Data Solutions Ltd,Whiteley,Hampshire,Worker (A rating),Skilled Worker,tech
PERFECT DIGITAL LTD,London,,Worker (A rating),Skilled Worker,tech
Perforce Software UK Ltd,Bracknell,Berkshire,Worker (A rating),Global Business Mobility: Senior or Specialist Worker; Skilled Worker,tech
"Periodic Labs UK, Ltd",London,,Worker (A rating),Skilled Worker; Global Business Mobility: Senior or Specialist Worker,tech
Permutable Technologies Limited,London,London,Worker (A rating),Skilled Worker,tech
PERO TECHNOLOGIES LTD,Crook,County Durham,Worker (A rating),Skilled Worker,tech
Perplexity AI Ltd,London,,Worker (A rating),Global Business Mobility: Senior or Specialist Worker; Skilled Worker,tech
PERSE TECHNOLOGY LIMITED,LONDON,,Worker (A rating),Skilled Worker,tech
Persistent Systems UK Limited,London,,Worker (A rating),Global Business Mobility: Senior or Specialist Worker; Skilled Worker,tech
Persistent Technologies LTD,Slough,,Worker (A rating),Skilled Worker,tech
Personal Computer Music Ltd,London,,Temporary Worker (A rating); Worker (A rating),Creative Worker; Skilled Worker,tech
Personal Data Management Limited t/a IE Hub,Cardiff,South Glamorgan,Worker (A rating),Skilled Worker,tech
Personetics Technologies (UK) Ltd,London,,Worker (A rating),Skilled Worker; Global Business Mobility: Senior or Specialist Worker,tech
Persys Technologies LTD,Stotfold,,Worker (A rating),Skilled Worker,tech
PET FOOD ONLINE LIMITED,Park Royal,,Worker (A rating),Skilled Worker,tech
Petroleum Software Limited,London,,Worker (A rating),Skilled Worker,tech
PG DIGITAL LTD,Kent,,Worker (A rating),Skilled Worker,tech
PGP (UK) Ltd t/as Data Innovations,Edinburgh,,Worker (A rating),Skilled Worker,tech
PH Water Technologies,Farnborough,,Worker (A rating),Skilled Worker,tech
Pharmatelligence Limited t/a Human Data Sciences,Cardiff,Cardiff,Worker (A rating),Skilled Worker,tech
PHARMIX TECHNOLOGIES LIMITED,Manchester,,Worker (A rating),Skilled Worker,tech
PHINXT Robotics LTD,LONDON,--Select--,Worker (A rating),Skilled Worker,tech
Phlo Systems Limited,London,,Worker (A rating),Skilled Worker,tech
Phlux Technology Ltd,Sheffield,,Worker (A rating),Skilled Worker,tech
Phoebus Software Ltd,Solihull,West Midlands,Worker (A rating),Skilled Worker,tech
Phoenix Software Limited,York,North Yorkshire,Worker (A rating),Skilled Worker,tech
PHOENIX SYSTEMS UK LIMITED,FAREHAM,HAMPSHIRE,Worker (A rating),Skilled Worker,tech
PHONE CLOUD PLUS LTD,"Hull, East Riding Of Yorkshire",,Worker (A rating),Skilled Worker,tech
Phone Labs Retail LTD,burnley,lancs,Worker (A rating),Skilled Worker,tech
PHONE N COMPUTER ZONE LTD,Oldham,,Worker (A rating),Skilled Worker,tech
PHONE TECH GL1 LTD,Swindon,Wiltshire,Worker (A rating),Skilled Worker,tech
Phone Techno Ltd,Cwmbran,Torfaen,Worker (A rating),Skilled Worker,tech
PHOTON SYSTEMS LIMITED,West Molesey,Surrey,Worker (A rating),Skilled Worker,tech
PHOTON TECHNOLOGIES LIMITED,Bristol,,Worker (A rating),Skilled Worker,tech
PhovIR Technologies Ltd,Manchester,,Worker (A rating),Skilled Worker,tech
Phpneshopbristol Limited T/A Tech Revive,bristol,bristol,Worker (A rating),Skilled Worker,tech
Phytoform Labs Ltd,Harpenden,Hertfordshire,Worker (A rating),Global Business Mobility: Senior or Specialist Worker; Skilled Worker,tech
Pi Labs Limited,London,,Worker (A rating),Skilled Worker,tech
PI SQUARE TECHNOLOGIES UK PVT LTD,Slough,,Worker (A rating),Skilled Worker,tech
PIANO SOFTWARE LTD,London,,Worker (A rating),Skilled Worker,tech
Picasso Labs Inc,London,,Worker (A rating),Global Business Mobility: Senior or Specialist Worker; Skilled Worker,tech
Pico Technology,Eaton Socon,Cambridgeshire,Worker (A rating),Global Business Mobility: Senior or Specialist Worker; Skilled Worker,tech
Picocom Technology Limited,Bristol,,Worker (A rating),Skilled Worker,tech
PICOLAB TECHNOLOGIES LTD,Liverpool,MERSEYSIDE,Worker (A rating),Skilled Worker,tech
PICS Telecom International Limited,Severnside,Bristol,Worker (A rating),Skilled Worker,tech
Picture Perfect Data Ltd,Wetherby,West Yorkshire,Worker (A rating),Skilled Worker,tech
Pillar App Ltd,London,,Worker (A rating),Skilled Worker,tech
Pilot Properties And IT Services Ltd,London,,Worker (A rating),Skilled Worker,tech
Pilz Automation Technology LP,CORBY,Northamptonshire,Worker (A rating),Global Business Mobility: Senior or Specialist Worker; Skilled Worker,tech
Pimberly Software Development Limited,Manchester,Greater Manchester,Worker (A rating),Skilled Worker,tech
PINAKINI TECH SOLUTIONS LTD,London,,Worker (A rating),Skilled Worker,tech
PINE IT CONSULTING LTD,London,,Worker (A rating),Skilled Worker,tech
Pineapple Technology LTD,London,,Worker (A rating),Skilled Worker,tech
Pinewood Technologies Group PLC,Solihull,,Worker (A rating),Skilled Worker,tech
Pinewood Technologies PLC,Solihull,,Worker (A rating),Skilled Worker,tech
Ping Online Communications Ltd,Stirling,,Worker (A rating),Skilled Worker,tech
PingPong Digital Ltd.,Birmingham,West Midlands,Worker (A rating),Global Business Mobility: Senior or Specialist Worker; Skilled Worker,tech
Pinnacle Computing Support Limited,Belfast,Co Down,Worker (A rating),Skilled Worker,tech
PIONEER NETWORK UK LTD,Wolverhampton,,Worker (A rating),Skilled Worker,tech
PIONEER TECH UK LTD,Essex,England,Worker (A rating),Skilled Worker,tech
Pioneering Data Tech Ltd,Glasgow,,Worker (A rating),Skilled Worker,tech
Pipe Technologies UK Ltd,London,,Worker (A rating),Skilled Worker; Global Business Mobility: Senior or Specialist Worker,tech
Pipeflex Systems Limited,Bedlington,Northumberland,Worker (A rating),Skilled Worker,tech
Pirum Systems Limited,London,,Worker (A rating),Skilled Worker,tech
PISMO Labs UK LTD,Bristol,,Worker (A rating),Skilled Worker,tech
Pixelcode Technologies Limited,"Leyton, London",,Worker (A rating),Skilled Worker,tech
PJB Technical Services,Ramsgate,Kent,Worker (A rating),Skilled Worker,tech
PJT Low Carbon TechnologyLtd,Brentwood,Essex,Worker (A rating),Skilled Worker,tech
PKF Smith Cooper Systems Limited,Derby,Derbyshire,Worker (A rating),Skilled Worker,tech
Plan System Data Limited t/a Meterpoint,Hertford,,Worker (A rating),Skilled Worker,tech
Plan-Analytics Ltd,Birmingham,,Worker (A rating),Skilled Worker,tech
Planit Software Limited,Reading,Berkshire,Worker (A rating),Skilled Worker; Global Business Mobility: Senior or Specialist Worker,tech
Planit Software Testing,Reading,,Worker (A rating),Global Business Mobility: Senior or Specialist Worker; Skilled Worker,tech
PLANLAB.AI LIMITED,LONDON,,Worker (A rating),Skilled Worker,tech
Planlogic Software Limited,London,,Worker (A rating),Skilled Worker,tech
Plasma Labs UK Limited,London,London,Worker (A rating),Skilled Worker,tech
Platypus Digital,London,London,Worker (A rating),Skilled Worker,tech
Playtech Software Limited,London,,Worker (A rating),Skilled Worker,tech
Plentific,London,,Worker (A rating),Skilled Worker; Scale-up,tech
Pleo Technologies Limited,London,,Worker (A rating),Skilled Worker,tech
Pleo Technologies Ltd,Farringdon,,Worker (A rating),Skilled Worker; Global Business Mobility: Senior or Specialist Worker,tech
Plessey Semiconductors Limited,Plymouth,Devon,Worker (A rating),Skilled Worker,tech
Pluto Data Analytics Limited,Brighton,,Worker (A rating),Skilled Worker,tech
PMB Battery Technologies UK Ltd,Blaenau,Gwent,Worker (A rating),Skilled Worker; Global Business Mobility: Senior or Specialist Worker,tech
PMY TECHNOLOGIES (UK) LIMITED,London,,Worker (A rating),Skilled Worker,tech
PNZ IT CONSULTANTS LIMITED,Birmingham,,Worker (A rating),Skilled Worker,tech
Pod Digital Marketing Two Limited,Lutterworth,,Worker (A rating),Skilled Worker,tech
Podium Analytics,London,,Worker (A rating),Skilled Worker,tech
Polar Technology Management Group Limited,"Witney, Eynsham",Oxfordshire,Worker (A rating),Skilled Worker,tech
Polaris Software Solutions Limited,Banbury,,Worker (A rating),Skilled Worker,tech
Poli Technology Solutions Limited,Southend-On-Sea,Essex,Worker (A rating),Skilled Worker,tech
Polka Dot Data Ltd,Chandlers Ford,Hampshire,Worker (A rating),Skilled Worker,tech
Pollen Technologies Limited,Stockport,Cheshire,Worker (A rating),Skilled Worker,tech
Polymer Systems Technology Ltd,HIGH WYCOMBE,Buckinghamshire,Worker (A rating),Skilled Worker,tech
Polyn Technology Limited,Fitzrovia,London,Worker (A rating),Global Business Mobility: Senior or Specialist Worker; Skilled Worker,tech
Pon Pottery Lab Ltd,London,,Worker (A rating),Skilled Worker,tech
Poolside AI Ltd,London,,Worker (A rating),Skilled Worker,tech
Poradigm Technologies Ltd.,Belfast,Antrim,Worker (A rating),Skilled Worker,tech
Porex Technologies Limited,Alness,,Worker (A rating),Skilled Worker,tech
Poro Technologies Ltd,Cambridge,,Worker (A rating),Skilled Worker,tech
Portage AI UK Limited,London,,Worker (A rating),Skilled Worker,tech
Porter Bathroom Ltd,Kesh,Northern Ireland,Worker (A rating),Scale-up; Skilled Worker,tech
Portia AI Ltd,London,,Worker (A rating),Skilled Worker,tech
PORTLETHEN COMPUTER (SERVICES) LIMITED,Aberdeen,Aberdeenshire,Worker (A rating),Skilled Worker,tech
PORTMAN DIGITAL MARKETING LTD,LONDON,,Worker (A rating),Skilled Worker,tech
Portofino Technologies UK Limited,Altrincham,Cheshire,Worker (A rating),Skilled Worker,tech
POSITIVE DIGITAL LIMITED - T/A Brand Potential,London,,Worker (A rating),Skilled Worker,tech
Positron Technologies Ltd T/A TaxScouts,London,,Worker (A rating),Skilled Worker,tech
Postdot Technologies UK Ltd,London,,Worker (A rating),Skilled Worker; Global Business Mobility: Senior or Specialist Worker,tech
Potenza Technology Ltd,Basildon,Essex,Worker (A rating),Global Business Mobility: Senior or Specialist Worker; Skilled Worker,tech
POWELL SYSTEM ENGINEERING LIMITED,"Sidcup,","Kent,",Worker (A rating),Skilled Worker,tech
Power CMS Technology Ltd,Richmond,,Worker (A rating),Skilled Worker,tech
POWER IT WORLD LTD,London,,Worker (A rating),Skilled Worker,tech
Power System Consultants Limited T/A Smart G Power,London,,Worker (A rating),Skilled Worker,tech
Power Systems Consultants UK Limited,London,,Worker (A rating),Global Business Mobility: Senior or Specialist Worker; Skilled Worker,tech
PowerX Technology Limited,London,,Worker (A rating),Skilled Worker,tech
POWREADY TECHNOLOGIES LTD,London,,Worker (A rating),Skilled Worker,tech
PP Tech Solutions Ltd,Bristol,,Worker (A rating),Skilled Worker,tech
PQS Tech Solutions Ltd,Leeds,West Yorkshire,Worker (A rating),Skilled Worker,tech
PR Techies LTD,Watford,,Worker (A rating),Skilled Worker,tech
PraChi Tech Ltd,London,,Worker (A rating),Skilled Worker,tech
Pragmatic Semiconductor Ltd,Cambridge,,Worker (A rating),Skilled Worker,tech
Praktika.ai,St Albans,,Worker (A rating),Skilled Worker,tech
Pranava Technologies UK Limited,Reading,,Worker (A rating),Skilled Worker,tech
Prasam IT Services Ltd,Tipton,West Midlands,Worker (A rating),Skilled Worker,tech
PRATHAM SOFTWARE LTD,HARROGATE,,Worker (A rating),Skilled Worker; Global Business Mobility: Senior or Specialist Worker,tech
Pravas Systems Limited,Reading,Berkshire,Worker (A rating),Skilled Worker,tech
Praxis IT Services Limited T/A Praxis Digital,Welling,Kent,Worker (A rating),Skilled Worker,tech
Precis Digital Limited,Hertfordshire,,Worker (A rating),Skilled Worker,tech
Precisely Software Limited,Reading,Berkshire,Worker (A rating),Skilled Worker; Global Business Mobility: Senior or Specialist Worker,tech
Precision Technologies Group (PTG) Ltd,Rochdale,Lancashire,Worker (A rating),Skilled Worker,tech
PRECISIONTECH IT SOLUTIONS LTD,Wokingham,,Worker (A rating),Skilled Worker,tech
Predator Nutrition Online,Leeds,County (optional),Worker (A rating),Skilled Worker,tech
Prefrontal AI Ltd,London,,Worker (A rating),Skilled Worker,tech
Premier IT Solution Limited,New Malden,Surrey,Worker (A rating),Skilled Worker,tech
Premier Marketing and Distribution Ltd trading as Renful Premier Technologies,London,,Worker (A rating),Skilled Worker,tech
Premise Data UK Limited,London,,Worker (A rating),Skilled Worker,tech
Premonition Software Limited,London,,Worker (A rating),Skilled Worker,tech
Prepay Technologies trading as PPS,Swindon,,Worker (A rating); Temporary Worker (A rating),Skilled Worker; Global Business Mobility: Graduate Trainee; Global Business Mobility: Senior or Specialist Worker,tech
Presentient Technologies Ltd,London,,Worker (A rating),Skilled Worker,tech
Prestige Network Ltd,Newbury,West Berkshire,Worker (A rating),Skilled Worker,tech
Prevail Technology Limited,Poole,Dorset,Worker (A rating),Skilled Worker,tech
Prevalent AI Limited,London,,Worker (A rating),Global Business Mobility: Senior or Specialist Worker,tech
PRICEBUY LIMITED T/A TRAFFIC DATA CENTRE,RUISLIP,,Worker (A rating),Skilled Worker,tech
Prime Focus Technologies UK Limited,Leeds,,Worker (A rating),Skilled Worker,tech
Prime Labs Ltd T/A Prime Labs,Watford,,Worker (A rating),Skilled Worker,tech
Prime Software Services Ltd,Slough,,Worker (A rating),Skilled Worker,tech
PRIME TECH IT SOLUTIONS LTD,Wembley,,Worker (A rating),Skilled Worker,tech
Primentoring AI Ltd,London,,Worker (A rating),Skilled Worker,tech
Primetals Technologies Limited,Sheffield,South Yorkshire,Worker (A rating),Skilled Worker; Global Business Mobility: Senior or Specialist Worker,tech
Principle Systems Limited,Huddersfield,,Worker (A rating),Skilled Worker,tech
Priority One IT Ltd,London,,Worker (A rating),Skilled Worker,tech
Prism Fire Tech Limited,West Drayton,,Worker (A rating),Skilled Worker,tech
Prism IT Limited,Mitcham,,Worker (A rating),Skilled Worker,tech
Pro Drive IT Limited,Woking,,Worker (A rating),Skilled Worker,tech
PRO GOODS & TECH LTD T/A Swansea Mobiles,"Swansea, Wales",,Worker (A rating),Skilled Worker,tech
Pro System Services Limited,Ruislip,,Worker (A rating),Skilled Worker,tech
Proact IT UK Limited,Chesterfield,,Worker (A rating),Skilled Worker,tech
ProArch IT Solutions Limited,London,,Worker (A rating),Skilled Worker; Global Business Mobility: Senior or Specialist Worker,tech
Proceed Data Management Limited,London,,Worker (A rating),Skilled Worker,tech
Process Decontamination Systems Limited t/a ProDecon,Nantwich,Cheshire,Worker (A rating),Skilled Worker,tech
Process Plant Computing Limited,Beaconsfield,Buckinghamshire,Worker (A rating),Skilled Worker,tech
Procode Technology Limited,Chandlers Ford,,Worker (A rating),Skilled Worker,tech
Prodo Digital Marketing Limited,Chester,,Worker (A rating),Skilled Worker,tech
PRODO SOCIAL SOFTWARE LTD,Chester,Cheshire,Worker (A rating),Skilled Worker,tech
Professional Beauty Systems Ltd,Renfrew,,Worker (A rating),Skilled Worker,tech
Professional Social Networks Ltd,Shaftsbury,Dorset,Worker (A rating),Skilled Worker,tech
Profile Software (UK) Limited,London,,Worker (A rating),Skilled Worker,tech
Profisee Software UK Limited,London,,Worker (A rating),Global Business Mobility: Senior or Specialist Worker; Skilled Worker,tech
PROFORCE TECHNICAL LTD,Hull,,Worker (A rating),Skilled Worker,tech
Progressive IT Services LTD,London,,Worker (A rating),Skilled Worker,tech
Progressive Technology Limited,Newbury,Berkshire,Worker (A rating),Skilled Worker,tech
Progressive Technology Solutions Limited,London,,Worker (A rating),Skilled Worker,tech
Prohire Software Limited,Sittingbourne,Kent,Worker (A rating),Skilled Worker,tech
Project Infinity Technologies Limited,London,,Worker (A rating),Skilled Worker,tech
PROMET TECHNOLOGY LTD,LONDON,,Worker (A rating),Skilled Worker,tech
Propel Digital,Leighton Buzzard,Beds,Worker (A rating),Skilled Worker,tech
Propel Tech Ltd,Wakefield,West Yorkshire,Worker (A rating),Skilled Worker,tech
Propello Cloud Ltd,Manchester,,Worker (A rating),Skilled Worker,tech
PROPERTYFLOW TECHNOLOGIES LTD,London,,Worker (A rating),Skilled Worker,tech
PROPUS TECH LTD,LONDON,,Worker (A rating),Skilled Worker,tech
Prosol IT (UK) Limited,llford,,Worker (A rating),Skilled Worker,tech
prosource.it,Aberdeen,,Worker (A rating),Skilled Worker,tech
Prosper Robotics Ltd,London,,Worker (A rating),Skilled Worker; Global Business Mobility: Senior or Specialist Worker,tech
Prosperity Network Ltd,Warrington,Cheshire,Worker (A rating),Skilled Worker,tech
Prosperon Networks Ltd,Worthing,West Sussex,Worker (A rating),Skilled Worker,tech
PROSPIRE TECHNOLOGIES LTD,Hull,East Yorkshire,Worker (A rating),Skilled Worker,tech
Protein Technologies Ltd,Manchester,Greater Manchester,Worker (A rating),Skilled Worker,tech
Proto Labs Limited,Telford,,Worker (A rating),Skilled Worker,tech
Proton Technologies Ltd,London,,Worker (A rating),Global Business Mobility: Senior or Specialist Worker; Skilled Worker,tech
Provility Software Limited,Aldershot,Hampshire,Worker (A rating),Skilled Worker,tech
Prysmian Cables & Systems Limited,Eastleigh,Hampshire,Worker (A rating); Temporary Worker (A rating),Global Business Mobility: Senior or Specialist Worker; Global Business Mobility: Graduate Trainee; Skilled Worker,tech
PSK Metonym Systems Ltd,Rainham,London,Worker (A rating),Skilled Worker,tech
PSS TECH SERVICES LTD,Basildon,Essex,Worker (A rating),Skilled Worker,tech
PTI Digital,London,,Worker (A rating),Skilled Worker,tech
PU Tech Ltd,Leicester,,Worker (A rating),Skilled Worker,tech
Public Digital Limited,London,,Worker (A rating),Skilled Worker,tech
Pulse Business Software Limited,Malmesbury,,Worker (A rating),Skilled Worker,tech
Pulsion Technology Ltd,Glasgow,,Worker (A rating),Skilled Worker,tech
Puppet Labs Limited,Bracknell,,Worker (A rating),Global Business Mobility: Senior or Specialist Worker; Skilled Worker,tech
Pure Data Centres,London,England,Worker (A rating),Global Business Mobility: Senior or Specialist Worker; Skilled Worker,tech
PURE TECH CONSULTANCY LIMITED,LONDON,,Worker (A rating),Skilled Worker,tech
PUREAN SOLUTIONS AND TECHNOLOGY LTD,Milton Keynes,,Worker (A rating),Skilled Worker,tech
Purifire Labs Limited,Cambridge,Cambridgeshire,Worker (A rating),Skilled Worker,tech
Purify Technology Ltd,Beverley,,Worker (A rating),Skilled Worker,tech
Purple Style Labs UK Limited,London,,Worker (A rating),Skilled Worker,tech
Push Labs Limited,London,,Worker (A rating),Skilled Worker,tech
Push Technology Limited,Reading,Berkshire,Worker (A rating),Skilled Worker,tech
Py Analytics Ltd,Leeds,West Yorkshire,Worker (A rating),Skilled Worker,tech
Pylon Technologies UK Ltd,London,,Worker (A rating),Skilled Worker; Global Business Mobility: Senior or Specialist Worker,tech
Pynea Technology Limited,London,,Worker (A rating),Skilled Worker,tech
Q TECH MIDLANDS LTD,Hockley,"Birmingham,",Worker (A rating),Skilled Worker,tech
Q Tech Private Ltd,Bromley,,Worker (A rating),Skilled Worker,tech
Q-Online Limited,Croydon,Surrey,Worker (A rating),Skilled Worker,tech
Qargo Tech Limited,London,,Worker (A rating),Skilled Worker,tech
QBARTER TECHNOLOGY AND SERVICES LIMITED,Reading,,Worker (A rating),Skilled Worker,tech
QBS Software Limited,Wembley,London,Worker (A rating),Skilled Worker,tech
QBurst Technologies UK Limited,Salisbusry,,Worker (A rating),Skilled Worker,tech
Qbyte Computing Limited,Stevenage,Hertfordshire,Worker (A rating),Skilled Worker,tech
Qdot Technology Ltd,Kidlington,Oxfordshire,Worker (A rating),Skilled Worker,tech
QGate Software Limited,Winchester,Hampshire,Worker (A rating),Skilled Worker,tech
QIKK NETWORK SOLUTIONS LTD,Sutton-in-Ashfield,,Worker (A rating),Skilled Worker,tech
QiO Technologies Ltd,Egham,,Worker (A rating),Skilled Worker,tech
QODEA TECHNOLOGY LIMITED,Manchester,,Worker (A rating),Skilled Worker,tech
QP ONLINE LIMITED,KENT,,Worker (A rating),Skilled Worker,tech
QSM TECH LIMITED,London,,Worker (A rating),Skilled Worker,tech
QUAD NETWORK SOLUTIONS LTD,Swansea,Wales,Worker (A rating),Skilled Worker,tech
Qualcomm Technologies International Ltd,Cambridge,,Worker (A rating),Skilled Worker; Global Business Mobility: Senior or Specialist Worker,tech
QUALIENT TECHNOLOGY SOLUTIONS UK LIMITED,READING,BERKSHIRE,Worker (A rating),Skilled Worker,tech
Qualitest Software Testing Limited,London,,Worker (A rating),Global Business Mobility: Senior or Specialist Worker; Skilled Worker,tech
Quant Network Limited,London,,Worker (A rating),Skilled Worker; Global Business Mobility: Senior or Specialist Worker,tech
Quanta Dialysis Technologies Ltd,Warwick,,Worker (A rating),Skilled Worker,tech
Quantbot Technologies Ltd,London,,Worker (A rating),Skilled Worker,tech
Quantcore Technologies Ltd,Glasgow,Scotland,Worker (A rating),Skilled Worker,tech
Quantico Analytics Limited,London,,Worker (A rating),Skilled Worker,tech
QUANTIUM TECHNOLOGY LTD,Haslemere,,Worker (A rating),Skilled Worker,tech
Quantive Technologies UK Limited,London,,Worker (A rating),Skilled Worker,tech
Quantum Data Energy Plc,London,,Worker (A rating),Skilled Worker,tech
Quantum Edge Technologies,London,,Worker (A rating),Skilled Worker,tech
Quantum I Computing Limited,London,,Worker (A rating),Skilled Worker,tech
Quantum IT Lab Ltd,London,,Worker (A rating),Skilled Worker,tech
Quantum Leap Technologies (Holdings) Limited,Aberdeen,,Worker (A rating),Skilled Worker,tech
Quantum Motion Technologies Limited,London,,Temporary Worker (A rating); Worker (A rating),Government Authorised Exchange; Skilled Worker,tech
Quantum Services Management Ltd,London,,Worker (A rating),Scale-up; Skilled Worker,tech
QUANTUMBYTE IT LTD,Hertfordshire,,Worker (A rating),Skilled Worker,tech
Quantus IT Solutions Ltd,Walton-on-Thames,,Worker (A rating),Skilled Worker,tech
Quarch Technology Ltd,Aviemore,,Worker (A rating),Skilled Worker,tech
Quartz Digital Ltd,London,,Worker (A rating),Skilled Worker,tech
Quartz Technical Services Limited,Quorn,Leicestershire,Worker (A rating),Skilled Worker,tech
Qube Research & Technologies Limited,London,,Worker (A rating),Skilled Worker,tech
QUDIT LABS LTD,Manchester,,Worker (A rating),Skilled Worker,tech
Quell Tech Ltd,London,,Worker (A rating),Skilled Worker,tech
Quera Computing UK Limited,Didcot,N/A,Worker (A rating),Skilled Worker; Global Business Mobility: Senior or Specialist Worker,tech
Questo Technologies Ltd,Reading,Berkshire,Worker (A rating),Skilled Worker,tech
Quick Fox Labs,London,England,Worker (A rating),Skilled Worker,tech
Quidos Technologies,Bath,County (optional),Worker (A rating),Skilled Worker,tech
QUL Technologies Limited,Waterloo,,Worker (A rating),Skilled Worker; Global Business Mobility: Senior or Specialist Worker,tech
QUMULUS TECHNOLOGY LIMITED,MANCHESTER,,Worker (A rating),Skilled Worker,tech
Quorum Cyber Security Limited,Edinburgh,,Worker (A rating),Global Business Mobility: Senior or Specialist Worker; Skilled Worker,tech
Qurated Network Ltd,London,,Worker (A rating),Skilled Worker,tech
R - Tech Global Construction & Properties Limited,Crawley,West Sussex,Worker (A rating),Skilled Worker,tech
R SYSTEMS COMPUTARIS INTERNATIONAL LIMITED,Waterlooville,,Worker (A rating),Global Business Mobility: Senior or Specialist Worker; Skilled Worker,tech
R Techsol Limited,Birmingham,,Worker (A rating),Skilled Worker,tech
R&A Software ( Systems ) Ltd,Chesterfield,Derbyshire,Worker (A rating),Skilled Worker,tech
R&M TECH LTD,London,,Worker (A rating),Skilled Worker,tech
R2P UK SYSTEMS LTD,CRAWLEY,WEST SUSSEX,Worker (A rating),Skilled Worker,tech
R2S Technologies Ltd,Manchester,,Worker (A rating),Skilled Worker,tech
R3 Digital Limited,Cheltenham,Gloucestershire,Worker (A rating),Skilled Worker,tech
R4G TECH LIMITED,COVENTRY,,Worker (A rating),Skilled Worker,tech
RAA TECHNOLOGY SOLUTIONS LTD,Bamber Bridge,Lancashire,Worker (A rating),Skilled Worker,tech
Rabbit Hole Labs Limited,London,,Worker (A rating),Skilled Worker,tech
Radamec Control Systems Ltd,Newbury,,Worker (A rating),Skilled Worker,tech
RADAR LEISURE TECH LIMITED (native fm),Shoreditch,,Worker (A rating),Skilled Worker,tech
Radentia Technologies Ltd,London,,Worker (A rating),Global Business Mobility: Senior or Specialist Worker; Skilled Worker,tech
Radia Computer Services Limited,Gerrards Cross,Buckinghamshire,Worker (A rating),Skilled Worker,tech
Radiocoms Systems Ltd,London,,Worker (A rating),Skilled Worker,tech
Radius Systems Limited,Alfreton,Derbyshire,Worker (A rating),Skilled Worker,tech
RADIUS TECH FASHION SERVICES LTD,Gloucester,,Worker (A rating),Skilled Worker,tech
Radon Networks Ltd,Newport,Wales,Worker (A rating),Skilled Worker,tech
RAIN UK LABS LIMITED,London,,Worker (A rating),Skilled Worker,tech
Rainbow Software Solutions Limited,Leeds,West Yorkshire,Worker (A rating),Skilled Worker,tech
Raitech It Servces/trainings Ltd,Ipswich,,Worker (A rating),Skilled Worker,tech
Ram Online Limited,Bedfordshire,,Worker (A rating),Skilled Worker,tech
Ramark Systems Limited,Brentford,Middlesex,Worker (A rating),Skilled Worker,tech
Ramco Systems Limited,Leatherhead,Surrey,Worker (A rating),Global Business Mobility: Senior or Specialist Worker; Skilled Worker,tech
Ramp Technologies Ltd,East Ham,,Worker (A rating),Skilled Worker,tech
Rana Technologies Limited,London,,Worker (A rating),Skilled Worker,tech
RangeForce Software (UK) Ltd,London,,Worker (A rating),Skilled Worker,tech
Ranosys Technologies Ltd,Ashford,,Worker (A rating),Global Business Mobility: Senior or Specialist Worker; Skilled Worker,tech
Ranplan Wireless Network Design,Cambridge,Cambridgeshire,Worker (A rating),Global Business Mobility: Senior or Specialist Worker; Skilled Worker,tech
Rap Tech Studios Ltd.,LONDON,United Kindom,Worker (A rating),Skilled Worker,tech
Rapid-Myco Technologies Limited,Belfast,Northern Ireland,Worker (A rating),Skilled Worker,tech
Rapiscan Systems Ltd,Salfords,Surrey,Worker (A rating),Skilled Worker; Global Business Mobility: Senior or Specialist Worker,tech
Rapita systems Limited,York,North Yorkshire,Worker (A rating),Skilled Worker,tech
Raplas Technologies,Sully,Penarth,Worker (A rating),Skilled Worker,tech
Raptor Data Limited,Aberdeen,,Worker (A rating),Skilled Worker,tech
Rated Labs Ltd,London,,Worker (A rating),Skilled Worker,tech
RateGain Technologies Limited,London,,Worker (A rating),Skilled Worker; Global Business Mobility: Senior or Specialist Worker,tech
Ratio Digital Marketing Limited,London,,Worker (A rating),Skilled Worker,tech
Rational Labelling and Marking Systems Ltd,Brackley,,Worker (A rating),Skilled Worker,tech
Rave Technologies (UK) Limited,Hemel Hempstead,,Worker (A rating); Temporary Worker (A rating),Global Business Mobility: Senior or Specialist Worker; Global Business Mobility: Graduate Trainee; Skilled Worker,tech
Ravelin Technology Limited,London,,Worker (A rating),Skilled Worker,tech
Ravio Technologies Limited,London,,Worker (A rating),Skilled Worker,tech
RAWDA TECH LIMITED,STREATHAM,LONDON,Worker (A rating),Skilled Worker,tech
RAY TECHNOLOGIES LTD,Staines,,Worker (A rating),Skilled Worker,tech
Raycast Technologies Ltd,1 water lane,London,Worker (A rating),Skilled Worker,tech
Rayd Technologies Limited,London,,Worker (A rating),Skilled Worker,tech
Raytel Security Systems Ltd,South Woodham Ferrers,Essex,Worker (A rating),Skilled Worker,tech
Raytheon Systems Limited,Harlow,Essex,Worker (A rating),Skilled Worker; Global Business Mobility: Senior or Specialist Worker,tech
RB TECH SOLUTIONS LTD,Tamworth,,Worker (A rating),Skilled Worker,tech
RBC Online Ltd,Bradford,,Worker (A rating),Skilled Worker,tech
RC Technology Limited,Croydon,Surrey,Worker (A rating),Global Business Mobility: Senior or Specialist Worker; Skilled Worker,tech
Re-Gen Robotics Limited,Newry,,Worker (A rating),Skilled Worker,tech
Re-Leased Software Company UK Limited,London,,Worker (A rating),Global Business Mobility: Senior or Specialist Worker; Skilled Worker,tech
REACH TELECOM LIMITED,"London,",,Worker (A rating),Skilled Worker,tech
Reactive Technologies Limited,London,,Worker (A rating),Skilled Worker,tech
READDLE LABS LTD,London,,Worker (A rating),Skilled Worker,tech
"Real Software Systems, LLC",London,,Worker (A rating),Global Business Mobility: Senior or Specialist Worker,tech
Realeyes Data Services Limited,London,,Worker (A rating),Global Business Mobility: Senior or Specialist Worker; Skilled Worker,tech
Realisable Software Ltd,London,,Worker (A rating),Skilled Worker,tech
REALITY CHECK SYSTEMS EMEA LTD,AMERSHAM,BUCKS,Worker (A rating),Skilled Worker,tech
Realtime Tech Ltd,Chawston,Bedford,Worker (A rating),Skilled Worker,tech
Reason Digital,Manchester,,Worker (A rating),Skilled Worker,tech
REBANK TECHNOLOGIES LIMITED,London,,Worker (A rating),Skilled Worker,tech
Reboot Online Marketing Ltd,London,,Worker (A rating),Skilled Worker,tech
Recirculate Systems Limited,Chelmsford,,Worker (A rating),Skilled Worker,tech
Reco Technologies Private Limited,Manchester,Greater Manchester,Worker (A rating),Skilled Worker,tech
Reconciling Leaders Network,London,,Worker (A rating),Skilled Worker,tech
Record Packaging Systems Ltd,Stretford,Manchester,Worker (A rating),Skilled Worker,tech
Recourse AI Ltd,MANCHESTER,,Worker (A rating),Skilled Worker,tech
Recraft AI Limited,London,,Worker (A rating),Skilled Worker,tech
RECYCLE FOR FUTURE LTD,PETERBOROUGH,,Worker (A rating),Skilled Worker; Scale-up,tech
Recycle It Global Ltd,Truro,,Worker (A rating),Skilled Worker,tech
Red Ant Digital Ltd,London,London,Worker (A rating),Skilled Worker,tech
Red Box Telecom Ltd t/as Red Dawn Consulting,Northwood,Middx,Worker (A rating),Skilled Worker,tech
Red Gate Software Ltd,Cambridge,Cambridgeshire,Worker (A rating),Global Business Mobility: Senior or Specialist Worker; Skilled Worker,tech
Red Lantern Digital Media Limited,Cheshire,,Worker (A rating),Skilled Worker,tech
Red Panda Software Ltd,Kenilworth,Warwickshire,Worker (A rating),Skilled Worker,tech
RED SEMICONDUCTOR INTERNATIONAL LTD,Windsor,,Worker (A rating),Skilled Worker,tech
Red Technology Solutions Limited,Witney,Oxfordshire,Worker (A rating),Skilled Worker,tech
Red Telecom Ltd T/A Vodafone Ltd,Newark,,Worker (A rating),Skilled Worker,tech
Red Train IT Ltd,Abingdon,Oxon,Worker (A rating),Skilled Worker,tech
Redbox Digital Limited,London,,Worker (A rating),Skilled Worker,tech
RedCloud Technologies Ltd,London,London,Worker (A rating),Global Business Mobility: Senior or Specialist Worker; Skilled Worker,tech
Redeemer Technologies Ltd,Reading,Berkshire,Worker (A rating),Skilled Worker,tech
Redev AI Ltd,London,,Worker (A rating),Skilled Worker,tech
Redflex Traffic Systems Ltd,Southampton,Hampshire,Worker (A rating),Skilled Worker; Global Business Mobility: Senior or Specialist Worker,tech
Redpanda Data EMEA Limited,Cheltenham,,Worker (A rating),Skilled Worker; Global Business Mobility: Senior or Specialist Worker,tech
REDRELIC SOFTWARE LIMITED,London,,Worker (A rating),Skilled Worker,tech
Redscan Cyber Security Limited,London,,Worker (A rating),Skilled Worker,tech
Redwood Software UK Ltd,Slough,,Worker (A rating),Skilled Worker,tech
Redwood Technology Limited,Bracknell,Berkshire,Worker (A rating),Skilled Worker,tech
Reed Online Limited,London,,Worker (A rating),Skilled Worker,tech
Reference Data Services (UK) Ltd,Bristol,,Worker (A rating),Global Business Mobility: Senior or Specialist Worker; Skilled Worker,tech
Refeyn Limited,Oxford,Oxfordshire,Worker (A rating),Skilled Worker; Scale-up,tech
Reflect Digital Ltd,Maidstone,Kent,Worker (A rating),Skilled Worker,tech
Reflection AI UK Ltd,London,,Worker (A rating),Skilled Worker,tech
Reflex Data Systems Limited,Hull,East Riding of Yorkshire,Worker (A rating),Skilled Worker,tech
Refract Software Ltd,Newcastle Upon Tyne,,Worker (A rating),Global Business Mobility: Senior or Specialist Worker; Skilled Worker,tech
REFRESH TECH LTD,Blackburn,,Worker (A rating),Skilled Worker,tech
Refreshment Systems Ltd,Bradford,W Yorkshire,Worker (A rating),Skilled Worker,tech
REGENTS COMPUTER LIMITED,Ilford,,Worker (A rating),Skilled Worker,tech
Reimagine Robotics Limited,London,,Worker (A rating),Skilled Worker,tech
Reka AI Ltd,London,,Worker (A rating),Skilled Worker; Global Business Mobility: Senior or Specialist Worker,tech
Relay Technologies Limited,London,London,Worker (A rating),Skilled Worker,tech
RELCO SOFTWARE LTD,Bristol,Georgia,Worker (A rating),Skilled Worker,tech
RELIABLE NETWORK TECHNOLOGIES LTD,SLOUGH,-,Worker (A rating),Skilled Worker,tech
Reliance Cyber Limited,London,,Worker (A rating),Skilled Worker,tech
Reliance High Tech Ltd,Bracknell,Berkshire,Worker (A rating),Skilled Worker,tech
Relish Technologies Limited (trading as Beeline),London,,Worker (A rating),Skilled Worker,tech
Relo-IT LTD,Edgware,,Worker (A rating),Skilled Worker,tech
Reload Digital Ltd,London,,Worker (A rating),Skilled Worker,tech
Remade Network Limited,GLASGOW,,Worker (A rating),Skilled Worker,tech
Remark AI UK Limited,Watford,,Worker (A rating),Skilled Worker,tech
Remedy Tech Centre Ltd,"Nr, Castleford",West Yorks,Worker (A rating),Skilled Worker,tech
Remnant Christian Network,Glasgow,,Worker (A rating),Tier 2 Ministers of Religion,tech
Remnant Christian Network Wales LTD,Cardiff,,Temporary Worker (A rating),Religious Worker,tech
Remote Diagnostic Technologies Limited,Farnborough,,Worker (A rating),Skilled Worker,tech
Remote Tech Ltd,London,,Worker (A rating),Skilled Worker,tech
Remote Technology Services LTD,London,,Worker (A rating),Skilled Worker; Global Business Mobility: Senior or Specialist Worker,tech
Ren-IT Limited,West Ealing,London,Worker (A rating),Skilled Worker,tech
RENEWABLE NETWORK LTD,Bradford,,Worker (A rating),Skilled Worker,tech
REO Digital Limited,London,,Worker (A rating),Skilled Worker,tech
Repeat Digital Ltd,Nottingham,,Worker (A rating),Skilled Worker,tech
Research Data Alliance Foundation,Didcot,Oxon,Worker (A rating),Skilled Worker,tech
RESEARCH DATA SCOTLAND,Edinburgh,,Worker (A rating),Skilled Worker,tech
Resistant AI Limited,Warwick,,Worker (A rating),Global Business Mobility: Senior or Specialist Worker,tech
RESOLVE TECH LIMITED,Brighton,,Worker (A rating),Skilled Worker,tech
Response IT Services Ltd,GUILDFORD,Surrey,Worker (A rating),Skilled Worker,tech
Responsible Power Systems Limited,Stirling,,Worker (A rating),Skilled Worker,tech
Restore Technology Ltd,Cardington,Bedford,Worker (A rating),Skilled Worker,tech
RESU IT SOLUTIONS LTD,Cardiff,,Worker (A rating),Skilled Worker,tech
RETAIL TECHNOLOGY LTD,Belvedere,Kent,Worker (A rating),Skilled Worker,tech
RETAILPHARMA ONLINE LTD,LONDON,,Worker (A rating),Skilled Worker,tech
Retails Computer Solutions Ltd,Leeds,,Worker (A rating),Skilled Worker,tech
Retina IT Ltd,London,,Worker (A rating),Skilled Worker,tech
RETN NETWORKS LTD,London,,Worker (A rating),Skilled Worker,tech
Retro Labs Ltd T/A TILT,London,,Worker (A rating),Skilled Worker,tech
Reuse Technology Group Ltd,Rainham,Essex,Worker (A rating),Skilled Worker,tech
Revalue Nature Ltd,London,,Worker (A rating),Scale-up,tech
Reve Cloud Ltd,London,,Worker (A rating),Skilled Worker,tech
Reveal AI Ltd,London,,Worker (A rating),Skilled Worker,tech
Revolut Ltd,London,,Worker (A rating),Skilled Worker; Scale-up; Global Business Mobility: Senior or Specialist Worker,tech
RevoTech Systems Limited,Warwick,,Worker (A rating),Skilled Worker,tech
Reward Cloud Ltd t/a Tillo,Hove,,Worker (A rating),Skilled Worker,tech
Reward Stamp App Ltd,Milton Keynes,,Worker (A rating),Skilled Worker,tech
Rex Labs Ltd,London,,Worker (A rating),Global Business Mobility: Senior or Specialist Worker; Skilled Worker,tech
Rezolve AI PLC,London,,Worker (A rating),Skilled Worker,tech
RGS IT Development Ltd,Mobberley,Cheshire,Worker (A rating),Skilled Worker,tech
Rheinmetall BAE Systems Land Limited,Telford,Shropshire,Worker (A rating),Global Business Mobility: Senior or Specialist Worker; Skilled Worker,tech
Rheinmetall Technical Publications UK (RTP UK Ltd),Bristol,South Gloucestershire,Worker (A rating),Skilled Worker; Global Business Mobility: Senior or Specialist Worker,tech
Rhenus High Tech UK Ltd,Ashford,Middlesex,Worker (A rating),Skilled Worker,tech
RHEON LABS LTD,LONDON,,Worker (A rating),Skilled Worker,tech
Riana Development Network,London,London,Temporary Worker (A rating); Worker (A rating),Charity Worker; Skilled Worker,tech
Ribbon Technologies Ltd,London,,Worker (A rating),Skilled Worker,tech
Richmond Defence Systems Limited,Diss,Norfolk,Worker (A rating),Skilled Worker,tech
RIDA TECHNICAL SERVICES UK LTD,LONDON,,Worker (UK Expansion Worker: Provisional ),Global Business Mobility: UK Expansion Worker,tech
Ridgetek Web Solutions Limited,Swalwell,Gateshead,Worker (A rating),Skilled Worker,tech
Rightsline Software UK Ltd,London,,Worker (A rating),Skilled Worker; Global Business Mobility: Senior or Specialist Worker,tech
RIJYOS TECHNOVATIONS LTD,Solihull,West Midlands,Worker (A rating),Skilled Worker,tech
RIMAC TECHNOLOGY R&D UK LIMITED,Witney,,Worker (A rating),Skilled Worker,tech
Rimes Technologies Limited,London,,Worker (A rating),Global Business Mobility: Senior or Specialist Worker; Skilled Worker,tech
RINA Tech UK Limited,Leatherhead,Surrey,Worker (A rating),Global Business Mobility: Senior or Specialist Worker; Skilled Worker,tech
Riot Labs Ltd,Milton Keynes,Buckinghamshire,Worker (A rating),Skilled Worker,tech
Risc IT Solutions Limited,Llandudno,Conwy,Worker (A rating),Skilled Worker,tech
RISING TECHNOLOGIES UK LTD,London,Central business district,Worker (A rating),Skilled Worker,tech
Rising Tide AI Ltd,Leeds,West Yorkshire,Worker (A rating),Skilled Worker,tech
Riskent Technologies Limited,Taplow,Buckinghamshire,Worker (A rating),Skilled Worker,tech
Rival Technologies Ltd,London,,Worker (A rating),Skilled Worker,tech
Riverbed Technology Limited,London,,Worker (A rating),Global Business Mobility: Senior or Specialist Worker; Skilled Worker,tech
RIVERS TECHNOLOGY CONSULTING LTD,Wilmslow,,Worker (A rating),Skilled Worker,tech
Riversland Technologies Ltd,Aylesbury,,Worker (A rating),Skilled Worker,tech
Rivos Systems UK Limited,Cheltenham,Gloucestershire,Worker (A rating),Global Business Mobility: Senior or Specialist Worker; Skilled Worker,tech
RJ Software Solutions Ltd,Hounslow,,Worker (A rating),Skilled Worker,tech
RJK Security Systems Ltd,Enfield,,Worker (A rating),Skilled Worker,tech
RK IT Services Ltd,NEWCASTLE UPON TYNE,,Worker (A rating),Skilled Worker,tech
RMG Networks Limited,Luton,Bedfordshire,Worker (A rating),Skilled Worker,tech
RNA Analytics LTD,Reigate,,Worker (A rating),Skilled Worker,tech
Roadside Technologies Ltd,Chesterfield,Derbyshire,Worker (A rating),Skilled Worker,tech
Roaming Network Solutions Ltd,London,,Worker (A rating),Global Business Mobility: Senior or Specialist Worker; Skilled Worker,tech
Roar Digital Limited,London,Greater London,Worker (A rating),Skilled Worker,tech
Robin AI Limited,London,,Worker (A rating),Skilled Worker,tech
Robosoft Technologies UK Limited,London,,Worker (A rating),Skilled Worker,tech
Robosol Software UK Limited,Basildon,,Worker (A rating),Skilled Worker,tech
Robotiz3d Technology Ltd,Warrington,,Worker (A rating),Skilled Worker,tech
Rock-it Cargo Limited,Middlesex,Middlesex,Worker (A rating),Global Business Mobility: Senior or Specialist Worker; Skilled Worker,tech
Rocket Software UK Limited,London,,Worker (A rating),Skilled Worker,tech
Rocket Systems Limited,London,,Worker (A rating),Skilled Worker,tech
Rockfield Software Ltd,Swansea,UK,Worker (A rating),Skilled Worker,tech
Rocktech IT and Security Solutions Ltd,Hounslow,,Worker (A rating),Skilled Worker,tech
Rogo Technologies Ltd,London,,Worker (A rating),Global Business Mobility: Senior or Specialist Worker; Skilled Worker,tech
ROKKA IT CONSULTANCY LTD,"Bracknell, Berkshire,",,Worker (A rating),Skilled Worker,tech
ROLINE TECHNOLOGY (UK) LIMITED,London,,Worker (A rating),Global Business Mobility: Senior or Specialist Worker; Skilled Worker,tech
ROLLER Networks LTD,London,,Worker (A rating),Global Business Mobility: Senior or Specialist Worker; Skilled Worker,tech
Romax Technology Limited,Nottingham,,Worker (A rating),Skilled Worker; Global Business Mobility: Senior or Specialist Worker,tech
Rooster technology ltd,Winchester,Hampshire,Worker (A rating),Skilled Worker,tech
Root Digital Limited,Bromley,Kent,Worker (A rating),Skilled Worker,tech
Roots Systems Limited,Stonehouse,Gloucestershire,Worker (A rating),Skilled Worker,tech
Roots Systems Ltd,Stonehouse,Gloucestershire,Worker (A rating),Skilled Worker; Global Business Mobility: Senior or Specialist Worker,tech
Rose Lane Technology,Liverpool,Merseyside,Worker (A rating),Skilled Worker,tech
Roslin Technologies Limited,Midlothian,,Worker (A rating),Skilled Worker,tech
Ross Robotics,Reading,Berks,Worker (A rating),Skilled Worker,tech
Rosslyn Analytics Ltd,London,,Worker (A rating),Skilled Worker,tech
ROVER DIGITAL LTD,LONDON,,Worker (A rating),Skilled Worker,tech
Roy & Associates Limited t/a SETS Tech,London,,Worker (A rating),Skilled Worker,tech
RPK Technologies Ltd,London,,Worker (A rating),Skilled Worker,tech
Rplus Analytics Solutions Limited,Preston,,Worker (A rating),Skilled Worker,tech
RS Data Tech Ltd,Manchester,,Worker (A rating),Global Business Mobility: Senior or Specialist Worker; Skilled Worker,tech
RS Engineering & Technology Limited,Aberdeen,Aberdeenshire,Worker (A rating),Skilled Worker,tech
RSE Control Systems Limited,Leeds,Select state...,Worker (A rating),Skilled Worker,tech
RSR Technologies Ltd,Rugby,,Worker (A rating),Skilled Worker,tech
RSSCAN LAB. LTD,IPSWICH,SUFFOLK,Worker (A rating),Skilled Worker,tech
RTB Technologies UK Limited,Watford,,Worker (A rating),Skilled Worker; Global Business Mobility: Senior or Specialist Worker,tech
RTS Technology Solutions Ltd T/A vanti,Birmingham,West Midlands,Worker (A rating),Skilled Worker,tech
Ruby Labs Ltd,London,,Worker (A rating),Skilled Worker,tech
Rudra Tech-UK Ltd,Stevenage,Hertfordshire,Worker (A rating),Skilled Worker,tech
Ruijie Networks (UK) Limited,Reading,,Worker (A rating),Global Business Mobility: Senior or Specialist Worker; Skilled Worker,tech
Runa Network Ltd t/a Runa,London,,Worker (A rating),Skilled Worker,tech
Runibex Technology Ltd.,London,London,Worker (A rating),Global Business Mobility: Senior or Specialist Worker; Skilled Worker,tech
Russell Investments Systems Limited,London,,Worker (A rating),Skilled Worker; Global Business Mobility: Senior or Specialist Worker,tech
S & M SYSTEMS LTD,Edinburgh,,Worker (A rating),Skilled Worker,tech
S R Software Solutions Ltd (trading address),Milton Keynes,,Worker (A rating),Skilled Worker,tech
S SOFTWARE LTD,KEIGHLEY,WEST YORKSHIRE,Worker (A rating),Skilled Worker,tech
S V TECHNICAL SERVICES LTD,Hounslow,,Worker (A rating),Skilled Worker,tech
S&B RETAIL AND ONLINE SUPPLIES LTD,SUNDERLAND,,Worker (A rating),Skilled Worker,tech
S&L IT PVT LTD,Milton Keynes,,Worker (A rating),Skilled Worker,tech
S&M Techsol Limited,Harrow,,Worker (A rating),Skilled Worker,tech
S&Q Digital Media C.I.C,Bradford,,Worker (A rating),Skilled Worker,tech
S&S ICT NETWORKS LIMITED,LONDON,,Worker (A rating),Skilled Worker,tech
S-Frame Software (UK) Ltd,London,,Worker (A rating),Skilled Worker,tech
S. B. Electronics Systems Limited,Harpenden,Hertfordshire,Worker (A rating),Skilled Worker,tech
S2K IT Solutions,Wokingham,United Kingdom,Worker (A rating),Skilled Worker,tech
S3M TECHNOLOGY PVT LIMITED,Dartford,,Worker (A rating),Skilled Worker,tech
SA DIGITAL SERVICES CCTV LTD,Birmingham,,Worker (A rating),Skilled Worker,tech
Sa3 Group Ltd,London,London,Worker (A rating),Scale-up; Skilled Worker,tech
Saage Labs Limited,London,,Worker (A rating),Skilled Worker,tech
SAAMA TECHNOLOGIES UK LTD,Surrey,,Worker (A rating),Global Business Mobility: Senior or Specialist Worker; Skilled Worker,tech
SAAS&CLOUD LIMITED,SOUTHEND ON SEA,Essex,Worker (A rating),Skilled Worker,tech
Sabe Technology Limited,Bicester,England,Worker (A rating),Skilled Worker,tech
SABITHA SYSTEMS LIMITED,Manchester,,Worker (A rating),Skilled Worker,tech
Sabre Global Technologies Ltd,Richmond,,Worker (A rating),Skilled Worker; Global Business Mobility: Senior or Specialist Worker,tech
SADA Systems UK Limited,Newbury,,Worker (A rating),Skilled Worker,tech
Safe AI London Ltd,London,,Worker (A rating),Skilled Worker,tech
Safe-Tech Windows Ltd,Reading,,Worker (A rating),Skilled Worker,tech
Safeguarding Network Ltd,Totnes,,Worker (A rating),Skilled Worker,tech
Safetech Systems Ltd,Hayes,Middlesex,Worker (A rating),Skilled Worker,tech
"SAFETY, TECHNOLOGY & LEGISLATION LIMITED",Swindon,Wiltshire,Worker (A rating),Skilled Worker,tech
Safi Technologies Ltd,London,,Worker (A rating),Scale-up; Skilled Worker,tech
Safran Actuation Systems UK Limited,Wolverhampton,,Worker (A rating),Skilled Worker,tech
Safran Landing Systems UK Limited,Gloucester,Gloucestershire,Worker (A rating); Temporary Worker (A rating),Skilled Worker; Global Business Mobility: Service Supplier; Global Business Mobility: Senior or Specialist Worker,tech
Saga Robotics Limited,Lincoln,,Worker (A rating),Skilled Worker,tech
Saga Technology Limited,Romford,Essex,Worker (A rating),Skilled Worker,tech
SAHA IT SOLUTIONS LIMITED,WELLING,,Worker (A rating),Skilled Worker,tech
Sahaj Software Solutions UK Limited,London,,Worker (A rating),Global Business Mobility: Senior or Specialist Worker; Skilled Worker,tech
Sai Rasi IT Solutions Limited T/A SysGlobal,Edenbridge,Kent,Worker (A rating),Skilled Worker,tech
SAI SRIKAR TECHNOLOGIES LIMITED,Hounslow,,Worker (A rating),Skilled Worker,tech
Sai Technology Solutions Ltd,Tring,,Worker (A rating),Skilled Worker,tech
SAIC Motor UK Technical Centre Limited,London,,Worker (A rating),Global Business Mobility: Senior or Specialist Worker; Skilled Worker,tech
SailPoint Technologies UK Ltd,London,,Worker (A rating),Skilled Worker; Global Business Mobility: Senior or Specialist Worker,tech
Saiven Technology Solutions Limited,Swindon,,Worker (A rating),Skilled Worker,tech
SAKURAI GRAPHIC SYSTEMS CORPORATIONS,London,,Worker (A rating),Global Business Mobility: Senior or Specialist Worker,tech
Salience Labs Ltd,Thame,Oxfordshire,Worker (A rating),Skilled Worker,tech
SALIENT TECH SOLUTIONS LTD,Greater London,,Worker (A rating),Skilled Worker,tech
Saltire Technology Events Limited,EDINBURGH,City of Edinburgh,Worker (A rating),Skilled Worker,tech
Salto Systems Ltd,Southam,Warwickshire,Worker (A rating),Skilled Worker,tech
Salus Technical Limited,Aberdeen,,Worker (A rating),Skilled Worker,tech
Sam Computer Solutions Limited,Edinburgh,,Worker (A rating),Skilled Worker,tech
SAM LABS LTD,Chiswick,London,Worker (A rating),Skilled Worker,tech
SAM UK SOFTWARE CONSULTANCY LTD,London,,Worker (A rating),Skilled Worker,tech
Samaya AI UK Limited,London,,Worker (A rating),Skilled Worker; Global Business Mobility: Senior or Specialist Worker,tech
SambaNova Systems UK Limited,London,,Worker (A rating),Global Business Mobility: Senior or Specialist Worker; Skilled Worker,tech
SAMM Software Services Limited,Evesham,Worcestershire,Worker (A rating),Skilled Worker,tech
Sammy Labs ltd,london,,Worker (A rating),Skilled Worker,tech
SAMPLE DIGITAL LAB LTD,London,,Worker (A rating),Skilled Worker,tech
Sampraves Technology Solutions Ltd,Halifax,West Yorkshire,Worker (A rating),Skilled Worker,tech
SAMPSU IT SOLUTIONS LTD,Staines,MIDDLESEX,Worker (A rating),Skilled Worker,tech
SAMROH IT LIMITED,Slough,Berkshire,Worker (A rating),Skilled Worker,tech
Samsara Networks Limited,London,,Worker (A rating),Global Business Mobility: Senior or Specialist Worker; Skilled Worker,tech
Samsung Semiconductor Europe GMBH - UK,Weybridge,Surrey,Worker (A rating),Skilled Worker,tech
SAMTEC IT SOLUTIONS LTD,Chelmsford,,Worker (A rating),Skilled Worker,tech
Samvedya Technologies Limited,Hounslow,Middlesex,Worker (A rating),Skilled Worker,tech
SAN 24 IT CONSULTANCY LTD,Wales,,Worker (A rating),Skilled Worker,tech
San IT Consultancy Ltd,Cambridge,,Worker (A rating),Skilled Worker,tech
SANARIA TECHNOLOGIES LIMITED,Reading,,Worker (A rating),Skilled Worker,tech
Sand Tech AI (UK) Ltd,London,,Worker (A rating),Global Business Mobility: Senior or Specialist Worker; Skilled Worker,tech
SANDBROS SERVICES LIMITED T/A City Computers & Phones,BIRMINGHAM,,Worker (A rating),Skilled Worker,tech
Sandhata Technologies Limited,Reading,Berkshire,Worker (A rating),Global Business Mobility: Senior or Specialist Worker; Skilled Worker,tech
Sandhata Technologies Ltd,London,,Worker (A rating),Global Business Mobility: Senior or Specialist Worker; Skilled Worker,tech
Sandon Global Engraving Technology Ltd,Runcorn,Halton,Worker (A rating),Skilled Worker,tech
Sandstone Technology (Europe) Ltd,Leeds,,Worker (A rating),Skilled Worker; Global Business Mobility: Senior or Specialist Worker,tech
Sanijah Techs Ltd,London,,Worker (A rating),Skilled Worker,tech
Sanne Labs Limited,Halifax,,Worker (A rating),Skilled Worker,tech
Sano Genetics Limited,London,,Worker (A rating),Scale-up,tech
Sanova Technologies Limited,Slough,Berkshire,Worker (A rating),Skilled Worker,tech
Sansys Technologies Limited,Ilford,,Worker (A rating),Skilled Worker,tech
SAP TECHNO CONSULTANTS LTD,Saffron Walden,Essex,Worker (A rating),Skilled Worker,tech
Sapere Software Limited,Stockton,,Worker (A rating),Skilled Worker,tech
Sapience Tech Limited,London,,Worker (A rating),Skilled Worker,tech
Sapphire Systems Ltd,London,,Worker (A rating),Skilled Worker,tech
SARAS Technology Limited,Leeds,West Yorkshire,Worker (A rating),Skilled Worker,tech
Sartorius Stedim Chromatography Systems Ltd,Havant,Hampshire,Worker (A rating),Skilled Worker; Global Business Mobility: Senior or Specialist Worker,tech
Sartorius Stedim Lab Limited,Stonehouse,Gloucestershire,Worker (A rating),Skilled Worker; Global Business Mobility: Senior or Specialist Worker,tech
SAS Info Tech Ltd,Bedford,,Worker (A rating),Skilled Worker,tech
SAS Software Limited,Marlow,Buckinghamshire,Worker (A rating),Global Business Mobility: Senior or Specialist Worker; Skilled Worker,tech
SATURN MEDIA SYSTEMS LTD,Walsall,,Worker (A rating),Skilled Worker,tech
SATURN TECHNOLOGIES LIMITED,LONDON,,Worker (A rating),Skilled Worker,tech
Sauce Labs Software UK Limited,Reading,,Worker (A rating),Skilled Worker; Global Business Mobility: Senior or Specialist Worker,tech
SAVA Technologies Ltd,London,London,Worker (A rating),Skilled Worker,tech
Sava Technology Limited,Milton Keynes,,Worker (A rating),Skilled Worker,tech
SAVI Technology Ltd t/a Heavenly Desserts,Sheffield,,Worker (A rating),Skilled Worker,tech
SAVITAR TECHNOLOGY LTD,Reddish,,Worker (A rating),Skilled Worker,tech
SAWASAWA ONLINE LIMITED,London,,Worker (A rating),Skilled Worker,tech
Sawtooth Software UK Limited,Ashton-Under-Lyne,,Worker (A rating),Skilled Worker; Global Business Mobility: Senior or Specialist Worker,tech
Say Digital Limited,London,,Worker (A rating); Temporary Worker (A rating),Skilled Worker; Global Business Mobility: Graduate Trainee; Global Business Mobility: Senior or Specialist Worker,tech
Sayari Labs Limited,London,London,Worker (A rating),Global Business Mobility: Senior or Specialist Worker; Skilled Worker,tech
"SB Tech UK, Ltd",London,,Worker (A rating),Global Business Mobility: Senior or Specialist Worker; Skilled Worker,tech
SB TECHNO SOLUTIONS LIMITED,Bracknell,Berkshire,Worker (A rating),Skilled Worker,tech
SB TELECOM EUROPE LTD.,London,,Worker (A rating),Skilled Worker; Global Business Mobility: Senior or Specialist Worker,tech
SBC Systems (UK) Ltd,London,,Worker (A rating),Global Business Mobility: Senior or Specialist Worker,tech
SBR TECHNOLOGIES INC LIMITED,Chessington,Surrey,Worker (A rating),Skilled Worker,tech
SBS Financial Software UK Ltd,Sheffield,,Worker (A rating),Skilled Worker; Global Business Mobility: Senior or Specialist Worker,tech
SC Technology Limited,London,,Worker (A rating),Skilled Worker,tech
Scaffold Digital Ltd,Belfast,,Worker (A rating),Skilled Worker,tech
SCAK IT Services Limited,London,,Worker (A rating),Skilled Worker,tech
Scale AI Limited,London,,Worker (A rating),Global Business Mobility: Senior or Specialist Worker; Skilled Worker,tech
Scan Computers International ltd,Bolton,,Worker (A rating),Skilled Worker,tech
Schedl Automotive System Service Ltd,Kidlington,,Worker (A rating),Skilled Worker,tech
Schneider Electric Systems UK Limited,Telford,,Worker (A rating),Skilled Worker; Global Business Mobility: Senior or Specialist Worker,tech
Schrodinger Technologies Limited,London,London,Worker (A rating),Global Business Mobility: Senior or Specialist Worker; Skilled Worker,tech
Schunk Carbon Technology Limited,Pudsey,West Yorkshire,Worker (A rating),Skilled Worker,tech
Schwarzthal Tech Ltd,Stanmore,London,Worker (A rating),Skilled Worker,tech
Scientific Age Research and Testing Lab Ltd,Ilford,Essex,Worker (A rating),Skilled Worker,tech
Score Genius Technology Ltd,London,"London, City of",Worker (A rating),Skilled Worker,tech
Scotia Gas Networks Ltd t/a SGN,Horley,Surrey,Worker (A rating),Skilled Worker,tech
Scottish Network Churches,Dunfermline,Fife,Worker (A rating),Tier 2 Ministers of Religion,tech
Scraye Technologies Ltd.,London,,Worker (A rating),Skilled Worker,tech
Scribe Labs Limited,London,,Worker (A rating),Skilled Worker,tech
Scrub AI Holdings Ltd,London,,Worker (A rating),Skilled Worker,tech
SDET Digital Ltd,Morley,Leeds,Worker (A rating),Skilled Worker,tech
SDM Housing Software Ltd,Cheshire,,Worker (A rating),Skilled Worker,tech
SE Labs Ltd,London,,Worker (A rating),Skilled Worker,tech
Seaborn Software Ltd,London,,Worker (A rating),Skilled Worker,tech
Seafood and Eat It,Hounslow,,Worker (A rating),Skilled Worker,tech
Seagate Technology (Ireland),Londonderry,Northern Ireland,Worker (A rating),Skilled Worker; Global Business Mobility: Senior or Specialist Worker,tech
SEAL IT SERVICES LIMITED,Elland,West Yorkshire,Worker (A rating),Skilled Worker,tech
Searchlight Cyber Ltd,Portsmouth,England - South East,Worker (A rating),Skilled Worker,tech
Searo Labs Ltd,Cambridge,,Worker (A rating),Skilled Worker,tech
Seattle Software t/a Orbus Software,London,,Worker (A rating),Skilled Worker,tech
Secon Cyber Security Ltd,London,,Worker (A rating),Skilled Worker,tech
Second Front Systems Limited,Maidenhead,Berkshire,Worker (A rating),Global Business Mobility: UK Expansion Worker; Global Business Mobility: Senior or Specialist Worker; Skilled Worker,tech
SECURE TECHNOLOGIES LTD,ST NEOTS,CAMBRIDGESHIRE,Worker (A rating),Skilled Worker,tech
Secure Technology Solutions Limited,Gravesend,Kent,Worker (A rating),Skilled Worker,tech
SECURI NETWORK LIMITED,Bolton,,Worker (A rating),Skilled Worker,tech
Securitas Technology Limited,Milton Keynes,,Worker (A rating),Skilled Worker,tech
SECURITY SERVICES & SYSTEMS LIMITED,Barking,,Worker (A rating),Skilled Worker,tech
Security Systems Design Ltd,Huntingdon,Cambridgeshire,Worker (A rating),Skilled Worker,tech
Sedna Systems Europe Limited,London,,Worker (A rating),Skilled Worker; Global Business Mobility: Senior or Specialist Worker,tech
SeeChange Technologies Limited,Manchester,,Worker (A rating),Skilled Worker,tech
Seenit Digital Limited,London,,Worker (A rating),Skilled Worker,tech
Seetec Business Technology Centre Limited,Hockley,Essex,Worker (A rating),Skilled Worker,tech
SEETHA SOFTWARE SOLUTIONS LTD,18 Brainton Avenue,,Worker (A rating),Skilled Worker,tech
SEGULA TECHNOLOGIES  LTD,Luton,,Worker (A rating),Skilled Worker,tech
Seismic Software UK Limited,London,,Worker (A rating),Global Business Mobility: Senior or Specialist Worker; Skilled Worker,tech
SEKEL TECHNOLOGIES UK LTD,Milton Keynes,Buckinghamshire,Worker (A rating),Skilled Worker,tech
Sektor.AI (UK) Ltd,London,,Worker (A rating),Skilled Worker,tech
Sekyee Computer Ltd,London,,Worker (A rating),Skilled Worker,tech
SELECTRONICS PHONE AND COMPUTER REPAIRS LIMITED,Essex,,Worker (A rating),Skilled Worker,tech
Self Service Technology Ltd,Willerby,Yorkshire,Worker (A rating),Skilled Worker,tech
Sell & Repair It Limited,Weymouth,,Worker (A rating),Skilled Worker,tech
Sell Through Digital Ltd,West Midlands,,Worker (A rating),Skilled Worker,tech
Sener Engineering & Systems LTD,London,,Worker (A rating),Skilled Worker,tech
Senior Architectural Systems Limited,Doncaster,South Yorkshire,Worker (A rating),Skilled Worker,tech
SENOVO IT LTD,LONDON,,Worker (A rating),Global Business Mobility: Senior or Specialist Worker; Skilled Worker,tech
Sensat Digital Limited,London,,Worker (A rating),Skilled Worker,tech
Sensata Technologies Intermediate UK Limited,Swindon,Wiltshire,Worker (A rating),Skilled Worker; Global Business Mobility: Senior or Specialist Worker,tech
Senseco Systems Ltd,Gillingham,Kent,Worker (A rating),Skilled Worker,tech
SENSEON TECH LTD,London,,Worker (A rating),Skilled Worker,tech
Sensi Labs Ltd,London,,Worker (A rating),Skilled Worker,tech
Sensor Coating Systems Ltd,Dagenham East,London,Worker (A rating),Skilled Worker,tech
Sentinel Labs Limited,Cheltenham,,Worker (A rating),Skilled Worker,tech
Sentinel Technologies Ltd,Manchester,,Worker (A rating),Skilled Worker,tech
Sention Technologies Limited,London,United Kingdom,Worker (A rating),Skilled Worker,tech
Sentium Technologies Ltd,London,,Worker (A rating),Skilled Worker,tech
SEON TECHNOLOGIES UK LTD,London,,Worker (A rating),Skilled Worker,tech
Sequel Technologies Ltd,London,,Worker (A rating),Skilled Worker,tech
SEQURE TECHNOLOGIES UK LTD,Hounslow,,Worker (A rating),Skilled Worker,tech
Serac Technologies Ltd,London,,Worker (A rating),Skilled Worker,tech
Serenity Technologies Ltd.,London,,Worker (A rating),Skilled Worker,tech
Seres Information Technologie Ltd,Epping,,Worker (A rating),Skilled Worker,tech
SERG Technologies Ltd,London,,Worker (A rating),Skilled Worker,tech
Serv IT Limited,Laindon,Essex,Worker (A rating),Skilled Worker,tech
SERVE ONLINE LTD,Wantage,,Worker (A rating),Skilled Worker,tech
SERVICOM (HIGH TECH) LIMITED,Worcestershire,Worcestershire,Worker (A rating),Skilled Worker,tech
servotest testing system ltd,Egham,Surry,Worker (A rating),Skilled Worker,tech
Servy Technologies UK Limited,London,,Worker (A rating),Skilled Worker; Global Business Mobility: Senior or Specialist Worker,tech
Servzon Technologies Limited,Stockport,,Worker (A rating),Skilled Worker,tech
Sesame Access Systems Ltd,West Byfleet,Surrey,Worker (A rating),Skilled Worker,tech
Setfords Technology Solutions Ltd,Guildford,Surrey,Worker (A rating),Skilled Worker,tech
Seva Tech Limited,London,,Worker (A rating),Skilled Worker,tech
SEVEN DIGITAL MARKETING LIMITED,London,,Worker (A rating),Skilled Worker,tech
SFS Group Fastening Technology Ltd,LEEDS,,Worker (A rating),Skilled Worker,tech
SG Analytics Limited,London,,Worker (A rating),Skilled Worker,tech
SG Networks Limited,Doncaster,,Worker (A rating),Skilled Worker,tech
SG TECHNOLOGIES LIMITED,Rainham,Essex,Worker (A rating),Skilled Worker,tech
SGW LAB Ltd,London,,Worker (A rating),Skilled Worker,tech
Shaal Tech Limited,Barking,,Worker (A rating),Skilled Worker,tech
Shahid Tech Count Co Ltd,Luton,Bedfordshire,Worker (A rating),Skilled Worker,tech
SHAIKHJI TELECOM LTD,BIRMINGHAM,,Worker (A rating),Skilled Worker,tech
Shalom Digital Ltd,Bristol,,Worker (A rating),Skilled Worker,tech
Shanay Digital Limited,Stanmore,Middlesex,Worker (A rating),Skilled Worker,tech
Shankar Tech Ltd,Aberdeen,,Worker (A rating),Skilled Worker,tech
SHAPE TECHNOLOGIES GROUP UK LTD,Hinckley,Leicestershire,Worker (A rating),Skilled Worker,tech
Shapers' Technical Solutions UK Ltd,DROITWICH,Worcestershire,Worker (A rating),Global Business Mobility: Senior or Specialist Worker; Skilled Worker,tech
Sharad Tech Ltd,Surrey,,Worker (A rating),Skilled Worker,tech
Sharegain Ltd,London,,Worker (A rating),Scale-up,tech
Sharktower AI Ltd,Edinburgh,,Worker (A rating),Skilled Worker,tech
Sharp Business Systems UK PLC,Leeds,,Worker (A rating),Skilled Worker,tech
Sharp IT Services (UK) Limited,High Wycombe,Buckinghamshire,Worker (A rating),Skilled Worker,tech
Sharp-Ax Computer Systems Limited,Berkhamsted,Herfordshire,Worker (A rating),Skilled Worker,tech
SHARVA TECHNOLOGY AND MANAGEMENT LIMITED,Slough,,Worker (A rating),Skilled Worker,tech
Shauri Technologies Limited,London,,Worker (A rating),Skilled Worker,tech
SHAYAN TECH LTD,Liverpool,,Worker (A rating),Skilled Worker,tech
SHEco Automotive Systems Ltd,Tipton,West Midlands,Worker (A rating),Skilled Worker,tech
Shelter Tech UK Ltd,Uxbridge,,Worker (A rating),Skilled Worker,tech
Shenny Technologies Limited,Welwyn Garden City,,Worker (A rating),Skilled Worker,tech
Sherwood Systems Limited,Belfast,Down,Worker (A rating),Skilled Worker,tech
Shield AI UK LTD,London,,Worker (A rating),Global Business Mobility: Senior or Specialist Worker; Skilled Worker,tech
Shield Systems Ltd,Hayes,,Worker (A rating),Skilled Worker,tech
SHIELD TECH ENTERPRISES LIMITED,London,,Worker (A rating),Skilled Worker,tech
Shift Technology UK Limited,London,,Worker (A rating),Skilled Worker; Global Business Mobility: Senior or Specialist Worker,tech
SHINE TECHNOLOGY WLL UK LTD,LONDON,,Worker (A rating),Global Business Mobility: UK Expansion Worker,tech
Shirley Technologies Limited,Trafford Park,Manchester,Worker (A rating),Skilled Worker,tech
Shloka IT Consulting LTD,Leeds,,Worker (A rating),Skilled Worker,tech
Shooting star Technologies Ltd,Crawley,West Sussex,Worker (A rating),Skilled Worker,tech
Shopline Technology (UK) Limited,London,,Worker (A rating),Skilled Worker,tech
Shout Digital Ltd,Newcastle upon Tyne,Tyne and Wear,Worker (A rating),Skilled Worker,tech
SHOW PLUS TECHNICAL SERVICES UK LIMITED,London,,Worker (A rating),Skilled Worker,tech
SHREE SOFTWARE SOLUTIONS PVT LTD,Coulsdon,,Worker (A rating),Skilled Worker,tech
Shristi IT Ltd,Welwyn Garden City,,Worker (A rating),Skilled Worker,tech
SHS IT LTD,London,,Worker (A rating),Skilled Worker,tech
Shuraim Telecom Ltd,Bradford,,Worker (A rating),Skilled Worker,tech
Sibon Techologies Ltd,Tunbridge Wells,Kent,Worker (A rating),Skilled Worker,tech
Sidecar AI Ltd.,London,,Worker (A rating),Skilled Worker,tech
Sidelight AI Limited,ST. ALBANS,Hertfordshire,Worker (A rating),Skilled Worker,tech
Siecon Technologies Limited,Derby,Derbyshire,Worker (A rating),Skilled Worker,tech
Siemens Industry Software Limited,Farnborough,Hampshire,Worker (A rating),Skilled Worker; Global Business Mobility: Senior or Specialist Worker,tech
Sierra Nevada Corporation Mission Systems UK Ltd,St Athan,,Worker (A rating),Global Business Mobility: Senior or Specialist Worker; Skilled Worker,tech
Sierra Technologies Ltd,London,,Worker (A rating),Skilled Worker; Global Business Mobility: Senior or Specialist Worker,tech
Sify Technologies Limited,London,,Worker (A rating),Global Business Mobility: Senior or Specialist Worker; Skilled Worker,tech
Sight System Limited,Brough,,Worker (A rating),Skilled Worker,tech
Sigma Computing UK Limited,London,,Worker (A rating),Skilled Worker,tech
SIGMA INDUSTRIAL SYSTEMS LTD,LONDON,,Worker (A rating),Skilled Worker,tech
SIGMA LABS XYZ LTD,London,,Worker (A rating),Skilled Worker,tech
SIGMA RECTRIX SYSTEMS (UK) LIMITED,saflord,,Worker (A rating),Skilled Worker,tech
SIGMA SOFTWARE HOLDING LTD,London,,Worker (A rating),Skilled Worker,tech
SIGMA.AI DATA LTD,London,,Worker (A rating),Skilled Worker,tech
Sign In App Ltd,Northampton,Northamptonshire,Worker (A rating),Skilled Worker,tech
Signet Labs Limited,London,,Worker (A rating),Skilled Worker,tech
SIGNS TECH LTD,Wolverhampton,,Worker (A rating),Skilled Worker,tech
Siguru AI,London,,Worker (A rating),Skilled Worker,tech
SII TECHNOLOGIES LTD,Birmingham,West Midlands,Worker (A rating),Skilled Worker,tech
Silchester Control systems,Four Marks,Hampshire,Worker (A rating),Skilled Worker,tech
Silhouette Research & Technology Limited,Plymouth,,Worker (A rating),Global Business Mobility: Senior or Specialist Worker,tech
Silicon Frontline Technology (UK) Limited,Reading,Berkshire,Worker (A rating),Skilled Worker,tech
SILICON TECHNIX LIMITED,London,,Worker (A rating),Skilled Worker,tech
Silver Bullet Data Services Ltd,London,,Worker (A rating),Skilled Worker,tech
SILVER CLOUD HR,Essex,essex,Worker (A rating),Skilled Worker,tech
Silver Touch Technologies (UK) Limited,Chelmsford,Essex,Worker (A rating),Global Business Mobility: Senior or Specialist Worker; Skilled Worker,tech
SILVERBACK SMART TECHNOLOGY LIMITED,London,,Worker (A rating),Global Business Mobility: Senior or Specialist Worker; Skilled Worker,tech
Silverfin Software Ltd,London,,Worker (A rating),Skilled Worker,tech
SILVERLIGHT IT CONSULTANCY LTD,LONDON,GREATER LONDON,Worker (A rating),Skilled Worker,tech
Silverlink Technologies Ltd,London,,Worker (A rating),Global Business Mobility: Senior or Specialist Worker; Skilled Worker,tech
Silverstream Technologies (UK) Limited,London,,Worker (A rating),Skilled Worker; Global Business Mobility: Senior or Specialist Worker,tech
Silverstripe Credit and Technologies Limited,London,,Worker (A rating),Skilled Worker,tech
Silvertip Digital,London,,Worker (A rating),Skilled Worker,tech
Simfoni Analytics Ltd,London,,Worker (A rating),Skilled Worker,tech
Simkiss Control Systems Ltd,Manchester,,Worker (A rating),Skilled Worker,tech
Simona Peak Pipe Systems Ltd,Chesterfield,Derbyshire,Temporary Worker (A rating),Global Business Mobility: Graduate Trainee,tech
Simple.Life Apps UK Ltd,Walthamstow,London,Worker (A rating),Global Business Mobility: Senior or Specialist Worker; Skilled Worker,tech
Simpled Tech Limited T/A Simpled,London,,Worker (A rating),Skilled Worker,tech
Simplicity Cloud Ltd.,London,,Worker (A rating),Skilled Worker,tech
SIMPLYBEDS ONLINE LTD,London,,Worker (A rating),Skilled Worker,tech
Simprints Technology Ltd.,Cambridge,Cambridgeshire,Worker (A rating),Skilled Worker,tech
SIMPRO SOFTWARE LIMITED,Reading,,Worker (A rating),Skilled Worker,tech
Simpson Technology Ltd,Heald Green,,Worker (A rating),Skilled Worker,tech
SIMSOFT TECHNOLOGY LIMITED,Ilford,Essex,Worker (A rating),Skilled Worker,tech
SINE Digital Limited,London,,Worker (A rating),Skilled Worker,tech
SINEVIS TECHNOLOGIES UK LTD,Ruislip,,Worker (A rating),Global Business Mobility: Senior or Specialist Worker; Skilled Worker,tech
Singletrack Systems Limited,London,,Worker (A rating),Skilled Worker,tech
Singular Systems UK Limited t/a Singular Systems,London,,Worker (A rating),Skilled Worker; Global Business Mobility: Senior or Specialist Worker,tech
SIRAJ TECHUP LTD,Stockton-On-Tees,,Worker (A rating),Skilled Worker,tech
SIRE Technology Ltd,Crowthorne,Berkshire,Worker (A rating),Skilled Worker,tech
Siri Tech Services Ltd,Luton,Bedfordshire,Worker (A rating),Skilled Worker,tech
SIRI TECHNOLOGY SOLUTIONS LIMITED,BRENTWOOD,ESSEX,Worker (A rating),Skilled Worker,tech
Sirkka Networks Ltd,London,,Worker (A rating),Skilled Worker,tech
Sirron Technologies Limited,Glastonbury,Somerset,Worker (A rating),Skilled Worker,tech
SISO TECHNOLOGIES (UK) LIMITED,london,,Worker (A rating),Skilled Worker,tech
Sisteme Technologies Limited,Sheffield,South Yourkshire,Worker (A rating),Skilled Worker,tech
SITA Information Networking Computing UK Ltd,Hayes,Middlesex,Worker (A rating),Skilled Worker; Global Business Mobility: Senior or Specialist Worker,tech
Sitekit Systems Limited,Edinburgh,,Worker (A rating),Skilled Worker,tech
Six & Flow Ltd,Manchester,,Worker (A rating),Scale-up,tech
Six Degrees Labs,Farnham,,Worker (A rating),Skilled Worker,tech
Sixfold Bioscience Limited,West London,,Worker (A rating),Skilled Worker; Scale-up,tech
SIYA TECH VENTURES LTD,Harrow,Middlesex,Worker (A rating),Skilled Worker,tech
SJISTIC LTD T/A issuebot.ai,Mildenhall,,Worker (A rating),Skilled Worker,tech
SK IT SOLUTIONS LTD,London,,Worker (A rating),Skilled Worker,tech
SKAAR Tech Ltd,Coventry,,Worker (A rating),Skilled Worker,tech
SKH ENTERPRISE LTD t/a Phone Tech,Totnes,England,Worker (A rating),Skilled Worker,tech
Skilled Workers Cloud LTD,London,,Worker (A rating),Skilled Worker,tech
Skills Office Network,Gateshead,,Worker (A rating),Skilled Worker,tech
Skillwork Software and Consulting Ltd,Thame,,Worker (A rating),Skilled Worker,tech
Skin Analytics,London,,Worker (A rating),Skilled Worker,tech
SKL ROBOTICS LTD,London,,Worker (A rating),Skilled Worker,tech
SKM Tech PVT Ltd.,"Sandhurst,",,Worker (A rating),Skilled Worker,tech
SKO SYSTEMS LTD,London,,Worker (A rating),Skilled Worker,tech
SKY TECH STUDIO LIMITED,Cheltenham,,Worker (A rating),Skilled Worker,tech
Sky Technologies Ltd,London,,Worker (A rating),Skilled Worker,tech
Sky Technology Solutions Limited,London,,Worker (A rating),Skilled Worker,tech
Sky-Drones Technologies Ltd,London,,Worker (A rating),Skilled Worker,tech
Skyfly Technologies Ltd,London,,Worker (A rating),Skilled Worker,tech
Skylink Technololgies limited,chatham,,Worker (A rating),Skilled Worker,tech
Skynet IT Consultancy Limited,Slough,,Worker (A rating),Skilled Worker,tech
SKYPURPLE CLOUD LIMITED,PORTSMOUTH,HANTS,Worker (A rating),Skilled Worker,tech
Sleek Technology Limited,London,,Worker (A rating),Skilled Worker,tech
Slingshot AI Limited,London,,Worker (A rating),Skilled Worker,tech
SLiNK-TECH LTD,Bristol,Bristol,Worker (A rating),Skilled Worker,tech
Slip Technology Limited,London,,Worker (A rating),Skilled Worker,tech
Slitherine Software UK Ltd,Lower Kingswood,Surrey,Worker (A rating),Skilled Worker,tech
Sloan Water Technology Limited,Southampton,,Worker (A rating),Skilled Worker,tech
SLR ASSOCIATES LIMITED T/A SLR IT SOLUTIONS,Coventry,Warwickshire,Worker (A rating),Skilled Worker,tech
SMAART TECH UK LTD,Surrey,,Worker (A rating),Skilled Worker,tech
SmallSpark Space Systems Ltd,"Cardiff,",,Worker (A rating),Skilled Worker,tech
Smarsh Software UK Ltd,London,,Worker (A rating),Global Business Mobility: Senior or Specialist Worker; Skilled Worker,tech
Smart Financial Systems LTD,London,,Worker (A rating),Skilled Worker,tech
Smart Information Technologies Ltd,Kirkham,Lancashire,Worker (A rating),Skilled Worker,tech
SMART IT PROJECT SOLUTIONS LTD,London,,Worker (A rating),Skilled Worker,tech
Smart IT Providers Limited,Wokingham,,Worker (A rating),Skilled Worker,tech
Smart IT Services Ltd,Leicester,,Worker (A rating),Skilled Worker,tech
Smart Manufacturing Technology Ltd,Nottingham,Nottinghamshire,Worker (A rating),Skilled Worker,tech
Smart Media Tech,Bradford,,Worker (A rating),Skilled Worker,tech
Smart Metering Systems Limited,Glasgow,,Worker (A rating),Skilled Worker,tech
Smart Metering Systems Plc,Glasgow,,Worker (A rating),Skilled Worker,tech
SMART SOLUTION IT LIMITED,London,,Worker (A rating),Skilled Worker,tech
SMART TECH MOBILE TRADING LTD,London,,Worker (A rating),Skilled Worker,tech
SMART TECH SERVICES LIMITED,London,,Worker (A rating),Skilled Worker,tech
SMART TECH SOL LIMITED,Leeds,,Worker (A rating),Skilled Worker,tech
SMART TECH UNIVERSE LTD,London,,Worker (A rating),Skilled Worker,tech
Smart Telecom Services STS LTD,Harrow,,Worker (A rating),Skilled Worker,tech
SMART TRADE TECHNOLOGIES UK LIMITED,London,,Worker (A rating),Global Business Mobility: Senior or Specialist Worker; Skilled Worker,tech
Smart Vision IT Solution Limited,Reading,Berkshire,Worker (A rating),Skilled Worker,tech
SMART WEB AGENCY LIMITED,Ashford,Kent,Worker (A rating),Skilled Worker,tech
Smartbox Assistive Technology Limited,Malvern,,Worker (A rating),Skilled Worker,tech
SMARTCHOICE IT SOLUTION LTD,LONDON,HACKNEY,Worker (A rating),Skilled Worker,tech
Smarthome Technology Limited,London,,Worker (A rating),Skilled Worker,tech
SmartMist System Limited,Bedford,,Worker (A rating),Skilled Worker,tech
Smartr.ai Ltd,Kilmarnock,,Worker (A rating),Skilled Worker,tech
SMARTSHIFT TECHNOLOGY UK LTD,London,,Worker (A rating),Skilled Worker,tech
SmartStream Technologies Ltd,Bristol,,Worker (A rating),Skilled Worker; Global Business Mobility: Senior or Specialist Worker,tech
SMASH IT SERVICES LTD,Hayes,,Worker (A rating),Skilled Worker,tech
Smash'd It Deeside Ltd,Flintshire,,Worker (A rating),Skilled Worker,tech
SME Digital Solutions Ltd,Preston,,Worker (A rating),Skilled Worker,tech
Smile Design Lab ltd.,Ellesmere Port,Cheshire,Worker (A rating),Skilled Worker,tech
Smile IT Solutions Limited,Borehamwood,,Worker (A rating),Skilled Worker,tech
SMITI IT SOLUTIONS LTD,MANCHESTER,,Worker (A rating),Skilled Worker,tech
SMRC TECHNOLOGIES LIMITED,LEEDS,West Yorkshire,Worker (A rating),Skilled Worker,tech
SMS Group Technical Services UK Limited,Chesterfield,Derbyshire,Worker (A rating),Global Business Mobility: Senior or Specialist Worker; Skilled Worker,tech
SN IT & SOFT LTD,Southend-On-Sea,,Worker (A rating),Skilled Worker,tech
SnagR Software Limited,Stafford,,Worker (A rating),Skilled Worker,tech
Snap Analytics Ltd,Bristol,,Worker (A rating),Skilled Worker,tech
Snappy App UK Limited,London,,Worker (A rating),Global Business Mobility: Senior or Specialist Worker; Skilled Worker,tech
Sneak Peek Technologies Limited,Mitcham,,Worker (A rating),Skilled Worker,tech
SNEBTAF TECH SOLUTION LIMITED,London,,Worker (A rating); Temporary Worker (A rating),Skilled Worker; Creative Worker,tech
Snovasys Software Solutions Limited,Middlesex,,Worker (A rating),Global Business Mobility: Senior or Specialist Worker; Skilled Worker,tech
SNOW TECHNOLOGY LTD,Belfast,,Worker (A rating),Skilled Worker,tech
Snowflake Computing U.K. Limited,London,,Worker (A rating),Global Business Mobility: Senior or Specialist Worker; Skilled Worker,tech
Snowplow Analytics Limited,London,,Worker (A rating),Skilled Worker,tech
SNS IT Limited,London,,Worker (A rating),Skilled Worker,tech
So Technology Ltd,London,,Worker (A rating),Skilled Worker,tech
Soapbox Digital Media Ltd,Glasgow,,Worker (A rating),Skilled Worker,tech
Social Promotions Limited (T/A Popsa),London,,Worker (A rating),Scale-up; Skilled Worker,tech
Social Telecoms CIC,Shrewsbury,,Worker (A rating),Skilled Worker,tech
Sociovestix Labs Ltd,Edinburgh,,Worker (A rating),Skilled Worker,tech
Socius Technologies Group Limited,Guildford,Surrey,Worker (A rating),Skilled Worker,tech
Soderberg & Partners Technology And Services Ltd,Bristol,,Worker (A rating),Skilled Worker; Global Business Mobility: Senior or Specialist Worker,tech
Sofant Technologies Ltd,Edinburgh,,Worker (A rating),Skilled Worker,tech
SOFINISH TECHNOLOGIES LIMITED,HOUNSLOW,MIDDLESEX,Worker (A rating),Skilled Worker,tech
Softbank Robotics UK Limited,London,,Worker (A rating),Skilled Worker,tech
Softserve Systems Limited,London,,Worker (A rating),Skilled Worker; Global Business Mobility: Senior or Specialist Worker,tech
Software AG (UK) Limited,Derby,Derbyshire,Worker (A rating),Global Business Mobility: Senior or Specialist Worker; Skilled Worker,tech
Software Alliance Services Limited,Woking,,Worker (A rating),Skilled Worker,tech
SOFTWARE SHOP LTD.,London,,Worker (A rating),Skilled Worker,tech
Software solution systems limited,London,,Worker (A rating),Skilled Worker,tech
Software Tec Lab,Glasgow,Choose County,Worker (A rating),Skilled Worker,tech
Software Testing Services Ltd,Hertfordshire,,Worker (A rating),Skilled Worker,tech
Software Works For You Ltd,Sevenoaks,,Worker (A rating),Skilled Worker,tech
SOFTWAVE TECH SOLUTIONS LTD,Bristol,,Worker (A rating),Skilled Worker,tech
Softwire Technology Limited,London,,Worker (A rating),Skilled Worker,tech
Sofyne Active Technology Ltd,London,,Worker (A rating),Global Business Mobility: Senior or Specialist Worker; Skilled Worker,tech
SOITS TECH LTD,Dunfermline,,Worker (A rating),Skilled Worker,tech
Solace Global Cyber Limited,Poole,Dorset,Worker (A rating),Skilled Worker,tech
SolarEdge Technologies (UK) Ltd,Eaton Socon,Cambridgeshire,Worker (A rating),Skilled Worker,tech
SOLARIS SYSTEMS SOLUTIONS LTD,London,,Worker (A rating),Skilled Worker,tech
Solarise Technology Ltd,Ilford,,Worker (A rating),Skilled Worker,tech
Solarport Systems Limited,Bridport,Dorset,Worker (A rating),Skilled Worker,tech
Solarvista Software Ltd,Sheffield,South Yorkshire,Worker (A rating),Skilled Worker,tech
SOLARWINDS SOFTWARE UK LIMITED,London,,Worker (A rating),Global Business Mobility: Senior or Specialist Worker; Skilled Worker,tech
Soldo Software Ltd,London,,Worker (A rating),Global Business Mobility: Senior or Specialist Worker; Skilled Worker,tech
Solera Global Technology Ltd,Leeds,,Worker (A rating),Skilled Worker,tech
Solid systems global Ltd,Derby,,Worker (A rating),Skilled Worker,tech
Solid Telecommunications Ltd,London,,Worker (A rating),Skilled Worker; Global Business Mobility: Senior or Specialist Worker,tech
SOLO SHOT IT LTD,SALFORD,,Worker (A rating),Skilled Worker,tech
SOLUX TECH LTD,London,,Worker (A rating),Skilled Worker,tech
Solve System Solutions Limited,Colchester,,Worker (A rating),Skilled Worker,tech
SOLVIFY TECHNOLOGIES UK LTD,Manchester,,Worker (A rating),Skilled Worker,tech
SOLVIUM TECH LTD,Coventry,West Midlands,Worker (A rating),Skilled Worker,tech
Solvo.ai Ltd.,London,,Worker (A rating),Skilled Worker,tech
Sonat Digital Marketing Ltd.,London,,Worker (A rating),Skilled Worker,tech
Sonata Software Limited,Brentford,Middlesex,Worker (A rating),Skilled Worker; Global Business Mobility: Senior or Specialist Worker,tech
SONET TECH LIMITED,Coatbridge,,Worker (A rating),Skilled Worker,tech
Sophia Technologies Ltd,London,,Worker (A rating),Skilled Worker,tech
Sorint Lab UK,London,,Worker (A rating),Skilled Worker,tech
South West Telecommunications Ltd,Truro,Cornwall,Worker (A rating),Skilled Worker,tech
SOUVLIKE IT LTD,London,,Worker (A rating),Skilled Worker,tech
Sovereign AI Operations Limited,London,,Worker (A rating),Skilled Worker,tech
SP IT Services Limited,London,,Worker (A rating),Skilled Worker,tech
Space Systems Ltd,Manchester,,Worker (A rating),Skilled Worker,tech
Spaced Digital Ltd,London,,Worker (A rating),Skilled Worker,tech
SPAFAX AIRLINE NETWORK LIMITED,London,,Worker (A rating),Global Business Mobility: Senior or Specialist Worker; Skilled Worker,tech
SPAICE TECHNOLOGY LTD,London,,Worker (A rating),Skilled Worker,tech
Spark Data Systems Ltd,BRISTOL,BRISTOL,Worker (A rating),Skilled Worker,tech
Spark Digital Trading (UK) LLP,London,,Worker (A rating),Global Business Mobility: UK Expansion Worker; Skilled Worker,tech
Spark Emerging Technologies Limited,Waterlooville,Hampshire,Worker (A rating),Skilled Worker,tech
SPARKTECH IT SOLUTIONS LTD,Birmingham,,Worker (A rating),Skilled Worker,tech
Sparta Telecom Limited,Luton,,Worker (A rating),Skilled Worker,tech
Specialist Network Operations Ltd,Oswestry,Shropshire,Worker (A rating),Skilled Worker,tech
SPECS TECH UK LTD,Purley,,Worker (A rating),Skilled Worker,tech
"Spectro Cloud, UK Limited",London,,Worker (A rating),Skilled Worker,tech
Spectrum Data Networks Ltd,London,,Worker (A rating),Skilled Worker; Global Business Mobility: UK Expansion Worker,tech
Spectrum IT Hub Limited,Swindon,United Kingdom,Worker (A rating),Skilled Worker,tech
Spectrum IT Limited,Leicester,,Worker (A rating),Skilled Worker,tech
Spectrum Networks Solutions Limited,Milton Keynes,,Worker (A rating),Skilled Worker,tech
SPECTRUM TECHNOLOGY SERVICES LTD,Swindon,,Worker (A rating),Skilled Worker,tech
Speed-Tech (UK) Limited,Stanwell,,Worker (A rating),Skilled Worker,tech
Speeder Systems LTD,Southampton,Hampshire,Worker (A rating),Skilled Worker,tech
Speedster-IT Ltd,London,,Worker (A rating),Skilled Worker,tech
Spendor Audio Systems Limited,Rotherham,,Worker (A rating),Skilled Worker,tech
Spica Technologies Ltd,Birmingham,,Worker (A rating),Skilled Worker,tech
SPICE LABS LTD,London,,Worker (A rating),Skilled Worker,tech
Spika Tech Ltd,London,England,Worker (A rating),Skilled Worker,tech
Spilsbury Holdings Limited T/A Aztec Labs,London,,Worker (A rating),Skilled Worker,tech
Spinal Technologies Limited,London,,Worker (A rating),Skilled Worker,tech
Spine Technologies (Retail) Limited,London,,Worker (A rating),Skilled Worker,tech
SPINNR TECH LIMITED,Weybridge,Surrey,Worker (A rating),Skilled Worker,tech
Spirit It Services Ltd,Ilford,,Worker (A rating),Skilled Worker,tech
Spitfire Creative Technologies,MARGATE,Kent,Worker (A rating),Skilled Worker,tech
Spitfire Network Services Limited,London,,Worker (A rating),Skilled Worker,tech
SPLYT TECHNOLOGIES LTD,London,,Worker (A rating),Skilled Worker,tech
Spooner Vicars Bakery Systems,Golborne,,Worker (A rating),Skilled Worker,tech
SPOORTHI TECHNO SOLUTIONS LTD,Nottingham,Nottinghamshire,Worker (A rating),Skilled Worker,tech
Sporting Data Limited,Brighton,,Worker (A rating),Skilled Worker,tech
Sportlight Technology Ltd,London,,Worker (A rating),Skilled Worker,tech
Spot on computers Limited,Rochdale,,Worker (A rating),Skilled Worker,tech
Spotless AI Limited,Wolverhampton,,Worker (A rating),Skilled Worker,tech
Spraybooth Technology Ltd,Sudbury,Suffolk,Worker (A rating),Skilled Worker,tech
Sprift Technologies Ltd,London,,Worker (A rating),Skilled Worker,tech
Sprint Power Technology Ltd,Birmingham,,Worker (A rating),Skilled Worker,tech
Spriya Technologies Ltd,Aylesbury,,Worker (A rating),Skilled Worker,tech
Sprout.ai Limited,London,England,Worker (A rating),Skilled Worker,tech
SPRY IT Solutions Ltd,Colchester,Essex,Worker (A rating),Skilled Worker,tech
Spryker Systems Ltd,Ferndown,,Worker (A rating),Global Business Mobility: Senior or Specialist Worker; Skilled Worker,tech
SPS NETWORK LTD  T/A PREMIER EXPRESS  LLYSFAEN STORES,COLWYN BAY,,Worker (A rating),Skilled Worker,tech
Squad Labs Limited,London,,Worker (A rating),Skilled Worker,tech
Square Marble Technology Limited,Manchester,,Worker (A rating),Skilled Worker,tech
SQUBE TECHNOLOGIES LTD,Uxbridge,Middlesex,Worker (A rating),Skilled Worker,tech
SQUID LABS LTD,London,,Worker (A rating),Skilled Worker,tech
Squire Technologies Ltd,Dorchester,Dorset,Worker (A rating),Global Business Mobility: Senior or Specialist Worker; Skilled Worker,tech
SR Global Systems Ltd,Barking,Greater London,Worker (A rating),Skilled Worker,tech
SR SOFTWARE DEV LIMITED,Wolverhampton,,Worker (A rating),Skilled Worker,tech
SR Technics UK Ltd,Gatwick Airport,West Sussex,Worker (A rating),Skilled Worker,tech
SRAM & MRAM TECHNOLOGIES LIMITED,London,,Worker (A rating),Skilled Worker,tech
Sree Matha Technologies Ltd,London,,Worker (A rating),Skilled Worker,tech
Sreeranga IT Consultancy Ltd,Bristol,,Worker (A rating),Skilled Worker,tech
Sri IT Services Ltd,Glasgow,,Worker (A rating),Skilled Worker,tech
Sri Sai Techonologies Limited,Milton Keynes,,Worker (A rating),Skilled Worker,tech
Sri Saradhi IT Solutions Ltd,Slough,,Worker (A rating),Skilled Worker,tech
Srianu Technologies Ltd,Hatfield,,Worker (A rating),Skilled Worker,tech
SRIHARSHITA TECHNOLOGIES LTD,Ilford,Redbridge,Worker (A rating),Skilled Worker,tech
SRIL TECHNOLOGIES LIMITED,MANCHESTER,,Worker (A rating),Skilled Worker,tech
SRISHTI IT SOLUTIONS LIMITED,"Newcastle Upon Tyne, England",,Worker (A rating),Skilled Worker,tech
SRM IT Solutions Ltd,"Ilford,",,Worker (A rating),Skilled Worker,tech
SRM Tech Solutions Limited,Watford,,Worker (A rating),Global Business Mobility: Senior or Specialist Worker; Skilled Worker,tech
SRT Marine System Solutions Limited,Midsomer Norton,Bath,Worker (A rating),Skilled Worker,tech
SS Cloud Consulting Limited,Sheffield,,Worker (A rating),Skilled Worker,tech
SS DIGITAL SOLUTIONS LTD,Ilford,Essex,Worker (A rating),Skilled Worker,tech
SS WEB TECHNOLOGIES LIMITED,LEEDS,WEST YORKSHIRE,Worker (A rating),Skilled Worker,tech
SSA Systems Limited,Sidcup,,Worker (A rating),Skilled Worker,tech
SSB Labs Limited,Milton Keynes,,Worker (A rating),Skilled Worker,tech
SSE - Sofiter System Engineering UK Limited,Preston,,Worker (A rating),Skilled Worker,tech
SSOVEREIGN SOFTWARE SERVICES LIMITED,"Brentwood,",London,Worker (A rating),Skilled Worker,tech
SSR TECHNOLOGIES (UK) LTD,Ashford,Kent,Worker (A rating),Skilled Worker,tech
SSRK Software Limited,Worthing,,Worker (A rating),Skilled Worker,tech
SSRM TECHNOLOGIES LTD,Reading,,Worker (A rating),Skilled Worker,tech
SSRR Technology Ltd,Frimley,,Worker (A rating),Skilled Worker,tech
ST ROBOTICS LTD,Cambridge,Cambridgeshire CB4 0PP,Worker (A rating),Skilled Worker,tech
Stability AI Ltd,London,,Worker (A rating),Skilled Worker; Global Business Mobility: Senior or Specialist Worker,tech
Stackflow Technologies UK Ltd,London,,Worker (A rating),Skilled Worker,tech
StackOne Technologies Ltd,Newbury,Berkshire,Worker (A rating),Skilled Worker,tech
Stacks AI Limited,London,,Worker (A rating),Global Business Mobility: Senior or Specialist Worker; Skilled Worker,tech
Stackseer Technologies Ltd.,Barnet,Hertfordshire,Worker (A rating),Skilled Worker,tech
STACKSTUDIO DIGITAL LTD,London,,Worker (A rating),Skilled Worker,tech
Stakeholder Democracy Network,London,,Worker (A rating),Skilled Worker,tech
Stallions Technologies Ltd,WOLVERHAMPTON,,Worker (A rating),Skilled Worker,tech
Stamford Hill Computers Ltd,London,,Worker (A rating),Skilled Worker,tech
Standard Signs & Traffic Systems,Newport,Gwent,Worker (A rating),Skilled Worker,tech
STANELCO RF TECHNOLOGIES LIMITED,Southampton,,Worker (A rating),Skilled Worker,tech
Stanhope AI Ltd,London,,Worker (A rating),Skilled Worker,tech
Starboard Systems Limited,Norwich,Norfolk,Worker (A rating),Skilled Worker,tech
Starburst Data UK Limited,Bicester,,Worker (A rating),Skilled Worker; Global Business Mobility: Senior or Specialist Worker,tech
Starfish Technologies Limited,Reading,Berkshire,Worker (A rating),Skilled Worker,tech
Starfish Virtual Labs Limited,London,,Worker (A rating),Skilled Worker,tech
Stark Software International Ltd.,Horley,Surrey,Worker (A rating),Skilled Worker,tech
Starline Holdings Technology Ltd,Reading,,Worker (A rating),Skilled Worker,tech
START Network,London,,Worker (A rating),Skilled Worker,tech
Startup Voyager Digital UK Limited,London,,Worker (A rating),Skilled Worker,tech
Statement Technologies Limited T/A Tuza,London,,Worker (A rating),Skilled Worker,tech
Status Network Solutions Ltd,Hillington,Renfrewshire,Worker (A rating),Skilled Worker,tech
STech Technology UK Limited,London,,Worker (A rating),Skilled Worker,tech
Steel Software Solutions Limited,Oldham,,Worker (A rating),Skilled Worker,tech
Stellar Entertainment Software Ltd,Guildford,Surrey,Worker (A rating),Skilled Worker,tech
Stellar Global Technologies Limited,Leicester,,Worker (A rating),Skilled Worker,tech
Stemcell Technologies UK Limited,Cambridge,Cambridgeshire,Worker (A rating),Skilled Worker; Global Business Mobility: Senior or Specialist Worker,tech
STERLING AI SOLUTIONS LTD,London,,Worker (A rating),Skilled Worker,tech
Sterling Thermal Technology Limited,Aylesbury,Buckinghamshire,Worker (A rating),Skilled Worker,tech
STERLITE TECHNOLOGIES LIMITED,London,,Worker (A rating),Skilled Worker; Global Business Mobility: Senior or Specialist Worker,tech
Sterlite Technologies UK Ventures Ltd,Krikby in Ashfield,Nottinghamshire,Worker (A rating),Skilled Worker; Global Business Mobility: Senior or Specialist Worker,tech
Stibo Systems Ltd,Reading,,Worker (A rating),Global Business Mobility: Senior or Specialist Worker; Skilled Worker,tech
STILL WATERS GREEN TECHNOLOGY LIMITED,London,,Worker (A rating),Skilled Worker; Global Business Mobility: Senior or Specialist Worker,tech
STL Digital UK Limited,London,,Worker (A rating),Skilled Worker; Global Business Mobility: Senior or Specialist Worker,tech
STL Tech Limited,Bristol,"Bristol, City of",Worker (A rating),Skilled Worker,tech
STLC TECHNO SOLUTIONS LIMITED,Solihull,,Worker (A rating),Skilled Worker,tech
STM Techies Limited,Glasgow,,Worker (A rating),Skilled Worker,tech
Stopford Information Systems,CHESTER,,Worker (A rating),Skilled Worker,tech
Storage Systems Installation Ltd,Hinckley,Leicestershire,Worker (A rating),Skilled Worker; Global Business Mobility: Senior or Specialist Worker,tech
Stored. Tech Ltd,LONDON,,Worker (A rating),Skilled Worker,tech
STORELAB AI LTD,London,,Worker (A rating),Skilled Worker,tech
Storyteller Software Ltd,Edinburgh,Scotland,Worker (A rating),Skilled Worker,tech
Stotle LTD,Brighton,,Worker (A rating),Skilled Worker; Scale-up,tech
Straight Up Technologies UK Limited,Crawley,West Sussex,Worker (A rating),Skilled Worker,tech
STRAT TECH LTD,Surrey,,Worker (A rating),Skilled Worker,tech
Strategic Analytics Limited,London,,Worker (A rating),Skilled Worker,tech
Strategic Software Applications Ltd,London,,Worker (A rating),Skilled Worker,tech
STRATESYS TECHNOLOGY SOLUTIONS LIMITED,London,,Worker (A rating),Skilled Worker,tech
Stratos Technologies Ltd,London,,Worker (A rating),Skilled Worker,tech
Stream Digital Ltd,Livingston,West Lothian,Temporary Worker (A rating),Creative Worker,tech
Stream Platforms Ltd,London,,Worker (A rating),Global Business Mobility: Senior or Specialist Worker; Scale-up; Skilled Worker,tech
Streets Heaver Computer Systems Ltd,Lincoln,Lincolnshire,Worker (A rating),Skilled Worker,tech
Strider Technologies UK Limited,London,,Worker (A rating),Global Business Mobility: Senior or Specialist Worker; Skilled Worker,tech
Strike IT Services Limited,London,,Worker (A rating),Skilled Worker,tech
Strongfield Technologies Ltd,Wembley,,Worker (A rating),Skilled Worker,tech
STRUCTURES LAB LIMITED,London,,Worker (A rating),Skilled Worker,tech
Strudel Labs Limited,London,,Worker (A rating),Skilled Worker,tech
Style Analytics Limited,London,,Worker (A rating),Skilled Worker,tech
Stylo Online Ltd,Manchester,Greater Manchester,Worker (A rating),Skilled Worker,tech
Suade Labs Ltd,Macclesfield,Cheshire,Worker (A rating),Skilled Worker,tech
Sub-Tech Contracts Ltd,Barking,London,Worker (A rating),Skilled Worker,tech
Subatomic Analytics Limited,London,Essex,Worker (A rating),Skilled Worker,tech
Sudhi IT Services Limited,Borehamwood,,Worker (A rating),Skilled Worker,tech
Suma Software Solutions Limited,Leeds,,Worker (A rating),Skilled Worker,tech
Sumitomo Electric Wiring Systems (Europe) Ltd,Newcastle under Lyme,Staffordshire,Temporary Worker (A rating); Worker (A rating),Global Business Mobility: Graduate Trainee; Skilled Worker; Global Business Mobility: Senior or Specialist Worker,tech
Summit systems,Tamworth,staffordshire,Worker (A rating),Skilled Worker,tech
Sumo Digital Limited,Sheffield,,Worker (A rating),Global Business Mobility: Senior or Specialist Worker; Skilled Worker,tech
SumTotal Systems UK Limited,Camberley,Surrey,Worker (A rating),Global Business Mobility: Senior or Specialist Worker; Skilled Worker,tech
SUN NETWORK LIMITED,RHYL,,Worker (A rating),Skilled Worker,tech
SUN SHORE SYSTEMS LIMITED,HOUSLOW,,Worker (A rating),Skilled Worker,tech
SUN TECH GROUP LTD,london,,Worker (A rating),Skilled Worker,tech
SUN-WA TECHNOS (UK) CONNECT SOLUTIONS LTD,Swindon,,Worker (A rating),Global Business Mobility: Senior or Specialist Worker,tech
SUNDAY APP LIMITED,Cheshire,,Worker (A rating),Global Business Mobility: Senior or Specialist Worker; Skilled Worker,tech
Sunlit Technologies Ltd,Milton Keynes,,Worker (A rating),Skilled Worker,tech
Sunrise Software Ltd,London,,Worker (A rating),Skilled Worker,tech
Sunrise Systems Limited,Cambridge,Cambridgeshire,Worker (A rating),Skilled Worker,tech
Sunset IT Distribution Limited,Milton Keynes,,Worker (A rating),Skilled Worker,tech
SUNTEK TECHNOLOGY SERVICES LIMITED,STAINES,,Worker (A rating),Skilled Worker,tech
SUPALITE TILED ROOF SYSTEMS LTD,PRESTON,LANCASHIRE,Worker (A rating),Skilled Worker,tech
Super Global Technologies Ltd,London,,Worker (A rating),Skilled Worker,tech
Super Seal Window System Ltd,Castledawson,Derry,Worker (A rating),Skilled Worker,tech
Super Technical Services Limited,London,,Worker (A rating),Skilled Worker,tech
Super-Sharp Space Systems Ltd,Cambridge,,Worker (A rating),Skilled Worker,tech
Supercede Technology Ltd,Telford,,Worker (A rating),Skilled Worker,tech
SUPERCHEFS TECHNOLOGIES LTD T/A FOODERY,BIRMINGHAM,,Worker (A rating),Skilled Worker,tech
SUPERIORZ TECH LTD,Manchester,,Worker (A rating),Skilled Worker,tech
Supernova Digital Media UK Ltd,London,,Worker (A rating),Skilled Worker,tech
Support and Action for Womens Network SAWN,Oldham,Lancashire,Worker (A rating),Skilled Worker,tech
Support Network Ltd,Spalding,Linconshire,Worker (A rating),Skilled Worker,tech
SUPPORT WHEN IT MATTERS ENTERPRISE CIC,London,,Worker (A rating),Skilled Worker,tech
Suprema Systems UK Ltd,Birmingham,West Midlands,Worker (A rating),Skilled Worker,tech
Sura Technologies Limited,Hyde,Cheshire,Worker (A rating),Skilled Worker,tech
Suraksha Technologies Limited,Colchester,,Worker (A rating),Skilled Worker,tech
Surface Measurement Systems Limited,Middlesex,,Worker (A rating),Skilled Worker,tech
Surface Measurement Systems Ltd,Wembley,London,Worker (A rating),Skilled Worker,tech
Surrey Satellite Technology Ltd,Guildford,Surrey,Worker (A rating),Global Business Mobility: Senior or Specialist Worker; Skilled Worker,tech
Surrey Tech Services Limited,Guildford,,Worker (A rating),Skilled Worker,tech
Survival Systems International UK Ltd,Norfolk,,Worker (A rating),Global Business Mobility: Senior or Specialist Worker; Skilled Worker,tech
SUSE Software Solutions UK Limited,Staines-Upon-Thames,,Worker (A rating),Skilled Worker; Global Business Mobility: Senior or Specialist Worker,tech
Sustainable Drainage Systems Limited,Biddisham,Somerset,Worker (A rating),Skilled Worker,tech
Sustainable Pipeline Systems Ltd,Aberdeen,,Worker (A rating),Skilled Worker,tech
Sutherland Digital UK Private Limited,London,,Temporary Worker (A rating); Worker (A rating),Global Business Mobility: Graduate Trainee; Skilled Worker; Global Business Mobility: Senior or Specialist Worker,tech
SV IT SERVICES LTD,Kent,,Worker (A rating),Skilled Worker,tech
SVC Labs Limited,Crawley,West Sussex,Worker (A rating),Skilled Worker,tech
SVK Software LTD,Ilford,,Worker (A rating),Skilled Worker,tech
Swallow Technology Limited,London,,Worker (A rating),Skilled Worker,tech
Swaraj Technologies Limited,Greater Manchester,,Worker (A rating),Skilled Worker,tech
SWEECH DATA SOLUTIONS LTD,Watford,Hertfordshire,Worker (A rating),Skilled Worker,tech
Sweepr Technologies UK Branch,Aberdeen,Scotland,Worker (A rating),Skilled Worker,tech
Sweet Analytics Ltd,Hemel Hempstead,,Worker (A rating),Skilled Worker,tech
SWIFTTECH IT SOLUTIONS LTD,Manchester,Cheshire,Worker (A rating),Skilled Worker,tech
SWIM.AI Ltd,Cheltenham,Gloucestershire,Worker (A rating),Global Business Mobility: Senior or Specialist Worker; Skilled Worker,tech
Swindon Silicon Systems Limited,Royal Wootton Basset,,Worker (A rating),Global Business Mobility: Senior or Specialist Worker; Skilled Worker,tech
SWJ TECHNOLOGY UK LIMITED,Oxford,,Worker (A rating),Skilled Worker,tech
Sword Technology Solutions Limited,Staines,,Worker (A rating),Global Business Mobility: Senior or Specialist Worker; Skilled Worker,tech
Syft Online Limited t/a Syft,London,,Worker (A rating),Global Business Mobility: Senior or Specialist Worker; Skilled Worker,tech
SYKASYS TECHNOLOGIES LIMITED,Manchester,,Worker (A rating),Skilled Worker,tech
Sylphid Analytics UK Ltd,Reading,,Worker (A rating),Skilled Worker,tech
Sym AI LTD,London,,Worker (A rating),Skilled Worker,tech
Symbolica AI Limited,London,,Worker (A rating),Global Business Mobility: Senior or Specialist Worker; Skilled Worker,tech
Syms Digital Ltd,Manchester,,Worker (A rating),Skilled Worker,tech
Synapse Media Technologies Ltd,Berkhamsted,Herts,Worker (A rating),Skilled Worker,tech
Synativ Technologies Ltd,London,,Worker (A rating),Skilled Worker,tech
SYNERGY IT SERVICE LIMITED,Harrow,Middlesex,Worker (A rating),Skilled Worker,tech
Synthesis Systems Limited,London,,Worker (A rating),Global Business Mobility: Senior or Specialist Worker; Skilled Worker,tech
SYNVERSE TECH LIMITED,Brentford,Middlesex,Worker (A rating),Skilled Worker,tech
Sysco Software (N.I.) Ltd,Belfast,Co. Antrim,Worker (A rating),Skilled Worker,tech
SYSDA TECH LTD,Manchester,,Worker (A rating),Skilled Worker,tech
SYSPRO GLOBAL SOFTWARE LIMITED,London,,Worker (A rating),Skilled Worker; Global Business Mobility: Senior or Specialist Worker,tech
Systal Technology Solutions,Glasgow,,Worker (A rating),Skilled Worker,tech
System 2 Capital LLP,London,,Worker (A rating),Skilled Worker,tech
System Building Services Ltd,Brentwood,,Worker (A rating),Skilled Worker,tech
SYSTEM ENGINEERING CONSULTING LIMITED,West Sussex,,Worker (A rating),Skilled Worker,tech
SYSTEM FORCE I.T. LIMITED,Gloucester,,Worker (A rating),Skilled Worker,tech
System Hydraulics Ltd,CARLISLE,Cumbria,Worker (A rating),Skilled Worker,tech
System Laboratories UK Limited,Leighton Buzzard,,Worker (A rating),Skilled Worker,tech
System Loco Ltd,Lancaster,Lancashire,Worker (A rating),Skilled Worker,tech
System ltd,Milton Keynes,,Worker (A rating),Global Business Mobility: Senior or Specialist Worker,tech
Systematic Software Engineering Limited,Farnborough,Hampshire,Worker (A rating),Skilled Worker; Global Business Mobility: Senior or Specialist Worker,tech
SYSTEMS ENTERPRISES LTD,London,,Worker (A rating),Skilled Worker,tech
Systems iO Limited,Canterbury,Kent,Worker (A rating),Skilled Worker,tech
Systems IT Support and Consultancy Limited,London,,Worker (A rating),Skilled Worker,tech
Systems Planning and Analysis UK Limited,Bristol,,Worker (A rating),Global Business Mobility: Senior or Specialist Worker; Skilled Worker,tech
Systems Technology Consultants Limited,Stoke-on-Trent,Staffordshire,Worker (A rating),Skilled Worker,tech
SZ INNOVATIONS LTD T/A TECH STOP,Alton,,Worker (A rating),Skilled Worker,tech
T D DATA CONSULTANCY LTD,SLOUGH,Berkshire,Worker (A rating),Skilled Worker,tech
T-A-X.ONLINE LTD,London,,Worker (A rating),Skilled Worker,tech
T-Systems Ltd,Milton Keynes,Buckinghamshire,Worker (A rating),Global Business Mobility: Senior or Specialist Worker; Skilled Worker,tech
T1 Digital Consultants Limited,Hillingdon,NA,Worker (A rating),Skilled Worker,tech
T1 DIGITAL CONSULTING LIMITED,Hillingdon,,Worker (A rating),Skilled Worker,tech
TAAR TECHNOLOGICA LTD,Slough,,Worker (A rating),Skilled Worker,tech
Tab Labs Ltd,London,,Worker (A rating),Skilled Worker,tech
Tabled Technologies Limited,London,Greater London,Worker (A rating),Skilled Worker,tech
Tag Digital Ltd,Glasgow,Lanarkshire,Worker (A rating),Skilled Worker,tech
Tag Systems UK,Leyland,Lancashire,Worker (A rating),Skilled Worker,tech
TAICHI TECH LTD,Reading,,Worker (A rating),Skilled Worker,tech
Tailor Made Technologies,Fareham,Hampshire,Worker (A rating),Skilled Worker,tech
Taina Technology,London,,Worker (A rating),Skilled Worker,tech
Taipec Ltd,London,,Worker (A rating),Scale-up; Skilled Worker,tech
TAIT Technologies UK Ltd,Pontefract,,Worker (A rating),Skilled Worker,tech
Take it Cheesy Limited T/a Funky Cellar,London,,Worker (A rating),Skilled Worker,tech
Take-Two Interactive Software Europe Limited,London,,Worker (A rating),Global Business Mobility: Senior or Specialist Worker; Skilled Worker,tech
Talanos Cybersecurity Limited,Chepstow,Monmouthshire,Worker (A rating),Skilled Worker,tech
Talga Technologies Limited,Cambridge,,Worker (A rating),Skilled Worker,tech
TalkTalk Telecom Group PLC,Salford,,Worker (A rating),Skilled Worker,tech
TalkTalk Telecom Limited,Salford,,Worker (A rating),Skilled Worker,tech
Tambo Marketplaces Limited,Worcester,,Worker (A rating),Scale-up; Skilled Worker,tech
Tan Delta System PLC,Sheffield,,Worker (A rating),Skilled Worker,tech
TANG TECHNOLOGY CONSULTANCY LTD,London,,Worker (A rating),Skilled Worker,tech
Tangent Innovative Systems Limited,Belfast,,Worker (A rating),Skilled Worker,tech
Tangi0 Ltd.,London,,Worker (A rating),Scale-up; Skilled Worker,tech
Tannlin Technology Limited,Kilmarnock,,Worker (A rating),Skilled Worker,tech
Tanzo Technologies Ltd,Farnborough,,Worker (A rating),Skilled Worker,tech
TAPILINK TECHNOLOGY LIMITED,Ilford,,Worker (A rating),Skilled Worker,tech
Target Fire Systems Limited,Stafford,,Worker (A rating),Skilled Worker,tech
Tasman Analytics Limited,London,,Worker (A rating),Skilled Worker,tech
Tata AutoComp Systems Limited,Leamington Spa,,Worker (A rating),Skilled Worker,tech
Tata Motors Design Tech Centre PLC,Coventry,,Worker (A rating),Skilled Worker; Global Business Mobility: Senior or Specialist Worker,tech
Tata Technologies Europe Limited,Warwick,West Midlands,Worker (A rating),Global Business Mobility: Senior or Specialist Worker; Skilled Worker,tech
Tavant Technologies Private Limited,Nottingham,,Worker (A rating),Global Business Mobility: Senior or Specialist Worker; Skilled Worker,tech
Tavus AI Ltd,Cheltenham,,Worker (A rating),Global Business Mobility: Senior or Specialist Worker; Skilled Worker,tech
Tax Computer Systems Limited,Staines-Upon-Thames,,Worker (A rating),Skilled Worker,tech
Tax Digital Accountants Limited,London,,Worker (A rating),Skilled Worker,tech
TAX TECH ENTERPRISE LTD,Warwickshire,,Worker (A rating),Skilled Worker,tech
TBS London (Tokyo Broadcasting System Inc.),London,,Worker (A rating),Global Business Mobility: Senior or Specialist Worker,tech
TCJ'S TECHNOLOGIES PVT LIMITED,Milton Keynes,,Worker (A rating),Skilled Worker,tech
TDR Networks Ltd,Belfast,Down,Worker (A rating),Skilled Worker,tech
TE Digital Limited (t/a ThirdEye Consulting),London,,Worker (A rating),Skilled Worker,tech
Teach for All Network,London,,Worker (A rating),Global Business Mobility: Senior or Specialist Worker; Skilled Worker,tech
Team 17 Digital Limited,Wakefield,West Yorkshire,Worker (A rating),Skilled Worker,tech
TECH 22 LTD,"Southall,",England,Worker (A rating),Skilled Worker,tech
Tech 313 LTD,Luton,England,Worker (A rating),Skilled Worker,tech
Tech 4 You Limited,London,,Worker (A rating),Skilled Worker,tech
TECH ACCESSORIES LTD T/A iTech,Newbury,,Worker (A rating),Skilled Worker,tech
Tech Alchemy Limited,London,,Worker (A rating),Skilled Worker,tech
Tech Amigos Limited,London,,Worker (A rating),Skilled Worker,tech
Tech Automation Limited,Richmond,Surrey,Worker (A rating),Skilled Worker,tech
TECH BRUMMIES CONSULTING LTD,Birmingham,,Worker (A rating),Skilled Worker,tech
Tech City Ventures Ltd,London,,Worker (A rating),Skilled Worker,tech
TECH DIGITAL FUNNEL LIMITED trading as Kebab King,Bristol,,Worker (A rating),Skilled Worker,tech
TECH DOCTOR PLUSE LIMITED,Lemington Spa,,Worker (A rating),Skilled Worker,tech
Tech Dot Limited,London,,Worker (A rating),Skilled Worker,tech
Tech Dynamics ltd,Liverpool,Merseyside,Worker (A rating),Skilled Worker,tech
Tech Edge Enterprises Ltd,Manchester,,Worker (A rating),Skilled Worker,tech
TECH ENABLED MARKETING LTD (Trading name: ZYXWARE TECHNOLOGIES),London,,Worker (A rating),Global Business Mobility: Senior or Specialist Worker; Skilled Worker,tech
Tech Engineering (UK) Ltd,Ilford,Essex,Worker (A rating),Skilled Worker,tech
TECH ENTERPRISE SOLUTIONS LIMITED,Birmingham,,Worker (A rating),Skilled Worker,tech
TECH FIX (ST HELENS) LTD,"St Helens,",,Worker (A rating),Skilled Worker,tech
TECH FLO (EUROPE) LIMITED,Biggin Hill,Kent,Worker (A rating),Skilled Worker,tech
Tech Grids Limited,Altrincham,,Worker (A rating),Skilled Worker,tech
Tech Infinity Pro Ltd,Manchester,,Worker (A rating),Skilled Worker,tech
Tech Inline Limited,Forest Gate,,Worker (A rating),Skilled Worker,tech
TECH LABZ LTD,Bolton,,Worker (A rating),Skilled Worker,tech
TECH LCA LTD,Manchester,,Worker (A rating),Skilled Worker,tech
TECH LOGIC LONDON LIMITED,London,London,Worker (A rating),Skilled Worker,tech
Tech Mahindra Limited,Milton keynes,,Worker (A rating),Global Business Mobility: Senior or Specialist Worker; Skilled Worker,tech
Tech Manage Limited,Carterton,,Worker (A rating),Skilled Worker,tech
TECH MANIA LIMITED,Birmingham,,Worker (A rating),Skilled Worker,tech
TECH MTA LTD,Redcar,Cleveland,Worker (A rating),Skilled Worker,tech
Tech NXT Gen Ltd,Newcastle Upon Tyne,,Worker (A rating),Skilled Worker,tech
TECH OBSERVER UK LTD,Manchester,,Worker (A rating),Skilled Worker,tech
TECH PEOPLE MANAGED SERVICES LTD,Slough,,Worker (A rating),Skilled Worker,tech
TECH PLACE LTD,Dunstable,,Worker (A rating),Skilled Worker,tech
Tech Refrigeration Services ltd,Sevenoaks,Kent,Worker (A rating),Skilled Worker,tech
TECH REPAIR OUTLET LIMITED,Manchester,,Worker (A rating),Skilled Worker,tech
Tech Repair Services Ltd. T/As Fone Case,Bodmin,,Worker (A rating),Skilled Worker,tech
Tech Repairs Bradford Ltd,Bradford,,Worker (A rating),Skilled Worker,tech
Tech Simplified Ltd,London,,Worker (A rating),Skilled Worker,tech
TECH SOLUTION WORLD LTD,BIRMINGHAM,,Worker (A rating),Skilled Worker,tech
Tech Solutions Lanarkshire Ltd,Bellshill,,Worker (A rating),Skilled Worker,tech
Tech Solutions Pro Ltd,Nottingham,,Worker (A rating),Skilled Worker,tech
TECH SQUARE REPAIRS LTD,Leicester,,Worker (A rating),Skilled Worker,tech
TECH TAILORS LTD,Romford,,Worker (A rating),Skilled Worker,tech
TECH TORNADO LIMITED,Birmingham,,Worker (A rating),Skilled Worker,tech
Tech Tube Limited,Sutton in Ashfield,Nottinghamshire,Worker (A rating),Skilled Worker,tech
TECH WALA GROUP LIMITED,Manchester,,Worker (A rating),Skilled Worker,tech
Tech Whizz Ltd,Preston,,Worker (A rating),Skilled Worker,tech
TECH YUG LTD,Hounslow,,Worker (A rating),Skilled Worker,tech
TECH-EPOCH MOBILE SOLUTIONS LTD,Southall,,Worker (A rating),Skilled Worker,tech
TECH-ERA SOLUTIONS LIMITED,Aldershot,,Worker (A rating),Skilled Worker,tech
Tech-LR Services Ltd,Milton Keynes,Buckinghamshire,Worker (A rating),Skilled Worker,tech
Tech1 Solutions LTD,Shipley,,Worker (A rating),Skilled Worker,tech
Tech11 Limited T/a UBreakWeFix,Newbury,,Worker (A rating),Skilled Worker,tech
Tech14 Networks Ltd,Ruislip,London,Worker (A rating),Skilled Worker,tech
Techandover Ltd,London,London,Worker (A rating),Skilled Worker,tech
Techary Limited,London,,Worker (A rating),Scale-up; Skilled Worker,tech
Techblock Ltd,London,,Worker (A rating),Skilled Worker,tech
TECHBLOX LIMITED,London,United Kingdom,Worker (A rating),Skilled Worker,tech
Techbuyer Ltd,Harrogate,North Yorkshire,Worker (A rating),Skilled Worker,tech
TECHBY7 LTD,London,,Worker (A rating),Skilled Worker,tech
Techcastle Digital Ltd,Stoke-on-Trent,Staffordshire,Worker (A rating),Skilled Worker,tech
TECHCIRRUS LTD,Southall,,Worker (A rating),Skilled Worker,tech
TECHCOM COMPUTER REPAIRS LIMITED T/A BROADWAY MOBILES & COMPUTERS,Surrey,England,Worker (A rating),Skilled Worker,tech
Techcrown Ltd T/A Hollywynd Rest Home,Worthing,West Sussex,Worker (A rating),Skilled Worker,tech
TechCube Limited,Ilford,,Worker (A rating),Skilled Worker,tech
Techdent Prosthetics Limited,Kent,,Worker (A rating),Skilled Worker,tech
Techedia Ltd,Southport,Merseyside,Worker (A rating),Skilled Worker,tech
Techemet Limited,Tamworth,,Worker (A rating),Skilled Worker,tech
TechEnable Ltd,North Harrow,,Worker (A rating),Skilled Worker,tech
Techex Ltd,Bracknell,Berkshire,Worker (A rating),Skilled Worker,tech
TECHFINITY4U LIMITED,Middlesbrough,Cleveland,Worker (A rating),Skilled Worker,tech
Techfirm International UK Limited,Birmingham,,Worker (A rating),Skilled Worker,tech
TECHFLOW MARINE LTD,Cramlington,Northumberland,Worker (A rating),Skilled Worker,tech
TECHFOG LTD,FARNHAM,,Worker (A rating),Skilled Worker,tech
TECHFUN GIFT LIMITED,Manchester,,Worker (A rating),Skilled Worker,tech
Techgear Solutions Direct Limited,Rochdale,,Worker (A rating),Skilled Worker,tech
Techgroove Limited,Basingstoke,Hampshire,Worker (A rating),Skilled Worker,tech
Techguni Limited,London,,Worker (A rating),Skilled Worker,tech
TECHHAT LTD T/A Tech & Vape,Romford,ESSEX,Worker (A rating),Skilled Worker,tech
Techheaven Limited,London,,Worker (A rating),Skilled Worker,tech
TECHHOUSE ACCESSORIES LIMITED,Grays,,Worker (A rating),Skilled Worker,tech
TECHHUB INNOVATIONS LTD,ILFORD,County (optional),Worker (A rating),Skilled Worker,tech
TECHIE MAX UK LIMITED,HAMPSHIRE,,Worker (A rating),Skilled Worker,tech
Techinnova LTD,Edinburgh,,Worker (A rating),Skilled Worker,tech
TechInsights Market Analysis Limited,Milton Keynes,Bucks,Worker (A rating),Global Business Mobility: Senior or Specialist Worker; Skilled Worker,tech
TechinUK Limited,READING,Berkshire,Worker (A rating),Skilled Worker,tech
Techlabs London Ltd,High Wycombe,Buckinghamshire,Worker (A rating); Temporary Worker (A rating),Skilled Worker; Global Business Mobility: Graduate Trainee; Global Business Mobility: Senior or Specialist Worker,tech
TECHLOGIC IT SERVICES LIMITED,Sutton,,Worker (A rating),Skilled Worker,tech
TECHLOGIX ZONE LTD,Edgware,,Worker (A rating),Skilled Worker,tech
Techloxi Ltd,London,England,Worker (A rating),Skilled Worker,tech
TECHMARK SOLUTIONS LTD.,"Coventry,",,Worker (A rating),Skilled Worker,tech
TECHMART LTD,London,,Worker (A rating),Skilled Worker,tech
TECHMATRIX LIMITED,Huddersfield,,Worker (A rating),Skilled Worker,tech
Techmedia UK Ltd,Barking,Essex,Worker (A rating),Skilled Worker,tech
Techneplus UK Limited,Romford,,Worker (A rating),Skilled Worker; Global Business Mobility: Senior or Specialist Worker,tech
Techner Ltd,Basingstoke,Hampshire,Worker (A rating),Skilled Worker,tech
TECHNEST SERVICES LTD,Birmingham,,Worker (A rating),Skilled Worker,tech
TECHNET ALLIANCE LIMITED,Bradford,,Worker (A rating),Skilled Worker,tech
TechNet Cloud Solutions Limited,Rugby,,Worker (A rating),Skilled Worker,tech
TECHNETC LIMITED,Mildenhall,,Worker (A rating),Skilled Worker,tech
Technetix Ltd,Albourne,West Sussex,Worker (A rating),Global Business Mobility: Senior or Specialist Worker; Skilled Worker,tech
Technia Limited,Milton Keynes,,Worker (A rating),Global Business Mobility: Senior or Specialist Worker; Skilled Worker,tech
Technica Solutions,Borehamwood,Herts,Worker (A rating),Skilled Worker,tech
Technical Absorbents Limited,Grimsby,North East Lincolnshire,Worker (A rating),Global Business Mobility: Senior or Specialist Worker,tech
Technical and General Ltd,London,,Worker (A rating),Skilled Worker,tech
Technical Control Systems Ltd,Leeds,West Yorkshire,Worker (A rating),Skilled Worker,tech
Technical Detail Ltd.,London,,Worker (A rating),Skilled Worker,tech
Technical Engineering Security Solutions Limited,Newcastle,,Worker (A rating),Skilled Worker,tech
Technical Support Services International Limited,London,,Worker (A rating),Skilled Worker,tech
Technical Vehicle Solutions Ltd,Royston,,Worker (A rating),Skilled Worker,tech
TECHNICALLY BLONDE LTD,Warrington,,Worker (A rating),Skilled Worker,tech
TECHNICALWAYS LIMITED,London,,Worker (A rating),Skilled Worker,tech
Technicolor,London,,Worker (A rating); Temporary Worker (A rating),Global Business Mobility: Senior or Specialist Worker; Skilled Worker; Creative Worker,tech
Technicon Design Limited,Luton,Bedfordshire,Worker (A rating),Skilled Worker,tech
Technicon Furnishers Ltd,Tonypandy,Mid Glamorgan,Worker (A rating),Skilled Worker,tech
Technicool Air Conditioning Ltd,Coulsdon,Surrey,Worker (A rating),Skilled Worker,tech
Technics Group Limited,Guildford,Surrey,Worker (A rating),Skilled Worker,tech
Technicut Ltd,Sheffield,,Worker (A rating),Skilled Worker,tech
Technified Systems Limited,EPSOM,,Worker (A rating),Skilled Worker,tech
Technimove Limited,Croydon,London,Worker (A rating),Skilled Worker,tech
TechnipFMC UK Limited,Aberdeen,Aberdeenshire,Worker (A rating); Temporary Worker (A rating),Skilled Worker; Global Business Mobility: Graduate Trainee; Global Business Mobility: Senior or Specialist Worker,tech
Technique Services,Manchester,UK,Worker (A rating),Skilled Worker,tech
TECHNISTA LTD,Edinburgh,,Worker (A rating),Skilled Worker,tech
TECHNIT LTD,Hemel Hempstead,Hertfordshire,Worker (A rating),Skilled Worker,tech
TECHNO A.M. LTD,BRIGHTON,,Worker (A rating),Skilled Worker,tech
TECHNO AD UK PRIVATE LTD,Manchester,England,Worker (A rating),Skilled Worker,tech
TECHNO DIMENSIONS LIMITED,High Wycombe,,Worker (A rating),Skilled Worker,tech
Techno E Services Ltd,Milton Keynes,Buckinghamshire,Worker (A rating),Skilled Worker,tech
Techno Goods Ltd,Twickenham,,Worker (A rating),Skilled Worker,tech
TECHNO GULF LIMITED (15269387),London,,Worker (A rating),Global Business Mobility: UK Expansion Worker,tech
TECHNO INFOSYS LTD,London,,Worker (A rating),Skilled Worker,tech
Techno Point Ltd,Edinburgh,,Worker (A rating),Skilled Worker,tech
Techno Sync Pro Ltd,London,,Worker (A rating),Skilled Worker,tech
Techno2day Ltd,Wolverhampton,West Midlands,Worker (A rating),Skilled Worker,tech
Technoace Limited,Sutton,Surrey,Worker (A rating),Skilled Worker,tech
Technobeacon Consulting Limited,London,,Worker (A rating),Skilled Worker,tech
TECHNOBIZ BARKING LIMITED,London,Barking,Worker (A rating),Skilled Worker,tech
Technobiz Limited Managing,Camberwell,London,Worker (A rating),Skilled Worker,tech
TECHNOCRAFT IT SOLUTION LTD,Croydon,,Worker (A rating),Skilled Worker,tech
TECHNOCRAT XP@ LTD,Birmingham,West Midlands,Worker (A rating),Skilled Worker,tech
TECHNOCRATES CONSTRUCTION LTD,Uxbridge,,Worker (A rating),Skilled Worker,tech
Technocure Limited,Accrington,Lancashire,Worker (A rating),Skilled Worker,tech
Technodyne International Ltd,Eastleigh,Hampshire,Worker (A rating),Skilled Worker,tech
TECHNOFIT LTD,LONDON,,Worker (A rating),Skilled Worker,tech
TECHNOFY LTD,Swindon,,Worker (A rating),Skilled Worker,tech
Technogym U.K. Limited,Bracknell,,Worker (A rating),Skilled Worker; Global Business Mobility: Senior or Specialist Worker,tech
TECHNOHUB LTD,London,,Worker (A rating),Skilled Worker,tech
Technolog Limited,Matlock,Derbyshire,Worker (A rating),Skilled Worker,tech
Technological Tailors Ltd,London,,Worker (A rating),Skilled Worker,tech
Technologium Ltd,Birmingham,Birmingham,Worker (A rating),Skilled Worker,tech
TECHNOLOGY ACE LIMITED,Ilford,England,Worker (A rating),Skilled Worker,tech
TECHNOLOGY ASSOCIATES PRIVATE LIMITED,STAINES-UPON-THAMES,,Worker (A rating),Skilled Worker,tech
Technology Blueprint Ltd,Cambridge,,Worker (A rating),Skilled Worker; Global Business Mobility: Senior or Specialist Worker,tech
TECHNOLOGY CONSULTING CORP LTD,WOLVERHAMPTON,,Worker (A rating),Skilled Worker,tech
"Technology Crossover Ventures UK, LLP",London,,Worker (A rating),Skilled Worker; Global Business Mobility: Senior or Specialist Worker,tech
Technology Expert International Limited,Horsham,,Worker (A rating),Skilled Worker,tech
Technology for Growth Limited,EDINBURGH,,Worker (A rating),Skilled Worker,tech
Technology Holdings Worldwide Limited,London,,Worker (A rating),Global Business Mobility: Senior or Specialist Worker; Skilled Worker,tech
TECHNOLOGY INNOVATORS LIMITED,Uxbridge,,Worker (A rating),Skilled Worker,tech
Technology Management (Midlands) Ltd,WOLVERHAMPTON,West Midlands,Worker (A rating),Skilled Worker,tech
Technology Risk Limited,Guildford,,Worker (A rating),Skilled Worker,tech
Technology Solutions2 Limited,Warwick,,Worker (A rating),Skilled Worker,tech
Technology Sourcing Ltd,London,,Worker (A rating),Skilled Worker,tech
Technology-Check LTD,England,,Worker (A rating),Skilled Worker,tech
TECHNOLOGY-TREND LIMITED,Eastleigh,,Worker (A rating),Skilled Worker,tech
TechnologyOne UK Limited,London,,Worker (A rating),Global Business Mobility: Senior or Specialist Worker; Skilled Worker,tech
Technomarch Limited,Pinner,,Worker (A rating),Skilled Worker,tech
Technomust Ltd,London,,Worker (A rating),Skilled Worker,tech
TECHNONOVAL LIMITED,Birmingham,,Worker (A rating),Skilled Worker,tech
TECHNOPALS UK LIMITED,London,,Worker (A rating),Skilled Worker,tech
Technopath Consulting Limited,London,London,Worker (A rating),Skilled Worker,tech
Technopc UK Limited,London,,Worker (A rating),Skilled Worker,tech
Technopolis Limited,Brighton,East Sussex,Worker (A rating),Skilled Worker,tech
Technopride Ltd,London,,Worker (A rating),Skilled Worker,tech
Technoserve IT Solutions Ltd,Coventry,,Worker (A rating),Skilled Worker,tech
Technosoft Engineering UK Ltd,Manchester,,Worker (A rating),Global Business Mobility: Senior or Specialist Worker; Skilled Worker,tech
Technosoft IT Limited,Nottingham,,Worker (A rating),Skilled Worker,tech
TECHNOSSUS (UK) LTD,DARTFORD,,Worker (A rating),Global Business Mobility: Senior or Specialist Worker; Skilled Worker,tech
Technosurge Limited,Reading,Berkshire,Worker (A rating),Skilled Worker,tech
Technosys Limited,Chesham,Buckinghamshire,Worker (A rating),Skilled Worker,tech
TECHNOTRIVIA LIMITED,Milton Keynes,,Worker (A rating),Skilled Worker,tech
TECHNOVATE SOLUTIONS LTD,Hornchurch,England,Worker (A rating),Skilled Worker,tech
Technovative Solutions Limited,Manchester,,Worker (A rating),Skilled Worker,tech
TECHNOWAY LTD,WATFORD,Hertfordshire,Worker (A rating),Skilled Worker,tech
Technowiz Limited,Cheadle,,Worker (A rating),Skilled Worker,tech
TECHNOWORLD PLC,LONDON,,Worker (A rating),Skilled Worker,tech
TECHNOWSHOP LIMITED,OLDBURY,WEST MIDLANDS,Worker (A rating),Skilled Worker,tech
Techobi ltd,Walthamstow,,Worker (A rating),Skilled Worker,tech
TechPassport Limited,London,,Worker (A rating),Skilled Worker,tech
TECHPLUS SOLUTIONS LTD,Reading,berkshire,Worker (A rating),Skilled Worker,tech
TECHPOINT DISTRIBUTION LIMITED,Harlow,,Worker (A rating),Skilled Worker,tech
TechProf Ltd,Chessington,Surrey,Worker (A rating),Skilled Worker,tech
Techrelate Ltd,London,,Worker (A rating),Skilled Worker,tech
Techrete U.K. Limited,Brigg,North Lincolnshire,Worker (A rating),Skilled Worker,tech
TECHRIPPER LTD,London,,Worker (A rating),Skilled Worker,tech
Techsapiens Limited,London,,Worker (A rating),Skilled Worker,tech
Techsera Inc Ltd,High Wycombe,Buckinghamshire,Worker (A rating),Skilled Worker,tech
Techservices Corporate Ltd,Wakefield,west yorkshire,Worker (A rating),Skilled Worker,tech
TECHSOFT CONSULTANCY SERVICES LTD,Liverpool,Merseyside,Worker (A rating),Skilled Worker,tech
TechSolAndServices Ltd,London,,Worker (A rating),Skilled Worker,tech
TECHSON SERVICES LTD,Colchester,,Worker (A rating),Skilled Worker,tech
TECHSPACE 360 LIMITED,Edinburgh,,Worker (A rating),Skilled Worker,tech
TECHSPACE PROPERTY GROUP LTD,London,,Worker (A rating),Skilled Worker,tech
techspert.io,Cambridge,Cambridgeshire,Worker (A rating),Skilled Worker,tech
TECHSPHERE SOLUTIONS LTD,Bolton,,Worker (A rating),Skilled Worker,tech
Techspire Consulting Limited,London,,Worker (A rating),Skilled Worker,tech
TECHSTOREDIRECT LTD,Rayleigh,Essex,Worker (A rating),Skilled Worker,tech
TechTarget Ltd.,London,,Worker (A rating),Skilled Worker; Global Business Mobility: Senior or Specialist Worker,tech
TECHTIX LTD,London,,Worker (A rating),Skilled Worker,tech
Techtools (Morden) Ltd,sutton,london,Worker (A rating),Skilled Worker,tech
Techtopay,London,,Worker (A rating),Global Business Mobility: Senior or Specialist Worker; Skilled Worker,tech
TechTradeUK,Birmingham,Birmingham,Worker (A rating),Skilled Worker,tech
Techtronic Industries EMEA Ltd,Maidenhead,,Worker (A rating),Global Business Mobility: Senior or Specialist Worker; Skilled Worker,tech
Techtrus Ltd,Hemel Hempstead,Hertfordshire,Worker (A rating),Skilled Worker,tech
TECHUARIUM LTD,Bristol,,Worker (A rating),Skilled Worker,tech
techUK Ltd,London,,Worker (A rating),Skilled Worker,tech
Techv Limited,High Wycombe,,Worker (A rating),Skilled Worker,tech
TechVertu Limited,Grays,Essex,Worker (A rating),Skilled Worker,tech
TECHVISION CONSULTING LTD,Reading,,Worker (A rating),Skilled Worker,tech
Techwass Consulting Ltd,ASCOT,Berkshire,Worker (A rating),Skilled Worker,tech
TECHWAVE CONSULTING UK LIMITED,London,,Worker (A rating),Skilled Worker,tech
Techwave Technologies UK Ltd.,Stanwell,Surrey,Worker (A rating),Skilled Worker,tech
Techwit Business Solutions Limited,Wokingham,,Worker (A rating),Skilled Worker,tech
TechWolf Limited,London,,Worker (A rating),Global Business Mobility: Senior or Specialist Worker; Skilled Worker,tech
TECHXTENDERS CONSULTING SOLUTIONS LTD,Slough,,Worker (A rating),Skilled Worker,tech
TECHY SMART LTD,SUTTON,,Worker (A rating),Skilled Worker,tech
TECHY'S WORLD LTD,Nottingham,,Worker (A rating),Skilled Worker,tech
Techzen Limited,Chippenham,,Worker (A rating),Skilled Worker,tech
Techzone4u Limited,Romford,,Worker (A rating),Skilled Worker,tech
Tecosim Technical Simulation Ltd.,Basildon,Essex,Worker (A rating),Skilled Worker,tech
Teedi Tech Limited,Acton,,Worker (A rating),Skilled Worker,tech
TEEMILL TECH LTD,Freshwater,Isle of Wight,Worker (A rating),Skilled Worker,tech
Tej Software Solutions Ltd,Wokingham,Berkshire,Worker (A rating),Skilled Worker,tech
Tejas Software Limited,London,,Worker (A rating),Skilled Worker,tech
Tekbright Systems Ltd,Greenford,,Worker (A rating),Skilled Worker,tech
TEL-CAM SECURITY SYSTEM LIMITED,London,,Worker (A rating),Skilled Worker,tech
TELA TECHNOLOGY LIMITED,Solihull,,Worker (A rating),Skilled Worker,tech
Telco IT Service LTd,London,,Worker (A rating),Skilled Worker,tech
Telecom 2 Ltd,London,,Worker (A rating),Skilled Worker,tech
TELECOM BUSINESS TRANSFORMERS LIMITED,Basingstoke,Hampshire,Worker (A rating),Skilled Worker,tech
Telecom Pioneers Ltd,London,,Worker (A rating),Skilled Worker,tech
TELECOM PLUS PLC,EDGWARE,,Worker (A rating),Skilled Worker,tech
TeleEye IT Services & Solutions Limited,Reading,Berkshire,Worker (A rating),Skilled Worker,tech
Telefonica Digital Limited,London,,Worker (A rating),Global Business Mobility: Senior or Specialist Worker; Skilled Worker,tech
Telefonica Tech UK Business Applications Limited,Glasgow,,Worker (A rating),Skilled Worker,tech
Telefonica Tech UK Data & AI Limited,Farnham,Surrey,Worker (A rating),Skilled Worker,tech
Telefonica Tech UK Limited,London,,Worker (A rating),Skilled Worker; Global Business Mobility: Senior or Specialist Worker,tech
Telent Technology Services Limited,Warwick,Warwickshire,Worker (A rating),Skilled Worker,tech
TELESCOPE TECHNOLOGY LIMITED t/a Lightdash,London,,Worker (A rating),Skilled Worker,tech
TELETREE NETWORKS LTD,Bradford,,Worker (A rating),Skilled Worker,tech
Tenor Tech Limited,Romford,,Worker (A rating),Skilled Worker,tech
TENSOR SYSTEMS LIMITED,ST NEOTS,CAMBS,Worker (A rating),Skilled Worker,tech
Tern Technologies Ltd,London,,Worker (A rating),Skilled Worker,tech
Ternary Technology Ltd,Reading,Reading,Worker (A rating),Skilled Worker,tech
Terra Computer Limited,Warwick,Warwickshire,Worker (A rating),Skilled Worker,tech
TerraMar Networks Limited,Derry,,Worker (A rating),Skilled Worker,tech
Terranova.network Limited t/a GetGround,London,,Worker (A rating),Skilled Worker,tech
Tesora Technology Services Ltd,Potters Bar,Hertfordshire,Worker (A rating),Skilled Worker,tech
Tessaract Technologies UK Limited,Farnham,Surrey,Worker (A rating),Global Business Mobility: Senior or Specialist Worker,tech
Tessitura Network UK Ltd,Worcester,,Worker (A rating),Global Business Mobility: Senior or Specialist Worker,tech
Tessl AI Limited,London,,Worker (A rating),Skilled Worker,tech
Tessolve Semiconductor Ltd,Bristol,,Worker (A rating),Global Business Mobility: Senior or Specialist Worker; Skilled Worker,tech
Testmade Technologies Limited,Aylesbury,,Worker (A rating),Skilled Worker,tech
TESTQ TECHNOLOGIES LIMITED,LEICESTER,LEICESTERSHIRE,Worker (A rating),Global Business Mobility: Senior or Specialist Worker; Skilled Worker,tech
TESTRA TECHNOLOGIES LTD,Pudsey,,Worker (A rating),Skilled Worker,tech
Tetra Tech Group Limited,Leeds,West Yorkshire,Worker (A rating),Skilled Worker,tech
Tetra Tech international Development Limited,London,,Worker (A rating),Global Business Mobility: Senior or Specialist Worker; Skilled Worker,tech
TETRA Technologies (UK) Limited,Aberdeen,,Worker (A rating),Skilled Worker; Global Business Mobility: Senior or Specialist Worker,tech
Tex Tech Industries (UK) Ltd,Huddersfield,West Yorkshire,Worker (A rating),Skilled Worker,tech
Texcel Technology Plc,London,,Worker (A rating),Skilled Worker,tech
Texuna Technologies Limited,Putney,London,Worker (A rating),Skilled Worker; Global Business Mobility: Senior or Specialist Worker,tech
TH IT Services Ltd,Heckmondwike,West Yorkshire,Worker (A rating),Skilled Worker,tech
Thames Network Ltd T/A  AB STATION,London,,Worker (A rating),Skilled Worker,tech
Thames Technology,Bracknell,,Worker (A rating),Global Business Mobility: Senior or Specialist Worker; Skilled Worker,tech
The Active Network (EU) Limited,London,,Worker (A rating),Global Business Mobility: Senior or Specialist Worker; Skilled Worker,tech
THE AI CORPORATION LIMITED,Woking,,Worker (A rating),Skilled Worker,tech
The AI Whistleblower Initiative,London,,Worker (A rating),Skilled Worker,tech
The Area Technology Ltd,London,,Worker (A rating),Skilled Worker,tech
The Association for Renewable Energy and Clean Technology,London,,Worker (A rating),Skilled Worker,tech
The Association of Accounting Technicians,London,,Worker (A rating),Skilled Worker,tech
The Baobab Network Ltd,London,,Worker (A rating),Skilled Worker,tech
The Blockhouse Technology Limited,Oxford,,Worker (A rating),Skilled Worker,tech
The Breathe Network Ltd,Leeds,Yorkshire,Worker (A rating),Skilled Worker,tech
The Center for Countering Digital Hate,London,,Worker (A rating),Skilled Worker; Global Business Mobility: Senior or Specialist Worker,tech
The Coalition for a Digital Economy (Coadec) Ltd t/a The Startup Coalition,London,,Worker (A rating),Skilled Worker,tech
The Contemplative Consciousness Network,London,,Worker (A rating),Skilled Worker,tech
The Currency Cloud Services Limited,London,,Worker (A rating),Skilled Worker; Global Business Mobility: Senior or Specialist Worker,tech
The Dance Lab,London,,Worker (A rating),Skilled Worker,tech
The Data Business Ltd,Canterbury,Kent,Worker (A rating),Skilled Worker,tech
The Data Capital Group,Stockport,,Worker (A rating),Skilled Worker,tech
The Data Company Group Limited,Birmingham,,Worker (A rating),Skilled Worker,tech
THE DESI CO. GROUP LTD T/As 9x9 DIGITAL,London,,Worker (A rating),Skilled Worker,tech
The Digital Accessibility Centre limited,Llandarcy,Neath port Talbot,Worker (A rating),Skilled Worker,tech
The Digital Bench Ltd,Hove,,Worker (A rating),Skilled Worker,tech
The Digital Fairy Ltd,London,,Worker (A rating),Skilled Worker,tech
THE DIGITAL LIGHTHOUSE,NEWCASTLE UPON TYNE,,Worker (A rating),Skilled Worker,tech
THE DIGITAL ORGANISATION LTD,WEST YORKSHIRE,,Worker (A rating),Skilled Worker,tech
The Digital Tide Ltd,London,,Worker (A rating),Skilled Worker,tech
The Electric Vehicle Network Ltd,Lutterworth,Leicestershire,Worker (A rating),Skilled Worker,tech
The Elfin Network LLP,London,,Temporary Worker (A rating),Creative Worker,tech
The Entrepreneurs Network (TEN) Ltd,London,,Worker (A rating),Skilled Worker,tech
The Global Strategy Network Ltd,London,,Worker (A rating),Skilled Worker,tech
The Green Cocoa Lab Limited,Milton Keynes,,Worker (A rating),Skilled Worker,tech
THE GRIFFITHS NETWORK LTD,EDINBURGH,,Worker (A rating),Skilled Worker,tech
THE INFORMATION LAB LIMITED,London,Greater London,Worker (A rating),Skilled Worker,tech
The Institution of Engineering and Technology,Stevenage,Hertfordshire,Worker (A rating),Skilled Worker,tech
The IT Admin Solutions Ltd,Epsom,,Worker (A rating),Skilled Worker,tech
The Lab Music Studio Ltd,London,,Temporary Worker (A rating),Creative Worker,tech
THE LONDON BANGLA IT SUPPORT LTD,London,,Worker (A rating),Skilled Worker,tech
The Mandy Network,High Wycombe,,Worker (A rating),Global Business Mobility: Senior or Specialist Worker; Skilled Worker,tech
The Mandy Network Ltd,London,,Worker (A rating),Skilled Worker,tech
The Manufacturing Technology Centre Services Ltd,Warwickshire,,Worker (A rating),Skilled Worker,tech
THE OUTLOOK UK TECHNOLOGY LIMITED,Pinner,Middlesex,Worker (A rating),Skilled Worker,tech
THE POSSIBILITIES LAB LTD,Holmfirth,West Yorkshire,Worker (A rating),Skilled Worker,tech
THE PRP LAB,London,,Worker (A rating),Skilled Worker,tech
The Retail Data Partnership Ltd,Essendine,Rutland,Worker (A rating),Skilled Worker,tech
The San Francisco AI Factory UK LTD,London,,Worker (A rating),Skilled Worker,tech
The Social Good Network Ltd,Ventnor,Isle of Wight,Worker (A rating),Skilled Worker,tech
The Splash Lab Limited,Stockport,,Worker (A rating),Skilled Worker,tech
The Technology Business Ltd,Trafford Park,Greater Manchester,Worker (A rating),Skilled Worker,tech
THE VISION IT DEVELOPMENT LIMITED,London,,Worker (A rating),Skilled Worker,tech
THE WEB VISIONS LTD,Milton Keynes,,Worker (A rating),Skilled Worker,tech
The Workshop Technologies Ltd,London,,Worker (A rating),Skilled Worker,tech
Thebes IT Solutions Limited,Milton Keynes,,Worker (A rating),Skilled Worker,tech
THELOYALTYCO.APP LTD,Manchester,,Worker (A rating),Skilled Worker,tech
THEMA AI LIMITED,Worthing,West Sussex,Worker (A rating),Skilled Worker,tech
Themis Technologies Ltd,Harrow,,Worker (A rating),Skilled Worker,tech
TheNetworkOne Online Limited,London,,Worker (A rating),Skilled Worker,tech
Theo Technologies LTD,Colne,Lancashire,Worker (A rating),Skilled Worker,tech
Thermal Dynamics Technical Services Ltd,Belfast,Antrim,Worker (A rating),Skilled Worker,tech
Thermco Systems Ltd.,Washington,WEST SUSSEX,Worker (A rating),Skilled Worker,tech
Thermoelectric Conversion Systems Ltd,Clydebank,West Dunbartonshire,Worker (A rating),Skilled Worker,tech
Think Cyber Security Ltd,London,,Worker (A rating),Skilled Worker,tech
Think Digital Group Ltd,London,,Worker (A rating); Temporary Worker (A rating),Skilled Worker; Creative Worker,tech
Thinking Machine Systems Limited,London,,Worker (A rating),Skilled Worker,tech
THINKWISE SOFTWARE LTD,WATFORD,,Worker (A rating),Skilled Worker,tech
Third Dimension AI Limited,Altrincham,,Worker (A rating),Skilled Worker,tech
Third Financial Software Limited,London,Greater London,Worker (A rating),Skilled Worker,tech
THIS WAY UP ONLINE LIMITED,Sevenoaks,,Worker (A rating),Skilled Worker,tech
Thomas Murray Network Management Limited,London,,Worker (A rating),Skilled Worker,tech
ThoughtClan Technologies (UK) LTD,Evesham,Worcestershire,Worker (A rating),Global Business Mobility: Senior or Specialist Worker; Skilled Worker,tech
Thoughtful Consultancy limited t/a Roundhay Digital,Hove,,Worker (A rating),Skilled Worker,tech
Threadneedle Software Ltd,London,,Worker (A rating),Skilled Worker,tech
ThreatSpike Labs Limited,London,,Worker (A rating),Skilled Worker,tech
Thrive Technology Group Limited,Portsmouth,Hampshire,Worker (A rating),Skilled Worker,tech
THRIVE TECHNOLOGY LTD,London,England,Worker (A rating),Skilled Worker,tech
Thulshan Software Solutions,Newark,,Worker (A rating),Skilled Worker,tech
Thyson Technology Ltd,Ellesmere Port,Cheshire,Worker (A rating),Skilled Worker,tech
thyssenkrupp System Engineering Ltd,East Grinstead,West Sussex,Worker (A rating),Skilled Worker,tech
TI Group Automotive Systems Limited,Oxford,Oxfordshire,Worker (A rating),Skilled Worker,tech
"TIANAN TECHNOLOGY UK CO., LTD",Brighton,,Worker (A rating),Skilled Worker,tech
Tiberone Technologies Limited,Hatfield,,Worker (A rating),Skilled Worker,tech
Ticon UK Limited t/a Spend Network,Bognor Regis,West Sussex,Worker (A rating),Skilled Worker,tech
TIDY NETWORK LIMITED,LONDON,,Worker (A rating),Skilled Worker,tech
Tiedot Digital Ltd,Belfast,Antrim,Worker (A rating),Skilled Worker,tech
Tierney IT Solutions Ltd,Edgware,,Worker (A rating),Skilled Worker,tech
Tiger Analytics Consulting Ltd,London,,Worker (A rating),Skilled Worker; Global Business Mobility: Senior or Specialist Worker,tech
TIGERSI TECHNOLOGIES LTD.,Watford,Hertfordshire,Worker (A rating),Skilled Worker,tech
TikTok Information Technologies UK Limited,London,,Worker (A rating),Skilled Worker; Global Business Mobility: Senior or Specialist Worker,tech
Tilt Technologies Limited,London,NV - Nevada,Worker (A rating),Skilled Worker,tech
Time and Data Systems International Ltd,Poole,Dorset,Worker (A rating),Global Business Mobility: Senior or Specialist Worker; Skilled Worker,tech
TIME CONTROL TECHNICAL WORKS UK LTD,CHELTENHAM,ENGLAND,Worker (A rating),Skilled Worker,tech
Timebeat.app Ltd,London,,Worker (A rating),Skilled Worker,tech
Timelineapp Tech Limited,London,,Worker (A rating),Skilled Worker,tech
TIS TECH LTD,London,,Worker (A rating),Skilled Worker,tech
Titan Data Solutions,London,,Worker (A rating),Skilled Worker,tech
Titian Software Ltd,LONDON,,Worker (A rating),Skilled Worker,tech
TJS Online Ltd,Horncastle,Lincolnshire,Worker (A rating),Skilled Worker,tech
TM Information Systems Ltd,Cardiff,S Glamorgan,Worker (A rating),Skilled Worker,tech
TNG Technology Consulting UK Ltd.,Oxford,,Worker (A rating),Global Business Mobility: Senior or Specialist Worker; Skilled Worker,tech
Toggle Software Services UK Ltd.,London,,Worker (A rating),Skilled Worker; Global Business Mobility: Senior or Specialist Worker,tech
TOKYO TECHNOLOGY LIMITED,Cheshire,,Worker (A rating),Skilled Worker,tech
Tomoro AI LTD,LONDON,,Worker (A rating),Skilled Worker,tech
TomTom Software Limited,London,,Worker (A rating),Global Business Mobility: Senior or Specialist Worker; Skilled Worker,tech
TONK LABS LIMITED,London,,Worker (A rating),Skilled Worker,tech
Top Cloud Logistics Ltd,Birmingham,,Worker (A rating),Skilled Worker,tech
TOP SUN TECHNOLOGY DEVELOPMENT LIMITED,Cramlington,,Worker (A rating),Skilled Worker,tech
TOP TECH DEAL LTD,London,,Worker (A rating),Skilled Worker,tech
Topa Technologies (UK) Limited,Bridgewater,,Worker (A rating),Skilled Worker,tech
Topnotch IT Solutions,Stoke-On-Trent,,Worker (A rating),Skilled Worker,tech
Toppan Digital Language Ltd,London,,Worker (A rating),Skilled Worker,tech
Toshiba TEC UK Imaging Systems Ltd,Chertsey,Surrey,Worker (A rating),Skilled Worker; Global Business Mobility: Senior or Specialist Worker,tech
Total Computer Networks Ltd,Kettering,Northamptonshire,Worker (A rating),Skilled Worker,tech
TOTAL CONNECTS IT SOLUTIONS LTD,Harrow,,Worker (A rating),Skilled Worker,tech
Total IT Global UK Limited,Harrow,,Worker (A rating),Skilled Worker,tech
Total IT Technology Solutions Ltd,Kempston,Bedfordshire,Worker (A rating),Skilled Worker,tech
Total Network Solutions (Europe) Limited,Crewe,,Worker (A rating),Skilled Worker,tech
Total Performance Data Limited,London,,Worker (A rating),Skilled Worker,tech
TOTAL SOLUTIONS TECHNOLOGY LTD,Letchworth Garden City,Hertfordshire,Worker (A rating),Skilled Worker,tech
Total System Services Processing Europe Ltd,York,North Yorkshire,Worker (A rating),Global Business Mobility: Senior or Specialist Worker; Skilled Worker,tech
Total Systems plc,London,,Worker (A rating),Skilled Worker,tech
TOTAL TECH REPAIR LTD,Bexleyheath,Kent,Worker (A rating),Skilled Worker,tech
TOTTON PHONE TECH LTD,Totton,Southampton,Worker (A rating),Skilled Worker,tech
Touchstar Technologies Limited,Manchester,,Worker (A rating),Skilled Worker,tech
Tovie AI Limited,London,,Worker (A rating),Skilled Worker,tech
Towards AI Deployment Ltd,London,,Worker (A rating),Skilled Worker,tech
Toyota Tsusho System Europe GmbH,London,,Worker (A rating),Skilled Worker,tech
TP AEROSPACE TECHNICS UK LTD,Castle Donington,Derby,Worker (A rating),Skilled Worker,tech
TP Technologies Ltd,Bexleyheath,,Worker (A rating),Skilled Worker,tech
TRACE Wildlife Forensics Network Limited,London,,Worker (A rating),Skilled Worker,tech
Tracer Management System Limited,BIRMINGHAM,WEST MIDLANDS,Worker (A rating),Skilled Worker,tech
Tradebridge Financial Technologies Limited,London,,Worker (A rating),Global Business Mobility: Senior or Specialist Worker; Skilled Worker,tech
Tradebyte Software Limited,Cheltenham,Gloucestershire,Worker (A rating),Skilled Worker,tech
Tradepoint Systems UK Ltd,London,,Worker (A rating),Skilled Worker; Global Business Mobility: Senior or Specialist Worker,tech
Traders Digital Marketing Ltd,Croydon,,Worker (A rating),Skilled Worker,tech
Tradeshift Network Limited,London,Greater London,Worker (A rating),Skilled Worker; Global Business Mobility: Senior or Specialist Worker,tech
Trading Technologies  UK Limited,London,,Worker (A rating),Global Business Mobility: Senior or Specialist Worker; Skilled Worker,tech
Traffic Tech U.K Ltd,Surrey,,Worker (A rating),Skilled Worker,tech
Traffic Technology Ltd,Silverstone,,Worker (A rating),Skilled Worker,tech
Transact Technology Solutions Ltd,St Albans,,Worker (A rating),Skilled Worker,tech
Transaction Network Service UK Limited,Sheffield,,Worker (A rating),Skilled Worker; Global Business Mobility: Senior or Specialist Worker,tech
Transense Technologies plc,Bicester,,Worker (A rating),Skilled Worker,tech
Transformer Systems Ltd,Leeds,,Worker (A rating),Skilled Worker,tech
TRANSREPORT LIMITED,London,,Worker (A rating),Scale-up; Skilled Worker,tech
Transvac Systems Limited,Derbyshire,Derbyshire,Worker (A rating),Skilled Worker,tech
Transvault Software Limited,Bristol,Congresbury,Worker (A rating),Skilled Worker,tech
Transwap Technologies (UK) Limited,Edinburgh,,Worker (A rating),Skilled Worker,tech
Travel Technology Systems Ltd,Preston,Lancashire,Worker (A rating),Skilled Worker,tech
Treasure Data (UK) Limited,London,,Worker (A rating),Skilled Worker; Global Business Mobility: Senior or Specialist Worker,tech
Treehouse Digital Limited,Bournemouth,Dorset,Worker (A rating),Skilled Worker,tech
TREND Networks Ltd,High Wycombe,,Worker (A rating),Skilled Worker,tech
Trend Technologies Limited,Swindon,,Worker (A rating),Skilled Worker,tech
Trend Technologies Scotland Limited,Glenrothes,Fife,Worker (A rating),Skilled Worker,tech
Trends Online Limited,Broxburn,,Worker (A rating),Skilled Worker,tech
Trent AI Limited,Cambridge,,Worker (A rating),Skilled Worker,tech
TREVONIX TECHNOLOGIES LIMITED,Purley,,Worker (A rating),Skilled Worker,tech
Trianz Digital Ltd,Beckenham,Kent,Worker (A rating),Global Business Mobility: Senior or Specialist Worker; Skilled Worker,tech
Tribe Group Digital Limited,London,,Worker (A rating),Global Business Mobility: Senior or Specialist Worker; Skilled Worker,tech
Tricore Technical Services Ltd,Stockton-On-Tees,,Worker (A rating),Skilled Worker,tech
Trident Technologies Limited,London,,Worker (A rating),Skilled Worker,tech
TRILLIANT NETWORKS (UK) LTD,Windsor,,Worker (A rating),Skilled Worker; Global Business Mobility: Senior or Specialist Worker,tech
Trillium Flow Technologies Holdco Limited,London,,Worker (A rating),Global Business Mobility: Senior or Specialist Worker; Skilled Worker,tech
Trio Motion Technology Limited,Tewkesbury,,Worker (A rating),Skilled Worker; Global Business Mobility: Senior or Specialist Worker,tech
TRITON SOFTWARE LTD,Oldmeldrum,,Worker (A rating),Skilled Worker,tech
TRM Labs UK Ltd,London,,Worker (A rating),Skilled Worker,tech
Troy IT Consultancy Limited,Ardwick,Manchester,Worker (A rating),Skilled Worker,tech
Truckcom Systems Ltd,Bishop's Stortford,Herts,Worker (A rating),Skilled Worker,tech
True Digital Ltd,Bristol,,Worker (A rating),Skilled Worker,tech
TRUELOGIC SOFTWARE LIMITED,Wakefield,,Worker (A rating),Skilled Worker,tech
TruFin Labs Limited,London,,Worker (A rating),Skilled Worker,tech
Trulience Technologies Limited,London,,Worker (A rating),Skilled Worker,tech
Trumeter Technologies Ltd,Bury,,Worker (A rating),Skilled Worker,tech
Trumpet Software Limited,London,London,Worker (A rating),Skilled Worker,tech
Trussle Lab Ltd T/A Better.co.uk,London,,Worker (A rating),Skilled Worker,tech
Trusted Data Solutions UK Ltd,Nantgarw,,Worker (A rating),Skilled Worker,tech
TRUSTED TECH TEAM LIMITED,London,,Worker (A rating),Skilled Worker,tech
Trusted Technology Limited,Nottingham,,Worker (A rating),Skilled Worker,tech
Trustly Technologies UK Ltd,London,,Worker (A rating),Skilled Worker,tech
Truvi Holdings Ltd,London,,Worker (A rating),Scale-up,tech
Tryambakam Digital Ltd,Bristol,,Worker (A rating),Skilled Worker,tech
TSIT DIGITAL TECHNOLOGIES PRIVATE LTD,London,,Worker (A rating),Skilled Worker,tech
Tube Tech Industrial Limited,Canvey Island,Essex,Worker (A rating),Global Business Mobility: Senior or Specialist Worker; Skilled Worker,tech
Tubular Labs UK Limited,London,,Worker (A rating),Skilled Worker; Global Business Mobility: Senior or Specialist Worker,tech
Tufin Software Europe Limited,Reading,,Worker (A rating),Skilled Worker; Global Business Mobility: Senior or Specialist Worker,tech
TULASI IT,Birmingham,,Worker (A rating),Skilled Worker,tech
TULU TECH LTD,London,,Worker (A rating),Global Business Mobility: Senior or Specialist Worker; Skilled Worker,tech
Turbine Simulated Cell Technologies Limited,Cambridge,Cambridgeshire,Worker (A rating),Global Business Mobility: Senior or Specialist Worker; Skilled Worker,tech
Turbo Power Systems,Gateshead,Tyne and Wear,Worker (A rating),Skilled Worker; Global Business Mobility: Senior or Specialist Worker,tech
TURBO SNAIL LTD,Birmingham,,Worker (A rating),Skilled Worker; Scale-up,tech
Turing Intelligence Technology Limited,London,,Worker (A rating),Skilled Worker,tech
Turner Broadcasting System Europe Limited,London,,Worker (A rating),Global Business Mobility: Senior or Specialist Worker; Skilled Worker,tech
TURNLEAF ANALYTICS LTD,London,,Worker (A rating),Skilled Worker,tech
Turnout Labs Ltd,London,London,Worker (A rating),Skilled Worker,tech
Turnstar Systems GB Ltd,Radcliffe,,Worker (A rating),Skilled Worker,tech
TVA Technology Ltd t/a Electricshop,Potters Bar,Herts,Worker (A rating),Skilled Worker,tech
TVision Technology Ltd,Woking,Surrey,Worker (A rating),Skilled Worker,tech
Twaraa Technology and Services Limited,Stanmore,,Worker (A rating),Skilled Worker,tech
Twelve Oaks Software Ltd,York,North Yorkshire,Worker (A rating),Skilled Worker,tech
Twenty20 Software Limited,Horsham,West Sussex,Worker (A rating),Skilled Worker,tech
TwentyFour IT Services Limited,Doncaster,,Worker (A rating),Skilled Worker,tech
TWIRL TECHNOLOGIES LTD,London,,Worker (A rating),Skilled Worker,tech
TXO Systems Ltd,Chepstow,Monmouthshire,Worker (A rating),Global Business Mobility: Senior or Specialist Worker; Skilled Worker,tech
Tyfer Networks Ltd,Enniskillen,Fermanagh,Worker (A rating),Skilled Worker,tech
Tymphany Acoustic Technology (UK) Limited,Bridgend,,Worker (A rating),Global Business Mobility: Senior or Specialist Worker; Skilled Worker,tech
TYRUS TECH LTD,Tyne,Newcastle,Worker (A rating),Skilled Worker,tech
TYTN LTD,1 Concorde Way,,Worker (A rating),Skilled Worker; Scale-up,tech
UAB IT Services Ltd,Reading,,Worker (A rating),Skilled Worker,tech
UAV Tactical Systems Limited,Leicester,Leicestershire,Worker (A rating),Global Business Mobility: Senior or Specialist Worker; Skilled Worker,tech
UBDS IT CONSULTING LTD,Tunbridge Wells,Kent,Worker (A rating),Skilled Worker,tech
UBIETY Technologies Limited,Ely,Cambridgeshire,Worker (A rating),Skilled Worker,tech
UBIQUE DIGITAL LTD,London,,Worker (A rating),Skilled Worker,tech
UBIQUE SYSTEMS UK LIMITED,LONDON,,Worker (A rating),Global Business Mobility: Senior or Specialist Worker; Skilled Worker,tech
ubitricity Distributed Energy Systems UK Ltd,London,,Worker (A rating),Skilled Worker,tech
UD Software Solutions Group Limited,Manchester,,Worker (A rating),Skilled Worker,tech
UIC Digital Ltd,London,,Worker (A rating),Skilled Worker,tech
UK CLOUD CONSULTING LTD,Reading,Berkshire,Worker (A rating),Skilled Worker,tech
UK Cyber Security Council,London,London,Worker (A rating),Skilled Worker,tech
UK DIGI TECH LTD,Barking,,Worker (A rating),Skilled Worker,tech
UK DIGITAL SERVICES LTD,Crawley,West Sussex,Worker (A rating),Skilled Worker,tech
UK Gas Technologies Limited,Redhill,Surrey,Worker (A rating),Skilled Worker,tech
UK INTIS TELECOM LTD,London,Greater London,Worker (A rating),Skilled Worker,tech
UK IT SERVICES LTD,Crawley,,Worker (A rating),Skilled Worker,tech
UK MOBILE TECHS LTD,LONDON,,Worker (A rating),Skilled Worker,tech
"UK ORANGE MAGIC CUBE INFORMATION TECHNOLOGY CO., LTD",Milton Keynes,Buckinghamshire,Worker (A rating),Skilled Worker,tech
UK Power Networks (Operations) Ltd,London,,Worker (A rating),Skilled Worker,tech
UK Professional Guarding Limited,Park Royal,Ealing,Worker (A rating),Scale-up; Skilled Worker,tech
UK VERSITY ONLINE LIMITED,Salford,,Worker (A rating),Skilled Worker,tech
UK&I CYBER RANGES ltd,Manchester,,Worker (A rating),Skilled Worker,tech
UK100 Cities Network Limited,London,,Worker (A rating),Skilled Worker,tech
UKG Technology Limited,Bracknell,Berkshire,Worker (A rating),Global Business Mobility: Senior or Specialist Worker; Skilled Worker,tech
"ULC Robotics International, LTD",Feltham,,Worker (A rating),Global Business Mobility: Senior or Specialist Worker,tech
ULLA TECHNOLOGY LTD,London,,Worker (A rating),Skilled Worker,tech
ULTIMATE IT SERVICES LTD,London,,Worker (A rating),Skilled Worker,tech
ULTRA INTELLECT TECHNOLOGIES LIMITED,London,,Worker (A rating),Skilled Worker,tech
Ultra Sonar Systems Limited,High Wycombe,,Worker (A rating),Skilled Worker,tech
Ultraviolet Cyber (UK) Limited,London,,Worker (A rating),Skilled Worker,tech
ULTRON TECHNOLOGIES LTD,BIRMINGHAM,,Worker (A rating),Skilled Worker,tech
ULVA Insulation Systems Ltd,Shropshire,,Worker (A rating),Skilled Worker,tech
UMA LABS LIMITED,London,,Worker (A rating),Skilled Worker,tech
UMF TECHNOLOGY CONSULTING LTD,Staines-Upon Thames,,Worker (A rating),Skilled Worker,tech
Umi Digital Solutions Ltd,London,,Worker (A rating),Skilled Worker,tech
UMY Technic Ltd,Essex,,Worker (A rating),Skilled Worker,tech
Unboring Digital Ltd.,London,,Worker (A rating),Skilled Worker,tech
Under One Cloud Consultancy Ltd,Worthing,West Sussex,Worker (A rating),Skilled Worker,tech
Uniphore Technologies UK Limited,London,London,Worker (A rating),Skilled Worker,tech
Uniq Technology Ltd,Southanpton,Hampshire,Worker (A rating),Skilled Worker,tech
Unique Digital Marketing Limited T/A syzygy,London,,Worker (A rating),Skilled Worker,tech
Unique IT Consultancy Ltd,New Basford,Nottingham,Worker (A rating),Skilled Worker,tech
UNIQUE IT SUPPORT LIMITED,Harpenden,Hertfordshire,Worker (A rating),Skilled Worker,tech
Unique Mobiles Tech Services Ltd,Wolverhampton,,Worker (A rating),Skilled Worker,tech
Unique System (UK) Ltd,Aberdeen,,Worker (A rating),Skilled Worker,tech
Unique Window Systems Limited,Leicester,,Worker (A rating),Skilled Worker,tech
UNISON SOFTWARE AND CONSULTANCY LTD,London,,Worker (A rating),Skilled Worker,tech
UNIT TECHNOLOGY LIMITED,LONDON,,Worker (UK Expansion Worker: Provisional ),Global Business Mobility: UK Expansion Worker,tech
Unit4 Business Software Ltd,Harrogate,,Worker (A rating),Global Business Mobility: Senior or Specialist Worker; Skilled Worker,tech
United IT and Consultancy Limited,London,,Worker (A rating),Skilled Worker,tech
United Registrar Of Systems,Bournemouth,,Worker (A rating),Skilled Worker,tech
United Technologists Europe Limited,Hadleigh,suffolk,Worker (A rating),Skilled Worker,tech
Unitive Technologies Limited,London,England,Worker (A rating),Skilled Worker,tech
Unity Software Limited,Brighton,Brighton and Hove,Worker (A rating),Skilled Worker; Global Business Mobility: Senior or Specialist Worker,tech
UNIVERON TECHNOLOGIES LIMITED,Luton,,Worker (A rating),Skilled Worker,tech
Universal Dispense Systems Ltd,Hounslow,,Worker (A rating),Skilled Worker,tech
Unravel Technologies Limited,London,,Worker (A rating),Skilled Worker,tech
UNSTOPPABLES DIGITAL MEDIA LTD,London,,Worker (A rating),Skilled Worker,tech
Unusual Technologies Ltd,Brighton,,Worker (A rating),Skilled Worker,tech
Updraft WP Software Ltd,Newport,,Worker (A rating),Skilled Worker,tech
UPLAND SOFTWARE UK LIMITED,London,,Worker (A rating),Skilled Worker,tech
UPROOT TECHNOLOGIES LTD,Milton Keynes,Buckinghamshire,Worker (A rating),Skilled Worker,tech
Upsolve AI,London,,Worker (A rating),Skilled Worker,tech
Uptake Strategies Limited,Ascot,Berkshire,Worker (A rating),Scale-up; Skilled Worker,tech
Uptick Software UK Limited,London,,Worker (A rating),Skilled Worker,tech
Uptime Labs Ltd,London,,Worker (A rating),Skilled Worker,tech
UR Unified IT Solutions Limited,Reading,Berkshire,Worker (A rating),Skilled Worker,tech
URBACON TECHNOLOGIES & SERVICES LTD,Dartford,,Worker (A rating),Skilled Worker,tech
US TECH SOLUTIONS LIMITED,London,,Worker (A rating),Skilled Worker,tech
USERTESTING TECHNOLOGIES LIMITED.,London,,Worker (A rating),Global Business Mobility: Senior or Specialist Worker; Skilled Worker,tech
USS TECHNOLOGIES LIMITED,Slough,Berkshire,Worker (A rating),Skilled Worker,tech
UTILITY DATA INTELLIGENCE LTD,London,,Worker (A rating),Skilled Worker,tech
Uurnik Systems Ltd,Reading,Berkshire,Worker (A rating),Skilled Worker,tech
UV Software Limited,Cambridge,,Worker (A rating),Skilled Worker,tech
UV-TECHNIK INTERNATIONAL LIMITED,Caddington,Bedfordshire,Worker (A rating),Skilled Worker,tech
V Square IT Solutions Ltd,London,,Worker (A rating),Skilled Worker,tech
V Tech Services Ltd,GRAINGER PARK,NEWCASTLE UPON TYNE,Worker (A rating),Skilled Worker,tech
V-LAB LTD,Redcar,,Worker (A rating),Skilled Worker,tech
V-Square Technologies Ltd,Milton Keynes,,Worker (A rating),Skilled Worker,tech
V-Tech UK Ltd,Ilford,Essex,Worker (A rating),Skilled Worker,tech
VA TECHNOLOGY LTD,Telford,Shropshire,Worker (A rating),Skilled Worker,tech
Vagabond Digital,MANCHESTER,Manchester,Worker (A rating),Skilled Worker,tech
VAIBHAV IT SOLUTIONS LTD,Birmingham,,Worker (A rating),Skilled Worker,tech
Valarian Technologies Limited,London,,Worker (A rating),Skilled Worker,tech
Vale Lab Ltd,Twickenham,,Worker (A rating),Skilled Worker,tech
Vali Analytics Limited,London,,Worker (A rating),Skilled Worker,tech
Validation Network Limited,Swindon,,Worker (A rating),Skilled Worker,tech
Valt Tech Limited,Bletchley,Milton Keynes,Worker (A rating),Skilled Worker,tech
VALUE TECH LABS LIMITED,Coventry,,Worker (A rating),Skilled Worker,tech
Valve & Pipework Systems Limited,Coalville,Leicestershire,Worker (A rating),Skilled Worker,tech
Valyu.Network Ltd,London,,Worker (A rating),Skilled Worker,tech
Vambrace Cybersecurity Ltd,Leeds,West Yorkshire,Worker (A rating),Skilled Worker,tech
Vandana Technologies Pvt Ltd,Staines upon Thames,Surrey,Worker (A rating),Skilled Worker,tech
Vanellus Technologies Ltd,Cambridge,,Worker (A rating),Skilled Worker,tech
Vanguard Tech Enterprise Ltd,London,,Worker (A rating),Skilled Worker,tech
Vanquish Technologies Ltd,London,,Worker (A rating),Skilled Worker,tech
Vanta Technology UK Limited,London,,Worker (A rating),Skilled Worker; Global Business Mobility: Senior or Specialist Worker,tech
Vantage Data Centers UK Limited,Newbury,Berkshire,Worker (A rating),Global Business Mobility: Senior or Specialist Worker; Skilled Worker,tech
Vantor Technologies UK Ltd,London,,Worker (A rating),Skilled Worker; Global Business Mobility: Senior or Specialist Worker,tech
Vape Tech Plus Ltd. T/A Vape Tech Plus,Bolton,,Worker (A rating),Skilled Worker,tech
vapegen tech london ltd,chelmsford,essex,Worker (A rating),Skilled Worker,tech
VapeGen Tech Ltd,Brentwood,essex,Worker (A rating),Skilled Worker,tech
Vardaan Software Services Limited,High Wycombe,Buckinghamshire,Worker (A rating),Skilled Worker,tech
Varnish Software Limited,Stratford Upon Avon,Warwickshire,Worker (A rating),Skilled Worker,tech
VARS Technology,Blackpool,Lancashire,Worker (A rating),Skilled Worker,tech
Vaspba Remote Piloted Systems Ltd.,Weymouth,,Worker (A rating),Skilled Worker,tech
VASS IT SERVICES LIMITED,London,,Worker (A rating),Skilled Worker,tech
Vast Data UK Limited,Ascot,,Worker (A rating),Skilled Worker,tech
Vauban Technologies Limited,London,,Worker (A rating),Global Business Mobility: Senior or Specialist Worker; Skilled Worker,tech
Vava Cars Systems UK Limited,London,,Worker (A rating),Skilled Worker,tech
VBT Software UK Limited,Harrow,,Worker (A rating),Global Business Mobility: Senior or Specialist Worker; Skilled Worker,tech
VC Technosys Limited,Coventry,,Worker (A rating),Skilled Worker,tech
VCA Technology Ltd,Chepstow,Monmouthshire,Worker (A rating),Skilled Worker,tech
VCG Technology Services Limited,Stockport,,Worker (A rating),Skilled Worker,tech
Vea Telecoms UK Limited,Bracknell,,Worker (A rating),Global Business Mobility: Senior or Specialist Worker; Skilled Worker,tech
VECTOR AI LTD,London,,Worker (A rating),Skilled Worker,tech
Vectrus Systems Corporation,Milton Keynes,,Worker (A rating),Skilled Worker,tech
Veda IT Solutions Limited,Northampton,Northamptonshire,Worker (A rating),Skilled Worker,tech
Vedant Network Solutions Ltd,Wimbledon,London,Worker (A rating),Skilled Worker,tech
VEDAS APPS LTD,London,England,Worker (A rating),Skilled Worker,tech
Veeam Software UK Limited,London,,Worker (A rating),Global Business Mobility: Senior or Specialist Worker; Skilled Worker,tech
Veeva Systems UK Ltd,London,,Worker (A rating),Skilled Worker; Global Business Mobility: Senior or Specialist Worker,tech
Vega Investment Technologies Limited,London,,Worker (A rating),Skilled Worker,tech
Velocity Technology Limited,London,,Worker (A rating),Skilled Worker,tech
Vendo Digital Limited,Sutton,,Worker (A rating),Skilled Worker,tech
Venesta Washroom Systems Limited,STOKE-ON-TRENT,Staffordshire,Worker (A rating),Skilled Worker,tech
VENKATA SAI TECHNOLOGIES LIMITED,Stoke-On-Trent,,Worker (A rating),Skilled Worker,tech
Venn Apps Ltd,London,,Worker (A rating),Skilled Worker,tech
Vent-Tech Ltd,Bristol,Bristol,Worker (A rating),Skilled Worker,tech
VENTURA UK TECHNOLOGIES LIMITED,London,,Worker (A rating),Skilled Worker,tech
VEOLIA WATER TECHNOLOGIES & SOLUTIONS (UK) LIMITED PARTNERSHIP,Peterborough,,Worker (A rating),Global Business Mobility: Senior or Specialist Worker; Skilled Worker,tech
VEON Digital Limited,London,,Worker (A rating),Skilled Worker; Global Business Mobility: Senior or Specialist Worker,tech
Veramed Limited,Twickenham,,Worker (A rating),Global Business Mobility: Senior or Specialist Worker; Scale-up; Skilled Worker,tech
Verge Labs LTD,Bradford,,Worker (A rating),Skilled Worker,tech
VERICON SYSTEMS LIMITED,CHELTENHAM,GLOUCESTERSHIRE,Worker (A rating),Skilled Worker,tech
Verified Digital Limited,London,,Worker (A rating),Skilled Worker,tech
Verint Systems UK Limited,Woking,Surrey,Worker (A rating),Global Business Mobility: Senior or Specialist Worker; Skilled Worker,tech
VeriPark Software UK Limited,London,,Worker (A rating),Skilled Worker,tech
Verisk Analytics Limited,London,,Worker (A rating),Global Business Mobility: Senior or Specialist Worker; Skilled Worker,tech
Version 1 Technology Limited,Belfast,,Worker (A rating),Skilled Worker,tech
VERTEX FM UK LTD,LIVERPOOL,,Worker (A rating),Scale-up; Skilled Worker,tech
Vertice Technology Ltd,London,,Worker (A rating),Global Business Mobility: Senior or Specialist Worker; Skilled Worker,tech
Verysell Technologies (UK) Ltd,London,,Worker (A rating),Skilled Worker,tech
Vesper Software Ltd,London,,Worker (A rating),Skilled Worker,tech
Vesta Software Group Limited,Wallingford,Oxfordshire,Worker (A rating),Skilled Worker,tech
Vestas Technology UK Limited,Newport,Isle of Wight,Worker (A rating); Temporary Worker (A rating),Global Business Mobility: Senior or Specialist Worker; Global Business Mobility: Graduate Trainee; Skilled Worker,tech
VG Tech Solutions LTD,Swindon,Wilts,Worker (A rating),Skilled Worker,tech
VHL Technical Solutions Limited,Woodford Green,Essex,Worker (A rating),Skilled Worker,tech
VHR Technical Consultancy Limited,London,,Worker (A rating),Skilled Worker,tech
Vibha Technology Ltd,Solihull,West Midlands,Worker (A rating),Skilled Worker,tech
Victorious Technologies Limited,Berkshire,,Worker (A rating),Skilled Worker,tech
Videojet Technologies Limited,Huntingdon,,Worker (A rating),Skilled Worker; Global Business Mobility: Senior or Specialist Worker,tech
Videojet Technologies Ltd,Huntingdon,Cambridgeshire,Worker (A rating),Global Business Mobility: Senior or Specialist Worker; Skilled Worker,tech
VIDIONICS SECURITY SYSTEMS LTD,High Wycombe,Bucks,Worker (A rating),Skilled Worker,tech
Vidit Technologies (UK) Limited,Birmingham,West Midlands,Worker (A rating),Skilled Worker,tech
VIET ONLINE LTD,London,London,Worker (A rating),Skilled Worker,tech
Viezu Technologies Ltd,Alcester,Warwickshire,Worker (A rating),Skilled Worker,tech
Vighnaharta Technology Solutions Ltd,Edinburgh,,Worker (A rating),Skilled Worker,tech
VIJIGS TECHNOLOGIES LTD,ABERDEEN,,Worker (A rating),Skilled Worker,tech
Village Software Engineering Limited,Liverpool,,Worker (A rating),Skilled Worker,tech
Vinodh IT Limited,Glasgow,Scotland,Worker (A rating),Skilled Worker,tech
VIP Computer Centre Ltd,Warrington,,Worker (A rating),Skilled Worker,tech
VIPA Digital Ltd.,London,,Worker (A rating),Skilled Worker,tech
VIPR Digital Limited (trading as FIXR),London,,Worker (A rating),Skilled Worker,tech
VIRGO TECH LTD,Northampton,,Worker (A rating),Skilled Worker,tech
Virtual Data Centre Services Ltd,Leeds,,Worker (A rating),Skilled Worker,tech
Virtual Reality Kingdom Technologies PVT Ltd,Reading,Berkshire,Worker (A rating),Global Business Mobility: Senior or Specialist Worker; Skilled Worker,tech
Virtual Tech Cloud Ltd,London,,Worker (A rating),Skilled Worker,tech
VIRTUAL VIEW APP LIMITED,London,,Worker (A rating),Skilled Worker,tech
Virtuoso IT Limited,London,,Worker (A rating),Skilled Worker,tech
VIS NETWORKS UK LTD,Slough,Berkshire,Worker (A rating),Skilled Worker,tech
VIS Ventilation industrial Systems,Northampton,,Worker (A rating),Skilled Worker,tech
Vish IT Consulting Limited,Slough,,Worker (A rating),Skilled Worker,tech
Vishal IT Solutions Limited,Peterborough,,Worker (A rating),Skilled Worker,tech
Visible Analytics Limited,Witney,Oxfordshire,Worker (A rating),Skilled Worker,tech
Visibly Tech Limited,Norwich,Norfolk,Worker (A rating),Skilled Worker,tech
VISION MODULAR SYSTEMS UK LIMITED,Bedford,,Worker (A rating),Skilled Worker,tech
Vision Pro Software Limited,Nottingham,Nottinghamshire,Worker (A rating),Skilled Worker,tech
Vision Tech COnsults Ltd,Leicester,,Worker (A rating),Skilled Worker,tech
VISION TECH GROUP LTD,Hayes,Middlesex,Worker (A rating),Skilled Worker,tech
viso.ai UK Ltd,Altrincham,Cheshire,Worker (A rating),Skilled Worker,tech
VISTA IT SOLUTIONS LIMITED,London,,Worker (A rating),Skilled Worker,tech
Vistair Systems Limited,Bradley Stoke,Bristol,Worker (A rating),Skilled Worker,tech
VISTO TECHNOLOGIES PVT LTD,HOUNSLOW,,Worker (A rating),Skilled Worker,tech
VISU TECH LTD,Manchester,,Worker (A rating),Skilled Worker,tech
VISUAL DATA MEDIA SERVICES LIMITED,London,,Worker (A rating),Global Business Mobility: Senior or Specialist Worker; Skilled Worker,tech
Visualising Software Limited,Henfield,West Sussex,Worker (A rating),Skilled Worker,tech
Visualist Technologies Ltd,London,,Worker (A rating),Skilled Worker,tech
VISUN TECHNOLOGIES LTD,London,,Worker (A rating),Global Business Mobility: Senior or Specialist Worker; Skilled Worker,tech
Viswa Lab UK Limited,Wynyard,,Worker (A rating),Global Business Mobility: Senior or Specialist Worker; Skilled Worker,tech
VIT - TECH LTD,HARROW,,Worker (A rating),Skilled Worker,tech
Vital Telecom Services Limited,Oldham,,Worker (A rating),Skilled Worker,tech
VitalSource Technologies Ltd,Milton Keynes,,Worker (A rating),Skilled Worker,tech
Vitesco Technologies UK Ltd.,Basildon,Essex,Worker (A rating),Skilled Worker,tech
VIVA CITY TECHNOLOGIES LIMITED,London,,Worker (A rating),Skilled Worker,tech
Vivacity Labs Limited,London,,Worker (A rating),Scale-up; Skilled Worker,tech
VIVE TECH SOLUTIONS,Birmingham,West Midlands,Worker (A rating),Skilled Worker,tech
Vivos Technology Limited (trading as PHASTAR),London,,Worker (A rating),Global Business Mobility: Senior or Specialist Worker; Skilled Worker,tech
VIX TECHNOLOGY UK LIMITED,CAMBRIDGE,,Worker (A rating),Global Business Mobility: Senior or Specialist Worker; Skilled Worker,tech
Vizion Network Limited,Hull,East Yorkshire,Worker (A rating),Skilled Worker,tech
Vizst Technology Ltd,Poole,Dorset,Worker (A rating),Skilled Worker,tech
VJ Technology Ltd,Ashford,Kent,Worker (A rating),Skilled Worker,tech
VL Digital Ltd,Portsmouth,Hampshire,Worker (A rating),Skilled Worker,tech
VL TEST SYSTEMS LTD,Buckingham,Buckinghamshire,Worker (A rating),Skilled Worker,tech
VLS IT Consulting Limited,"Hemel Hempstead,",,Worker (A rating),Skilled Worker,tech
VM Cloud Limited,London,,Worker (A rating),Skilled Worker,tech
VML TECHNO SOLUTIONS LIMITED,Rotherham,,Worker (A rating),Skilled Worker,tech
voestalpine Turnout Technology UK Limited,Edinburgh,,Worker (A rating),Global Business Mobility: Senior or Specialist Worker; Skilled Worker,tech
Vogue Technics Limited,Grays,,Worker (A rating),Skilled Worker,tech
Voi Technology UK Ltd,London,,Worker (A rating),Global Business Mobility: Senior or Specialist Worker; Skilled Worker,tech
Voice Technologies Ltd,Paisley,Renfrewshire,Worker (A rating),Skilled Worker,tech
VoiceVerse Labs Ltd,London,,Worker (A rating),Skilled Worker,tech
Volante Technologies LLC.,London,,Worker (A rating),Global Business Mobility: Senior or Specialist Worker; Skilled Worker,tech
Volt Active Data UK Ltd,London,,Worker (A rating),Skilled Worker,tech
Volt Technologies Holdings Ltd,London,,Worker (A rating),Global Business Mobility: Senior or Specialist Worker; Skilled Worker,tech
Volta Data Centres Limited,London,,Worker (A rating),Skilled Worker,tech
Volteras Technologies Ltd,London,,Worker (A rating),Skilled Worker,tech
VPG Systems UK Ltd,Bradford,West Yorkshire,Worker (A rating),Skilled Worker,tech
VPGTS Technologies Ltd,Huddersfield,West Yorkshire,Worker (A rating),Skilled Worker,tech
VRK Tech Solutions Ltd,Swindon,Wiltshire,Worker (A rating),Skilled Worker,tech
VS2 Networks Limited,Slough,,Worker (A rating),Skilled Worker,tech
Vsim Technology Limited,Altrincham,,Worker (A rating),Skilled Worker,tech
VVIEWING TECHNOLOGIES LIMITED,Hayes,,Worker (A rating),Skilled Worker,tech
Vyne Technologies Limited,London,,Worker (A rating),Skilled Worker,tech
Vypr Validation Technologies Limited,Manchester,,Worker (A rating),Skilled Worker,tech
Waer Systems Limited,Shoreham by Sea,West Sussex,Worker (A rating),Skilled Worker,tech
Waffle Tech Limited,Brighton,East Sussex,Worker (A rating),Skilled Worker,tech
Walden Digital UK Limited,Bedford,,Worker (A rating),Skilled Worker,tech
Walden Digital UK LTD,Bedford,,Worker (A rating),Skilled Worker,tech
Walmer Technology Limited,London,,Worker (A rating),Skilled Worker,tech
Walton IT Ltd,weybridge,,Worker (A rating),Skilled Worker,tech
WAMIN TECH LTD,"Luton, England,",,Worker (A rating),Skilled Worker,tech
WAMO TECHNOLOGY LIMITED,London,,Worker (A rating),Skilled Worker,tech
Wandsworth Community Empowerment Network,Wandsworth,,Temporary Worker (A rating); Worker (A rating),Charity Worker; Skilled Worker,tech
WARP DIGITAL ENTERTAINMENT LIMITED,LONDON,,Worker (A rating),Skilled Worker,tech
Warrington Robotics Limited,Halesowen,,Worker (A rating),Skilled Worker,tech
Wartsila Water Systems Limited,POOLE,DORSET,Worker (A rating),Skilled Worker,tech
Waste Logics Software Limited,London,,Worker (A rating),Skilled Worker,tech
WATER SYSTEM MANAGEMENT LTD,"EDGWARE, MIDDLESEX",,Worker (A rating),Skilled Worker,tech
WATER TECH PURIFICATION LTD,Birmingham,,Worker (A rating),Skilled Worker,tech
Watercycle Technologies,Manchester,Greater Manchester,Worker (A rating),Skilled Worker,tech
WATERMARK TECHNOLOGIES LTD,SHIPLEY,W Yorkshire,Worker (A rating),Skilled Worker,tech
Watershed Technology Limited,London,,Worker (A rating),Skilled Worker; Global Business Mobility: Senior or Specialist Worker,tech
Wayve Technologies Ltd,London,,Worker (A rating),Skilled Worker,tech
We Know Data Limited,Wem,,Worker (A rating),Skilled Worker,tech
We Own It Ltd,London,,Worker (A rating),Skilled Worker,tech
Weaver Labs Limited,London,,Worker (A rating),Skilled Worker,tech
Web Adventure Park,york,,Worker (A rating),Skilled Worker,tech
WEB ALAQ LIMITED,London,,Worker (A rating),Skilled Worker,tech
WEB ALLIANCE LIMITED,Northampton,,Worker (A rating),Skilled Worker,tech
Web Baze Ltd,London,,Worker (A rating),Skilled Worker,tech
Web Behaviour Specialists,London,,Worker (A rating),Skilled Worker,tech
Web Control UK Limited,Towcester,Northamptonshire,Worker (A rating),Skilled Worker,tech
Web Creator Suite LTD,Salisbury,Wiltshire,Worker (A rating),Skilled Worker,tech
Web Creators UK Ltd,Surbiton,,Worker (A rating),Skilled Worker,tech
WEB DIMENSIONS LIMITED,Watford,,Worker (A rating),Skilled Worker,tech
WEB GEEK BRISTOL LIMITED,Bristol,,Worker (A rating),Skilled Worker,tech
WEB GEO SERVICES LTD,"United Kingdom,",,Worker (A rating),Skilled Worker,tech
WEB LOGIC SERVICES LTD,Ashton Under Lyne,,Worker (A rating),Skilled Worker,tech
Web Seller Pro Ltd,Northampton,,Worker (A rating),Skilled Worker,tech
WEB UNIVERSE LTD,BOLTON,,Worker (A rating),Skilled Worker,tech
WEB3 DIGITAL LIMITED,London,,Worker (A rating),Skilled Worker,tech
Web3 Labs Ltd,London,,Worker (A rating),Skilled Worker,tech
Webasto Roof Systems Ltd,Minworth,Sutton Coldfield,Worker (A rating),Skilled Worker,tech
Webheay Technologies Limited,Manchester,,Worker (A rating),Skilled Worker,tech
WEBMAVEN TECH LTD,London,,Worker (A rating),Skilled Worker,tech
Weboo Online Limited,London,,Worker (A rating),Skilled Worker,tech
WeBuild-AI Limited,London,,Worker (A rating),Skilled Worker,tech
WEBYNATICS TECHNOLOGIES LTD,DERBY,,Worker (A rating),Skilled Worker,tech
Weco AI Ltd,London,London,Worker (A rating),Skilled Worker,tech
WeDiscover Digital Ltd,London,,Worker (A rating),Skilled Worker,tech
WEDO DIGITAL TECHNOLOGIES LIMITED,"Chadderton, Oldham",,Worker (A rating),Skilled Worker,tech
Wedo Technology Solutions Ltd,Bristol,,Worker (A rating),Skilled Worker,tech
WELD IT SOUTHALL LTD,Hounslow,,Worker (A rating),Skilled Worker,tech
WellFish Tech Ltd,Paisley,,Worker (A rating),Skilled Worker,tech
Wellington Computer Systems Ltd,Belfast,Antrim,Worker (A rating),Skilled Worker,tech
West Group Technical Services,Glasgow,,Worker (A rating),Skilled Worker,tech
WEST TECH CAPITAL LTD,London,,Worker (A rating),Skilled Worker,tech
WESTBASE TECHNOLOGY LIMITED,CALDICOT,MONMOUTHSHIRE,Worker (A rating),Skilled Worker,tech
Westbury Tech LTD,bristol,,Worker (A rating),Skilled Worker,tech
Western Digital (UK) Limited,Guilford,,Worker (A rating),Skilled Worker; Global Business Mobility: Senior or Specialist Worker,tech
WESTMID SERVICES GROUP LTD,Birmingham,West Midlands,Worker (A rating),Skilled Worker; Scale-up,tech
WF Federated GP Network Ltd.,Highams Park,London,Worker (A rating),Skilled Worker,tech
Wheatley Software Solutions Limited,Tostock,Suffolk,Worker (A rating),Skilled Worker,tech
Wheely Technologies Ltd,London,,Worker (A rating),Global Business Mobility: Senior or Specialist Worker; Skilled Worker; Scale-up,tech
WHISTLE DIGITAL LIMITED,London,,Worker (A rating),Skilled Worker,tech
White Cloud Capital Advisors Limited,London,,Worker (A rating),Skilled Worker,tech
Whitefox Technologies Limited,London,,Worker (A rating),Global Business Mobility: Senior or Specialist Worker; Skilled Worker,tech
WHOOPS WHEEL FIX IT LIMITED,Enfield,,Worker (A rating),Skilled Worker,tech
WHP Telecoms Ltd,Warrington,Cheshire,Worker (A rating),Skilled Worker,tech
WIA SYSTEMS LTD,Amersham,Buckinghamshire,Worker (A rating),Skilled Worker,tech
Wiki Networks Limited,Mitcham,,Worker (A rating),Skilled Worker,tech
Wiki Soft Tech Limited,Preston,,Worker (A rating),Skilled Worker,tech
Will It Make The Boat Go Faster? Ltd,Coalville,,Worker (A rating),Skilled Worker,tech
WIM Technologies,London,,Worker (A rating),Skilled Worker; Global Business Mobility: Senior or Specialist Worker,tech
Winbro Group Technologies,Shepshed,Leicestershire,Worker (A rating),Skilled Worker; Global Business Mobility: Senior or Specialist Worker,tech
Windermere Control Systems Limited,Ascot,Berkshire,Worker (A rating),Skilled Worker,tech
Wipac Technology Limited,Buckingham,Buckinghamshire,Worker (A rating),Skilled Worker; Global Business Mobility: Senior or Specialist Worker,tech
Wise Computer Ltd,Leicester,,Worker (A rating),Skilled Worker,tech
Wise Technical Limited,Sispon,,Worker (A rating),Skilled Worker,tech
WiseAlpha Technologies Limited,London,,Worker (A rating),Skilled Worker,tech
Wissen Technology Limited,Harrow,Middlesex,Worker (A rating),Global Business Mobility: Senior or Specialist Worker; Skilled Worker,tech
WITTENSTEIN high integrity systems Ltd,Bristol,,Worker (A rating),Global Business Mobility: Senior or Specialist Worker; Skilled Worker,tech
Wixdek IT Limited,Romford,,Worker (A rating),Skilled Worker,tech
Wiz Cloud Limited,London,,Worker (A rating),Skilled Worker,tech
WIZ TECHNOLOGIES LTD,Hounslow,,Worker (A rating),Skilled Worker,tech
WK Tech Expert and Consultancy ltd,Luton,,Worker (A rating),Skilled Worker,tech
WMH Systems Engineering Limited,Hayes,,Worker (A rating),Skilled Worker,tech
Wok Tech Limited,Willenhall,West Midlands,Worker (A rating),Skilled Worker,tech
Wolf Systems Ltd,Coventry,,Worker (A rating),Skilled Worker,tech
Women in Data Limited,Berrington Way,Hampshire,Worker (A rating),Skilled Worker,tech
Women in Tech SEO Ltd,London,,Worker (A rating),Skilled Worker,tech
Women's Equality Network Wales,Cardiff,Cardiff,Worker (A rating),Skilled Worker,tech
Wondercraft Tech Ltd,London,,Worker (A rating),Skilled Worker,tech
WOODPECKER TECHNOLOGY LTD,Halesowen,,Worker (A rating),Skilled Worker,tech
"Woodward International, Inc (t/a Woodward Aircraft Engine Systems Prestwick)",Prestwick,Ayrshire,Worker (A rating),Skilled Worker,tech
WOOTZWORK LABS LIMITED,Teddington,,Worker (A rating),Skilled Worker,tech
Wordsmith AI Ltd,London,,Worker (A rating),Skilled Worker,tech
Work It Group Ltd,Old Hatfield,Hertfordshire,Worker (A rating),Skilled Worker,tech
Work Nexus Labs Limited,Altrincham,Cheshire,Worker (A rating),Skilled Worker,tech
Workable Software Limited,London,,Worker (A rating),Global Business Mobility: Senior or Specialist Worker; Skilled Worker,tech
Workbooks Online Limited,Reading,,Worker (A rating),Skilled Worker,tech
WorkBuzz Analytics Limited,Milton Keynes,Buckinghamshire,Worker (A rating),Skilled Worker,tech
WORLD TECH CONSULTANTS LTD,Romford,,Worker (A rating),Skilled Worker,tech
Worldline IT Services UK Limited,Nottingham,Nottingham,Worker (A rating),Skilled Worker; Global Business Mobility: Senior or Specialist Worker,tech
WORLDRADE ONLINE RETAIL LTD,London,,Worker (A rating),Skilled Worker,tech
Worldwide TechServices UK Ltd,Windsor,,Worker (A rating),Skilled Worker,tech
Worn Again Technologies Limited,Nottingham,,Worker (A rating),Skilled Worker,tech
Worry+Peace Technology Limited,High Wycombe,,Worker (A rating),Skilled Worker,tech
Worth Technology Limited,Cambridge,,Worker (A rating),Skilled Worker,tech
WRT Technologies Limited,London,,Worker (A rating),Skilled Worker,tech
WSC SPORTS TECHNOLOGIES LTD,London,,Worker (A rating),Global Business Mobility: UK Expansion Worker; Skilled Worker,tech
WTiN (World Textile Information Network) Ltd,Leeds,West Yorkshire,Worker (A rating),Skilled Worker,tech
Wull Technologies,Manchester,,Worker (A rating),Skilled Worker,tech
Wunderkind Technologies UK Ltd,London,,Worker (A rating),Global Business Mobility: Senior or Specialist Worker; Skilled Worker,tech
WURL Network UK Ltd,London,,Worker (A rating),Skilled Worker,tech
Wye Tech Ltd,Port Talbot,Neath Port Talbot,Worker (A rating),Skilled Worker,tech
Wyld Networks Limited,Cambridge,,Worker (A rating),Skilled Worker,tech
X Cyber Group Ltd,Cloucester,Gloucestershire,Worker (A rating),Skilled Worker,tech
X-Act  IT Ltd,Redruth,Cornwall,Worker (A rating),Skilled Worker,tech
X.AI LONDON LTD,London,,Worker (A rating),Global Business Mobility: Senior or Specialist Worker; Skilled Worker,tech
XAAR Technology Ltd,Cambridge,,Worker (A rating),Skilled Worker; Global Business Mobility: Senior or Specialist Worker,tech
XAD TECHNOLOGIES LTD,Slough,,Temporary Worker (A rating); Worker (A rating),Global Business Mobility: Graduate Trainee; Skilled Worker,tech
Xama Technologies Limited,Camberley,Surrey,Worker (A rating),Skilled Worker,tech
Xantium Labs Limited,London,,Worker (A rating),Skilled Worker,tech
Xara Computers (UK) Limited t/a XC360,London,,Worker (A rating),Skilled Worker,tech
XDEFI Technologies Ltd (trading as XDEFI Wallet),London,Middlesex,Worker (A rating),Skilled Worker,tech
XEBRAA TECH LTD,Luton,,Worker (A rating),Skilled Worker,tech
Xendl Software Limited,Bushey,,Worker (A rating),Skilled Worker,tech
Xenelsoft Technologies Limited,Bristol,,Worker (A rating),Skilled Worker,tech
Xiaomi Technology UK Limited,London,,Worker (A rating),Global Business Mobility: Senior or Specialist Worker; Skilled Worker,tech
XINET IT CONSULTING LIMITED,SLOUGH,Berkshire,Worker (A rating),Skilled Worker,tech
Xn Global Systems Ltd,Salford,,Worker (A rating),Global Business Mobility: Senior or Specialist Worker; Skilled Worker,tech
Xpert IT & Security Ltd T/A Platinum Info Techs,London,,Worker (A rating),Skilled Worker,tech
Xplora Technologies Limited,Chiswick,London,Worker (A rating),Skilled Worker,tech
XRC Robotics Ltd,"Manor House Lane, Datchet",,Worker (A rating),Skilled Worker,tech
XRM Technologies,Uxbridge,,Worker (A rating),Skilled Worker,tech
Xurrent Software UK Ltd,London,,Worker (A rating),Global Business Mobility: Senior or Specialist Worker; Skilled Worker,tech
Xynera Technologies Limited,GLOUCESTER,,Worker (A rating),Skilled Worker,tech
Yahoo AD Tech Holdings Limited,LONDON,,Worker (A rating),Skilled Worker,tech
YANG TECHNOLOGY LTD,London,,Worker (A rating),Skilled Worker,tech
YANSH TECHNOLOGIES LTD,Amersham,Buckinghamshire,Worker (A rating),Skilled Worker,tech
Yardi Systems Limited,Milton Keynes,,Worker (A rating),Skilled Worker; Global Business Mobility: Senior or Specialist Worker,tech
Yash Technologies Europe Ltd,London,United Kingdom,Worker (A rating),Global Business Mobility: Senior or Specialist Worker; Skilled Worker,tech
Yashvi Data Systems Limited,Hounslow,,Worker (A rating),Skilled Worker,tech
YAZH IT SOLUTIONS LTD,READING,,Worker (A rating),Skilled Worker,tech
Yellow Branding & Digital Design Ltd,Belfast,Northern Ireland,Worker (A rating),Skilled Worker,tech
Yellow Panther Digital Ltd,Ashton-Under-Lyne,,Worker (A rating),Skilled Worker,tech
Yellowbrick Data UK Limited,London,,Worker (A rating),Global Business Mobility: Senior or Specialist Worker; Skilled Worker,tech
Yes Yes Tech Ltd,Weybridge,Surrey,Worker (A rating),Skilled Worker,tech
Yesdee Technologies Limited,Leeds,Yorkshire,Worker (A rating),Skilled Worker,tech
Yew Technologies Ltd,Harrow,Middlesex,Worker (A rating),Skilled Worker,tech
Yingtuan app ltd,London,,Worker (A rating),Skilled Worker,tech
Yiva Digital,London,London,Worker (A rating),Skilled Worker,tech
Yocuda Network UK Ltd,London,,Worker (A rating),Skilled Worker,tech
Yolo Technology Limited,London,,Worker (A rating),Global Business Mobility: Senior or Specialist Worker; Skilled Worker,tech
Yonder Financial Technology Limited,London,,Worker (A rating),Skilled Worker,tech
YONDER TECHNOLOGY LTD,London,Greater London,Worker (A rating),Skilled Worker,tech
York Telecom Limited,Basingstoke,Hampshire,Worker (A rating),Skilled Worker,tech
YOSHIGA TECHNOLOGIES LIMITED,St Albans,,Worker (A rating),Skilled Worker,tech
Yotta Media Labs Limited,Pinner,,Worker (A rating),Skilled Worker,tech
YOUR DIGITAL WORK LTD,LONDON,,Worker (A rating),Skilled Worker,tech
Your Hippo LTD,Preston,Lancashire,Worker (A rating),Skilled Worker; Scale-up,tech
Yourkeys Technology Limited,London,,Worker (A rating),Skilled Worker,tech
Yupana Systems Limited,London,Fitzrovia,Worker (A rating),Skilled Worker,tech
Yuzu Tech Ltd,Bristol,,Worker (A rating),Skilled Worker,tech
YVR TECHNOLOGIES LTD,HAINAULT,ESSEX,Worker (A rating),Skilled Worker,tech
YWIS Technology,Colchester,,Worker (A rating),Skilled Worker,tech
Z-Tech Control Systems Limited,Swavesey,Cambridge,Worker (A rating),Skilled Worker,tech
ZAFIN LABS UK LTD,LONDON,,Worker (A rating),Global Business Mobility: Senior or Specialist Worker; Skilled Worker,tech
Zahara Systems Limited,Bath,,Worker (A rating),Skilled Worker,tech
Zakapps Software Limited,Caldecotte; Milton Keynes,Bucks,Worker (A rating),Global Business Mobility: Senior or Specialist Worker; Skilled Worker,tech
Zaks IT Ltd,London,,Worker (A rating),Skilled Worker,tech
Zaman Technologies Ltd,Ilford,,Worker (A rating),Skilled Worker,tech
Zamna Technologies Limited,London,,Worker (A rating),Skilled Worker,tech
ZAP Technology Limited,London,,Worker (A rating),Global Business Mobility: Senior or Specialist Worker; Skilled Worker,tech
ZAREEN TECHNOLOGIES LIMITED,Potters Bar,,Worker (A rating),Skilled Worker,tech
Zavi Tech Ltd,Glasgow,,Worker (A rating),Skilled Worker,tech
Zaviyar Techsol Ltd,Birmingham,,Worker (A rating),Skilled Worker,tech
Zeal Tech Ltd,London,,Worker (A rating),Skilled Worker,tech
Zebra Technologies Europe Limited,Bourne End,Buckinghamshire,Worker (A rating),Global Business Mobility: Senior or Specialist Worker; Skilled Worker,tech
ZEG.ai Ltd,London,,Worker (A rating),Skilled Worker,tech
ZEN-X TECHNOLOGY LIMITED,London,,Worker (A rating),Skilled Worker,tech
Zenith AI (N.I),Belfast,,Worker (A rating),Skilled Worker,tech
ZENITH LABS GROUP LTD,LEEDS,,Worker (A rating),Skilled Worker,tech
Zenithon AI Ltd,Axbridge,Somerset,Worker (A rating),Skilled Worker,tech
Zenium Technology Partners Limited,London,,Worker (A rating),Skilled Worker; Global Business Mobility: Senior or Specialist Worker,tech
Zensar Technologies (UK) Ltd,London,,Temporary Worker (A rating); Worker (A rating),Global Business Mobility: Graduate Trainee; Skilled Worker; Global Business Mobility: Senior or Specialist Worker,tech
Zephyr Digital Consultancy Limited,London,,Worker (A rating),Skilled Worker,tech
Zephyr Technology Consulting Limited,London,,Worker (A rating),Skilled Worker,tech
Zeppelin Systems UK Ltd,Annesley,Nottinghamshire,Worker (A rating),Skilled Worker,tech
ZERO DEGREES SYSTEMS LTD,Birmingham,,Worker (A rating),Skilled Worker,tech
Zero Gravity Tech Ltd,London,,Worker (A rating),Skilled Worker; Scale-up,tech
Zeus Labs Limited,London,,Worker (A rating),Skilled Worker,tech
Zeus Tech Solutions,Liverpool,,Worker (A rating),Skilled Worker,tech
ZHUIMENG CLOUD UK LTD,London,,Worker (A rating),Skilled Worker,tech
Zifo Technologies Ltd,Southport,Merseyside,Worker (A rating),Global Business Mobility: Senior or Specialist Worker; Skilled Worker,tech
Zilch Technology Limited,London,,Worker (A rating),Skilled Worker,tech
ZILO Technology Limited,London,,Worker (A rating),Skilled Worker,tech
Zinc Network Limited,London,,Worker (A rating),Skilled Worker,tech
ZINCHI Technical Services Ltd,Meadowfield,County Durham,Worker (A rating),Skilled Worker,tech
Zion Technology Ltd,Hickley,Leicestershire,Worker (A rating),Skilled Worker,tech
Zionix Technologies Ltd,London,,Worker (A rating),Skilled Worker,tech
Zircon Software Ltd,Trowbridge,Wiltshire,Worker (A rating),Skilled Worker,tech
Zircon Tech Ltd,Redditch,,Worker (A rating),Skilled Worker,tech
Ziyad Tech Ltd,London,,Worker (A rating),Skilled Worker,tech
ZK Tech Ltd,Belfast,,Worker (A rating),Skilled Worker,tech
ZM IT TECHNOLOGIES LTD,Harrow,Greater London,Worker (A rating),Skilled Worker,tech
ZNOX TECHNOLOGIES LTD,BELFAST,,Worker (A rating),Skilled Worker,tech
ZOJA TECHNOLOGIES LIMITED,Pudsey,,Worker (A rating),Skilled Worker,tech
Zone Networks Ltd,London,,Worker (A rating),Skilled Worker,tech
ZONIC TECHNOLOGIES UK LTD,HAYES,MIDDLESEX,Worker (A rating),Skilled Worker,tech
Zoom Abroad Online Ltd,Hemel Hempstead,,Worker (A rating),Skilled Worker,tech
ZOOM DIGITAL PRINTERS LIMITED,BRIERLEY,WEST MIDLANDS,Worker (A rating),Skilled Worker,tech
Zoox Labs Ltd,Banbury,Oxfordshire,Worker (A rating),Global Business Mobility: Senior or Specialist Worker; Skilled Worker,tech
ZS Latest Tech Ltd T/A Royton Phones,Oldham,,Worker (A rating),Skilled Worker,tech
ZS TECH LAB LTD,Birmingham,,Worker (A rating),Skilled Worker,tech
Zuba Technologies,London,,Worker (A rating),Skilled Worker,tech
ZUCI SYSTEMS UK LIMITED,London,,Worker (A rating),Skilled Worker,tech
Zuhayr Consultancy Limited T/A Cyberpeers,London,,Worker (A rating),Skilled Worker,tech
Zuma Labs Limited,London,,Worker (A rating),Skilled Worker,tech
Zydex Technologies Limited,London,,Worker (A rating),Skilled Worker,tech
Zynx Technologies Limited,Hounslow,,Worker (A rating),Skilled Worker,tech
