sponsor_id,organisation_name,town_city,website
141510,Zung Leon UK Company Limited,London,https://zungleon.co.uk/
141511,Zunoma Ltd,Eastbourne,https://zunoma.com/
141513,Zuora UK Limited,London,https://www.zuora.com/
141514,ZUPLEX LTD,London,https://zuplex.net/
141516,Zurich Insurance Group,Swindon,https://www.zurich.co.uk
141517,ZURU UK Limited,Leeds,https://zuru.com/
141518,ZUSTECH LIMITED,London,https://zustech.com/
141519,Zutec Inc. (UK) Limited,London,https://zutec.com
141529,Zvilo Limited,London,https://www.zvilo.com/
141531,Zwift UK Limited,London,https://www.zwift.com
141532,Zxtech Ltd,London,https://www.zxtechuk.com/
141533,Zyan Consultancy Limited,London,https://zyanconsultancy.com
141535,Zycus Infotech Private Limited,Harrow,https://www.zycus.com
141536,ZYKA BOUTIQUE INDIAN RESTAURANT LTD,HEXHAM,https://www.zyka.com/
141538,Zynd Limited,Leeds,https://www.zynd.co.uk/
141539,Zynk Design Limited,Sunninghill,https://zynkdesign.com
141540,Zynx Technologies Limited,Hounslow,https://www.zynxtechnologies.com/
141541,Zype TV Limited,Wokingham,https://zype.co.uk
141543,ZyXEL Communications UK Ltd,Wokingham,https://www.zyxel.com/uk/en-gb
141545,ZZA CONSULTING LIMITED,LONDON,https://z-zaconsulting.co.uk
141547,ZZN STUDIO LTD,HAMPTON,https://www.zznstudio.com/
141548,Zzoomm Plc,Oxford,https://zzoomm.com
141549,ZZZ Limited,London,https://www.zzz.co.uk/
143100,Zydex Technologies Limited,London,https://zydexgroup.com/
154034,AZ GLOBAL SOLUTIONS LTD.,Northolt,https://azglobalsolutions.co.uk/
154037,AZA HOMEIMPROVEMENT LIMITED,Southall,https://azahi.co.uk/
154044,AZAD PROPERTIES DEVELOPMENT LTD,LONDON,https://www.azadproperties.com/
154045,AZAD PROPERTY LTD,London,https://azad.co.uk/
154047,Azad Traders Ltd,Manchester,http://azadtraders.com
154048,AZALEA CARE LTD,Peterborough,https://www.azaleacare.co.uk/
154049,AZAM & CO ACCOUNATNTS LTD,Manchester,https://azamaccountants.co.uk/
154050,Azam Bros Ltd,Hunstanton,http://gossiphairdressing.co.uk/
154051,AZAM KHAN T/A MAS TYRES,Huddersfiled,https://www.mastyres.co.uk/
154052,Azam Market Gardner,Warrington,https://www.azam.com/
154053,Azariah Medical Partnerships Ltd,Rayleigh,http://medical-partnerships.co.uk
154054,Azarine Limited,London,https://www.azarine.com
154055,Azarine Limited,London,https://www.azarine.com
154056,AZARIO LONDON LIMITED,Slough,https://azariolondon.com
154057,AZAZIE UK LIMITED,Peterborough,https://www.azazie.com/gb/
154058,Azbil Telstar UK Ltd,BATLEY,https://www.telstar.com/
154059,Azbil Telstar UK Ltd,BATLEY,https://www.telstar.com/
154060,Azca Auctions Ltd,London,https://www.azcaauctions.com/
154061,AZED & CO,SURREY,https://azed.co.uk/
154062,Azeem Accountants Ltd,Bradford,https://azeemaccountants.com
154063,Azeem Khan Couture Limited,Harrrow,https://www.azeemkhancouture.com
154064,AZEEM'S RESTAURANT LIMITED,Keighley,https://azeemskeighley.co.uk/
154065,Azeena Ltd,Bradford,https://azeena.co.uk/
154066,Azego TS Ltd,Reading,https://www.azego.co.uk/en/
154067,Azelea Care Solutions,Dunstable,https://azeleacaresolutions.com/
154068,Azelis UK Limited,Cheshire,https://www.azelis.com/en
154069,Azenta UK Ltd,Manchester,https://www.azenta.com/
154070,Azenta UK Ltd,Manchester,https://www.azenta.com/
154071,AZERBAIJAN AIRLINES CLOSED JOINT STOCK COMPANY,LONDON,https://www.azal.az/
154072,Azerion UK Limited,London,https://www.azerion.com/
154073,Azerion UK Limited,London,https://www.azerion.com/
154074,Azets Holdings Limited,London,https://www.azets.co.uk
154075,Azeus UK Ltd,London,https://www.azeus.com/
154076,Azeus UK Ltd,London,https://www.azeus.com/
154077,AZG Logistics Ltd,Slough,https://www.azglogistics.co.uk/
154078,AZH LTD,London,https://azhltd.com/
154080,Azhar Academy,London,https://www.azharacademy.org/
154081,AZHAR ACADEMY LIMITED,London,https://www.azharacademy.org/
154082,AZHAR HALAL MEAT LTD,WEMBLEY,https://www.azharhalalmeat.com/
154085,AZI ACCOUNTANCY SERVICES LTD,DUDLEY,https://aziaccountant.co.uk/
154087,Azimo Ltd,London,https://www.azimo.com
154088,Azimo Ltd,London,https://www.azimo.com
154091,Azinq Ltd,Daresbury,https://azinq.com/
154093,AZIZ AT THE TREE LTD T/A AZIZ,OXFORD,http://iffleykitchen.co.uk
154095,Aziz Catering and restaurant,Dewsbury,https://www.azizcatering.co.uk
154096,AZIZ FASHIONS (UK) LTD,Bradford,https://azizfashions.co.uk/
154098,Aziz Sinclair Solicitors Ltd,London,https://azizsinclairsolicitors.com/
154101,Aziz Ullah trading as AZ Autos,Bradford,https://www.azautos.co.uk/
154106,AZN TRADING LTD,Loughton,https://azntrading.com/
154107,AZo Network UK Limited,Manchester,https://www.azonetwork.com
154108,AZO UK Limited,Burton On Trent,https://www.azo.com/en-gb
154109,Azoma Inc,LONDON,https://www.azoma.com
154111,Azophi Construction Limited,Leeds,https://azophiconstruction.co.uk
154113,AZORRA LIMITED,Whitstable,https://www.azorra.co.uk/
154114,Azotic Technologies Limited,York,https://www.azotic.com/
154116,AZR Capital Limited,London,https://azrcapital.com/
154117,Azra Restaurant Ltd T/A Manjaros,London,https://manjaros.co.uk/
154119,Azraeesa Limited t/a Vodafone UK,Slough,https://www.vodafone.co.uk/
154120,Aztec Consult LTD,Southall,https://aztec-limited.co.uk/
154121,Aztec Group Financial Services (UK) Limited,Fareham,https://aztec.group/
154122,Aztecs Cricket Club,Ilford,https://www.aztecscricketclub.com/
154123,Aztek Comms Limited,Camborne,https://www.aztek.co.uk/
154124,Aztiq UK Ltd,London,https://www.aztiq.com/
154125,Aztiq UK Ltd,London,https://www.aztiq.com/
154126,AZTO PLATFORM LTD,London,https://www.azto.com/
154127,Azue Groups Ltd,Romford,https://www.azue.co.uk
154128,Azule Energy Holdings Limited,London,https://www.azule-energy.com/
154129,Azule Energy Holdings Limited,London,https://www.azule-energy.com/
154130,Azuma Foods UK Ltd.,London,https://azumafoods.co.uk/
154131,Azuma Foods UK Ltd.,London,https://azumafoods.co.uk/
154132,Azumi Ltd T/A Zuma,London,https://www.zumarestaurant.com/en
154133,Azur Limited t/a LPM,London,https://lpmhealthcare.com/
154134,Azura Advisors UK Ltd,London,https://www.azura.com/
154135,Azura Advisors UK Ltd,London,https://www.azura.com/
154136,AZURA PARTNERS LTD,LONDON,https://www.azura.com/
154137,AZURA PARTNERS LTD,LONDON,https://www.azura.com/
154138,Azure Care Ltd,Chatham,https://www.azurecare.co.uk/
154140,AZURE PICTURE LIMITED,London,https://www.azurepicture.uk/
154143,AZURIST LIMITED,LONDON,https://a-zurist.com/
154144,Azurite Trading Limited,London,http://azurite.trade/
154145,Azzurro Associates Limited,Fareham,https://www.azzurroassociates.com
154148,B & E Construction Limited.,Northampton,https://www.beconstruction.co.uk/
154149,B & G Liquor Ltd,Oldbury,https://bgltd.co.uk/
154151,B & H Care Ltd,Ipswich,https://bhhomecare.co.uk
154154,B & H Pizzeria Ltd,Darlington,https://bhpizzeriachippy.co.uk/
154156,B & L Recruitment Ltd,London,https://blrecruitment.com/
154157,B & M Capital Limtied,Plymouth,https://bandmcapital.com/
154158,B & M Real Estate Ltd,Bexleyheath,https://www.bmrealestate.uk/
154159,B & N Building Ltd,London,https://bnbuilding.uk/
154160,B & P METAL WORK LTD,HAYES,https://www.bnpmetals.com/
154161,B & P Pharma Limited t/a Carterton Chemist,Carterton,https://cartertonchemist.co.uk/
154163,B & S NEWSAGENTS LTD,LONDON,https://bandsnewsagentslondonltd.com/
154164,B & W Boathouse Inn Moulsford Ltd t/a The Beetle and Wedge,Northhampton,https://www.beetleandwedge.co.uk/
154165,B & Z Services LTD,London,http://bzservices.uk
154167,B A International Solicitors Ltd,London,https://chamsolicitors.com/
154169,B A Williams Solicitors,London,https://bawilliamssolicitors.com/
154171,B and A Precision Engineering Limited,Preston,https://www.precisionengineeringlondon.co.uk/
154173,B AND M STORES T/A NISA LOCAL,LUTON,https://jobs.bmstores.co.uk/
154174,B AND S (SCOTLAND) LIMITED,Edinburgh,https://careers.bs-international.com/
154176,B B Body Repairers,DUMFRIES,https://www.bbbody.co.uk/
154178,B Bagel Ltd,London,https://www.bbagel.co.uk/
154179,B Bagel Trading Limited,London,https://www.bbagel.co.uk
154180,B D HEALTHCARE LIMITED,Walsall,https://numarknet.com/
154183,B G B LTD,Coventry,http://gbbuk.com
154336,B Healthy Ltd,London,https://b-healthy.shop
154337,B Healthy Ltd,London,https://b-healthy.shop
154339,B J M Dental Laboratory Ltd,Wallington,https://www.bjmlabs.com/
154342,B JOSHI LIMITED,Hinckley,https://bjoshilimited.co.uk
154343,B M HOWARTH LTD,HALIFAX,https://www.bmhowarth.co.uk/
154344,B M Steel Fabrications Limited,Newry,https://www.bmsteelfab.com
154345,B McCaffrey & Sons Limited,Derrylin,https://www.mccaffreyquarries.com/
154346,B MILESTONE LIMITED T/A SIMPLY BROWS & BEAUTY,HARLOW,https://simplybrowsandbeauty.com/
154348,B N LOGISTICS LTD,Kent,https://bnlogistics.co.uk/
154349,B R M Jewel Craft Limited,London,http://brmjewelcraft.co.uk/
154350,B R M Jewel Craft Limited,London,http://brmjewelcraft.co.uk/
154352,B R Rail Ltd,Barking,https://www.brrail.com/
154353,B S Accessories Ltd T/A Fancy Jewellers,Manchester,https://fj-gold.com
154354,B S AND SONS LTD,Bruwell,https://www.bnsgroup.co.uk/
154356,B S Equestrian,Chippenham,https://bs-equestrian.co.uk
154358,B S REGIS LIMITED TA Blue Spice Halesowen,Halesowen,http://bluespicehalesowen.co.uk/
154359,B S Suthi and Bros Limited,Oldbury,https://www.bssuthiandbros.co.uk/
154362,B T Consultancy Limited,Twickenham,https://btconsultancy.com
154363,B THE BUILDERS LTD,DERBY,https://bthebuilders.co.uk/
154364,B Transfer Services Limited,London,https://btservicesnigeria.com/
154365,B Transfer Services Limited,London,https://btservicesnigeria.com/
154368,B Z Electrical Contractor Ltd,Hounslow,https://www.bzelectrical.com/
154370,B&A Quilting (UK) Limited,Manchester,https://www.ba-quilting.co.uk
154371,B&B Hotels UK Limited,London,https://www.hotel-bb.com/en/gb
154372,B&B Hotels UK Limited,London,https://www.hotel-bb.com/en/gb
154373,B&B News,London,https://www.bandbnews.co.uk/
154374,B&B Singh Construction Ltd,Uxbridge,https://bbsingh.co.uk/
154376,B&C London Investment Solutions Ltd,London,https://baclis.com/
154377,B&C Retails Ltd T/as The Cornish Oggy Oggy Pasty Company,Exeter,http://oggyoggy.com
154379,B&F SOLUTIONS LTD,Wakefield,https://bandfsolutions.com
154380,B&F SOLUTIONS LTD,Wakefield,https://bandfsolutions.com
154536,Rotamat Limited trading as Huber Technology,"Chippenham,",https://www.huber-se.com/
154544,SEAHAM HIGH SCHOOL,SEAHAM,https://www.seahamhighschool.com/
154552,"""K"" Line Energy Shipping (UK) Limited",LONDON,https://klinenergyuk.com/
154553,"""K"" Line Energy Shipping (UK) Limited",LONDON,https://klinenergyuk.com/
154555,'Enterprise Singapore Board',London,https://www.enterprisesg.gov.sg
154556,'Enterprise Singapore Board',London,https://www.enterprisesg.gov.sg
154558,(A1F1 Limited T/A ) Ultrasound Direct London,Croydon,https://www.ultrasound-direct.com/
154562,@ Architect UK Ltd,West Horndon,https://www.architectltd.co.uk/
154569,003 Ltd,Hounslow,https://003.co.uk
154570,007 Taxi Limited,Oxford,https://007taxis.co.uk/
154572,00Nation Limited,London,http://www.00NATION.com
154573,00Nation Limited,London,http://www.00NATION.com
154574,01 Accounting Services Ltd,London,https://01accountingservices.com/
154575,012 Global Ltd,London,https://www.012-global.com/
154576,023 LTD,Edinburgh,https://023ltd.co.uk/
154578,09 Care Limited,Bradford,https://09carelimited.com/
154579,0xA Technologies Ltd,London,https://www.0xa.co.uk
154580,1 ACE TRAINING LIMITED,London,https://1acetraining.co.uk
154581,1 ALS LIMITED,London,https://als-prod-cd.alsglobal.com
154583,1 And 5 Tech Ltd,Slough,https://1and5tech.com/
154584,1 Answer Insurance Services LTD.,Polegate,https://www.1answer.co.uk
154587,1 Digitals Europe Limited,Slough,https://www.1digitals.com/
154588,1 Green Foods Ltd,Northolt,https://1greenfoods.co.uk/
154589,1 Homecare Ltd,Preston,https://1homecare.co.uk/
154591,1 Key Solution Limited,Leicester,https://1keysolution.co.uk/
154598,1 STOP CARS LTD,STAINES,https://1stopcars.co.uk/
154599,1 Stop Print Ltd,Ilford,https://1stopprint.co.uk/
154600,1 STOP REC LIMITED,ESSEX,https://www.1stophealthcare.co.uk
154601,1 Stop Wash Ltd,London,https://1stopwash.com/
154602,1 WAY TECH SOLUTIONS LIMITED,London,https://1waytechsolutions.co.uk/
154603,1-2 Achieve,Downham Market,https://1-2achieve.co.uk
154604,1-2 Call Cars Ltd,Hampshire,https://12callcars.co.uk/
154605,1-VIA LTD,Reading,https://www.1-via.com/
154610,10 Squared Ltd,Pocklington,https://10squared.co.uk/
154611,10/10 MEDICAL LIMITED,SOUTHPORT,https://1010medical.com/
154612,10:10 Games Limited,Warrington,https://www.1010games.com
154615,1000 Trades Limited,Birmingham,https://1000trades.org.uk/
154616,1000heads Ltd,London,https://1000heads.com/
154617,1001 AI Limited,London,https://1001.ai/
154618,100Starlings Ltd,London,https://www.100starlings.com
154621,101 Harley Street LTD,London,https://101hs.co.uk/
154622,101 Healthcare ltd,Gloucester,https://101healthcare.co.uk/
154624,101 Ways Limited,London,https://www.101ways.com
154626,105 West Architects Ltd,Bristol,https://105west.co.uk/
154627,1066 Foodservice Limited trading as Roosters Piri Piri,Harrow,https://www.roosterspiripiri.com/
154628,1066 PLUMBING AND HEATING LTD,"St. Leonards-On-Sea,",https://1066phdltd.co.uk/
154632,10ACT Ltd T/A TrackBack,"Chilworth, Southampton",https://www.trackback.net/
154633,10architect Ltd,Manchester,https://10architect.co.uk
154634,10BE5 LTD.,London,https://10be5.com
154637,10Pearls Ltd,London,https://10pearls.com/
154638,10X Banking Technology Services Ltd,London,https://www.10xbanking.com/
154641,11:FS GROUP LIMITED,London,https://www.11fs.com
154642,111 By Nico Ltd,Glasgow,https://111bynico.com
154643,111 Pilates Ltd,Blackheath,https://www.111pilates.com/
154644,111 Skin Limited,London,https://111skin.com
154645,114 GPS Ltd  T/A Sushi Atelier,LONDON,https://www.sushiatelier.co.uk/
154648,11Arches,Bishop Auckland,https://11arches.org
154650,11K Consulting Ltd,London,https://www.11kconsulting.com/
154651,11Plus Teacher Ltd,Chelmsford,https://www.11plusteacher.co.uk/
154652,11x Limited,London,https://builtinlondon.uk/company/11x
154654,12.18 Roxburghe Hotel Golf & Spa Ltd,Heiton by Kelso,https://schlosshotel-roxburghe.com/en
154657,1218 UK Limited,Leicester,https://www.1218uk.com
154658,123 E-Filing Limited,Bolton,https://www.123efiling.co.uk
154659,123 Insight Limited,Durely,https://123insight.com
154662,1265 Degrees North Ltd,Newcastle upon Tyne,https://1265degreesnorth.com
154663,1266 Music Group,Glasgow,https://www.1266music.com/
154666,13 TRAVEL LTD,BINLEY,https://13travel.co.uk/
154667,1313 Global Limited,Hounslow,http://www.1313global.com/
154670,13th Street Hospitality Ltd t/a Sunday in Brooklyn,London,https://www.sundayinbk.co.uk/
154676,1440Sports Management LTD,London,https://1440sports.com/
154678,1508 London Limited,London,https://1508london.com/
154680,152 Harley Street Limited,London,https://www.152harleystreet.com
154681,15Below Ltd,Brighton,https://15below.com/
154682,15GIFTS LTD,Brighton,https://15gifts.com
154683,16 Barrack Ltd TA Saffron Indian Restaurant & Pizza Place,Woodbridge,https://saffron-indian.co.uk/
154684,16 Plus Care Support Solutions Ltd,Gloucester,https://www.16pluscare.uk
154689,17 Capital Services Ltd,London,https://www.17capital.com
154690,17 Capital Services Ltd,London,https://www.17capital.com
154694,173tech Ltd,Havant,https://173tech.com/
154699,17CARE UK LTD,High Wycombe,https://17care.co.uk/
154703,18 Degrees Below Ltd,London,https://18degs.com/
154706,18.01 London Limited,London,http://1801london.com/
154707,184 DISTRIBUTION LIMITED,Cambridge,https://www.184distribution.co.uk/
154708,1854 Media Limited,London,https://1854.media
154712,1885 the Venue Ltd,Halifax,http://1885therestaurant.co.uk/
154715,18APR Limited,London,https://www.18weeksupport.com/
154716,18PLUS SUPPORT LIMITED,Wickford,http://18pluslimited.co.uk
154721,1953 Bar And Restaurant,Galashiels,https://1953-restaurant.co.uk/
154723,1986 The Kebab Kafe (just halal Kebabs),Sheffield,https://1986kebab.co.uk/
154724,199 Clinic Limited t/a London Longevity Clinic,London,https://www.199.clinic/
154725,1A ORTHODONTICS LIMITED,London,https://www.1aorthodontics.com
154726,1Breadcrumb UK Ltd,London,https://1breadcrumb.com
154727,1CLICK STUDIO,DAGENHAM,https://1clickstudio.co.uk/
154728,1D Agency Ltd T/A One Day Agency,MANCHESTER,https://oneday.agency
154729,1DA Limited,Middlesex,https://1da.co
154730,1decision Limited,Stevenage,https://www.1decision.co.uk/
154731,1E Limited,London,https://www.1e.com
154732,1E Limited,London,https://www.1e.com
154733,1GLOBAL Operations (UK) Limited,London,https://www.1global.com
154734,1GLOBAL Operations (UK) Limited,London,https://www.1global.com
154736,1OAK CAPITAL LIMITED,London,https://1oakcapitallimited.co.uk
154738,1partCarbon Ltd,Edinburgh,https://1partcarbon.co.uk
154740,1SA LIMITED T/A Subway,Hammersmith,https://www.subway.com/en-gb
154742,1st Adtube Limited,London,http://1stadtube.com
154743,1st Airport Taxis LTD,Luton,https://www.1stairporttaxis.co.uk
154745,1st Care Limited t/as The Hawthorne Nursing Home,Nottinghamshire,https://hawthornenursinghome.com/
154746,1st Central Care Limited,Stanford-le-Hope,https://1stcentralcare.co.uk/
154754,1ST CHOICE RESOURCE GRP LTD,Edinburgh,http://www.1stchoiceresourcegroup.co.uk/
154755,1st Choice Windows Yorkshire Ltd.,Bradford,https://www.1stchoicewindowyorkshire.com/
154756,1ST Class Care Agency Ltd,Prescot,https://1stclass-care.co.uk
154757,1st Class care services 2LTD,Ledbury,https://www.firstclasscareuk.com/
154759,1st Class Protection Ltd,London,https://www.1stclassprotection.co.uk/
154760,1st Cloud Accountants,Sunderland,https://www.1stcloudaccountants.co.uk
154761,1st Enable Ltd,Ellesmere Port,https://1stenable.co.uk/
154762,1st Focus Homecare Ltd,Edinburgh,https://1stfocuscare.co.uk/
154763,1st Formations Limited,London,https://www.1stformations.co.uk/
154764,1st Fresh Foods Ltd,Mitcham,https://1stfreshfoods.com
154765,1st Glimpse Ltd,Burnham on Crouch,https://www.windowtothewomb.co.uk
154766,1st Grade Care Ltd,St Mellons,https://www.1stgradecare.co.uk
154767,1st Homecare Solutions Limited,Leighton Buzzard,https://www.1st-homecare.com/
154768,1st Line Defence Ltd,Hoddesdon,https://www.1stlinedefence.co.uk/
154769,1st Locate UK LTD,Leeds,https://www.1stlocate.com/
154770,1ST LOOK FIRE & SECURITY SOLUTIONS LTD,Colne,https://www.1stlookfireandsecurity.com/
154771,1ST MALL LTD,Reading,https://1stmall.co.uk/
154772,1st Mr Clutch Ltd,Ilford,https://www.mrclutch.com
154773,1ST NATIONAL SECURITY LTD,Waltham Abbey,https://www.1stnationalsecurity.com/
154774,1st Option Representation Limited,London,https://www.1st-option.com/
154775,1ST PERFORMANCE & EXHAUSTS LIMITED,Norfolk,https://1stperformance.co.uk/
154776,1ST SHIELD SECURITY SERVICE LIMITED,London,https://1stshieldsecurity.co.uk/
154780,1st Technologies Ltd,Preston,https://www.1st-tech.co.uk
154782,1ST VISA INTERNATIONAL LIMITED,London,https://1stvisa.co.uk
154783,1ST VISA INTERNATIONAL LIMITED,London,https://1stvisa.co.uk
154784,1stavenue.co.uk Ltd,Bromley,https://1stavenue.co.uk/
154785,1stCurve Limited,Hockley,https://www.1stcurve.com/
154786,1STOP GLAZING LIMITED Trading as Imperial Glazing Solutions,Ilford,https://www.imperialgs.co.uk/
154787,1stopbabystore ltd,London,http://1stopbabystore.co.uk/
154788,1SW EVENTS LONDON LTD,ALFREDS  WAY,https://1swevents.com/
154789,1WorldSync Limited,London,https://1worldsync.com/
154790,2 Agriculture Limited T/A 2 Agriculture,Newbridge,https://www.2agriculture.com/
154794,2 CARERS LTD,Stafford,https://www.2carers.co.uk/
154796,2 degrees Limited,Oxford,https://www.2degrees.uk.com
154797,2 Degrees Limited,Oxford,https://2degreesnetwork.com/
154798,2 EXCEL ENGINEERING LIMITED,Lasham,https://www.2excelengineering.com/
154800,2 Guyz Limited,Illford,https://2guyzltd.com
154802,2 Love Coffee Shop LTD,London,https://2lovecoffeehouse.co.uk/
154804,2 Plan Project Management Limited,Woking,https://2planpm.co.uk/
154805,2 Sisters Food Group Limited,Wakefield,https://www.2sfg.com
154806,2 Sisters Food Group Limited,Wakefield,https://www.2sfg.com
154807,2-4c,Brentwood,https://www.4cstrategies.com/
154808,2.0 Consulting Limited,London,https://2point0.co.uk
154810,20-20 Events Management Limited,London,https://www.20-20events.com/
154812,200 Degrees Coffee Roasters,Nottingham,https://200degs.com/
154813,200OK Solutions Ltd,Stanmore,https://www.200oksolutions.com/
154814,201 ASIAN KITCHEN,London,https://www.201asiankitchen.com/
154816,2020 Innovation Training Limited,Birmingham,https://www.2020innovation.com/
154820,21 Six ltd,Curdridge,https://21six.com/
154821,21 Six Platform Limited,London,https://21six.com
154823,21D Bioengineering Ltd,Warrington,http://smiledesignlab.co.uk/
154824,21D Bioengineering Ltd,Warrington,http://smiledesignlab.co.uk/
154825,21D Clinical Limited,Warrington,https://www.21d.co.uk/
154826,21Hundred,London,https://21hundred.org/
154828,21ST CENTURY CARE (PLYMOUTH) LIMITED,IVYBRIDGE,https://www.care21stcentury.co.uk/
154830,22cans Ltd.,GUILDFORD,http://22cans.com/
154831,23 Architecture Ltd,London,https://www.23arc.com/
154832,23 Consult Ltd,Liverpool,https://www.23consult.com/
154834,2399098 Ontario Inc o/a MAK Consulting Group,High Wycombe,https://www.makconsulting.co.uk/
154835,23MD Medical Services Ltd,Canterbury,https://23md.co.uk/
154838,24 Acoustics Ltd,Southampton,https://www.24acoustics.co.uk
154839,24 PRODUCTIONS LTD,LONDON,https://24productions.co.uk/
154842,24 Seven UK Limited,London,https://www.24seventalent.com/
154844,24-7 Prayer,Woking,https://www.24-7prayer.com/
154845,24/7 Helping Hands Service,Leicester,https://247helpinghands.co.uk/
154846,24/7 Hire & Property Maintenance Services Limited,Liverpool,https://247hapms.co.uk/
154852,247 Bluebell Care Ltd,Luton,https://247bluebellcare.co.uk/
154853,247 CARS (WILLENHALL) LIMITED,Willenhall,https://www.247-247.net
154854,247 Commerce Ltd,Brentford,https://www.247commerce.co.uk/
154856,247 IT SERVICES LIMITED,Hamshire,https://247it.services/
154857,247 PEST CONTROL LTD,Ilford,https://www.247pestcontrol.co.uk/
154858,247 staffing support ltd,Kettering,https://247staffingsupport.co.uk/
154859,247 TAXI LINE LIMITED,Milton Keynes,https://247taxiline.co.uk
154860,247 Wholesale Limited,Manchester,https://247wholesale.co.uk
154861,24Haymarket Limited,London,https://24haymarket.com/
154863,24SQ LIMITED,London,http://www.24sq.com
154864,24X7 CHESTER LIMITED,CREWE,https://24x7cheshire.co.uk/
154865,24x7 Limited,Dunmow,https://24x7.co.uk/
154868,256 LOGISTICS LTD,Normanton Industrial Estate,https://256logisticsltd.co.uk/
154870,26 DEGREES GLOBAL MARKETS (UK)LIMITED,London,https://www.26degreesglobalmarkets.com/
154871,26 DEGREES GLOBAL MARKETS (UK)LIMITED,London,https://www.26degreesglobalmarkets.com/
154874,272BIO Ltd,Uckfield,https://272bio.com/
154877,28 ESTATE AGENT LIMITED,Ilford,https://28.estate/
154881,288 Group Limited,Poole,https://288group.com/
154882,"289 Imaging Ltd, Trading as 'The Ultrasound Clinic'",Silsoe,https://www.the-ultrasound-clinic.co.uk
154883,28b Limited,Huntingdon,https://28b.co.uk
154884,28C LIMITED,Huntingdon,https://www.28c.co.uk/
154886,29 Stoney Street LLP,Nottingham,http://mitchellwilde.com/
154887,29FORWARD Ltd,London,http://www.29forward.com
154890,2BIT TECH LIMITED,London,https://2bittech.co.uk/
154891,2BROTHERSCHILOS LIMITED T/A CHILO'S,STIRLING,https://www.chilos.co.uk/
154894,2Connect Equities Ltd,Derby,https://www.2connect.co.uk/
154895,2CRSi UK LTD,Manchester,https://2crsi.com/
154896,2CV Ltd,London,https://www.2cv.com/
154897,2Dees Ltd,Dartford,https://2deesltd.co.uk/
154899,2E Accountants Ltd,London,https://2eaccountants.co.uk
154900,2E Apostille Services Ltd,London,https://2eapostille.co.uk/
154901,2e Systems Ltd,Frimley,https://www.2e-systems.com/
154902,2ELV Horizon Limited,Romford,https://2elvhorizon.com/index.html
154903,2Excel Aviation Ltd,Sywell,https://www.2excelaviation.com/
154906,2H Offshore Engineering Ltd,Woking,https://2hoffshore.com/
154907,2H Offshore Engineering Ltd,Woking,https://2hoffshore.com/
154908,2i Limited,Edinburgh,https://2itesting.com/
154910,2K CONSTRUCTION LTD,London,https://www.2kconstruction.co.uk/
154912,2M Health & Home Care Ltd,Smethwick,https://www.2mhealthandhomecare.co.uk
154913,2MS CONSTRUCTION LTD,NEWMARKET,https://www.2msconstruction.com/
154914,2MS CONSTRUCTION LTD,NEWMARKET,https://www.2msconstruction.com/
154915,2R Capital Investment Management Limited,London,https://2rcapital.com/
154916,2R1 Limited T/A German Doner Kebab,Ruislip,https://www.germandonerkebab.com
154922,2SD Technologies Limited,London,https://www.2sdtechnologies.com/
154923,2TECK LIMITED,WATERLOOVILLE,https://www.2teck.co.uk/
154924,2tees AfroCaribbean Foods Ltd,Andover,https://2teesfoods.co.uk/
154925,2THEWORLD LTD,London,https://2theworld.com/
154927,2X GLOBAL LIMITED,London,https://www.2xglobal.org/
154928,2X GLOBAL LIMITED,London,https://www.2xglobal.org/
154929,3 Aces London LTD,Southall,https://www.3ace.co.uk/
154930,3 ANGELS COMPLEX CARE SERVICES LTD,WOLVERHAMPTON,https://3angelscomplexcare.com/
154931,3 Angels Complex Care Services Ltd,Wolverhampton,https://3angelscomplexcare.com/
154932,3 Associates Capital Management Limited,Amersham,https://www.3associates.com/
154933,3 Catering Limited,Oxford,http://stage3catering.co.uk
154934,3 Crowns LTD,Dundee,https://www.threecrownsllp.com/
154936,3 F International Limited,Haywards Heath,http://abbeycare.com/
154937,3 HA Limited,Colchester,https://www.3hacares.co.uk/
154938,3 Heads Agency,Bedford,https://www.3headsagency.com/
154943,3 Peaks Health Limited,London,https://www.3peakshealth.com/
154945,3 Sided Cube (UK) Ltd,Bournemouth,https://3sidedcube.com
154946,3 Spices Restaurant Limited,Nottingham,https://threespices.co.uk/
154949,3 Trees Care & Support Ltd,Bristol,https://www.3tcs.co.uk
154950,3 Way Displays Lts,Chesham,https://www.3waydisplays.com/
154951,3 YAAR LIMITED T/AS TANDOORI FUSION,Wembley Park,https://www.londondesigneroutlet.com/stores/tandoori-fusion/
154952,3-D Matrix UK Limited,London,https://3-dmatrix.com/
154953,3-D Matrix UK Limited,London,https://3-dmatrix.com/
154956,300 SPARTANS LIMITED,Lincs,https://300spartans.uk/
154957,3000 YEARS MUSIC PUBLISHING  LIMITED,RISLEY,https://3000years.com/
154966,333STUDIOS LTD,England,https://333studios.co.uk/
154967,333STUDIOS LTD,England,https://333studios.co.uk/
154968,338 Mobiles Ltd,Birmingham,http://www.338mobiles.co.uk
154969,33n Ltd,Cambridgeshire,https://www.33n.co.uk/
154972,345 TECHNOLOGY LIMITED,Portsmouth,https://345technology.co.uk/
154975,36 South Capital Advisors LLP,London,https://36south.com
154976,36.7 Studio LTD,London,https://www.367studio.co.uk/
154978,360 Brand Group Limited,Heywood,https://www.360brandgroup.com/
154981,360 DIGI MARKETING LTD,Canary Wharf,https://www.360digimarketing.co.uk/
154982,360 DIGI MARKETING LTD,Canary Wharf,https://www.360digimarketing.co.uk/
154983,360 Dot Net Ltd,Leicester,https://www.360dotnet.co.uk/
154984,360 energy,Craigavon,https://www.360-energy.co.uk/
154987,360 health ltd,london,https://www.adhd-360.com/
154988,360 Law Group Limited,Lightwater,https://www.360lawgroup.co.uk/
154989,360 Leaders Ltd,London,https://360leaders.com/
154992,360 Trading Networks UK Limited,London,https://www.360t.com
154993,360 Trading Networks UK Limited,London,https://www.360t.com
154994,360insights (Europe) Ltd,Stratford-upon-Avon,https://www.360insights.com/
154995,365 Business Finance,London,https://365businessfinance.co.uk
154996,365 Care Homes Ltd T/A Delph House Care Home,Littleport,https://www.365carehomes.co.uk
154997,365 Childminding Ltd,Luton,https://www.365childminding.co.uk/
154999,365 Motors LTD,Bolton,https://www.365motors.co.uk/
155000,365 Placement Solutions limited,Grawley,https://365placementsolutions.com
155001,365 RM (UK) Ltd,Glasgow,https://getspoonfed.com/
155002,365 SERVICES (UK) LTD,Ilford,https://365-ltd.co.uk/
155004,365 Support Limited,Southport,https://www.365support.org
155006,36T Hub Intl Limited,West Drayton,https://www.36t-hub.com/
155007,38 Degrees,London,https://home.38degrees.org.uk/
155010,381 MS Ltd,Slough,https://www.381ms.co.uk/
155011,3812 Gallery (UK) Ltd,London,https://www.3812gallery.com/
155012,387 Veterinary Centre Limited,Great Wyrley,http://www.387vets.com
155013,39 Essex Chambers (Services) Limited,London,https://www.39essex.com/
155023,3A TELECOM CONSULTANCY LTD,London,https://www.3aconsultancy.net/
155024,3A'S Consultants Ltd.,Coventry,https://3asconsultants.com/
155028,3ADesign Ltd,Ipswich,https://3adesign.co.uk/
155029,3AI LTD,London,https://www.3ai.co
155033,3AK Alum Rock Limited,Birmingham,https://3akalumrock.co.uk
155039,3AK Slough Limited t/a J. Junaid Jamshed by Janan,Slough,https://uk.junaidjamshed.com/
155044,3b construction ltd,Newton Stewart,https://www.3bconstruction.co.uk/
155045,3B DIGITAL LTD,LONDON,https://3bdigital.co.uk
155048,3BN CARE LTD,Corby,https://3bncare.co.uk/
155050,3CIX LTD,Newport Pagnell,https://3cix.com/
155053,3CS Holdings Ltd,London,https://www.3cslondon.com
155054,3D BUILDING HOME LTD,London,https://www.3dbuildinghome.co.uk/
155056,3D Coffee (Oadby) Limited T/A Costa Coffee,Dartford,https://costacareers.co.uk/
155058,3D Drumchapel,Glasgow,https://www.3ddrumchapel.org.uk/
155060,3D HOUSING GROUP LTD,Birmingham,https://www.3dhousinggroup.com/
155062,3d leisure Limited,farnham,https://www.3dleisure.com/
155064,3D Marcomms Limited,Copford,https://3dmarcomms.com
155065,3D People Limited,London,https://www.3dpeople.uk/
155067,3D Systems Europe Ltd,Hemel Hempstead,https://www.3dsystems.com/
155068,3D Systems Europe Ltd,Hemel Hempstead,https://www.3dsystems.com/
155069,3D Technical Design Limited,Milton Keynes,https://3dtechnicaldesign.co.uk/
155070,3D TRADE LTD,"Croydon, London",https://3dtrade.biz/
155073,3DEO,Belfast,https://www.3deo.com
155075,3dMD Technologies Limited,London,https://3dmd.com/
155076,3dMD Technologies Limited,London,https://3dmd.com/
155077,3DReid Limited,London,https://www.3dreid.com/
155078,3DRP Ltd,Welwyn,https://www.3drp.co.uk/
155079,3EN Cloud Ltd,Holywood,https://3en.group/
155080,3ES Accountants Limited,Harrow,https://3esaccountants.co.uk/
155081,3F BIO LTD,Glasgow,https://www.3fbio.com/
155083,3Forge UK LTD,London,https://3forge.com/
155084,3Forge UK LTD,London,https://3forge.com/
155085,3G Metal Fabrications Limited,Leicester,https://www.3gmf.co.uk/
155086,3Gi Technology Limited,Shenfield,https://3gitechnology.com
155087,3I CONSTRUCTIONS LTD,LONDON,https://3iconstructions.co.uk/
155088,3i Infotech (UK) Limited,London,https://www.3i-infotech.com/
155089,3i plc,London,https://www.3i.com/
155090,3i plc,London,https://www.3i.com/
155091,3i plc,London,https://www.3i.com/
155092,3ie UK,London,https://www.3ieimpact.org/
155093,3ie UK,London,https://www.3ieimpact.org/
155096,3K's Engineering Company Limited,Llanelli,https://3ksengineering.com/
155097,3Keel Group Ltd,Witney,https://www.3keel.com/
155098,3Key Homes UK Limited T/as Aaran Central Guesthouse,Aberdeen,https://3keys.uk
155099,3KH Ltd T/A Tipu Sultan Birmingham,Birmingham,https://www.tipu-sultan.com/
155100,3KOBROS LIMITED,London,https://3kobros.com/
155101,3LR Lighting Ltd,Newport,https://www.3lrlighting.com/
155102,3M Accountants Ltd,Smethwick,https://3maccountants.com/
155103,3M United Kingdom PLC,Bracknell,https://www.3m.co.uk
155104,3M United Kingdom PLC,Bracknell,https://www.3m.co.uk
155106,3P Foods Ltd TA Heavenly Desserts,Birmingham,https://www.heavenlydesserts.co.uk
155107,3PLS Platform Limited,Amersham,https://fulfilment.com
155108,3pX Group,London,https://www.3px.group/
155109,3R EPOS LIMITED,Epping,https://www.3rtelecom.co.uk
155110,3R Technology UK Ltd,Preston,https://www.3rtechnologyuk.com/
155114,3S ADOLESCENT CARE,CHEADLE,https://www.3sadolescentcare.com
155115,3s commercial ltd,London,http://3s-ad.com
155118,3S Money Club Limited,london,https://3s.money
155120,3Search Limited,London,https://www.3searchgroup.com/
155121,3T Additive Manufacturing Ltd,Newbury,https://www.3t-am.com/
155122,3T Additive Manufacturing Ltd,Newbury,https://www.3t-am.com/
155123,3T Additive Manufacturing Ltd,Newbury,https://www.3t-am.com/
155124,3T Logistics Limited,Leicester,https://www.3t-europe.com
155125,3T TRAINING SERVICES LIMITED,Dorset,https://www.3t-ts.co.uk
155126,3t Transform Limited,Cobalt Business Park,https://www.3t-transform.com/
155127,3T Travel & Tourism Limited,Barking,http://3ttravel.co.uk/
155128,3ti Energy Hubs Ltd,LEATHERHEAD,https://3ti.co.uk/
155129,3TOP Aviation Services Ltd,Surrey,https://www.3topaviation.com/
155130,3V Consultants Limited,Solihull,https://www.3vconsultants.co.uk
155132,3Vision Ltd,Bath,https://www.3vision.tv/
155133,3VRM Limited,Manchester,https://3vrm.com/
155135,3X Sports Limited,Luton,https://3xsports.co.uk/
155138,4 CONTINENTS STORES LTD,Kent,https://www.4continentsstores.com
155139,4 Corners Distribution Ltd,Barking,https://www.fourcornersuk.com/
155140,4 Dots Training & Advisory Limited,Beaconsfield,https://4dotsadvisory.com/
155142,4 Eyes Capital Limited,London,https://4eyescapital.com/
155144,4 GLOBAL CONSULTING LIMITED,Chiswick,https://investors.4global.com/
155148,4 Net Technologies LTD (t/a FourNet),Manchester,https://fournet.co.uk/
155149,4 Roads Ltd,Kenilworth,https://www.4-roads.com/
155159,4 Summit ltd,CROYDON,https://www.4summit.co.uk
155162,4 Wall Entertainment UK Limited,Harlow,https://europe.4wall.com
155164,4-Site Power & Fibre Networks Ltd,Gosport,https://www.4site-networks.co.uk
155169,415 PALAETTE LTD,London,http://palaette.co.uk
155170,4170 UK LLP,London,https://www.4170.trading/
155171,4170 UK LLP,London,https://www.4170.trading/
155173,42 Bruton Limited,London,https://www.42bruton.com
155175,42 Technology Limited,Cambourne,https://www.42technology.com
155177,42Gears Mobility Systems (UK) Ltd,Manchester,https://www.42gears.com/
155178,42Gears Mobility Systems (UK) Ltd,Manchester,https://www.42gears.com/
155179,42nd Street,Manchester,https://www.42ndstreet.org.uk
155180,42Video Limited,Morden,https://42-video.com/
155181,42Video Limited,Morden,https://42-video.com/
155183,432 Presents CIC,Glasgow,https://www.thehugandpint.com
155184,44 ENERGY LTD,London,https://44energy.com/
155185,44 ENERGY LTD,London,https://44energy.com/
155187,44Pixels Limited,London,https://44pixels.co.uk
155189,474 Management Limited T/a Duke Of Design,Greenford,https://dukeofdesign.co.uk/
155191,4A Technologies Ltd,Hayes,https://4atechnologies.co.uk/
155192,4BASE CONSTRUCTION LTD,Southall,http://4baseconstruction.co.uk
155193,4basebio,Over,https://www.4basebio.com/
155194,4BIO Ventures Management Limited,London,https://www.4biocapital.com
155195,4BREEZE LTD,Reading,https://www.4breeze.com/
155196,4C Associates Ltd,London,https://www.4cassociates.com/
155197,4C EUROPE UK LTD,London,https://4c.co.uk/
155198,4C EUROPE UK LTD,London,https://4c.co.uk/
155199,4C Hotels - Minories LLP,London,https://www.4chotels.co.uk
155200,4C Hotels Victoria LLP,London,https://4cgroup.co.uk/
155201,4C Hotels-Camden Lock LLP,London,https://hicamdenlock.co.uk/
155202,4C LABS LTD,London,https://4clabs.co/
155203,4CAST Limited  T/A Continuum Economics,London,https://continuumeconomics.com
155204,4Demand Ltd,London,https://www.4demand.co.uk
155207,4Eden,Penrith,https://www.4eden.co.uk/
155208,4Ever Care UK Ltd,Blackburn,https://4evercareuk.co.uk/
155210,4FEET RETAIL LTD,London,https://4feetshoes.com
155212,4iApps Solutions Ltd,London,https://www.4iapps.com/
155213,4iApps Solutions Ltd,London,https://www.4iapps.com/
155214,4J Studios Limited,East Linton,https://4jstudios.com/
155215,4J'S Educational Academy Ltd,Peterborough,https://www.4jsedu.co.uk/
155219,4life Healthcare Services Ltd,Canterbury,https://www.4lifehealthcare.co.uk/
155222,4ME@U Ltd T/A Devoncare,Plymouth (Devon),https://www.devoncare.co.uk/
155223,4most (Europe) Limited,London,https://www.4-most.co.uk/
155227,4P4 LTD,London,https://4p4.ltd/
155228,4PS Construction Solutions Limited,Birmingham,https://www.4ps.co.uk/
155229,4PS Construction Solutions Limited,Birmingham,https://www.4ps.co.uk/
155230,4RDigital Limited,London,https://4rdigital.com/
155233,4S UK CONSULTING LIMITED,Reading,https://4sukconsulting.co.uk
155234,4site Consulting Limited,Feering,https://4siteconsulting.co.uk/
155235,4Site Recruitment limited,London,https://4siterecruitment.co.uk/
155236,4SSG UK Limited,Birmingham,https://4ssg.co.uk/
155238,4T Markets Limited,London,https://4t.com/
155239,4T2 SENSORS LTD,Nantwich,https://4t2sensors.com/
155240,4th Dimension Technology Ltd,Corsham,https://fourdtech.com/
155242,4Wheeler Ltd,Camberley,https://4wheelerltd.co.uk/
155247,5 CARE SERVICES LIMITED,WALSALL,https://5careservices.co.uk/
155251,5 Hertford Street,London,https://www.5hertfordstreet.com/
155252,5 INDUSTRIAL LIMITED,Redditch,http://www.5industrial.co.uk
155253,5 Lights Training,Bradford,https://5lights.co.uk/
155257,5 Squirrels Ltd,Hove,https://www.5squirrels.com/
155259,5 Star Cars Bedford Limited,Bedford,https://5starcarsbedford.co.uk
155262,5 STAR FOOD DISTRIBUTION LTD,London,https://5starfoodsltd.com/
155263,5 Star Fruit and Veg London Ltd,Ilford,https://www.5starfruitandveg.com
155264,5 Star Glazing Ltd,Uxbridge,http://www.5starglazing.co.uk
155267,5 Star Plastics Ltd,Camberley,https://5starplastics.co.uk/
155268,500 Degrees Ferndale Road Ltd,"London,",https://500degreesbrixton.co.uk/
155269,500 Degrees Herne Hill Ltd,London,https://500degrees.co
155271,500k International,Cambridge,https://www.the500k.com/
155272,501 Entertainment Ltd,Aylesford,https://501entertainment.com
155273,505 Games Limited,Milton Keynes,https://505games.com/
155275,51 Cargo Services Ltd,Newton-Le-Willows,https://51cargo.co.uk/
155276,515 Capital Limited,Radlett,https://www.515capital.co.uk/
155278,51tocarbonzero Limited,Twemlow,https://www.51tocarbonzero.com/
155279,528 International Limited T/A MBM LIMITED,Liverpool,https://madebymitchell.co.uk
155281,53 North Aviation Ltd,ROCHDALE,https://www.53northaviation.com/
155283,54 Queen's Gate Hotel Limited,London,https://54.cybacat.com/
155284,54 Queens Gate Hotel Limited,London,https://www.54queensgate.com/
155285,542 Digital Limited,London,https://542digital.com
155286,543 Dental Centre Ltd,Hull,https://543dentalcentre.co.uk/
155287,550 Interiors Ltd,Birmingham,https://550interiors.co.uk/
155288,555 Business Ltd T/A Subway,Newmarket,https://www.subway.com/en-GB
155289,5654 & Company Limited,London,https://www.5654.co.uk/
155290,56Three Architects Limited,Edinburgh,https://www.56three.com/
155292,59 Studio Ltd,London,https://59.studio/
155295,5AB CARE LTD,Letchworth,https://5abcare.com/
155297,5app Ltd,London,https://5app.com
155298,5C Group Services Ltd,Birmingham,https://5c.co.uk
155299,5G Communications Limited,High Wycombe,https://www.5gcomms.com/
155300,5G connect ltd,Birmingham,https://5gconnects.co.uk
155301,5G3i Ltd,London,http://5g3i.com
155303,5M Solutions Ltd,Wolverhampton,https://5ms.co.uk
155307,5STARS TOTAL SOLUTIONS LTD,Brighton,https://www.5starstotalsolutionsltd.com/
155308,5th Avenue Clothing Ltd,Leicester,https://5thavenueclothing.co.uk
155309,5th Studio Ltd.,London,https://www.5thstudio.co.uk/
155310,5Y Technology Limited,Chelmsford,https://5ytechnology.com/
155311,6 Bit Education Ltd,Birmingham,https://6b.education/
155316,"60 Decibels, Inc",London,https://60decibels.com/
155319,60X Ltd,London,https://www.60x.ai/
155321,64 COMPUTERS LTD,LONDON,https://64computers.co.uk/
155322,65 Equity Partners Management (UK) Limited,London,https://www.65equitypartners.com/
155323,65 Equity Partners Management (UK) Limited,London,https://www.65equitypartners.com/
155325,67 Bricks Ltd.,Oxford,https://67bricks.com
155326,67 Health Limited,London,https://www.67health.co.uk/
155327,67 Pall Mall Ltd,London,https://www.67pallmall.com/
155328,68 Chef's Table Ltd,Leicester,https://www.chefstablechester.co.uk
155329,68 Mobile Solution Ltd t/a Mobile Solution,Nottingham,https://mobilesolution.uk
155331,6a ltd.,London,https://www.6a.co.uk/
155332,6B Digital Limited,Wakefiled,https://6b.systems
155334,6sense Insights UK Ltd,London,https://6sense.com
155335,6sense Insights UK Ltd,London,https://6sense.com
155337,7 Acorns Day Nursery,Sevenoaks,https://www.7acorns.co.uk/
155341,7 ES OUTSOURCE LTD,LONDON,https://www.7es.co.uk/
155342,7 Flavours Ltd T/A Roosters Piri Piri,Eastleigh,https://www.roosterspiripiri.com/
155343,7 HILLS ICT SERVICES LTD,WOKINGHAM,https://7hillsictservices.com
155345,7 HOPES LTD,London,https://www.7hopes.co.uk/
155346,7 Hospitality Management (UK) Ltd,Perth,https://www.7hospitality.co.uk/
155356,7 Star Ltd,Hayes,https://sevenstarltd.co.uk
155359,7 Steel Manufacturing (UK) Ltd,Cardiff,https://7-steeluk.com/
155361,72 Point Limited,Bristol,https://www.72point.com
155362,720 Management Limited,London,https://720ltd.com/
155363,720 Management Limited,London,https://720ltd.com/
155365,73 Strings Ltd,London,https://www.73strings.com/
155366,73 WR Ltd T/A Pizza Hut Delivery,Peterborough,https://www.pizzahut.co.uk/
155368,750mph Limited,London,https://www.750mph.com/
155369,76 Harley Street Ltd,London,https://76harleystreet.com
155370,77 Diamonds Limited,LONDON,https://www.77diamonds.com
155372,7711 IOW Limited,Seaview,https://www.iow.nhs.uk
155376,786 AUTO REPAIRS LTD,Glasgow,https://www.786autorepairs.co.uk/
155377,786 Childcare limited T/A Monkey puzzle day nursery in Welling,Welling,https://monkeypuzzlewelling.co.uk/
155381,786 PIZZA COMPANY LTD T/A PIZZA GO GO,Dewsbury,https://www.pizzagogo.co.uk/
155382,786HORIZON FOODS LTD,Motherwell,https://www.786horizonfoods.com/
155383,790 Wolseley Road Management Limited,London,http://790wolseleymanagement.com/
155384,79281 Childcare Ltd,Leeds,http://79281stonegateroad.co.uk/
155385,7AATRANG PARTYWEAR LTD,Birmingham,https://7aatrang.com/
155392,7Days Performance Limited,Norfolk,https://7daysperformance.co.uk/
155393,7Dxperts UK Ltd,London,https://7dxperts.com
155395,7Hills Technologies Ltd,Newcastle-Under-Lyme,https://7hillstechnologies.co.uk/
155398,7N Architects (Randolph) Ltd,Edinburgh,https://www.7narchitects.com/
155399,7Ridge Limited,London,https://7ridge.com/
155400,7TH HEAVEN FOODS LIMITED,London,https://www.7thheavenuk.com/
155401,7TH HEAVEN FOODS LIMITED,London,https://www.7thheavenuk.com/
155402,7th Heaven Trade Ltd,Brentford,https://shopdiva.co.uk
155403,7th Heaven Trade Ltd,Brentford,https://shopdiva.co.uk
155407,8 Million Stories Limited,Edinburgh,https://8ms.com/
155409,"80,000 Hours Limited",London,https://80000hours.org/
155410,80:20 Communications Limited,Guildford,https://80-20.co.uk
155411,80:20 Procurement Services Limited,Aberdeen,https://www.8020procurement.com/
155412,80:20 Procurement Services Limited,Aberdeen,https://www.8020procurement.com/
155413,80K RESTAURANT AND BAR BASILDON,BASILDON,https://eightyk.co.uk/
155416,85 Piccadilly Ltd,London,https://hide.co.uk
155417,85 Secret Garden,Staffs,https://www.secretgardennw3.co.uk/
155418,862 LTD t/a The McMillan Bar + Chop House,Glasgow,https://www.themcmillan.co.uk/
155424,89BK LTD T/A Quadrant Local - Premier Store,Manchester,http://89bk.co.uk/
155425,89up Ltd,London,https://89up.org/
155426,8Ball Contractors Limited,Nottingham,https://www.8balls.co.uk/
155430,8th Earl Spencer's Family Settlement,Althorp,https://althorpestate.com/
155431,8th Light Ltd,London,https://8thlight.com
155432,8th Light Ltd,London,https://8thlight.com
155433,8th Wonder Ltd.,Wigan,https://8thwonder.co.uk/
155434,8to8 Dental,Buckie,https://www.8to8dental.co.uk
155435,8TWENTY3 LIMITED,DUNSTABLE,https://www.8twentythree.com
155436,8x8 UK LIMITED,AYLESBURY,https://www.8x8.com/
155437,8x8 UK LIMITED,AYLESBURY,https://www.8x8.com/
155438,9 Cuisines Limited,London,https://9cuisines.co.uk/
155442,9 Property Group Ltd,Nottingham,https://www.9pg.co.uk/
155443,90 North Real Estate Partners LLP,London,https://90northgroup.com
155444,90 Sloane Street Limited,London,https://www.90sloanestreet.com
155445,92 Degrees Limited,Liverpool,https://92degrees.coffee/
155446,92 Higher Drive Ltd T/A Highfield House,Purley,https://fairliehealthcare.co.uk/
155449,93digital,London,https://claritydx.global
155450,94 Dental,Newport,https://www.94dental.com/
155454,96 Harley Street Limited,London,http://96harleystreet.co.uk
155458,99 HIGH STREET LTD T/A SPICE ROUGE,"Stevenage,",https://spicerouge.com
155459,99 V LIMITED t/a Victorious Tattoo Glasgow,Glasgow,https://victorioustattoo.com
155461,99P Recycling Ltd,Manchester,https://www.99precycling.com/
155464,9fin Limited,London,https://9fin.com
155465,9Nexus Limited,Ruislip,https://9nexus.com/
155480,A & B Cabs (Leicester) Ltd,Leicester,https://abtaxisinleicester.co.uk/
155481,A & B Concrete Pumping Limited,Southend-on-Sea,https://www.abpumping.co.uk
155484,A & CO ACCOUNTANTS (NMN) LTD,Manchester,https://aco-accountants.co.uk/
155489,A & D Hope Limited,London,https://adhope.com/
155491,A & D Murco Friendly Ltd,Fishguard,https://www.murco.co.uk/
155494,A & E GLAZING LTD,Dartford,https://aeglazing.co.uk/
155497,A & F Foods Limited T/a Pizza Hut,Reading,https://www.careersatpizzahut.co.uk/
155504,A & G Young,Errol,https://agg.uk.com
155506,A & H Exchange Limited,Thornton Heath,https://anhexchange.co.uk/
155511,A & I Care Homes Ltd T/a The Meadows Residential Care Home,Greenford,https://aicarehome.co.uk/
155514,A & J PROFESSIONALS LTD (T/A ZEST DRYCLEANERS),MARLOW,https://www.zestdrycleaners.com/
155518,A & M Cars South Ltd,Hemel Hempstead,https://www.amcarsltd.co.uk/
155521,A & M Granite Solutions Ltd,Durham,http://amgranitesolutions.co.uk
155522,A & M Motors,Nottingham,https://www.ammotors.co.uk/
155524,A & M Rugs Limited,Southampton,http://latifrugs.com/
155525,A & M SERVICES (ESSEX) LTD,Brentwood,https://aandmltd.com/
155526,A & M Textiles Limited,High Wycombe,https://amtextiles.co.uk/
155528,A & N TRIMMINGS LIMITED,SOLIHULL,https://www.antrimm.co.uk/
155529,A & R Care Limited,Sanderstead,https://arcarelimited.co.uk/
155534,A & S food Store,Luton,https://asmarket.co.uk/en
155549,A & V Transitional Homes Ltd,Leeds,https://www.avtransitionalhomes.org.uk/
155553,A & Z Trading Limited T/A Kaspas Desserts,London,https://kaspas.co.uk
155555,A + I Services,Portadown,https://aiservicesltd.co.uk/
155556,A 2 Z MOT Centre Ltd,Slough,https://www.a2zautozoneltd.com/
155558,A 2 Z Windows Limited,London,https://www.a2zwindows.co.uk/
155566,A A PROPERTY INVESTMENT (LUTON) LIMITED,Luton,http://directparkinginvestment.co.uk
155568,A and A Ali,Newcastle Upon Tyne,https://www.aliali.uk/
155570,A and B Smart materials,Oxford,https://www.absmartmaterials.com/
155572,A and D Hendon Ltd t/a Oishii Sushi,Hendon,https://oishiisushi.co.uk/
155583,A B C Cargo & Courier UK Limited,England,https://www.abcargoexpress.com
155584,A B C Cargo & Courier UK Limited,England,https://www.abcargoexpress.com
155586,A B Graphic International Limited,Bridlington,https://abgint.com/
155588,A Better Carehome Ltd T/As Breton Court,Tenterden,https://bretoncourt.co.uk/
155591,A C Hulme & Sons,Canterbury,https://hulmeandson.co.uk
155592,A C PREMIER FOODS UK LTD,Watlington,https://acpremierfoods.co.uk/
155593,A C UK GROUP LTD,"Uxbridge,",https://www.aandcgroup.co.uk
155596,A City Law Firm Ltd,London,https://acitylawfirm.com/
155597,A CLASS  NURSERY  LTD,LONDON,https://www.aclassnursery.co.uk/
155599,A Class Nursery Ltd,London,https://www.aclassnursery.co.uk/
155600,A Cloud Guru Ltd,Twickenham,https://acloudguru.com/
155601,A Cloud Guru Ltd,Twickenham,https://acloudguru.com/
155602,A Cloud Guru Ltd,Twickenham,https://acloudguru.com/
155603,A Cloud Guru Ltd,Twickenham,https://acloudguru.com/
155604,A Collected Man,London,https://www.acollectedman.com/
155607,A D FOODS LTD,London,http://adfoods.co.uk
155609,A DESIGN STUDIO LIMITED,ILFORD,http://borisdesignstudio.com
155610,A Di Maria & Sons Ltd,Coventry,https://adimaria.co.uk
155611,A E Bishop Limited,Stortford,https://bishopltd.com/
155613,A E L CRYSTALS LIMITED,Redhill,https://www.aelcrystals.co.uk
155614,A Energy Solutions Ltd,London,https://aenergysolutions.co.uk/
155617,A F J Limited,Birmingham,https://afjltd.co.uk/
155621,A G & SONS (UK) LTD,HARROW,https://www.agandsons.co.uk/
155632,A Holt and Sons LTD,London,https://holtstextiles.co.uk/
155634,A Hunt and Co City Ltd,LONDON,https://ahuntandco.com/
155639,A is for Architecture Ltd,LONDON,https://www.aisfor.co/
155641,A J (PVT) LTD,Orpington,http://ajcast.com
155644,A J Caterers UK Limited,Blandford Forum,https://www.ajcaterers.com/
155648,A J Jones & Co Legal Services Ltd,London,https://www.ajjonessolicitors.com
155651,A J PIZZA WORCESTER LTD,Worcester,https://ajpizza.co.uk
155654,A J Walter Aviation Limited,Slinfold,https://www.ajw-group.com/
155656,A Jolly Consulting Ltd,Southend-on-Sea,https://www.ajollyconsulting.co.uk/
155667,A K Stoddard Ltd,Broxburn,https://www.akstoddart.co.uk/
155669,A Kahn Design Limited,Bradford,https://www.kahndesign.com
155671,A Keys Construction Ltd,Twickenham,https://akeysconstruction.com/
155672,A KHALIK PROPERTIES LIMITED,London,http://akhalikproperties.com
155674,A Kilo of Spices Ltd,Sileby,https://www.akospices.com/
155676,A KOMMS LTD,Birmingham,https://www.akomms.com/
155677,A L A CARE LTD,Leicester,https://www.lacare.co.uk
155678,A L Dalton Ltd,Nottingham,https://www.radalton.co.uk/
155679,A L Tozer Ltd,Cobham,https://www.tozerseeds.com
155682,A Little Extra Help Ltd,Corby,https://www.alittleextrahelp.co.uk
155683,A Little Peace of Mind ltd,Coventry,https://www.little-peace-of-mind.co.uk/
155688,A M Electrical Installations Limited,Halesowen,https://am-electricals.com/
155697,A Million Ads Limited,London,https://www.amillionads.com/
155698,A Million Ads Limited,London,https://www.amillionads.com/
155699,A MIRZA CONSULTANT LTD,Birmingham,https://amirzaconsultancy.co.uk/
155701,A N ESTATES LTD,London,https://anestate.co.uk/
155706,A N U UTILITIES LTD,Manchester,https://anuutilitiesltd.com/
155709,A Nelson & Co Ltd,London,https://www.anelson.co.uk
155710,A Nelson & Co Ltd,London,https://www.anelson.co.uk
155711,A Number of Names Limited,London,http://anumberofnames.org/
155715,A One Tyres Ltd,Dromore,https://aonetyres.co.uk/
155718,A P L CONSTRUCTION LTD,Wishaw,https://www.aplconstruction.co.uk/
155722,A P TRAINING LTD,Wolverhampton,https://www.aptraining.co.uk/
155723,A Park View Hotel,Wolverhampton,https://www.aparkviewhotel.co.uk/
155724,A Park View Hotel (Wolverhampton) Ltd,Wolverhampton,https://www.aparkviewhotel.co.uk/
155726,A Patel T/A Mail Boxes Etc Croydon,London,https://www.mbe.co.uk/croydonhighst
155730,A Place Called Common Ltd.,Manchester,https://www.aplacecalledcommon.co.uk/
155732,A PLUS ACADEMY LTD,Manchester,https://aplusacademy.co.uk/
155733,A Plus Consulting Ltd,London,https://www.aplusconsulting.co.uk/
155734,A PLUS DYNAMICS RECRUITMENT LTD,CHATHAM,https://www.aplusdynamicsrecruitmentltd.co.uk/
155735,A Plus International Express Parcels (UK) Ltd,Feltham,http://www.apex100.co.uk
155736,A Plus Windows and Doors Limited,Watford,https://aplusaluminium.co.uk/
155737,A Productions Limited,Bristol,https://aproductions.co.uk/
155738,A Productions Limited,Bristol,https://aproductions.co.uk/
155739,A Professional Guarding Facilities Management Limited,"Park Royal, London",https://pgfm.co.uk/
155745,A R PARMAR LTD,LONDON,http://shantyspharmacy.co.uk/
155749,A R VISION LIMITED,LONDON,http://a-visionuk.com/
155750,A Rabbit's Foot Ltd,London,https://a-rabbitsfoot.com/
155753,A Rated Windows Door and Conservatories Ltd,Oldham,https://arwindowsanddoors.co.uk/
155754,A Raymond Ltd,Wellesbourne,https://www.araymond.com
155761,A S London Express Transport Ltd,Ipswich,https://aslondonexpress.uk/
155762,A S SOLUTIONS LONDON LTD,London,https://assolltd.com/
155767,A Squared Engineering Ltd,Perth,https://asquaredengineering.com/
155770,A STAR GARAGE LIMITED,Shoreham-By-Sea,https://astargarage.com/
155772,A STAR SUPPORT SERVICES LTD,Holywell,https://astargroup.co.uk/
155776,A STEP BEYOND LIMITED,Bromley,https://www.astepbeyond.co.uk
155777,A T & C PROFESSIONAL SYSTEMS LIMITED,London,https://www.atcprofessional.co.uk
155778,A T Kearney Limited,London,https://www.kearney.com
155779,A T Kearney Limited,London,https://www.kearney.com
155783,A TECH HEATING LIMITED,Cumbernauld,https://www.atechheat.co.uk/
155784,A Tech IT Services Ltd,MANCHESTER,https://a-tech.co.uk/
155785,A TO Z 4U LTD,London,http://www.saakpay.co.uk
155786,A to Z Accessories,Leeds,https://www.atozautoparts.net/
155787,A to Z Autoparts (Midlands) Ltd,Birmingham,https://www.atozautoparts.net/
155788,A TO Z BUILDING WORKS LIMITED,Birmingham,https://a2zbuilding.co.uk/
155789,A TO Z CAR PARTS LTD,Nottingham,https://www.atozautoparts.net/
155796,A TO Z HOMES LTD,Slough,https://www.atozhomes.co.uk/
155797,A TO Z MOTOR SPARES (DEWSBURY) LIMITED,Dewsbury,https://atozmotorsparesdewsbury.com/
155801,A V COMMERCIAL FINANCE LTD T/A  A V FINANCE,London,https://av-finance.co.uk/
155803,A V Stone UK Ltd,London,https://avstone.co.uk/
155805,A W Control Systems Ltd,Armagh,http://www.awcontrolsystems.com
155807,A W M F LTD,Dewsbury,https://wfgpfednet.co.uk/
155809,A Wong Limited,London,https://awong.giftpro.co.uk/contact/
155811,A Y & J Solicitors,London,https://ayjsolicitors.com/
155812,A Y & J Solicitors,London,https://ayjsolicitors.com/
155814,A Z REAL ESTATE LIMITED,London,https://www.azrealestate.uk/
155815,A&1 LTD T/A German Doner Kebab,HOUNSLOW,https://www.germandonerkebab.com
155818,A&A COMMUNICATION LTD,London,https://aacommunication.co.uk/
155819,A&A CONTRACTORS MIDLANDS LTD,Handsworth,https://aacontractorsmidlands.co.uk/
155823,A&A Homecare Ltd,Luton,https://aahomecareltd.co.uk/
155830,A&B Engineering (Electrical Service Division) Limited,Liverpool,https://www.abeng.co.uk/
155832,A&B Gardening Limited,Shillingdon,https://www.aandbgardening.com/
155833,A&B Traders (NW) Ltd,Bolton,https://www.abtraders.co.uk
155838,A&E BROTHERS LTD,EDINBURGH,https://aandebrothersny.com/
155839,A&F ASSOCIATES BD LTD,London,https://afassociatesuk.com
155841,A&F Sprinklers Ltd,Rochdale,https://www.afsprinklers.co.uk/
155845,A&G LONDON PRIVATE LTD T/A SUBWAY,IPSWICH,https://mysubwaycareer.com/
155849,A&H Pizza UK LTD T/A Dominos Pizza,London,https://corporate.dominos.co.uk
155850,A&I Events Limited,Mountsorrel,https://www.a-igroup.co.uk/
155851,A&I FAST FOOD LIMITED t/a Four in One,Bathgate,https://www.fourinone.co.uk/
155854,A&J Big Tops Ltd,Peterborough,https://www.ajbigtophire.com/
155855,A&J Care Limited,Norwich,https://ajcaresolution.co.uk/
155857,A&J Pharma Ltd,"Burnham,",https://ajpharma.co.uk/
155858,A&J PROPERTY & ANIMATION LTD,London,https://aandjpropertyandanimation.co.uk/
155860,A&J TRANSIT LTD,Derby,https://ajtransit.co.uk/
155861,A&K BROTHERS AUTOMOTIVE LTD,Kent,https://akbrothersautomotive.co.uk/
155863,A&K Courier Services Ltd,London,https://aandkcourierservicesltd.site/
155868,"A&M Capital Advisors Europe, LLP",London,https://a-mcapital.com/
155872,A&M KITCHENS LIMITED,Birmingham,https://www.a-mkitchens.co.uk/
155873,A&M MOBILES LTD,Wellingborough,https://amobiles.co.uk/
155878,A&O Shared Solutions Limited,Bracknell,https://careers.aoitgroup.com/
155879,A&P Accountants Limited,Central Milton Keynes,https://aandpaccountants.co.uk/
155880,A&P STOWAGE LTD,Northampton,https://apstowage.uk/
155882,A&Q Partnership (London) Ltd,London,https://aqp.co.uk/
155884,A&R BUILDING SERVICES LTD,NORTH WEMBLEY,https://arbuildingservice.com/
155888,A&R Guardian Services Limited,Leicester,https://arguardian.co.uk/
155892,A&R Properties (London) Ltd,Walthamstow,https://www.arproperties.org.uk/
155898,A&S ENG SERVICES LIMITED,Rochdale,https://aandsengservices.co.uk/
155901,A&S Lighting Limited,Newcastle Upon Tyne,https://www.aslighting.org/
155903,A&S NETWORK ENTERPRISES LTD,London,https://asnetworkenterprises.co.uk/
155904,A&S R Limited t/as Pepe's Piri Piri,Kilmarnock,https://pepes.co.uk/
155908,A&S SECURITY LIMITED,Bradford,https://assecuritylimited.co.uk/
155911,A&S Worldwide Ltd,Barking,https://astransportation.com/
155914,A&T Caring Services Ltd,Bracknell,https://atcaringservices.co.uk/
155916,A&T Trained Dogs Limited,Lancaster,https://at-traineddogs.com/
155920,A&Y BLINDS LTD,Birmingham,http://ayblinds.co.uk
155922,A&Z CONSULTANTS MANGEMENT SERVICES LTD,NOTTINGHAM,https://www.azconsultantsltd.com/
155923,A+J Global Designs Ltd,Bedford,https://www.ajglobaldesigns.com/
155925,A-2-Sea Solutions Limited,Romsey,https://www.a2sea.co.uk/
155926,A-A-T PLUMBING HEATING LTD,Northampton,https://a-a-tplumbingheati.wixsite.com/a-a-tplumbingheating
155927,A-Cold-Wall* Limited,London,https://www.a-cold-wall.com/
155929,A-Frame Agency UK Limited,London,https://www.a-frameagency.com/
155930,A-Gas (UK) Ltd,Bristol,https://www.agas.com/
155931,A-Gas&Electrical ServicesLtd,Halesowen,https://a-gas.co.uk/
155934,A-Lab Solutions Limited (T/A Reseo),London,https://www.reseo.co.uk
155938,A-Safe HQ Ltd,Elland,https://www.asafe.com/en-gb/
155939,A-Side DesignLimited,Redruth,https://a-side.studio/
155940,A-squared Studio Engineers Ltd,London,https://www.a2-studio.com/
155944,A-TEC LIMITED,Tunbridge Wells,https://a-tecltd.co.uk
155945,A-TECH FABRICATIONS LIMITED,NEWTON AYCLIFFE,https://a-tech.uk.com/
155946,A-TO-E TRAINING AND SOLUTIONS LTD,London,https://www.a-ets.com/
155953,A-Z Law Solicitors Ltd,London,https://azlaw.co.uk
155959,A-Z MOTOR SPARES (STAFFORD) LIMITED,Stafford,https://azstaffordltd.co.uk/
155963,A-Z Z-A COMPANIES,BUSINESS CENTRE,https://azzacompanies.co.uk/
155964,A-Zero Architects,London,https://www.a-zero.co.uk/
155965,A-ZFabrication ltd,Bexleyheath,https://www.a-zfabrication.com/
155966,A. & J. SPEELMAN LIMITED,London,https://www.ajspeelman.com
155968,A. C. Entertainment Technologies Ltd,High Wycombe,https://www.ac-et.com/
155969,A. C. Goatham & Sons,Rochester,https://www.pbeta8.co.uk/
155970,A. Dakri and Co Limited trading as Greenleafe Hotel,London,https://dakricartons.com/
155973,A. HAK UK Limited,Stafford,https://haklimited.com/
155974,A. HAK UK Limited,Stafford,https://haklimited.com/
155977,A. L. Sayers (Holbeton) Limited,Plymouth,http://carswellgroup.com/
155978,A. N. Irwin Feeds Ltd,Dungannon,https://www.irwinsfeed.com/
155981,A. R SHIPPING SERVICES UK LIMITED,MORDEN,https://arshipsreg.com/
155985,A.B. Hotels (The Arch London) Limited,London,https://www.thearchlondon.com/
155986,A.B. Hotels (The Arch London) Limited,London,https://www.thearchlondon.com/
155987,A.C.C.E.S.S 2016 LIMITED,Sutton-In-Ashfield,https://www.accessmidlands.org
155989,A.D Recycling Solutions,Birmingham,https://www.adrecyclingsolutions.com/
155991,A.D.K. Kooling Ltd,Uxbridge,http://adkkooling.co.uk/
155993,A.E Pharma LTD T/A Matlock pharmacy,Brighton,https://matlockpharmacy.co.uk/
155994,A.G. Barr PLC,Cumbernauld,https://www.agbarr.co.uk
155995,A.G. Parfett and Sons Limited,Stockport,https://parfetts.co.uk
155997,A.G.E. Nursing Homes Limited,Ilford,https://www.brockfieldhouse.co.uk
155999,A.H.P. MEDICAL SUPPLIES LTD,London,http://amchealth.com
156004,A.J Worldwide Services Ltd.,West Drayton,https://www.ajww.co.uk/
156007,A.J.Armstrong & Sons Ltd,Maghera,https://ajarmstrongandsons.com/
156016,A.M. Best Europe Rating Services Limited,London,https://www.ambest.com
156017,A.M. Best Europe Rating Services Limited,London,https://www.ambest.com
156018,A.M. LONDON FASHION LTD,Manchester,https://www.amlondonltd.com/
156019,A.M. Nomikos & Son (UK) Ltd,London,https://www.amnomikos.com
156020,A.M. Qattan Foundation,London,https://qattanfoundation.org
156021,A.M. Qattan Foundation,London,https://qattanfoundation.org
156022,A.M. Qattan Foundation,London,https://qattanfoundation.org
156026,A.Menarini Farmaceutica Internazionale SRL-UK Branch,High Wycombe,https://www.menarini.co.uk/
156030,A.P.L.E. (MILTON KEYNES) LTD,Bedford,https://www.aplemk.co.uk/
156031,A.P.S. Auto Parts Ltd,Crossmaglen,https://apsautoparts.co.uk/
156035,A.Poortman (London) Limited Trading AGT Poortman,London,https://www.poortman.com/
156036,A.Q. SKIN SOLUTIONS LIMITED,BURNHAM,https://aqskinsolutions.co.uk
156037,A.R Racking SA t/a AR Storage Solutions UK,Slough,https://www.arracking.com/en
156039,A.R.T.I. SERVICES LTD T/A Manor Farm Residential Home,Bath,https://www.manorfarmresidentialhome.co.uk/
156046,A.S.I. (Research) Limited,London,http://adamsmith.org/
156051,A.T.E. Solutions Ltd,Blisworth,https://www.atesolutions.co.uk/
156056,A.Vincent Solicitors Limited,Woolwich,https://avincentsolicitors.co.uk
156058,A.W. Jenkinson Forest Products,Penrith,https://www.awjenkinson.co.uk/
156059,A.Williams & Co. (Solicitors),LONDON,https://www.freezinginjunction.co.uk/
156061,A.Y.A CAR SALES LTD,TIPTON,https://ayacarsales.co.uk/
156064,A/O VC UK Limited,London,https://www.noavc.com
156066,A1 Accountancy (Croydon) LLP,Croydon,https://a1accountancy.co.uk/
156070,A1 Auto Claims Ltd,Glasgow,https://a1autoclaims.co.uk
156074,A1 BUILDING MERCHANT ESSEX LTD,Ilford,https://a1building.co.uk/
156076,A1 Car Body Repairs Ltd,GLASGOW,https://www.a1carbodyrepairs.co.uk/
156077,A1 CAR SHOP Ltd,Bedfordshire,https://a1carshop.uk/
156078,A1 Care Services Ty Ceirios Nursing Home,Pontypool,https://a1care.co.uk/
156080,A1 Cars,Worcester,https://a1cars.co.uk
156081,A1 CARS BEDFORD LTD,Bedford,https://www.a1carsbedford.co.uk/
156084,A1 CLUTCHES CANNOCK (UK) LIMITED,CANNOCK,https://www.a1-clutches.co.uk/
156085,A1 CLUTCHES DERBY (UK) LIMITED,DERBY,https://www.a1-clutches.co.uk/
156089,A1 Double Glazing London Ltd,Essex,https://a1doubleglazinglondon.com/
156092,A1 Executive Travel Group LTD T/A A1 Executive Cars,Watford,https://www.a1executive.com/
156094,A1 Gasco Limited,Staines Upon Thames,http://a1gasltd.co.uk/
156100,A1 Letting Services Ltd,Birmingham,https://www.a1lettingservices.co.uk/
156101,A1 Lettings Bolton,Bolton,https://a1lettingsbolton.co.uk
156103,A1 Minibus and Coach Ltd,Luton,https://www.a1coaches.com/
156104,A1 MOT CENTRE NORTHAMPTON LTD,Northampton,https://www.northamptonmot.co.uk/
156105,A1 Permier Services Limited,Solihull,https://a1premiersolution.co.uk/
156108,A1 PRIVATE HIRE LTD,Nottingham,https://www.a1carsprivatehire.co.uk/
156109,A1 Quality Home Care Limited,Colchester,https://www.a1qualityhomecare.co.uk
156110,A1 Quality Homecare Ltd,Hastings,https://a1qhc.com
156111,A1 Repair Ltd,London,https://a1repairltd.co.uk/
156115,A1 Taxi Service,Barnstaple,https://a1-taxi.co.uk/
156116,A1 Taxis Sheffield Ltd,Sheffield,https://a1sheffieldtaxis.co.uk/
156117,A1 Telecommunication Services Ltd,Reading,https://a1telecomms.co.uk/
156118,A1 Transport (NI) Ltd,ENNISKILLEN,https://a1transportltd.com/
156119,A1 Travel deals Limited,London,https://www.a1traveldeals.co.uk/
156120,A1 TYRES (MANCHESTER) LTD,Manchester,http://www.a1tyresmcr.co.uk/
156121,A1 Value Add Ltd. T/As Pepe's Piri Piri,Tunbridge Wells,https://pepes.co.uk/
156125,A10 Networks Limited,Theale,https://www.a10networks.com/
156126,A12 PJ Limited T/A Papa Johns,Nottingham,https://inside.papajohns.co.uk/
156127,A1209 LTD T/A QUEDGELEY TANDOORI TAKEAWAY,QUEDGELEY,https://quedgeleytandoori.com/
156131,A1M TRAINING LTD,ERITH,https://a1mtraining.com/
156132,A1PHA SECURITY SERVICES LTD,Southampton,https://www.alphasecurity.services/
156134,A2 Engineering Ltd,Crawley,https://www.a2engineering.co.uk/
156135,A212 Electric and Gas Ltd,London,https://www.a212electricandgas.co.uk/
156136,A24 Group Ltd,Sutton,https://www.a24group.com
156137,A24 Group Ltd,Sutton,https://www.a24group.com
156138,A24 Studios Limited,London,https://a24films.com
156139,A2A Communication Limited,London,https://a2acommunicationltd.co.uk/
156140,A2A SOLUTIONS,London,https://a2asolutions.co.uk/
156141,A2B Aero Ltd,Shoreham By Sea,http://www.a2baero.co.uk
156142,A2B Logistiks Ltd,Birmingham,https://www.a2blogistiks.uk/
156143,A2B TAX LTD,London,https://www.a2btax.co.uk/
156144,A2B Taxis (Truro) Limited,Truro,https://a2btaxistruro.com/
156149,A2V Trade Limited,Ferndown,https://www.a2v.com/
156150,A2VE Capital Advisors Limited,Battle,https://www.a2ve.com/
156151,A2Z 4 KIDS LIMITED,Warrington,https://a2z4kids.co.uk/
156155,A2Z Cloud Ltd.,Salisbury,https://a2zcloud.com/
156157,A2Z CONSTRUCTION LONDON LTD,Colonbrook,https://www.a2zbuildlondon.com/
156159,A2Z diy hardware plumbing and heating merchant ltd,Birmingham,https://www.a2zdiyltd.co.uk/
156160,A2Z FASTENERS LIMITED,LOUGHBOROUGH,http://a2zfasteners.co.uk
156164,A2Z MOT Testing Ltd,Bishop's Stortford,http://a2zmottesting.co.uk/
156166,A2Z SOFTWARE SOLUTIONS LIMITED,Northamptonshire,https://a2zsoftwaresolutions.co.uk/
156169,A2Z STAFFING SOLUTIONS LIMITED,Ilford,https://a2zstaffing.co.uk/
156170,A2Z Technologies Ltd,Bristol,http://www.a2ztech.co.uk
156174,A3 CARE LTD,Fleet,https://a3care.co.uk
156177,A3 GLOBAL TRAVEL LIMITED,Manchester,http://a3globaltravel.com
156180,A3/C Partners LLP,London,https://www.a3cpartners.com/
156181,A360 LTD with trading name A360 group healthcare,Portsmouth,https://a360groups.com/
156183,A3N CONSULTING LIMITED,Hounslow,https://a3nconsultingg.com/
156187,A4 Retail Limited T/A Braes Of Kirriemuir,Kirriemuir,https://www.snappyshopper.co.uk/stores/braes-of-kirriemuir-3761
156190,A40 MOTORS LIMITED,Buckinghamshire,https://a40motors.co.uk/
156191,A4FM LTD,Paisley,https://facilities.a4fm.co.uk/
156192,A4S SERVICES LIMITED,London,https://a4sservices.co.uk/
156193,A5 NG1 Ltd T/A Papa Johns Pizza,Coventry,https://inside.papajohns.co.uk/
156194,A5 Products Limited,Birmingham,https://a5products.co.uk/
156196,A6 Motors Limited,Bedford,https://www.a6motors.co.uk/
156200,AA & JJ Food Ltd,Brighton,https://www.jjfoodservice.com/
156203,AA Access Partnership Limited,London,https://aa-ap.com
156204,AA Access Partnership Limited,London,https://aa-ap.com
156205,AA ACCOUNTANTS (UK) LTD,Bristol,https://aaaccountants.uk/
156206,AA Accountants Ltd,Peterborough,https://aa-accountants.co.uk/
156207,AA Accountax Ltd,Blackburn,https://iaccountax.co.uk/
156211,AA AUTOS MIDILANDS LTD,Hull,https://aaautos.net
156217,AA Cash & Carry Limited,Rushden,http://aaccuk.com/
156220,AA Concrete UK Ltd,West Drayton,https://aaconcrete.co.uk/
156224,AA EDINBURGH FOOD LIMITED TA Shapla Takeaway,Edinburgh,https://shaplatakeaway.co.uk
156227,AA Estate Agency Limited,London,https://www.aaestate.co.uk/
156228,AA Euro Recruitment UK Limited,London,https://aaeuro.com/
156229,AA EXPRESS LOGISTICS LTD,Potters Bar,https://aaexpresslogistics.co.uk/
156232,AA FOODIES LTD T/A SUBWAY,Stevenage,https://mysubwaycareer.com/
156234,AA Global Ltd.,Berkshire,https://aagloballtd.co.uk/
156235,AA Grewal and Aggarwal Solicitors,LEICESTER,https://aagasolicitors.com/
156236,AA Group - Legal Services,SWINDON,https://aa-group-ltd.com/
156238,AA Healthcare Services Ltd,Redriff Road,https://www.aahealthcare.uk
156239,AA Homes and Housing (Metro Point) Limited,London,https://www.aahomesandhousing.com/
156246,AA Limited,Basingstoke,https://www.aaltd.co.uk
156250,AA MINIBUS TRAVELS LTD T/A BRIT COACHES,"Hagley, Stourbridge",https://www.aaminibus.co.uk/
156252,AA Mobility Services Limited,Crawley,https://www.theaacareers.co.uk/
156253,AA Motors (UK) Limited,Bradford,https://www.aamotorsbradford.com/
156258,AA Painting and Decorators ltd,Stoke On Trent,https://aapaintingltd.uk
156262,AA Plus Plumbing Ltd,London,https://www.aaplusplumbing.com
156264,AA RECRUITMENT CONSULTANTS LIMITED,London,https://aa-recruitment-consultants.co.uk/
156275,AA Transport,Springfield,https://www.aaa-transport.com/
156277,AA XPRESS LTD,Blaydon-on-Tyne,https://www.aaxpress.co.uk/
156283,AAA Accounting Ltd,Barking,https://aaaaccounting.co.uk/
156287,AAA Car Sale Ltd,Darlington,https://www.aaa-carsales.co.uk
156288,AAA Dentalab Ltd,London,https://www.aaadentalab.co.uk/
156292,AAA Freight Services Ltd,Glasgow,https://aaafreightservices.com/
156293,AAA Healthcare Agency Ltd,Preston,https://aaahealthcare.co.uk/
156294,AAA HEALTHCARE LIMITED,Hull,https://aaahealthcare.co.uk/
156297,AAA HOSPITALITY LIMITED,CHERTSEY,http://aaahospitality.co.uk/
156303,AAA Taxis (Hatfield) Limited,Barnet,https://aaataxisuk.com
156306,AAAA Communications Limited t/a Media Guru,London,https://media-guru.co.uk
156309,AAARETAILERS LTD,Wigan,https://aaaretail.co.uk/
156312,AAASE Consultants Ltd,Blackburn,https://aaase.co.uk/
156313,AAB Business & Tax Advisory LLP,Aberdeen,https://aab.uk/
156314,AAB Business & Tax Advisory LLP,Aberdeen,https://aab.uk/
156317,AABRU LIMITED,LONDON,https://aabru.co.uk/
156318,AAC Technologies (Scotland) Limited,Edinburgh,https://www.aactechnologies.com/en
156319,AAC Technologies (Scotland) Limited,Edinburgh,https://www.aactechnologies.com/en
156321,AACSL ACCOUNTANTS LTD,Harlow,https://aacsl.co.uk/
156326,AADHAM FUTURE LIMITED,Dorking,https://aadhamfuture.uk/
156340,AAE RETAIL LIMITED,Coventry,https://aaeretaillimited.co.uk
156345,AAFD SERVICES LTD,Coalville,https://aafdservices.co.uk/
156350,AAGRAH (LEEDS) LIMITED,Leeds,https://www.aagrah.com/
156354,AAH Pharmaceuticals Limited,Warwick,https://www.aah.co.uk
156371,AAJJ CONSULTANTS LIMITED,London,https://aajjconsultants.co.uk/
156374,AAK International,Hull,https://aak-uk.com/
156375,AAK9 SECURITY LTD,CHADWELL HEAT,https://aaksecurity.co.uk/
156379,AAKWA GROUP LTD,BURTON-ON-TRENT,https://www.aakwagroup.co.uk
156384,AAlex law,Dudley,https://www.aalexlaw.co.uk/
156391,AAM ELECTRICAL SERVICES LTD,LONDON,https://aamelectricalservices.co.uk/
156395,AAMAR TYRES & SERVICES LTD,London,https://aamartyres.co.uk/
156397,AAMCHA CATERING LTD,RADLETT,https://aamcha.co.uk/
156402,AANAM CONSTRUCTION SERVICES LTD,Ilford,https://aanamconstruction.com/
156406,AANS FABRICS & TAILORS LTD,Manchester,https://aansfabricstailorsltd.com/
156410,AAPrinters Ltd,Manchester,https://aaprinters.co.uk/
156412,AAR CARS HUB LTD,Croydon,https://aarcars.co.uk
156414,"AAR International, Inc.",London,https://www.aarcorp.com/en/
156415,"AAR International, Inc.",London,https://www.aarcorp.com/en/
156433,AArete UK Limited,"Felbridge, East Grinstead",https://www.aarete.com/
156434,AArete UK Limited,"Felbridge, East Grinstead",https://www.aarete.com/
156437,AARIA RETAIL UK LTD T/A Costcutter,Great Bromley,https://www.costcutter.co.uk
156440,AARIZ BUILD LTD,Ilford,https://aarizbuild.co.uk/
156451,AAROH FOODS LTD,HATFIELD,https://aarohfood.uk/
156462,AARRR LTD TA Skewen Fish Bar,Neath,https://www.skewenfishbar.co.uk/
156467,AARTI SAREES LIMITED,Southall,https://www.aartisarees.co.uk/
156469,AARUN SOFTWARE LIMITED,Amersham,https://aarunsoftware.com/
156476,AARYA TECHNOLOGIES LTD,Wokingham,http://aaryatechnologies.co.uk
156485,AASEYA SOFTWARE SERVICES (UK)  LTD,Steyning,https://aaseya.com/
156486,AASEYA SOFTWARE SERVICES (UK)  LTD,Steyning,https://aaseya.com/
156487,AASEYA SOFTWARE SERVICES (UK)  LTD,Steyning,https://aaseya.com/
156505,AAT Tree Services & Consultancy,Hereford,https://www.aattreeservices.co.uk/
156515,AAVIOR LTD,London,https://aavior.com/
156517,AAVR Solutions Limited T/A Shell,Kent,https://www.shell.co.uk/
156522,AAYAN MEDICAL IMAGING LIMITED,New Malden,http://www.aayanmedicalimaging.co.uk/
156523,AAYNA LONDON LTD,London,https://aaynalondon.co.uk/
156528,AAZA LTD,Birmingham,https://www.aaza.co.uk/
156529,AAziz &Co LTD,London,https://aazizandco.co.uk
156532,AB Agri Limited,Peterborough,https://www.abagri.com/
156533,AB Agri Limited,Peterborough,https://www.abagri.com/
156534,AB Beds North Ltd,Heckmondwike,https://abbeds.com/
156537,AB Dental Ltd,London,https://www.londondentalarts.co.uk
156538,AB Energy UK LTD,London,https://www.gruppoab.com
156540,AB Fire LTD,London,https://www.abfiresolutions.co.uk/
156541,AB Gas & Property Service Limited,Smethwick,https://abgas.co.uk/
156542,AB Glass (Doors and Windows) Ltd,Swansea,https://www.abglass.co.uk/
156543,AB Global Consultant LTD,Northampton,https://www.abglobalconsultant.com/
156545,AB Hotels Limited,St Albans,http://abhotels.co.uk
156547,AB InBev UK Ltd,London,https://www.ab-inbev.com/
156548,AB InBev UK Ltd,London,https://www.ab-inbev.com/
156549,AB InBev UK Ltd,London,https://www.ab-inbev.com/
156552,AB Mackenzie Ltd,Bromley,https://abmackenzie.co.uk/
156553,AB Mauri (UK)Ltd,Peterborough,https://www.abmauri.com/
156554,AB Mauri (UK)Ltd,Peterborough,https://www.abmauri.com/
156564,AB Solar Consulting Ltd,London,https://absolarconsulting.com/
156567,AB TASTY LIMITED LTD,London,https://www.abtasty.com/
156570,AB World Foods Ltd,Leigh,https://www.abworldfoods.com/
156577,ABA Autism Education Ltd,Norfolk,https://aba-autism.org.uk
156578,ABA Connected Limited,Walsall,https://abaconnected.co.uk/
156581,ABABEEL CARS LTD,Birmingham,https://ababeelcars.com/
156592,ABACUS HEALTHCARE LTD,Aldershot,https://abacushealthcareltd.co.uk/
156593,ABACUS HEALTHCARE LTD,Aldershot,https://abacushealthcareltd.co.uk/
156598,ABACUS TAX ADVISORS LTD,LEEDS,https://www.abacusleeds.co.uk/
156601,ABACUSBIO INTERNATIONAL LIMITED,CITY OF EDINBURGH,https://abacusbio.com/
156602,ABACUSBIO INTERNATIONAL LIMITED,CITY OF EDINBURGH,https://abacusbio.com/
156610,ABASEEN CHAPLI KABAB LIMITED,Manchester,https://www.abaseen.uk/
156613,Abaseen Superstore (UK) LTD,Leeds,https://abaseen.byretail.net/
156614,ABASYN ASSET MANAGEMENT LIMITED,London,https://www.abasyn.co.uk/
156618,ABB Limited,Daresbury,https://new.abb.com/uk
156619,ABB Limited,Daresbury,https://new.abb.com/uk
156620,ABB Limited,Daresbury,https://new.abb.com/uk
156621,ABBA CARS PRIVATE LIMITED,London,https://www.abbacars.com
156647,Abbey Dale Medical Centre,Blackpool,https://www.abbey-dale.co.uk/
156651,Abbey Equine Clinic LTD,Llanover,https://www.abbeyequine.co.uk/
156659,ABBEY HOUSE RESEDENTIAL CARE HOME,MORDEN,https://www.abbeycareservices.co.uk/Abbey_House.htm
156668,ABBEY MEDICAL PRACTICE,Wellingborough,https://www.abbeymedicalpractice.uk.com/
156669,Abbey Multi Academy Trust,Leeds,https://www.abbeymat.co.uk/
156692,ABBEYDALE NURSING HOME,Liverpool,https://www.abbeyhealthcare.org.uk/
156704,Abbeyside Nursing Home Limited,Elgin,https://www.abbeysidecaregroup.co.uk/
156705,Abbeywell Veterinary Clinic Limited,Folkestone,https://abbeywellvets.co.uk/
156707,ABBFEM CONSULTING LIMITED,Newport Pagnell,https://abbfemconsulting.com/
156710,ABBIS FILLING STATION,OSSETT,https://www.murco.co.uk/stations/abbis-service-station/
156712,ABBOTS CARE LIMITED,St. Albans,https://abbotscare.com/
156738,ABBOTTSWAY ENGINEERING LTD,london,https://abbottsway.co.uk/
156739,Abbottswood Medical Centre,Pershore,https://www.abbottswoodmedicalcentre.co.uk/
156751,ABC CARE HOME LTD,CATERHAM,https://www.abccare.co.uk/
156752,ABC CARE HOME LTD,CATERHAM,https://www.abccare.co.uk/
156755,ABC EDUCATION CONSULTANCY LTD,Manchester,https://www.abctutoring.co.uk/
156757,ABC International Bank Plc,London,https://www.bank-abc.com
156758,ABC International Bank Plc,London,https://www.bank-abc.com
156759,ABC LETTERS,LONDON,https://www.abc.org.uk
156760,ABC Maintence London,London,https://www.abc-maintenance.co.uk
156761,ABC MOBIL LTD,London,https://abc-mobil.co.uk/
156762,ABC REFRIGERATION LTD,WATFORD,https://www.abcrefrigeration.co.uk/
156763,ABC Skip Hire lTD,Walsall,https://abcskiphire.com/
156764,ABC Smile Ltd,London,https://www.abc.dental/
156765,ABC Studio Childcare Ltd,London,https://www.abcstudiochildcare.co.uk/
156766,ABC TAXIS 247 LIMITED,Aylesbury,https://www.abctaxis247.co.uk/
156767,ABC Travel,Reading,https://www.abctravel.co.uk/
156772,ABD Engineering & Development LTD,Essex,https://abd-engineering.co.uk/
156799,ABDV2ltd,london,https://www.abdynamics.com/
156802,"ABeam Consulting Ltd., UK Branch",London,https://www.abeam.com/eu/en
156803,"ABeam Consulting Ltd., UK Branch",London,https://www.abeam.com/eu/en
156804,ABEC LTD,Tewkesbury,https://abec.co.uk
156806,Abeer Raja Abdul Raheem Al-Adhami T/A Abi Dental,London,https://www.abidentaluk.com/
156815,ABELL CHEMIST LIMITED,Bushey,https://www.abellchemist.co.uk/
156824,ABERCLEAN PLANT AND SWEEPER HIRE LTD,ABERDEENSHIRE,https://aberclean.com
156826,Abercrombie Dental Practice,Westhill,https://abercrombie-dental.co.uk/
156835,ABERDEEN DENTAL CARE LIMITED,Aberdeen,https://aberdeendentalcare.co.uk/
156846,Aberdeen Hindu Temple Trust,Aberdeen,https://aberdeenhindutemple.org.uk/
156851,Aberdeen Osteopathy Clinic LTD,Aberdeen,https://aberdeenosteopathyclinic.com/
156852,ABERDEEN PERFORMING ARTS,ABERDEEN,https://www.aberdeenperformingarts.com/
156854,Aberdeen University Students???????¢???????????????? Association,Aberdeen,https://www.ausa.org.uk/
156860,ABERFELDY MUST EAT LIMITED,Glasgow,http://musteatscotland.co.uk
156861,Aberfoyle Medical practice,Derry,https://www.aberfoylemedical.com/
156868,Abertay University,Dundee,https://www.abertay.ac.uk/
156869,Abertay University,Dundee,https://www.abertay.ac.uk/
156875,ABETTER HEALTH LTD,Newport,https://abetterhealthltd.com/
156877,ABEXON LTD,BRISTOL,https://abexon.co.uk/
156879,ABF EATERY LTD T/A Subway,Glasgow,https://jobs.mysubwaycareer.eu/
156880,ABF Grain Products trading as Allied Bakeries,Maidenhead,https://www.alliedbakeries.co.uk
156881,ABF Ingredients Limited,Peterborough,https://www.abfingredients.com/
156882,ABF Ingredients Limited,Peterborough,https://www.abfingredients.com/
156885,ABG SUNDAL COLLIER LIMITED,London,https://www.abgsc.com
156886,ABH LIMITED,Smethwick,https://abhlimited.co.uk/
156894,Abhishek Vijaya Kumar T/A Blantyre Family Dental Care,Glasgow,https://blantyrefamilydentalcare.com/
156899,ABI BUSINESS SERVICES LIMITED,Coventry,http://v4telecom.co.uk
156905,ABI Interiors International Limited,London,https://www.abiinteriors.co.uk/
156907,ABI Research UK Ltd,Wellingborough,https://www.abiresearch.com
156909,Abi Steel Works Ltd,Manchester,https://abisteelworks.co.uk/
156917,Abide Consulting Ltd TA Driver Hire Romford,Romford,https://www.driverhire.co.uk/
156922,ABIKE'S KITCHEN LIMITED,Nottingham,https://abikeskitchen.co.uk
156927,ABILITY OPTIONS LTD,Huddersfield,https://abilityoptions.org.au/
156928,Ability Post Production Academy Limited,Glasgow,https://abilityacademy.co.uk/
156929,ABILITY RECRUITMENT GROUP LIMITED,Romford,https://abilityrg.com/
156931,ABIMATIC CARE LTD,WOLVERHAMPTON,https://abimatic-care.co.uk/
156936,Abingdon and Witney College,Abingdon,https://abingdon-witney.ac.uk/
156937,Abingdon Learning Trust,Abingdon,https://www.abingdonlearningtrust.org/
156939,Abingdon School,Abingdon,https://www.abingdon.org.uk/
156940,Abingdon School,Abingdon,https://www.abingdon.org.uk/
156961,ABL Care Ltd,Kenley,https://ablcare.com
156962,ABL Energy & Marine Consultants Limited,London,https://abl-group.com/
156963,ABL Energy & Marine Consultants Limited,London,https://abl-group.com/
156964,ABL London Limited,LONDON,https://www.ablhealth.co.uk/
156965,ABL Software Limited,Petersfield,https://www.ablsoftware.co.uk/
156966,ABL1 Touch Ltd,Reigate,https://abl1touch.com/
156967,ABLE BUSINESS SERVICES LTD,Dagenham,https://www.ablebusinessservices.com
156970,ABLE HANDS HEALTHCARE LTD,Rochester,https://www.ablehandshealthcare.com/
156981,ABLEGRANGE SEVERN HEIGHTS LTD,WORCESTER,https://www.ablegrange.co.uk/
156985,ABM AVIATION UK LIMITED,Hounslow,https://www.abm.co.uk/
156987,ABM Electrical Distributors Limited,Croydon,https://www.abm-elec.co.uk
156988,ABM GLOBAL COMPLIANCE (UK) LTD,London,https://www.abmglobalcompliance.com
156990,ABM Precast Solutions Ltd,Tuxford,https://abmprecast.co.uk/
156991,ABM Services Limited,Hounslow,https://www.abm.co.uk/
156993,ABMI Engineering UK Ltd,London,https://abmi-groupe.com/en/
156994,ABMI Engineering UK Ltd,London,https://abmi-groupe.com/en/
156995,"ABN AMRO Bank N.V., UK Branch",London,https://www.abnamro.com/uk/en/home
156996,"ABN AMRO Bank N.V., UK Branch",London,https://www.abnamro.com/uk/en/home
156997,"ABN AMRO Bank N.V., UK Branch",London,https://www.abnamro.com/uk/en/home
157002,ABO Energy United Kingdom Ltd,Falkirk,https://www.aboenergy.com/
157009,ABOUT THE STAY LIMITED,London,https://aboutthestay.com/
157011,ABOVE & BEYOND CREATIVE LTD T/AS ABOVE + BEYOND,LONDON,https://www.beyondcreative.gg/
157014,ABOVE DIFFERENCE LTD,CHELMSFORD,http://www.abovedifference.com
157017,ABP Bridge of Allan,Bridge of Allan,https://abpfoodgroup.com/
157018,ABP Doncaster,Doncaster,https://abpfoodgroup.com/
157019,ABP Eatwell,Knowsley,https://abpfoodgroup.com/
157020,ABP Kingswinford,Kingswinford,https://abpfoodgroup.com/
157021,ABP Langport,Langport,https://abpuk.com/
157022,ABP Penston,Glasgow,https://abpuk.com/
157023,ABP UK,Birmingham,https://abpuk.com/
157026,ABP Wessex,Northallerton,https://abpfoodgroup.com/
157027,ABP Yetminster,Yetminster,https://abpuk.com/
157028,ABPI,London,https://www.abpi.org.uk/
157033,ABR Tamwil Ltd T/A ABR Chartered Accountants,London,https://abr.uk.com
157039,ABRAHAM NURSING HOMES LTD,PONTYCLUN,https://www.llantrisantcarehome.co.uk
157052,ABS,Chorley,https://www.absglobal.com/uk/
157053,ABS 12 LTD,AYLSBURY,https://absabetterway.co.uk
157055,ABS Auto Centre Limited,Nottingham,https://www.absautocentre.co.uk/
157058,ABS CARPETS AND BEDS LIMITED,Tipton,https://www.abscarpetsandbeds.co.uk/
157059,ABS DEVELOPMENT GROUP LTD,London,https://www.absdevelopment.co.uk
157060,ABS Europe Limited,London,https://www.abs-group.com/
157061,ABS Europe Limited,London,https://www.abs-group.com/
157067,ABS QE Assurance Services (UK) Ltd,Warrington,https://www.abs-group.com/
157068,ABS QE Assurance Services (UK) Ltd,Warrington,https://www.abs-group.com/
157071,ABS Transport Limited,London,https://abstransport.co.uk/
157075,ABSCapCo Limited,London,https://abscapco.com
157084,ABSOLUTE ALL INCLUSIVE CARE LTD T/a AAICARE,PORTLAND,https://www.aaicare.co.uk
157087,ABSOLUTE CABS LIMITED,Doncaster,https://absolutecabs.co.uk/
157093,ABSOLUTE CARE UK LTD,READING,https://www.absolutecareagency.org
157096,ABSOLUTE FIRE PROTECTION LIMITED,Feltham,https://www.absolute-fire-protection.co.uk/
157099,Absolute Healthcare West Limited,London,https://www.absolutehealthcareuk.co.uk/
157110,ABSOLUTE RISK TECHNOLOGY LIMITED,NOTTINGHAM,https://www.absoluterisktec.co.uk/
157116,ABSORB SOFTWARE UK LTD,Huntingdon,https://www.absorblms.com
157117,Abstract Tech Limited,Leeds,https://www.abstract-group.com/
157122,ABT Construction Ltd,London,https://www.abtconstruction.co.uk/
157136,ABURI RESTAURANT LTD,Colchester,https://aburi.co.uk/
157137,ABurnet (Hair Containment Solutions) Ltd.,Ilkeston,https://www.aburnet.co.uk/
157140,ABV HAIR & BEAUTY LTD,Dartford,https://www.salonabv.com/
157145,AC  Quarterlight LTD,Coventry,https://acquarterlight.co.uk/
157146,AC & AA Limited t/a Betterclean Services,Tunbridge Wells,https://www.bettercleanservices.co.uk
157151,AC FINANCIAL ASSOCIATES LTD,WATFORD,http://www.acfinancialassociates.com
157153,AC Gilead Solicitors,London,https://acgilead.com
157154,AC Jade Trading Ltd,Surrey,https://www.signaretrade.co.uk
157155,AC Maben Ltd T/A Kevins Schoolwear,Greenford,https://kevins-schoolwear.co.uk/
157157,AC Security Solutions Ltd,Chessington North,https://www.accsecurity.com/
157163,AC Whitehaven Ltd,Norfolk,https://www.acwhitehaven.co.uk
157165,ACA Compliance (Europe) Limited,London,https://www.aca-compliance.com
157166,ACA Compliance (Europe) Limited,London,https://www.aca-compliance.com
157168,ACA Systems Support limited,Sunderland,https://www.acasystems.co.uk/
157172,ACACIA COMMUNITY CARE LIMITED,London,https://www.acaciacomcare.co.uk/
157174,ACACIA CREATIVE STUDIO LTD,Doncaster,https://acacia.design/
157182,Academia Park Ltd,London,https://www.academiapark.co.uk/
157190,Academy Dental Care Ltd,Aberdeen,https://www.academydentalcare.co.uk/
157191,Academy Films Ltd,LONDON,https://www.academyfilms.com/
157192,Academy Geomatics Ltd,Gateshead,https://www.academyg.com/
157194,ACADEMY HOUSE LIMITED,GLASGOW,http://academyhouseservices.com
157195,Academy Medical Centre,Forfar,https://www.academymedicalcentre.co.uk/
157196,Academy Music Group,London,https://www.academymusicgroup.com/
157197,Academy Music Group,London,https://www.academymusicgroup.com/
157199,Academy of Medical Royal Colleges,London,https://www.aomrc.org.uk/
157204,Academy Of Sinology UK,Swansea,https://www.uwtsd.ac.uk/
157208,ACADEMY WHOLESALE ELECTRICS LTD,GLASGOW,http://www.academywholesale.co.uk
157212,ACAMS (UK) Ltd,London,https://www.acams.org/en
157213,ACAMS (UK) Ltd,London,https://www.acams.org/en
157223,ACC Aviation Limited,Weybridge,https://accaviation.com/
157225,ACC POLSKI SUPERMARKET LIMITED,KILBURN,https://www.accpolskimarket.co.uk
157228,ACCA LIMITED,Hitchin,http://accaglobal.com/
157234,ACCEL SOFTWARE SERVICES LIMITED,GREATER MANCHESTER,http://accelsoftwareservices.com
157244,ACCELLENCY LIMITED,LONDON,https://accellency.eu/
157251,"ACCENT International Consortium for Academic Programs Abroad, Ltd.",London,http://accentintl.com
157258,ACCENTRIC FREIGHTS LTD,Glasgow,https://accentricfreights.com/
157265,ACCESS 24/7 HEALTHCARE LIMITED,GRAYS,https://www.access24hms.com/
157275,ACCESS CARS LTD,LONDON,https://accesscarsltd.co.uk
157286,ACCESS INFINITY LTD,London,https://accessinfinity.com/
157293,ACCESS Speech and Language Therapy Limited,Sawbridgeworth,https://access-speechandlanguage.co.uk/
157301,ACCESS24 HEALTHCARE LTD,Milton Keynes,https://www.access24hms.com/
157302,ACCESSAFE UK LTD,BIRMINGHAM,https://www.accessafe.co.uk/
157311,ACCIDENT CLAIM HELPLINE LTD,London,https://www.aihlclaim.co.uk/
157325,ACCO UK LTD,AYLESBURY,https://accobrands.com
157326,ACCO UK LTD,AYLESBURY,https://accobrands.com
157343,ACCORD ACCOUNTANCY LTD,London,https://accordacc.com/
157358,ACCOTAX LONDON LTD,Morden,https://accotax.co.uk/
157367,ACCOUNTANCY SERVICES LONDON LTD,London,https://www.ask-accountancy.com/
157368,ACCOUNTANCY SOLUTIONS ( EAST ANGLIA ) LTD,CAMBRIDGESHIRE,http://accountancy-solutions.co.uk
157373,ACCOUNTAX CENTRE LTD,London,http://accountaxcentre.co.uk
157375,ACCOUNTAX GROUP LTD T/A ACCOUNTAX GROUP,Romford,https://www.accountaxgroups.co.uk/
157380,ACCOUNTING AND TAX SOLUTIONS,MANCHESTER,https://accounting-solutionsuk.com/
157388,ACCOUNTING SQUARE LIMITED,LONDON,https://accountingsquare.co.uk/
157392,ACCOUNTS & TAX INT LTD,London,http://accountstaxint.com/
157396,ACCOUNTS HOUSE LTD,Upminster,https://accountshouse.co.uk/
157425,ACCURA RESOURCING LIMITED,London,https://www.accuraresourcing.co.uk/
157438,ACD Environmental Ltd,Malmesbury,https://www.acdgroup.eu
157440,ACDOCO LIMITED,Bolton,https://www.acdoco.com/
157441,ACE & Company UK Limited,London,https://aceandcompany.com/en
157443,ACE ACCOUNTS AND TAX LTD,MILTON KEYNES,https://www.aceaccountax.co.uk
157445,ACE ANALYTICS LIMITED,London,https://www.aceanalytics.co.uk/
157449,ACE CARGO SERVICE LTD,Feltham,http://acecgo.co.uk/
157450,ACE CARS & MINIBUSES LTD,Walsall,https://www.ace-cars.co.uk/
157451,ACE CHILDRENS OCCUPATIONAL THERAPY LIMITED,Crondall,https://acechildrensoccupationaltherapy.com/
157455,ACE CONSULTANTS LTD,Harrow,https://www.aceconsultants.co.uk/
157460,ACE Group International Limited,Gerrards Cross,https://www.acegroup.org.uk/
157461,ACE HEALTHCARE SOLUTIONS LIMITED,Walsall,https://acehealthcaresolution.org/
157465,ACE IT Solutions Ltd,Orpington,https://www.ace-it-solutions.com/
157468,ACE Medical Partnership,Birmingham,https://www.acemedicalpartnership.co.uk/
157469,ACE MONEY TRANSFER LIMITED,Manchester,https://acemoneytransfer.com
157470,ACE OF FADES BARBER SHOP LTD,London,https://aceoffades.co.uk
157476,ACE REMOVALS LIMITED,London,https://aceremovalsbusiness.com/
157487,ACE UK ENGINEERING CONSULTANTS LTD,Reading,https://ace-uk.co/
157490,ACEDALE LIMITED,London,https://www.aceda.co.uk
157495,ACEPP UK LTD,"London,",https://acepp-uk.com/
157498,ACER International Limited,London,https://www.acer.com/gb-en/
157499,ACER International Limited,London,https://www.acer.com/gb-en/
157510,ACES Academies Trust,Huntingdon,https://www.catrust.co.uk/
157512,ACES JEWELLERS LIMITED,LISBURN,https://acesjewellers.co.uk/
157517,ACEVENTURES GROUP LTD,Willenhall,https://www.aceventures.com/
157518,ACG Advisors Group (UK) Ltd,London,https://acg.group/
157519,ACG Europe Ltd,Corby,https://www.acgineurope.com/
157520,ACG Europe Ltd,Corby,https://www.acgineurope.com/
157522,ACG Operations LTD,Birmingham,https://www.acg-world.com/
157524,ACH Partners Limited,Perivale,http://achpartners.co.uk
157526,ACHERON CAPITAL LIMITED,LONDON,https://acheroncapital.com
157540,ACI Group Ltd,Cookham,https://acigroup.biz/
157542,ACI Worldwide (EMEA) Limited,Brookwood,https://www.aciworldwide.com
157543,ACI Worldwide (EMEA) Limited,Brookwood,https://www.aciworldwide.com
157545,ACIBADEM,London,https://acibademinternational.com/
157554,ACJ ACCOUNTANTS LIMITED,Radlett,https://acjaccountantslimited.co.uk/
157565,ACL & Co,Surrey,https://www.acl-accountants.co.uk/
157566,ACL Education Solutions Ltd,London,https://www.acleducation.co.uk
157569,ACLAS Technics Ltd,Livingston,https://aclastechnics.com/
157570,ACLI (CHRISTIAN ASSOCIATION OF ITALIAN WORKERS),LONDON,https://www.patronato.acli.it
157571,ACM Global Central Laboratory Limited,York,https://www.acmgloballab.com/
157572,ACME CREDIT CONSULTANTS LIMITED,West Drayton,https://acmecredit.co.uk/
157576,ACME Shipping & Logistics,Southampton,https://acme-shipping.com/
157581,ACN ACCOUNTANTS,GRAYS,https://acnaccountants.co.uk/
157582,ACNielsen Company Limited,Oxford,https://www.nielsen.com/
157583,ACNielsen Company Limited,Oxford,https://www.nielsen.com/
157584,ACNielsen Company Limited,Oxford,https://www.nielsen.com/
157585,ACO Building Company UK Ltd,Poole,https://www.aco.co.uk
157586,ACO Technologies plc,Shefford,https://www.aco.co.uk
157587,ACOCKS GREEN CAKE BOX LIMITED,Coventry,https://www.cakebox.com
157588,Acocks green dental practice,Acocks Green,https://www.acocksgreendentalpractice.co.uk/
157592,ACOLYTE MANAGEMENT SERVICES LIMITED,BLACKBURN,http://acolytemanagementservices.co.uk/
157596,ACORD Corporation,London,https://www.acord.org
157597,ACORD Corporation,London,https://www.acord.org
157605,ACORN DAY OPPORTUNITIES LTD,London,https://www.acorndayopportunities.co.uk/
157611,Acorn House Veterinary Hospital,Bedford,https://www.acornhousevets.co.uk/
157613,Acorn Insurance and Financial Services Limited,Liverpool,https://www.acorninsure.co.uk/
157614,Acorn Insurance and Financial Services Limited,Liverpool,https://www.acorninsure.co.uk/
157622,Acorn Park Nursery,Glasgow,https://www.acornparknursery.co.uk/
157642,ACP CONSULTANTS LTD.,London,https://acpconsultants.co.uk
157644,ACP Freight Services Limited,Portsmouth,https://acpfreight.com/
157646,ACP Trading Limited,Brighton,http://acptradingusa.com
157647,ACPH Ltd T.A Hopscotch Children's Nurseries,Brighton,https://www.hopscotch.uk.com/
157649,ACQUA KITCHENS LTD,SURBITON,https://www.acquakitchens.co.uk/
157654,Acquire Learning College LTD,Sheffield,https://acquirelearning.co.uk/
157663,ACRE CARE SERVICES LTD,NORTHWOOD,https://acrecareservices.com
157664,ACRE CONTRACTORS (LONDON) LTD,Willesden,https://acrecontractors.com/
157672,ACREO Ltd,Oldmeldrum,https://www.acreo.uk/
157691,ACRS Limited,Pershore,https://www.acrs.co.uk/
157696,ACS COURIERS AND LOGISTICS LTD,Bristol,https://acscouriers.uk/
157697,ACS International,Nottingham,https://www.acs-schools.com/
157698,ACS International Ltd - UK Branch,Beaconsfield,https://acs-uk.org
157699,ACS International Ltd - UK Branch,Beaconsfield,https://acs-uk.org
157701,ACS INTERNATIONAL SCHOOLS LIMITED,Cobham,https://www.acs-schools.com/
157702,ACS Professionals in Construction Ltd,Wembley,https://www.acsconstruction.co.uk/
157703,ACS-TECH LIMITED,COVENTRY,https://www.acstechltd.co.uk/
157704,ACSI Europe Ltd,WATCHFIELD,https://acsitoledo.com
157705,ACT Blade Ltd,Edinburgh,http://actblade.com
157707,ACT Developments London Limited,London,https://act-developments.co.uk/
157708,ACT Financial Solutions B.V.,London,https://www.actgroup.com/
157710,ACT LEGAL LTD,BRIGHTON,https://actlegal.co.uk/
157725,ACTING OFFICE LIMITED,London,https://www.actingoffice.com/
157727,ACTION 8 RECRUITMENT LIMITED,LONDON,https://action8recruitment.co.uk
157749,ACTIONPLUS FOUNDATION,LONDON,https://actionplusfoundation.org.uk
157754,ACTITO UK,London,https://www.actito.com
157768,ACTIVE CARE ORGANISATION LIMITED,Northampton,https://activecare.online/
157778,ACTIVE INTERNATIONAL LTD,LONDON,https://activeinternational.co.uk/
157779,ACTIVE INTERNATIONAL LTD,LONDON,https://activeinternational.co.uk/
157788,Active Partners Trust,Chestefield,https://makingourmove.org.uk/
157797,ACTIVE SPORTS TOURISM LTD,London,https://www.ast-travel.com
157799,ACTIVE STUDY AND TRAVEL SERVICES LTD,London,https://activestudyuk.com/
157803,ACTIVE TUNNELLING LIMITED,"Coventry, West Midlands",https://www.activetunnelling.com
157818,ACTIVINSIGHTS LIMITED,KIMBOLTON,https://activinsights.com/
157822,ACTIVTRADES,LONDON,https://www.activtrades.com/en/
157832,ACTORS STUDIO LIMITED,"Stoke Poges, Slough",https://actorsstudio.co.uk/
157848,ACUA Ocean Limited,Plymouth,https://acuaocean.com
157850,ACUDEMY LIMITED,London,https://www.acudemy.co.uk
157855,Acuity Engineering Limited,Corby,https://acuity-eng.co.uk/
157856,ACUITY KNOWLEDGE PARTNERS (UK) LIMITED,London,https://www.acuitykp.com
157857,ACUITY KNOWLEDGE PARTNERS (UK) LIMITED,London,https://www.acuitykp.com
157859,ACUITY RESEARCH & PRACTICE LTD.,Barnstaple,https://www.acuityresearch.co.uk
157872,Acumen Field Limited,Stockport,https://www.acumenfieldwork.com/
157876,ACUMEN LONDON LTD,London,https://www.acumenci.com/
157882,ACUSERV SOLUTIONS LIMITED,London,https://www.acuservsolutions.com
157886,ACUTEC Limited,Birmingham,https://www.acutec.co.uk/
157887,ACUTRO LTD,London,https://www.acutro.co.uk
157894,ACWIN LTD,OLDHAM,https://www.acwin.co.uk/
157895,ACWIN RETAIL LTD,TAMWORTH,https://www.acwin.co.uk/
157897,ACX INSTRUMENTS LTD,Cambridge,https://www.acxinst.com
157900,ACZONE CONSULTANTS LTD,Croydon,https://aczone.co.uk
157906,AD BUILDING RENOVATION LTD,Birmingham,https://adbuildingrenovationltd.co.uk/
157918,AD Recycling Limited,Flintshire,https://adsrecycling.co.uk/
157922,AD Services 2010 Ltd,Birmingham,http://gabconsult.net/
157927,AD Technologies Ltd,Reading,https://www.adtechnology.com/
157930,Ad Valorem Accountancy Services Limited,Milton Keynes,https://careers.advaloremgroup.uk/
157931,AD-DUHA FOUNDATION,BIRMINGHAM,https://www.ad-duha.org.uk/
157932,AD-DUHA FOUNDATION,BIRMINGHAM,https://www.ad-duha.org.uk/
157934,ADA BUSINESS CONSULTANCY LTD,Chelmsford,https://www.adabusiness.co.uk/
157935,ADA CO ACCOUNTS LTD,sheffield,https://www.ada-co.uk/
157944,ADAB,Bury,https://www.ada.ac.uk/
157952,ADAJ LIMITED,Wembley,https://adaj.co.uk/
157960,Adam Accountancy Limited,Slough,https://adamaccountancy.co.uk/
157962,ADAM Architecture Ltd,Winchester,https://www.adamarchitecture.com
157971,ADAM CABS LTD,Cambridge,https://adamcabsltd.co.uk/
157998,ADAM TYRES LTD,"Smethwick,",https://adamtyresltd.wixsite.com/website
158002,Adam's Healthcare Nelson Ltd,Nelson,https://www.adamshealthcarenelson.co.uk/
158003,ADAMA Agricultural Solutions UK ltd,Theale,https://www.adama.com/uk/en/
158004,ADAMA Agricultural Solutions UK ltd,Theale,https://www.adama.com/uk/en/
158005,ADAMA Entertainment Limited,London,https://www.adama.com/en
158011,ADAMS & CO UK LTD,England,https://adamsandco.uk/
158014,Adams Academy Inc Ltd,Aldgate,https://adamsacademy.com/
158021,ADAMS FOOD SERVICES,RUBERY,https://www.adamsfood.co.uk
158032,ADAN PROMOTIONAL CONCEPTS (UK) LTD,London,https://adanpromo.com
158034,ADAPPT LIMITED,TWICKENHAM,https://adappt.co.uk
158035,ADAPT ems Ltd,Hitchin,https://www.adaptems.com/
158039,Adaptech AI LTD,London,https://www.adaptech.ai/
158045,ADAPTOGENIC LAB LTD,London,https://adaptogenique.com
158048,Adara Healthcare Limited,Northampton,https://www.adarahealthcare.co.uk/
158051,ADAS GLOBAL LIMITED,LEICESTER,https://adasglobal.com
158052,ADAS UK GROUP LTD,Milton Keynes,https://adas.co.uk/
158057,ADB Safegate Airport Systems UK Ltd,Manchester,https://adbsafegate.com/
158058,ADB SAFEGATE BV BRANCH UK,London,https://adbsafegate.com/
158061,ADC Infrastructure Limited,Nottingham,https://adcinfrastructure.com
158062,ADC Therapeutics (UK) Limited,Reading,https://www.adctherapeutics.com
158066,ADD ENTERPRISE INTERNATIONAL LTD,London,https://www.addenterprise.com/
158071,ADDAX LONDON LTD,London,https://addax.co.uk/
158077,ADDEPAR UK LTD,Edinburgh,https://addepar.com/
158078,ADDEPAR UK LTD,Edinburgh,https://addepar.com/
158083,Addey and Stanhope School,London,https://as.lewisham.sch.uk/
158096,ADDISON BRADLEY & CO. LIMITED,London,https://addison-bradley.co.uk/
158098,ADDISON LEE SERVICES LIMITED,London,https://www.addisonlee.com
158101,ADDITIONS PLUS LTD,Slough,https://additionsplus.co.uk/
158102,ADDITIV LTD,London,https://additiv.com/
158110,AddQual,derby,https://www.addqual.com/
158116,ADDSOFT SOLUTIONS LIMITED,Slough,https://www.addsoft.co.uk/
158117,ADE Power Limited,Pontefract,https://ade-power.com/
158118,ADE Tax,London,https://adetax.com/
158122,ADEC SOLUTIONS LIMITED,Bourne End,https://www.adec-innovations.com/adec-workforce/adec-uk/
158126,ADEEB FACILITIES MANAGEMENT LIMITED,"Ilford,",https://www.adeebfm.co.uk
158133,Adelaide Children Physio ltd,London,https://adelaidechildrensphysio.co.uk/
158137,ADELANTA CONSULTING LTD,London,https://www.adelantauk.com/
158145,Aden Health Care Ltd,Northampton,https://adenhealthcare.co.uk/
158149,ADENCAST LIMITED,Hemel Hempstead,https://adencastlimited.com
158154,ADEPT ACCOUNTAX LTD,MITCHAM,https://adeptaccountax.com/
158164,ADES  SALFORD M7 LTD,SALFORD,https://adesfoods.com/
158165,ADES LTD,LONDON,https://adesgroup.com/
158168,ADETA FAMILY GROUP LIMITED,LONDON,https://adetafamily.com/
158171,ADEX CARE LTD,Liverpool,https://adexcare.co.uk/
158173,ADEX360 LTD,Luton,https://adex360.co.uk/
158174,ADEXA DIRECT LIMITED,Rugby,https://adexa.co.uk
158177,ADF Foods UK Limited,Harrow,https://adf-foods.com/
158178,ADF London Limited,London,https://facilitiesbyadf.com/
158180,Adfin Financial Services Ltd,London,https://adfin.com/
158182,ADG Accountants (Tax) Limited,Bradford,https://adgaccountants.co.uk/
158183,ADG Market Making LLP,London,https://www.adg.io/
158184,ADGAN ELECTRICS LTD,CHEADLE,https://www.adganelectrics.co.uk/
158186,ADHAM HOTELS LTD,Huddersfield,https://www.adhamhotels.com/
158187,ADHARA GROUP LIMITED,Rochdale,https://www.adaragroup.org/
158189,ADHD Parenting LTD,London,https://www.adhdparenting.com/
158198,ADI APPARELS LTD,MANCHESTER,http://adiapparels.com
158201,ADI Facilities Engineering,Birmingham,https://adifeng.com
158204,ADI PHARMA LTD,BEDFORD,https://adipharma.co.uk/
158205,ADI TECHNOLOGY LIMITED,Basingstoke,https://www.adi.com/
158206,ADI UK Limited,Bolton,https://www.adi.tv
158215,Adient Seating UK Ltd,Birmingham,https://www.adient.com/
158222,ADInstruments Limited,Oxford,https://www.adinstruments.com
158223,ADIOS LONDON LTD,London,http://adios.net
158229,ADJ Retail Ltd,Cramlington,https://adjretail.com
158233,ADJUST-A-BED LTD,Dewsbury,https://www.adjustabed.co.uk
158236,ADL CARE,Leeds,https://adlcare.co.uk/
158237,ADL Global Limited,London,https://adlglobal-group.com/
158238,ADL Homestore,Birmingham,https://adl-home-improvements.co.uk/
158242,ADLER ACCOUNTANTS LTD,LONDON,https://adleraccountants.co.uk/
158248,ADM AUTOMATION LIMITED,GATESHEAD,https://www.adm-automation.co.uk/
158250,ADM Cars,Coventry,https://www.adm.com/
158251,ADM COMPUTING,CANTERBURY,https://www.adm-computing.co.uk/
158252,ADM Healthcare Limited,Wednesbury,https://admhealthcare.com/
158253,ADM Promotions UK Limited,London,https://www.admgroup.com/
158254,ADM Promotions UK Limited,London,https://www.admgroup.com/
158255,ADM-Indicia Marketing Services Limited,London,https://adm-indicia.com/
158256,ADM-Indicia Marketing Services Limited,London,https://adm-indicia.com/
158259,ADMANAGE LIMITED,LONDON,https://admanage.ai/
158272,Admiral Scaffolding Group Limited,London,https://www.admiral-scaffolding.co.uk/
158276,ADMISSION NETWORK LTD,London,https://www.admissionnetwork.net/
158277,ADMITIR VERSATILE LTD,LONDON,https://admitirversatilewholesale.com/
158278,ADMONGREL LTD,"Weybridge, Surrey",http://www.admongrel.com
158280,ADNAMI LTD,London,https://www.adnami.io/
158283,Adnan Cricket Academy Ltd,London,https://aca.london/
158289,ADNOC International UK Limited,London,https://www.adnoc.ae/
158290,ADNOC International UK Limited,London,https://www.adnoc.ae/
158292,ADOBE GROUP LIMITED,London,https://www.adobe.com/uk/
158298,ADONAI SERVICES LIMITED,Kent,https://www.adonaiservices.co.uk
158303,ADORAI LIMITED,Harrow,https://adorai.net/
158304,ADORATE LTD,Luton,https://adorate.com/
158308,ADORE DESIGNS YORKSHIRE LIMITED,Batley,https://adoredesigns.co.uk/
158313,ADORN SPA LIMITED,WEMBLEY,https://adorn.beauty/
158314,ADP Architecture Limited,London,https://adp-architecture.com/
158315,ADP Consulting & Engineering Ltd,London,https://www.adpconsulting.com
158316,ADP Consulting & Engineering Ltd,London,https://www.adpconsulting.com
158317,ADP Security Systems Limited,Petersfield,https://www.adpsecurity.com/
158318,ADPAD Group Ltd,South Brent,https://ad-pad.co.uk/
158319,ADPL LLP,London,https://accountingdirectplus.com
158321,ADQURA LIMITED,Milton Keynes,https://www.adqura.com/
158325,ADRENALINE ALLEY LTD.,CORBY,https://www.adrenalinealley.co.uk/
158326,ADRIAN GIBSON MUSIC PRODUCTIONS,SURREY,http://agmp.co.uk
158327,ADRIAN GRANT COMMERCIALS LTD,CRUMLIN,https://grantcommercials.co.uk/
158333,ADRIATIC (UK) LTD,London,https://www.adriaticgroup.uk/
158335,ADRIEL CARE LTD,POOLE,https://adriel-care.co.uk/
158336,ADRINAI LTD,Greenwich,https://adrinai.co.uk
158339,ADROIT CONSULTING GROUP LTD,London,https://adroitcc.io/
158343,ADROSONIC UK LIMITED,LONDON,https://adrosonic.com/
158344,ADROSONIC UK LIMITED,LONDON,https://adrosonic.com/
158347,ADS COMPONENTS LIMITED,BARKING,https://www.adscomponents.co.uk/
158349,ADS Group Limited,London,https://www.adsgroup.org.uk/
158350,ADS Group Limited,London,https://www.adsgroup.org.uk/
158352,ADS Structural Ltd,St Helens,https://adsstructural.co.uk/
158357,ADSWIZZ LIMITED,London,https://www.adswizz.com/
158359,ADTEK LIMITED,NEWCASTLE,https://www.adtekltd.com/
158363,ADTRAN Europe Limited,Basingstoke,https://www.adtran.com/
158364,ADTRAN Europe Limited,Basingstoke,https://www.adtran.com/
158367,ADUKUS LAW LIMITED,London,https://www.adukussolicitors.com
158372,ADUT Limited T/A Chaiiwala,Slough,https://www.chaiiwala.co.uk/
158373,ADV Brightware Manufacturing Ltd,Coventry,https://abm-manufacturing.com/
158376,ADVANCE AGILITY LTD,Croydon,https://advanceagility.com
158377,ADVANCE AI LTD,Abbotsley,https://advanceai.tech/
158378,ADVANCE AI LTD,Abbotsley,https://advanceai.tech/
158380,ADVANCE BAR SECURITY LTD,Harlow,https://advancebarsecurity.co.uk/
158382,ADVANCE CARE PROVIDER LIMITED,Essex,https://www.advancecareprovider.co.uk/
158383,ADVANCE COLLEGE OF BUSINESS AND TECHNOLOGY LIMITED,London,https://www.acbtcollege.co.uk/
158386,ADVANCE EDUCATION GROUP LTD,London,https://advancededucationgroup.io/
158395,ADVANCE MARKETING (PVT) LTD,Manchester,https://advancemarketingpvt.co.uk/
158399,ADVANCE PHYSIOTHERAPY GROUP LTD,"Solihull,",http://www.advancephysiotherapygroup.co.uk/
158403,ADVANCE SOLUTIONS CORP LTD,Belfast,https://www.advancesolutions.com/
158404,ADVANCE TASTE LTD T/A TANDOORI NIGHT,Essex,https://www.tandoorinights.uk/swindon/
158405,ADVANCE WATER TREATMENT TECHNOLOGIES LIMITED,Leighton Buzzard,https://www.advanced-water.co.uk/
158415,Advanced Beauty Clinic and Training Ltd.,London,https://advancedbeauty.co.uk/
158416,ADVANCED BEAUTY MEDICAL LTD,London,https://advancedbeauty.co.uk/
158417,ADVANCED BROADCAST SERVICES LIMITED,London,https://www.abs.tv
158420,ADVANCED CARE (NI) LTD,Lisburn,https://advancedcareni.com/
158422,Advanced Compressor Engineering Services Limited,Wallingford,https://www.acescomp.co.uk/
158426,Advanced Dental Laboratories Limited,Birmingham,https://www.advanceddentallaboratories.co.uk/
158427,ADVANCED DESIGN TECHNOLOGY LIMITED,LONDON,https://www.adtechnology.com
158439,ADVANCED FLOURISH CARE LIMITED,Chatham,https://advancedflourishcare.co.uk
158443,Advanced Infrastructure Technology Limited,Nantwich,https://www.advanced-infrastructure.co.uk/
158456,ADVANCED MEDCARE LTD,LEEDS,https://www.advancedmedcare.com/
158462,ADVANCED MOLECULAR DIAGNOSTICS LTD,Nottingham,https://am-diagnostics.co.uk
158463,ADVANCED MUSCULOSKELETAL ULTRASOUND LTD,Dartford,https://www.advancedmsk.com/
158473,ADVANCED SEALED UNITS LIMITED,HATFIELD,https://advancedsealedunits.com/
158479,ADVANCED STUDY LTD,Manchester,https://www.advancedstudy.co.uk
158485,Advanced Vision Technology Limited,Marlow,https://avtechuk.com/
158499,ADVANTA LOSS ADJUSTERS LIMITED T/A ADVANTA INTERNATIONAL ADJUSTERS,London,https://www.advantaglobal.com/
158506,ADVANTAGE HOTELS (WALSALL) LTD,Harrow,https://www.hiexwalsall.com/
158510,ADVANTAGE SECURITY LIMITED,Birmingham,https://advantagesec.co.uk/
158515,ADVANTAX ACCOUNTANTS LTD,Ealing,https://advantaxaccountants.co.uk/
158518,Advantex Network Solutions Limited,Gateshead,https://www.advantex.uk.com/
158528,ADVENT FINANCIAL SERVICES LTD,HARROW,https://adventfs.co.uk
158546,ADVFN LTD,London,https://www.advfn.com/
158554,ADVISION INTERNATIONAL LTD,London,https://www.advisionint.co.uk/
158556,ADVIZZO LIMITED,MANCHESTER,https://www.advizzo.com/
158557,ADVOCATE GROUP LTD,NORTHAMPTON,https://www.advocate-group.co.uk/
158558,Advoco Solutions Limited,Silchester,https://www.advoco-solutions.co.uk/
158565,ADWYSD LTD,London,https://adwysd.net/
158568,ADYEN N.V. LONDON BRANCH,London,https://www.adyen.com
158569,ADYEN N.V. LONDON BRANCH,London,https://www.adyen.com
158571,ADZ Food Distribution Ltd,Bolton,https://www.adzfoods.com
158617,Aegis Group of Companies t/a Aegis Support Services,Luton,https://aegissupportservices.com/
158702,AESC UK PLANT 1 LIMITED,Sunderland,https://aesc.co.uk/
158726,Aetha Consulting Limited,Cambridge,https://www.aethaconsulting.com/
158766,Affectionate Healthcare Limited T/A Barons Down Nursing Home,Lewes,https://www.baronsdown.com/
158785,Affinity Fire Engineering (UK) Limited,London,https://affinity-fire.com/
158791,Affinity Sports Academy Ltd,Derby,https://www.affinitysports.uk/
158792,Affinity Sports Academy Ltd,Derby,https://www.affinitysports.uk/
158793,Affinity Trust,Thame,https://www.affinitytrust.org/
158823,Afin Bank Limited,London,https://afinbank.com/
158847,AFP Assets Limited,London,https://afp.uk.com/
158864,AFRICAN ARTS AND ADVICE CENTRE,London,https://www.africarts.org.uk/
159028,AGEMA ENGINEERING LTD,COVENTRY,https://www.agema-ind.com/
159082,Agile and IT Digital Services Limited,Brentford,https://agileanditdigital.com/
159090,Agile Cyber Solutions Limited,London,https://agilecyber.com/
159099,AGILE SOFTWARE SYSTEMS LTD,Colchester,https://www.agilesoftwaresystems.com/
159131,Agincare Live-In Management Services,Portland,https://careers.agincare.com/
159187,Agri Fruit Ltd,Somerset,https://www.agrisgj.com/
159303,Ahmadiyya Muslim Association United Kingdom,London,https://ahmadiyya.uk/
159420,Aigas Field Centre Ltd,Inverness-shire,https://www.aigas.co.uk/
159421,Aigburth Community Church,Liverpool,https://aigburth.church/
159551,Air Technology Systems Ltd,Bromsgrove,https://atsclimate.com/
159687,Aisin Europe Manufacturing (UK) Limited,Birmingham,https://www.aisin-europe.com/
159732,AJ HOME ASSET MANAGEMENT LTD,Manchester,https://www.ajhome.co.uk/
159809,AK Builders Merchants Limited,Hayes,https://www.akbm.uk/
159892,Akashi Digital Limited,London,https://www.akashi.digital/
159976,AKRO PHARMACEUTICAL CO LTD,LONDON,https://www.akropharmaceutical.co.uk/
159994,"AKSEKI, SONS & COMPANY LIMITED",London,https://www.akseki.co/
160023,Aktrion Manufacturing Support Services Ltd,Telford,https://www.aktrion.com/
160214,Al-Farooq Education & Community Centre,Glasgow,https://www.afecc.co.uk/
160225,AL-HUDA ACADEMY,BOLTON,https://www.alhuda-academy.org.uk/
160226,AL-HUDA ACADEMY,BOLTON,https://www.alhuda-academy.org.uk/
160229,AL-IKHLAS CULTURE AND EDUCATION CENTRE,Cardiff,https://www.alikhlas.org.uk/
160253,Al-Maktoum College of Higher Education,Dundee,https://www.almcollege.ac.uk/
160289,Ala-Ud-Din Mohammad Rajput ta KINGFISHER DENTAL SURGEY,Redditch,https://www.kingfisherdental.co.uk/
160317,Alan Anderson Manufacturing Ltd,Hemel Hempstead,https://www.aa-manufacturing.co.uk/
160348,Alantra Corporate Finance LLP,Birmingham,https://www.alantra.com/
160365,Alas Healthcare (Leeds),Leeds,https://alashealthcare.co.uk/
160379,Alator Data Services LTD,Dundee,https://alatorservices.com/
160388,ALB UK Construction & Development Ltd,South Cave,https://albgroup.co.uk/
160389,ALB UK Construction & Development Ltd,South Cave,https://albgroup.co.uk/
160421,Albatross Education Ltd,London,https://www.albatrosseducation.com/
160444,Albida Consulting Limited,London,https://www.albida.com/
160469,Albury Care Home,Guildford,https://alburycarehome.co.uk/
160479,Alcester Grammar School,Alcester,https://www.alcestergs.co.uk/
160493,Alchemy Dental Practice,Crewe,https://www.alchemydental.co.uk/
160527,Aldbourne Nursing Home Ltd.,Marlborough,https://aldbournenursinghome.com/
160531,Aldeburgh Dental Practice,Aldeburgh,https://www.aldeburghdentist.co.uk/
160537,Alder Hey Childrens NHS Foundation Trust,Liverpool,https://www.alderhey.nhs.uk/
160556,Aldgate House Dental Care,London,https://www.aldgatedentalcare.co.uk/
160568,Aldridge Education,London,https://aldridgeeducation.org/
160571,Aldro School Educational Trust Limited,Godalming,https://www.aldro.org/
160572,Aldro School Educational Trust Limited,Godalming,https://www.aldro.org/
160579,Alec Reed Academy,Northolt,https://www.alecreedacademy.co.uk/
160607,Aletheia Anglican Academies Trust,Gravesend,https://www.aletheiatrust.org.uk/
160609,Aleti Software Systems Ltd,Newcastle Upon Tyne,https://aleti.io/
160661,Alexandra House Support Services Ltd,Prestatyn,https://www.alexandrahouse-supportservices.co.uk/
160666,Alexandra Rose Residential Care Home,Portsmouth,https://www.alexandra-rose.co.uk/
160725,Alfreds Bar & Grill,pontypridd,https://alfredsbarandgrill.com/
160736,Algiz Technology Limited,Birmingham,https://www.algiz-technology.com/
160840,Alif Moosajee Ltd Trading as Oakdale Dental,Leicester,https://www.oakdaledental.co.uk/
160843,ALIFYA EDUCATION LTD,London,https://alifyaeducation.co.uk/
160911,Aliza Business Academy,Birmingham,https://alizabusinessacademy.com/
160954,All Home Care T/A Right At Home Basingstoke & District,Basingstoke,https://basingstokecareers.rightathome.co.uk/
160992,All Saints Academy Dunstable,Dunstable,https://www.allsaintsacademydunstable.org/
160993,All Saints Benhilton Primary School,Sutton,https://www.allsaintsbenhilton.org.uk/
160994,All Saints Catholic Academy Trust,Abbots Langley,https://www.ascatonline.co.uk/
160996,ALL SAINTS CATHOLIC SCHOOL,DAGENHAM,https://www.allsaintsschool.co.uk/
161000,All Saints Green Dental Clinic Ltd,Norwich,https://www.allsaintsgreendental.co.uk/
161011,All Saints Trust T/A Our Lady of Grace Catholic Infant School,London,https://www.ologinfants.brent.sch.uk/
161077,Allbro's Pharmacy Ltd t/a PharmacyKwik,Manchester,https://pharmacykwik.co.uk/
161094,ALLEGRIA RESTAURANT LTD,Lytham St. Annes,https://allegria.ltd/
161099,"Allen , Briggs and Turner Veterinary Surgeons",Boston,https://www.allenbriggsandturnervets.co.uk/
161104,Allen House Dental Practice,Crewe,https://www.allenhousedental.co.uk/
161115,Allenby Commercial (Construction) Ltd,Hull,https://allenbycommercial.co.uk/
161151,Alliance Dental Care Limited,Hertfordshire,https://alliancedental.uk/
161247,ALLISON HOUSE THORNABY LIMITED,THORNABY,https://allisonhousethornabylimited.co.uk/
161267,allpay Limited,Hereford,https://www.allpay.net/
161362,Alnoor Cultural & Educational Trust,Barking,https://alnoorcet.co.uk/
161363,Alnoor Cultural & Educational Trust,Barking,https://alnoorcet.co.uk/
161378,ALP Financial Limited,London,https://www.alpfin.com/
161395,Alperton Community School,Wembley,https://www.alperton.brent.sch.uk/
161399,Alpha 2 Bravo Aircraft Delivery Limited,West Halton,https://www.alpha2bravo.com/
161407,Alpha Bank London Ltd,London,https://www.alphabanklondon.co.uk/
161408,Alpha Bank London Ltd,London,https://www.alphabanklondon.co.uk/
161412,Alpha Building Services Engineering Ltd,London,https://www.alphabse.co.uk/
161471,ALPHA STUDY TUTORING CENTRE LTD,NEW MALDEN,https://www.alphastudycentre.com/
161493,ALPHAN TECH SOLUTIONS LTD,Chatham,https://alphan-tech.com/
161568,Alsager Multi Academy Trust,Alsager,https://www.alsagerschool.org/
161583,Alston & Bird LLP,London,https://www.alston.com/
161594,Alt21 Ltd,London,https://www.alt21.com/
161647,Alternative Learning Trust,Sutton,https://www.alternativelearningtrust.org.uk/
161690,Alton Manor Care Home,Southsea,https://altoncaregroup.com/
161719,Altus Education Partnership,Rochdale,https://www.altusep.com/
161766,Alvington House Dental Practice,Bury St Edmunds,https://www.alvington-house.co.uk/
161776,Alwoodley Medical Centre,Leeds,https://www.alwoodleymedicalcentre.co.uk/
161829,AM Surveying & Block Management,Ditton,https://www.amsbm.co.uk/
161979,AMB Financial Ltd,Peterborough,https://ambfinancial.co.uk/
162077,Ambulatory Surgery International Ltd t/a Welbeck Health Partners,London,https://welbeck.com/
162484,AMS Nuclear Engineering Ltd,Bridgwater,https://ams-nuclear.com/
162666,Anchor Care and Education Limited,Melton Mowbray,https://anchorcareandeducation.co.uk/
162675,Anchor Nursing and Social Care Limited,Dunfermline,https://www.anchor.org.uk/
162679,Anchor Support Services Ltd,Strood,https://www.anchorsupport.org/
162860,ANGEL HEALTHCARE LTD,BATTLE,https://www.angelhealthcare.co.uk/
162983,Anglo Chinese School of London Limited,London,https://www.kensingtonwade.com/
162985,Anglo European School,Ingatestone,https://www.aesessex.co.uk/
163030,Anico Financial Services Limited,London,https://anicofinance.com/
163100,Anka Accountancy Ltd,East Sussex/Hove,https://ankaaccountancy.uk/
163174,Anns Home Care,Portadown,https://www.anns.co.uk/
163495,Apeiron Investment Advisory UK Limited,London,https://www.apeiron.com/
163516,Apex Additive Technologies Ltd,Ebbw Vale,https://www.apex.tech/
163565,Apex Prime Care,Cheltenham,https://www.apexprimecare.org/
163618,APMS Solutions Ltd t/a Akerman Medical Practice,London,https://www.akermanmedicalpractice.com/
163642,Apollo Enterprise Strategies UK Ltd,London,https://www.apollo.com/
163689,Appeal Marketing Ltd t/a Appeal Digital,Bristol,https://appeal.digital/
163729,Apple Montessori School London Limited,Ealing,https://applemontessorilondon.co.uk/
163731,APPLE ORCHARD CONSTRUCTION LTD,KEADY,https://www.appleorchardgroup.ie/
163753,Applegarth Care Home Limited,Maidenhead,https://www.applegarthcarehome.co.uk/
163755,Apples & Snakes Ltd,London,https://applesandsnakes.org/
163762,Appletree Dental Practice,Scarborough,https://www.appletreedp.co.uk/
163766,Applewood Support,Nuneaton,https://applewoodsupport.com/
163799,APPLY4 TECHNOLOGY LIMITED,LONDON,https://apply4.com/
163892,Aptior Capital Services (UK) Limited,London,https://www.aptiorcapital.com/
164844,Aros Kapital Ltd,London,https://aroskapital.co.uk/
164896,ARROW DIGITAL SPACE LTD,London,https://www.arrowdigitalspaceltd.co.uk/
164951,Art Africa Ltd,London,https://art.africa/
165104,Arts Educational School London,London,https://artsed.co.uk/
165105,Arts Educational School London,London,https://artsed.co.uk/
165117,ARU Recruitment Ltd T/A ARU Homecare,Hull,https://www.aru-homecare.co.uk/
165146,Arundel Domiciliary Care Services,Worthing,https://arundelcareservices.co.uk/
165196,ARZ DESIGN AND CONSTRUCTION LTD,London,https://arzdesignandconstruction.com/
165217,AS Foreign Education Consultants Limited,Birmingham,https://www.asfeconsultants.com/
165348,Ascom,Lichfield,https://career.ascom.com/
165476,Ashburton House Care Home Ltd,Ashburton,https://www.ashburton-house.co.uk/
165499,Ashdown Medical Group,BROMLEY,https://www.ashdownmedical.org.uk/
165604,Ashorne Hill Management College,Leamington Spa,https://ashornehill.co.uk/
165634,Ashton Central Mosque Charitable Trust,Ashton-Under-Lyne,https://www.ashtoncentralmosque.com/
165830,ASME Engineering Ltd,Harrow,https://www.asmeengineering.co.uk/
165863,Aspatria Medical Group,Aspatria,https://www.aspatriamedicalgroup.co.uk/
165888,Aspen Hill Healthcare Limited,Leeds,https://www.aspenhillvillage.com/
165889,Aspen Hill Healthcare Limited,Leeds,https://www.aspenhillvillage.com/
165926,Aspire Day Nursery LTD,Surbiton,https://www.aspirenursery.co.uk/
165927,ASPIRE EXCEL LTD,Barking,https://aspireexcellocums.com/
165940,Aspire Learning Centres & Childcare Limited,Manchester,https://www.aspirelearningcentres.co.uk/
166009,Assembly Studios Ltd,London,https://assemblystudios.com/
166034,Assets Integrated Limited,London,https://assets-integrated.co.uk/
166082,Association for Financial Markets in Europe,London,https://www.afme.eu/
166103,Assumption Grammar School,Ballynahinch,https://assumptiongrammar.org.uk/
166120,Assured Healthcare Solutions Limited,Tamworth,https://www.assuredhealthcaresolutions.com/
166121,Assured Healthcare Solutions Limited,Tamworth,https://www.assuredhealthcaresolutions.com/
166152,ASTER TEXTILE LONDON LIMITED,London,https://www.astertextile.com/
166166,Astley House Nursing Home Limited,North Berwick,https://astleyhousenursinghome.co.uk/
166173,Aston Black Ltd,Milton Keynes,https://accountantmk.co.uk/
166176,Aston Community Education Trust,Shirebrook,https://www.astoncetrust.org/
166192,Aston Students' Union,Birmingham,https://www.astonsu.com/
166207,ASTORIA HEALTHCARE LTD,HOUNSLOW,https://www.astoriahealthcare.com/
166228,Astrea Academy Trust,Sheffield,https://www.astreaacademytrust.org/
166237,ASTRO TAPAS AND COCKTAIL BAR LTD,London,https://www.astrococktailbar.co.uk/
166249,Astute Healthcare Limited,HItchin,https://www.astutehealthcare.co.uk/
166289,AT Engine Controls Ltd T/A ATEC Engineering Solutions,Manchester,https://www.atec.solutions/
166378,ATG Aerospace Ltd,"Stevenage, Hertfordshire",https://www.atg-europe.com/
166411,ATHENEUM LIMITED,London,https://www.atheneum.ai/
166430,Athletica Health Ltd,York,https://athletica.health/
166459,Atkins Brickwork Limited,Chessington,https://www.atkinsbrickwork.co.uk/
166599,Atominvest Software Ltd,London,https://www.atominvest.co/
166600,Atomix Educational Trust,Guisborough,https://www.atomix.ac.uk/
166641,ATS Applied Tech Systems Ltd,Nuneaton,https://www.ats-global.com/
166660,Attain Health Management Services Ltd,Buckinghamshire,https://attain.co.uk/
166821,AUM Construction Ltd,Wednesbury,https://www.aum-construction.com/
166849,Aura Financial LLP,London,https://www.aura-financial.com/
166882,Aurora Care and Education OpCo Ltd,Gloucester,https://www.theauroragroup.co.uk/
166889,Aurora Healthcare Communications Limited,London,https://www.auroracomms.com/
166890,Aurora Healthcare Communications Limited,London,https://www.auroracomms.com/
166957,Autify Digital Ltd,Nottingham,https://www.autify.co.uk/
166958,AUTISM AT KINGWOOD,Didcot,https://www.kingwood.org.uk/
167022,Autoflame Engineering Limited,Kent,https://www.autoflame.com/
167049,AUTOMATION CONSULTANTS LTD,Theale,https://www.automation-consultants.com/
167052,Automation Logic Limited,London,https://www.automation-logic.com/
167054,Automeds Pharmacy Ltd,POOLE,https://www.automeds.co.uk/
167055,AUTOMIZEON TECH LTD,WEMBLEY,https://www.automizeon.co.uk/
167131,AV OLD COMPTON STREET LTD T/A All'Antico Vinaio,London,https://soho-london.co.uk/
167163,Avalon Veterinary Clinic Ltd,Milngavie,https://www.avalonvet.co.uk/
167169,Avana Healthcare Limited,Kent,https://avanahealthcare.co.uk/
167183,Avant Healthcare Services Ltd,Hounslow,https://avanthomecare.co.uk/
167203,Avanti Schools Trust,Stanmore,https://avantitrust.schoolrecruiter.com/
167223,Avatar SWH Limited T/a Selly Wood House Nursing Home,Birmingham,https://avatarcaregroup.co.uk/
167275,AVERLEY QWARA HEALTHCARE LTD,"Sheerness,",https://averleyqwarahealthcare.co.uk/
167323,Avicenna (Clinical Centre of Chinese Medicine),Hove,https://www.avicenna.co.uk/
167367,Aviteus Healthcare Ltd,Kenton,https://aviteushealthcare.co.uk/
167380,AVK Power Services Limited,Lenham,https://www.avk-seg.com/
167405,Avocet Trust,Hull,https://avocettrust.co.uk/
167422,Avon Healthcare Solutions Ltd,BRISTOL,https://avonhealthcare.co.uk/
167459,Avrin Pharma Ltd,Liverpool,https://www.avrin.co.uk/
167460,Avrin Pharma Ltd,Liverpool,https://www.avrin.co.uk/
167477,AVSL Group Ltd,Manchester,https://www.avsl.com/
167485,Avtar Pardesi Ltd T/A Cambridge Street Dental Practice,St Neots,https://www.cambridgestreetdental.com/
167497,AW Brown Dental Practice,Felixstowe,https://awbrowndental.co.uk/
167594,Axi Design & Engineering Ltd,Hull,https://www.axidesign.co.uk/
167615,Axiom Home Care Limited,Hemel Hempstead,https://www.axiomcare.co.uk/
167617,Axiom Manufacturing Services Limited,Newbridge,https://www.axiom-ms.com/
167640,Axis Educational Trust,London,https://www.axiseducationaltrust.org/
167642,AXIS Healthcare Consulting Limited,London,https://www.axishealthcare.co.uk/
167643,Axis Healthcare Ltd,Milton Keynes,https://www.axishealthcare.co.uk/
167652,Axis Well Technology Ltd,Westhill,https://www.axis-wt.com/
167680,AXYZ Automation (U.K.) Limited,Telford,https://www.axyz.com/
167729,AYKO Digital Limited t/a AYKO,Leeds,https://www.ayko.com/
167736,Aylesbury High School,Aylesbury,https://www.ahs.bucks.sch.uk/
167775,AYT LONDON LIMITED,London,https://aytlondon.co.uk/
167873,B-Well Health & Social Care Group Limited,Milton Keynes,https://bwellgroup.org/
167925,B3 Insurance Ltd,London,https://b3insurance.co.uk/
167931,BA EDUCATIONAL CONSULTANCY LTD,LONDON,https://baecons.com/
167965,BABA BUTCHERS AND GROCERS LIMITED,London,https://bababutchersandgrocers.co.uk/
167989,Babcock & Wilcox Volund Limited,London,https://www.babcock.com/
168031,Baby Ultrasound Clinic Limited,Bolton,https://www.babyultrasoundclinic.co.uk/
168049,BAC Education Consultancy Ltd,Dartford,https://baceducationcons.co.uk/
168117,BADITECH ENGINEERING AND CONSULTANCY LTD,NEWARK,https://www.baditech.co.uk/
168320,Balcas Timber Ltd,Enniskillen,https://balcas.com/
168331,Baldevs Dental Care Ltd,Newbury,https://baldevsdentalcare.co.uk/
168334,BALDWIN ELECTRICAL COMPANY (ST.MARYLEBONE) LIMITED,LONDON,https://www.baldwinelectrical.co.uk/
168379,Balloon Day Nursery Limited,London,https://balloondaynursery.co.uk/
168391,Ballymore Development Management Limited,London,https://www.ballymoregroup.com/
168603,Banister Primary School,Southampton,https://www.banisterschool.co.uk/
168723,BAP Medical UK Limited,Peterborough,https://www.bap-medical.co.uk/
168982,Barrack Lane Medical Centre,Ipswich,https://www.barracklane.co.uk/
169126,Basileia Investment Holdings (UK) Limited,London,https://basileia.co.uk/
169170,"Basudev Enterprises Ltd, Bedford Dental Practice",Bedford,https://bedforddentalpractice.com/
169208,Bath Spa University,Bath,https://www.bathspa.ac.uk/
169209,Bath Spa University,Bath,https://www.bathspa.ac.uk/
169210,Bath Spa University,Bath,https://www.bathspa.ac.uk/
169211,Bath Spa University,Bath,https://www.bathspa.ac.uk/
169223,Batley Multi Academy Trust,Batley,https://www.batleymat.co.uk/
169248,BAU Hair Design Ltd,Edinburgh,https://www.bauhair.co.uk/
169253,Bauer Radio Limited,Peterborough,https://www.bauermedia.co.uk/
169298,BAY MEDICAL GROUP,MORECAMBE,https://www.baymedicalgroup.co.uk/
169338,Baytul Ilm Secondary School,milton Keynes,https://baytulilm.org.uk/
169344,Baywater Healthcare,Crewe,https://www.baywater.co.uk/
169345,Baywater Healthcare Limited,Crewe,https://www.baywater.co.uk/
169346,Baywater Healthcare Limited,Crewe,https://www.baywater.co.uk/
169446,BCEGI Construction (UK) Ltd,Manchester,https://bcegi.co.uk/
169447,BCEGI Construction (UK) Ltd,Manchester,https://bcegi.co.uk/
169448,BCEGI Construction (UK) Ltd,Manchester,https://bcegi.co.uk/
169450,BCG Digital Ventures,London,https://www.bcg.com/
169451,BCG Digital Ventures,London,https://www.bcg.com/
169452,BCG Electrical Services Ltd,Fareham,https://bcgelectrical.com/
169454,BCG Global Specialty Businesses,London,https://www.bcg.com/
169512,BDD Pharma Ltd,Glasgow,https://www.bddpharma.com/
169553,BE Education,LONDON,https://beeducation.com/
169555,Be First (Regeneration) Ltd,London,https://befirst.london/
169557,BE HAPPY SUPPORT LIMITED,Telford,https://behappysupportlimited.co.uk/
169563,Be Possible Limited,Guildford,https://bepossible.co.uk/
169567,Be Shaping the Future Management Consulting Ltd,London,https://www.beshapingthefuture.co.uk/
169568,Be Shaping the Future Management Consulting Ltd,London,https://www.beshapingthefuture.co.uk/
169571,Be The Fox Limited,Brighton,https://www.bethefox.co.uk/
169600,Beacon Health Kensington Limited,Liverpool,https://www.beaconhealthkensington.nhs.uk/
169602,Beacon Hill Community School,Aspatria,https://www.beaconhill.cumbria.sch.uk/
169603,Beacon Hill School,Wallsend,https://beaconhill.org.uk/
169612,Beacon Multi Academy Trust,Ilford,https://beaconacademytrust.co.uk/
169671,Bear cross dental partnership,Bournemouth,https://www.bearcrossdentalpractice.co.uk/
169698,Beatrice Tate School,LONDON,https://www.beatricetate.towerhamlets.sch.uk/
169723,Beaumont Home Care Limited,Ingatestone,https://beaumonthomecare.co.uk/
169733,BEAUTIFUL WORLD TRAINING ACADEMY LTD,Hounslow,https://www.beautifulworldacademy.co.uk/
169799,BEC nurseries Limited t/a new amigos day nursery,"Manchester, United Kingdom",https://fechoices.justapply.co.uk/
169838,Bedales School,Petersfield,https://www.bedales.org.uk/
169839,Bedales School,Petersfield,https://www.bedales.org.uk/
169844,Bedford Academy,Bedford,https://www.bedfordacademy.co.uk/
169854,Bedford Greenacre Independent School,BEDFORD,https://bedfordgreenacre.co.uk/
169855,Bedford Hindu Temple and Community Trust,Bedford,https://www.bedfordhindutemple.org/
169862,Bedfordshire Hospitals NHS Foundation Trust,Luton,https://www.bedfordshirehospitals.nhs.uk/
169864,Bedfordshire Schools Trust,Shefford,https://www.bestacademies.org.uk/
169903,Beech House School,ROCHDALE,https://www.beechhouseschool.net/
169915,Beeches Care Home,Chorley,https://beechescarehome.co.uk/
169920,Beeches Learning and Development Trust,Burnham,https://www.burnhamgrammar.org.uk/
169937,BEEKAY ELECTRICAL LIMITED,Heckmondwike,https://beekay.co.uk/
169938,Beekay Healthcare Ltd,Leeds,https://beekayhealthcare.co.uk/
169948,BEEP DIGITAL LTD,Poole,https://beep.digital/
169986,Beggarwood Dental Surgery,Basingstoke,https://www.beggarwooddental.com/
170085,Belgaum medical centre Ltd,Luton,https://belgaummedicalcentre.co.uk/
170132,BELLA BAMBINI DAY NURSERY LTD,Nottingham,https://bellabambinidaynursery.co.uk/
170211,BELMONT RESIDENTIAL CARE LTD,Ilford,https://www.belmonthealthcare.co.uk/
170604,Bespoke Healthcare Ltd,Preston,https://bespokehealthcare.co.uk/
170802,Beth Chatto Education Trust,Colchester,https://www.bethchatto.co.uk/
170809,Bethany Christian Trust,Edinburgh,https://www.bethanychristiantrust.com/
170826,Bethphage,Shrewsbury,https://bethphage.co.uk/
170827,Beths Grammar School,Bexley,https://beths.bexley.sch.uk/
170839,Better Futures Multi Academy Trust,Coventry,https://bfmat.ac.uk/
170841,Better Health MCR Ltd,Manchester,https://www.betterhealthmcr.nhs.uk/
170848,Better Planet UK Ltd,Potters Bar,https://www.betterplanet.co.uk/
170908,Bexley Grammar School,Welling,https://www.bexleygs.co.uk/
170910,BEXLEY MANOR NURSERY SCHOOL LIMITED,BEXLEY,https://bmns.co.uk/
170932,Beyond Engineering Consulting Ltd,Wembley,https://beyondeng.co.uk/
170936,Beyond Health Limited,London,https://beyond-health.co.uk/
170945,BEYOND SCHOOLS TRUST,CHATHAM,https://www.beyondschools.co.uk/
170976,BFS HEALTHCARE LTD,Belfast,https://bfshealthcare.co.uk/
171013,BGS Healthcare Ltd,Chippenham,https://www.bgs-healthcare.co.uk/
171026,BH1 Accounting Limited,London,https://www.bh1accounting.net/
171051,Bhandal Dental Practice Blackheath,Rowley Regis,https://www.bhandaldental.co.uk/
171052,Bhandal Dental Practices,Cradley Heath,https://bhandaldentalpractices.co.uk/
171150,Bibby Maritime Crewing Services Limited,Liverpool,https://www.bibbymarine.com/
171171,Bicester Health Centre,Bicester,https://www.bicesterhc.co.uk/
171187,Biddenden Vineyards Ltd,Ashford,https://biddendenvineyards.com/
171202,BIE Magnum Limited,Bristol,https://www.biemagnum.com/
171203,BIEA BRITISH INTERNATIONAL EDUCATION ASSOCIATION LTD,London,https://biea.org.uk/
171244,Big Hearts Community Trust,Edinburgh,https://bighearts.org.uk/
171248,Big Issue Invest Limited T/A The Big Issue Invest,London,https://www.bigissue.com/
171265,Big Orange Software trading as Sonin,Reigate,https://sonin.agency/
171297,Biggs Beit Ltd TA Biggs Healthcare,DUNSTABLE,https://www.biggshealthcare.co.uk/
171353,Bill Kenwright Ltd,London,https://www.kenwright.com/
171354,Bill Kenwright Ltd,London,https://www.kenwright.com/
171382,Billon Financial Ltd,London,https://billongroup.com/
171383,Billon Financial Ltd,London,https://billongroup.com/
171416,BIMTech Engineering Limited,Manchester,https://bimtech-eng.com/
171419,BIN-SEENA HEALTHCARE LTD,LONDON,https://bin-seena.co.uk/
171458,Binyan Studios Limited,London,https://www.binyanstudios.com/
171469,BIO-TECH SOLUTIONS LIMITED,Driffield,https://www.bio-techsolutions.com/
171531,Biorelevant.com Ltd,London,https://biorelevant.com/
171533,BIOS Health Ltd,Cambridge,https://www.bios.health/
171561,Birbeck Medical Group,Penrith,https://www.birbeckmedicalgroup.co.uk/
171582,Birchwood High School,Bishops Stortford,https://www.birchwoodhighschool.co.uk/
171584,Birchwood Medical Centre,Warrington,https://www.birchwoodmedicalcentre.co.uk/
171600,BIRDLIFE INTERNATIONAL,CAMBRIDGE,https://www.birdlife.org/
171615,Birkby Dental Care Limited,Huddersfield,https://www.birkbydentalcare.com/
171632,Birmingham & Solihull Mental Health Foundation NHS Trust,Birmingham,https://www.bsmhft.nhs.uk/
171640,Birmingham Buddhist Vihara Trust,Birmingham,https://birminghambuddhistvihara.org/
171641,Birmingham Buddhist Vihara Trust,Birmingham,https://birminghambuddhistvihara.org/
171644,BIRMINGHAM CARS LTD,Birmingham,https://www.birminghamcarsltd.co.uk/
171650,Birmingham Christian College,Birmingham,https://bccoll.ac.uk/
171651,Birmingham Christian College,Birmingham,https://bccoll.ac.uk/
171659,Birmingham City Students' Union,Birmingham,https://www.bcusu.com/
171666,Birmingham Community Healthcare NHS Foundation Trust,Birmingham,https://www.bhamcommunity.nhs.uk/
171692,Birmingham Roman Catholic Diocese,Birmingham,https://www.birminghamdiocese.org.uk/
171710,Birstall Medical Centre,Leicester,https://birstallmedicalcentre.com/
171714,Birtley House Specialist Independent School,Sevenoaks,https://www.birtleyhouseschool.co.uk/
171730,BISCOT PHARMACY LTD,Luton,https://biscotpharmacy.com/
171740,Bishop Burton College,Bishop Burton,https://www.bishopburton.ac.uk/
171741,Bishop Chadwick Catholic Education Trust,Houghton Le Spring,https://bccet.org.uk/
171746,Bishop Ramsey CoE School,Ruislip,https://www.bishopramseyschool.org/
171747,Bishop Stopford School,Kettering,https://www.bishopstopford.com/
171756,Bishops Stortford Veterinary Hospital Limited,Bishops Stortford,https://www.stortvet.com/
171765,Bishopshalt School,Uxbridge,https://www.bishopshalt.hillingdon.sch.uk/
171806,BITAK HEALTHCARE LIMITED,Boscombe Down Business,https://bitakhealthcare.co.uk/
171812,BITESIZE CONSULTING (CG) LTD,London,https://www.bitesizeconsulting.com/
171814,BITLogix Ltd,Mitcham,https://www.ebitlogix.com/
171819,BITS IN GLASS UK LTD,Tunbridge Wells,https://bitsinglass.com/
171820,BITS IN GLASS UK LTD,Tunbridge Wells,https://bitsinglass.com/
171822,BITTACY CS LTD,London,https://bittacycars.com
171829,BITZER UK LTD,Milton Keynes,https://www.bitzeruk.com
171833,BIXTECH LIMITED,NORTHAMPTON,http://ever-glamour.com
171835,Biz Accounting Ltd,Harrow,https://www.bizaccountingltd.com/
171838,BIZ BIZE UK LTD,Greenford,https://bizbize.uk
171839,BIZ CLEANERS LIMITED,Stanmore,https://bizcleaners.co.uk/
171841,BIZ Engineering Limited,Ensfield,https://www.bizengineering.com/
171849,BIZDGE LIMITED,St. Albans,https://bizdge.com
171850,BIZGROW HOLDINGS LTD,Essex,https://bizgrow-holdings.com/
171858,BIZTECH CONSULTANTS LTD,Ilford,https://biztechconsultants.co.uk/
171860,BIZZ EDUCATIONAL CONSULTANCY LTD,PRESTON,https://bizzeducation.com
171866,BJD CONSULTING ENGINEERS LTD,London,https://www.bjdconsultingengineers.com/
171869,BJM Group Limited,Saffron Walden,https://bjmgroup.co.uk/
171870,BJMCA Ltd trading as Bluebird Care (South Lanarkshire),Hamilton,https://www.bluebirdcare.co.uk/south-lanarkshire
171872,BJS HAULAGE LIMITED,WEDNESBURY,https://www.bjsfamily.com/
171878,BK Care Solutions Ltd,Finchley Central,https://bkcaresolutions.co.uk/
171881,BK CONSTRUCTION LTD,Derby,https://www.bkconstruction1.co.uk/
171883,BK IT Solutions Ltd,Dagenham,https://bkitsolutions.co.uk/
171888,BK PLUS LIMITED,Aldridge,https://bkplus.co.uk/
171894,BK.LEATHER LIMITED,BARKING,https://bkleather.uk/
171897,BKB Accountants Ltd,Poole,https://www.bkbaccountants.co.uk
171904,BKP(UK) Limited,London,https://www.bkpgroup.com/
171906,BKUK Group Limited,London,https://bkukgroup.com
171907,BKUK Group Limited,London,https://bkukgroup.com
171908,BKW Foodstores Ltd T/A KW foodstores,Bolton,https://www.kwfood.co.uk
171909,BKW Instruments Ltd,Manchester,https://www.bkwinstruments.co.uk
171910,BKWAI LTD,London,https://www.bkwai.com/
171911,BKZH Ltd,Dagenham,https://bkzhltd.com/
171912,BL Builder,Coventry,https://blbuilders.co.uk/
171913,BL CHESWICK GREEN LIMITED T/A Bangla Lounge Cheswick Green,Cheswick Green,https://www.banglaloungesolihull.co.uk/
171919,Black & Brown Dental Limited,Dunfermline,https://www.blackandbrowndental.co.uk/
171937,Black Box Bakery Ltd,Newcastle,https://blackboxdonuts.co.uk/
171938,BLACK BOX DONUTS LTD,Newcastle,https://blackboxdonuts.co.uk/
171940,BLACK BOX MEDIA MARKETING LTD,Southampton,https://blackboxmediamarketing.co.uk/
171959,BLACK FIRE SOLUTIONS LTD,LONDON,https://blackfiresolutions.co.uk/
171960,BLACK FLASH PROMOTIONS LTD,MANCHESTER,https://blackflashpromotions.com/
171978,BLACK ROOSTER FRANCHISING LTD,Glasgow,https://www.blackroosterperiperi.com/
171980,Black Salt Sheen Limited T/A Black Salt Sheen,London,https://blacksaltsheen.com/
171982,BLACK SMITH SECURITY LIMITED,London,https://blacksmithsecurity.co.uk/
171993,Black Women's Resource Centre  Watoto Preschool Ltd,SHEFFIELD,https://www.watotopreschool.org.uk/
171995,BLACKAPPLE SOLUTIONS LTD,HUDDERSFIELD,https://www.blackapple-solutions.com/
172005,BLACKBOARD (UK) LIMITED,Hampton,https://www.blackboard.com
172006,BLACKBOARD (UK) LIMITED,Hampton,https://www.blackboard.com
172014,Blackburn Diocesan Board of Finance Ltd,Blackburn,https://blackburn.anglican.org/
172015,Blackburn Diocesan Board of Finance Ltd,Blackburn,https://blackburn.anglican.org/
172024,BLACKBURN U K TRUST,BLACKBURN,https://www.brfctrust.co.uk/
172025,BLACKBURN U K TRUST,BLACKBURN,https://www.brfctrust.co.uk/
172026,BLACKCOUNTRY MOTORS LTD,Oldbury,https://blackcountrymotors.co.uk/
172030,Blackfen School for Girls,Sidcup,https://www.blackfenschoolforgirls.co.uk/
172042,Blackheath High School GDST,London,https://www.blackheathhighschool.gdst.net/
172043,Blackheath High School GDST,London,https://www.blackheathhighschool.gdst.net/
172049,BLACKLANE HAVN UK LTD,London,https://www.blacklane.com/en-gb/blacklanehavnltd/
172055,BLACKLIST LOUNGE LONDON LIMITED,London,https://blacklist-lounge.com/
172061,BLACKMORE SERVICES LIMITED,BRISTOL,https://blackmoreservices.com/
172062,Blackpool and The Fylde College,Blackpool,https://www.blackpool.ac.uk/
172063,BLACKPOOL COUNCIL,BLACKPOOL,https://www.blackpool.gov.uk/
172069,BLACKPOOL PARKS LIMITED,BLACKPOOL,https://www.nwcarparks.co.uk/
172078,BLACKROCK INVESTMENT MANAGEMENT (UK) LIMITED,LONDON,https://www.blackrock.com/uk
172079,BlackRock Investment Management (UK) Limited,London,https://careers.blackrock.com/
172080,BLACKROCK INVESTMENT MANAGEMENT (UK) LIMITED,LONDON,https://www.blackrock.com/uk
172081,BlackRock Investment Management (UK) Limited,London,https://careers.blackrock.com/
172086,BLACKROD HOUSE LIMITED,"Bolton,",https://www.blackrodhouse.co.uk/
172114,Blackthorn Trust,Maidstone,https://blackthorn.org.uk/
172115,BLACKTRACE HOLDINGS LIMITED,Royston,https://www.blacktrace.com/
172116,BLACKWALL SECURITY LTD,London,https://blackwallsecurity.com/en/
172117,Blackwater Academy LTD,Birmingham,https://www.blackwateracademy.co.uk/
172119,BLACKWATER DENTAL SURGERY & IMPLANT CENTRE LTD,BLACKWATER,https://blackwaterdental.co.uk/
172120,BLACKWATER TECH LTD,London,https://blackwater.tech/
172121,BLACKWATER TECH LTD,London,https://blackwater.tech/
172134,BLADEZ TOYZ LIMITED,MARLOW,https://bladeztoyz.com
172147,BLAK DIAMOND SOCIAL CARE LIMITED,Basildon,https://blakdiamond.co.uk/
172149,BLAKE & BOND LTD,LONDON,https://blakenbond.com/
172150,BLAKE & ERNST LIMITED,London,http://blakeandernst.co.uk
172167,Blanchards Inheritance Ltd,Ramsgate,https://blanchardsltd.co.uk/
172171,BLANCO UK Limited,St. Albans,https://www.blanco.co.uk
172172,BLANCO UK Limited,St. Albans,https://www.blanco.co.uk
172200,BLAZE PARKING MANAGEMENT LTD,Hounslow,https://blazeparkingmanagement.co.uk/
172201,BLAZE PIZZA SLOUGH LTD TA ROCCO'S PIZZA,Greenford,https://slough.roccospizza.co.uk/
172205,BLB LAKESIDE LTD T/A BRICK LANE BAGEL CO,Grays,https://bricklanebagel.com/
172207,BLC Corp-Serve Limited,London,https://www.blcservice.org
172209,BLE Lighting and Power Ltd,Mexborough,https://blelighting.co.uk/
172221,BLENDCROSS LIMITED,LEWISHAM,https://www.blendcross.co.uk
172223,BLENFORD LTD,Oxford,https://blenford.co.uk/
172224,BLENGOLD LIMITED T/a Temple Indian Fusion,Woodford,https://www.templefusion.co.uk/
172229,Blenheim High School,Epsom,https://www.blenheim.surrey.sch.uk/
172233,BLESSDAY SERVICES LTD,Romford,http://blessdayservices.org
172234,Blessed Hugh Faringdon Catholic School,Reading,https://www.hughfaringdon.org/
172235,Blessed Thomas Holford Catholic College,Altrincham,https://www.bthcc.org.uk/
172239,BLESSING'S CARE LTD,MILTON KEYNES,https://www.blessingscare.co.uk/
172241,"BLETCHLEY PJ PIZZA LIMITED T/A PAPA STADIUM MK,",Milton Keynes,https://www.papajohns.co.uk/stores/milton_keynes-bletchley_stadium
172252,BLING JEWELLERS LTD,London,https://blingjewellers.co.uk/
172265,BLISS BEAUTY LIMITED,SWINDON,https://www.blissbeautysalonltd.co.uk/
172266,BLISS BEAUTY SALON LUTON LIMITED,Luton,https://blissbeauty908.wixsite.com/mysite
172268,BLISS CARE SOLUTIONS,EDINBURGH,https://blisscaresolutions.co.uk/
172269,BLISS CARE TORQUAY LIMITED,Torquay,https://bliss.care/
172272,BLISS GROWTH LTD,Canterbury,https://blissgrowth.com
172274,Bliss The Chelsea Clinic for Women and Children,London,https://blisschelsea.com/
172287,BLK CAB COFFEE LTD,London,https://blkcab.com/
172294,BLOCK DOX LIMITED,London,https://www.blockdox.com
172301,BLOCKEYFI UK LIMITED,Glasgow,https://www.blockeyfi.com/
172310,BLOOBLOOM LIMITED,LONDON,https://bloobloom.com/
172315,BLOOM & GONSAI LIMITED,London,https://dentistw1.co.uk/
172317,BLOOM BUSINESS SOLUTIONS LTD,London,https://www.bloombusiness.co.uk/
172321,BLOOM HEALTH GROUP LTD,LONDON,https://bloom-health.co.uk
172322,BLOOM HEALTH HOSPITALS LTD,MILTON KEYNES,https://bloom-health.co.uk
172344,BLOOMING TULIPS MONTESSORI LTD,Northwood,https://bloomingtulipsmontessori.co.uk/
172351,BLOOMS HEALTHCARE LIMITED,MANCHESTER,https://www.bloomshealthcare.com
172359,BLOOP AI LIMITED,LONDON,https://bloop.ai/
172369,BLOSSOM CONSULTANCY LIMITED,Bromley,https://www.blossomconsultancy.co.uk
172376,Blossom High Limited,Rainham,https://blossomhigh.co.uk/
172378,Blossom House School Limited,New Malden,https://www.blossomhouseschool.co.uk/
172386,Blossom24 Healthcare & Training Ltd,Northampton,https://blossom24careandtraining.com/
172394,BLS Burnells Limited,Uxbridge,https://blsburnells.com/
172397,BLS INTERNATIONAL SERVICES (UK) Ltd,London,https://www.blsinternational.com/
172398,BLS INTERNATIONAL SERVICES (UK) Ltd,London,https://www.blsinternational.com/
172411,BLUDA INDEX LTD,SWINDON,https://bludaindex.com/
172417,BLUE ALPINE PARTNERS LIMITED T/A BLUE ALPINE,London,https://bluealpinepartners.com/
172426,BLUE BELL GURKHA PUB & RESTAURANT LTD,UPTON UPON SEVERN,http://www.thebluebellgurkha.co.uk/
172431,BLUE BUTTERFLY LIMITED,PINNER,https://bluebutterflymontessori.com/
172439,BLUE COBRA PORTSMOUTH LTD,PORTSMOUTH,https://www.bluecobra-restaurant.co.uk/
172441,Blue Consulting International Limited T/A Blue Education,London,https://careers.blueeducation.org/
172442,Blue Coral Healthcare,Sheffield,https://www.bluecoralhealthcare.co.uk/
172446,BLUE CROSS DENTAL PRACTICE,Wolverhampton,https://www.bluecrossdentalcare.co.uk
172449,Blue Dental Laboratory Limited,Crowborough,https://bluedentallab.org/
172462,BLUE FIRE AI LIMITED,London,https://bluefire.ai
172476,Blue Horizon Asset Management Limited,London,https://blue-horizon.com/
172477,BLUE HORSE CONSTRUCTION LTD,Sunbury on Thames,https://bluehorseconstruction.com
172496,Blue Lotus Healthcare Ltd,Milton Keynes,https://bluelotushealthcare.co.uk/
172511,Blue Motor Finance Ltd,Sevenoaks,https://bluemotorfinance.co.uk/
172517,BLUE OCEAN RESTAURANT,MANCHESTER,https://www.blueoceandenton.co.uk/
172521,BLUE ORCHID ASPLEY GUISE LTD T/A BLUE ORCHID,Milton Keynes,http://blueorchidrestaurant.co.uk/
172522,Blue Orchid Group Ltd,London,https://www.blueorchid.com/
172526,BLUE PARTNERS LOGISTICS UK LIMITED,Ipswich,https://bluepartners.com/
172527,BLUE PEAR DAY NURSERY LIMITED,London,https://bluepeardaynursery.com/
172528,BLUE PEARL PINXTON LTD,Nottingham,https://www.bluepearlpinxton.com/
172542,BLUE SAKURA LTD,Leeds,https://www.bluesakura.co.uk
172546,Blue Skies Healthcare,Walsall,https://blueskieshealthcare.co.uk/
172569,Blue Thorn Technology Ltd,Birmingham,https://bluethorn.co.uk/
172572,BLUE TICKS LOGISTICS LIMITED,Buckinghamshire,https://blueticks.co.uk/
172576,BLUE TYRES LIMITED,Reading,https://www.bluetyres.co.uk/
172578,BLUE WATER ENERGY LLP,London,https://www.bluewaterenergy.com
172579,BLUE WATER FOOD LTD,Whitchurch,https://www.bluewaterfood.co.uk/
172587,BLUE WIRE CAPITAL LTD,London,https://www.bluewirecapital.com/
172600,Bluebell Healthcare ltd,Reading,https://bluebell-health.co.uk/
172608,Bluebell Support Services Limited,King's Lynn,https://www.bluebellsupportservices.com/
172616,BLUEBERRY TRAVELS LTD,Uxbridge,https://www.blueberrytravel.com
172625,BLUEBIRD CARE STEVENAGE & NORTH HERTS,LETCHWORTH,https://www.bluebirdcare.co.uk/stevenage-north-herts
172631,BLUEBOARD CARE SERVICES LTD,Dagenham,https://blueboardcareservices.com/
172638,BLUECO HEALTHCARE LIMITED,Preston,https://www.blueco.care/
172644,BLUECROSSLIFECARE LTD,Manchester,https://www.bluecrosslifecareltd.co.uk
172650,BLUEFIELD SERVICES LIMITED,Bristol,https://thebluefieldgroup.com/our-businesses/bluefield-services/
172651,BLUEFIELD SERVICES LIMITED,Bristol,https://thebluefieldgroup.com/our-businesses/bluefield-services/
172676,Bluemax Technology Support Ltd.,Cambridge,https://bluemaxinfo.co.uk/
172678,BLUEMOOR PROPERTIES LTD TA PRESTED HALL,Colchester,https://prested.co.uk
172686,BLUEPI PROPERTIES LIMITED,London,https://bluepiproperties.com
172698,BLUEROUTE FREIGHT LTD,West Bromwich,https://www.blueroutefreight.com/
172701,BlueSkeye AI LTD,Nottingham,https://www.blueskeye.com/
172706,BLUESTAAR LIMITED TA Bargain Beers,Bristol,https://www.bargainbeers.co.uk/
172708,BLUESTAR SOFTWARE LIMITED,Reading,https://bluestar-software.co.uk/
172710,BLUESTONE ASSOCIATES LTD,London,https://bluestoneassociates.co.uk/
172718,BLUESTONE RESORTS LIMITED,Narberth,https://www.bluestonewales.com
172743,Blumont Pharma Ltd,Grantham,https://www.blumontpharma.com/
172750,Blush Healthcare Limited,Altrincham,https://blushhealthcare.co.uk/
172753,BLUSPEC GROUP LIMITED,STAINES UPON THAMES,https://bluspec.co.uk/
172757,BLUX CONSULTANCY LIMITED,London,https://bluxconsultancy.co.uk/
172765,BM BRISLINGTON LIMITED,Bristol,https://www.bmstores.co.uk/
172766,BM Coaches & Rental Ltd,Hayes,https://bmcoaches.co.uk
172767,BM CONSTRUCTION LONDON LTD,LONDON,https://bmconstructionlondon.co.uk/
172768,BM Data Solutions Limited T/A BM Aluminium,Tewkesbury,https://www.bmaluminium.co.uk/
172769,BM Dynamic Ltd,Stoke-on-Trent,https://bmdynamic.co.uk
172770,BM Fashions (UK) Ltd T/A Fashion UK,Leicester,https://www.fashions-uk.com/
172772,BM MOBILE CARE LTD,Slough,https://www.bmcare.co.uk/
172775,BM&A London Limited,London,https://bma-groupe.com/en/
172776,BM&A London Limited,London,https://bma-groupe.com/en/
172777,BM3 Services Ltd,Birmingham,https://www.bm3.co.uk/
172778,BM3 Services Ltd,Birmingham,https://www.bm3.co.uk/
172782,BMA FOODS LIMITED T/A BAKERS + BARISTAS,CASTLEFORD,https://www.bakersbaristas.com/
172786,BMAS Accountants Ltd,London,https://bmasaccountants.co.uk/
172787,BMAT EDUCATION,Harlow,https://bmat-trust.org.uk
172788,BMB Clothing Ltd,Leeds,https://www.baird-group.co.uk
172792,BMC Software Ltd,Winnersh Triangle,https://www.bmc.com/
172793,BMC Software Ltd,Winnersh Triangle,https://www.bmc.com/
172795,BMD Infrastructure Services Limited,London,https://www.bmdgroup.global/
172796,BME Enclosures (NI) Limited,Ballymena,https://bmeenclosures.co.uk/
172799,BMG Rights Management Services (UK) Limited,London,https://www.bmg.com
172800,BMG RIGHTS MANAGEMENT SERVICES (UK) LIMITED,London,https://www.bmg.com
172801,BMH Shipbroking Limited,LONDON,https://bmh.co.uk
172802,BMH Tutors Limited,Croydon,https://bmhtutors.co.uk
172803,BMI GLOBALED LTD,London,https://bmiglobaled.com/
172804,BMI Group Holdings UK Limited,Reading,https://www.bmigroup.com/
172805,BMI Group Holdings UK Limited,Reading,https://www.bmigroup.com/
172806,BMI Healthcare Limited trading as Circle Health Group Limited,London,https://www.circlehealthgroup.co.uk/
172807,BMI Healthcare Limited trading as Circle Health Group Limited,London,https://www.circlehealthgroup.co.uk/
172810,BMJ GROUPS SOLUTIONS LTD,Birmingham,https://bmjgroup.com/
172811,BMJ Publishing Group Limited,London,https://www.bmj.com/
172812,BMLL Technologies Ltd,London,https://www.bmlltech.com
172815,BMP EUROPE LIMITED,ACCRINGTON,https://www.bmpworldwide.com/
172816,BMP HEALTHCARE LIMITED,Leicester,http://bmphealthcare.co.uk
172818,BMS AND ELECTRICAL SERVICES LTD,Sutton,https://bms-services.co.uk/
172873,BNTL Care Limited t/a Summerdale Court Care Home,London,https://akaricare.co.uk/
172949,Bodhi Zen Clinic Limited,Lichfield,https://www.bodhizenclinic.co.uk/
173067,Bolff Healthcare Services Ltd,Oxford,https://www.bolffhealthcare.com/
173253,BOOMERANG HEALTHCARE LIMITED,GATESHEAD,https://www.boomeranghealthcare.com/
173276,Boothstown Medical Centre,Manchester,https://www.boothstownmedicalcentre.co.uk/
173461,Botany Bay Asset Management Limited,London,https://www.botanyam.com/
173513,Bourne Dental Practice,Bourne,https://www.bournedentalpractice.co.uk/
173514,Bourne Education Trust,Epsom,https://www.bourne.education/
173561,Bovis Construction (Europe) Limited,London,https://www.bovis.com/
173571,Bow Tie Construction Ltd,High Wycombe,https://bowtieconstruction.co.uk/
173572,BOW WOW LONDON LIMITED,London,https://www.bowwow.london/
173582,Bower Cotton Hamilton LLP,London,https://bowercotton.co.uk/
173584,Bower Mount Medical Practice,Maidstone,https://www.bowermountmedical.co.uk/
173716,Brabers Consultancy Ltd,London,https://brabers.com/
173879,Brampton Medical Practice,Brampton,https://www.bramptonmedicalpractice.com/
174034,Breakspear Medical Group Ltd,Hemel Hempstead,https://www.breakspearmedical.com/
174095,Brentford School For Girls,Brentford,https://www.brentford.hounslow.sch.uk/
174099,Brentside High School,Hanwell,https://www.brentsidehigh.ealing.sch.uk/
174103,BRENTWOOD HOMES LTD T/A SEVEN ARCHES NURSING HOME,Brentwood,https://wavemillhealthcare.co.uk/
174274,Bridgepoint Alliance Ltd,Wembley Park,https://www.bridgepointalliance.com/
174276,Bridges Electrical Engineers Ltd,Midsomer Norton,https://bridgesltd.co.uk/
174296,Bridgewood Trust Limited,Huddersfield,https://bridgewoodtrust.co.uk/
174329,Brigantia Learning Trust Limited,Sheffield,https://www.brigantiatrust.net/
174333,Briggs Commercial Limited,Burntisland,https://www.briggsmarine.com/
174388,BRIGHT TINEY HOME NURSERY LTD,Barking,https://www.tiney.co/
174396,BRIGHTEDGE ACADEMY LIMITED,LONDON,https://brightedgeacademy.com/
174402,Brighter Green Engineering,High Wycombe,https://brightergreenengineering.com/
174403,Brighter Green Engineering,High Wycombe,https://brightergreenengineering.com/
174427,Brighton and Hove Social Welfare and Educational Trust Ltd,Brighton,https://www.resourcecentre.org.uk/
174432,Brighton Dome & Festival Ltd,Brighton,https://brightondome.org/
174436,Brighton Implant Clinic Limited,Brighton,https://www.brightonimplantclinic.co.uk/
174455,BrightSign Digital Ltd,Great Shelford,https://www.brightsign.biz/
174531,Brinkworth Design Limited,London,https://brinkworth.com/
174535,Brinsworth & Whiston Medical Centre,Rotherham,https://brinsworthmedicalcentre.co.uk/
174542,BrisDoc Healthcare Services,Bristol,https://brisdoc.co.uk/
174559,Bristol Care Homes Limited,Bristol,https://www.bristolcarehomes.co.uk/
174576,Bristol Health Ltd,Bristol,https://bristol-health.co.uk/
174581,Bristol Music Trust,Bristol,https://bristolbeacon.org/
174582,Bristol Music Trust,Bristol,https://bristolbeacon.org/
174584,Bristol NHS Foundation Trust,Bristol,https://www.bristolft.nhs.uk/
174586,Bristol Old Vic & Theatre Royal Trust Limited,Bristol,https://bristololdvic.org.uk/
174587,Bristol Old Vic & Theatre Royal Trust Limited,Bristol,https://bristololdvic.org.uk/
174588,BRISTOL OLD VIC THEATRE SCHOOL LTD,BRISTOL,https://oldvic.ac.uk/
174589,BRISTOL PHONES & TECH SPECIALISTS LIMITED,Bristol,https://bristolphonerepairs.co.uk/
174786,BritMed Healthcare Ltd,Chatham,https://britmedhealthcare.co.uk/
174818,Brixham Dental Practice Ltd,Brixham,https://www.brixhamdental.co.uk/
174891,Brocc Finance AB - UK Branch,London,https://broccfinance.com/
175217,Brunswick Health Centre,Swansea,https://brunswickhealthcentre.co.uk/
175332,BSO Network Solutions Ltd,London,https://www.bso.co/
175447,Buckinghamshire Healthcare NHS Trust,Aylesbury,https://www.buckshealthcare.nhs.uk/
175471,Buckswood School,Near Hastings,https://www.buckswood.co.uk/
175477,Budbrooke House Childrens Nursery (Warwick) LTD,Warwick,https://www.budbrookenurserywarwick.com/
175489,BUDDY BEAR TRUST CONDUCTIVE EDUCATION SCHOOL,Dungannon,https://buddybeartrust.com/
175519,Buglife The Invertebrate Conservation Trust,Peterborough,https://www.buglife.org.uk/
175527,Build 2 Design Limited,Keston,https://www.build2designltd.co.uk/
175553,Building Design Engineering Limited,Cheltenham,https://bdengineers.co.uk/
175574,Buildvantage Limited,"Ilford,",https://buildvantage.co.uk/
175626,Bumade Healthcare Services Ltd,Chatham,https://www.bumadehealthcare.com/
175728,Burgess Road Dental Practice,Southampton,https://burgessroaddental.co.uk/
175746,Burlington Nursing Home Limited,Bognor Regis,https://burlingtonnursinghome.co.uk/
175747,Burlington Primary Care,Ipswich,https://www.burlingtonprimarycare.co.uk/
175761,Burngreave Building Company Ltd,Sheffield,https://www.burngreavebuilding.co.uk/
175796,Burrell & Mistry Ltd,London,https://www.burrellmistry.com/
175817,Burton Dental Lodge,Boston,https://burtondentallodge.co.uk/
175831,Burwell Village College Primary School,Cambridge,https://burwellvillageprimary.co.uk/
175904,Business School England Limited,London,https://www.bpp.com/
175914,Business Sweden Business Support Office UK branch,London,https://www.business-sweden.com/
175946,Bute House Preparatory School for Girls Limited,LONDON,https://www.butehouse.co.uk/
175953,Butler Traditional Wooden Boats Ltd,Truro,https://www.butlerboatyards.co.uk/
175973,Buttercross Dental Ltd,Oxfordshire,https://www.buttercrossdp.co.uk/
175974,Buttercross View Dental Practice,Nottingham,https://buttercrossviewdental.co.uk/
176123,Byrd Link Audit & Accountancy Services Limited,Cheltenham,https://www.byrdlink.co.uk/
176133,Byron Medical Practice,Seaham,https://byronmedicalpractice.co.uk/
176134,Byron Scaffolding Ltd,London,https://byronscaffolding.com/
176169,C & R Construction South West Ltd,Crediton,https://www.candrconstructionsw.co.uk/
176404,Cadham Pharmacy Ltd,Glenrothes,https://cadhampharmacy.com/
176565,Caistor Health Centre,Caistor,https://www.caistorhealthcentre.co.uk/
176907,Cambridge Seminars College,Cambridge,https://csc.uk/
176915,Cambridge Steiner School Project,Cambridge,https://www.waldorfcambridge.uk/
176917,Cambridge Street School,Batley,https://www.cambridgestreetschool.com/
176923,Cambridge University Boat Club,Cambridge,https://cubc.org.uk/
176924,Cambridge University Boat Club,Cambridge,https://cubc.org.uk/
176930,Cambridgeshire & Peterborough NHS Foundation Trust,Cambridge,https://www.cpft.nhs.uk/
176977,Cameron Flow Control Technology (UK) Limited,Crawley,https://www.slb.com/
176978,Cameron Flow Control Technology (UK) Limited,Crawley,https://www.slb.com/
177002,CAMPAIGNE LIMITED T/A C THE DENTIST,CHEADLE,https://www.cthedentist.com/
177030,Camphill Blair Drummond Trust Ltd,Stirling,https://camphillblairdrummond.org.uk/
177031,Camphill Blair Drummond Trust Ltd,Stirling,https://camphillblairdrummond.org.uk/
177064,Camvision Education Limited,London,https://camvision.education/
177109,Candela Healthcare Ltd,Hereford,https://candelahealthcare.co.uk/
177149,Canford School,Wimborne,https://www.canford.com/
177175,Canon Europe Limited,Uxbridge,https://www.canon-europe.com/
177181,Canons High School,Edgware,https://www.canons.harrow.sch.uk/
177182,CANONS PHARMACY LTD,LONDON,https://canonspharmacy.co.uk/
177199,CANTELL School,SOUTHAMPTON,https://www.cantell.co.uk/
177208,Canterbury Diocesan Board of Finance,Canterbury,https://www.canterburydiocese.org/
177209,Canterbury Diocesan Board of Finance,Canterbury,https://www.canterburydiocese.org/
177256,Cape Hill Medical Centre,Birmingham,https://www.capehillmedicalcentre.co.uk/
177268,CAPERNAUM HEALTHCARE LTD,EDINBURGH,https://capernaumcare.co.uk/
177295,Capital City College Group,London,https://www.capitalccg.ac.uk/
177368,CapitalRise Finance Limited,London,https://www.capitalrise.com/
177371,Capitax Financial Ltd,Stanmore,https://capitaxfinancial.com/
177412,Capsa.AI Ltd,London,https://capsa.ai/
177492,Car-Tech Prestige LTD,Durham,https://www.cartechprestige.co.uk/
177497,Carabao Capital UK,Sheffield,https://carabao.capital/
177509,Caramel Rock,London,https://caramelrock.com/
177549,CARBONSPARK LTD,London,https://carbonspark.co.uk/
177553,Carclo Technical PLastics Ltd,Mitcham,https://www.carclo.co.uk/
177573,Cardiff and Vale College,Cardiff,https://cavc.ac.uk/
177574,Cardiff and Vale University Health Board,Cardiff,https://cavuhb.nhs.wales/
177586,Cardiff Montessori School Limited,Swansea,https://www.cms.cardiff.sch.uk/
177595,Cardiff Steiner Early Years Centre Ltd,Cardiff,https://www.cardiffsteiner.org.uk/
177607,Cardinal Hospital Limited t/a Cardinal Clinic,London,https://cardinalclinic.co.uk/
177610,Cardinal Medical Practice,Ipswich,https://cardinalmedicalpractice.co.uk/
177611,Cardinal Pole Catholic School,Hackney,https://www.cardinalpole.co.uk/
177745,Care Moments Healthcare Ltd,Crawley,https://www.caremoments.co.uk/
177756,Care Partners Health Care LTD,DUNFERMLINE,https://www.carepartnershc.co.uk/
177771,Care Pro (South East) Limited,Bexhill on Sea,https://careprosoutheast.co.uk/
177804,Care To You Healthcare,Eastbourne,https://caretoyouhealthcare.co.uk/
177805,Care To You Healthcare Limited,Eastbourne,https://caretoyouhealthcare.co.uk/
177822,Care+ Medicines Limited T/ A Wilmslow Road Pharmacy - Chemists & Health Clinic,Manchester,https://www.wilmslowroadpharmacy.com/
177841,Care4us health Care Limited,Bury,https://care4ushealthcare.co.uk/
177843,Careach Limited,Birmingham,https://careach.co.uk/
177846,Carebase (Colchester) Limited trading as Alderwood Care Home,Colchester,https://alderwoodcarehome.co.uk/
177850,Carebase (Redhill) Limited trading as Acorn Court Care Home,Redhill,https://acorncourtcarehome.co.uk/
177909,CarePlusPharmacy UK Ltd t/a Careplus Pharmacy,Hertfordshire,https://carepluspharmacy.co.uk/
177922,Carers Trust Heart of England,Coventry,https://www.carerstrusthofe.org.uk/
177947,Carfax Educational Consultants Limited,Wantage,https://www.carfax-education.com/
177948,Carfax Educational Consultants Limited,Wantage,https://www.carfax-education.com/
177954,Cargilfield School,Edinburgh,https://www.cargilfield.com/
177955,Cargilfield School,Edinburgh,https://www.cargilfield.com/
177979,Caribbean & African Health Network (CAHN),Manchester,https://www.cahn.org.uk/
178013,Caring Locals,Grays,https://www.caringlocals.co.uk/
178019,CaringHearts Support Services Ltd,Bridgwater,https://caringheartsuk.org/
178020,Caringplus Healthcare Services LTD,Abingdon,https://www.caringplushealth.co.uk/
178046,Carlisle Diocesan Board of Finance Ltd,Penrith,https://www.carlislediocese.org.uk/
178078,CARMELITE PRIORY - OXFORD (The Friends of Whitefriars Oxford Trust),Oxford,https://www.carmelite.uk.net/
178079,CARMELITE PRIORY - OXFORD (The Friends of Whitefriars Oxford Trust),Oxford,https://www.carmelite.uk.net/
178080,CARMELITE PRIORY - OXFORD (The Friends of Whitefriars Oxford Trust),Oxford,https://www.carmelite.uk.net/
178090,Carnaby Dental Investments Limited T/A Carnaby Street Dental Practice,London,https://www.carnabystreetdentist.co.uk/
178093,Carnarvon Medical Centre,Southend-on-Sea,https://www.carnarvon-medical-centre.co.uk/
178141,CARRICK HOUSE NURSING HOME,AYR,https://carrickcare.co.uk/
178144,Carrickfergus Gateway Trust,Carrickfergus,https://www.carrickseniorgateway.org/
178145,CARRICKMORE HEALTH CENTRE,CARRICKMORE,https://www.carrickmorehealthcentre.co.uk/
178171,Carshalton Boys Sports College,Carshalton,https://www.carshaltonboys.org/
178196,CARTERS GREEN HEALTHCARE SERVICES LIMITED,WEST BROMWICH,https://www.cartersgreenhealthcare.co.uk/
178318,CASPIAN SCHOOL OF ACADEMICS LTD,London,https://caspianschool.ac.uk/
178329,Cassiobury Dental practice,Watford,https://www.cassioburydental.com/
178363,Castle Craig Hospital,West Linton,https://www.castlecraig.co.uk/
178389,Castle School Education Trust,Mangotsfield,https://cset.co.uk/
178391,Castle Street Dental,Forfar,https://www.castlestreetdental.com/
178524,Cathena Healthcare Limited,Chigwell,https://www.cathenacare.com/
178578,Cave Building Construction Limited,Rainham,https://caveconstruction.co.uk/
178591,Cavendish Philatelic Auctions Ltd.,Derby,https://www.cavendish-auctions.com/
179135,CENTRALIZED AMBULANCE TRANSPORT SERVICES LTD,PETERBOROUGH,https://www.catsambulance.com/
179235,Century Healthcare Limited,Lytham St Annes,https://www.centuryhealthcare.co.uk/
179294,Certa Insurance Partners Ltd,London,https://certainsurance.com/
179313,Certs Assured Technology Limited,Letchworth,https://www.certsassuredtechnology.com/
179335,Ceva Animal Health Limited,Wooburn Green,https://www.ceva.co.uk/
179336,Ceva Animal Health Limited,Wooburn Green,https://www.ceva.co.uk/
179378,CFN Packaging Group Ltd,Skegness,https://cfnpackaging.co.uk/
179427,Chace Community School,Enfield,https://www.chace.enfield.sch.uk/
179439,Chadwick Textiles Ltd,Altrincham,https://chadwicktextiles.co.uk/
179485,CHALCRAFT HALL LTD t/as Chalcraft Hall Care Home,Bognor Regis,https://chalcrafthall.co.uk/
179527,CHAMP Cargosystems (UK) Ltd,Reading,https://www.champ.aero/
179561,Chancery Education Trust,Bromley,https://www.chanceryeducation.com/
179563,Chancery Wall Financial Services Ltd,Middlesex,https://chancerywall.com/
179573,Chandos Civil Engineering Ltd,Cheadle,https://chandoscivils.com/
179602,Changing Lives Learning Trust,Egremont,https://changinglives.education/
179614,Channel Health Alliance,Lydden,https://www.channelhealthalliance.co.uk/
179618,Channing Lucas & Partners Ltd T/A CLP Insurance Brokers,London,https://www.clpinsurance.co.uk/
179619,Channing School,London,https://www.channing.co.uk/
179662,Chapter One Childcare (UK) Limited,Dalkeith,https://chapteronechildcare.com/
179685,Charice Healthcare Ltd,Milton Keynes,https://charicehealthcare.co.uk/
179713,Charity Earnshaw Home Care Agency,Sidmouth,https://charityearnshaw-homecareagency.co.uk/
179735,Charles Jordan Construction Ltd,Birmingham,https://www.charlesjordan.co.uk/
180058,Chelsea Community Hospital School,London,https://www.cchs.org.uk/
180095,CHELTPHARM LTD T/A Gloucestershire Pharmacy,Cheltenham,https://gloucestershirepharmacy.co.uk/
180167,Cheriton Dental Practice,Folkestone,https://www.cheritondental.co.uk/
180191,Cherry Wood Grange Chelmsford Limited trading as Cherry Wood Grange Care Home,Chelmsford,https://cherrywoodgrangecarehome.co.uk/
180479,Chiltern Learning Trust,Luton,https://www.chilternlearningtrust.org/
180485,Chiltern Way Academy Trust,Aylesbury,https://www.chilternway.org/
180528,China Healthcare UK Limited,Barking,https://chinahealthcaregroup.com/
180559,China Telecom (Europe) Ltd.,London,https://www.chinatelecomeurope.com/
180560,China Telecom (Europe) Ltd.,London,https://www.chinatelecomeurope.com/
180604,Chinite Resourcing Limited (trading as Chinite Home Care),Braintree,https://www.chinitehomecare.com/
180635,Chiropractic Clinic Eastcote,Eastcote,https://www.healthyspine.co.uk/
180644,Chislehurst & Sidcup Grammar School,Sidcup,https://www.csgrammar.com/
180693,Choice Health Care Limited,Birmingham,https://www.choice-hc.co.uk/
180703,Choices Healthcare Ltd,Southend-On-Sea,https://www.choiceshealthcare.co.uk/
180704,Choices Home Care Limited,Barnsley,https://choiceshomecare.co.uk/
180716,CHOLWELL HOUSE NURSING HOME LTD,BRISTOL,https://www.cholwellhouse.co.uk/
180733,Chopra Dental LTD,Kent,https://www.chopradental.com/
180769,CHPK Fire Engineering Limited,London,https://chpk.co.uk/
180842,"CHRIST APOSTOLIC CHURCH, GRACE AND TRUTH MINISTRY, BIRMINGHAM",WALSALL,https://www.gtmbirmingham.com/
180909,Christ the King Residential Care Homes Limited,South Croydon,https://www.ctkresidentialcarehomes.co.uk/
181339,Cirencester Health Group,Cirencester,https://cirencesterhealthgroup.co.uk/
181730,Claremont High School,Harrow,https://claremont-high.org.uk/
181801,CLARK AND WATSON LTD t/a Clark & Watson Dental Practice,Falkirk,https://www.clarkandwatsondentist.co.uk/
181836,CLASS TECHNOLOGY SOLUTIONS LTD,Horsham,https://www.class-technology.co.uk/
181837,CLASS TECHNOLOGY SOLUTIONS LTD,Horsham,https://www.class-technology.co.uk/
181883,Claudiu-Silviu Patrugan trading as Thorpe Hesley Dental Practice,Rotherham,https://www.thorpehesleydental.com/
181892,Clay Lane Medical Practice,Coventry,https://www.claylanemedicalpractice.co.uk/
182082,Cleveland Clinic London Ltd,Belgravia,https://www.clevelandcliniclondon.uk/
182083,Cleveland Clinic London Ltd,Belgravia,https://www.clevelandcliniclondon.uk/
182131,Cliff House Medical Practice,Lincoln,https://www.cliffhousemedicalpractice.co.uk/
182585,CNM The College of Naturopathic Medicine Limited,East Grinstead,https://www.naturopathy-uk.com/
182623,Coal and Diamond ltd trading as: Eirlys Dental Practice,Dolgellau,https://eirlysdental.co.uk/
182646,Coastal Supported Living C.I.C,Hornchurch,https://www.coastal-housing.co.uk/
182654,Coates Way Junior Mixed Infants and Nursery School,Watford,https://www.coatesway.herts.sch.uk/
182657,Coatsink Software Ltd,Gateshead,https://coatsink.com/
182677,Cobham Free School,Cobham,https://www.cobhamfreeschool.org.uk/
182792,CODIFAI TECH LTD,London,https://codifai.co.uk/
182805,Coed Isaf nursing home,llandudno,https://www.vshans.co.uk/
182849,Cogent Healthcare Ltd,Dalkeith,https://cogenthealthgroup.co.uk/
182986,Colindale Dental,London,https://www.colindaledental.co.uk/
183023,College of Optometrists,London,https://www.college-optometrists.org/
183024,College of Optometrists,London,https://www.college-optometrists.org/
183029,Collegiate Medical Centre,Manchester,https://collegiatemedical.co.uk/
183099,Colourbox Childcare Nursery Limited,London,https://colourboxnursery.co.uk/
183136,Colwyn Bay Old Convent Nursing Home Ltd,Colwyn Bay,https://www.oldconventnursinghome.com/
183138,Colyton Grammar School,Colyton,https://www.colytongrammar.com/
183194,Comfort Support Services Ltd,Bolton,https://comfort-supportservices.com/
183263,Commit IT Consultancy Ltd,London,https://commit-it.co.uk/
183290,Commonwealth Telecommunications Organisation,London,https://www.cto.int/
183291,Commonwealth Telecommunications Organisation,London,https://www.cto.int/
183480,COMPLETE CARE GROUP LIMITED trading as St Anne's Residential Care Home,Eastbourne,https://akaricare.co.uk/
183501,Complete Healthcare Cambridge Limited,Huntingdon,https://completehealthcarecambridge.co.uk/
183615,Concept Building Services (Southern) Ltd,Chichester,https://www.conceptbld.co.uk/
183631,"Concept Life Sciences, Integrated Discovery and Development Services Ltd.",High Peak,https://www.conceptlifesciences.com/
183632,"Concept Life Sciences, Integrated Discovery and Development Services Ltd.",High Peak,https://www.conceptlifesciences.com/
183709,Conexus Healthcare C.I.C,Wakefield,https://conexus-healthcare.org/
183883,Consett Medical Centre,Consett,https://consettmedicalcentre.co.uk/
184185,Conzummate Tech Ltd,Bury,https://conzummate.com/
184262,Coote Engineering Ltd,Ballygawley,https://www.coote.co.uk/
184473,Cornerhouse Dental Practice,Ashford,https://www.cornerhouse-dental.co.uk/
184532,Cornwall Education Learning Trust,St Austell,https://www.celtrust.org/
184540,Cornwall Partnership NHS Foundation Trust,Bodminl,https://www.cornwallft.nhs.uk/
184558,CORPORATE FINANCIAL MANAGEMENT SYSTEMS LIMITED,Watford,https://cfmsystems.com/
184576,Corpus Christi Catholic Academy Trust,Manchester,https://www.corpuschristitrust.co.uk/
184577,Corpus Christi Catholic Primary School,London,https://www.corpuschristischool.co.uk/
184620,Cortex Engineering Solutions Ltd,Dungannon,https://www.cortex-engineering.com/
184638,Corvus Learning Trust,Sandhurst,https://www.corvuslearningtrust.co.uk/
184670,Cosmetic Dental Laboratory Ltd,London,https://cosmeticdentallab.co.uk/
184675,Cosmic Healthcare Ltd,Watford,https://cosmichealthcare.co.uk/
184764,Cotteswold House Dental Care (Gloucester) Ltd,Gloucester,https://www.cotteswoldhouse.co.uk/
184812,Countess of Chester NHS Foundation Trust,Chester,https://www.coch.nhs.uk/
184838,Countrywide Healthcare Ltd,Barnsley,https://www.countrywidehealthcare.co.uk/
184850,County Heights Limited T/A County Heights Pharmacy,Deal,https://www.countyheightspharmacy.com/
184891,Courtfield Healthcare Limited,BRISTOL,https://www.courtfieldhealthcare.co.uk/
184903,Cov Tech Ltd,Coventry,https://www.covtech.co.uk/
184904,Cov Tech Ltd,Coventry,https://www.covtech.co.uk/
184908,Covarius Technology Limited,London,https://www.covarius.com/
184965,Coventry University Students Union Limited,Coventry,https://www.yoursu.org/
185026,COZEE CARE HOMES LTD T/A BARNSTON COURT CARE HOME,Wirral,https://wecaregroup.co.uk/
185086,CPS Building Services Ltd,Cambridge,https://cpsbuildingservices.co.uk/
185160,Craigentinny Dental Care,EDINBURGH,https://www.craigentinny.co.uk/
185202,Crankhall Lane Dental Practice,wednesbury,https://www.crankhalldental.co.uk/
185223,"Cravath, Swaine & Moore LLP",London,https://www.cravath.com/
185280,Cream Residential Care Limited,Taunton,https://www.creamcare.co.uk/
185314,Creation Financial Services Limited,Solihull,https://www.creation.co.uk/
185315,Creation Financial Services Limited,Solihull,https://www.creation.co.uk/
185345,Creative Design & Construction LIMITED,Ilford,https://www.cdc.construction/
185375,Creative Restaurant Holdings Limited,London,https://creativerg.com/
185440,Creffield Medical Group,Colchester,https://creffieldmedicalgroup.co.uk/
185463,Crescent Care Home Cornwall limited,Newquay,https://thecrescentcarehome.com/
185475,Crescent Pharma Ltd,Basingstoke,https://www.crescentpharma.com/
185477,Crescent Print Ltd,Edinburgh,https://crescentprint.co.uk/
185625,Croft Avenue Care Home Limited,Penrith,https://croftavenuecarehome.co.uk/
185629,Croft Hall Medical Practice,Torquay,https://crofthallsurgery.com/
185647,Crompton House Multi Academy Trust,Shaw,https://www.cromptonhousetrust.org/
185648,Crompton Medical Centre,London,https://cromptonmedicalcentre.com/
185685,Cross Excellence Limited T/A Jallas Pharmacy,London,https://www.jallaspharmacy.com/
185708,Crossbind Limited T/A Cosham Court Nursing Home,Cosham,https://www.coshamcourt.co.uk/
185784,Crown Agents Bank Ltd,London,https://www.crownagentsbank.com/
185799,Crown Clinic London Ltd t/a Putney Dentists,London,https://www.crowncliniclondon.com/
185842,Crown Supported Living Spaces Ltd,Bromley,https://www.crownsupportedliving.com/
185846,Crowne Home Care Ltd T/A Littleton House,Birmingham,https://www.crownecare.com/
185866,Croydon Health Services NHS Trust,Croydon,https://www.croydonhealthservices.nhs.uk/
185958,Crystal Nursery (UK) Limited,London,https://www.crystalnurseries.co.uk/
186090,"CUA Hotel Limited, University Arms & Parkers Tavern",Cambridge,https://universityarms.com/
186190,Culzean Textile Solutions Ltd.,Prestwick,https://culzean.com/
186212,"CUMBRIA, NORTHUMBERLAND, TYNE AND WEAR NHS FOUNDATION TRUST",NEWCASTLE UPON TYNE,https://www.cntw.nhs.uk/
186215,Cumloden Manor Nursing Home Ltd,NEWTON STEWART,https://cumlodenmanor.co.uk/
186217,Cummins Civil Engineering Ltd,Knutsford,https://www.cumminscivilengineering.co.uk/
186229,CUPAR DENTAL & IMPLANT CENTRE LTD,Cupar,https://cupardental.co.uk/
186247,Curantis Healthcare Ltd,Burnley,https://curantishealthcare.co.uk/
186666,D C Daniels Dental Limited,Middlesbrough,https://www.dcdanielsdental.com/
186977,Dajani Pharmacy,Kensington,https://www.dajanipharmacy.com/
187057,Dalriada Urgent Care,Ballymena,https://dalriadaurgentcare.uk/
187150,Danetre Medical Practice,Daventry,https://www.danetremedicalpractice.co.uk/
187370,Darwin Medical Practice,Burntwood,https://www.darwinmedicalpractice.co.uk/
187372,Daryoush Ghamari Sair T/A Market Street Dental Practice,Watford,https://marketstreetdentalpractice.co.uk/
187822,"DBS Bank Ltd, London Branch",London,https://www.dbs.com/
187823,"DBS Bank Ltd, London Branch",London,https://www.dbs.com/
187893,DDRC Healthcare,Plymouth,https://www.ddrc.org/
188014,DEBRETT'S PRIVATE FINANCE LIMITED,London,https://debretts.com/
188048,DECIMAL HEALTHCARE SERVICES LIMITED,"Dartford,",https://decimalhealthcare.co.uk/
188121,DEEP HEALTHCARE SERVICES LIMITED,Leeds,https://deephealthcares.com/
188139,Deepcut Village Dental Practice,Deepcut,https://www.deepcutdentist.co.uk/
188231,Delancey Investment Advisory Services Limited,London,https://delancey.com/
188237,Delaware Digital LLP,London,https://www.delaware.co.uk/
188285,Delight Essential Services UK Limited t/a Dolphin Healthcare,Birmingham,https://www.dolphinhealthcare.co.uk/
188313,Deliverance AI Ltd,Newry,https://www.deliverance.ai/
188439,DELUXE SUPPORTED LIVING SERVICES LTD,CHADWELL HEATH,https://dslservices.org/
188563,DENTAL BEAUTY GROUP LTD,Macclesfield,https://careers.dentalbeautypartners.co.uk/
188569,Dental Concepts Partnership Whitchurch,Whitchurch,https://www.dental-concepts.com/
189217,DHARMIK DIGITAL SOLUTIONS LTD,London,https://dharmikdigital.com/
189272,DHMSC IT Services Limited,Rugby,https://dhmsc.co.uk/
189282,DHR Support Services Pvt Ltd,ENFIELD,https://dhr-support.co.uk/
189286,DHU Health Care CIC,Derby,https://dhuhealthcare.com/
189324,Dial1st Construction Limited,Greenford,https://dial1st.com/
189344,DIAMED LONDON CLINIC LIMITED,LONDON,https://medical.diamedclinic.com/
189365,Diamond Dental Care,Clydebank,https://www.diamonddentalcare.co.uk/
189379,DIAMOND HEALTH CARE SOLUTIONS LTD,Coventry,https://www.diamondhealthcaresolutions.co.uk/
189437,Dickory Docks Educational Day Nursery,Reading,https://dickorydocksdaynursery.co.uk/
189445,Didcot Health Centre Practice,Didcot,https://www.didcothealthcentre.com/
189599,DIGITAL TRANSFORMATION CAPITAL PARTNERS UK LIMITED,London,https://www.dtcp.capital/
189600,DIGITAL TRANSFORMATION CAPITAL PARTNERS UK LIMITED,London,https://www.dtcp.capital/
189654,Dignus Healthcare Limited,Walsall,https://dignus.group/
189761,Diocese of Chichester Academy Trust,Eastbourne,https://dcat.academy/
189762,Diocese of Derby )diocesan Board of Finance Limited,Derby,https://derby.anglican.org/
189763,Diocese of Derby )diocesan Board of Finance Limited,Derby,https://derby.anglican.org/
190057,Divine Health Services Limited,Bromsgrove,https://www.divinehealthservices.co.uk/
190494,Dominion Childcare Limited,London,https://www.dominionchildcare.com/
190532,DON VALLEY ENGINEERING GROUP LIMITED,Doncaster,https://donvalleyeng.com/
190542,Donaldson Timber Engineering Limited,Fife,https://www.donaldsontimberengineering.co.uk/
190549,Doncaster & Bassetlaw Hospitals NHS Foundation Trust,Doncaster,https://www.dbth.nhs.uk/
190551,DONCASTER ROAD DENTAL PRACTICE LIMITED,LEICESTER,https://doncasterroad.co.uk/
190584,Donnell and Ellis Engineering Ltd,Castlederg,https://www.donnellandellis.com/
190658,Dornan Engineering Services Limited,London,https://www.dornan.ie/
190674,DORSET HALL NURSERY PARKSIDE LIMITED,LONDON,https://www.dorsethallnursery.co.uk/
190675,Dorset HealthCare University NHS Foundation Trust,Poole,https://www.dorsethealthcare.nhs.uk/
190742,Double Crown Healthcare Ltd,Beith,https://dccare.uk/
190767,DOUBLELIGHT TECHNOLOGY LIMITED,Harlow,https://www.doublelight.co.uk/
190788,Dove Dental & Wellbeing Spa,London,https://dovedentalspa.co.uk/
190804,Dover Grammar School for Boys,Dover,https://www.dgsb.co.uk/
190823,DOVETAIL IT SUPPORT LIMITED,London,https://dovetail.london/
190846,Downend Health Group,Downend,https://www.downendhealthgroup.com/
190858,Downing Dental Limited,Solihull,https://downingdental.co.uk/
190862,Downside House Residential Care Home,Ventnor,https://www.downsidehouseresidentialcarehome.co.uk/
190863,Downside Primary School,Luton,https://www.downside-primary.co.uk/
190929,Dr A H Ghauri & Dr S Ghauri T/A Ghauri Dental Centres,Hounslow,https://ghauridentalcentre.com/
190954,Dr C Deaney t/a Marsh Medical Practice,LOUTH,https://www.marshmedicalpractice.com/
190959,Dr Challoner's Grammar School,Amersham,https://www.challoners.com/
190960,Dr Challoner's High School,Little Chalfont,https://www.challonershigh.com/
190970,Dr Eline Pedersen Ltd  t/a Aberdeen Chiropractic Clinic,Aberdeen,https://www.aberdeenchiropracticclinic.com/
190997,Dr Kunal Sahni T/A Park Lane Dental Practice,Telford,https://www.parklane-dental.co.uk/
191009,Dr Mani Aesthetics limited T/A The Mittal Hair Clinic,London,https://mittalhairclinic.com/
191042,Dr Rasha Clinic London Ltd,London,https://www.drrashaclinic.com/
191045,Dr Rez Dental,Liverpool,https://www.drrez.co.uk/
191062,Dr Spencer and partners - Burton Latimer Medical Centre,Kettering,https://www.burtonlatimermedicalcentre.co.uk/
191077,Dr Zuleyha Cetinkaya t/a Sistova Road Dental Studio,London,https://sistovaroaddentalstudio.co.uk/
191078,DR-IME LIMITED T/A ADONIA MEDICAL CLINIC,London,https://www.adoniamedicalclinic.co.uk/
191134,Drake Primary School,Thetford,https://www.drake.norfolk.sch.uk/
191140,Drapers' Multi-Academy Trust,Romford,https://www.drapers-schools.com/
191154,Drayton Manor High School,London,https://www.draytonmanorhighschool.co.uk/
191159,drb Ignite Multi Academy Trust,Birmingham,https://drbignitemat.org/
192259,Eakin Healthcare Group Limited,Comber,https://www.eakinhealthcare.com/
192290,Ear Health Solutions Limited,Addlestone,https://earhealthsolutions.co.uk/
192316,Early Years - the organisation for young children,Belfast,https://www.early-years.org/
192349,Ease Healthcare Ltd,Sheffield,https://easehealthcaregroup.co.uk/
192360,East & North Hertfordshire NHS Trust,Stevenage,https://www.enherts-tr.nhs.uk/
192371,East Anglian Air Ambulance,Norwich,https://www.eaaa.org.uk/
192374,East Anglian Site Engineering Ltd,Norwich,https://www.easeltd.co.uk/
192387,East Cheshire NHS Trust,Macclesfield,https://www.eastcheshire.nhs.uk/
192390,East Coast Community Healthcare CIC,Lowestoft,https://www.ecch.org/
192393,East Coast Home Care Limited T/A Home Instead (Lowestoft),Suffolk,https://eastcoastcare.co.uk/
192406,East End Fair Finance Limited,London,https://fairfinance.org.uk/
192409,East Harling Dental care Ltd,Norwich,https://eastharlingdental.co.uk/
192423,East Leicester Medical Practice,Leicester,https://elmp.co.uk/
192434,EAST LONDON METAL ENGINEERING LTD,London,https://www.eastlondonmetal.com/
192435,East London NHS Foundation Trust,London,https://www.elft.nhs.uk/
192460,East Norfolk Multi Academy Trust,Great Yarmouth,https://www.eastern-mat.co.uk/
192463,East of England Ambulance Service NHS Trust,Melbourn,https://www.eastamb.nhs.uk/
192483,East Suffolk and North Essex NHS Foundation Trust,Colchester,https://www.esneft.nhs.uk/
192488,East Sussex Healthcare NHS Trust,Hastings,https://www.esht.nhs.uk/
192545,Eastern Healthcare Ltd,Lowestoft,https://www.easternhealthcare.co.uk/
192601,Eastview Healthcare Services Ltd,Kettering,https://www.eastviewhealthcare.com/
192611,Eastwood Park Academy Trust,Leigh-on-Sea,https://www.tenacitas.co.uk/
192623,Easy Dental LTD,Liverpool,https://easy-dental.co.uk/
192628,Easy Healthcare (Yorkshire)LTD,Halifax,https://easy-healthcare.co.uk/
192829,Ecclesiastical Insurance Office PLC,Gloucester,https://www.ecclesiastical.com/
192835,Eccleston Medical Centre Partnership,St Helens,https://ecclestonmedicalcentre.co.uk/
192861,Echo Packaging Ltd,CORBY,https://echopackaging.co.uk/
192900,ECLIPSE PHARMA LTD,London,https://eclipse-pharmacy.com/
193126,Eden College of Human Resource Development and Management Studies Limited,Romford,https://www.edencollege.co.uk/
193130,Eden Dental Practice,Carlisle,https://edendental.co.uk/
193162,Edenberries Day Nursery and Pre School Limited,Essex,https://www.edenberries.co.uk/
193187,EDGBASTON INVESTMENT PARTNERS LLP,LONDON,https://www.edgbastonip.com/
193423,EDWARD TAYLOR TEXTILES LTD,BLACKBURN,https://www.edwardtaylortextiles.co.uk/
193612,EGIS UK - CONSULTING AND ENGINEERING LIMITED,London,https://www.egis-group.com/
193964,Electrified Automation,Bridgwater,https://electrified-motors.com/
194107,ELEVATION SUPPORT SERVICES LTD,LONDON,https://www.elevationsupportservices.co.uk/
194156,Eliezer Supported Living Services Limited,Nottingham,https://eliezersls.co.uk/
194291,ELITE SUPPORT SERVICES(LONDON) LTD,London,https://elitess.co.uk/
194330,ELIZABETH SCHOOL OF LONDON LIMITED,London,https://www.esl.ac.uk/
194384,Ellipses Pharma Ltd,London,https://ellipses.life/
194393,"Ellison Institute of Technology, Oxford Limited",Littlemore,https://eit.org/
194394,"Ellison Institute of Technology, Oxford Limited",Littlemore,https://eit.org/
194416,Elmar Home Care Limited,Leeds,https://www.elmarhomecare.co.uk/
194471,ELSAH HEALTHCARE LTD,LONDON,https://www.elsahhealthcare.com/
194685,Emerging Markets Investment Management Limited,London,https://emim.com/
194737,EMJ &GP Ltd trading as Park View Care home,Neath,https://www.parkview-carehome.co.uk/
194877,Empowerment Healthcare Limited,London,https://www.empowermenthealthcareltd.co.uk/
194933,Enable Network Services Limited,Barbican,https://enable.network/
194937,Enable Support Services LTd,Yeovil,https://enableandsupport.co.uk/
194974,ENCHANTED LANDS DAY NURSERY LIMITED,London,https://enchantedlandsdaynursery.co.uk/
194988,Encompass Engineering Solutions Ltd,Derby,https://encompass-engineering.com/
195148,Enertherm Engineering Ltd,Peterborough,https://enertherm-engineering.com/
195160,Enfield Chiropractic Clinic Ltd,London,https://enfield-chiro.co.uk/
195312,Enlighten Learning Trust,Esher,https://www.enlightenlt.education/
195332,Ennogen Healthcare International Limited,Dartford,https://ennogen.com/
195333,ENNOGEN HEALTHCARE LTD,DARTFORD,https://ennogen.com/
195359,Enra Specialist Finance Ltd,Watford,https://www.enra.co.uk/
195364,ENRICH LEARNING TRUST,Norwich,https://www.enrich-learning.org/
195366,Enriching Healthcare Ltd t/a Heritage Healthcare Bristol,Bradley Stoke,https://heritagehealthcare.co.uk/
195501,Envico Supported Living Ltd,Hayes,https://envicosl.co.uk/
195542,Envisage Dental UK Limited,Basingstoke,https://www.envisage-dental.co.uk/
195718,Epsilon Telecommunications Ltd,London,https://epsilontel.com/
195719,Epsilon Telecommunications Ltd,London,https://epsilontel.com/
195721,Epsom and St Helier University Hospitals NHS Trust,Carshalton,https://www.epsom-sthelier.nhs.uk/
195746,Equa Multi Academy Trust,DEVIZES,https://www.equamead.org/
195747,Equa Multi Academy Trust,DEVIZES,https://www.equamead.org/
195782,Equine Dental Clinic Ltd,Wimborne St Giles,https://equinedentalclinic.co.uk/
195838,ER Musah LTD trading as Sizwim Home care,Hull,https://sizwimhomecare.co.uk/
195875,EREQI CONSTRUCTION LIMITED,Hove,https://www.ereqi-construction.co.uk/
195896,Eric Ahaley t/a Millennium Dental Care,Bristol,https://www.millenniumdentalcare.co.uk/
195939,Erskine Dental Care,Erskine,https://erskinedentalcare.com/
195992,Escrow-Tech Limited,Bristol,https://escrow-tech.co.uk/
196028,ESI Technology Ltd,Wrexham,https://esi-tec.com/
196131,ESSENCE SUPPORTED LIVING LIMITED,Barking,https://essencesupportedliving.uk/
196226,ESTE MEDICAL GROUP (COSMETIC SURGERY) LTD,Birmingham,https://www.estemedicalgroup.uk/
196227,Este Medical Group (Cosmetic Surgery) Ltd,Birmingham,https://www.estemedicalgroup.uk/
196228,ESTE MEDICAL GROUP (LEEDS) LTD,LEEDS,https://www.estemedicalgroup.uk/
196229,Este Medical Group (Manchester) Limited,Manchester,https://www.estemedicalgroup.uk/
196230,Este Medical Group (Nottingham) Ltd,Nottingham,https://www.estemedicalgroup.uk/
196231,Este Medical Group Ltd,Birmingham,https://www.estemedicalgroup.uk/
196385,Etrum Healthcare Services Ltd,WELWYN GARDEN CITY,https://etrumhealth.co.uk/
196417,Eunha Healthcare Ltd,Leicester,https://www.eunhahealthcare.co.uk/
196458,Euro Exim Bank Limited,Borehamwood,https://euroeximbank.com/
196481,Euro Plumbing Limited,Harrow,https://europlumbing.co.uk/
196505,Euro-Link Pharma Ltd,Luton,https://euro-linkpharma.co.uk/
196510,Eurobank Private Bank Luxembourg S.A London Branch,London,https://www.eurobankpb.lu/
196511,Eurobank Private Bank Luxembourg S.A London Branch,London,https://www.eurobankpb.lu/
196646,EUROPEAN SCHOOL OF ECONOMICS - ESE INSIGHT LIMITED,LONDON,https://www.ese.ac.uk/
196666,Euroside Construction Limited,Rochester,https://www.euroside.co.uk/
196810,Eveready Carers Limited,London,https://www.evereadycarers.co.uk/
196832,Everest Pharmacy Chorlton,Manchester,https://everestpharmacy.co.uk/
196834,Everest Pharmacy Ltd,Manchester,https://everestpharmacy.co.uk/
196938,"EVERY CHILD, EVERY DAY ACADEMY TRUST",RICHMOND UPON THAMES,https://www.everychildeverydayacademytrust.org/
196962,EVERYDAY LIVING HEALTHCARE LTD,Dereham,https://everydaylivingltd.co.uk/
197011,EVO DENTAL CENTRE LIMITED,Liverpool,https://www.evodental.com/
197135,Exam Success Educational Centre Limited,London,https://www.examsuccesseducation.com/
197190,Excellence Healthcare,Birmingham,https://www.excellencehealthcare.co.uk/
197222,Exceptional Support Services,Nuneaton,https://www.exceptionalsupportservices.co.uk/
197227,EXCHANGE TECH LTD,Yarm,https://exchangetech.co.uk/
197256,Executive Healthcare Services LTD,Ilford,https://www.executivehealthcareltd.co.uk/
197292,Exeter Aerospace Ltd,Exeter,https://www.dublinaerospace.com/
197408,Expert Health Limited T/A Lloyds Pharmacy Online Doctor,London,https://onlinedoctor.lloydspharmacy.com/
197433,Expertreturn Limited T/A Mangal Pharmacy,London,https://mangalpharmacy.co.uk/
197539,Extra Mile Healthcare Limited,Stafford,https://extramilehealthcare.co.uk/
197577,Eye Veterinary Clinic Ltd,Leominster,https://www.eyevetclinic.co.uk/
197631,Ezze Healthcare LTD,East Tilbury,https://ezzehealthcare.co.uk/
197688,F&A Supported Living Ltd,Gosport,https://supportedliving-hampshire.co.uk/
197879,FAHIQAH'S LEARNING ACADEMY LTD,Birmingham,https://fahiqaslearning.co.uk/
197941,Fairfield School of Business Ltd,London,https://fsb.ac.uk/
197957,FAIRLIGHT PHARMA LIMITED,London,https://www.fairlightpharmacy.com/
197977,FAIRSHOT AI LTD,London,https://fairshot.tech/
197990,Fairview Medical Centre,London,https://www.fairviewmedicalcentre.co.uk/
198007,Fairytale Forest Day Nursery ltd,Pulborough,https://www.fairytale-forest.co.uk/
198016,Faith & Hope healthcare,Birmingham,https://www.faithandhopehc.uk/
198031,Faith Montessori Nursery Ltd,Forest Hill,https://www.faithnursery.co.uk/
198039,Faith's Walk Healthcare Services Limited,STAINES-UPON-THAMES,https://www.faithswalk.co.uk/
198133,FALCON SUPPORT SERVICES,LOUGHBOROUGH,https://falconsupportservices.org.uk/
198141,FALCONIOW LTD T/A Jaffran Indian Restaurant,Freshwater,https://jaffraniow.co.uk/
198264,Fantastic Tech Ltd,Brighton,https://fantastic.tech/
198279,Fara Healthcare Ltd,Ely,https://farahealthcare.co.uk/
198329,Farley Nursery School,Salisbury,https://www.pittonandfarley.co.uk/
198545,FATA Automation Limited,Worcester,https://fataautomation.co.uk/
198576,FaulknerBrowns LLP,Newcastle upon Tyne,https://faulknerbrowns.com/
198653,FCMB Bank (UK) Limited,London,https://fcmbuk.com/
198654,FCMB Bank (UK) Limited,London,https://fcmbuk.com/
198671,FDS Building Services Consultancy Limited,Greenhithe,https://www.fdsuk.com/
198691,Feasible Healthcare Ltd,Leeds,https://www.feasiblehealthcare.co.uk/
198694,Featherstone High School,Southall,https://www.featherstonehigh.ealing.sch.uk/
198766,Felikot Healthcare Limited,Slough,https://felikot.com/
198796,FEN HOUSE DENTAL PRACTICE,Spalding,https://www.fenhousedental.com/
198797,Fen House Dental Practice,Gosberton,https://www.fenhousedental.com/
198829,FENNEL FINANCIAL SERVICES LTD,Rochester,https://fennelfinancial.co.uk/
198860,Fern Cottage Dental Practice,Hoyland,https://fcdental.co.uk/
198881,Ferns IT Consultancy Limited,Colchester,https://ferns-it.com/
198908,Fervid Healthcare Ltd,Stoke-On-Trent,https://www.fervidhealthcare.co.uk/
198909,Fervid Healthcare Ltd,Stoke-On-Trent,https://www.fervidhealthcare.co.uk/
198951,FG Mechanical Building Services Limited,Magherafelt,https://www.fgmechanicalservices.com/
199332,FiNN Home Care Ltd,Wantage,https://www.finnhomecare.co.uk/
199514,First Central Insurance Management Ltd,Haywards Heath,https://firstcentralcareers.com/
199673,FirstRand Bank Ltd (London Branch),London,https://www.rmb.co.uk/
199674,FirstRand Bank Ltd (London Branch),London,https://www.rmb.co.uk/
199675,FirstRand Bank Ltd (London Branch),London,https://www.rmb.co.uk/
199683,Firsway Health Centre,Sale,https://www.firswayhealthcentre.co.uk/
199766,Fitzalan Medical Centre,Littlehampton,https://www.fitzalanmedicalgroup.co.uk/
199778,Fitzwilliam College in the University of Cambridge,Cambridge,https://www.fitz.cam.ac.uk/
199798,Five Rise Nursing Home Ltd,Bingley,https://holtfamilycaregroup.co.uk/
199884,FKS CLINIC LTD,LONDON,https://www.fksclinic.co.uk/
199928,Flamingo Pharma (UK) Limited,Kingston Upon Hull,https://flamingopharma.co.uk/
200053,Flexera Software Limited,Risley,https://www.flexera.com/
200054,Flexera Software Limited,Risley,https://www.flexera.com/
200174,Flordius Chiropractic Ltd T/A Saltaire Chiropractic Clinic,Shipley,https://saltairechiropractic.com/
200175,Floreat Merchant Banking Limited,London,https://floreat.com/
200190,Florida State University International Programs Association UK,London,https://international.fsu.edu/
200191,Florida State University International Programs Association UK,London,https://international.fsu.edu/
200212,FLOW HEALTHCARE. LTD,Epsom,https://www.flowhealthcareltd.co.uk/
200308,FLYING START DAY NURSERY CHIGWELL LTD,Chigwell,https://fsdn.co.uk/
200389,Focus Building Services Limited,Bromley,https://focusbuildingservices.co.uk/
200394,Focus Care Supported Living Ltd,Peterborough,https://fcsupportedliving.co.uk/
200405,Focus Home Care Limited,West Molesey,https://focushomecare.net/
200596,Foot Anstey LLP,Plymouth,https://www.footanstey.com/
200617,FOPP Healthcare Services Ltd.,Coventry,https://fopphealthcare.com/
200621,For You Healthcare Limited,Peterborough,https://www.foryouhealthcare.co.uk/
200731,Forest of Dean Crossroads - Caring for Carers Limited,Cinderford,https://www.crossroadsglos.org.uk/
200763,FOREVER KIN HEALTHCARE LTD,Swansea,https://forever-kin.com/
200868,Forsters LLP,LONDON,https://www.forsters.co.uk/
200876,Fort Vale Engineering Ltd.,Burnley,https://www.fortvale.com/
200881,FORTE SUPPORT SERVICES LIMITED,ESSEX,https://www.forteservices.co.uk/
201036,Foster's Primary School,Welling,https://www.fosters.bexley.sch.uk/
201097,Four Acre Health Centre,St Helens,https://fouracrehealthcentre.co.uk/
201117,Four Oaks Healthcare Limited,Birmingham,https://www.fouroakshealthcare.co.uk/
201200,Foxglove Supported Living Limited,Hull,https://www.foxglovecare.co.uk/
201204,Foxleigh Grove Nursing Home,Maidenhead,https://www.foxleighgrove.co.uk/
201265,Frampton Dental Practice,Bristol,https://www.framptondental.co.uk/
201360,Fransil Ltd t/a Healthpoint Pharmacy,Bournemouth,https://healthpointpharmacy.co.uk/
201511,Freivan Support Services Ltd,Barking,https://www.freivan.co.uk/
201532,French Weir Health Centre,Taunton,https://www.frenchweirhealth.co.uk/
201587,FRESH HAVEN HEALTHCARE LTD,Bristol,https://freshhavenhealthcare.co.uk/
201625,Freshsteps Independent school,London,https://www.freshstepsindependentschool.org.uk/
201626,Freshstream Investment Partners LLP,London,https://freshstream.com/
201661,Friar Park Pharmacy,Wednesbury,https://friarparkpharmacy.co.uk/
201665,Friar Street Dental Practice,Reading,https://www.friardental.com/
201669,Friars Street Dental Ltd,Sudbury,https://www.friars26dental.com/
201698,Friends Dental Ltd,Norwich,https://www.friendsdental.co.uk/
201754,Frome Medical Practice,Frome,https://www.fromemedicalpractice.co.uk/
201977,Fulcrum Asset Management LLP,London,https://fulcrumasset.com/
202110,Furze Platt Senior School,Maidenhead,https://www.furzeplatt.com/
202223,Future Intelligence Technology Solutions Limited,Reading,https://www.fuinteso.co.uk/
202245,Future Stars Nursery Ltd/TA Future Stars Nursery,Wembley,https://www.futurestarsnursery.com/
202325,Fylde Coast Academy Trust,Blackpool,https://www.fcat.org.uk/
202576,GABS Heating and Plumbing Solutions Limited,Northampton,https://gabs-hps.co.uk/
202730,Galiant Health Care Limited,YEOVIL,https://www.galianthealthcarelimited.co.uk/
203383,Gemological Institute of America London (GIA England t/a GIA London),London,https://www.gia.edu/
203384,Gemological Institute of America London (GIA England t/a GIA London),London,https://www.gia.edu/
203428,General Dental Council,London,https://www.gdc-uk.org/
203506,Genesis Global Technology Limited.,London,https://genesis.global/
203524,Genesis Technology Services Limited,Peterborough,https://genesis-tec.com/
203599,Gentle Hands Healthcare Limited,Kirkcaldy,https://gentlehands.uk/
203627,GEOFF HALL DIGITAL PRINT LTD T/A Ghdigitalprint.com,glasgow,https://ghdigitalprint.com/
203645,George Adams Engineering Limited,Newtownards,https://gaeltd.co.uk/
203703,Geosec Ground Engineering Ltd,London,https://www.geosec.co.uk/
203704,Geosec Ground Engineering Ltd,London,https://www.geosec.co.uk/
203757,Gertu Construction Ltd,Bath,https://gertu.co.uk/
203959,Gian Healthcare Ltd,STOCKPORT,https://www.gianhealthcare.co.uk/
203990,Giddani Health Group Ltd,Plymouth,https://giddanihealthgroup.co.uk/
204183,Girls' Learning Trust,Sutton,https://www.girlslearningtrust.org/
204228,GJD Manufacturing Ltd,Heywood,https://www.gjd.co.uk/
204231,GJINI BUILDING SERVICES LTD,London,https://gjinibuilding.co.uk/
204298,GLADSTONES CLINIC LIMITED,Cambridge,https://gladstonesclinic.com/
204346,Glasgow School of Art Students' Association,Glasgow,https://www.thegsasa.com/
204354,Glasgow University Students' Representative Council,Glasgow,https://www.gla.ac.uk/
204391,Gleam Healthcare Ltd,Doncaster,https://gleamhealthcare.co.uk/
204470,Glenfields Care Home Limited,Driffield,https://www.glenfieldscarehome.co.uk/
204474,GLENFORT TIMBER ENGINEERING LIMITED,Dungannon,https://www.glenfort.com/
204501,GLENROTHES DENTAL HOUSE LTD,"Glenrothes,",https://glenrothesdentalhouse.co.uk/
204691,GLOBAL HEALTHCARE SOLUTIONS LIMITED,Bournemouth,https://www.ghs-care.co.uk/
204787,Global Pharmacy Limited T/A Global Pharmacy,Sheffield,https://globalpharmacy.co.uk/
204908,Globe dental Practice,Nantwich,https://globedentalpractice.com/
205011,GLoucestershire Health and Care NHS Foundation Trust,Gloucester,https://www.ghc.nhs.uk/
205012,Gloucestershire Hospitals NHS Foundation Trust,Gloucester,https://www.gloshospitals.nhs.uk/
205437,GOLDEN GLITTERS TRAINING NURSERY & RECRUITMENT LTD,LONDON,https://www.goldenglitterstraining-nursery.co.uk/
205444,Golden Healthcare Solutions Limited,Rainham,https://www.goldenhealthcareuk.com/
205473,Golden Square Healthcare Limited,Rotherham,https://goldensquarehealthcare.co.uk/
205701,Goodness & Mercy Healthcare Limited,Aldershot,https://www.goodness-mercyhealthcare.org/
205802,Gosberton Medical Centre,Spalding,https://www.gosbertonmedicalcentre.co.uk/
205803,Gosberton Medical Centre,Spalding,https://www.gosbertonmedicalcentre.co.uk/
205882,GOZIAN HEALTHCARE LTD,NOTTINGHAM,https://gozianhealthcare.co.uk/
206029,GRACEWOOD HEALTHCARE LTD,Corby,https://gracewoodhealthcare.co.uk/
206126,Granby Community Mental Health Group - Mary Seacole House,Liverpool,https://www.maryseacolehouse.com/
206141,Grand Finish Ltd,Mitcham,https://grandfinish.co.uk/
206293,Gratton House Dental Surgery,Cheltenham,https://www.grattonhousedental.uk/
206314,Gravity Civil and Structural Engineering Ltd,Chelmsford,https://gravity-ce.co.uk/
206356,Great and Little Shelford CE (A) Primary School,Cambridge,https://www.shelfordschool.org.uk/
206365,Great bridge dental practice,Tipton,https://www.greatbridgedentalpractice.com/
206421,Great Ormond Street Hospital NHS Trust,London,https://www.gosh.nhs.uk/
206436,Great Western Credit Union,Bristol,https://greatwesterncu.org/
206464,Greater Manchester Mental Health NHS Foundation Trust,Prestwich,https://www.gmmh.nhs.uk/
206501,Green Apple Healthcare Services ltd,London,https://www.greenapplehealthcareservices.co.uk/
206507,GREEN BIRDS CONSTRUCTION LTD,London,https://www.greenbirdsconstruction.com/
206564,Green Globe Construction Limited,Richmond,https://greenglobeconstruction.com/
206657,Greenacres Dental Practice T/A Smileshines Aylesford Ltd,Aylesford,https://www.smileshines.co.uk/
206668,"Greenberg Traurig, LLP",London,https://www.gtlaw.com/
206696,GREENFIELD DEMOLITION NATIONWIDE LIMITED,CRAWLEY,https://www.greenfieldgroup.uk.com/
206703,Greenfields Dental Surgery,Shrewsbury,https://www.greenfieldsdental.co.uk/
206707,Greenford High School,Southall,https://www.greenford.ealing.sch.uk/
206718,Greenhill Healthcare Ltd,Peterborough,https://greenhillhealthcare.co.uk/
206743,Greenlight Healthcare Ltd,London,https://greenlightgp.co.uk/
206744,Greenlight Healthcare Ltd,London,https://greenlightgp.co.uk/
206778,Greenshaw High School,Sutton,https://www.greenshaw.co.uk/
206847,Greenwood veterinary clinic limited,Ruislip,https://www.greenwoodvet.co.uk/
206851,GreenZone Cleaning and Support Services Ltd,London,https://www.gzcss.co.uk/
206868,Grekin Clinic Ltd,Forfar,https://www.grekinclinic.co.uk/
206904,Grey Technology Limited (Gtech),Worcester,https://www.gtech.co.uk/
206908,Greyfriars Medical Centre,Dumfries,https://www.greyfriarsmedicalcentre.co.uk/
206945,GRID SET CONSTRUCTION LTD,Stoke-on-Trent,https://www.grid-set.co.uk/
206954,Griffin Bank Ltd,London,https://griffin.com/
207098,Grove Automation,LEICESTER,https://www.groveautomation.com/
207135,Growatt New Energy Technology Limited,Ilford,https://en.growatt.com/
207136,Growatt New Energy Technology Limited,Ilford,https://en.growatt.com/
207269,GSOMEGA IT SOLUTIONS LIMITED,MANCHESTER,https://gsomega.co.uk/
207340,GUARANTY TRUST BANK (UK) LIMITED,LONDON,https://www.gtbankuk.com/
207341,GUARANTY TRUST BANK (UK) LIMITED,LONDON,https://www.gtbankuk.com/
207369,GUARDIAN SUPPORTED LIVING LIMITED,Birmingham,https://guardiansl.com/
207404,Guidance Automation,Leicester,https://www.guidanceautomation.com/
207405,Guidance Automation,Leicester,https://www.guidanceautomation.com/
207410,Guided Technology Ltd t/a Go2Guide,Harrogate,https://www.go2guide.co.uk/
207458,GUL INSURANCE SOLUTIONS LTD,Preston,https://gulinsurancesolutions.co.uk/
207595,GURKHA 19 RESTAURANT LTD,Sleaford,https://gurkha19.uk/
207748,Guy Batley Plumbing & Heating Ltd,Wakefield,https://www.guybatley.co.uk/
207753,Guy's and St. Thomas' NHS Foundation Trust,London,https://www.guysandstthomas.nhs.uk/
207781,Gwendolen House Nursery School Limited,London,https://gwendolenhouse.com/
207785,GWP Software Solutions Limited t/a FormusPro,Hereford,https://www.formuspro.com/
207992,H-Pack Paper & Board Manufacturing Ltd,Wrexham,https://h-packglobal.com/
208073,HAAS AUTOMATION LIMITED,NORWICH,https://www.haas.co.uk/
208317,Halcyon Medical Centre,Birmingham,https://halcyonmedical.co.uk/
208341,Halesi Limited T/A Aangan Restaurant,Derby,https://aanganderby.co.uk/
208358,HALIFAX HEALTHCARE LTD,Halifax,https://www.halifax.co.uk/
208537,Hampden & Co plc (trading as Hampden Bank),Edinburgh,https://www.hampdenbank.com/
208538,Hampden Gurney CE Primary School,London,https://www.hampdengurneyschool.co.uk/
208669,Handsworth Medical Practice,Sheffield,https://www.handsworthmedicalpractice.co.uk/
208765,Hanson Asset Management Limited,London,https://www.hansonam.com/
208766,Hanson Asset Management Limited,London,https://www.hansonam.com/
208920,Harbour Healthcare (North) Ltd,Stockport,https://www.harbourhealthcare.co.uk/
209052,Harley Street Dental Studio,London,https://www.harleystreetdentalstudio.com/
209053,Harley Street ENT Clinic Ltd,London,https://www.harleystreetent.com/
209055,Harley Street General Practice Ltd,London,https://www.thehsgp.co.uk/
209210,Harrogate & District NHS Foundation Trust,Harrogate,https://www.hdft.nhs.uk/
209221,HARROW HIGH SCHOOL,HARROW,https://www.harrowhigh.com/
209230,Harrow Smile Clinic,London,https://www.smileclinicgroup.com/
209271,HART MEDICAL PRACTICE,HARTLEPOOL,https://www.hartmedicalpractice.co.uk/
209274,Hartcliffe Dental Partnership T/A Purple Dental Care,Bristol,https://www.purpledentalcare.co.uk/
209438,HASU BIOTECH LTD,BERKSHIRE,https://hasudiagnostics.com/
209772,HBC Construction Limited,Dronfield,https://www.hbcconstruction.co.uk/
209970,Healthcare 1st Choice Limited,whitchurch,https://www.healthcarefirstchoicelimited.com/
210063,Heart Link Health Care Services Ltd,Dunfermline,https://heart-link.co.uk/
210077,HEARTBEAT MANUFACTURING CO. (REDDITCH) LIMITED(THE),Redditch,https://heartbeatuk.com/
210119,Heath House Prep School Limited,London,https://heathhouseprepschool.com/
210147,Heathfield Residential Care Ltd,Grappenhall,https://www.heathfieldresidentialhome.co.uk/
210153,Heathland House Care Home,Ferndown,https://www.cinnamoncc.com/
210182,Heating & Oven Technology Limited,Isleworth,https://www.heating-and-oven-technology.co.uk/
210189,Heaton House Nursery Limited,Bolton,https://heatonhousenursery.co.uk/
210224,Hebe Healthcare Limited,Birmingham,https://hebecare.co.uk/
210342,Hellesdon Medical Practice,Norwich,https://hellesdonmedicalpractice.co.uk/
210445,Hengoed Court Care Home Limited,Swansea,https://www.hengoedcare.co.uk/
210466,Henley Investment Management Limited,London,https://www.henleyim.com/
210501,Henshall and Sheehy Support Services Limited,London,https://hssupport.co.uk/
210555,Herefordshire and Worcestershire Health and Care NHS Trust,Worcester,https://www.hacw.nhs.uk/
210564,Heriot-Watt University,EDINBURGH,https://www.hw.ac.uk/
210565,Heriot-Watt University,EDINBURGH,https://www.hw.ac.uk/
210599,Hermes Care Ltd t/a Swinton Grange Care Home,Rotherham,https://hermescare.co.uk/
210608,Herne Bay High School,Herne Bay,https://www.hernebayhigh.org/
210632,Herschel Grammar School,Slough,https://www.herschel.slough.sch.uk/
210641,Hertfordshire Community NHS Trust,Welwyn Garden City,https://www.hct.nhs.uk/
210646,Hertfordshire Partnership University NHS Foundation Trust,Hatfield,https://www.hpft.nhs.uk/
210705,Hewland Engineering Ltd,Maidenhead,https://www.hewland.com/
210716,Hexaform Construction Limited,Harrow,https://www.hexaform.co.uk/
210723,Hexagon Pharma Limited,Cambridgeshire,https://hexagonpharma.co.uk/
210735,HEXPRESS HEALTHCARE LIMITED,CROYDON,https://www.hexpresshealthcare.com/
210766,HEYMOBILE TECH LTD,London,https://hey-mobile.co.uk/
210855,Hi Tech Solutions and Consulting Ltd,Suffolk,https://hi-tech.co.uk/
210856,Hi Tech Solutions and Consulting Ltd,Suffolk,https://hi-tech.co.uk/
210995,High-Tech Membrane Roofing Ltd,Benfleet,https://www.hightechmembraneroofing.co.uk/
210999,Highborder Care Home Gloucestershire Limited,Stroud,https://www.highborderlodge.co.uk/
211006,Highbury Community Nursery,London,https://www.highburynursery.co.uk/
211044,Highgate Dental Centre,HIGHGATE,https://highgatedentalcentre.co.uk/
211063,HIGHLAND ORNATE LTD. T/A ORNATE HEALTHCARE,BRIGHT ROAD,https://www.ornatehealthcare.co.uk/
211157,Hill House International Junior School,London,https://hillhouseschool.co.uk/
211206,Hillside Nursing Home,Aylesbury,https://www.goldcarehomes.com/
211231,Hillview Healthcare ltd,Edinburgh,https://www.hillviewhealthcare.com/
211307,Hind Leys Pre-School,Shepshed,https://hindleyspreschool.co.uk/
211541,HJS Emission Technology Limited,Swindon,https://hjs-emission.co.uk/
211542,HJS Emission Technology Limited,Swindon,https://hjs-emission.co.uk/
211736,Hockley Farm Medical Practice,Leicester,https://www.hockleyfarmmedicalpractice.co.uk/
211768,Hohner Automation Limited,Wrexham,https://www.hohner.com/
211780,HOLBEACH AND EAST ELLOE HOSPITAL TRUST,Holbeach,https://www.holbeach-hospital.org.uk/
211781,Holbeach Medical Centre,Spalding,https://www.holbeachmedicalcentre.co.uk/
211846,Holland Park Day Nursery,London,https://www.hpps.co.uk/
211847,Holland Park Dental Centre Limited,London,https://www.hollandparkdental.co.uk/
211887,HOLLYBROOK CONSTRUCTION LIMITED,London,https://www.hollybrook.co.uk/
211922,Holmes Chapel Health Centre,Crewe,https://www.holmeschapelhealthcentre.co.uk/
212071,Home not Hospital,Roche,https://homenothospital.co.uk/
212175,Homestead Medical Centre,Wakefield,https://homesteadmedicalcentre.co.uk/
212190,Homewood Support Services Ltd,London,https://homewoodsolutions.co.uk/
212266,HOOK TECHNOLOGY LTD,LONDON,https://hook.co/
212283,Hope & Faith Healthcare Limited,Leeds,https://hope-faithhealthcare.co.uk/
212321,Hope Home Care Services LTD,Barnet,https://hopehomecare.co.uk/
212419,Horizon Support Services Limited,Swansea,https://www.horizonsupportservices.co.uk/
212439,Horncastle Medical Group,Horncastle,https://www.horncastlemedicalgroup.co.uk/
212605,House and Jackson LLP,Ingatestone,https://www.houseandjackson.co.uk/
212924,HT Digital Services Ltd,London,https://www.ht.digital/
212925,HT Digital Services Ltd,London,https://www.ht.digital/
212963,HUA YIN FINANCE LIMITED,London,https://huayinfinance.co.uk/
213049,Hugh-Jones LLP,London,https://www.hughjonessolicitors.co.uk/
213241,Hunters Hall Primary School,Dagenham,https://www.huntershallprimary.org.uk/
213253,Huntleigh Healthcare Limited,Cardiff,https://www.huntleigh-diagnostics.com/
213254,Huntleigh Healthcare Limited,Cardiff,https://www.huntleigh-diagnostics.com/
213275,Hurley Clinic Partnership known as The Hurley Group,London,https://www.hurleygroup.co.uk/
213636,I P S TERRONI INSURANCE SERVICES LTD,LONDON,https://ipsinsure.co.uk/
213815,IBOX Healthcare Ltd,Leeds,https://iboxhealthcare.co.uk/
213879,ICBC Standard Bank PLC,London,https://www.icbcstandardbank.com/
213880,ICBC Standard Bank PLC,London,https://www.icbcstandardbank.com/
213941,Icknield High School,Luton,https://www.icknield.beds.sch.uk/
214068,Ideal Home Care Ltd,Telford,https://idealhomecare.uk/
214267,Ignite Health Care Ltd,Manchester,https://www.ignitehealthcare.co.uk/
215177,Indigo Software Ltd,Durham City,https://indigo.co.uk/
215237,INDUS PRINT LTD,Rochdale,https://www.indusprint.co.uk/
215241,Indus Valley Partners Tech Solutions UK Ltd,London,https://www.ivp.in/
215298,Inetum Digital Services UK Limited,London,https://www.inetum.com/
215326,INFINITE HEALTHCARE SERVICES LTD,Chelmsford,https://infinitehealthcareservices.co.uk/
215370,Infinity Labs IT Services Limited,Birmingham,https://infinitylabsitservices.co.uk/
215433,Infopro Digital Services Ltd,London,https://www.infopro-digital.com/
215465,INFOSEC CYBER SECURITY LTD,LONDON,https://www.infoseccyber.co.uk/
215548,Ingleborough Nursing Home LLP,Ingleton,https://ingleboroughnursinghome.com/
215576,INICIO TECH Limited,Birmingham,https://iniciotech.co.uk/
215587,Iniya Clinic Limited,Stanmore,https://iniyaclinic.com/
215656,INNOCENCE NURSERY LTD.,GLASGOW,https://innocencenursery.co.uk/
215677,INNOVA HEALTHCARE UK LTD,Luton,https://innovahealthcare.co.uk/
215678,Innova House Healthcare Limited,Mansfield,https://www.innovahouse.org.uk/
215692,Innovate Healthcare Management Group Ltd,Stockport,https://innovateoh.co.uk/
215703,Innovation Fire Engineering Ltd,Leeds,https://www.innovationfireengineering.co.uk/
215721,INNOVATIVE IT SERVICES LIMITED,London,https://innovativeitservices.co.uk/
215830,Insight Data Analytics Limited,Hatfield,https://insight-da.com/
215855,INSIGNIA HEALTHCARE GROUP LTD,NORWICH,https://www.insigniahealthcare.co.uk/
215890,Inspire Dental Croydon Ltd T/A Croydon Dental Care,Surrey,https://www.croydondentalcare.co.uk/
215893,Inspire Dental Southall Ltd,Southall,https://www.inspiredentalsouthall.co.uk/
215906,Inspire Partnership Academy Trust,Woolwich,https://www.inspirepartnership.co.uk/
215910,Inspire Supported Living Ltd,Bedford,https://inspiresupportedliving.co.uk/
215923,Inspired Educational Consulting Limited,Cambridge,https://inspired-education.co.uk/
216377,International Asset Management Limited,London,https://iam.uk.com/
216418,International Direct Packaging Ltd,St Ives,https://idpdirect.com/
216474,International Logistics Group Limited,Burgess Hill,https://www.international-logistics-group.com/
216708,Intuition IT Solutions Limited,London,https://www.intuition-it.com/
217256,iSIGHT Clinic,Southport,https://www.isightclinics.com/
217301,Islamiyah Girls' High School,Blackburn,https://ighs.org.uk/
217532,ITility Engineering And Support Services Limited,Brandon,https://itility.com/
217781,J & S LAW FIRM LTD,London,https://jslawfirm.co.uk/
217820,J E Williamson Limited T/A J E Williamson Pharmacy,Bishop's Stortford,https://jewilliamson.com/
218091,Jack and Jills Day Nursery,Hemel Hempstead,https://jackandjillsdaynursery.co.uk/
218133,Jacksons Pharma Ltd,Halesowen,https://jacksonspharmacygroup.co.uk/
218296,JAL RANG DIGITAL PRINTING LTD,LONDON,https://jalrang.co.uk/
218960,Jedburgh family dental practice,Jedburgh,https://jfdp.co.uk/
219206,Jewish Community Academy Trust,London,https://jcat.co.uk/
219249,"Jfg Care Limited, T/A Mint Dental Care Kingseat",Aberdeenshire,https://mintdentalcarekingseat.co.uk/en
219293,JHN HEALTHCARE LIMITED,RYDE,https://jhnhealthcare.co.uk/
219319,Jiayi International Education Investment Group Ltd,Plymouth,https://jiayi.uk/
219344,Jill du Toit TA In Clover at The Lomond Clinic,Helensburgh,https://thelomondclinic.com/
219554,JMC PACKAGING LTD,CRAIGAVON,https://jmcpackaging.co.uk/
219594,JMP Precision Engineering Ltd,Bristol,https://www.jmpprecision.com/
219625,JNN (JAST-SAFE HOME CARE) LTD,Welwyn Garden City,https://jastsafe.com/
219629,JNSF PHARMA LIMITED T/A MEDILAND PHARMACY,ERDINGTON,https://medilandpharmacy.co.uk/
219693,Johav Care Support Healthcare Limited,MILTON KEYNES,https://www.johavcare.co.uk/
219830,Johnsons Textile Services Limited,Preston Brook,https://www.jsg.com/
219836,Johnston's Home Care LTD,Enfield,https://www.johnstonshomecare.co.uk/
219853,Joining hands healthcare,bedford,https://www.joininghandshealthcare.co.uk/
220289,JUBILEE GARDENS MEDICAL CENTRE,SOUTHALL,https://jubileegardensmedicalcentre.co.uk/
220293,Jubilee Medical Group,Newton Aycliffe,https://www.jubileemedical.com/
220298,JUDDS PHARMA LTD trading as Judds Chemist,London,https://www.juddschemist.com/
221015,Kaleidoscope Learning Trust,NORTHWICH,https://www.kaleidoscopelearning.co.uk/
221318,Karims Pharmacy Limited,Blackburn,https://karimspharmacy.co.uk/
221879,KELLTRON SOFTWARE SOLUTIONS LTD,AYLESBURY,https://kelltron.com/
222248,Kew Medical Practice,RICHMOND,https://kewmedicalpractice.co.uk/
222348,KF TECH LTD,London,https://kftechltd.com/
222407,Khalique Medical Practice Limited,London,https://drsophiakhalique.com/
222408,"Khaliss Limited, Higher Crumpsall Pharmacy",Manchester,https://highercrumpsallpharmacy.co.uk/
222474,KHARIS HEALTHCARE LIMITED,Nottingham,https://www.kharishealthcare.com/
222697,Kimberley Financial Services,Edgware,https://kimberleyfinancial.co.uk/
222721,KIMS Hospital,Maidstone,https://kims.org.uk/
222736,Kincare health SOLUTIONS,Edinburgh,https://kincarehealthsolutions.com/
222737,kincorth dental practice,aberdeen,https://kincorthdental.co.uk/
222740,Kind Healthcare Ltd,Nottingham,https://kind-healthcare.co.uk/
222750,Kinder World Day Nursery Group Limited,Manchester,https://www.kinder.com/
222781,Kinetix Corporate Finance LLP,Oxford,https://www.kinetixcf.com/
222799,King Edward VI Academy Trust Birmingham,Birmingham,https://kingedwardvifoundation.co.uk/
222856,Kingdom Bank Limited,Beeston,https://www.kingdom.bank/
222945,Kings Road Medical Centre,Harrow,https://kingsroadmedicalcentre.com/
222980,Kingsley Healthcare Limited,Lowestoft,https://kingsleyhealthcare.co.uk/
222987,Kingsmead Healthcare,London,https://www.kingsmeadhealthcare.co.uk/
223007,Kingston and Richmond NHS Foundation Trust,Kingston upon Thames,https://www.kingstonandrichmond.nhs.uk/
223011,Kingston Educational Trust,Kingston Upon Thames,https://kingstoneducationaltrust.org/
223014,Kingston Grammar School,Kingston upon Thames,https://www.kgs.org.uk/
223039,Kingsway Medical Centre,Billingham,https://www.kingswaymedicalcentre.co.uk/
223051,Kingswood Daycare Nursery Ltd,Mitcham,https://kingswooddaycarenursery.co.uk/
223149,Kirkham Grammar School,Preston,https://www.kirkhamgrammar.co.uk/
223294,Kkan Pharma Limited,Dunstable,https://kkanpharma.com/
223599,KNSI Aviation Engineering Ltd,STANSTED,https://knsi.co.uk/
223616,"Kobayashi Healthcare Europe, Ltd.",London,https://www.kobayashihealthcare.co.uk/
223617,"Kobayashi Healthcare Europe, Ltd.",London,https://www.kobayashihealthcare.co.uk/
223932,Korutek Engineering Ltd,"Norwich,",https://korutek.com/
223933,KORUTEK ENGINEERING LTD,Norwich,https://korutek.com/
223972,Kowa Pharmaceutical Europe Co. Ltd.,Wokingham,https://www.kowapharmaceuticals.eu/
224019,KPMD IT Solutions Ltd,Sheffield,https://www.kpmd.co.uk/
224081,Krause Automation Ltd.,East Grinstead,https://krause-automation.com/
224169,KRIYA FINANCE LIMITED,London,https://www.kriya.co/
224260,KSD Support Services Ltd,Brighton,https://ksd-group.co.uk/
224720,L-Lynch Plant Hire & Haulage Ltd,Hemel Hempstead,https://l-lynch.com/
224728,L.E.A.D. Academy Trust,Nottingham,https://recruit.sampeople.co.uk/
225057,Lakeside Medical Practice,London,https://www.lakesidegpsthamesmead.co.uk/
225058,LAKESIDE NURSING HOME,LONDON,https://lakesidenursinghome.co.uk/
225195,Lancaster House Dental Practice,London,https://www.lancasterhousedental.co.uk/
225332,Langley Grammar School,Langley,https://www.lgs.slough.sch.uk/
225348,Langstone Engineering Limited,Portsmouth,https://langstone-engineering.co.uk/
225350,LANGTON LONDON INSURANCE BROKERS LTD,Redhill,https://www.langtonlondoninsurancebrokers.co.uk/
225351,Langton Medical Group,Lichfield,https://www.langtonmedicalgroup.co.uk/
225379,Lansdales Pharmacy Ltd,High Wycombe,https://www.lansdalespharmacy.com/
225383,Lansdown Dental Practice,Birmingham,https://www.lansdowndental.co.uk/
225431,Lara Nursery Group Limited,Thirsk,https://www.laranursery.co.uk/
225457,Larksfield Medical practice,Hitchin,https://larksfieldandarlesey.co.uk/
225566,Latsen Technology Ltd,Liverpool,https://latsen.com/
225573,Lattimer Ltd,SOUTHPORT,https://www.lattimer.com/
225575,Latymer All Saints CE Primary School,London,https://www.latymerallsaints.enfield.sch.uk/
225576,Latymer Upper School,London,https://www.latymer-upper.org/
225582,LAUNCH ROBOTICS LTD,WORKSOP,https://launch-robotics.com/
225583,Launch Tech Uk Ltd..,Milton Keynes,https://www.launchtech.co.uk/
225593,LAUNDRA LIMITED,Bristol,https://laundra.co.uk/
225594,LaundRe Holdings Ltd,Canning Town,https://www.laundre.co.uk/
225601,LAURA HAMMETT LIMITED,London,https://laurahammett.com/
225609,Laurel Care Home Limited,Southampton,https://www.laurelcarehome.co.uk/
225638,Lavender Support Services Ltd,Irthlingborough,https://lavendersupportservices.co.uk/
225646,LAVIEL CLINIC,London,https://laviel.com/
225848,Lea Manor High School Performing Arts College,Luton,https://www.leamanorhighschool.org/
225905,Leaf-Tech Ltd,London,https://www.leaf-techltd.com/
225920,Lealands High School,Luton,https://www.lealands.luton.sch.uk/
225957,Learning and Support Services Limited,Ford End,https://learningandsupportservices.com/
225963,Learning Partners Academy Trust,Guildford,https://www.learningpartners.org/
225973,Learning without Limits Academy Trust,Leicester,https://www.lwlat.org.uk/
225996,LEAZES HALL CARE HOME LTD,BURNOPFIELD,https://www.leazeshall.co.uk/
226053,Leeds and York Partnership NHS Foundation Trust,Leeds,https://www.leedsandyorkpft.nhs.uk/
226058,Leeds Buddhist Vihara Trust,Leeds,https://www.leedsbuddhistvihara.org/
226059,Leeds Buddhist Vihara Trust,Leeds,https://www.leedsbuddhistvihara.org/
226060,Leeds Building Society,Leeds,https://www.leedsbuildingsociety.co.uk/
226067,Leeds Culture Trust,Leeds,https://charici.org/
226068,Leeds Dental Team Limited T/A The Temple Practice,Leeds,https://templepractice.com/
226081,Leeds Theatre Trust Limited,Leeds,https://www.leedsplayhouse.org.uk/
226082,Leeds Theatre Trust Limited,Leeds,https://www.leedsplayhouse.org.uk/
226083,Leeds Trinity University,Leeds,https://www.leedstrinity.ac.uk/
226084,Leeds Trinity University,Leeds,https://www.leedstrinity.ac.uk/
226111,LEEWAY BROTHERS LTD,London,https://www.leewaybrothers.co.uk/
226346,Lentitek Ltd,Edinburgh,https://lentitek.com/
226362,LEO Multi Academy Trust,Worcester Park,https://www.leoacademytrust.co.uk/
226424,Lerue Healthcare Ltd,Glasgow,https://leruehealthcare.co.uk/
226425,Lerwick Engineering and Fabrication,Lerwick,https://www.lefltd.co.uk/
226426,Lerwick Engineering and Fabrication LTD,Lerwick,https://www.lefltd.co.uk/
226442,LESSEL LIMITED,London,https://www.lessel.co.uk/
226673,LGR Health Care Limited,Huntingdon,https://www.lgronline.co.uk/
226693,LHV Bank Limited,London,https://www.lhv.com/
226694,LHV Bank Limited,London,https://www.lhv.com/
226695,LIA AEROSPACE LTD,Stockton-on-Tees,https://lia-aerospace.com/
226696,LIA AEROSPACE LTD,Stockton-on-Tees,https://lia-aerospace.com/
226706,Liana I Budurin T/A Optident Dental Clinic,Colchester,https://www.optidentdentalclinic.co.uk/
226815,Life Education Trust,Romford,https://lifeeducationtrust.com/
226824,Life Science Group Ltd,Sandy,https://lifesciencegroup.co.uk/
226844,Lifebit Biotech Limited,London,https://lifebit.ai/
227065,Lime Healthcare Support Limited,Wolverhampton,https://limehealthcare.co.uk/
227079,Lime Trust,Chingford,https://limetrust.org/
227080,Lime Walk Primary School,Hemel Hempstead,https://www.limewalk.herts.sch.uk/
227109,Limms Skills Academy Limited,London,https://www.limmskills-academy.com/
227129,Lincoln Bishop University,Lincoln,https://www.lincoln.ac.uk/
227150,Lincolnshire Community Health Services NHS Trust,Lincoln,https://www.lincolnshirecommunityhealthservices.nhs.uk/
227184,Linden Lodge School,South Wimbledon,https://www.lindenlodge.wandsworth.sch.uk/
227185,Linden Medical Group,Kettering,https://lindenmedical.co.uk/
227190,Linden Tree Nursery Schools Ltd,London,https://www.ltns.org.uk/
227306,Links Medical Practice,Dudley,https://linksmedical.co.uk/
227307,Links Medical Practice,Dudley,https://linksmedical.co.uk/
227351,Lion Academy Trust,Leyton,https://www.lionacademytrust.net/
227368,LionHeart Domiciliary Care Services limited,Ringway,https://www.lionheartdomiciliary.co.uk/
227413,Lisa Franklin Ltd/Lisa Franklin London/Clinic Prive,London,https://www.lisafranklin.london/
227434,Lisnaskea GP Practice C.I.C.,Enniskillen,https://www.lisnaskeamedicalcentre.hscni.net/
227463,Little Agnes Nursery,London,https://littleagnes.co.uk/
227465,Little Angels Day Nursery & Pre-Prep School Highbury Limited,London,https://littleangelsdaynursery.co.uk/
227466,Little Angels Day Nursery and Pre-School Limited,London,https://littleangelsdaynursery.co.uk/
227505,Little Footprints Nursery Limited,Leicester,https://www.littlefootprintsnursery.co.uk/
227507,Little Foxes Forest School,Bristol,https://www.littlefoxesforestschool.com/
227526,Little Jungle - School of Early Childhood,London,https://littlejungle.co.uk/
227554,Little Raccoons Day Nursery (Fitzrovia) Limited,London,https://www.littleraccoons.co.uk/
227555,Little Raccoons Day Nursery (Weybridge) Limited,Weybridge,https://www.littleraccoons.co.uk/
227585,LITTLE VILLAGE NURSERY SCHOOL CIC,Forest Hill,https://www.littlevillagenurseryschool.com/
227600,Littlehampton Natural Health Centre,Littlehampton,https://lnhc.co.uk/
227624,Liva Healthcare UK Limited,London,https://www.livahealthcare.com/
227649,Live Well Healthcare Ltd,Swansea,https://livewell-healthcare.co.uk/
227672,Liverpool and Merseyside Theatres Trust Limited,Liverpool,https://everymanplayhouse.com/
227697,Liverpool School of English Limited,Liverpool,https://www.lse.uk.net/
227698,Liverpool School of Tropical Medicine,Liverpool,https://lstmed.ac.uk/
227701,Liverpool Social Care Partnership CIC,Liverpool,https://www.lscpinfo.co.uk/
227771,Livn Manufacturing Ltd,Glasgow,https://livn.co.uk/
227778,Lixin Accountancy (UK) Ltd,London,https://www.lixin.co.uk/
227838,Llandaff Diocesan Board of Finance,Bridgend,https://llandaff.churchinwales.org.uk/
227873,Lloyds Bank plc,London,https://www.lloydsbank.com/
227874,Lloyds Bank plc,London,https://www.lloydsbank.com/
227877,Lloyds Clinical Limited,Harlow,https://lloydsclinical.com/
227978,Local Trust,London,https://localtrust.org.uk/
228008,Lochgilphead Baptist Church,Lochgilphead,https://www.lochgilpheadbaptistchurch.co.uk/
228010,Lochgilphead Medical Centre,Lochgilphead,https://lochgilpheadmedicalcentre.co.uk/
228012,Lochlie Construction Limited,Glasgow,https://www.lochlie.co.uk/
228056,Locumtap Ltd T/AS Patchwork Health,London,https://patchwork.health/
228064,Lodestar Space Ltd,London,https://www.lodestar.space/
228112,LogicMonitor UK Limited,London,https://www.logicmonitor.com/
228216,London Academy,London,https://www.londonacademy.org.uk/
228217,LONDON ACADEMY FOR APPLIED TECHNOLOGY LTD,Brentford,https://www.laat.ac.uk/
228218,London Academy of Excellence Tottenham,London,https://www.laetottenham.org.uk/
228294,London Capital Credit Union,London,https://credit-union.coop/
228308,London Christian School Ltd,London,https://www.londonchristianschool.com/
228309,LONDON CHURCHILL COLLEGE LTD,London,https://lcc.ac.uk/
228330,London College of Management and Technology London Limited,Hayes,https://www.lcmtlondon.com/
228332,London College of Media Ltd,West Midlands,https://londoncollegeofmedia.com/
228333,London College of Professional Studies Ltd,London,https://lcps.org.uk/
228334,London College of Science & Management LTD,Holborn,https://londoncsm.co.uk/
228345,London De Academy Limited,London,https://www.londondeacademy.co.uk/
228353,LONDON DIGITAL LAB LIMITED,London,https://www.londondigitallab.co.uk/
228369,LONDON EDUCATION MANAGEMENT LTD,LONDON,https://www.londonem.co.uk/
228419,LONDON GLOBAL BUSINESS SCHOOL LTD,LONDON,https://globalbanking.ac.uk/
228449,London Interdisciplinary School,London,https://www.lis.ac.uk/
228459,London Investment Immigration Education Ltd,Hayes,https://www.liie.co.uk/
228478,London Lightworks Ltd,Watford,https://www.londonlight.works/
228499,London Medical Communication Ltd,London,https://www.londonmedcomm.co.uk/
228501,London Medical Laboratory Ltd,London,https://www.londonmedicallaboratory.com/
228506,London Metropolitan University,London,https://www.londonmet.ac.uk/
228507,London Metropolitan University,London,https://www.londonmet.ac.uk/
228515,London Mutual Credit Union Limited,London,https://creditunion.co.uk/
228520,London North West University Healthcare NHS Trust,Harrow,https://www.lnwh.nhs.uk/
228523,London One to One Academy UK LTD,London,https://enfieldotoacademy.co.uk/
228526,London Paragon College Ltd,Acton,https://londonparagoncollege.co.uk/
228583,LONDON SCHOOL ADVICE LTD,LONDON,https://laura-pigorini.squarespace.com/
228584,LONDON SCHOOL OF BUSINESS & COMPUTING LTD,London,https://lsbc.uk/
228585,London School of Business Administration Ltd,London,https://londonsba.org.uk/
228586,London School of Commerce (A Division of St.Piran's School (GB) Limited,London,https://www.lsclondon.co.uk/
228587,London School of Commerce (A Division of St.Piran's School (GB) Limited,London,https://www.lsclondon.co.uk/
228588,London School of Economics and Political Sciences Students' Union,London,https://www.lsesu.com/
228592,LONDON SCHOOL OF LEARNING HUB LTD,London,https://lslh.org.uk/
228596,LONDON SCHOOL OF MEDICAL & HEALTH SCIENCES LIMITED,London,https://lsmhs.co.uk/
228597,London School of Science & Technology Limited,London,https://www.lsst.ac/
228610,London Sivan Kovil Trust,London,https://www.londonsivankovil.org.uk/
228611,London Sivan Kovil Trust,London,https://www.londonsivankovil.org.uk/
228612,London Sivan Kovil Trust,London,https://www.londonsivankovil.org.uk/
228621,London South East Academies Trust,Bromley,https://lseat.org.uk/
228624,London Specialist Pharmacy Ltd,Dagenham,https://specialist-pharmacy.com/
228629,London Spirit (The Hundred) Limited,LONDON,https://www.londonspirit.com/
228632,London Sports Academy Limited,London,https://www.londonsportacademy.co.uk/
228664,LONDON TIGERS,LONDON,https://londontigers.org/
228714,Londonwide Local Medical Committees Limited,London,https://www.lmc.org.uk/
228757,Longfellow Road Dental Practice,Coventry,https://longfellowdental.co.uk/
228773,Longridge Towers School,Berwick-upon-Tweed,https://lts.org.uk/
228774,Longroyde Primary School,BRIGHOUSE,https://www.longroyde.org.uk/
228843,Lord Barnard t/a Raby Estates,Darlington,https://www.raby.co.uk/
228847,Lord Wandsworth College,Hook,https://www.lordwandsworth.org/
228848,Lord Wandsworth College,Hook,https://www.lordwandsworth.org/
228865,Loretto School Ltd,Musselburgh,https://www.loretto.com/
228866,Loretto School Ltd,Musselburgh,https://www.loretto.com/
228895,Lote Global Investment Ltd,Leicester,https://loteglobal.com/
229001,Louver-lite Limited,Hyde,https://www.louvolite.com/
229014,Love Electric Financial Services Ltd,Edinburgh,https://www.loveelectric.cars/
229021,love Lane Nursery &Pre-school,Mitcham,https://lovelanenursery.co.uk/
229025,Love My Human Ltd,London,https://www.lovemyhuman.co.uk/
229033,Love to Care Home Care Norfolk Ltd,Norwich,https://norfolkprimarycare.com/
229039,Love Utility Services Limited,Omagh,https://loveutilityservices.com/
229066,Lovesmile Dental,Liverpool,https://www.lovesmile.co.uk/
229069,LOVEUK EDUCATION. LTD,Birmingham,https://www.loveuk-education-consultancy.co.uk/
229123,Loxford School Trust Limited,Ilford,https://www.loxfordschooltrust.net/
229140,LOYALTY FINANCIAL SOLUTIONS LIMITED,Cambridge,https://loyaltysolution.co.uk/
229229,LSI Education,London,https://www.lsi.edu/
229230,LSI Education,London,https://www.lsi.edu/
229241,LSY Engineering Consultants LTD,London,https://lsyconsultants.com/
229250,LTC Healthcare,Boroughbridge,https://ltchealthcare.co.uk/
229326,Lucks Yard Clinic,Godalming,https://www.lucksyardclinic.com/
229373,Lucy Cavendish College,Cambridge,https://www.lucy.cam.ac.uk/
229374,Lucy Cavendish College,Cambridge,https://www.lucy.cam.ac.uk/
229375,Lucy Cavendish College,Cambridge,https://www.lucy.cam.ac.uk/
229380,Luddon Construction Limited,Glasgow,https://luddon.co.uk/
229383,Ludgrove School Trust  LTD,Wokingham,https://www.ludgrove.net/
229404,Lukka Care Homes (2010) Limited t/a Ashton Lodge Care Home,London,https://akaricare.co.uk/
229434,Lumico Digital Limited,Lee-on-the-Solent,https://www.lumico.io/
229449,Luminate Education Group,Leeds,https://luminate.ac.uk/
229583,Luvia Digital Ltd,Milton Keynes,https://www.luvia.co.uk/
229596,LUX MUNDI CATHOLIC ACADEMY TRUST,London,https://luxmundi.co.uk/
229613,Luxe Travel & Lifestyle Management Ltd,Birmingham,https://www.luxe-travel-lifestyle.com/
229625,LUXOFT FINANCIAL SERVICES UK LIMITED,London,https://www.luxoft.com/
229626,LUXOFT FINANCIAL SERVICES UK LIMITED,London,https://www.luxoft.com/
229704,Lyca Health Canary Wharf Ltd,London,https://lycahealth.com/
229721,Lyfta Education Limited,Warwick,https://www.lyfta.com/
229740,Lynch Hill School Primary Academy,Slough,https://www.lhsprimaryacademy.org.uk/
230270,MAA Trading LTD T/A Drayton Prime Pharmacy,Portsmouth,https://draytonprime.co.uk/
230351,Maccaferri Ltd,Long Hanborough,https://www.maccaferri.com/
230352,Macclesfield Day Nursery,MACCLESFIELD,https://www.macclesfielddaynursery.co.uk/
230451,MACRO FOOD CENTRE LTD,London,https://macrofoodcentre.com/
230561,MADINA KITCHENS LTD,Birmingham,https://madinakitchens.co.uk/
230635,Magdalen College School Brackley Academy Trust,Brackley,https://www.magdalen.northants.sch.uk/
230636,Magdalen Court School,Exeter,https://www.magdalencourt.org/
230639,Magdalene College in the University of Cambridge,Cambridge,https://www.magd.cam.ac.uk/
230645,Magee Equine Ltd,Wiltshire,https://www.magee-equine.com/
230646,Magellan Aerospace (UK) Ltd,Wrexham,https://magellan.aero/
230647,Magellan Aerospace (UK) Ltd,Wrexham,https://magellan.aero/
230665,Magic Life Limited,London,https://magiclifeuk.com/
230674,Magic Sparks Nursery,Luton,https://magicsparksnursery.co.uk/
230885,Maiden Erlegh Trust,Earley,https://www.maidenerleghtrust.org/
230920,Mainmark Ground Engineering (UK),Milton Keynes,https://mainmark.co.uk/
231085,MAL CONTRACTORS (CIVIL ENGINEERING) LTD,London,https://www.malcontractors.co.uk/
231189,Malmin Healthcare Ltd,Hartlepool,https://malmin.co.uk/
231219,Malvern Theatres Trust Ltd,Malvern,https://malvern-theatres.co.uk/
231512,Mann Williams Ltd,Bath,https://www.mannwilliams.co.uk/
231520,Manna-Seh Childcare And Education Limited,Welling,https://manna-sehchildcare.co.uk/
231729,Mar-Train Heavy Haulage Ltd,Lisburn,https://www.martrainhaulage.com/
231737,Marah Ltd T/A Maple Dental Clinic,Luton,https://www.mapledentalclinic-luton.co.uk/
231863,Maria Montessori Ltd T/A Maria Montessori Nursery School,London,https://www.mariamontessori.co.uk/
231864,Maria Montessori Nursery Limited T/A Maria Montessori Nursery School,London,https://www.mariamontessori.co.uk/
231868,Maria Stolbova's Rhythmic Gymnastics Academy LLP,London,https://www.centrum-gymnastics.com/
231885,Mariana UFP LLP,London,https://marianaufp.com/
231914,Marine Capital Limited,London,https://www.marine-capital.co.uk/
231915,MARINE DENTAL PRACTICE LIMITED,Worthing,https://marinedentalpractice.co.uk/
231923,Marine Procurement Ltd,North Berwick,https://marineprocurement.com/
231931,Marine Technical Limits Limited,Kintore,https://technical-limits.com/
231955,Marisco Medical Practice,Mablethorpe,https://www.mariscomedicalpractice.com/
231959,Maritime + Engineering College North West (trading as the Engineering College),Birkenhead,https://theengineeringcollege.co.uk/
231967,Maritime Insights & Intelligence Limited t/a Lloyd's List Intelligence,London,https://www.lloydslistintelligence.com/
231982,Marjorie McClure School,Chislehurst,https://www.marjoriemcclure.co.uk/
232053,MARKET SQUARE DENTAL LTD,Bicester,https://marketsqdental.co.uk/
232056,Market Street Dental Care,Nottingham,https://msdental.co.uk/
232122,Marlborough Clinic Belfast Ltd,Belfast,https://www.marlboroughclinicbelfast.com/
232158,MARMARIS KEBAB (ABERDEEN) LIMITED,Aberdeen,https://www.marmarisaberdeen.co.uk/
232159,Marmaris Whitehaven Limited,Whitehaven,https://marmariswhitehaven.com/
232200,MARS DIGITAL SOLUTIONS LTD,Manchester,https://marsdigitalsolution.co.uk/
232266,Marshmallow Technology Ltd,London,https://www.marshmallow.com/
232286,Martha Trust Hereford Ltd,Hereford,https://www.marthatrusthereford.co.uk/
232325,Martley Capital Real Estate Investment Management Ltd,London,https://www.martleycapital.com/
232421,MARYSVILLE MEDICAL PRACTICE,SHREWSBURY,https://www.marysville.co.uk/
232632,MATBEN CONSTRUCTION INTERIOR AND CLEANING SERVICES LTD,DAGENHAM,https://matbenconstruction.co.uk/
232646,Mater Christi Multi-Academy Trust,Ulverston,https://mater-christi.com/
232705,Matravers School,Westbury,https://www.matravers.wilts.sch.uk/
232707,Matrix Academy Trust,Walsall,https://www.matrixacademytrust.co.uk/
232911,Maxis GBN,London,https://maxis-gbn.com/
232995,Maycast-Nokes Precision Engineering Ltd,Halstead,https://www.maycast.co.uk/
233048,Mayflower Medical Centre,Harwich,https://www.mayflowermedicalcentre.co.uk/
233191,MBS Survey Software Ltd,STEYNING,https://www.mbs-software.co.uk/
233246,McCann Erickson Advertising Ltd,London,https://mccann.com/
233257,McCarthy Denning Limited,:London,https://mccarthydenning.com/
233289,McDermott Marine Construction Limited,London,https://www.mcdermott.com/
233290,McDermott Marine Construction Limited,London,https://www.mcdermott.com/
233293,McDev Healthcare Ltd,Rotherham,https://mcdevhealthcare.co.uk/
233306,McFarland Consulting Ltd,Belfast,https://mcfarlandconsulting.co.uk/
233308,McFarlane Trust Ltd.,Paisley,https://mcfarlanetrust.org/
233441,MD Tech & Management Ltd,London,https://mdtechandmanagement.co.uk/
233457,MDI Networks Limited,Portsmouth,https://mdinetworks.com/
233554,MEC Industrial Engineering LTD,Usk,https://www.mec-engineering.co.uk/
233561,Mech-Tool Engineering Limited,Darlington,https://mechtool.co.uk/
233562,Mecha Engineering Limited,"Slough, England",https://www.mecha.technology/
233565,Mechanical Installation & Maintenance (NI) Limited,Londonderry,https://www.mim-ni.com/
233584,Med-E-Tech Ltd,Walton-on Theme,https://med-e-tech.com/
233590,Medaille Trust,Salford,https://www.medaille-trust.org.uk/
233618,Medefine Education Group LTD,London,https://www.medefine.org/
233621,Medevice Digital Ltd.,Cambourne,https://medevice.co.uk/
233650,Media Finance Capital Limited,London,https://www.mediafinancecapital.com/
233709,Medical Defence Shield,Bedford,https://mdsuk.org/
233710,Medical Diagnosis Limited,London,https://www.medical-diagnosis.co.uk/
233721,Medical Record Collation Limited,Altrincham,https://www.mrcgroup.uk/
233730,MediCare Pharmacy Group,Belfast,https://medicare-group.com/
233731,MediCare Pharmacy Group,Belfast,https://medicare-group.com/
233734,MEDICASIMPLE HEALTHCARE TECHNOLOGIES LIMITED,London,https://www.medicasimple.com/
233763,Medicom Healthcare Limited,London,https://www.medicomhealthcare.com/
233772,MEDICUS HEALTH LIMITED,London,https://medicus.health/
233801,Medina Islamic Educational & Cultural Centre,Windsor,https://medinaicwindsor.co.uk/
233802,MEDINA MOSQUE TRUST OF EDINBURGH,Edinburgh,https://roxburgh-street-masjid.co.uk/
233807,Medinova healthcare Ltd,HOUNSLOW,https://www.medinovahealthcare.co.uk/
233821,Mediservices Healthcare Limited,Redditch,https://mediservices.healthcare/
233823,Mediso Medical Imaging Systems UK Limited,Farnborough,https://www.mediso.uk/
233919,Meet Life Sciences Limited,London,https://www.meetlifesciences.com/
233921,Meet The Baby Ltd,Warrington,https://www.meetthebaby.co.uk/
233963,Megan Mechanical Services Ltd,Yateley,https://www.megan-mechanical.co.uk/
233984,MEGRON TECH LIMITED,SWINDON,https://www.megrontech.co.uk/
234082,Melrose Medical Centre Limited,"Billingham, Cleveland",https://www.melrosemedicalcentre.co.uk/
234084,Melru Healthcare Limited,Birmingham,https://melruhealthcare.co.uk/
234096,Melton Mowbray Building Society,Melton Mowbray,https://www.themelton.co.uk/
234111,Memoirz LTD,Birmingham,https://memoirz.co.uk/
234115,Memorial Medical Centre,Sittingbourne,https://www.memorialmedicalcentre.co.uk/
234119,Memory Lane (North Shields) Ltd,London,https://www.memorylanecarehomes.co.uk/
234154,Menorah grammar School,Edgware,https://www.menorahgrammar.org/
234155,MENORAH HIGH SCHOOL FOR GIRLS,LONDON,https://menorahhigh.com/
234198,MERAJ POLYXT LTD (15445093),Manchester,https://polyxt.co.uk/
234210,Merc Education UK LTD,London,https://mercuk.com/
234213,Mercantile Trust Limited,Watford,https://www.mercantiletrust.co.uk/
234257,"Merchiston Surgery, part of Wyvern Health Partnership",Swindon,https://www.merchistonsurgery.co.uk/
234357,Meridien Modena Limited,Lyndhurst,https://www.meridien.co.uk/
234404,Merridale Medical Centre,Leicester,https://www.merridalemedicalcentre.co.uk/
234408,Merry Poppets Nursery Ltd,Henlow,https://www.merrypoppets.co.uk/
234426,Merstow Green Medical Practice,Evesham,https://www.merstowgreenmedicalpractice.co.uk/
234575,Methods Business and Digital Technology,London,https://www.methods.co.uk/
234601,METREA MANAGEMENT LIMITED,London,https://www.metrea.aero/
234619,METRO BANK PLC,LONDON,https://www.metrobankonline.co.uk/
234787,MGL Healthcare Limited,Maidstone,https://www.mgl-healthcare.co.uk/
234867,MHT Technology Limited,Richmond,https://www.mht-technology.co.uk/
234945,Michael Boles t/a Largs Chiropractic Clinic,Largs,https://www.largschiropractic.co.uk/
235068,Mid and South Essex NHS Foundation Trust,Southend On Sea,https://www.mse.nhs.uk/
235076,Mid Ulster Health Care,Dungannon,https://www.mid-ulster-health-care.co.uk/
235077,Mid Yorkshire Teaching NHS Trust,Wakefield,https://www.midyorks.nhs.uk/
235079,MID-VIEW HEALTHCARE LTD,Birmingham,https://www.mid-viewhealthcare.co.uk/
235122,Middleton Cricket Club,Manchester,https://www.middletoncc.co.uk/
235197,Midmar Capital LLP,EDINBURGH,https://midmarcapital.com/
235313,MILAP FESTIVAL TRUST,LIVERPOOL,https://milap.co.uk/
235314,MILAP FESTIVAL TRUST,LIVERPOOL,https://milap.co.uk/
235322,MILDCARE LTD (LINCOLN PHARMACY),London,https://lincolnpharmacy.co.uk/
235355,Milestones Trust,Bristol,https://www.milestonestrust.org.uk/
235513,Milton Keynes Chiropractic Clinic Ltd,Milton Keynes,https://www.mkbackpain.com/
235519,Milton Keynes Murugan Temple Trust (CIO),Milton Keynes,https://miltonkeynesmurugantempletrust.com/
235520,Milton Keynes Museum Trust Ltd,Milton Keynes,https://miltonkeynesmuseum.org.uk/
235631,Mine Tech Services UK Limited,Halton,https://www.minetechservices.com/
235746,MINSTER COMPUTER SYSTEMS LIMITED,Lichfield,https://www.minsterwms.com/
235981,Mistev Export Health Certification Limited,Edinburgh,https://mistevehc.co.uk/
236014,Mithaas Pure Vegetarian Restaurant,Leicester,https://www.mithaas.co.uk/
236063,Mitsubishi UFJ Asset Management (UK) Ltd.,London,https://www.uk.am.mufg.jp/
236064,Mitsubishi UFJ Asset Management (UK) Ltd.,London,https://www.uk.am.mufg.jp/
236309,MLT Digital Ltd,Glasgow,https://www.mltdigital.co.uk/
236327,MM Nurseries Ltd T/A Maria Montessori Nursery School,Hertfordshire,https://www.mariamontessori.co.uk/
236544,Mobility Cyber Labs Ltd,Milton Keynes,https://www.mobilitycyberlabs.com/
236850,Monarch Medical Group Ltd,Chester,https://monarchmedicalgroup.co.uk/
236886,Mondrian Investment Partners Limited,London,https://www.mondrian.com/
236900,Moneyhub Financial Technology Ltd,Bristol,https://moneyhub.com/
236936,"Monkey Puzzle Day Nursery, Surbiton",Surbiton,https://monkeypuzzlesurbiton.co.uk/
236937,Monkey Puzzle Stoke Newington Day Nursery,London,https://monkeypuzzlestokenewington.co.uk/
236945,Monkton Combe School,Bath,https://www.monktoncombeschool.com/
236946,Monkton Combe School,Bath,https://www.monktoncombeschool.com/
236957,Monocle Solutions Ltd,London,https://www.monocle.co.uk/
237022,MONTE Global Asset Management Limited,London,https://www.montam.co.uk/
237160,Moor and Coast Ltd,Whitby,https://moorandcoastcare.co.uk/
237179,Moore Kingston Smith LLP,London,https://mooreks.co.uk/
237185,Moorfields Eye Hospital NHS foundation Trust,London,https://www.moorfields.nhs.uk/
237196,Moorlands College,Christchurch,https://www.moorlands.ac.uk/
237198,Moorlands Learning Trust,Ilkley,https://www.moorlandslearningtrust.co.uk/
237248,More House School,Farnham,https://morehouseschool.co.uk/
237291,Morgan Sindall Construction & Infrastructure Ltd,Rugby,https://www.morgansindallconstruction.com/
237317,Morley Chiropractic Clinic,Leeds,https://morleychiropractorclinic.com/
237343,Morocex Limited,London,https://www.morocex.com/
237529,Moto-Tech Fleet Servicing Ltd,Bristol,https://moto-tech.co.uk/
237575,Motrac Race Engineering Ltd,Chester,https://www.motrac-racing.com/
237576,Motrac Research Engineering Ltd,Chester,https://www.motracresearch.com/
237589,Moulsham residential Home (chelmsford) Limited,chelmsford,https://moulshamcarehome.co.uk/
237598,Mount Digital Solutions Limited,Manchester,https://www.mountdigital.co.uk/
237605,Mount House School Ltd,London,https://www.mounthouse.org.uk/
237618,MOUNT SCHOOL (YORK) (THE),York,https://www.mountschoolyork.co.uk/
237735,Moyola Precision Engineering,Magherafelt,https://www.moyola.com/
238440,MST Ltd - Marine Specialised Technology Ltd,Bromborough,https://www.mstltd.com/
238468,MTC Engineering (Cambridge) Limited,Cambridge,https://www.mtcengineering.co.uk/
238475,MTech Engineering & Design Solutions Ltd.,AUGHNACLOY,https://www.mtecheds.co.uk/
238509,MTS Healthcare,Basildon,https://mtshealthcare.co.uk/
238549,MUDUK INVESTMENT LIMITED,LONDON,https://mudukinvestment.co.uk/
238560,"MUFG Bank, Ltd.",London,https://www.mufgemea.com/
238561,"MUFG Bank, Ltd.",London,https://www.mufgemea.com/
238562,"MUFG Bank, Ltd.",London,https://www.mufgemea.com/
238573,Mughal Driving School Ltd,Derby,https://mughaldrivingschool.com/
238592,Muhammad Tahir Khokhar Trading as Polegate Dental Practice,Polegate,https://polegatedental.co.uk/
238599,MUHAMMADI TRUST OF GREAT BRITAIN AND NORTHERN IRELAND,LONDON,https://muhammaditrust.com/
238633,Mulberry Dental Practice,Penrith,https://mulberrydentalpractice.co.uk/
238635,Mulberry Home Care Services Ltd,Weybridge,https://mulberryhomecareservices.uk/
238637,Mulberry Schools Trust,London,https://mulberryschoolstrust.org/
238653,Mullally Dental Practice Limited,London,https://mullallydentalpractice.com/
238788,Mundo Livre Digital Ltd,Warwick,https://www.mundolivre.digital/
238842,Murray Health Care Ltd,Leicester,https://www.murrayhealthcareservices.com/
238873,Museum of East Asian Art,Bath,https://meaa.org.uk/
238915,Muslim World League London Office Trust,London,https://www.mwllo.org.uk/
238916,Muslim World League London Office Trust,London,https://www.mwllo.org.uk/
238917,Muslim World League London Office Trust,London,https://www.mwllo.org.uk/
238942,Mustard Seeds Educational Ltd,Merton District,https://en.mustard-seeds.net/
239586,NALA PAYMENTS LIMITED,London,https://www.nala.com/
239587,NALA PAYMENTS LIMITED,London,https://www.nala.com/
239617,NAMASTE NEPALESE CUISINE LTD,Maidstone,https://namastecuisine.co.uk/
239626,Named Model Management Limited,London,https://www.namedmodels.com/
239648,Nana's Cafe Limited,London,https://www.nanacafe.co.uk/
239703,Nanosoft Tech Ltd,London,https://www.nanosoft.uk/
239712,Nant-y-Cwm Steiner School Ltd,Nr Clynderwen,https://nant-y-cwm.co.uk/
239827,NASSH HEALTHCARE LTD,DERBY,https://www.nasshhealthcare.co.uk/
239857,National Art Collections Fund,London,https://www.artfund.org/
239866,NATIONAL BANK OF EGYPT (UK) LIMITED,LONDON,https://www.nbeuk.com/
239867,NATIONAL BANK OF EGYPT (UK) LIMITED,LONDON,https://www.nbeuk.com/
239887,National Counties Building Society,Epsom,https://www.ncbs.co.uk/
239888,National Counties Building Society,Epsom,https://www.ncbs.co.uk/
239895,National Education Group Ltd,Sheffield City Centre,https://nationaleducationgroup.com/
239904,National Foundation for Educational Research in England & Wales,Berkshire,https://www.nfer.ac.uk/
239914,National Institute of Economic and Social Research,London,https://niesr.ac.uk/
239988,Nationwide Prestige Service Trading as Pepes Piri Piri,Bedford,https://pepes.co.uk/
239997,Native AI Ltd,London,https://native.com/
240002,NATIVE FINANCIAL SERVICES LTD,Hayes,https://nativefs.co.uk/
240020,Natta Building Company Limited,Farnham,https://natta.co.uk/
240095,Navagrace Limited Trading as Castle Graig Nursing & Residential Home,Swansea,https://www.castlegraig.com/
240132,Navigate Digital,London,https://www.navigatedigital.com/
240141,NAViGO Health and Social Care CIC,GRIMSBY,https://www.navigocare.co.uk/
240170,Navyred Technology and Ecommerce Ltd,London,https://www.navyred.co.uk/
240216,Nazareth Care Charitable Trust,London,https://nazarethcare.org/
240253,nbm Construction Cost Consultants Limited,Glasgow,https://www.nbm.bz/
240263,NCC EDUCATION LIMITED,Manchester,https://www.nccedu.com/
240267,NCC Mechanical Services Ltd,Chelmsford,https://nccmechanicalservices.co.uk/
240273,NCG Higher Education Centre Limited,Newcastle-Upon-Tyne,https://www.ncgrp.co.uk/
240284,NCM FINANCIAL UK LTD,London,https://www.ncm-uk.com/
240310,Ndima Healthcare,Peterborough,https://ndimahealthcare.co.uk/
240314,NDL Software Ltd,WETHERBY,https://www.ndl.co.uk/
240359,NEC Europe Ltd,Uxbridge,https://uk.nec.com/
240361,"NEC Telecom MODUS, Ltd",Leatherhead,https://careers.nec.com/
240362,"NEC Telecom MODUS, Ltd",Leatherhead,https://careers.nec.com/
240409,NEEM DENTAL PRACTICE LTD T/A NEEM DENTAL CLINIC,Harrow,https://neemdentalclinic.co.uk/
240423,NEFirst Credit Union Ltd,Stanley,https://www.nefirstcu.co.uk/
240467,Nelson Medical Practice,Nelson,https://www.nelsonmedicalpractice.co.uk/
240513,NeoHealthHub Limited,Nottingham,https://neohealthhub.com/
240515,Neolife Health System Ltd,Leeds,https://www.neolifehealthsystem.com/
240518,Neon Black Ltd,London,https://neonblack.co/
240567,NEPTUNE ENGINEERING CO LTD,Stevenage,https://www.neptune-eng.co.uk/
240832,Nevastar Finance Ltd,London,https://www.nevastar.com/
240843,NEVSAH ACADEMY LTD,London,https://nevsah.co.uk/
241092,NEW LINE CONSTRUCTION LTD,London,https://newlineconstruction.co.uk/
241124,New Model Institute for Technology and Engineering,Hereford,https://nmite.ac.uk/
241175,NEW RIVER TRUST,Haringey,https://www.nrr.co.uk/
241180,New School Represents Limited,London,https://www.newschoolrepresents.com/
241181,New School Represents Limited,London,https://www.newschoolrepresents.com/
241219,New Time Construction Ltd,Wolverhampton,https://www.newtimeconstruction.co.uk/
241223,New Town Dental Care,Edinburgh,https://www.newtowndentalcare.co.uk/
241231,New Video Frontiers Ltd (VideoWeek),London,https://newvideofrontiers.com/
241281,NEWBOLD COLLEGE,BRACKNELL,https://www.newbold.ac.uk/
241282,NEWBOLD COLLEGE,BRACKNELL,https://www.newbold.ac.uk/
241283,NEWBOLD COLLEGE,BRACKNELL,https://www.newbold.ac.uk/
241284,NEWBOLD COLLEGE,BRACKNELL,https://www.newbold.ac.uk/
241295,Newbury Academy Trust,Newbury,https://www.newburyacademytrust.org/
241297,Newbury College,Newbury,https://newbury-college.ac.uk/
241302,Newby Dental Practice,SCARBOROUGH,https://www.newbydentalpractice.co.uk/
241307,Newcastle Accountancy Limited,Newcastle upon Tyne,https://nclaccountancy.co.uk/
241315,Newcastle Clinic Limited,Gateshead,https://newcastleclinic.co.uk/
241321,NEWCASTLE EDUCATION GROUP LTD,Newcastle Upon Tyne,https://newcastleedugroup.com/
241325,Newcastle Marine Services Ltd.,Newcastle Upon Tyne,https://www.ncl-marine.com/
241364,Newdon Health Care Limited,Chesterfield,https://newdonhealthcare.co.uk/
241372,Newfield Medical Group Ltd,Dundee,https://newfieldmedical.co.uk/
241441,NEWMANS BUILDING CONSERVATION LIMITED,Bath,https://www.newmansofbath.co.uk/
241461,Newpath Social Care Ltd,Corby,https://www.newpathsocial.co.uk/
241466,Newport Health Centre,Isle of Wight,https://newporthealthcentre.co.uk/
241512,Newslease Ltd T/A Trinity Court Nursing Home,Tooting,https://www.trinitycourtnursinghome.com/
241532,newtech intelligent automation ltd,BEDFORD,https://newtech-ltd.co.uk/
241540,Newton Co-Educational Preparatory School,London,https://www.newtonprepschool.co.uk/
241546,Newton Ground Engineering Ltd,Newtownards,https://www.thecabgroup.com/
241556,Newtown Dental Practice,Birmingham,https://www.newtowndental.co.uk/
241581,Nexer Digital Ltd,Macclesfield,https://www.nexerdigital.com/
241593,nexos solutions limited,Aberdeen,https://nexos.solutions/
241603,NEXT DAY ENGINEERING LTD,Romford,https://www.ndeparts.co.uk/
241614,Next Geosolutions UKCS Limited,Norwich,https://www.nextgeo.eu/
241634,Next Steps Mental Health Limited,Sale,https://nextstepsmentalhealth.co.uk/
241635,Next Steps Supported Living Limited,Leicester,https://www.nextstepssupportedliving.co.uk/
241653,Nextgen Automation Limited,Manchester,https://www.nextgen-technology.com/
241655,Nextgen Chip Design Limited,Salisbury,https://nextgen-chipdesign.com/
241659,Nextgen Technology Limited,Wokingham,https://www.nextgen-technology.com/
241663,NextLevel Pro Ltd  t/a Guard dog Digital,Ipswich,https://guarddogdigital.com/
241753,nGAGE Talent UK Employees Limited,London,https://www.ngagetalent.com/
241797,NHS Ayrshire and Arran,Kilmarnock,https://www.nhsaaa.net/
241805,NHS Dumfries & Galloway,Dumfries,https://www.nhsdg.co.uk/
241809,NHS Forth Valley,Falkirk,https://nhsforthvalley.com/
241811,NHS Grampian,Aberdeen,https://www.nhsgrampian.org/
241813,NHS Greater Manchester Integrated Care,Manchester,https://gmintegratedcare.org.uk/
241815,NHS Kent and Medway ICB,Maidstone,https://www.kentandmedway.icb.nhs.uk/
241822,NHS North East London Integrated Care Board (ICB),London,https://northeastlondon.icb.nhs.uk/
241827,NHS Shetland,Lerwick,https://www.nhsshetland.scot/
241828,NHS SOUTH EAST LONDON INTEGRATED CARE BOARD,London,https://www.selondonics.org/
241832,NHS Wales Shared Services Partnership,Cardiff,https://nwssp.nhs.wales/
241977,Nightingale Hammerson,London,https://nightingalehammerson.org/
241979,Nightingale Home Care (Scotland) Ltd,Falkirk,https://nightingalehomecare.co.uk/
242288,Nityo Infotech Ltd,Reading,https://www.nityo.com/
242291,Nium Fintech Ltd,London,https://www.nium.com/
242586,Nomura Asset Management UK Limited,London,https://www.nomura-asset.co.uk/
242587,Nomura Asset Management UK Limited,London,https://www.nomura-asset.co.uk/
242614,Noodle Nova Ltd,London,https://noodlenova.co.uk/
242656,Noorco Ltd,Windsor,https://noorco.uk/
242682,Nord Anglia Education Ltd,London,https://www.nordangliaeducation.com/
242683,Nord Anglia Education Ltd,London,https://www.nordangliaeducation.com/
242693,Nordea Bank ABP,London,https://www.nordea.com/
242721,Norfolk and Norwich University Hospitals NHS Foundation Trust,Norwich,https://www.nnuh.nhs.uk/
242722,Norfolk and Suffolk  NHS Foundation Trust,Norwich,https://www.nsft.nhs.uk/
242730,Norfolk Square Dental Practice,Brighton,https://www.nsqdentalpractice.co.uk/
242731,NORFOLK STREET PHARMACY,STOKE ON TRENT,https://norfolkstreetpharmacy.co.uk/
242745,NORHAM HIGH SCHOOL,North Shields,https://www.norhamhigh.org/
242751,Norland Place School Limited,London,https://www.norlandplace.com/
242807,North Bristol NHS Trust,Bristol,https://www.nbt.nhs.uk/
242816,North Croydon Medical Centre,Croydon,https://www.northcroydonmedicalcentre.co.uk/
242817,North Cumbria Integrated Care NHS Foundation Trust,Carlisle,https://www.ncic.nhs.uk/
242818,North Cumbria Primary Care Ltd,Carlisle,https://www.primarycarenorthcumbria.co.uk/
242822,North East Ambulance Service NHS Foundation Trust,Newcastle upon Tyne,https://www.neas.nhs.uk/
242842,North Heath Care Home Ltd t/a Heathfield Court Care Home,Erith,https://carebase.org.uk/
242887,North Road Academy Limited,Stoke on Trent,https://www.northroadacademy.com/
242897,NORTH SEA PHARMA LTD,London,https://northseapharma.co.uk/
242903,North Staffordshire Combined NHS Trust,Stoke-on-Trent,https://www.combined.nhs.uk/
242923,North west Ambulance Service NHS Trust,Bolton,https://www.nwas.nhs.uk/
242943,North Wind Digital Limited,East Cowes,https://www.northwind.digital/
242953,Northampton Free School Trust t/a Wootton Park School,Northampton,https://woottonparkacademytrust.org.uk/
242955,Northampton High School,Northampton,https://www.northamptonhigh.co.uk/
242958,Northampton School for Girls Academy Trust,Northampton,https://www.nsg.northants.sch.uk/
242964,Northamptonshire Children's Trust,Northampton,https://nctrust.co.uk/
242967,Northamptonshire Healthcare NHS Foundation Trust,Kettering,https://www.nhft.nhs.uk/
242972,Northbourne Park School,Near Deal,https://www.northbournepark.com/
242975,Northbury Primary School,Barking,https://www.northburyprimary.co.uk/
242977,Northchild Education (UK) Ltd,London,https://www.northchild.com/
243001,Northern Bank Limited,Belfast,https://danskebank.co.uk/
243004,Northern Care Alliance NHS Foundation Trust,Salford,https://www.northerncarealliance.nhs.uk/
243035,Northern Leaders Trust,Newcastle Upon Tyne,https://northernleaderstrust.org/
243038,Northern Lincolnshire & Goole NHS Foundation Trust,Grimsby,https://www.nlg.nhs.uk/
243049,Northern School of Contemporary Dance,Leeds,https://www.nscd.ac.uk/
243050,Northern School of Contemporary Dance,Leeds,https://www.nscd.ac.uk/
243070,Northgate Healthcare Holdings Limited,Bridgnorth,https://northgatehealthcare.co.uk/
243071,NORTHGATE HEALTHCARE LIMITED,Bridgnorth,https://northgatehealthcare.co.uk/
243073,Northgate Medical Practice G82060,Canterbury,https://www.northgatemedicalpractice.com/
243103,Northstar Consultancy Ltd,London,https://www.northstarconsultancy.com/
243176,Norwich City College of Further and Higher Education t/a City College Norwich,Norwich,https://www.ccn.ac.uk/
243180,Norwich High School for Girls,Norwich,https://www.norwichhigh.gdst.net/
243183,Norwich School,Norwich,https://www.norwich-school.org.uk/
243184,Norwich School,Norwich,https://www.norwich-school.org.uk/
243186,Norwich University of the Arts,Norwich,https://norwichuni.ac.uk/
243188,Norwood Grange Care Home,Sheffield,https://www.norwoodgrange.co.uk/
243242,Notting Hill Preparatory School Limited,London,https://www.nottinghillprep.com/
243271,Nottingham Playhouse Trust Ltd,Nottingham,https://nottinghamplayhouse.co.uk/
243272,Nottingham Playhouse Trust Ltd,Nottingham,https://nottinghamplayhouse.co.uk/
243279,NOTTINGHAM TEXTILES GROUP LTD,NOTTINGHAM,https://www.nt-group.net/
243286,Nottingham Wildcats Community Basketball and Sports Trust,Nottingham,https://nottinghamwildcats.com/
243290,Nottinghamshire Healthcare NHS Foundation Trust,Nottingham,https://www.nottinghamshirehealthcare.nhs.uk/
243300,Noumed Life Sciences Limited,Maidenhead,https://www.noumed.com/
243325,Nova Education Trust,Nottingham,https://www.novaeducationtrust.net/
243329,NOVA HEALTHCARE SERVICES LIMITED,Uxbridge,https://novahc.co.uk/
243357,NovalGen Ltd,Northwood,https://novalgen.com/
243368,Novapharma Limited T/A North End Pharmacy,West Kensington,https://northendpharmacy.co.uk/
243380,Novatum Tech Limited,London,https://novatumtech.uk/
243381,NOVATUM TECH LIMITED,London,https://novatumtech.uk/
243396,Novi Digital Limited,Lancaster,https://novi.digital/
243401,Novidea Limited,London,https://novidea.com/
243409,Novo Dental Limited,London,https://www.novodental.co.uk/
243760,Nursery Village Limited,Bristol,https://www.nurseryvillage.co.uk/
243943,O'Neill Engineering Consultancy Limited,High Wycombe,https://oneilleng.co.uk/
243984,Oak Healthcare Holding Ltd,Brierley Hill,https://www.oakhealthcare.co.uk/
243986,Oak Hill Theological College,London,https://www.oakhill.ac.uk/
243987,Oak Hill Theological College,London,https://www.oakhill.ac.uk/
243991,Oak House Dental Practice,Truro,https://www.the-oak-house.com/
244008,OAK TREE PRE-SCHOOL NURSERIES LIMITED,LONDON,https://www.oaktreepreschool.co.uk/
244011,Oak Vale Medical Centre,Liverpool,https://oakvalemedicalcentre.co.uk/
244013,Oak Wood School,Uxbridge,https://www.oakwoodschool.uk/
244039,Oakfield Nursery School Ltd,Altrincham,https://oakfieldnurseryschool.com/
244041,Oakfield Parkonians Cricket Club,Ilford,https://opcc.hitscricket.com/
244050,OAKHAM SCHOOL,OAKHAM,https://www.oakham.rutland.sch.uk/
244051,OAKHAM SCHOOL,OAKHAM,https://www.oakham.rutland.sch.uk/
244054,Oakhill Hotel Limited,Matlock,https://oakhillcromford.co.uk/
244106,Oakminster Healthcare Ltd,Glasgow,https://oakminsterhealthcare.co.uk/
244137,Oakwood Community School,Bagworth,https://www.ocschool.co.uk/
244138,Oakwood Engineering Solutions Ltd,Salford,https://oakwood.global/
244144,Oakwood Resources Limited,London,https://www.oakwoodresources.co.uk/
244177,Oasis Healthcare Limited,Bristol,https://www.oasisworkforcesolutions.com/
244178,Oasis Healthcare Limited,Bristol,https://www.oasisworkforcesolutions.com/
244290,OCCA House Ltd,Oxford,https://theocca.org/
244412,Octophin Digital Limited,London,https://octophindigital.com/
244445,ODE Asset Management Limited,Great Yarmouth,https://www.ode-ltd.co.uk/
244446,ODE Asset Management Limited,Great Yarmouth,https://www.ode-ltd.co.uk/
244493,OEE Container Technology Limited,Carlisle,https://oeecontainertech.com/
244494,OEG MARINE LIMITED,Great Yarmouth,https://www.oeg.group/
247797,Park Dental Studio,Skegness,https://parkdentalstudio.com/
247806,Park Healthcare Ltd,Dorset,https://www.park-healthcare.co.uk/
247814,Park House Medical Centre,Prescot,https://www.parkhousemedicalcentre.co.uk/
247819,Park Lane Dental Group,Sunderland,https://www.parklanedentalgroup.com/
247822,Park Lane Practice,Swindon,https://www.parklanepracticeswindon.nhs.uk/
247837,Park Place Dental Practice,Cardiff,https://www.parkplacedental.co.uk/
247860,PARK VIEW EXPRESS LTD,Leicester,https://parkviewexpress.co.uk/
247861,Park View Gloucester Ltd,Gloucester,https://parkviewgloucester.co.uk/
247869,Park-Vue Dental Practice,Wood Green,https://parkvuedental.co.uk/
247872,Parkanaur Trust,Dungannon,https://parkanaurtrust.org/
247878,Parker Design Engineering Ltd,Garston,https://parker-design.co.uk/
247889,Parkfield Health Care Limited,Leeds,https://parkfieldhealthcare.com/
247892,Parkgate House School Ltd,London,https://www.parkgate-school.co.uk/
247912,Parkol Marine Engineering Ltd.,Whitby,https://parkol.co.uk/
247942,Parkwood Hall Co-operative Academy,Swanley,https://www.parkwoodhall.co.uk/
248061,Pascal Offshore Ltd,Plymouth,https://pascal-offshore.com/
248098,Passion Digital Ltd,London,https://passion.digital/
248121,Passmores Academy,Harlow,https://www.passmoresacademy.com/
248142,Pat&Flo Limited,LONDON,https://patandflocare.co.uk/
248229,PATIALA SERVICES LTD T/A HARRY DRIVING SCHOOL,Uxbridge,https://www.harrydrivingschool.co.uk/
248282,Pattern Trading Ltd,London,https://uk.pattern.com/
248342,PAVE FINTECH LIMITED,London,https://www.paveapp.com/
248437,Paysafe Financial Services Limited,London,https://www.paysafe.com/
248576,PeacePlayers International - Northern Ireland,Belfast,https://peaceplayers.org/
248578,Peach Loves Digital Limited,Southampton,https://www.peachloves.co.uk/
248594,Peak Digital Ltd,Northampton,https://www.peak-digital.com/
248680,Pearson Engineering Ltd,Newcastle upon Tyne,https://www.pearson-eng.com/
248709,PEDANT ESTATES LIMITED,Middlesex,https://www.pedantestates.com/
248722,Peekaboo Limited,Ryde,https://peekaboo.co.uk/
248790,PELICANS MANUFACTURING CO LTD,London,https://pelicans.co.uk/
248901,Pennine Acute Hospitals NHS Trust,Manchester,https://www.penninecare.nhs.uk/
248905,Pennine Care NHS Foundation Trust,Ashton-Under-Lyne,https://www.penninecare.nhs.uk/
248916,Pennon Group,Exeter,https://www.pennon-group.co.uk/
248930,Penrhyn Bay & Deganwy Medical Centre,Penrhyn Bay,https://penrhynbayanddeganwysurgeries.co.uk/
248931,Penrith Building Society,Penrith,https://penrithbs.co.uk/
248976,Pentland Brands plc,London,https://pentlandbrands.com/
248982,Penumbra Asset Finance (UK) Limited,London,https://www.penumbra.finance/
248983,Penumbra Asset Finance (UK) Limited,London,https://www.penumbra.finance/
248996,People Asset Management Ltd,Warrington,https://pamgroup.co.uk/
249003,People Insight Ltd,London,https://peopleinsight.co.uk/
249014,People's Health Trust,London,https://www.peopleshealthtrust.org.uk/
249033,Pepper & Crust Ltd,Batley,https://pepperandcrust.co.uk/
249058,PER4M Asset Management Limited,London,https://www.agora-securities.uk/
249111,Perfect Cover Limited,Crewe,https://www.perfectcovers.co.uk/
249114,PERFECT DIGITAL LTD,London,https://www.perfect.digital/
249139,Perfect Travel Planner Ltd,London,https://perfecttravelplanner.co.uk/
249266,PERSE TECHNOLOGY LIMITED,LONDON,https://www.perse.io/
249287,Persona Education Ltd,Bristol,https://persona-life.com/
249292,Personal Computer Music Ltd,London,https://market.pcmusic.info/
249293,Personal Computer Music Ltd,London,https://market.pcmusic.info/
249329,Perth College,Perth,https://www.perth.uhi.ac.uk/
249333,Perth Physio Clinic Ltd,Perth,https://www.perthphysio.co.uk/
249376,Peter Copsey Engineering Ltd,Witham,https://copseygb.com/
249384,Peter Martin Engineering Ltd,Newry,https://petermartinengineering.com/
249387,Peter Symonds College,Winchester,https://psc.ac.uk/
249460,Petrow Harley Limited,New Malden,https://www.petrow-harley.com/
249539,PGIM FINANCIAL LIMITED,LONDON,https://www.pgim.com/
249540,PGIM FINANCIAL LIMITED,LONDON,https://www.pgim.com/
249648,Phase One Construction (P1-C) Ltd,Kent,https://phase-1.co.uk/
249699,Phileas Fox Nursery School,LONDON,https://www.phileasfoxnursery.com/
249801,Phoenix Health Hub Ltd,Uckfield,https://phoenixhealthhub.co.uk/
249885,PHONE TECH GL1 LTD,Swindon,https://phone-tech.co.uk/
249921,Phosphonics Limited,Wantage,https://www.phosphonics.com/
249949,Phronesis Support Services LTD,Scunthorpe,https://www.phronesissupportservices.co.uk/
249964,Physio & Health Matters Ltd,Knowle,https://physioandhealthmatters.com/
249967,Physio 4 Life,Putney,https://www.physio4life.co.uk/
249983,PHYSIOART Ltd,Birmingham,https://physioart.co.uk/
250083,Picocom Technology Limited,Bristol,https://picocom.com/
250263,Pink Squid,London,https://www.pinksquid.com/
250713,Planful UK Limited,London,https://planful.com/
250722,Planit Software Testing,Reading,https://www.planit.com/
250723,Planit Software Testing,Reading,https://www.planit.com/
250725,Planlogic Software Limited,London,https://planlogic.com/
250797,Platform Support Services Limited,London,https://www.platformsupportservices.com/
250916,Pliant Payments Limited,London,https://www.getpliant.com/
250945,Plum Consulting London LLP,London,https://plumconsulting.co.uk/
250977,PLUS Education,London,https://www.plus-ed.com/
250989,Plus Security Ltd,Southampton,https://www.plussecurity.co.uk/
251010,Plymouth Diocesan Trust,Newton Abbot,https://www.plymouth-diocese.org.uk/
251011,Plymouth Diocesan Trust,Newton Abbot,https://www.plymouth-diocese.org.uk/
251012,Plymouth Education Limited,Plymouth,https://www.plymouthcollege.com/
251040,PMC Construction and Development Services Ltd,Portsmouth,https://pmcconstruction.co.uk/
251068,PNC Financial Services UK Ltd,Haywards Heath,https://www.pnc.com/
251069,PNC Financial Services UK Ltd,Haywards Heath,https://www.pnc.com/
251110,Pod Digital Marketing Two Limited,Lutterworth,https://www.poddigital.co.uk/
251264,Polymer Systems Technology Ltd,HIGH WYCOMBE,https://www.silicone-polymers.com/
251270,Polyskill Learning Centre Limited,Ilford,https://polyskill.co.uk/
251329,Poole High School,Poole,https://poolehigh.co.uk/
251380,Poppy Hill Church of England Multi Academy Trust,Henlow,https://www.poppyhill.org.uk/
251483,Portland College,Mansfield,https://www.portland.ac.uk/
251516,Portofino Technologies UK Limited,Altrincham,https://www.portofino.tech/
251732,PowerX Technology Limited,London,https://powerx.ai/
251738,Powys Teaching Health Board,Brecon,https://pthb.nhs.wales/
251771,PPI Engineering Ltd,Norwich,https://www.ppi-engineering.com/
251958,Precious Support Services Ltd,Leamington Spa,https://www.precioussupportservices.co.uk/
251962,Precis Digital Limited,Hertfordshire,https://www.precis.com/
252082,PREMIER EDUCATION CARE LTD,Birmingham,https://www.premier-education.com/
252108,PREMIER HEALTH PRODUCTS LTD,Coventry,https://www.premier-health.co.uk/
252233,Prepaid Financial Services Limited,London,https://prepaidfinancialservices.com/
252234,Prepaid Financial Services Limited,London,https://prepaidfinancialservices.com/
252235,Prepaid Financial Services Limited,London,https://prepaidfinancialservices.com/
252329,PRESTIGE SOCIAL CARE SERVICES LTD,Leicester,https://prestigescs.co.uk/
252520,Prime Education and Training Ltd t/a Kings Education,Hove,https://www.kingseducation.com/
252823,Private White VC Limited,Salford,https://www.privatewhitevc.com/
252949,ProCare Nursing Agency Ltd,Cardiff,https://procarenursing.co.uk/
253313,Property Partners North London Limited,London,https://www.propertypartnerslondon.com/
296446,Ziehl-Abegg UK Ltd,Chelmsford,https://www.ziehl-abegg.com/
296475,ZILO Technology Limited,London,https://www.zilo.co.uk/
296530,Zircon Tech Ltd,Redditch,https://zircontech.co.uk/
296540,Ziyad Tech Ltd,London,https://www.ziyadtech.com/
296590,ZOHA LONDON LTD,London,https://zohachemical.co.uk/
296609,ZONE SCHOOL OF BUSINESS STUDIES LONDON LTD,"London, England",https://zoneschoollondon.co.uk/
296645,Zopa Bank Limited,London,https://www.zopa.com/
296740,Blessed George Napier Catholic School,Banbury,https://www.blessedgeorgenapier.co.uk/
296756,ELECTRIC4U ELECTRICAL SERVICES LTD,Surbiton,https://electric4u.org/
296831,Camelott Digital Limited,Telford,https://camelott.co.uk/
296859,Flexible Learning School LTD,Birmingham,https://www.flexiblelearning.org.uk/
296867,Hillary Cooper Law Limited,Bromley,https://hillarycooperlaw.co.uk/
296885,London and South East University Group,Greenwich,https://www.gre.ac.uk/
296886,London and South East University Group,Greenwich,https://www.gre.ac.uk/
296957,Broetje-Automation UK Ltd,Sandycroft,https://broetje-automation.de/
297014,Creation Consumer Finance Limited,Solihull,https://www.creation.co.uk/
297015,Creation Consumer Finance Limited,Solihull,https://www.creation.co.uk/
297028,EYELEVEL DRIVING SCHOOL LIMITED,Romford,https://eyeleveldriving.co.uk/
297037,GOSHEN MULTISERVICES UNIVERSAL SUPPORT SERVICES GROUP LTD,DARTFORD,https://goshenmultiservices.com/
297049,IDEALISTIC MORTGAGE SERVICES LTD,FULBOURN,https://idealisticfs.com/
297054,Kent & Medway Mental Health NHS Trust,Maidstone,https://www.kentmedwaymentalhealth.nhs.uk/
297134,A J Digital Management Ltd,London,https://www.ajdigitalmanagement.com/
297149,Explora Haven Training and Support Services Limited,London,https://explorahaven.com/
297194,BEDFORD SQUARE GROUP INTERNATIONAL LTD,London,https://www.bedfordsquaregroup.com/
297205,ELVARIX TECH LTD,Glasgow,https://elvarixtech.co.uk/
297341,Burnley College,Burnley,https://www.burnley.ac.uk/
297348,DMC Electrical (Berkshire)Ltd,Maidenhead,https://dmcgroupuk.com/
297360,High Ground Investment Management LLP,London,https://www.hgim.co.uk/
297425,Bloom Construction Group Ltd,London,https://bloom.construction/
297473,NORTH WEST REGIONAL COLLEGE,LONDONDERRY,https://www.nwrc.ac.uk/
297537,Clark Insurance UK Ltd,Bristol,https://uk.clark.io/
297553,Enigma Clinical Solutions Ltd,Weston-Super-Mare,https://www.enigmaclinicalsolutions.co.uk/
297605,Northern Schools Trust,Liverpool,https://www.northernschoolstrust.co.uk/
297673,EMBS Community College Ltd,Oxford,https://www.embs.ac.uk/
298411,Armadillos Nursery and Preschool,London,https://www.armadillonurseries.co.uk/
298475,Arnot St. Mary CofE Primary School,Liverpool,https://www.arnotstmary.co.uk/
298517,EBN Academy,Birmingham,https://ebnacademy.co.uk/
298521,FONE FIX (NORTH) LTD,Edinburgh,https://fone-fix.com/
298545,Langley Hall Primary Academy Trust,Slough,https://www.lhpa.co.uk/
298694,Old MacDonald's Day Nursery Ltd.,Bovingdon,https://www.oldmacdonaldsdaynursery.co.uk/
298724,Old Vicarage School Trust,Richmond upon Thames,https://www.oldvicarageschool.com/
298750,Oldham Engineering LImited,Sheffield,https://www.oldham-eng.com/
298791,Olive Tree Day Nursery And School Ltd,Croydon,https://www.olivetreedaynurseries.co.uk/
298899,Om Saravanabhava Seva Trust,LONDON,https://www.sharavanababa.org/
298900,Om Saravanabhava Seva Trust,LONDON,https://www.sharavanababa.org/
298901,Om Saravanabhava Seva Trust,LONDON,https://www.sharavanababa.org/
299027,Omnia Learning Trust,Twickenham,https://www.omnialearningtrust.org.uk/
299031,Omnia Support Ltd,Birmingham,https://www.omniasupport.org/
299062,OMRAJ CHILDCARE LTD T/A Monkey Puzzle Day Nursery Walton On Thames,Walton-On-Thames,https://monkeypuzzlewaltononthames.co.uk/
299089,On Field Investment Research LLP,London,https://onfieldresearch.com/
299093,On Line Design & Engineering Limited,IMMINGHAM,https://olguk.com/
299132,OncoSil Medical (UK) Limited,London,https://www.oncosil.com/
299143,ONE Academy Trust,Derbyshire,https://www.oneacademytrust.org.uk/
299329,OneSavings Bank plc,Chatham,https://www.osb.co.uk/
299358,ONGEA CREATIVE LIMITED,LONDON,https://www.ongea.co/
299452,Oodle Financial Services Limited,Manchester,https://www.oodlecarfinance.com/
299493,Open Box Software Limited,Rochester,https://www.openboxsoftware.com/
299494,Open Box Software Limited,Rochester,https://www.openboxsoftware.com/
299521,Open Hydro Ltd,London,https://openhydro.net/
299565,OPENSHAW SUPERSTORE LIMITED,Manchester,https://openshawsuperstore.com/
299668,Optical Fiber Packaging Ltd,Haverhill,https://www.ofpgco.com/
299689,Optima Health and Social Care Ltd,Denton,https://optimahsc.com/
299702,Optimal Industrial Automation Limited,Yate,https://optimal-ltd.co.uk/
299704,Optimal Living (Luton) Ltd,Luton,https://www.optimal-living.co.uk/
299773,Options Technology Limited,London,https://www.options-it.com/
299774,Options Technology Limited,London,https://www.options-it.com/
299785,Optix Software Ltd,York,https://www.optix.co.uk/
299791,Optrak Distribution Software Limited,Ware,https://optrak.com/
299887,Orbis Education and Care,Cardiff,https://www.orbis-group.co.uk/
299900,Orbit Financial Technology Limited,London,https://www.orbitfin.ai/
299904,Orbit iTech Ltd,Birmingham,https://orbititech.com/
299912,Orbital Education Limited,Cheadle Hulme,https://orbital.education/
299913,Orbital Education Limited,Cheadle Hulme,https://orbital.education/
300032,Organic Village Market Limited,Kent,https://www.organicvillagemarket.co.uk/
300120,Oriole Networks Ltd,London,https://oriolenetworks.com/
300123,Orion Access (Equipment) Ltd,Erith,https://orionaccess.co.uk/
300129,ORION CLINICAL SERVICES LIMITED,Merthyr Tydfil,https://www.simbecorion.com/
300130,Orion Education,Chislehurst,https://www.orionedu.org.uk/
300164,Orleans Park School,Twickenham,https://www.orleanspark.school/
300165,Orlen LNG Trading Limited,London,https://orlenlng.com/
300177,Ormiston Rivers Academy,Burnham-on-Crouch,https://ormistonriversacademy.co.uk/
300178,Ormiston Sandwell Community Academy,Oldbury,https://ormistonsandwell.org.uk/
300179,Ormiston Victory Academy,Norwich,https://ormistonvictoryacademy.co.uk/
300262,Orwell Multi Academy Trust,IPSWICH,https://www.omat.org.uk/
300264,Orwell Park School,Ipswich,https://www.orwellpark.co.uk/
300290,Osborne Co-Operative Academy Trust,Stanford-le-Hope,https://osborne.coop/
300309,OSF DIGITAL UK LTD,London,https://osf.digital/
300317,Oshino Lamps (UK) Limited,Nottingham,https://www.oshino-lamps.co.uk/
300419,Otter Ferry Seafish Ltd,Tighnabruaich,https://www.otterferryseafish.com/
300452,OUR FAMILY CARE HOME LIMITED TA Bescot Lodge Care Home,West Midlands,https://akaricare.co.uk/
300457,Our Lady Immaculate Catholic Academies Trust,Northampton,https://www.olicatschools.org/
300458,Our Lady of Bethlehem Abbey Trust,Portglenone,https://bethlehemcistercianfamily.com/
300464,Our Lady of Grace Catholic Academy Trust,London,https://www.olog.org.uk/
300484,Out In Tech Ltd,London,https://outintech.com/
300695,Oxford Diocesan Schools Trust,Wantage,https://www.odst.org.uk/
300736,Oxford International Education & Travel Ltd,London,https://www.oxfordinternational.com/
300745,OXFORD KOREAN CHURCH,OXFORD,https://www.oxfordkoreanchurch.org/
300752,Oxford Medical Products,Witney,https://www.oxfordmedicalproducts.com/
300753,Oxford Medical Simulation,London,https://oxfordmedicalsimulation.com/
300755,Oxford Metrics plc,Oxford,https://oxfordmetrics.com/
300763,OXFORD ONLINE SCHOOL LTD,Oxford,https://www.oxfordonlineschool.org/
300780,Oxford Scholastica Academy Ltd,London,https://www.oxfordscholastica.com/
300781,Oxford School of English,Oxford,https://oxfordschoolofenglish.com/
300812,Oxleas NHS Foundation Trust,Dartford,https://oxleas.nhs.uk/
301090,PACIFIC CONSTRUCTION LIMITED,London,https://pacific-construction.com/
301263,PALABRA.AI LTD,London,https://www.palabra.ai/
301439,PANDA CAPITAL INVESTMENT LTD,London,https://www.ukpandacapital.co.uk/
301473,Pangbourne College,READING,https://www.pangbourne.com/
301474,Pangbourne House Montessori School,London,https://pangbournehouse.com/
301858,Proteotype Diagnostics Ltd,Cambridge,https://proteotype.com/
301918,Provility Software Limited,Aldershot,https://provility.com/
302065,Psycholegal Experts Limited t/a PLE Health,STROUD,https://plehealth.com/
302166,Pulse Business Software Limited,Malmesbury,https://www.pulse-software.co.uk/
302183,Pulsion Technology Ltd,Glasgow,https://www.pulsion.co.uk/
302256,PURE CONSTRUCTION LOGISTICS LTD,Amersham,https://www.pureconstructionlogistics.co.uk/
302445,Putney High School,London,https://www.putneyhigh.gdst.net/
302591,QADRIA TRUST (UK),Birmingham,https://www.qadriatrust.com/
302592,QADRIA TRUST (UK),Birmingham,https://www.qadriatrust.com/
302599,Qalam Academy for Excellence Limited,Paisley,https://qalam-academy.org.uk/
302606,Qargo Tech Limited,London,https://www.qargo.com/
302654,Qdot Technology Ltd,Kidlington,https://qdot.tech/
302939,Quant Insight Ltd,London,https://www.quant-insight.com/
303043,Quartz Digital Ltd,London,https://www.quartz-digital.co.uk/
303106,Queen's Gate School Trust Limited,London,https://www.queensgate.org.uk/
303120,Queens Park Community School Academy Trust,London,https://www.qpcs.brent.sch.uk/
303129,Queens' School,Bushey,https://www.queens.herts.sch.uk/
303145,Queenswood School Limited,Hatfield,https://www.queenswood.org/
303258,Quilliam Marr Accountancy Ltd,Birmingham,https://quilliammarr.co.uk/
303279,Quint Education,London,https://www.quinteducation.co.uk/
303331,Quorum Cyber Security Limited,Edinburgh,https://www.quorumcyber.com/
303332,Quorum Cyber Security Limited,Edinburgh,https://www.quorumcyber.com/
303688,Rabbit Hole Labs Limited,London,https://wonderstudios.com/
303887,Ragus Sugars (Manufacturing) Limited,Slough,https://www.ragus.co.uk/
303934,Railbookers UK Trading Ltd.,London,https://www.railbookers.co.uk/
303954,RAINBOW DAY NURSERY,MORDEN,https://www.rainbow-daynursery.co.uk/
304017,Raise Education & Wellbeing Ltd,Bolton,https://raise-educationandwellbeing.co.uk/
304332,RANDALL & AUBIN,London,https://www.randallandaubin.com/
304993,Reading Cricket & Hockey Club,Reading,https://www.readingcricketclub.com/
305081,Realeyes Data Services Limited,London,https://realeyes.ai/
305082,Realeyes Data Services Limited,London,https://realeyes.ai/
305091,Reality Church London,London,https://www.realitychurch.london/
305110,REALTIME CIVIL ENGINEERING LIMITED,Potters Bar,https://www.realtimecivil.com/
305128,Reason Digital,Manchester,https://reasondigital.com/
305159,Recentre Health Ltd,London,https://recentre-health.co.uk/
305175,Recognise Bank Limited,London,https://recognisebank.co.uk/
305219,RECTORY HOUSE CARE LIMITED t/as Rectory House Nursing Home,Lancing,https://tappinghouse.org.uk/
305248,Red Arrow Electrical Limited,Barnsley,https://www.redarrowelectrical.co.uk/
305251,Red Balloon Educational Trust,Cambridge,https://www.redballoonlearner.org/
305287,Red Engineering Design Ltd,London,https://www.red-eng.com/
305288,Red Engineering Design Ltd,London,https://www.red-eng.com/
305293,Red Gate Software Ltd,Cambridge,https://www.red-gate.com/
305294,Red Gate Software Ltd,Cambridge,https://www.red-gate.com/
305305,Red Kite Learning Trust,Harrogate,https://www.rklt.co.uk/
305323,RED MIRACLE LIMITED T/A Dominos,London,https://redmiracle.com/
305345,Red Ribbon Asset Management PLC,London,https://www.redribbon.co/
305397,Redborne Upper School and Community College,Ampthill,https://www.redbornecommunitycollege.com/
305398,Redbox Digital Limited,London,https://redbox.co.uk/
305474,"Redeemed Christian Church of God, Victory Assembly",Sheffield,https://www.victory-assembly.org/
305482,Redeemer Croydon Trust,Croydon,https://redeemercroydon.org/
305483,Redeemer Croydon Trust,Croydon,https://redeemercroydon.org/
305484,Redeemer Croydon Trust,Croydon,https://redeemercroydon.org/
305487,Redeeming Features,London,https://www.redeemingfeatures.co.uk/
305501,Redgate Pubs Ltd,Nuneaton,https://www.theredgate.co.uk/
305539,REDOOR EDUCATION LTD,London,https://www.redoorguardianship.co.uk/
305557,Redscan Cyber Security Limited,London,https://www.redscan.com/
305618,Reepham High School and College,Norwich,https://www.reephamhigh.org.uk/
305634,Refeyn Limited,Oxford,https://refeyn.com/
305639,Reflect Digital Ltd,Maidstone,https://www.reflectdigital.co.uk/
305655,Refresh Church Trust,East Molesey,https://www.refreshchurch.org.uk/
305685,Regal Design & Construction Ltd,IVER,https://www.regaldesign.co.uk/
305765,Reginson Engineering Limited,Nuneaton,https://www.reginson.com/
305782,Registry Trust Limited,City of London,https://registry-trust.org.uk/
305907,RELIABLE NETWORK TECHNOLOGIES LTD,SLOUGH,https://reliablenetwork.co.uk/
305923,RELIANCE CONSTRUCTION SOLUTION LTD,Birmingham,https://relianceconstructionsolution.co.uk/
305925,Reliance Cyber Limited,London,https://www.reliancecyber.com/
305977,Reload Digital Ltd,London,https://www.reloaddigital.co.uk/
305995,Remark UK,London,https://www.remark.uk.com/
306027,Remote Tech Ltd,London,https://remote-tech.co.uk/
306069,Renal Health Organisation (UK) LTD,London,https://rho-uk.com/
306169,REO Digital Limited,London,https://www.reodigital.com/
306246,RESERVE BANK OF AUSTRALIA,LONDON,https://www.rba.gov.au/
306274,RESINEX UK LIMITED,BUCKINGHAMSHIRE,https://resinex.com/
306363,RESTCARE LIMITED,Harlow,https://restcare.care/
306403,RESULTS EDUCATION,London,https://results.org.uk/
306406,Resurgo Trust,London,https://www.spear.org.uk/
306571,Revolving Doors Housing Trust,Manchester,https://www.rd-ht.org.uk/
306709,Rhek Solicitors Ltd,Manchester,https://rheksolicitors.co.uk/
306719,Rhenus High Tech UK Ltd,Ashford,https://www.rhenus.group/
306762,Rhosneigr Evangelical Church,Rhosneigr,https://www.horebchapel.org.uk/
307250,Rising Tide AI Ltd,Leeds,https://rising-tide.ai/
307347,River Learning Trust,Kidlington,https://riverlearningtrust.org/
307358,River Stone (UK) Limited,Sittingbourne,https://riverstonecare.co.uk/
308015,ROCKFORT ENGINEERING LIMITED,Banbury,https://www.rockfortengineering.com/
308263,RONDANINI UK LIMITED,London,https://www.rondanini.co.uk/
308518,Rossall School,Fleetwood,https://www.rossall.org.uk/
308555,Rotherham Doncaster and South Humber NHS Foundation Trust,Doncaster,https://www.rdash.nhs.uk/
308991,RSA Insurance Group Limited,London,https://www.rsainsurance.co.uk/
308992,RSA Insurance Group Limited,London,https://www.rsainsurance.co.uk/
309459,Ryde School with Upper Chine,Ryde,https://www.rydeschool.org.uk/
309460,Ryde School with Upper Chine,Ryde,https://www.rydeschool.org.uk/
309469,Rye Dental Surgery,Rye,https://ryedentalsurgery.co.uk/
309470,Rye garden day nursery,London,https://ryegardendynursery.com/
310092,SACRED HEART HIGH SCHOOL HAMMERSMITH,London,https://www.sacredhearthigh.org.uk/
310116,SADIQIYYAH EDUCATION LTD,London,https://sadiqiyyah.co.uk/
310368,SAGIL ASSET MANAGEMENT LIMITED,London,https://www.sagilcap.com/
310385,Sahaj Software Solutions UK Limited,London,https://sahaj.ai/
310386,Sahaj Software Solutions UK Limited,London,https://sahaj.ai/
310388,SAHAN PRESCHOOL DAY NURSERY LIMITED,London,https://www.sahandaynursery.com/
310392,SAHARA ACCOUNTANCY LTD,Birmingham,https://saharaaccountancy.co.uk/
310423,SAHOTA GROUNDWORK & FORMWORK LTD,Kent,https://www.sahotagroundandformwork.co.uk/
310452,SAI ENGINEERING SERVICES LTD,BRISTOL,https://www.sai-eng.com/
310706,Salesian College Farnborough Limited,Farnborough,https://www.salesiancollege.com/
310716,Salford City College Group,Salford,https://www.salfordcc.ac.uk/
310726,Salford Training Academy Ltd,Manchester,https://salfordtraining.com/
310744,Salisbury Cathedral School,Salisbury,https://www.salisburycathedralschool.com/
310749,Salisbury NHS Foundation Trust,Salisbury,https://www.salisbury.nhs.uk/
311118,Sancta Familia Catholic Academy Trust,London,https://sanctafamilia.co.uk/
311169,Sandford Electrical Services Ltd,Slough,https://sandfordelectrical.co.uk/
311204,Sandon Global Engraving Technology Ltd,Runcorn,https://sandonglobal.com/
311207,Sandown Motors Limited,Poole,https://www.sandown-group.co.uk/
311243,SANDWELL VALLEY SCHOOL LIMITED,West Bromwich,https://www.sandwellvalleyschool.com/
311445,Sapientia Education Trust,Wymondham,https://www.se-trust.org/
311603,Sarum Hall School Trust Ltd,London,https://www.sarumhallschool.co.uk/
311754,Saunders Boston Limited,Cambridge,https://www.saundersboston.co.uk/
311756,Saundersfoot Medical Centre,Saundersfoot,https://saundersfootmedicalcentre.gpwales.com/
311759,Sauter Automation Limited,Basingstoke,https://www.sauterautomation.co.uk/
311821,Savile Club Limited,London,https://www.savileclub.co.uk/
311851,"Savvy Marketing, PR and Growth Ltd",Wolverhampton,https://savvygrowth.co.uk/
311880,Saxon Academy of Learning Limited,Ilford,https://www.saxononline.co.uk/
312003,SBS Financial Software UK Ltd,Sheffield,https://sbs-software.com/
312004,SBS Financial Software UK Ltd,Sheffield,https://sbs-software.com/
312350,ScotNursing & medical Services,Glasgow,https://www.scotnursing.com/
312367,Scott Health & Safety Limited,Skelmersdale,https://www.scottsafety.uk/
312368,Scott Health & Safety Limited,Skelmersdale,https://www.scottsafety.uk/
312388,Scottish Civic Trust,Glasgow,https://www.scottishcivictrust.org.uk/
312590,Seaborn Software Ltd,London,https://www.seabornsoftware.com/
312637,SEAH WIND LTD,"Middlesbrough,",https://www.seahwind.com/
312643,Seahawk Marine Foods Ltd,London,https://seahawk.co.uk/
312657,Seamariner Limited,Southampton,https://seamariner.com/
312662,Sean J Jordan Engineering Ltd,Dungannon,https://www.seanjordanengineering.com/
312688,Seashell Trust,Stockport,https://www.seashelltrust.org.uk/
312910,Seen Studios Limited,London,https://seen-studios.com/
312925,Seetec Business Technology Centre Limited,Hockley,https://seetec.co.uk/
312998,SELECT CHOICE COMMUNITY SUPPORT LTD,Harrogate,https://select-choice.co.uk/
313011,SELECT PRINT LTD,Harrow,https://select-print.co.uk/
313026,Selectia Education Ltd,London,https://www.selectia.co.uk/
313042,Self Service Technology Ltd,Willerby,https://www.self-servicetechnology.com/
313062,Sellar Design & Development Ltd,London,https://www.sellar.com/
313092,Semarion Ltd,Cambridge,https://www.semarion.com/
313125,Senbla Ltd,London,https://www.senbla.com/
313172,Sensat Digital Limited,London,https://www.sensat.co/
313181,Sense of Security Limited,Aylesford,https://senseofsecurity.biz/
313187,SENSEON TECH LTD,London,https://www.senseon.io/
313261,SEP (Site Engineering Personnel) Ltd,Ormskirk,https://www.sepengineers.co.uk/
313285,Sequoia Investment Management Company Limited,London,https://www.simcofunds.com/
313317,Seren Plus LTD,Pontypool,https://serenplus.com/
313433,SERVICOM (HIGH TECH) LIMITED,Worcestershire,https://www.servicom.co.uk/
313434,Servicom (High Tech) Limited,Redditch,https://www.servicom.co.uk/
313475,Setfords Technology Solutions Ltd,Guildford,https://www.setfords.co.uk/
313485,Setting Steps Support Services Ltd,Liverpool,https://settingsteps.com/
313491,"Seva Education, Health & Care Ltd",London,https://www.sevaeducation.com/
313555,Sevenoaks Clinic Ltd,Sevenoaks,https://thesevenoaksclinics.co.uk/
313622,SF Stefan Civil Engineering and Utility Contractors Ltd,Borehamwood,https://sf-stefan.co.uk/
313655,SFS Group Fastening Technology Ltd,LEEDS,https://uk.sfs.com/
313886,Shaily  Innovations Ltd,Brentford,https://shaily.co.uk/
313932,Shalom Community Support Services Ltd,Essex,https://shalomsupport.co.uk/
313948,Shambles Italian Restaurant,Teddington,https://www.shamblesbar-restaurant.co.uk/
313999,Shanghai Asian Insurance Brokers (UK) Limited,London,https://www.saibuk.co.uk/
314004,"Shanghai Foreign Investment Development Board, London Office",London,https://english.shanghai.gov.cn/
314027,Shannon Court Care Home Limited,Bolton,https://www.shannoncourt.co.uk/
314081,Shard Financial Media Limited,London,https://www.shardfinancialmedia.com/
314178,Shaw Education Trust,Kidsgrove,https://shaw-education.org.uk/
314238,SHEBAHL SKILLS and SUPPORT SERVICES LTD,London,https://www.shebahl.com/
314261,Sheffield Children's NHS Foundation Trust,Sheffield,https://www.sheffieldchildrens.nhs.uk/
314270,Sheffield Hallam University,Sheffield,https://www.shu.ac.uk/
314271,Sheffield Hallam University,Sheffield,https://www.shu.ac.uk/
314279,Sheffield Teaching Hospitals NHS Foundation Trust,Sheffield,https://www.sth.nhs.uk/
314280,Sheffield Theatres Trust,Sheffield,https://www.sheffieldtheatres.co.uk/
314303,Shelbourne Reynolds Engineering Ltd,Bury St. Edmunds,https://www.shelbourne.com/
314304,Shelbourne Reynolds Engineering Ltd,Bury St. Edmunds,https://www.shelbourne.com/
314334,Shelter Tech UK Ltd,Uxbridge,https://www.sheltertech.co.uk/
314346,Shenfield High School,Brentwood,https://www.shenfield.essex.sch.uk/
314467,SHIA JAFARI MASHAYAKHI MOMIN JAMAT,Leicester,https://www.sjmmj.org/
314472,Shiel Buses Ltd,Acharacle,https://www.shielbuses.co.uk/
314477,Shield Engineering (Syston) Limited,Leicester,https://shield-group.com/
314711,SHIYA LTD T/A BRYN STORES - PREMIER,BLACKWOOD,https://www.premier-stores.co.uk/
314821,SHORELINE BUILDING SERVICES LIMITED,Portsmouth,https://www.shorelinebuilding.co.uk/
314922,Shree Sai Consultants UK Ltd,Hertfordshire,https://sscukltd.com/
315000,Shrewsbury House School Trust Limited,Surbiton,https://www.shrewsburyhouse.net/
315003,Shrewsbury School,Shrewsbury,https://www.shrewsbury.org.uk/
315269,Sidney Stringer Multi Academy Trust,Coventry,https://sidneystringertrust.org.uk/
315515,SILPHIUM ASSET MANAGEMENT LIMITED,LONDON,https://www.silphium.com/
315516,SILPHIUM ASSET MANAGEMENT LIMITED,LONDON,https://www.silphium.com/
315598,SILVERLIGHT IT CONSULTANCY LTD,LONDON,https://www.silverlight-consulting.com/
315614,Silverstone Academy Trust,Silverstone,https://www.silverstone.co.uk/
315683,Simms building and civil engineering Ltd,Bexley,https://www.simmscivils.co.uk/
315695,Simon Carves Engineering Ltd,Manchester,https://ecigrouponline.com/
315696,Simon Carves Engineering Ltd,Manchester,https://ecigrouponline.com/
315713,Simpact Engineering Ltd,Warwick,https://www.simpact.co.uk/
315734,Simpled Tech Limited T/A Simpled,London,https://simpled.uk/
315803,Simprints Technology Ltd.,Cambridge,https://www.simprints.com/
315816,Simpson Technology Ltd,Heald Green,https://www.simpson-tec.com/
315849,Sinai Jewish Primary School,Kenton,https://www.sinaischool.com/
316007,Sir Henry Floyd Grammar School,Aylesbury,https://www.sirhenryfloyd.co.uk/
316050,SiriusPoint International Insurance Corporation,London,https://www.siriuspt.com/
316051,SiriusPoint International Insurance Corporation,London,https://www.siriuspt.com/
316262,SJF IMPERIUM CONSTRUCTION & ENGINEERING LIMITED,Slough,https://sjficelimited.co.uk/
316489,SKOLAZ EDUCATIONAL SERVICES LTD,Birmingham,https://skolaz.com/
316531,SKY HOUSE CONSTRUCTION LIMITED,Bromley,https://www.sky-house.co.uk/
316693,Slate Asset Management (Europe) Limited,London,https://www.slateam.com/
316694,Slate Asset Management (Europe) Limited,London,https://www.slateam.com/
316757,Slingshot Aerospace Limited,Newquay,https://www.slingshot.space/
316760,SLiNK-TECH LTD,Bristol,https://www.slink-tech.co.uk/
316784,Slough and East Berkshire C of E Multi Academy Trust,Slough,https://www.sebmat.com/
316954,Smart Home Design and Construction Ltd,London,https://www.shdconstruction.co.uk/
317242,Smiles Unlimited Dorset Limited t/a Alaska House Dental Practice,Blandford Forum,https://alaskahousedental.co.uk/
317362,SMS Machine Automation Ltd,Barnsley,https://www.smsmachines.co.uk/
317590,Social Telecoms CIC,Shrewsbury,https://socialtelecoms.org.uk/
317733,Sofyne Active Technology Ltd,London,https://sofynetech.com/
317734,Sofyne Active Technology Ltd,London,https://sofynetech.com/
317782,Sojitz Aerospace Corporation,London,https://www.sojitz-aero.com/
317783,Sojitz Aerospace Corporation,London,https://www.sojitz-aero.com/
317784,Sojitz Aerospace Corporation,London,https://www.sojitz-aero.com/
318006,SOLVIUM TECH LTD,Coventry,https://www.solvium.co.uk/
318007,Solvo.ai Ltd.,London,https://www.solvo.ai/
318036,Somerset Financial Services Ltd,Clacton on sea,https://somersetfinancial.co.uk/
318040,Somerset NHS Foundation Trust,Taunton,https://www.somersetft.nhs.uk/
318094,Song Capital LLP,London,https://www.songcap.co.uk/
318411,South London & Maudsley NHS Foundation Trust,Beckenham,https://slam.nhs.uk/
318424,South Molton Co-operative Learning Trust,South Molton,https://www.smcc.devon.sch.uk/
318440,South Tees Hospital NHS Foundation Trust,Middlesbrough,https://www.southtees.nhs.uk/
318449,South Warwickshire General Hospitals NHS Trust,Warwick,https://www.swft.nhs.uk/
318456,South West Engineering Ltd,Castle Douglas,https://swengineering.uk/
318462,South West London & St George's Mental Health NHS Trust,London,https://swlstg.nhs.uk/
318473,South West Yorkshire Partnership NHS Foundation Trust,Wakefield,https://www.southwestyorkshire.nhs.uk/
318475,South Western Ambulance Service NHS Foundation Trust,Exeter,https://www.swast.nhs.uk/
318516,Southbourne School of English,Bournemouth,https://southbourneschool.co.uk/
318805,Sparkling Angels PreSchool Ltd,Stanford-Le-Hope,https://sparklingangelsnursery.co.uk/
319330,Spirit Home Care Limited,Leicester,https://www.spirithomecare.co.uk/
319350,Spitfire Network Services Limited,London,https://www.spitfire.co.uk/
320153,St Anne's Catholic High School for Girls,London,https://www.st-annes.enfield.sch.uk/
320182,St Benedict Catholic Academy Trust,Croydon,https://www.sbcat.co.uk/
320187,St Bernard's Catholic Grammar School,Slough,https://www.st-bernards.slough.sch.uk/
320202,ST CECILIA CARE HOME,SHEPTON MALLET,https://whitecaregroup.co.uk/
320243,St Edmund's Catholic Primary School,London,https://st-edmund.eschools.co.uk/
320395,St Margarets Nursery Limited,Edinburgh,https://stmnursery.com/
320406,St Martins in the Fields High School For Girls,Lambeth,https://www.stmartins.academy/
320421,St Mary's Educational Academy Ltd,Peterborough,https://stmarysedu.co.uk/
320441,St Matthew's RC High School,Manchester,https://smrchs.com/
320464,St Olave's Prep School,London,https://www.stolaves.org.uk/
320492,St Peter's High School & Sixth Form Centre,Gloucester,https://www.sphs.uk.com/
320504,St Philomena's Catholic High School for Girls,Carshalton,https://www.stphils.org.uk/
320535,St Vincent's Catholic Primary School,London,https://www.stvincentsprimary.org.uk/
320556,St. Columb's School of Music Ltd.,Londonderry,https://www.stcolumbsschoolofmusic.com/
320570,St. Hugh's Catholic Primary School,Liverpool,https://www.sthughsprimary.co.uk/
320579,St. John's Preparatory & Senior School Ltd,Potters Bar,https://www.stjohnsprepandseniorschool.co.uk/
320585,St. Joseph's RC High School,Newport,https://www.sjhs.org.uk/
320635,Stable Asset Management Limited,London,https://www.stableam.com/
321018,STARLING BANK LIMITED,London,https://www.starlingbank.com/
321062,Startline Motor Finance Limited,Glasgow,https://startlinemotorfinance.com/
321076,Starz Mortgage Capital Ltd,London,https://www.starzrealestate.com/
321077,Starz Mortgage Capital Ltd,London,https://www.starzrealestate.com/
321078,Starz Mortgage Capital Ltd,London,https://www.starzrealestate.com/
321079,Starz Mortgage Capital Ltd,London,https://www.starzrealestate.com/
321212,STEEL HOMES CONSTRUCTION LTD,South Croydon,https://steel-homes.com/
321417,Sterling Thermal Technology Limited,Aylesbury,https://www.sterlingtt.com/
321456,Stewards Academy Trust,Harlow,https://www.stewardsacademy.org/
321548,STL Tech Limited,Bristol,https://stl.tech/
321817,Stour Vale Academy Trust,Halesowen,https://www.svat.org.uk/
321885,Strata Financial Services Consulting Ltd,London,https://stratafsc.com/
321908,Stratfield Care LLP t/as Stratfield Lodge Care Home,Bournemouth,https://www.stratfieldlodge.co.uk/
321953,Strawberry Fields Nursery School Limited,London,https://strawberryfields.london/
321979,Streatham & Clapham High School,Streatham,https://schs.gdst.net/
321986,STREATHAM MONTESSORI DAY NURSERY LTD,London,https://www.streathammontessori.com/
322064,Strive4 Academy Trust,Essex,https://www.strive4academy.co.uk/
322806,Sunflower Montessori Nursery School,London,https://sunflower-montessori.co.uk/
323022,Super Payments Ltd,London,https://www.superpayments.com/
323093,Superior Horizons Ltd T/A Sanam sweet House & Restaurant,"Manchester, England",https://www.sanamsweets.com/
323166,SUPPORTED LIVING ENABLEMENT SERVICES LTD,Basingstoke,https://www.supportedlivingenablement.co.uk/
323228,Surbiton High School,Kingston upon Thames,https://www.surbitonhigh.com/
323318,Surrey Dental Surgery,Epsom,https://surreydentalsurgery.com/
323948,Sycamore Process Engineering Limited,Sparkford,https://www.sycamoreprocessengineering.co.uk/
324197,Syos Aerospace UK Limited,Fareham,https://syos-aerospace.com/
324556,TAE Power Solutions Engineering Limited,Birmingham,https://power-solutions.tae.com/
325029,TAPILINK TECHNOLOGY LIMITED,Ilford,https://tapilink.co.uk/
325656,Tech Automation Limited,Richmond,https://www.techautomation.uk/
325692,Tech Solutions Lanarkshire Ltd,Bellshill,https://techsolutionslanarkshire.co.uk/
325693,Tech Solutions Pro Ltd,Nottingham,https://tech-solutionspro.com/
325807,TECHNOCRATES CONSTRUCTION LTD,Uxbridge,https://www.technocrates.uk/
325957,Teen Support Services Ltd,Nottingham,https://www.teensupportservices.co.uk/
325968,"TEES, ESK & WEAR VALLEYS NHS TRUST",MIDDLESBROUGH,https://www.tewv.nhs.uk/
325990,TEIKYO UNIVERSITY OF JAPAN IN DURHAM,DURHAM,https://www.teikyouniversitydurham.com/
325991,TEIKYO UNIVERSITY OF JAPAN IN DURHAM,DURHAM,https://www.teikyouniversitydurham.com/
326082,Telent Technology Services Limited,Warwick,https://telent.com/
326148,Teme Care Limited T/A Teme Court Residential Care Home,Worcester,https://akaricare.co.uk/
326471,Tetbury Dental Practice,Tetbury,https://www.tetburydentalpractice.co.uk/
326733,THAMESLINK LOGISTICS LTD,Wakefield,https://thameslinklogistics.com/
326959,The Art School Restaurant,Liverpool,https://theartschoolrestaurant.co.uk/
326997,THE AURIGA ACADEMY TRUST,TWICKENHAM,https://www.aurigaacademytrust.org.uk/
327017,The Babydrop Limited T/A The Butterfly Preschool,London,https://thebutterflypreschool.co.uk/
327110,The Bell Concord Educational Trust Ltd,Shrewsbury,https://concordcollegeuk.com/
327171,The Bishop's Stortford High School,Bishop's Stortford,https://tbshs.org/
327224,The Boxing Academy Trust,London,https://www.theboxingacademy.co.uk/
327353,The Cam Academy Trust,Comberton,https://www.catrust.co.uk/
327439,The Challenge Academy Trust,Warrington,https://www.tcat.uk.com/
327452,The Charity Bank Limited,Tonbridge,https://www.charitybank.org/
327465,The Chartered Institution of Building Services Engineers,London,https://www.cibse.org/
327591,The College of Health Ltd t/a The McTimoney College of Chiropractic,Abingdon,https://mctimoney-college.ac.uk/
327593,The College of Richard Collyer,Horsham,https://www.collyers.ac.uk/
327594,The College of St Barnabas,Lingfield,https://www.st-barnabas.org.uk/
327595,The College of West Anglia,King's Lynn,https://cwa.ac.uk/
327605,The Colourwheel Montessori Nursery Limited,Black Notley,https://thecolourwheel.co.uk/
327747,The Cumberland Building Society,Carlisle,https://www.cumberland.co.uk/
327762,The Dales Nursing Home Limited,Exeter,https://www.thedalescare.com/
327837,The Diocese of Westminster Academy Trust,Pinner,https://www.dowat.co.uk/
327874,The Dudley Group NHS Foundation Trust,Dudley,https://www.dgft.nhs.uk/
327895,The East Garston Pub Company Limited,Hungerford,https://www.queensarmseastgarston.co.uk/
328003,The Eveline Day Nursery Schools Ltd,Wandsworth,https://www.evelinedaynursery.com/
328022,THE FALKIRK MUSLIM EDUCATIONAL AND CULTURAL COMMUNITY CENTRE,Falkirk,https://falkirkislamiccentre.org/
328177,The Fulham Prep School (2002) Limited,London,https://www.fulhamprep.co.uk/
328246,The Glasgow School of Art,Glasgow,https://www.gsa.ac.uk/
328247,The Glasgow School of Art,Glasgow,https://www.gsa.ac.uk/
328353,The Greenacres day nursery school LTD,Hampton Hill,https://greenacres-childcare.co.uk/
328378,The Grove Primary School,CAMBRIDGE,https://thegroveprimaryschool.co.uk/
328495,The Hillingdon Hospitals NHS Foundation Trust,Uxbridge,https://thh.nhs.uk/
328551,The Howard Academy Trust,Chatham,https://www.thatrust.org.uk/
328624,The Institute of Grocery Distribution,Letchmore Heath,https://www.igd.com/
328625,The Institute of Ismaili Studies,London,https://www.iis.ac.uk/
328626,The Institute of Ismaili Studies,London,https://www.iis.ac.uk/
328627,The Institute of Materials Minerals & Mining,London,https://www.iom3.org/
328641,THE INTERNATIONAL SCHOOL OF ABERDEEN EDUCATIONAL TRUST LIMITED,ABERDEEN,https://isa.aberdeen.sch.uk/
328664,The Island Free School,Ventnor,https://theislandfreeschool.org/
328820,The Lansdown Clinic (Stroud) Ltd,Stroud,https://lansdownclinic.co.uk/
328891,The Lincoln Diocesan Trust and Board of Finance Ltd,Lincoln,https://www.lincoln.anglican.org/
328892,The Lincoln Diocesan Trust and Board of Finance Ltd,Lincoln,https://www.lincoln.anglican.org/
328954,The London Cat Clinic,London,https://thelondoncatclinic.co.uk/
328957,The London College of Homeopathy Ltd,Hounslow,https://lchomeopathy.com/
328958,The London College of Style Ltd,London,https://londoncollegeofstyle.com/
328974,The London School of Economics and Political Science,London,https://www.lse.ac.uk/
328975,The London School of Economics and Political Science,London,https://www.lse.ac.uk/
328976,The London School of English Limited,London,https://www.londonschool.com/
328988,The Lotus Academy Trust,Thetford,https://www.lotustrust.org.uk/
329078,The Master and Fellows of Emmanuel College in the University of Cambridge,Cambridge,https://www.emma.cam.ac.uk/
329079,The Master and Fellows of Emmanuel College in the University of Cambridge,Cambridge,https://www.emma.cam.ac.uk/
329248,The National Association for Special Educational Needs (NASEN),Tamworth,https://nasen.org.uk/
329312,The Newcastle upon Tyne Hospitals NHS Foundation Trust,Newcastle,https://www.newcastle-hospitals.nhs.uk/
329418,The Old Station Nursery Ltd,Faringdon,https://www.theoldstationnursery.co.uk/
329419,The Old Station Nursery Ltd,Faringdon,https://www.theoldstationnursery.co.uk/
329436,The Olympus Academy Trust,Bristol,https://www.olympustrust.co.uk/
329538,The Park Federation Academy Trust,Slough,https://www.theparkfederation.co.uk/
329824,The Reach Free School,Rickmansworth,https://www.reachfreeschool.co.uk/
330089,The Royal College of Ophthalmologists,London,https://www.rcophth.ac.uk/
330110,The Royal Northern And University Club,Aberdeen,https://www.rnuc.org.uk/
330186,The Scotland College of Chiropractic Charitable Trust,Edinburgh,https://www.scotlandcollegechiro.co.uk/
330300,The Society of College National and University Libraries,London,https://sconul.ac.uk/
330327,The Spanish Nursery and Children's Centre for Culture and Language,London,https://www.thespanishnursery.com/
330373,The STEP Academy Trust,Thornton Heath,https://www.stepacademytrust.org/
330452,The Talland School of EQuitation LLP,Cirencester,https://www.talland.net/
330453,The Talland School of EQuitation LLP,Cirencester,https://www.talland.net/
330457,The Tapscott Learning Trust,London,https://www.ttlt.academy/
330483,The Thinking Schools Academy Trust,Chatham,https://www.tsatrust.org.uk/
330542,The Ufton Court Educational Trust,Reading,https://www.uftoncourt.org.uk/
330561,The United World College of the Atlantic Ltd,LLANTWIT MAJOR,https://www.uwcatlantic.org/
330562,The United World College of the Atlantic Ltd,LLANTWIT MAJOR,https://www.uwcatlantic.org/
330565,The University of Buckingham,Buckingham,https://www.buckingham.ac.uk/
330570,The University of Manchester Innovation Factory Limited,Manchester,https://www.uominnovationfactory.com/
330572,The University of Nottingham Health Service,Nottingham,https://www.nottingham.ac.uk/
331088,This Bank Limited,London,https://thisbank.co.uk/
331155,Thomas Mills High School,Woodbridge,https://thomasmills.suffolk.sch.uk/
331217,Thornhill Dental Practice,Thornhill,https://thornhilldental.co.uk/
331306,Three Butterflies Nursery/Preschool,Waltham Abbey,https://threebutterflies.co.uk/
331377,Thrive Therapeutic Software Limited,Stratford Upon Avon,https://thrive.uk.com/
331506,Tierney IT Solutions Ltd,Edgware,https://tierney-it.co.uk/
331677,Timelineapp Tech Limited,London,https://www.timeline.co/
331784,Titan Motorsport and Automotive Engineering Ltd,St Neots,https://titan.uk.net/
331814,Tiverton High School,Tiverton,https://www.tiverton.devon.sch.uk/
331986,TNB Garrison Early Years & Play,Tidworth,https://www.tnbearlyyears.org/
332049,Toddington Dental Surgery Ltd,Toddington,https://www.toddingtondental.co.uk/
332089,Tokio Marine Kiln Insurance Services Ltd,London,https://www.tmkiln.com/
332090,Tokio Marine Kiln Insurance Services Ltd,London,https://www.tmkiln.com/
332091,Tokio Marine Kiln Insurance Services Ltd,London,https://www.tmkiln.com/
332171,Tonbridge Care Limited T/A The Chestnut Lodge Care Home,Tonbridge,https://akaricare.co.uk/
332314,TOP PLACE PRESCHOOL LIMITED,HEMEL HEMPSTEAD,https://www.topplace-preschool.co.uk/
332749,Toyota Financial Services (UK) PLC,Epsom,https://www.toyota.co.uk/
332750,Toyota Financial Services (UK) PLC,Epsom,https://www.toyota.co.uk/
332773,TP MANUFACTURING LIMITED T/T PENDOCK,Telford,https://pendock.co.uk/
332800,Tquila Automation Ltd.,London,https://tquila.com/
332846,TRAction Fintech Ltd,London,https://tractionfintech.com/
332978,Tramontana Asset Management Limited,London,https://www.tramontana.co.uk/
333134,TRANT ENGINEERING LTD,SOUTHAMPTON,https://www.trant.co.uk/
333269,Treehouse Nursery and Preschool,Pinner,https://thetreehouse-nursery.co.uk/
333270,Treehouse Nursery Schools Limited,Wanstead,https://treehousenurseries.com/
333272,Treemont Care Limited T/A Devonshire Dementia Care Home and Day Centre,New Malden,https://akaricare.co.uk/
333283,Treetops Nursery Bootle,Bootle,https://treetopsnurserybootle.co.uk/
333398,Triangle House Private Nursery Limited,Sowerby Bridge,https://www.trianglehouse.co.uk/
333535,Trinity Church of England High School,Manchester,https://trinityhigh.com/
333569,TRINITY MULTI ACADEMY TRUST,"Halifax,",https://www.trinitymat.org/
333603,Trio Motion Technology Limited,Tewkesbury,https://triomotion.com/
333604,Trio Motion Technology Limited,Tewkesbury,https://triomotion.com/
333832,TrueNorth Engineering Ltd.,Manchester,https://truenorth-engineering.co.uk/
333891,Trusted Data Solutions UK Ltd,Nantgarw,https://trusteddata.com/
333901,Trustees of the London Clinic Ltd,London,https://www.thelondonclinic.co.uk/
333974,TSB Bank plc,Edinburgh,https://www.tsb.co.uk/
333983,TSG Consumer UK LLP,London,https://www.tsgconsumer.com/
334203,Tunnel Engineering Limited,TONBRIDGE,https://tunnel.engineering/
334382,Twelve Oaks Software Ltd,York,https://twelveoaks.software/
334447,TWINKLESTARS MONTESSORI NURSERY LTD,St Albans,https://www.twinklestarsnurseries.co.uk/
334593,TYRUS TECH LTD,Tyne,https://www.tyrus.co.uk/
334662,U.S. Bank Europe DAC,London,https://www.usbank.eu/
334663,U.S. Bank Europe DAC,London,https://www.usbank.eu/
334906,UK COLLEGE OF BUSINESS AND COMPUTING LTD,London,https://ukcbc.ac.uk/
334907,UK COLLEGE OF BUSINESS AND COMPUTING LTD,London,https://ukcbc.ac.uk/
335006,UK INTIS TELECOM LTD,London,https://www.intistele.com/
335463,UNIBUILD CONSTRUCTION LTD,LEICESTER,https://unibuildconstruction.com/
335476,Unicorn Asset Management,London,https://www.unicornam.com/
335542,UNION BANK OF INDIA (UK) LIMITED,London,https://www.unionbankofindiauk.co.uk/
335571,UNIPaaS Financial Services Ltd,London,https://www.unipaas.com/
335703,Unitech Engineering Ltd,Burntwood,https://www.unitech.uk.com/
335710,United Bank for Africa (UK) Limited,LONDON,https://www.ubauk.com/
335711,United Bank for Africa (UK) Limited,LONDON,https://www.ubauk.com/
335761,United Insurance Brokers Limited,London,https://www.uib.co.uk/
335762,United Insurance Brokers Limited,London,https://www.uib.co.uk/
335783,United Lincolnshire Hospitals NHS Trust,Lincoln,https://www.ulh.nhs.uk/
335798,United National Bank Limited,London,https://www.ubluk.com/
335834,United Trust Bank Limited,London,https://www.utbank.co.uk/
335845,United World College of the Atlantic Ltd,Llantwit Major,https://www.uwcatlantic.org/
335901,UNIVERSAL CONSULTANTS AND ASSET MANAGEMENT LIMITED,London,https://ucam.uk/
335959,Universities and Colleges Christian Fellowship,Oxford,https://www.uccf.org.uk/
335960,Universities and Colleges Christian Fellowship,Oxford,https://www.uccf.org.uk/
335961,Universities and Colleges Christian Fellowship,Oxford,https://www.uccf.org.uk/
335962,Universities and Colleges Information Systems Association Ltd,Oxford,https://www.ucisa.ac.uk/
335964,University Campus of Football Business Limited,Wembley,https://www.ucfb.ac.uk/
335973,University for the Creative Arts,Surrey,https://www.uca.ac.uk/
335975,University Hospital Southampton NHS Foundation Trust,Southampton,https://www.uhs.nhs.uk/
335976,University Hospitals Birmingham NHS Foundation Trust,Edgbaston,https://www.uhb.nhs.uk/
335978,University Hospitals Dorset,Poole,https://www.uhd.nhs.uk/
335979,University Hospitals North Midlands NHS Trust,Stoke-on-Trent,https://www.uhnm.nhs.uk/
335980,University Hospitals of Derby and Burton NHS Foundation Trust,Derby,https://www.uhdb.nhs.uk/
335989,University of Bath,Bath,https://www.bath.ac.uk/
335990,University of Bath,Bath,https://www.bath.ac.uk/
335991,University of Bath,Bath,https://www.bath.ac.uk/
335992,University of Bath,Bath,https://www.bath.ac.uk/
336002,University of Brighton Academies Trust,Burgess Hill,https://www.brightonacademiestrust.org.uk/
336006,University of Bristol Students' Union,Bristol,https://www.bristolsu.org.uk/
336009,University of Cambridge Investment Management Limited,Cambridge,https://www.ucim.co.uk/
336010,University of Chester,Chester,https://www.chester.ac.uk/
336011,University of Chester,Chester,https://www.chester.ac.uk/
336012,University of Chicago Booth School of Business,London,https://www.chicagobooth.edu/
336013,University of Chicago Booth School of Business,London,https://www.chicagobooth.edu/
336041,University of Exeter,Exeter,https://www.exeter.ac.uk/
336042,University of Exeter,Exeter,https://www.exeter.ac.uk/
336043,University of Exeter,Exeter,https://www.exeter.ac.uk/
336044,University of Exeter,Exeter,https://www.exeter.ac.uk/
336045,University of Exeter,Exeter,https://www.exeter.ac.uk/
336053,University of Hertfordshire Students' Union,Hatfield,https://hertssu.com/
336056,University of Hull,Hull,https://www.hull.ac.uk/
336057,University of Hull,Hull,https://www.hull.ac.uk/
336058,University of Hull,Hull,https://www.hull.ac.uk/
336059,University of Kent,Canterbury,https://jobs.kent.ac.uk/
336060,University of Kent,Canterbury,https://jobs.kent.ac.uk/
336069,University of Lincoln,Lincoln,https://www.lincoln.ac.uk/
336070,University of Lincoln,Lincoln,https://www.lincoln.ac.uk/
336075,University of Northampton Enterprises Limited,Northampton,https://www.northampton.ac.uk/
336079,University of Nottingham,Nottingham,https://www.nottingham.ac.uk/
336080,University of Nottingham,Nottingham,https://www.nottingham.ac.uk/
336081,University of Nottingham,Nottingham,https://www.nottingham.ac.uk/
336082,University of Nottingham,Nottingham,https://www.nottingham.ac.uk/
336086,University of Plymouth,Plymouth,https://www.plymouth.ac.uk/
336087,University of Plymouth,Plymouth,https://www.plymouth.ac.uk/
336101,University of St Mark & St John,Plymouth,https://www.marjon.ac.uk/
336102,University of St Mark & St John,Plymouth,https://www.marjon.ac.uk/
336110,University of Strathclyde Students' Association,Glasgow,https://www.strathunion.com/
336113,University of Sunderland,Sunderland,https://www.sunderland.ac.uk/
336114,University of Sunderland,Sunderland,https://www.sunderland.ac.uk/
336115,University of Sunderland,Sunderland,https://www.sunderland.ac.uk/
336130,University of the West of Scotland,Paisley,https://www.uws.ac.uk/
336131,University of the West of Scotland,Paisley,https://www.uws.ac.uk/
336136,University of Wales Trinity Saint David - Lampeter Campus,Lampeter,https://www.uwtsd.ac.uk/
336137,University of Wales Trinity Saint David - Lampeter Campus,Lampeter,https://www.uwtsd.ac.uk/
336139,University of Warwick,Coventry,https://warwick.ac.uk/
336140,University of Warwick,Coventry,https://warwick.ac.uk/
336141,University of Warwick,Coventry,https://warwick.ac.uk/
336142,University of Westminster,London,https://www.westminster.ac.uk/
336143,University of Westminster,London,https://www.westminster.ac.uk/
336150,University Schools Trust,London,https://www.ust.london/
336283,Upper Shirley High School,Southampton,https://uppershirleyhigh.org/
336468,US Tax & Financial Services Ltd,London,https://www.ustaxfs.com/
336470,US-UK Educational Commission (US-UK Fulbright Commission),London,https://www.fulbright.org.uk/
336471,US-UK Educational Commission (US-UK Fulbright Commission),London,https://www.fulbright.org.uk/
336548,Utility Consultancy and Engineering Limited,Barnsley,https://www.uce-ltd.co.uk/
336590,Uxbridge High School Academy Trust,Uxbridge,https://www.uhs.org.uk/
336722,Vaayu Tech Ltd,Woking,https://www.vaayu.tech/
336850,Valley Drive Dental Practice,Gravesend,https://smileartdentalvalley.co.uk/
337026,Vanquis Banking Group plc,Bradford,https://www.vanquis.com/
337079,VapeGen Tech Ltd,Brentwood,https://www.vapegen.co.uk/
337165,VASEY & HARRIS ASSET MANAGEMENT LIMITED,London,https://www.vahauk.co.uk/
337305,Veda Hospitality Ltd,Harrow,https://vedahospitalityservices.com/
337715,Vertical Aerospace Group Ltd,Bristol,https://vertical-aerospace.com/
337716,Vertical Aerospace Group Ltd,Bristol,https://vertical-aerospace.com/
337717,Vertical Aerospace Group Ltd,Bristol,https://vertical-aerospace.com/
337963,VICTORIA COLLEGE OF ARTS AND DESIGN LIMITED,London,https://www.vcad.ac.uk/
338024,Victory Hill Capital Partners LLP,London,https://victory-hill.com/
338041,Vida Bank Limited,London,https://www.vidabank.co.uk/
338215,VINCENT B. MCMORROW CONSTRUCTION SERVICES LIMITED,Luton,https://www.mcmorrowltd.co.uk/
338295,VINYL FACTORY MANUFACTURING Ltd,London,https://www.thevinylfactory.com/
338383,Virtual Data Centre Services Ltd,Leeds,https://virtualdcs.co.uk/
338405,Virtue Aerospace Limited,Horndean,https://www.virtue-aerospace.com/
338423,VIRUNDHU RESTAURANT LIMITED,PINNER,https://www.virundhurestaurant.com/
338512,VISION TECH GROUP LTD,Hayes,https://visiontechgroup.co.uk/
338607,VIT - TECH LTD,HARROW,https://vit-tech.co.uk/
338674,VITPOL BUILDING SERVICES LIMITED,Ealing,https://www.vitpol.co.uk/
338760,Vizst Technology Ltd,Poole,https://vizst.com/
339230,VVSH CONSTRUCTION LTD,Bedford,https://vvsh.construction/
339349,Waa Construction Ltd,Enfiled,https://waaconstructionltd.co.uk/
339416,WAKEFIELD EYE CLINIC LIMITED,Wakefield,https://wakefieldeyeclinic.co.uk/
339539,Walsall Healthcare NHS Trust,Walsall,https://www.walsallhealthcare.nhs.uk/
339598,Wandle Learning Trust,London,https://wandlelearningtrust.org.uk/
339640,Ward and Burke Construction Ltd,London,https://www.wardandburke.com/
339641,Ward and Burke Construction Ltd,London,https://www.wardandburke.com/
339657,Wardown Engineering Ltd,HOUGHTON REGIS,https://www.wardown.com/
339794,Waste Logics Software Limited,London,https://wastelogics.com/
339934,Watford Grammar School for Boys,Watford,https://www.watfordboys.org/
340188,Weald of Kent Grammar School Academy Trust,Tonbridge,https://www.wealdofkent.kent.sch.uk/
340214,Weatherbys Bank Limited,Northamptonshire,https://www.weatherbys.bank/
340452,WellFish Tech Ltd,Paisley,https://wellfishtech.com/
340477,Wellington Dental Practice,Wellington,https://wellingtondentalpractice.com/
340558,Wema Health Care and Support Services Ltd,Dudley,https://www.wemahealthcareservices.co.uk/
340568,Wembley Multi-Academy Trust,Wembley,https://www.wmat.co.uk/
340643,Wessex Institute of Technology,Southampton,https://www.wessex.ac.uk/
340721,WEST HATCH HIGH SCHOOL ACADEMY TRUST,Chigwell,https://www.westhatch.net/
340722,West Hertfordshire Teaching Hospitals NHS Trust,Watford,https://www.westhertshospitals.nhs.uk/
340759,West Midlands Ambulance Service University NHS Foundation Trust,Brierley Hill,https://www.wmas.nhs.uk/
340777,West of England Insurance Services (Lux) SA,London,https://www.westpandi.com/
340793,West Suffolk NHS Foundation Trust,Bury St Edmunds,https://www.wsh.nhs.uk/
340811,West Wickham Chiropractic Clinic,West Wickham,https://westwickhamchiropractic.co.uk/
340841,Westbridge Renewable Energy Asset Management Limited,London,https://www.westbridge.energy/
340863,Westcliff High School for Boys,Westcliff-on-Sea,https://www.whsb.essex.sch.uk/
340984,Westlakes Engineering Limited,Cleator Moor,https://www.westlakes.co.uk/
341053,Westpac Banking Corporation,London,https://www.westpac.com.au/
341054,Westpac Banking Corporation,London,https://www.westpac.com.au/
341089,Wetherby High School,Leeds,https://wetherbyhigh.org.uk/
341105,Wey Bridging Finance Limited,Weybridge,https://weybridging.com/
341108,Weybridge dental practice,weybridge,https://www.weybridgedental.co.uk/
341138,WH Investments T/A Victoria house care home,Warrington,https://www.victoriahousecarehome.co.uk/
341342,Whitefield Academy Trust,Walthamstow,https://www.whitefieldschool.org.uk/
341366,Whiteheath Junior School,Ruislip,https://www.whiteheath-jun.hillingdon.sch.uk/
341390,WHITFIELD CIVIL ENGINEERING LIMITED,Surbiton,https://wcs-consult.co.uk/
341534,Wilbury Care Home Limited,Hove,https://wilburycarehome.co.uk/
341562,Wildflower Home Care,Godalming,https://www.wildflowerhomecare.co.uk/
341665,William Tyndale Primary School,London,https://www.williamtyndale-islington.co.uk/
341713,Willow Learning Trust,Sutton,https://www.willowlearningtrust.org.uk/
341800,Wiltshire College & University Centre,Salisbury,https://www.wiltshire.ac.uk/
341827,Wimmer Financial LLP,London,https://wimmerfinancial.com/
341969,Winlift Solutions Ltd,CORBY,https://winliftsolutions.com/
342046,WINWAY COLLEGE OF BUSINESS & TECHNOLOGY LIMITED,Croydon,https://winwaycollege.com/
342077,Wirral Community Health and Care NHS Foundation Trust,Birkenhead,https://www.wchc.nhs.uk/
342082,Wirral Tandoori Restaurant Limited,Wirral,https://wirraltandoori.co.uk/
342083,Wirral University Teaching Hospitals NHS Trust,Bebington,https://www.wuth.nhs.uk/
342089,Wisbech Grammar School Ltd,Wisbech,https://www.wisbechgrammar.com/
342105,Wise Financial Services Ltd,Bristol,https://wise.com/
342358,Wolverhampton Girls' High School,Wolverhampton,https://www.wghs.org.uk/
342408,Wonderland Nursery Limited,Hayes,https://wonderlandnurseryltd.co.uk/
342435,Wood St Nursery,Walthamstow,https://woodstnursery.co.uk/
342633,Worcestershire Acute Hospitals NHS Trust,Worcester,https://www.worcsacute.nhs.uk/
343126,Wyncourt Nursing Home LTD,Altrincham,https://www.wyncourtnursinghome.co.uk/
343952,Yonder Financial Technology Limited,London,https://www.yonder.com/
343991,York St John University,YORK,https://www.yorksj.ac.uk/
343992,York St John University,YORK,https://www.yorksj.ac.uk/
344003,Yorkshire Building Society,Bradford,https://www.ybs.co.uk/
344846,Zenith Multi Academy Trust,Benfleet,https://www.zenithmultiacademytrust.co.uk/
344977,ZEXOZ LTD t/a The Lovat Hotel,"Scotland,",https://thelovat.com/
345013,Horison AI LTD,London,https://www.horison.ai/
345061,Able Care ( Menwinnion) Ltd t/a Menwinnion Country House Care Home,Penzance,https://menwinnioncarehome.co.uk/
345067,Aphex Software Limited,London,https://www.aphex.co/
345072,Bells IT Support Ltd,Dartford,https://bellsitsupport.co.uk/
345125,Islip Manor High School,Northolt,https://islipmanorhighschool.org.uk/
345195,St Matthews Catholic Primary School,Liverpool,https://matthews.school/
345211,Vision Pro Software Limited,Nottingham,https://www.visionprosoftware.com/
345212,Vita Multi Academy Trust,Alresford,https://www.vitatrust.org.uk/
345270,Marksman Roofing + Cladding Ltd,Nottingham,https://marksman-roofing.co.uk/
345370,Lightman Investment Management Limited,LONDON,https://lightman.com/
345412,Sterling Corporate Finance Ltd,Newbury,https://sterlingcf.com/
345596,Braceborough Hall Care Home LTD LTD,Stamford,https://www.braceboroughhall.co.uk/
