sponsor_licence_id,organisation_name,normalized_organisation_name,town_city,county,region,industry,route,sub_route,rating,existing_website,existing_careers_url,existing_ats_provider,existing_ats_board_id,existing_ats_mapping_status,existing_ats_mapping_evidence_url,website_url,website_confidence,website_evidence_url,careers_url,careers_confidence,careers_evidence_url,ats_provider,ats_board_id,ats_mapping_status,ats_mapping_evidence_url,source,source_evidence_url,notes
141526,ZVF PHARMA LTD,zvf pharma ltd,Slough,Berkshire,South East,Healthcare,Worker,Skilled Worker,A rating,,,,,,,,none,,,none,,,,,,SponsorList public directory lead,https://sponsorlist.co.uk/sponsors/zvf-pharma-ltd/,no unambiguous CQC name/location match; employer identity was not corroborated on the candidate website
154039,AZAAN HEALTHCARE (DUNDEE) LTD,azaan healthcare dundee ltd,Dundee,,,Healthcare,Worker,Skilled Worker,A rating,,,,,,,,none,,,none,,,,,,SponsorList public directory lead,https://sponsorlist.co.uk/sponsors/azaan-healthcare-dundee-ltd/,no unambiguous CQC name/location match; employer identity was not corroborated on the candidate website
154351,B R PATEL T/As RIDDHI'S BEAUTY CLINIC,b r patel t as riddhi s beauty clinic,London,,,Healthcare,Worker,Skilled Worker,A rating,,,,,,,,none,,,none,,,,,,SponsorList public directory lead,https://sponsorlist.co.uk/sponsors/b-r-patel-tas-riddhis-beauty-clinic/,no unambiguous CQC name/location match; employer identity was not corroborated on the candidate website
154434,Brooke Healthcare Ltd,brooke healthcare ltd,Nottingham,,,Healthcare,Worker,Skilled Worker,A rating,,,,,,,,none,,,none,,,,,,CQC provider_name/high lead,https://www.cqc.org.uk/location/1-15753571350,CQC match supplied no eligible employer website URL; SponsorList had no exact name/location match with an employer website
154468,Hilton Pharmacy Ltd T/A Hilton Pharmacy & Opticians,hilton pharmacy ltd t a hilton pharmacy and opticians,Hilton,Derby,East Midlands,Healthcare,Worker,Skilled Worker,A rating,,,,,,,,none,,,none,,,,,,SponsorList public directory lead,https://sponsorlist.co.uk/sponsors/hilton-pharmacy-ltd-ta-hilton-pharmacy-opticians/,no unambiguous CQC name/location match; employer identity was not corroborated on the candidate website
154533,Riverside medical practice,riverside medical practice,Blackwood,Caerphilly,Wales,Healthcare,Worker,Skilled Worker,A rating,,,,,,,,none,,,none,,,,,,CQC and cached public-source lookup,,no unambiguous CQC name/location match; SponsorList had no exact name/location match with an employer website
154592,1 Kings Dental Limited,1 kings dental limited,London,,,Healthcare,Worker,Skilled Worker,A rating,,,,,,,,none,,,none,,,,,,SponsorList public directory lead,https://sponsorlist.co.uk/sponsors/1-kings-dental-limited/,CQC match supplied no eligible employer website URL; employer identity was not corroborated on the candidate website
154714,18A Charing Cross Dental Surgery,18a charing cross dental surgery,London,,,Healthcare,Worker,Skilled Worker,A rating,,,,,,,,none,,,none,,,,,,CQC location_name/high lead,https://www.cqc.org.uk/location/1-215610365,CQC match supplied no eligible employer website URL; SponsorList had no exact name/location match with an employer website
154847,24/7 Medicine Limited T/ A 24-7 Pharmacy,24 7 medicine limited t a 24 7 pharmacy,Liverpool,Merseyside,North West,Healthcare,Worker,Skilled Worker,A rating,,,,,,,,none,,,none,,,,,,CQC and cached public-source lookup,,no unambiguous CQC name/location match; SponsorList had no exact name/location match with an employer website
154961,313 Healthcare LTD,313 healthcare ltd,Bedford,,,Healthcare,Worker,Skilled Worker,A rating,,,,,,,,none,,,none,,,,,,CQC provider_name/high lead,https://www.cqc.org.uk/location/1-4180678068,CQC match supplied no eligible employer website URL; SponsorList had no exact name/location match with an employer website
154979,360 Degrees Clinic Ltd,360 degrees clinic ltd,Surrey,,,Healthcare,Worker,Skilled Worker,A rating,,,,,,,,none,,,none,,,,,,CQC and cached public-source lookup,,no unambiguous CQC name/location match; SponsorList had no exact name/location match with an employer website
154980,360 Degrees Healthcare,360 degrees healthcare,Nelson,Lancashire,North West,Healthcare,Worker,Skilled Worker,A rating,,,,,,,,none,,,none,,,,,,CQC and cached public-source lookup,,no unambiguous CQC name/location match; SponsorList had no exact name/location match with an employer website
155059,3D Healthcare Ltd T/A Proheal Pharma,3d healthcare ltd t a proheal pharma,Taunton,,,Healthcare,Worker,Skilled Worker,A rating,,,,,,,,none,,,none,,,,,,CQC and cached public-source lookup,,no unambiguous CQC name/location match; SponsorList had no exact name/location match with an employer website
155071,3D'S Healthcare Services Ltd,3d s healthcare services ltd,Grays,Essex,East of England,Healthcare,Worker,Skilled Worker,A rating,,,,,,,,none,,,none,,,,,,CQC provider_name/high lead,https://www.cqc.org.uk/location/1-3801799507,candidate website could not be safely checked: robots.txt disallows this page
155163,4 Ways Healthcare Limited,4 ways healthcare limited,Hemel Hempstead,,,Healthcare,Worker,Skilled Worker,A rating,,,,,,,,none,,,none,,,,,,CQC and cached public-source lookup,,no unambiguous CQC name/location match; SponsorList had no exact name/location match with an employer website
155260,5 STAR CLINIC LTD,5 star clinic ltd,Preston,Lancashire,North West,Healthcare,Worker,Skilled Worker,A rating,,,,,,,,none,,,none,,,,,,CQC and cached public-source lookup,,no unambiguous CQC name/location match; SponsorList had no exact name/location match with an employer website
155483,A & B Dental Ltd,a and b dental ltd,Northwood,,,Healthcare,Worker,Skilled Worker,A rating,,,,,,,,none,,,none,,,,,,SponsorList public directory lead,https://sponsorlist.co.uk/sponsors/a-b-dental-ltd/,CQC match supplied no eligible employer website URL; employer name has no distinctive identity token
155523,A & M Pharmacies Ltd,a and m pharmacies ltd,Coventry,West Midlands,West Midlands,Healthcare,Worker,Skilled Worker,A rating,,,,,,,,none,,,none,,,,,,SponsorList public directory lead,https://sponsorlist.co.uk/sponsors/a-m-pharmacies-ltd/,no unambiguous CQC name/location match; employer identity was not corroborated on the candidate website
155567,A A Rahman t/a Visage Dental Laboratory,a a rahman t a visage dental laboratory,Glasgow,,,Healthcare,Worker,Skilled Worker,A rating,,,,,,,,none,,,none,,,,,,SponsorList public directory lead,https://sponsorlist.co.uk/sponsors/a-a-rahman-ta-visage-dental-laboratory/,no unambiguous CQC name/location match; employer identity was not corroborated on the candidate website
155670,A Karim Pharma Ltd,a karim pharma ltd,Bradford,,,Healthcare,Worker,Skilled Worker,A rating,,,,,,,,none,,,none,,,,,,CQC and cached public-source lookup,,no unambiguous CQC name/location match; SponsorList had no exact name/location match with an employer website
155917,A&U Dental Surgeries Ltd,a and u dental surgeries ltd,Market Harborough,Leicestershire,East Midlands,Healthcare,Worker,Skilled Worker,A rating,,,,,,,,none,,,none,,,,,,CQC provider_name/high lead,https://www.cqc.org.uk/location/1-13639229200,CQC match supplied no eligible employer website URL; SponsorList had no exact name/location match with an employer website
155952,A-Z Healthcare (UK) Limited,a z healthcare uk limited,West Croydon,,,Healthcare,Worker,Skilled Worker,A rating,,,,,,,,none,,,none,,,,,,SponsorList public directory lead,https://sponsorlist.co.uk/sponsors/a-z-healthcare-uk-limited/,no unambiguous CQC name/location match; candidate website could not be safely checked: robots.txt disallows this page
156010,A.K Medical Consultancy Ltd. T/A Cockerton Pharmacy,a k medical consultancy ltd t a cockerton pharmacy,Darlington,Tyne And Wear,North East,Healthcare,Worker,Skilled Worker,A rating,,,,,,,,none,,,none,,,,,,CQC and cached public-source lookup,,no unambiguous CQC name/location match; SponsorList had no exact name/location match with an employer website
156393,AAM PHARMA LTD T/A  AR CHEMIST,aam pharma ltd t a ar chemist,LONDON,,,Healthcare,Worker,Skilled Worker,A rating,,,,,,,,none,,,none,,,,,,CQC and cached public-source lookup,,no unambiguous CQC name/location match; SponsorList had no exact name/location match with an employer website
156488,Aash Pharm Limited T/A Horn Lane Pharmacy,aash pharm limited t a horn lane pharmacy,London,,,Healthcare,Worker,Skilled Worker,A rating,,,,,,,,none,,,none,,,,,,SponsorList public directory lead,https://sponsorlist.co.uk/sponsors/aash-pharm-limited-ta-horn-lane-pharmacy/,no unambiguous CQC name/location match; employer identity was not corroborated on the candidate website
156551,AB Littlejohn & Sons LTD  T/A Dental Technology Services,ab littlejohn and sons ltd t a dental technology services,Glasgow,Starthclyde,,Healthcare,Worker,Skilled Worker,A rating,,,,,,,,none,,,none,,,,,,SponsorList public directory lead,https://sponsorlist.co.uk/sponsors/ab-littlejohn-sons-ltd-ta-dental-technology-services/,no unambiguous CQC name/location match; employer identity was not corroborated on the candidate website
156607,ABAN HEALTHCARE LTD T/A VICTORIA PHARMACY,aban healthcare ltd t a victoria pharmacy,LONDON,,,Healthcare,Worker,Skilled Worker,A rating,,,,,,,,none,,,none,,,,,,SponsorList public directory lead,https://sponsorlist.co.uk/sponsors/aban-healthcare-ltd-ta-victoria-pharmacy/,no unambiguous CQC name/location match; candidate website could not be safely checked: robots.txt disallows this page
156647,Abbey Dale Medical Centre,abbey dale medical centre,Blackpool,Lancashire,North West,Healthcare,Worker,Skilled Worker,A rating,,,,,,,https://www.abbey-dale.co.uk/,high,https://www.abbey-dale.co.uk/,https://www.abbey-dale.co.uk/jobs/,medium,https://www.abbey-dale.co.uk/jobs/,,,,,CQC provider_name/high lead; first-party page identity checked,https://www.cqc.org.uk/location/1-550225659,First-party employer identity verified; manual review remains required before import.
156648,Abbey Dental Clinic,abbey dental clinic,Whiteabbey,Co Antrim,,Healthcare,Worker,Skilled Worker,A rating,,,,,,,,none,,,none,,,,,,SponsorList public directory lead,https://sponsorlist.co.uk/sponsors/abbey-dental-clinic/,no unambiguous CQC name/location match; employer identity was not corroborated on the candidate website
156651,Abbey Equine Clinic LTD,abbey equine clinic ltd,Llanover,Monmouthshire,Wales,Healthcare,Worker,Skilled Worker,A rating,,,,,,,https://www.abbeyequine.co.uk/,high,https://www.abbeyequine.co.uk/,https://www.abbeyequine.co.uk/careers,high,https://www.abbeyequine.co.uk/,,,,,SponsorList public directory lead; first-party page identity checked,https://sponsorlist.co.uk/sponsors/abbey-equine-clinic-ltd/,no unambiguous CQC name/location match
156654,Abbey Healthcare (Aaron Court) Limited,abbey healthcare aaron court limited,Leicester,,,Healthcare,Worker,Skilled Worker,A rating,,,,,,,https://www.abbeyhealthcare.org.uk/,medium,https://www.abbeyhealthcare.org.uk/,https://www.abbeyhealthcare.org.uk/careers/,high,https://www.abbeyhealthcare.org.uk/,,,,,CQC provider_name/high lead; first-party page identity checked,https://www.cqc.org.uk/location/1-1172130136,First-party employer identity verified; manual review remains required before import.
156655,Abbey Healthcare (Cromwell) Ltd,abbey healthcare cromwell ltd,Huntingdon,Cambridge,,Healthcare,Worker,Skilled Worker,A rating,,,,,,,https://www.abbeyhealthcare.org.uk/,medium,https://www.abbeyhealthcare.org.uk/,https://www.abbeyhealthcare.org.uk/careers/,high,https://www.abbeyhealthcare.org.uk/,,,,,CQC provider_name/high lead; first-party page identity checked,https://www.cqc.org.uk/location/1-137631329,First-party employer identity verified; manual review remains required before import.
156656,Abbey Healthcare (Hamilton) Ltd,abbey healthcare hamilton ltd,Hamilton,,,Healthcare,Worker,Skilled Worker,A rating,,,,,,,https://www.abbeyhealthcare.org.uk/,medium,https://www.abbeyhealthcare.org.uk/,https://www.abbeyhealthcare.org.uk/careers/,high,https://www.abbeyhealthcare.org.uk/,,,,,SponsorList public directory lead; first-party page identity checked,https://sponsorlist.co.uk/sponsors/abbey-healthcare-hamilton-ltd/,no unambiguous CQC name/location match
156657,Abbey Healthcare (Hamilton) Ltd,abbey healthcare hamilton ltd,Hamilton,,,Healthcare,Worker,Skilled Worker,A rating,,,,,,,https://www.abbeyhealthcare.org.uk/,medium,https://www.abbeyhealthcare.org.uk/,https://www.abbeyhealthcare.org.uk/careers/,high,https://www.abbeyhealthcare.org.uk/,,,,,SponsorList public directory lead; first-party page identity checked,https://sponsorlist.co.uk/sponsors/abbey-healthcare-hamilton-ltd/,no unambiguous CQC name/location match
156658,Abbey House Medical Practice,abbey house medical practice,Daventry,,,Healthcare,Worker,Skilled Worker,A rating,,,,,,,,none,,,none,,,,,,CQC provider_name/high lead,https://www.cqc.org.uk/location/1-544432362,candidate website could not be safely checked: robots.txt disallows this page
156664,Abbey Meads Dental Practice,abbey meads dental practice,Swindon,,,Healthcare,Worker,Skilled Worker,A rating,,,,,,,,none,,,none,,,,,,SponsorList public directory lead,https://sponsorlist.co.uk/sponsors/abbey-meads-dental-practice/,no unambiguous CQC name/location match; employer identity was not corroborated on the candidate website
156666,Abbey Medical Centre,abbey medical centre,Kenilworth,United Kingdom,,Healthcare,Worker,Skilled Worker,A rating,,,,,,,https://www.abbeymc.co.uk/,medium,https://www.abbeymc.co.uk/,https://www.abbeymc.co.uk/jobs,high,https://www.abbeymc.co.uk/,,,,,SponsorList public directory lead; first-party page identity checked,https://sponsorlist.co.uk/sponsors/abbey-medical-centre/,no unambiguous CQC name/location match
156667,Abbey Medical Practice,abbey medical practice,Lincoln,,,Healthcare,Worker,Skilled Worker,A rating,,,,,,,,none,,,none,,,,,,CQC fuzzy_name_town/medium lead,https://www.cqc.org.uk/location/1-14765405917,CQC match supplied no eligible employer website URL; SponsorList had no exact name/location match with an employer website
156668,ABBEY MEDICAL PRACTICE,abbey medical practice,Wellingborough,Northamptonshire,East Midlands,Healthcare,Worker,Skilled Worker,A rating,,,,,,,https://www.abbeymedicalpractice.uk.com/,high,https://www.abbeymedicalpractice.uk.com/,,none,,,,,,CQC fuzzy_name_town/medium lead; first-party page identity checked,https://www.cqc.org.uk/location/1-568446288,"no employer-linked, verifiable careers destination found"
156687,abbey wood dental practice,abbey wood dental practice,LONDON,London,London,Healthcare,Worker,Skilled Worker,A rating,,,,,,,,none,,,none,,,,,,SponsorList public directory lead,https://sponsorlist.co.uk/sponsors/abbey-wood-dental-practice/,CQC match supplied no eligible employer website URL; employer identity was not corroborated on the candidate website
156705,Abbeywell Veterinary Clinic Limited,abbeywell veterinary clinic limited,Folkestone,Kent,South East,Healthcare,Worker,Skilled Worker,A rating,,,,,,,https://abbeywellvets.co.uk/,high,https://abbeywellvets.co.uk/,,none,,,,,,SponsorList public directory lead; first-party page identity checked,https://sponsorlist.co.uk/sponsors/abbeywell-veterinary-clinic-limited/,"no unambiguous CQC name/location match; no employer-linked, verifiable careers destination found"
156714,Abbots Healthcare Ltd,abbots healthcare ltd,Abbots Langley,Hertfordshire,East of England,Healthcare,Worker,Skilled Worker,A rating,,,,,,,,none,,,none,,,,,,SponsorList public directory lead,https://sponsorlist.co.uk/sponsors/abbots-healthcare-ltd/,no unambiguous CQC name/location match; candidate website could not be safely checked: redirect left the confirmed HTTPS employer domain
156715,Abbots Lodge Dental Practice Ltd,abbots lodge dental practice ltd,Ristington,,,Healthcare,Worker,Skilled Worker,A rating,,,,,,,https://www.abbotslodge.com/,medium,https://www.abbotslodge.com/,,none,,,,,,CQC provider_name/high lead; first-party page identity checked,https://www.cqc.org.uk/location/1-6404591568,"no employer-linked, verifiable careers destination found"
156739,Abbottswood Medical Centre,abbottswood medical centre,Pershore,Worcestershire,West Midlands,Healthcare,Worker,Skilled Worker,A rating,,,,,,,https://www.abbottswoodmedicalcentre.co.uk/,high,https://www.abbottswoodmedicalcentre.co.uk/,https://www.abbottswoodmedicalcentre.co.uk/vacancies,high,https://www.abbottswoodmedicalcentre.co.uk/,,,,,CQC provider_name/high lead; first-party page identity checked,https://www.cqc.org.uk/location/1-570672525,First-party employer identity verified; manual review remains required before import.
156806,Abeer Raja Abdul Raheem Al-Adhami T/A Abi Dental,abeer raja abdul raheem al adhami t a abi dental,London,,,Healthcare,Worker,Skilled Worker,A rating,,,,,,,https://www.abidentaluk.com/,high,https://www.abidentaluk.com/,https://www.abidentaluk.com/careers/,medium,https://www.abidentaluk.com/careers/,,,,,SponsorList public directory lead; first-party page identity checked,https://sponsorlist.co.uk/sponsors/abeer-raja-abdul-raheem-al-adhami-ta-abi-dental/,CQC match supplied no eligible employer website URL
156817,Abell Pharma Ltd,abell pharma ltd,Watford,,,Healthcare,Worker,Skilled Worker,A rating,,,,,,,,none,,,none,,,,,,SponsorList public directory lead,https://sponsorlist.co.uk/sponsors/abell-pharma-ltd/,no unambiguous CQC name/location match; employer identity was not corroborated on the candidate website
156821,Aber Medical Centre,aber medical centre,Caerphilly,,,Healthcare,Worker,Skilled Worker,A rating,,,,,,,https://www.abermedicalcentre.co.uk/,medium,https://www.abermedicalcentre.co.uk/,,none,,,,,,SponsorList public directory lead; first-party page identity checked,https://sponsorlist.co.uk/sponsors/aber-medical-centre/,"no unambiguous CQC name/location match; no employer-linked, verifiable careers destination found"
156826,Abercrombie Dental Practice,abercrombie dental practice,Westhill,Aberdeenshire,Scotland,Healthcare,Worker,Skilled Worker,A rating,,,,,,,https://abercrombie-dental.co.uk/,high,https://abercrombie-dental.co.uk/,,none,,,,,,SponsorList public directory lead; first-party page identity checked,https://sponsorlist.co.uk/sponsors/abercrombie-dental-practice/,"no unambiguous CQC name/location match; no employer-linked, verifiable careers destination found"
156851,Aberdeen Osteopathy Clinic LTD,aberdeen osteopathy clinic ltd,Aberdeen,Aberdeenshire,Scotland,Healthcare,Worker,Skilled Worker,A rating,,,,,,,https://aberdeenosteopathyclinic.com/,high,https://aberdeenosteopathyclinic.com/,,none,,,,,,SponsorList public directory lead; first-party page identity checked,https://sponsorlist.co.uk/sponsors/aberdeen-osteopathy-clinic-ltd/,"no unambiguous CQC name/location match; no employer-linked, verifiable careers destination found"
156861,Aberfoyle Medical practice,aberfoyle medical practice,Derry,Derry,Northern Ireland,Healthcare,Worker,Skilled Worker,A rating,,,,,,,https://www.aberfoylemedical.com/,high,https://www.aberfoylemedical.com/,https://www.aberfoylemedical.com/jobs/,high,https://www.aberfoylemedical.com/,,,,,SponsorList public directory lead; first-party page identity checked,https://sponsorlist.co.uk/sponsors/aberfoyle-medical-practice/,no unambiguous CQC name/location match
156894,Abhishek Vijaya Kumar T/A Blantyre Family Dental Care,abhishek vijaya kumar t a blantyre family dental care,Glasgow,,,Healthcare,Worker,Skilled Worker,A rating,,,,,,,https://blantyrefamilydentalcare.com/,high,https://blantyrefamilydentalcare.com/,,none,,,,,,SponsorList public directory lead; first-party page identity checked,https://sponsorlist.co.uk/sponsors/abhishek-vijaya-kumar-ta-blantyre-family-dental-care/,"no unambiguous CQC name/location match; no employer-linked, verifiable careers destination found"
156925,Ability Healthcare Cannock Ltd,ability healthcare cannock ltd,Walsall,,,Healthcare,Worker,Skilled Worker,A rating,,,,,,,,none,,,none,,,,,,SponsorList public directory lead,https://sponsorlist.co.uk/sponsors/ability-healthcare-cannock-ltd/,CQC match supplied no eligible employer website URL; employer identity was not corroborated on the candidate website
157000,Abney Dental Practice,abney dental practice,London,,,Healthcare,Worker,Skilled Worker,A rating,,,,,,,,none,,,none,,,,,,CQC location_name/high lead,https://www.cqc.org.uk/location/1-20397136096,CQC match supplied no eligible employer website URL; SponsorList had no exact name/location match with an employer website
157003,ABODE HEALTHCARE LTD,abode healthcare ltd,Poulton,Lancashire,North West,Healthcare,Worker,Skilled Worker,A rating,,,,,,,,none,,,none,,,,,,CQC provider_name/high lead,https://www.cqc.org.uk/location/1-15119248247,CQC match supplied no eligible employer website URL; SponsorList had no exact name/location match with an employer website
157098,Absolute Healthcare Providers Ltd,absolute healthcare providers ltd,Four Marks,Hampshire,South East,Healthcare,Worker,Skilled Worker,A rating,,,,,,,,none,,,none,,,,,,CQC provider_name/high lead,https://www.cqc.org.uk/location/1-942195279,candidate website could not be safely checked: robots.txt disallows this page
157099,Absolute Healthcare West Limited,absolute healthcare west limited,London,England,,Healthcare,Worker,Skilled Worker,A rating,,,,,,,https://www.absolutehealthcareuk.co.uk/,high,https://www.absolutehealthcareuk.co.uk/,https://www.absolutehealthcareuk.co.uk/apply-for-job,high,https://www.absolutehealthcareuk.co.uk/,,,,,SponsorList public directory lead; first-party page identity checked,https://sponsorlist.co.uk/sponsors/absolute-healthcare-west-limited/,CQC match supplied no eligible employer website URL
157135,Abundant Graze Ltd T/A ACH Healthcare (Bicester),abundant graze ltd t a ach healthcare bicester,Bicester,,,Healthcare,Worker,Skilled Worker,A rating,,,,,,,,none,,,none,,,,,,SponsorList public directory lead,https://sponsorlist.co.uk/sponsors/abundant-graze-ltd-ta-ach-healthcare-bicester/,no unambiguous CQC name/location match; candidate website could not be safely checked: getaddrinfo ENOTFOUND abundantgraze.org
157190,Academy Dental Care Ltd,academy dental care ltd,Aberdeen,,,Healthcare,Worker,Skilled Worker,A rating,,,,,,,https://www.academydentalcare.co.uk/,high,https://www.academydentalcare.co.uk/,,none,,,,,,SponsorList public directory lead; first-party page identity checked,https://sponsorlist.co.uk/sponsors/academy-dental-care-ltd/,"CQC match supplied no eligible employer website URL; no employer-linked, verifiable careers destination found"
157195,Academy Medical Centre,academy medical centre,Forfar,Angus,Scotland,Healthcare,Worker,Skilled Worker,A rating,,,,,,,https://www.academymedicalcentre.co.uk/,high,https://www.academymedicalcentre.co.uk/,,none,,,,,,SponsorList public directory lead; first-party page identity checked,https://sponsorlist.co.uk/sponsors/academy-medical-centre/,"no unambiguous CQC name/location match; no employer-linked, verifiable careers destination found"
157301,ACCESS24 HEALTHCARE LTD,access24 healthcare ltd,Milton Keynes,,,Healthcare,Worker,Skilled Worker,A rating,,,,,,,https://www.access24hms.com/,high,https://www.access24hms.com/,https://www.access24hms.com/careers/,high,https://www.access24hms.com/,,,,,CQC provider_name/high lead; first-party page identity checked,https://www.cqc.org.uk/location/1-3081023799,First-party employer identity verified; manual review remains required before import.
157348,Accord Healthcare Limited,accord healthcare limited,North Harrow,Middlesex,,Healthcare,Worker,Skilled Worker,A rating,,,,,,,,none,,,none,,,,,,CQC and cached public-source lookup,,no unambiguous CQC name/location match; SponsorList had no exact name/location match with an employer website
157349,Accord Healthcare Limited,accord healthcare limited,North Harrow,Middlesex,,Healthcare,Worker,Skilled Worker,A rating,,,,,,,,none,,,none,,,,,,CQC and cached public-source lookup,,no unambiguous CQC name/location match; SponsorList had no exact name/location match with an employer website
157412,Accu-Set Healthcare Ltd,accu set healthcare ltd,Newark,Nottinghamshire,East Midlands,Healthcare,Worker,Skilled Worker,A rating,,,,,,,,none,,,none,,,,,,CQC and cached public-source lookup,,no unambiguous CQC name/location match; SponsorList had no exact name/location match with an employer website
157488,Ace24 Healthcare Ltd,ace24 healthcare ltd,Colchester,,,Healthcare,Worker,Skilled Worker,A rating,,,,,,,,none,,,none,,,,,,CQC and cached public-source lookup,,no unambiguous CQC name/location match; SponsorList had no exact name/location match with an employer website
157516,Acetherix Healthcare Limited,acetherix healthcare limited,LEICESTER,UNITED KINGDOM,,Healthcare,Worker,Skilled Worker,A rating,,,,,,,,none,,,none,,,,,,SponsorList public directory lead,https://sponsorlist.co.uk/sponsors/acetherix-healthcare-limited/,no unambiguous CQC name/location match; candidate website could not be safely checked: robots.txt disallows this page
157527,Achieve Pharma UK Limited,achieve pharma uk limited,Henley-On-Thames,,,Healthcare,Worker,Skilled Worker,A rating,,,,,,,,none,,,none,,,,,,CQC and cached public-source lookup,,no unambiguous CQC name/location match; SponsorList had no exact name/location match with an employer website
157557,Acklam Medical Centre,acklam medical centre,Middlesbrough,Cleveland,,Healthcare,Worker,Skilled Worker,A rating,,,,,,,,none,,,none,,,,,,CQC provider_name/high lead,https://www.cqc.org.uk/location/1-3913286496,candidate website could not be safely checked: getaddrinfo ENOTFOUND www.bluebellmedicalcentre.co.uk
157574,Acme Pharma Limited,acme pharma limited,Welwyn Garden City,,,Healthcare,Worker,Skilled Worker,A rating,,,,,,,,none,,,none,,,,,,CQC and cached public-source lookup,,no unambiguous CQC name/location match; SponsorList had no exact name/location match with an employer website
157588,Acocks green dental practice,acocks green dental practice,Acocks Green,,,Healthcare,Worker,Skilled Worker,A rating,,,,,,,https://www.acocksgreendentalpractice.co.uk/,high,https://www.acocksgreendentalpractice.co.uk/,,none,,,,,,CQC location_name/high lead; first-party page identity checked,https://www.cqc.org.uk/location/1-189718876,"no employer-linked, verifiable careers destination found"
157609,Acorn Health Care Limited,acorn health care limited,East Grinstead,West Sussex,South East,Healthcare,Worker,Skilled Worker,A rating,,,,,,,https://www.acornshealthcare.co.uk/,medium,https://www.acornshealthcare.co.uk/,https://www.acornshealthcare.co.uk/careers-at-acorns/,high,https://www.acornshealthcare.co.uk/,,,,,SponsorList public directory lead; first-party page identity checked,https://sponsorlist.co.uk/sponsors/acorn-health-care-limited/,CQC match supplied no eligible employer website URL
157610,Acorn Health Care Limited,acorn health care limited,East Grinstead,West Sussex,South East,Healthcare,Worker,Skilled Worker,A rating,,,,,,,https://www.acornshealthcare.co.uk/,medium,https://www.acornshealthcare.co.uk/,https://www.acornshealthcare.co.uk/careers-at-acorns/,high,https://www.acornshealthcare.co.uk/,,,,,SponsorList public directory lead; first-party page identity checked,https://sponsorlist.co.uk/sponsors/acorn-health-care-limited/,CQC match supplied no eligible employer website URL
157611,Acorn House Veterinary Hospital,acorn house veterinary hospital,Bedford,Bedfordshire,East of England,Healthcare,Worker,Skilled Worker,A rating,,,,,,,https://www.acornhousevets.co.uk/,high,https://www.acornhousevets.co.uk/,https://www.acornhousevets.co.uk/contact-us/practice-vacancies/,high,https://www.acornhousevets.co.uk/,,,,,SponsorList public directory lead; first-party page identity checked,https://sponsorlist.co.uk/sponsors/acorn-house-veterinary-hospital/,no unambiguous CQC name/location match
157775,Active Healthcare Services,active healthcare services,Livingston,West Lothian,Scotland,Healthcare,Worker,Skilled Worker,A rating,,,,,,,,none,,,none,,,,,,CQC and cached public-source lookup,,no unambiguous CQC name/location match; SponsorList had no exact name/location match with an employer website
157784,Active Olive Healthcare Limited,active olive healthcare limited,Wellingborough,,,Healthcare,Worker,Skilled Worker,A rating,,,,,,,,none,,,none,,,,,,CQC provider_name/high lead,https://www.cqc.org.uk/location/1-11307600147,candidate website could not be safely checked: robots.txt disallows this page
157785,Active Olive Healthcare Ltd,active olive healthcare ltd,Irthlingborough,,,Healthcare,Worker,Skilled Worker,A rating,,,,,,,,none,,,none,,,,,,CQC provider_name/high lead,https://www.cqc.org.uk/location/1-11307600147,candidate website could not be safely checked: robots.txt disallows this page
157880,Acupro Clinic,acupro clinic,London,,,Healthcare,Worker,Skilled Worker,A rating,,,,,,,,none,,,none,,,,,,SponsorList public directory lead,https://sponsorlist.co.uk/sponsors/acupro-clinic/,no unambiguous CQC name/location match; candidate website could not be safely checked: robots.txt disallows this page
157913,AD Implant.com Limited T/A Dental Implant Centre,ad implant com limited t a dental implant centre,Reading,,,Healthcare,Worker,Skilled Worker,A rating,,,,,,,https://duckduckgo.com/,medium,https://duckduckgo.com/,https://duckduckgo.com/hiring,high,https://duckduckgo.com/,,,,,SponsorList public directory lead; first-party page identity checked,https://sponsorlist.co.uk/sponsors/ad-implantcom-limited-ta-dental-implant-centre/,no unambiguous CQC name/location match
158002,Adam's Healthcare Nelson Ltd,adam s healthcare nelson ltd,Nelson,England,,Healthcare,Worker,Skilled Worker,A rating,,,,,,,https://www.adamshealthcarenelson.co.uk/,high,https://www.adamshealthcarenelson.co.uk/,,none,,,,,,SponsorList public directory lead; first-party page identity checked,https://sponsorlist.co.uk/sponsors/adams-healthcare-nelson-ltd/,"no unambiguous CQC name/location match; no employer-linked, verifiable careers destination found"
158033,ADAP HEALTHCARE LTD,adap healthcare ltd,HARLOW,,,Healthcare,Worker,Skilled Worker,A rating,,,,,,,,none,,,none,,,,,,SponsorList public directory lead,https://sponsorlist.co.uk/sponsors/adap-healthcare-ltd/,no unambiguous CQC name/location match; employer identity was not corroborated on the candidate website
158048,Adara Healthcare Limited,adara healthcare limited,Northampton,,,Healthcare,Worker,Skilled Worker,A rating,,,,,,,https://www.adarahealthcare.co.uk/,high,https://www.adarahealthcare.co.uk/,https://www.adarahealthcare.co.uk/job-vacancies/,medium,https://www.adarahealthcare.co.uk/job-vacancies/,,,,,CQC provider_name/high lead; first-party page identity checked,https://www.cqc.org.uk/location/1-126824502,linked careers destination could not be verified: robots.txt disallows this page
158100,Addison Road Medical Practice,addison road medical practice,London,Waltham Forest,,Healthcare,Worker,Skilled Worker,A rating,,,,,,,,none,,,none,,,,,,SponsorList public directory lead,https://sponsorlist.co.uk/sponsors/addison-road-medical-practice/,CQC match supplied no eligible employer website URL; employer identity was not corroborated on the candidate website
158139,Adelik Healthcare Ltd,adelik healthcare ltd,Liss,Hampshire,South East,Healthcare,Worker,Skilled Worker,A rating,,,,,,,,none,,,none,,,,,,SponsorList public directory lead,https://sponsorlist.co.uk/sponsors/adelik-healthcare-ltd/,CQC match supplied no eligible employer website URL; employer identity was not corroborated on the candidate website
158145,Aden Health Care Ltd,aden health care ltd,Northampton,,,Healthcare,Worker,Skilled Worker,A rating,,,,,,,https://adenhealthcare.co.uk/,high,https://adenhealthcare.co.uk/,https://adenhealthcare.co.uk/support-worker-job-application/,high,https://adenhealthcare.co.uk/,,,,,SponsorList public directory lead; first-party page identity checked,https://sponsorlist.co.uk/sponsors/aden-health-care-ltd/,CQC match supplied no eligible employer website URL
158258,Adman's Health Care Ltd,adman s health care ltd,Bolton,,,Healthcare,Worker,Skilled Worker,A rating,,,,,,,,none,,,none,,,,,,SponsorList public directory lead,https://sponsorlist.co.uk/sponsors/admans-health-care-ltd/,no unambiguous CQC name/location match; candidate website could not be safely checked: getaddrinfo ENOTFOUND www.uksponsorshiptracker.com
158269,Admiral Healthcare ltd.,admiral healthcare ltd,Streatham,London,London,Healthcare,Worker,Skilled Worker,A rating,,,,,,,https://www.admiralhealthcare.com/,medium,https://www.admiralhealthcare.com/,https://www.admiralhealthcare.com/career,high,https://www.admiralhealthcare.com/,,,,,SponsorList public directory lead; first-party page identity checked,https://sponsorlist.co.uk/sponsors/admiral-healthcare-ltd/,CQC match supplied no eligible employer website URL
158275,Admire Healthcare T/A Apollo House,admire healthcare t a apollo house,Northampton,,,Healthcare,Worker,Skilled Worker,A rating,,,,,,,,none,,,none,,,,,,SponsorList public directory lead,https://sponsorlist.co.uk/sponsors/admire-healthcare-ta-apollo-house/,CQC match supplied no eligible employer website URL; employer identity was not corroborated on the candidate website
158384,Advance Dental Centre,advance dental centre,Aberdeen,Aberdeenshire,Scotland,Healthcare,Worker,Skilled Worker,A rating,,,,,,,,none,,,none,,,,,,SponsorList public directory lead,https://sponsorlist.co.uk/sponsors/advance-dental-centre/,no unambiguous CQC name/location match; employer identity was not corroborated on the candidate website
158385,Advance Dental Ltd T/A Advance Dental Care,advance dental ltd t a advance dental care,HOUNSLOW,,,Healthcare,Worker,Skilled Worker,A rating,,,,,,,,none,,,none,,,,,,SponsorList public directory lead,https://sponsorlist.co.uk/sponsors/advance-dental-ltd-ta-advance-dental-care/,CQC match supplied no eligible employer website URL; employer identity was not corroborated on the candidate website
158415,Advanced Beauty Clinic and Training Ltd.,advanced beauty clinic and training ltd,London,,,Healthcare,Worker,Skilled Worker,A rating,,,,,,,https://advancedbeauty.co.uk/,high,https://advancedbeauty.co.uk/,https://advancedbeauty.co.uk/careers,medium,https://advancedbeauty.co.uk/careers,,,,,SponsorList public directory lead; first-party page identity checked,https://sponsorlist.co.uk/sponsors/advanced-beauty-clinic-and-training-ltd/,no unambiguous CQC name/location match
158426,Advanced Dental Laboratories Limited,advanced dental laboratories limited,Birmingham,West Midlands,West Midlands,Healthcare,Worker,Skilled Worker,A rating,,,,,,,https://www.advanceddentallaboratories.co.uk/,high,https://www.advanceddentallaboratories.co.uk/,,none,,,,,,SponsorList public directory lead; first-party page identity checked,https://sponsorlist.co.uk/sponsors/advanced-dental-laboratories-limited/,"no unambiguous CQC name/location match; no employer-linked, verifiable careers destination found"
158441,Advanced Healthcare Ltd,advanced healthcare ltd,Tonbridge,Kent,South East,Healthcare,Worker,Global Business Mobility: Senior or Specialist Worker,A rating,,,,,,,,none,,,none,,,,,,SponsorList public directory lead,https://sponsorlist.co.uk/sponsors/advanced-healthcare-ltd/,no unambiguous CQC name/location match; employer identity was not corroborated on the candidate website
158520,Advanz Pharma Services (UK) Limited,advanz pharma services uk limited,London,,,Healthcare,Worker,Global Business Mobility: Senior or Specialist Worker,A rating,,,,,,,,none,,,none,,,,,,SponsorList public directory lead,https://sponsorlist.co.uk/sponsors/advanz-pharma-services-uk-limited/,no unambiguous CQC name/location match; employer identity was not corroborated on the candidate website
158521,Advanz Pharma Services (UK) Limited,advanz pharma services uk limited,London,,,Healthcare,Worker,Global Business Mobility: Senior or Specialist Worker,A rating,,,,,,,,none,,,none,,,,,,SponsorList public directory lead,https://sponsorlist.co.uk/sponsors/advanz-pharma-services-uk-limited/,no unambiguous CQC name/location match; employer identity was not corroborated on the candidate website
158665,AERO HEALTHCARE LTD,aero healthcare ltd,HORSHAM,,,Healthcare,Worker,Skilled Worker,A rating,,,,,,,,none,,,none,,,,,,SponsorList public directory lead,https://sponsorlist.co.uk/sponsors/aero-healthcare-ltd/,no unambiguous CQC name/location match; employer identity was not corroborated on the candidate website
158711,Aesthetic care beauty clinic ltd,aesthetic care beauty clinic ltd,Heywood,Lancashire,North West,Healthcare,Worker,Skilled Worker,A rating,,,,,,,,none,,,none,,,,,,SponsorList public directory lead,https://sponsorlist.co.uk/sponsors/aesthetic-care-beauty-clinic-ltd/,no unambiguous CQC name/location match; employer identity was not corroborated on the candidate website
158712,AESTHETIC DENTAL IMPLANTS TEAM LIMITED,aesthetic dental implants team limited,LONDON,,,Healthcare,Worker,Skilled Worker,A rating,,,,,,,,none,,,none,,,,,,SponsorList public directory lead,https://sponsorlist.co.uk/sponsors/aesthetic-dental-implants-team-limited/,CQC match supplied no eligible employer website URL; employer identity was not corroborated on the candidate website
158716,Aesthetica Dental Clinique,aesthetica dental clinique,Warlingham,,,Healthcare,Worker,Skilled Worker,A rating,,,,,,,,none,,,none,,,,,,SponsorList public directory lead,https://sponsorlist.co.uk/sponsors/aesthetica-dental-clinique/,no unambiguous CQC name/location match; employer identity was not corroborated on the candidate website
158728,Aether Dental Ltd T/A Ambleside Dental Practice,aether dental ltd t a ambleside dental practice,Shrewsbury,,,Healthcare,Worker,Skilled Worker,A rating,,,,,,,,none,,,none,,,,,,SponsorList public directory lead,https://sponsorlist.co.uk/sponsors/aether-dental-ltd-ta-ambleside-dental-practice/,CQC match supplied no eligible employer website URL; employer identity was not corroborated on the candidate website
158743,AF PHARMA LTD,af pharma ltd,Glasgow,,,Healthcare,Worker,Skilled Worker,A rating,,,,,,,,none,,,none,,,,,,SponsorList public directory lead,https://sponsorlist.co.uk/sponsors/af-pharma-ltd/,no unambiguous CQC name/location match; employer identity was not corroborated on the candidate website
158761,Afeni Healthcare Limited,afeni healthcare limited,Bristol,,,Healthcare,Worker,Skilled Worker,A rating,,,,,,,https://www.afenihealthcare.co.uk/,medium,https://www.afenihealthcare.co.uk/,https://www.afenihealthcare.co.uk/jobs,high,https://www.afenihealthcare.co.uk/,,,,,CQC provider_name/high lead; first-party page identity checked,https://www.cqc.org.uk/location/1-15777889519,First-party employer identity verified; manual review remains required before import.
158773,AFFINIA HEALTHCARE LIMITED,affinia healthcare limited,Romford,,,Healthcare,Worker,Skilled Worker,A rating,,,,,,,,none,,,none,,,,,,CQC provider_name/high lead,https://www.cqc.org.uk/location/1-9413401229,CQC match supplied no eligible employer website URL; SponsorList had no exact name/location match with an employer website
158805,Affordable Healthcare Ltd,affordable healthcare ltd,Leicester,,,Healthcare,Worker,Skilled Worker,A rating,,,,,,,,none,,,none,,,,,,SponsorList public directory lead,https://sponsorlist.co.uk/sponsors/affordable-healthcare-ltd/,CQC match supplied no eligible employer website URL; employer identity was not corroborated on the candidate website
158923,AFT Pharma UK Limited,aft pharma uk limited,London,,,Healthcare,Worker,Global Business Mobility: Senior or Specialist Worker,A rating,,,,,,,,none,,,none,,,,,,SponsorList public directory lead,https://sponsorlist.co.uk/sponsors/aft-pharma-uk-limited/,no unambiguous CQC name/location match; employer identity was not corroborated on the candidate website
158924,AFT Pharma UK Limited,aft pharma uk limited,London,,,Healthcare,Worker,Global Business Mobility: Senior or Specialist Worker,A rating,,,,,,,,none,,,none,,,,,,SponsorList public directory lead,https://sponsorlist.co.uk/sponsors/aft-pharma-uk-limited/,no unambiguous CQC name/location match; employer identity was not corroborated on the candidate website
159057,Agfa Healthcare IT UK Limited,agfa healthcare it uk limited,Uxbridge,Middlesex,,Healthcare,Worker,Skilled Worker,A rating,,,,,,,https://www.agfahealthcare.com/,medium,https://www.agfahealthcare.com/,,none,,,,,,SponsorList public directory lead; first-party page identity checked,https://sponsorlist.co.uk/sponsors/agfa-healthcare-it-uk-limited/,"no unambiguous CQC name/location match; no employer-linked, verifiable careers destination found"
159247,AH Trueman Limited T/A Hawthorn Drive Dental Practice,ah trueman limited t a hawthorn drive dental practice,"Chantry, Ipswich",,,Healthcare,Worker,Skilled Worker,A rating,,,,,,,https://www.hawthorndrivedentalpractice.co.uk/,medium,https://www.hawthorndrivedentalpractice.co.uk/,,none,,,,,,SponsorList public directory lead; first-party page identity checked,https://sponsorlist.co.uk/sponsors/ah-trueman-limited-ta-hawthorn-drive-dental-practice/,"no unambiguous CQC name/location match; no employer-linked, verifiable careers destination found"
159382,AIAM LIMITED T/A ARIANA PHARMACY,aiam limited t a ariana pharmacy,GREENFORD,,,Healthcare,Worker,Skilled Worker,A rating,,,,,,,,none,,,none,,,,,,CQC and cached public-source lookup,,no unambiguous CQC name/location match; SponsorList had no exact name/location match with an employer website
159438,Ailsa Craig Medical Practice,ailsa craig medical practice,Manchester,,,Healthcare,Worker,Skilled Worker,A rating,,,,,,,,none,,,none,,,,,,SponsorList public directory lead,https://sponsorlist.co.uk/sponsors/ailsa-craig-medical-practice/,no unambiguous CQC name/location match; candidate website could not be safely checked: robots.txt disallows this page
159490,Ainsdale Medical Centre,ainsdale medical centre,Ainsdale,,,Healthcare,Worker,Skilled Worker,A rating,,,,,,,,none,,,none,,,,,,CQC provider_name/high lead,https://www.cqc.org.uk/location/1-584911439,candidate website could not be safely checked: getaddrinfo ENOTFOUND www.ainsdale-mc.co.uk
159715,AJ & SJ Healthcare Ltd T/A Mitton Dental Surgery,aj and sj healthcare ltd t a mitton dental surgery,Stourport on Severn,Worcestershire,West Midlands,Healthcare,Worker,Skilled Worker,A rating,,,,,,,,none,,,none,,,,,,CQC provider_name/high lead,https://www.cqc.org.uk/location/1-6152427223,CQC match supplied no eligible employer website URL; SponsorList had no exact name/location match with an employer website
159769,Ajido Ltd TA Dominion Pharmacy,ajido ltd ta dominion pharmacy,Sunderland,Tyne and Wear,North East,Healthcare,Worker,Skilled Worker,A rating,,,,,,,,none,,,none,,,,,,SponsorList public directory lead,https://sponsorlist.co.uk/sponsors/ajido-ltd-ta-dominion-pharmacy/,no unambiguous CQC name/location match; employer identity was not corroborated on the candidate website
159841,AK Pharma Ltd,ak pharma ltd,willand,Devon,South West,Healthcare,Worker,Skilled Worker,A rating,,,,,,,,none,,,none,,,,,,SponsorList public directory lead,https://sponsorlist.co.uk/sponsors/ak-pharma-ltd/,no unambiguous CQC name/location match; candidate website could not be safely checked: robots.txt disallows this page
159860,AKA PHARMA,aka pharma,Stoke on Trent,,,Healthcare,Worker,Skilled Worker,A rating,,,,,,,,none,,,none,,,,,,SponsorList public directory lead,https://sponsorlist.co.uk/sponsors/aka-pharma/,no unambiguous CQC name/location match; employer identity was not corroborated on the candidate website
159954,AKM Trading Ltd T/A Gosport Community Pharmacy,akm trading ltd t a gosport community pharmacy,Gosport,,,Healthcare,Worker,Skilled Worker,A rating,,,,,,,,none,,,none,,,,,,CQC and cached public-source lookup,,no unambiguous CQC name/location match; SponsorList had no exact name/location match with an employer website
159976,AKRO PHARMACEUTICAL CO LTD,akro pharmaceutical co ltd,LONDON,ENGLAND,,Healthcare,Worker,Skilled Worker,A rating,,,,,,,https://www.akropharmaceutical.co.uk/,high,https://www.akropharmaceutical.co.uk/,,none,,,,,,SponsorList public directory lead; first-party page identity checked,https://sponsorlist.co.uk/sponsors/akro-pharmaceutical-co-ltd/,"no unambiguous CQC name/location match; no employer-linked, verifiable careers destination found"
159977,Akroates Health Care Limited,akroates health care limited,Stafford,Staffordshire,West Midlands,Healthcare,Worker,Skilled Worker,A rating,,,,,,,,none,,,none,,,,,,CQC provider_name/high lead,https://www.cqc.org.uk/location/1-14879882081,candidate website could not be safely checked: robots.txt disallows this page
159978,AKRON HEALTHCARE LTD,akron healthcare ltd,BIRMINGHAM,WEST MIDLANDS,West Midlands,Healthcare,Worker,Skilled Worker,A rating,,,,,,,,none,,,none,,,,,,SponsorList public directory lead,https://sponsorlist.co.uk/sponsors/akron-healthcare-ltd/,no unambiguous CQC name/location match; candidate website could not be safely checked: getaddrinfo ENOTFOUND www.uksponsorshiptracker.com
160022,Aktive Healthcare Limited,aktive healthcare limited,Romford,,,Healthcare,Worker,Skilled Worker,A rating,,,,,,,,none,,,none,,,,,,SponsorList public directory lead,https://sponsorlist.co.uk/sponsors/aktive-healthcare-limited/,no unambiguous CQC name/location match; employer identity was not corroborated on the candidate website
160279,Al-Shafa Medical Centre,al shafa medical centre,Birmingham,,,Healthcare,Worker,Skilled Worker,A rating,,,,,,,,none,,,none,,,,,,CQC provider_name/high lead,https://www.cqc.org.uk/location/1-537647971,candidate website could not be safely checked: robots.txt disallows this page
160289,Ala-Ud-Din Mohammad Rajput ta KINGFISHER DENTAL SURGEY,ala ud din mohammad rajput ta kingfisher dental surgey,Redditch,Worcestershire,West Midlands,Healthcare,Worker,Skilled Worker,A rating,,,,,,,https://www.kingfisherdental.co.uk/,high,https://www.kingfisherdental.co.uk/,https://www.kingfisherdental.co.uk/careers,high,https://www.kingfisherdental.co.uk/,,,,,SponsorList public directory lead; first-party page identity checked,https://sponsorlist.co.uk/sponsors/ala-ud-din-mohammad-rajput-ta-kingfisher-dental-surgey/,no unambiguous CQC name/location match
160365,Alas Healthcare (Leeds),alas healthcare leeds,Leeds,,,Healthcare,Worker,Skilled Worker,A rating,,,,,,,https://alashealthcare.co.uk/,high,https://alashealthcare.co.uk/,https://app.alashealthcare.co.uk/,high,https://alashealthcare.co.uk/,,,,,SponsorList public directory lead; first-party page identity checked,https://sponsorlist.co.uk/sponsors/alas-healthcare-leeds/,CQC match supplied no eligible employer website URL
160395,Alba Chiropractic Clinic,alba chiropractic clinic,Dundee,,,Healthcare,Worker,Skilled Worker,A rating,,,,,,,,none,,,none,,,,,,SponsorList public directory lead,https://sponsorlist.co.uk/sponsors/alba-chiropractic-clinic/,no unambiguous CQC name/location match; employer identity was not corroborated on the candidate website
160399,Alba Medical Group,alba medical group,Grangemouth,,,Healthcare,Worker,Skilled Worker,A rating,,,,,,,,none,,,none,,,,,,SponsorList public directory lead,https://sponsorlist.co.uk/sponsors/alba-medical-group/,no unambiguous CQC name/location match; candidate website could not be safely checked: robots.txt disallows this page
160414,Albany House Medical Centre,albany house medical centre,Wellingborough,Northamptonshire,East Midlands,Healthcare,Worker,Skilled Worker,A rating,,,,,,,,none,,,none,,,,,,CQC provider_name/high lead,https://www.cqc.org.uk/location/1-542606737,employer identity was not corroborated on the candidate website
160454,Albion Health Centre,albion health centre,London,,,Healthcare,Worker,Skilled Worker,A rating,,,,,,,,none,,,none,,,,,,CQC provider_name/high lead,https://www.cqc.org.uk/location/1-549593531,CQC match supplied no eligible employer website URL; SponsorList had no exact name/location match with an employer website
160455,Albion Healthcare Limited,albion healthcare limited,Edinburgh,,,Healthcare,Worker,Skilled Worker,A rating,,,,,,,,none,,,none,,,,,,SponsorList public directory lead,https://sponsorlist.co.uk/sponsors/albion-healthcare-limited/,no unambiguous CQC name/location match; employer identity was not corroborated on the candidate website
160480,Alcester Health Centre,alcester health centre,Alcester,Warwickshire,West Midlands,Healthcare,Worker,Skilled Worker,A rating,,,,,,,,none,,,none,,,,,,CQC location_name/high lead,https://www.cqc.org.uk/location/1-1488817872,CQC match supplied no eligible employer website URL; SponsorList had no exact name/location match with an employer website
160493,Alchemy Dental Practice,alchemy dental practice,Crewe,Cheshire,North West,Healthcare,Worker,Skilled Worker,A rating,,,,,,,https://www.alchemydental.co.uk/,high,https://www.alchemydental.co.uk/,,none,,,,,,CQC provider_name/high lead; first-party page identity checked,https://www.cqc.org.uk/location/1-211341627,"no employer-linked, verifiable careers destination found"
160498,ALCHEMY PHARMA LIMITED,alchemy pharma limited,Blackburn,,,Healthcare,Worker,Skilled Worker,A rating,,,,,,,,none,,,none,,,,,,CQC and cached public-source lookup,,no unambiguous CQC name/location match; SponsorList had no exact name/location match with an employer website
160531,Aldeburgh Dental Practice,aldeburgh dental practice,Aldeburgh,Suffolk,East of England,Healthcare,Worker,Skilled Worker,A rating,,,,,,,https://www.aldeburghdentist.co.uk/,high,https://www.aldeburghdentist.co.uk/,,none,,,,,,SponsorList public directory lead; first-party page identity checked,https://sponsorlist.co.uk/sponsors/aldeburgh-dental-practice/,"CQC match supplied no eligible employer website URL; no employer-linked, verifiable careers destination found"
160540,Aldergate Medical Practice,aldergate medical practice,Tamworth,Staffordshire,West Midlands,Healthcare,Worker,Skilled Worker,A rating,,,,,,,,none,,,none,,,,,,CQC provider_name/high lead,https://www.cqc.org.uk/location/1-554804406,candidate website could not be safely checked: robots.txt disallows this page
160543,Aldermans Pharmacy (London) Ltd.,aldermans pharmacy london ltd,London,,,Healthcare,Worker,Skilled Worker,A rating,,,,,,,,none,,,none,,,,,,SponsorList public directory lead,https://sponsorlist.co.uk/sponsors/aldermans-pharmacy-london-ltd/,no unambiguous CQC name/location match; employer identity was not corroborated on the candidate website
160552,Alderwood Medical Practice,alderwood medical practice,CANNOCK,STAFFORDSHIRE,West Midlands,Healthcare,Worker,Skilled Worker,A rating,,,,,,,,none,,,none,,,,,,CQC provider_name/high lead,https://www.cqc.org.uk/location/1-3485704769,employer identity was not corroborated on the candidate website
160556,Aldgate House Dental Care,aldgate house dental care,London,,,Healthcare,Worker,Skilled Worker,A rating,,,,,,,https://www.aldgatedentalcare.co.uk/,high,https://www.aldgatedentalcare.co.uk/,,none,,,,,,CQC location_name/high lead; first-party page identity checked,https://www.cqc.org.uk/location/1-3264459705,"no employer-linked, verifiable careers destination found"
160653,Alexander Wallace Healthcare LTD,alexander wallace healthcare ltd,MARGATE,,,Healthcare,Worker,Skilled Worker,A rating,,,,,,,,none,,,none,,,,,,SponsorList public directory lead,https://sponsorlist.co.uk/sponsors/alexander-wallace-healthcare-ltd/,no unambiguous CQC name/location match; employer identity was not corroborated on the candidate website
160658,ALEXANDERS DENTAL PRACTICE,alexanders dental practice,ESSEX,,,Healthcare,Worker,Skilled Worker,A rating,,,,,,,,none,,,none,,,,,,SponsorList public directory lead,https://sponsorlist.co.uk/sponsors/alexanders-dental-practice/,no unambiguous CQC name/location match; candidate website could not be safely checked: page exceeds size limit
160684,ALFA DENTAL LIMITED T/A SEAHAVEN DENTAL PRACTIC,alfa dental limited t a seahaven dental practic,EAST SUSSEX,,,Healthcare,Worker,Skilled Worker,A rating,,,,,,,,none,,,none,,,,,,SponsorList public directory lead,https://sponsorlist.co.uk/sponsors/alfa-dental-limited-ta-seahaven-dental-practic/,CQC match supplied no eligible employer website URL; employer identity was not corroborated on the candidate website
160695,ALFA PHYSIO CLINIC LTD,alfa physio clinic ltd,Manchester,,,Healthcare,Worker,Skilled Worker,A rating,,,,,,,,none,,,none,,,,,,SponsorList public directory lead,https://sponsorlist.co.uk/sponsors/alfa-physio-clinic-ltd/,no unambiguous CQC name/location match; employer identity was not corroborated on the candidate website
160831,Alicelyn Health Care Limited,alicelyn health care limited,Rotherham,South Yorkshire,Yorkshire and the Humber,Healthcare,Worker,Skilled Worker,A rating,,,,,,,https://www.alicelynhealthcare.co.uk/,medium,https://www.alicelynhealthcare.co.uk/,https://www.alicelynhealthcare.co.uk/careers-2/,medium,https://www.alicelynhealthcare.co.uk/careers-2/,,,,,SponsorList public directory lead; first-party page identity checked,https://sponsorlist.co.uk/sponsors/alicelyn-health-care-limited/,no unambiguous CQC name/location match; linked careers destination could not be verified: HTTP 404
160837,Alie Limited t/a Alie Healthcare Limited,alie limited t a alie healthcare limited,Wolverhampton,West Midlands,West Midlands,Healthcare,Worker,Skilled Worker,A rating,,,,,,,https://aliehealthcare.co.uk/,medium,https://aliehealthcare.co.uk/,https://aliehealthcare.co.uk/index.php/career-section/,high,https://aliehealthcare.co.uk/,,,,,SponsorList public directory lead; first-party page identity checked,https://sponsorlist.co.uk/sponsors/alie-limited-ta-alie-healthcare-limited/,CQC match supplied no eligible employer website URL
160840,Alif Moosajee Ltd Trading as Oakdale Dental,alif moosajee ltd trading as oakdale dental,Leicester,,,Healthcare,Worker,Skilled Worker,A rating,,,,,,,https://www.oakdaledental.co.uk/,high,https://www.oakdaledental.co.uk/,,none,,,,,,SponsorList public directory lead; first-party page identity checked,https://sponsorlist.co.uk/sponsors/alif-moosajee-ltd-trading-as-oakdale-dental/,"CQC match supplied no eligible employer website URL; no employer-linked, verifiable careers destination found"
160866,Alimentary Innervationsl Ltd t/a The Functional Gut Clinic,alimentary innervationsl ltd t a the functional gut clinic,London,,,Healthcare,Worker,Skilled Worker,A rating,,,,,,,,none,,,none,,,,,,CQC location_name/high lead,https://www.cqc.org.uk/location/1-11996699219,candidate website could not be safely checked: robots.txt disallows this page
160878,Alis Healthcare Limited,alis healthcare limited,London,,,Healthcare,Worker,Skilled Worker,A rating,,,,,,,,none,,,none,,,,,,SponsorList public directory lead,https://sponsorlist.co.uk/sponsors/alis-healthcare-limited/,no unambiguous CQC name/location match; employer identity was not corroborated on the candidate website
160899,ALIVE HEALTHCARE SOLUTIONS LTD,alive healthcare solutions ltd,"6 COUNTY BUSINESS PARK, NORTHALLERT",North Yorkshire,Yorkshire and the Humber,Healthcare,Worker,Skilled Worker,A rating,,,,,,,https://www.alivehealthcare.co.uk/,medium,https://www.alivehealthcare.co.uk/,https://www.alivehealthcare.co.uk/vacancies,high,https://www.alivehealthcare.co.uk/,,,,,CQC fuzzy_name_town/medium lead; first-party page identity checked,https://www.cqc.org.uk/location/1-22072010413,First-party employer identity verified; manual review remains required before import.
160953,ALL HEALTH CARE SERVICES LIMITED,all health care services limited,Walsall,,,Healthcare,Worker,Skilled Worker,A rating,,,,,,,,none,,,none,,,,,,CQC provider_name/high lead,https://www.cqc.org.uk/location/1-8503911344,CQC match supplied no eligible employer website URL; SponsorList had no exact name/location match with an employer website
161000,All Saints Green Dental Clinic Ltd,all saints green dental clinic ltd,Norwich,,,Healthcare,Worker,Skilled Worker,A rating,,,,,,,https://www.allsaintsgreendental.co.uk/,high,https://www.allsaintsgreendental.co.uk/,,none,,,,,,CQC provider_name/high lead; first-party page identity checked,https://www.cqc.org.uk/location/1-13788549422,"no employer-linked, verifiable careers destination found"
161067,Allans Healthcare Ltd t/a Wynyard Pharmacy,allans healthcare ltd t a wynyard pharmacy,BILLINGHAM,CLEVELAND,,Healthcare,Worker,Skilled Worker,A rating,,,,,,,,none,,,none,,,,,,SponsorList public directory lead,https://sponsorlist.co.uk/sponsors/allans-healthcare-ltd-ta-wynyard-pharmacy/,no unambiguous CQC name/location match; candidate website could not be safely checked: robots.txt disallows this page
161072,ALLAWAY HEALTHCARE LIMITED,allaway healthcare limited,HAMPSHIRE,,,Healthcare,Worker,Skilled Worker,A rating,,,,,,,,none,,,none,,,,,,SponsorList public directory lead,https://sponsorlist.co.uk/sponsors/allaway-healthcare-limited/,no unambiguous CQC name/location match; candidate website could not be safely checked: robots.txt disallows this page
161077,Allbro's Pharmacy Ltd t/a PharmacyKwik,allbro s pharmacy ltd t a pharmacykwik,Manchester,Lancashire,North West,Healthcare,Worker,Skilled Worker,A rating,,,,,,,https://pharmacykwik.co.uk/,high,https://pharmacykwik.co.uk/,,none,,,,,,SponsorList public directory lead; first-party page identity checked,https://sponsorlist.co.uk/sponsors/allbros-pharmacy-ltd-ta-pharmacykwik/,"no unambiguous CQC name/location match; no employer-linked, verifiable careers destination found"
161104,Allen House Dental Practice,allen house dental practice,Crewe,Cheshire,North West,Healthcare,Worker,Skilled Worker,A rating,,,,,,,https://www.allenhousedental.co.uk/,high,https://www.allenhousedental.co.uk/,,none,,,,,,SponsorList public directory lead; first-party page identity checked,https://sponsorlist.co.uk/sponsors/allen-house-dental-practice/,"CQC match supplied no eligible employer website URL; no employer-linked, verifiable careers destination found"
161112,Allen Street Clinic,allen street clinic,Stoke on Trent,Staffordshire,West Midlands,Healthcare,Worker,Skilled Worker,A rating,,,,,,,,none,,,none,,,,,,SponsorList public directory lead,https://sponsorlist.co.uk/sponsors/allen-street-clinic/,no unambiguous CQC name/location match; candidate website could not be safely checked: robots.txt disallows this page
161126,Allerton Medical Centre,allerton medical centre,Leeds,,,Healthcare,Worker,Skilled Worker,A rating,,,,,,,,none,,,none,,,,,,CQC provider_name/high lead,https://www.cqc.org.uk/location/1-545689559,candidate website could not be safely checked: robots.txt disallows this page
161128,Allesley Park Medical Centre,allesley park medical centre,Coventry,,,Healthcare,Worker,Skilled Worker,A rating,,,,,,,,none,,,none,,,,,,SponsorList public directory lead,https://sponsorlist.co.uk/sponsors/allesley-park-medical-centre/,no unambiguous CQC name/location match; employer identity was not corroborated on the candidate website
161151,Alliance Dental Care Limited,alliance dental care limited,Hertfordshire,,,Healthcare,Worker,Skilled Worker,A rating,,,,,,,https://alliancedental.uk/,high,https://alliancedental.uk/,https://alliancedental.uk/,high,https://alliancedental.uk/,,,,,SponsorList public directory lead; first-party page identity checked,https://sponsorlist.co.uk/sponsors/alliance-dental-care-limited/,no unambiguous CQC name/location match
161171,Alliance Healthcare Management Services Limited,alliance healthcare management services limited,Chessington,Surrey,South East,Healthcare,Worker,Skilled Worker,A rating,,,,,,,,none,,,none,,,,,,SponsorList public directory lead,https://sponsorlist.co.uk/sponsors/alliance-healthcare-management-services-limited/,no unambiguous CQC name/location match; candidate website could not be safely checked: robots.txt disallows this page
161172,Alliance Healthcare Management Services Limited,alliance healthcare management services limited,Chessington,Surrey,South East,Healthcare,Worker,Skilled Worker,A rating,,,,,,,,none,,,none,,,,,,SponsorList public directory lead,https://sponsorlist.co.uk/sponsors/alliance-healthcare-management-services-limited/,no unambiguous CQC name/location match; candidate website could not be safely checked: robots.txt disallows this page
161221,Allied Pharma Ltd.,allied pharma ltd,Somerset,,,Healthcare,Worker,Skilled Worker,A rating,,,,,,,,none,,,none,,,,,,SponsorList public directory lead,https://sponsorlist.co.uk/sponsors/allied-pharma-ltd/,no unambiguous CQC name/location match; employer identity was not corroborated on the candidate website
161268,Allpets Veterinary Clinic,allpets veterinary clinic,London,,,Healthcare,Worker,Skilled Worker,A rating,,,,,,,,none,,,none,,,,,,SponsorList public directory lead,https://sponsorlist.co.uk/sponsors/allpets-veterinary-clinic/,no unambiguous CQC name/location match; employer identity was not corroborated on the candidate website
161275,AllRx Healthcare Ltd T/A TruWell Pharmacy,allrx healthcare ltd t a truwell pharmacy,Oxford,,,Healthcare,Worker,Skilled Worker,A rating,,,,,,,,none,,,none,,,,,,CQC and cached public-source lookup,,no unambiguous CQC name/location match; SponsorList had no exact name/location match with an employer website
161323,Alma Medical Centre,alma medical centre,Stockton,Cleveland,,Healthcare,Worker,Skilled Worker,A rating,,,,,,,,none,,,none,,,,,,CQC provider_name/high lead,https://www.cqc.org.uk/location/1-540898034,CQC match supplied no eligible employer website URL; SponsorList had no exact name/location match with an employer website
161354,Almouslli Dental LTD,almouslli dental ltd,Peterborough,,,Healthcare,Worker,Skilled Worker,A rating,,,,,,,,none,,,none,,,,,,SponsorList public directory lead,https://sponsorlist.co.uk/sponsors/almouslli-dental-ltd/,no unambiguous CQC name/location match; employer identity was not corroborated on the candidate website
161440,Alpha Health Care Limited,alpha health care limited,Great Wyrley,Staffordshire,West Midlands,Healthcare,Worker,Skilled Worker,A rating,,,,,,,,none,,,none,,,,,,CQC provider_name/high lead,https://www.cqc.org.uk/location/1-137611312,candidate website could not be safely checked: redirect left the confirmed HTTPS employer domain
161528,ALPINE HEALTH CARE LIMITED,alpine health care limited,Bridlington,East Yorkshire,Yorkshire and the Humber,Healthcare,Worker,Skilled Worker,A rating,,,,,,,,none,,,none,,,,,,CQC provider_name/high lead,https://www.cqc.org.uk/location/1-114994765,employer identity was not corroborated on the candidate website
161567,alsager dental practice,alsager dental practice,stoke,,,Healthcare,Worker,Skilled Worker,A rating,,,,,,,https://alsager.dentist/,medium,https://alsager.dentist/,,none,,,,,,SponsorList public directory lead; first-party page identity checked,https://sponsorlist.co.uk/sponsors/alsager-dental-practice/,"CQC match supplied no eligible employer website URL; no employer-linked, verifiable careers destination found"
161602,Altair Healthcare Limited,altair healthcare limited,Okehampton,Devon,South West,Healthcare,Worker,Skilled Worker,A rating,,,,,,,,none,,,none,,,,,,CQC provider_name/high lead,https://www.cqc.org.uk/location/1-14774591053,candidate website could not be safely checked: redirect left the confirmed HTTPS employer domain
161630,Altera Healthcare (IT) UK LTD,altera healthcare it uk ltd,Birmingham,,,Healthcare,Worker,Global Business Mobility: Senior or Specialist Worker,A rating,,,,,,,https://uk.alterahealth.com/,medium,https://uk.alterahealth.com/,,none,,,,,,SponsorList public directory lead; first-party page identity checked,https://sponsorlist.co.uk/sponsors/altera-healthcare-it-uk-ltd/,"no unambiguous CQC name/location match; no employer-linked, verifiable careers destination found"
161631,Altera Healthcare (IT) UK LTD,altera healthcare it uk ltd,Birmingham,,,Healthcare,Worker,Global Business Mobility: Senior or Specialist Worker,A rating,,,,,,,https://uk.alterahealth.com/,medium,https://uk.alterahealth.com/,,none,,,,,,SponsorList public directory lead; first-party page identity checked,https://sponsorlist.co.uk/sponsors/altera-healthcare-it-uk-ltd/,"no unambiguous CQC name/location match; no employer-linked, verifiable careers destination found"
161679,Altmore Dental Practice,altmore dental practice,London,,,Healthcare,Worker,Skilled Worker,A rating,,,,,,,,none,,,none,,,,,,CQC provider_name/high lead,https://www.cqc.org.uk/location/1-1357122707,candidate website could not be safely checked: robots.txt disallows this page
161739,Alum Rock Medical Centre,alum rock medical centre,Birmingham,West Midlands,West Midlands,Healthcare,Worker,Skilled Worker,A rating,,,,,,,,none,,,none,,,,,,CQC provider_name/high lead,https://www.cqc.org.uk/location/1-1754725162,CQC match supplied no eligible employer website URL; SponsorList had no exact name/location match with an employer website
161756,Alvaston Medical Centre,alvaston medical centre,Derby,,,Healthcare,Worker,Skilled Worker,A rating,,,,,,,,none,,,none,,,,,,CQC and cached public-source lookup,,no unambiguous CQC name/location match; SponsorList had no exact name/location match with an employer website
161766,Alvington House Dental Practice,alvington house dental practice,Bury St Edmunds,Suffolk,East of England,Healthcare,Worker,Skilled Worker,A rating,,,,,,,https://www.alvington-house.co.uk/,high,https://www.alvington-house.co.uk/,,none,,,,,,CQC location_name/high lead; first-party page identity checked,https://www.cqc.org.uk/location/1-12955722960,"no employer-linked, verifiable careers destination found"
161776,Alwoodley Medical Centre,alwoodley medical centre,Leeds,,,Healthcare,Worker,Skilled Worker,A rating,,,,,,,https://www.alwoodleymedicalcentre.co.uk/,high,https://www.alwoodleymedicalcentre.co.uk/,,none,,,,,,CQC provider_name/high lead; first-party page identity checked,https://www.cqc.org.uk/location/1-2807911189,"no employer-linked, verifiable careers destination found"
161868,AMAFHH Healthcare Limited,amafhh healthcare limited,Loughborough,,,Healthcare,Worker,Skilled Worker,A rating,,,,,,,,none,,,none,,,,,,SponsorList public directory lead,https://sponsorlist.co.uk/sponsors/amafhh-healthcare-limited/,CQC match supplied no eligible employer website URL; employer identity was not corroborated on the candidate website
162009,Amber Healthcare Services,amber healthcare services,London,,,Healthcare,Worker,Skilled Worker,A rating,,,,,,,,none,,,none,,,,,,CQC provider_name/high lead,https://www.cqc.org.uk/location/1-410398064,CQC match supplied no eligible employer website URL; SponsorList had no exact name/location match with an employer website
162016,Amber Rose Healthcare Ltd,amber rose healthcare ltd,Taunton,Somerset,South West,Healthcare,Worker,Skilled Worker,A rating,,,,,,,,none,,,none,,,,,,CQC provider_name/high lead,https://www.cqc.org.uk/location/1-18284971597,CQC match supplied no eligible employer website URL; SponsorList had no exact name/location match with an employer website
162025,Amberley Healthcare Limited,amberley healthcare limited,Milton Keynes,Buckinghamshire,South East,Healthcare,Worker,Skilled Worker,A rating,,,,,,,,none,,,none,,,,,,CQC provider_name/high lead,https://www.cqc.org.uk/location/1-115243317,candidate website could not be safely checked: robots.txt disallows this page
162039,AmBience Healthcare Ltd,ambience healthcare ltd,rotherham,,,Healthcare,Worker,Skilled Worker,A rating,,,,,,,,none,,,none,,,,,,CQC and cached public-source lookup,,no unambiguous CQC name/location match; SponsorList had no exact name/location match with an employer website
162045,Ambin Ltd t/as Friary Pharmacy,ambin ltd t as friary pharmacy,Old Windsor,Berkshire,South East,Healthcare,Worker,Skilled Worker,A rating,,,,,,,,none,,,none,,,,,,CQC and cached public-source lookup,,no unambiguous CQC name/location match; SponsorList had no exact name/location match with an employer website
162061,Ambleside Veterinary Clinic,ambleside veterinary clinic,Worcester,Worcestershire,West Midlands,Healthcare,Worker,Skilled Worker,A rating,,,,,,,,none,,,none,,,,,,CQC and cached public-source lookup,,no unambiguous CQC name/location match; SponsorList had no exact name/location match with an employer website
162072,Ambrose Ebhohimen T/A The Dental Centre,ambrose ebhohimen t a the dental centre,Tenterden,,,Healthcare,Worker,Skilled Worker,A rating,,,,,,,,none,,,none,,,,,,CQC provider_name/high lead,https://www.cqc.org.uk/location/1-2756528842,candidate website could not be safely checked: robots.txt disallows this page
162086,AMC Healthcare Solutions LTD,amc healthcare solutions ltd,Ellesmere Port,,,Healthcare,Worker,Skilled Worker,A rating,,,,,,,,none,,,none,,,,,,SponsorList public directory lead,https://sponsorlist.co.uk/sponsors/amc-healthcare-solutions-ltd/,CQC match supplied no eligible employer website URL; candidate website could not be safely checked: page exceeds size limit
162111,AMDG Pharma Limited,amdg pharma limited,South Queensferry,,,Healthcare,Worker,Skilled Worker,A rating,,,,,,,,none,,,none,,,,,,CQC and cached public-source lookup,,no unambiguous CQC name/location match; SponsorList had no exact name/location match with an employer website
162184,Amesbury Dental Care,amesbury dental care,Salisbury,,,Healthcare,Worker,Skilled Worker,A rating,,,,,,,,none,,,none,,,,,,CQC location_name/high lead,https://www.cqc.org.uk/location/1-22129415035,CQC match supplied no eligible employer website URL; SponsorList had no exact name/location match with an employer website
162260,Amin Pharmacy,amin pharmacy,Hounslow,Middlesex,,Healthcare,Worker,Skilled Worker,A rating,,,,,,,,none,,,none,,,,,,CQC and cached public-source lookup,,no unambiguous CQC name/location match; SponsorList had no exact name/location match with an employer website
162296,AMITY DENTAL WELLNESS LIMITED T/A Dalkeith House Dental Practice,amity dental wellness limited t a dalkeith house dental practice,Hampshire,United Kingdom,,Healthcare,Worker,Skilled Worker,A rating,,,,,,,,none,,,none,,,,,,CQC provider_name/high lead,https://www.cqc.org.uk/location/1-23207533755,CQC match supplied no eligible employer website URL; SponsorList had no exact name/location match with an employer website
162455,AMQ Healthcare,amq healthcare,Rugeley,South Staffordshire,,Healthcare,Worker,Skilled Worker,A rating,,,,,,,,none,,,none,,,,,,CQC provider_name/high lead,https://www.cqc.org.uk/location/1-20710064167,CQC match supplied no eligible employer website URL; SponsorList had no exact name/location match with an employer website
162529,Amy Pharma Ltd,amy pharma ltd,London,N8 8SY,,Healthcare,Worker,Skilled Worker,A rating,,,,,,,,none,,,none,,,,,,CQC and cached public-source lookup,,no unambiguous CQC name/location match; SponsorList had no exact name/location match with an employer website
162581,Anaiah Healthcare Ltd.,anaiah healthcare ltd,Broadstairs,,,Healthcare,Worker,Skilled Worker,A rating,,,,,,,,none,,,none,,,,,,CQC and cached public-source lookup,,no unambiguous CQC name/location match; SponsorList had no exact name/location match with an employer website
162607,ANAM HEALTHCARE LIMITED,anam healthcare limited,GLASGOW,Lanarkshire,,Healthcare,Worker,Skilled Worker,A rating,,,,,,,,none,,,none,,,,,,CQC and cached public-source lookup,,no unambiguous CQC name/location match; SponsorList had no exact name/location match with an employer website
162614,Ananda Pharma plc,ananda pharma plc,London,,,Healthcare,Worker,Skilled Worker,A rating,,,,,,,,none,,,none,,,,,,CQC and cached public-source lookup,,no unambiguous CQC name/location match; SponsorList had no exact name/location match with an employer website
162642,Anavec Healthcare Solution Ltd,anavec healthcare solution ltd,Southampton,Hampshire,South East,Healthcare,Worker,Skilled Worker,A rating,,,,,,,,none,,,none,,,,,,CQC provider_name/high lead,https://www.cqc.org.uk/location/1-13044678945,candidate website could not be safely checked: getaddrinfo ENOTFOUND www.anavec-bchs.co.uk
162687,Anchors Healthcare Services Limited,anchors healthcare services limited,Ipswich,,,Healthcare,Worker,Skilled Worker,A rating,,,,,,,,none,,,none,,,,,,CQC provider_name/high lead,https://www.cqc.org.uk/location/1-14276909721,CQC match supplied no eligible employer website URL; SponsorList had no exact name/location match with an employer website
162694,Ancora Medical Practice,ancora medical practice,Scunthorpe,North Lincolnshire,Yorkshire and the Humber,Healthcare,Worker,Skilled Worker,A rating,,,,,,,,none,,,none,,,,,,CQC provider_name/high lead,https://www.cqc.org.uk/location/1-540669626,CQC match supplied no eligible employer website URL; SponsorList had no exact name/location match with an employer website
162754,Andrea Healthcare,andrea healthcare,Ipswich,,,Healthcare,Worker,Skilled Worker,A rating,,,,,,,,none,,,none,,,,,,CQC provider_name/high lead,https://www.cqc.org.uk/location/1-9781138359,CQC match supplied no eligible employer website URL; SponsorList had no exact name/location match with an employer website
162775,Andrew Rowley t/a Kimberley Park Dental Practice,andrew rowley t a kimberley park dental practice,FALMOUTH,,,Healthcare,Worker,Skilled Worker,A rating,,,,,,,,none,,,none,,,,,,CQC provider_name/high lead,https://www.cqc.org.uk/location/1-13042842220,CQC match supplied no eligible employer website URL; SponsorList had no exact name/location match with an employer website
162854,Angel Dental Implant Centre (UK) Ltd,angel dental implant centre uk ltd,London,,,Healthcare,Worker,Skilled Worker,A rating,,,,,,,,none,,,none,,,,,,CQC provider_name/high lead,https://www.cqc.org.uk/location/1-199025226,candidate website could not be safely checked: getaddrinfo ENOTFOUND www.angeldentalimplcentre.co.uk
162859,ANGEL HEALTHCARE LIMITED,angel healthcare limited,North Finchley,London,London,Healthcare,Worker,Skilled Worker,A rating,,,,,,,https://www.angelhealthcare.co.uk/,medium,https://www.angelhealthcare.co.uk/,,none,,,,,,CQC provider_name/high lead; first-party page identity checked,https://www.cqc.org.uk/location/1-115957664,"no employer-linked, verifiable careers destination found"
162860,ANGEL HEALTHCARE LTD,angel healthcare ltd,BATTLE,EAST SUSSEX,South East,Healthcare,Worker,Skilled Worker,A rating,,,,,,,https://www.angelhealthcare.co.uk/,high,https://www.angelhealthcare.co.uk/,,none,,,,,,CQC provider_name/high lead; first-party page identity checked,https://www.cqc.org.uk/location/1-115957664,"no employer-linked, verifiable careers destination found"
162861,Angel Healthcare professionals Ltd,angel healthcare professionals ltd,Erith,,,Healthcare,Worker,Skilled Worker,A rating,,,,,,,,none,,,none,,,,,,CQC provider_name/high lead,https://www.cqc.org.uk/location/1-3852969630,CQC match supplied no eligible employer website URL; SponsorList had no exact name/location match with an employer website
162885,ANGEL'S BEAUTY LASER AND SKIN CLINIC LTD,angel s beauty laser and skin clinic ltd,Coventry,,,Healthcare,Temporary Worker,Creative Worker,A rating,,,,,,,,none,,,none,,,,,,CQC and cached public-source lookup,,no unambiguous CQC name/location match; SponsorList had no exact name/location match with an employer website
162886,ANGEL'S BEAUTY LASER AND SKIN CLINIC LTD,angel s beauty laser and skin clinic ltd,Coventry,,,Healthcare,Temporary Worker,Creative Worker,A rating,,,,,,,,none,,,none,,,,,,CQC and cached public-source lookup,,no unambiguous CQC name/location match; SponsorList had no exact name/location match with an employer website
162890,Angela Hamlin Health Care Professionals Ltd,angela hamlin health care professionals ltd,London,England,,Healthcare,Worker,Skilled Worker,A rating,,,,,,,,none,,,none,,,,,,CQC provider_name/high lead,https://www.cqc.org.uk/location/1-21643541723,CQC match supplied no eligible employer website URL; SponsorList had no exact name/location match with an employer website
162904,Angelini Pharma UK-I Limited,angelini pharma uk i limited,London,,,Healthcare,Worker,Global Business Mobility: Senior or Specialist Worker,A rating,,,,,,,,none,,,none,,,,,,CQC and cached public-source lookup,,no unambiguous CQC name/location match; SponsorList had no exact name/location match with an employer website
162905,Angelini Pharma UK-I Limited,angelini pharma uk i limited,London,,,Healthcare,Worker,Global Business Mobility: Senior or Specialist Worker,A rating,,,,,,,,none,,,none,,,,,,CQC and cached public-source lookup,,no unambiguous CQC name/location match; SponsorList had no exact name/location match with an employer website
162934,Anglesey Pet Clinic Limited,anglesey pet clinic limited,Holyhead,,,Healthcare,Worker,Skilled Worker,A rating,,,,,,,,none,,,none,,,,,,CQC and cached public-source lookup,,no unambiguous CQC name/location match; SponsorList had no exact name/location match with an employer website
162989,Anglo Health Care Recruitment Limited,anglo health care recruitment limited,London,,,Healthcare,Worker,Skilled Worker,A rating,,,,,,,,none,,,none,,,,,,SponsorList public directory lead,https://sponsorlist.co.uk/sponsors/anglo-health-care-recruitment-limited/,no unambiguous CQC name/location match; employer identity was not corroborated on the candidate website
163068,Anitha Bangaru T/A Springs Dental Studio,anitha bangaru t a springs dental studio,Darlington,County Durham,North East,Healthcare,Worker,Skilled Worker,A rating,,,,,,,,none,,,none,,,,,,CQC location_name/high lead,https://www.cqc.org.uk/location/1-1607462670,candidate website could not be safely checked: robots.txt disallows this page
163092,ANJIS PHARMACY LTD TRADING AS ANJIS PHARMACY,anjis pharmacy ltd trading as anjis pharmacy,LEYTON,,,Healthcare,Worker,Skilled Worker,A rating,,,,,,,,none,,,none,,,,,,CQC and cached public-source lookup,,no unambiguous CQC name/location match; SponsorList had no exact name/location match with an employer website
163101,ANKâ??S Beauty Clinic Limited T/A Elite Cosmetology,ankâ s beauty clinic limited t a elite cosmetology,London,,,Healthcare,Worker,Skilled Worker,A rating,,,,,,,,none,,,none,,,,,,CQC and cached public-source lookup,,no unambiguous CQC name/location match; SponsorList had no exact name/location match with an employer website
163105,Ankerside Physiotherapy clinic,ankerside physiotherapy clinic,Nuneaton,warwickshire,West Midlands,Healthcare,Worker,Skilled Worker,A rating,,,,,,,,none,,,none,,,,,,CQC and cached public-source lookup,,no unambiguous CQC name/location match; SponsorList had no exact name/location match with an employer website
163133,Anna Healthcare Limited,anna healthcare limited,Carshalton,Surrey,South East,Healthcare,Worker,Skilled Worker,A rating,,,,,,,,none,,,none,,,,,,CQC and cached public-source lookup,,no unambiguous CQC name/location match; SponsorList had no exact name/location match with an employer website
163148,ANNAN STORE LTD T/A Guide Pharmacy Annan,annan store ltd t a guide pharmacy annan,Annan,,,Healthcare,Worker,Skilled Worker,A rating,,,,,,,,none,,,none,,,,,,SponsorList public directory lead,https://sponsorlist.co.uk/sponsors/annan-store-ltd-ta-guide-pharmacy-annan/,no unambiguous CQC name/location match; candidate website could not be safely checked: robots.txt disallows this page
163169,Annies Healthcare Services Limited,annies healthcare services limited,Ilford,,,Healthcare,Worker,Skilled Worker,A rating,,,,,,,,none,,,none,,,,,,CQC location_name/high lead,https://www.cqc.org.uk/location/1-163009692,CQC match supplied no eligible employer website URL; SponsorList had no exact name/location match with an employer website
163198,ANP Pharma (London) Limited,anp pharma london limited,London,,,Healthcare,Worker,Skilled Worker,A rating,,,,,,,,none,,,none,,,,,,CQC and cached public-source lookup,,no unambiguous CQC name/location match; SponsorList had no exact name/location match with an employer website
163209,ANRC Physiotherapy Clinic,anrc physiotherapy clinic,Horsham,West Sussex,South East,Healthcare,Worker,Skilled Worker,A rating,,,,,,,,none,,,none,,,,,,CQC and cached public-source lookup,,no unambiguous CQC name/location match; SponsorList had no exact name/location match with an employer website
163253,Anstey Healthcare ltd,anstey healthcare ltd,Leicester,Leicestershire,East Midlands,Healthcare,Worker,Skilled Worker,A rating,,,,,,,,none,,,none,,,,,,CQC provider_name/high lead,https://www.cqc.org.uk/location/1-13944810132,CQC match supplied no eligible employer website URL; SponsorList had no exact name/location match with an employer website
163349,Antrim House Dental Practice,antrim house dental practice,Wolverhampton,,,Healthcare,Worker,Skilled Worker,A rating,,,,,,,,none,,,none,,,,,,CQC and cached public-source lookup,,no unambiguous CQC name/location match; SponsorList had no exact name/location match with an employer website
163354,Antwerp Dental Group,antwerp dental group,Cambridge,,,Healthcare,Worker,Skilled Worker,A rating,,,,,,,,none,,,none,,,,,,CQC and cached public-source lookup,,no unambiguous CQC name/location match; SponsorList had no exact name/location match with an employer website
163427,Aone Dental Practices Ltd T/A Jaws Dental,aone dental practices ltd t a jaws dental,Fraserburgh,,,Healthcare,Worker,Skilled Worker,A rating,,,,,,,,none,,,none,,,,,,SponsorList public directory lead,https://sponsorlist.co.uk/sponsors/aone-dental-practices-ltd-ta-jaws-dental/,no unambiguous CQC name/location match; candidate website could not be safely checked: robots.txt disallows this page
163452,AP Health Ltd t/a Henconner Pharmacy,ap health ltd t a henconner pharmacy,Leeds,,,Healthcare,Worker,Skilled Worker,A rating,,,,,,,,none,,,none,,,,,,SponsorList public directory lead,https://sponsorlist.co.uk/sponsors/ap-health-ltd-ta-henconner-pharmacy/,no unambiguous CQC name/location match; employer identity was not corroborated on the candidate website
163484,APCER Life Sciences Limited,apcer life sciences limited,London,,,Healthcare,Worker,Skilled Worker,A rating,,,,,,,,none,,,none,,,,,,SponsorList public directory lead,https://sponsorlist.co.uk/sponsors/apcer-life-sciences-limited/,no unambiguous CQC name/location match; candidate website could not be safely checked: redirect without location
163485,APCO Dental Ltd,apco dental ltd,Lanark,,,Healthcare,Worker,Skilled Worker,A rating,,,,,,,,none,,,none,,,,,,SponsorList public directory lead,https://sponsorlist.co.uk/sponsors/apco-dental-ltd/,no unambiguous CQC name/location match; employer identity was not corroborated on the candidate website
163537,Apex Dental Group Limited,apex dental group limited,London,,,Healthcare,Worker,Skilled Worker,A rating,,,,,,,,none,,,none,,,,,,SponsorList public directory lead,https://sponsorlist.co.uk/sponsors/apex-dental-group-limited/,no unambiguous CQC name/location match; employer identity was not corroborated on the candidate website
163546,Apex Healthcare,apex healthcare,Littlehampton,,,Healthcare,Worker,Skilled Worker,A rating,,,,,,,,none,,,none,,,,,,CQC provider_name/high lead,https://www.cqc.org.uk/location/1-3489203069,candidate website could not be safely checked: redirect left the confirmed HTTPS employer domain
163547,Apex Healthcare Services Ltd,apex healthcare services ltd,Reading,Berkshire,South East,Healthcare,Worker,Skilled Worker,A rating,,,,,,,,none,,,none,,,,,,CQC provider_name/high lead,https://www.cqc.org.uk/location/1-3489203069,candidate website could not be safely checked: redirect left the confirmed HTTPS employer domain
163609,Aplin Smile Limited T/AS The Gentle Touch Dental Practice,aplin smile limited t as the gentle touch dental practice,Kelso,Scotland,Scotland,Healthcare,Worker,Skilled Worker,A rating,,,,,,,,none,,,none,,,,,,CQC and cached public-source lookup,,no unambiguous CQC name/location match; SponsorList had no exact name/location match with an employer website
163618,APMS Solutions Ltd t/a Akerman Medical Practice,apms solutions ltd t a akerman medical practice,London,Greater London,London,Healthcare,Worker,Skilled Worker,A rating,,,,,,,https://www.akermanmedicalpractice.com/,high,https://www.akermanmedicalpractice.com/,,none,,,,,,CQC provider_name/high lead; first-party page identity checked,https://www.cqc.org.uk/location/1-487354436,"no employer-linked, verifiable careers destination found"
163640,Apollo Dental Services Ltd,apollo dental services ltd,London,,,Healthcare,Worker,Skilled Worker,A rating,,,,,,,,none,,,none,,,,,,CQC provider_name/high lead,https://www.cqc.org.uk/location/1-5795727859,CQC match supplied no eligible employer website URL; SponsorList had no exact name/location match with an employer website
163647,APOLLO HEALTHCARE & TRAINING LTD,apollo healthcare and training ltd,Bolton,,,Healthcare,Worker,Skilled Worker,A rating,,,,,,,,none,,,none,,,,,,CQC provider_name/high lead,https://www.cqc.org.uk/location/1-10404503429,employer identity was not corroborated on the candidate website
163721,Apple Dental Studios Ltd.,apple dental studios ltd,Pinner,,,Healthcare,Worker,Skilled Worker,A rating,,,,,,,,none,,,none,,,,,,CQC provider_name/high lead,https://www.cqc.org.uk/location/1-203875640,candidate website could not be safely checked: page exceeds size limit
163732,Apple Pharmacy,apple pharmacy,Glasgow,,,Healthcare,Worker,Skilled Worker,A rating,,,,,,,,none,,,none,,,,,,CQC and cached public-source lookup,,no unambiguous CQC name/location match; SponsorList had no exact name/location match with an employer website
163733,Apple Pharmacy,apple pharmacy,Glasgow,,,Healthcare,Worker,Skilled Worker,A rating,,,,,,,,none,,,none,,,,,,CQC and cached public-source lookup,,no unambiguous CQC name/location match; SponsorList had no exact name/location match with an employer website
163739,Apple Tree Life Sciences (UK) Limited,apple tree life sciences uk limited,London,,,Healthcare,Worker,Global Business Mobility: Senior or Specialist Worker,A rating,,,,,,,https://www.appletreepartners.com/,medium,https://www.appletreepartners.com/,https://www.appletreepartners.com/careers,medium,https://www.appletreepartners.com/careers,,,,,SponsorList public directory lead; first-party page identity checked,https://sponsorlist.co.uk/sponsors/apple-tree-life-sciences-uk-limited/,no unambiguous CQC name/location match
163740,Apple Tree Life Sciences (UK) Limited,apple tree life sciences uk limited,London,,,Healthcare,Worker,Global Business Mobility: Senior or Specialist Worker,A rating,,,,,,,https://www.appletreepartners.com/,medium,https://www.appletreepartners.com/,https://www.appletreepartners.com/careers,medium,https://www.appletreepartners.com/careers,,,,,SponsorList public directory lead; first-party page identity checked,https://sponsorlist.co.uk/sponsors/apple-tree-life-sciences-uk-limited/,no unambiguous CQC name/location match
163741,Apple Tree Life Sciences (UK) Limited,apple tree life sciences uk limited,London,,,Healthcare,Worker,Global Business Mobility: Senior or Specialist Worker,A rating,,,,,,,https://www.appletreepartners.com/,medium,https://www.appletreepartners.com/,https://www.appletreepartners.com/careers,medium,https://www.appletreepartners.com/careers,,,,,SponsorList public directory lead; first-party page identity checked,https://sponsorlist.co.uk/sponsors/apple-tree-life-sciences-uk-limited/,no unambiguous CQC name/location match
163742,Apple Tree Life Sciences (UK) Limited,apple tree life sciences uk limited,London,,,Healthcare,Worker,Global Business Mobility: Senior or Specialist Worker,A rating,,,,,,,https://www.appletreepartners.com/,medium,https://www.appletreepartners.com/,https://www.appletreepartners.com/careers,medium,https://www.appletreepartners.com/careers,,,,,SponsorList public directory lead; first-party page identity checked,https://sponsorlist.co.uk/sponsors/apple-tree-life-sciences-uk-limited/,no unambiguous CQC name/location match
163762,Appletree Dental Practice,appletree dental practice,Scarborough,North Yorkshire,Yorkshire and the Humber,Healthcare,Worker,Skilled Worker,A rating,,,,,,,https://www.appletreedp.co.uk/,high,https://www.appletreedp.co.uk/,,none,,,,,,SponsorList public directory lead; first-party page identity checked,https://sponsorlist.co.uk/sponsors/appletree-dental-practice/,"no unambiguous CQC name/location match; no employer-linked, verifiable careers destination found"
163763,Appletree Dental Studio (Herne) Ltd,appletree dental studio herne ltd,Herne,Kent,South East,Healthcare,Worker,Skilled Worker,A rating,,,,,,,,none,,,none,,,,,,CQC provider_name/high lead,https://www.cqc.org.uk/location/1-215484578,candidate website could not be safely checked: getaddrinfo ENOTFOUND www.appletree-ds.co.uk
163774,Applied Biotech Ltd,applied biotech ltd,Sutton,Surrey,South East,Healthcare,Worker,Skilled Worker,A rating,,,,,,,https://appliedbiotechltd.com/,medium,https://appliedbiotechltd.com/,,none,,,,,,SponsorList public directory lead; first-party page identity checked,https://sponsorlist.co.uk/sponsors/applied-biotech-ltd/,"no unambiguous CQC name/location match; no employer-linked, verifiable careers destination found"
163804,Appoline Dental Care,appoline dental care,Grantham,Lincs,,Healthcare,Worker,Skilled Worker,A rating,,,,,,,,none,,,none,,,,,,SponsorList public directory lead,https://sponsorlist.co.uk/sponsors/appoline-dental-care/,CQC match supplied no eligible employer website URL; employer identity was not corroborated on the candidate website
163946,AQUA PHARMACY LTD,aqua pharmacy ltd,IPSWICH,SUFFOLK,East of England,Healthcare,Worker,Skilled Worker,A rating,,,,,,,https://aquapharmacy.com/,medium,https://aquapharmacy.com/,,none,,,,,,SponsorList public directory lead; first-party page identity checked,https://sponsorlist.co.uk/sponsors/aqua-pharmacy-ltd/,"no unambiguous CQC name/location match; no employer-linked, verifiable careers destination found"
164027,AR First Ltd T/A Forde Dental,ar first ltd t a forde dental,Dunbar,,,Healthcare,Worker,Skilled Worker,A rating,,,,,,,,none,,,none,,,,,,CQC and cached public-source lookup,,no unambiguous CQC name/location match; SponsorList had no exact name/location match with an employer website
164047,AR Smiles Dental Ltd,ar smiles dental ltd,London,Greenwich,,Healthcare,Worker,Skilled Worker,A rating,,,,,,,,none,,,none,,,,,,CQC provider_name/high lead,https://www.cqc.org.uk/location/1-19681215402,CQC match supplied no eligible employer website URL; SponsorList had no exact name/location match with an employer website
164117,ARANDEEP SINGH T/A PRUDHOE DENTAL PRACTICE,arandeep singh t a prudhoe dental practice,PRUDHOE,NORTHUMBERLAND,North East,Healthcare,Worker,Skilled Worker,A rating,,,,,,,,none,,,none,,,,,,CQC location_name/high lead,https://www.cqc.org.uk/location/1-19238189682,CQC match supplied no eligible employer website URL; SponsorList had no exact name/location match with an employer website
164149,Arbroath Medical Practice LLP,arbroath medical practice llp,Arbroath,,,Healthcare,Worker,Skilled Worker,A rating,,,,,,,,none,,,none,,,,,,CQC and cached public-source lookup,,no unambiguous CQC name/location match; SponsorList had no exact name/location match with an employer website
164156,ARBURY MEDICAL CENTRE NUNEATON,arbury medical centre nuneaton,NUNEATON,,,Healthcare,Worker,Skilled Worker,A rating,,,,,,,,none,,,none,,,,,,CQC and cached public-source lookup,,no unambiguous CQC name/location match; SponsorList had no exact name/location match with an employer website
164165,ARC Dental Surgery,arc dental surgery,Blackpool,Lancashire,North West,Healthcare,Worker,Skilled Worker,A rating,,,,,,,,none,,,none,,,,,,CQC location_name/high lead,https://www.cqc.org.uk/location/1-22165392766,CQC match supplied no eligible employer website URL; SponsorList had no exact name/location match with an employer website
164175,Arc Pharma (UK) Limited,arc pharma uk limited,St Albans,Hertfordshire,East of England,Healthcare,Worker,Skilled Worker,A rating,,,,,,,,none,,,none,,,,,,CQC and cached public-source lookup,,no unambiguous CQC name/location match; SponsorList had no exact name/location match with an employer website
164176,ARC PHARMA UK LIMITED,arc pharma uk limited,St Albans,,,Healthcare,Worker,Skilled Worker,A rating,,,,,,,,none,,,none,,,,,,CQC and cached public-source lookup,,no unambiguous CQC name/location match; SponsorList had no exact name/location match with an employer website
164180,ARC Smile Ltd t/a Espie and Hill Dental Practice,arc smile ltd t a espie and hill dental practice,East Lothian,,,Healthcare,Worker,Skilled Worker,A rating,,,,,,,,none,,,none,,,,,,SponsorList public directory lead,https://sponsorlist.co.uk/sponsors/arc-smile-ltd-ta-espie-and-hill-dental-practice/,no unambiguous CQC name/location match; candidate website could not be safely checked: robots.txt disallows this page
164196,Arcadia Pharma Ltd,arcadia pharma ltd,Swansea,,,Healthcare,Worker,Skilled Worker,A rating,,,,,,,,none,,,none,,,,,,CQC and cached public-source lookup,,no unambiguous CQC name/location match; SponsorList had no exact name/location match with an employer website
165064,Artios Pharma Limited,artios pharma limited,Cambridge,Cambridgeshire,East of England,Healthcare,Worker,Skilled Worker,A rating,,,,,,,https://www.artios.com/,medium,https://www.artios.com/,https://www.artios.com/careers/,high,https://www.artios.com/,,,,,SponsorList public directory lead; first-party page identity checked,https://sponsorlist.co.uk/sponsors/artios-pharma-limited/,no unambiguous CQC name/location match
165080,ARTISTIC BEAUTY CLINIC LTD,artistic beauty clinic ltd,Southampton,,,Healthcare,Worker,Skilled Worker,A rating,,,,,,,,none,,,none,,,,,,SponsorList public directory lead,https://sponsorlist.co.uk/sponsors/artistic-beauty-clinic-ltd/,no unambiguous CQC name/location match; candidate website could not be safely checked: robots.txt disallows this page
165120,Arubah Healthcare Limited,arubah healthcare limited,Newport,,,Healthcare,Worker,Skilled Worker,A rating,,,,,,,https://arubahhealthcare.co.uk/,medium,https://arubahhealthcare.co.uk/,,none,,,,,,SponsorList public directory lead; first-party page identity checked,https://sponsorlist.co.uk/sponsors/arubah-healthcare-limited/,"no unambiguous CQC name/location match; no employer-linked, verifiable careers destination found"
165173,ARW Investments LTD  T/A Snowdrop Dental Clinic,arw investments ltd t a snowdrop dental clinic,Dundee,,,Healthcare,Worker,Skilled Worker,A rating,,,,,,,,none,,,none,,,,,,SponsorList public directory lead,https://sponsorlist.co.uk/sponsors/arw-investments-ltd-ta-snowdrop-dental-clinic/,no unambiguous CQC name/location match; candidate website could not be safely checked: robots.txt disallows this page
165266,Asana Healthcare Ltd,asana healthcare ltd,Towcester,,,Healthcare,Worker,Skilled Worker,A rating,,,,,,,,none,,,none,,,,,,CQC provider_name/high lead,https://www.cqc.org.uk/location/1-8405471344,CQC match supplied no eligible employer website URL; SponsorList had no exact name/location match with an employer website
165324,ASCENT HEALTHCARE LIMITED,ascent healthcare limited,MANCHESTER,,,Healthcare,Worker,Skilled Worker,A rating,,,,,,,,none,,,none,,,,,,CQC and cached public-source lookup,,no unambiguous CQC name/location match; SponsorList had no exact name/location match with an employer website
165464,Ashberry Healthcare Limited,ashberry healthcare limited,Harpenden,,,Healthcare,Worker,Skilled Worker,A rating,,,,,,,,none,,,none,,,,,,CQC and cached public-source lookup,,no unambiguous CQC name/location match; SponsorList had no exact name/location match with an employer website
165491,Ashcroft Pharma Limited,ashcroft pharma limited,Bradford,,,Healthcare,Worker,Skilled Worker,A rating,,,,,,,,none,,,none,,,,,,CQC and cached public-source lookup,,no unambiguous CQC name/location match; SponsorList had no exact name/location match with an employer website
165499,Ashdown Medical Group,ashdown medical group,BROMLEY,,,Healthcare,Worker,Skilled Worker,A rating,,,,,,,https://www.ashdownmedical.org.uk/,high,https://www.ashdownmedical.org.uk/,https://www.ashdownmedical.org.uk/jobs,high,https://www.ashdownmedical.org.uk/,,,,,CQC provider_name/high lead; first-party page identity checked,https://www.cqc.org.uk/location/1-543965384,First-party employer identity verified; manual review remains required before import.
165510,Ashfield Medical Centre,ashfield medical centre,Milton Keynes,Choose County,,Healthcare,Worker,Skilled Worker,A rating,,,,,,,,none,,,none,,,,,,CQC fuzzy_name_town/medium lead,https://www.cqc.org.uk/location/1-565674714,candidate website could not be safely checked: robots.txt disallows this page
165513,Ashfields Primary Care Centre,ashfields primary care centre,Sandbach,Cheshire,North West,Healthcare,Worker,Skilled Worker,A rating,,,,,,,,none,,,none,,,,,,CQC provider_name/high lead,https://www.cqc.org.uk/location/1-554292766,CQC match supplied no eligible employer website URL; SponsorList had no exact name/location match with an employer website
165557,AshLea Medical Practice,ashlea medical practice,Leatherhead,Surrey,South East,Healthcare,Worker,Skilled Worker,A rating,,,,,,,,none,,,none,,,,,,CQC provider_name/high lead,https://www.cqc.org.uk/location/1-542423707,CQC match supplied no eligible employer website URL; SponsorList had no exact name/location match with an employer website
165566,Ashley Down Dental Care,ashley down dental care,BRISTOL,,,Healthcare,Worker,Skilled Worker,A rating,,,,,,,,none,,,none,,,,,,CQC location_name/high lead,https://www.cqc.org.uk/location/1-188598504,candidate website could not be safely checked: robots.txt disallows this page
165569,Ashley Healthcare Ltd,ashley healthcare ltd,Catford,London,London,Healthcare,Worker,Skilled Worker,A rating,,,,,,,,none,,,none,,,,,,CQC provider_name/high lead,https://www.cqc.org.uk/location/1-150536597,CQC match supplied no eligible employer website URL; SponsorList had no exact name/location match with an employer website
165573,ASHLEY MEDICAL PRACTICE,ashley medical practice,WALTON-ON-THAMES,SURREY,South East,Healthcare,Worker,Skilled Worker,A rating,,,,,,,,none,,,none,,,,,,CQC and cached public-source lookup,,no unambiguous CQC name/location match; SponsorList had no exact name/location match with an employer website
165575,Ashley Pharmacy Ltd,ashley pharmacy ltd,New Milton,,,Healthcare,Worker,Skilled Worker,A rating,,,,,,,,none,,,none,,,,,,CQC and cached public-source lookup,,no unambiguous CQC name/location match; SponsorList had no exact name/location match with an employer website
165584,Ashling Homes Healthcare Ltd,ashling homes healthcare ltd,Mitcham,Surrey,South East,Healthcare,Worker,Skilled Worker,A rating,,,,,,,,none,,,none,,,,,,CQC provider_name/high lead,https://www.cqc.org.uk/location/1-2945325747,candidate website could not be safely checked: robots.txt disallows this page
165639,Ashton Healthcare Group Ltd,ashton healthcare group ltd,Haywards Heath,West Sussex,South East,Healthcare,Worker,Skilled Worker,A rating,,,,,,,,none,,,none,,,,,,CQC and cached public-source lookup,,no unambiguous CQC name/location match; SponsorList had no exact name/location match with an employer website
165650,ASHTONS HEALTHCARE SOLUTIONS LTD,ashtons healthcare solutions ltd,Bolton,,,Healthcare,Worker,Skilled Worker,A rating,,,,,,,,none,,,none,,,,,,CQC and cached public-source lookup,,no unambiguous CQC name/location match; SponsorList had no exact name/location match with an employer website
165660,Ashurst Lodge Healthcare Limited,ashurst lodge healthcare limited,Wallington,,,Healthcare,Worker,Skilled Worker,A rating,,,,,,,,none,,,none,,,,,,CQC provider_name/high lead,https://www.cqc.org.uk/location/1-7118839390,CQC match supplied no eligible employer website URL; SponsorList had no exact name/location match with an employer website
165668,Ashwell Dental Surgery Ltd,ashwell dental surgery ltd,Ashwell,,,Healthcare,Worker,Skilled Worker,A rating,,,,,,,,none,,,none,,,,,,CQC provider_name/high lead,https://www.cqc.org.uk/location/1-194431970,candidate website could not be safely checked: robots.txt disallows this page
165741,ASIANSBURY LIMITED T/A WEMBLEY PHARMACY,asiansbury limited t a wembley pharmacy,WEMBLEY,,,Healthcare,Worker,Skilled Worker,A rating,,,,,,,,none,,,none,,,,,,CQC and cached public-source lookup,,no unambiguous CQC name/location match; SponsorList had no exact name/location match with an employer website
165788,"ASKA Pharmaceutical Co., Ltd",aska pharmaceutical co ltd,London,,,Healthcare,Worker,Global Business Mobility: Senior or Specialist Worker,A rating,,,,,,,,none,,,none,,,,,,CQC and cached public-source lookup,,no unambiguous CQC name/location match; SponsorList had no exact name/location match with an employer website
165863,Aspatria Medical Group,aspatria medical group,Aspatria,Cumbria,North West,Healthcare,Worker,Skilled Worker,A rating,,,,,,,https://www.aspatriamedicalgroup.co.uk/,high,https://www.aspatriamedicalgroup.co.uk/,https://www.aspatriamedicalgroup.co.uk/jobs/,high,https://www.aspatriamedicalgroup.co.uk/,,,,,CQC provider_name/high lead; first-party page identity checked,https://www.cqc.org.uk/location/1-541140723,First-party employer identity verified; manual review remains required before import.
165872,ASPECT HEALTHCARE SERVICES LIMITED,aspect healthcare services limited,Sunderland,Sunderland,North East,Healthcare,Worker,Skilled Worker,A rating,,,,,,,https://aspecthealthcare.co.uk/,medium,https://aspecthealthcare.co.uk/,https://aspecthealthcare.co.uk/careers/,high,https://aspecthealthcare.co.uk/,,,,,SponsorList public directory lead; first-party page identity checked,https://sponsorlist.co.uk/sponsors/aspect-healthcare-services-limited/,no unambiguous CQC name/location match
165888,Aspen Hill Healthcare Limited,aspen hill healthcare limited,Leeds,West Yorkshire,Yorkshire and the Humber,Healthcare,Worker,Skilled Worker,A rating,,,,,,,https://www.aspenhillvillage.com/,high,https://www.aspenhillvillage.com/,,none,,,,,,CQC provider_name/high lead; first-party page identity checked,https://www.cqc.org.uk/location/1-14980971198,"no employer-linked, verifiable careers destination found"
165889,Aspen Hill Healthcare Limited,aspen hill healthcare limited,Leeds,West Yorkshire,Yorkshire and the Humber,Healthcare,Worker,Skilled Worker,A rating,,,,,,,https://www.aspenhillvillage.com/,high,https://www.aspenhillvillage.com/,,none,,,,,,CQC provider_name/high lead; first-party page identity checked,https://www.cqc.org.uk/location/1-14980971198,"no employer-linked, verifiable careers destination found"
165893,Aspen Medical Practice,aspen medical practice,Gloucester,Gloucestershire,South West,Healthcare,Worker,Skilled Worker,A rating,,,,,,,,none,,,none,,,,,,CQC provider_name/high lead,https://www.cqc.org.uk/location/1-1482438584,candidate website could not be safely checked: getaddrinfo ENOTFOUND www.aspenmedicalpractice.nhs.net
165894,Aspen Medical Services Ltd t/a Chelsea Bridge Clinic,aspen medical services ltd t a chelsea bridge clinic,London,,,Healthcare,Worker,Skilled Worker,A rating,,,,,,,,none,,,none,,,,,,CQC provider_name/high lead,https://www.cqc.org.uk/location/1-2828053844,CQC match supplied no eligible employer website URL; SponsorList had no exact name/location match with an employer website
165984,Asrev Healthcare Ltd,asrev healthcare ltd,Preston,,,Healthcare,Worker,Skilled Worker,A rating,,,,,,,,none,,,none,,,,,,SponsorList public directory lead,https://sponsorlist.co.uk/sponsors/asrev-healthcare-ltd/,no unambiguous CQC name/location match; employer identity was not corroborated on the candidate website
166067,Associated Dental Products Ltd,associated dental products ltd,Swindon,,,Healthcare,Worker,Skilled Worker,A rating,,,,,,,,none,,,none,,,,,,SponsorList public directory lead,https://sponsorlist.co.uk/sponsors/associated-dental-products-ltd/,no unambiguous CQC name/location match; employer identity was not corroborated on the candidate website
166106,Assure Healthcare Group (South) Limited,assure healthcare group south limited,Southampton,,,Healthcare,Worker,Skilled Worker,A rating,,,,,,,,none,,,none,,,,,,SponsorList public directory lead,https://sponsorlist.co.uk/sponsors/assure-healthcare-group-south-limited/,no unambiguous CQC name/location match; candidate website could not be safely checked: robots.txt disallows this page
166119,Assured Healthcare Solutions Holdings Ltd,assured healthcare solutions holdings ltd,Alcester,,,Healthcare,Worker,Skilled Worker,A rating,,,,,,,https://www.assuredhealthcaresolutions.com/,medium,https://www.assuredhealthcaresolutions.com/,https://www.assuredhealthcaresolutions.com/careers,high,https://www.assuredhealthcaresolutions.com/,,,,,SponsorList public directory lead; first-party page identity checked,https://sponsorlist.co.uk/sponsors/assured-healthcare-solutions-holdings-ltd/,no unambiguous CQC name/location match
166120,Assured Healthcare Solutions Limited,assured healthcare solutions limited,Tamworth,Staffordshire,West Midlands,Healthcare,Worker,Skilled Worker,A rating,,,,,,,https://www.assuredhealthcaresolutions.com/,high,https://www.assuredhealthcaresolutions.com/,https://www.assuredhealthcaresolutions.com/careers,high,https://www.assuredhealthcaresolutions.com/,,,,,SponsorList public directory lead; first-party page identity checked,https://sponsorlist.co.uk/sponsors/assured-healthcare-solutions-limited/,CQC match supplied no eligible employer website URL
166121,Assured Healthcare Solutions Limited,assured healthcare solutions limited,Tamworth,Staffordshire,West Midlands,Healthcare,Worker,Skilled Worker,A rating,,,,,,,https://www.assuredhealthcaresolutions.com/,high,https://www.assuredhealthcaresolutions.com/,https://www.assuredhealthcaresolutions.com/careers,high,https://www.assuredhealthcaresolutions.com/,,,,,SponsorList public directory lead; first-party page identity checked,https://sponsorlist.co.uk/sponsors/assured-healthcare-solutions-limited/,CQC match supplied no eligible employer website URL
166146,Astellas Pharma Europe Ltd,astellas pharma europe ltd,Addlestone,,,Healthcare,Worker,Global Business Mobility: Senior or Specialist Worker,A rating,,,,,,,,none,,,none,,,,,,SponsorList public directory lead,https://sponsorlist.co.uk/sponsors/astellas-pharma-europe-ltd/,no unambiguous CQC name/location match; candidate website could not be safely checked: redirect left the confirmed HTTPS employer domain
166147,Astellas Pharma Europe Ltd,astellas pharma europe ltd,Addlestone,,,Healthcare,Worker,Global Business Mobility: Senior or Specialist Worker,A rating,,,,,,,,none,,,none,,,,,,SponsorList public directory lead,https://sponsorlist.co.uk/sponsors/astellas-pharma-europe-ltd/,no unambiguous CQC name/location match; candidate website could not be safely checked: redirect left the confirmed HTTPS employer domain
166151,ASTER HOUSE HEALTHCARE LIMITED,aster house healthcare limited,LONDON,,,Healthcare,Worker,Skilled Worker,A rating,,,,,,,,none,,,none,,,,,,SponsorList public directory lead,https://sponsorlist.co.uk/sponsors/aster-house-healthcare-limited/,CQC match supplied no eligible employer website URL; candidate website could not be safely checked: getaddrinfo ENOTFOUND www.asterhealthcare.co.uk
166181,Aston Healthcare Ltd,aston healthcare ltd,Huyton,Liverpool,North West,Healthcare,Worker,Skilled Worker,A rating,,,,,,,,none,,,none,,,,,,CQC provider_name/high lead,https://www.cqc.org.uk/location/1-534717095,CQC match supplied no eligible employer website URL; SponsorList had no exact name/location match with an employer website
166207,ASTORIA HEALTHCARE LTD,astoria healthcare ltd,HOUNSLOW,,,Healthcare,Worker,Skilled Worker,A rating,,,,,,,https://www.astoriahealthcare.com/,high,https://www.astoriahealthcare.com/,,none,,,,,,CQC provider_name/high lead; first-party page identity checked,https://www.cqc.org.uk/location/1-7413157450,"no employer-linked, verifiable careers destination found"
166249,Astute Healthcare Limited,astute healthcare limited,HItchin,,,Healthcare,Worker,Skilled Worker,A rating,,,,,,,https://www.astutehealthcare.co.uk/,high,https://www.astutehealthcare.co.uk/,https://www.astutehealthcare.co.uk/careers/,high,https://www.astutehealthcare.co.uk/,,,,,SponsorList public directory lead; first-party page identity checked,https://sponsorlist.co.uk/sponsors/astute-healthcare-limited/,no unambiguous CQC name/location match
166317,atai Life Sciences UK Ltd,atai life sciences uk ltd,London,,,Healthcare,Worker,Skilled Worker,A rating,,,,,,,https://www.ataibeckley.com/,medium,https://www.ataibeckley.com/,,none,,,,,,SponsorList public directory lead; first-party page identity checked,https://sponsorlist.co.uk/sponsors/atai-life-sciences-uk-ltd/,"no unambiguous CQC name/location match; no employer-linked, verifiable careers destination found"
166319,Atalanta Healthcare Services Limited,atalanta healthcare services limited,London,,,Healthcare,Worker,Skilled Worker,A rating,,,,,,,,none,,,none,,,,,,CQC provider_name/high lead,https://www.cqc.org.uk/location/1-27614943255,candidate website could not be safely checked: page exceeds size limit
166389,Athena Dental Laboratory Limited,athena dental laboratory limited,Northampton,,,Healthcare,Worker,Skilled Worker,A rating,,,,,,,,none,,,none,,,,,,SponsorList public directory lead,https://sponsorlist.co.uk/sponsors/athena-dental-laboratory-limited/,no unambiguous CQC name/location match; employer identity was not corroborated on the candidate website
166393,Athena Healthcare (Church Road) Limited,athena healthcare church road limited,Formby,Liverpool,North West,Healthcare,Worker,Skilled Worker,A rating,,,,,,,,none,,,none,,,,,,SponsorList public directory lead,https://sponsorlist.co.uk/sponsors/athena-healthcare-church-road-limited/,no unambiguous CQC name/location match; candidate website could not be safely checked: robots.txt disallows this page
166395,Athena Healthcare (LSA One) Limited,athena healthcare lsa one limited,Lytham St Annes,,,Healthcare,Worker,Skilled Worker,A rating,,,,,,,,none,,,none,,,,,,CQC and cached public-source lookup,,no unambiguous CQC name/location match; SponsorList had no exact name/location match with an employer website
166396,Athena Healthcare (LSA Two) Limited,athena healthcare lsa two limited,Lytham St Annes,Lancashire,North West,Healthcare,Worker,Skilled Worker,A rating,,,,,,,,none,,,none,,,,,,CQC and cached public-source lookup,,no unambiguous CQC name/location match; SponsorList had no exact name/location match with an employer website
166399,Athena Healthcare (Oxford Road) Limited,athena healthcare oxford road limited,Birkdale,Merseyside,North West,Healthcare,Worker,Skilled Worker,A rating,,,,,,,,none,,,none,,,,,,SponsorList public directory lead,https://sponsorlist.co.uk/sponsors/athena-healthcare-oxford-road-limited/,no unambiguous CQC name/location match; candidate website could not be safely checked: robots.txt disallows this page
166438,Athorpe Health Care Limited,athorpe health care limited,Dinnington,,,Healthcare,Worker,Skilled Worker,A rating,,,,,,,,none,,,none,,,,,,SponsorList public directory lead,https://sponsorlist.co.uk/sponsors/athorpe-health-care-limited/,CQC match supplied no eligible employer website URL; employer identity was not corroborated on the candidate website
166463,Atkinson Health Centre Practice,atkinson health centre practice,Barrow-in-Furness,Cumbria,North West,Healthcare,Worker,Skilled Worker,A rating,,,,,,,,none,,,none,,,,,,CQC provider_name/high lead,https://www.cqc.org.uk/location/1-7806975798,CQC match supplied no eligible employer website URL; SponsorList had no exact name/location match with an employer website
166472,Atlanta Healthcare Limited,atlanta healthcare limited,Norwich,NORFOLK,East of England,Healthcare,Worker,Skilled Worker,A rating,,,,,,,,none,,,none,,,,,,CQC provider_name/high lead,https://www.cqc.org.uk/location/1-112555052,CQC match supplied no eligible employer website URL; SponsorList had no exact name/location match with an employer website
166488,ATLANTIC MEDICAL GROUP,atlantic medical group,PENZANCE,CORNWALL,South West,Healthcare,Worker,Skilled Worker,A rating,,,,,,,,none,,,none,,,,,,CQC provider_name/high lead,https://www.cqc.org.uk/location/1-7263119052,CQC match supplied no eligible employer website URL; SponsorList had no exact name/location match with an employer website
166541,Atlas Health Group Limited,atlas health group limited,Norwich,Norfolk,East of England,Healthcare,Worker,Skilled Worker,A rating,,,,,,,,none,,,none,,,,,,SponsorList public directory lead,https://sponsorlist.co.uk/sponsors/atlas-health-group-limited/,no unambiguous CQC name/location match; candidate website could not be safely checked: robots.txt disallows this page
166579,Atnahs Pharma UK Ltd T/A Pharmanovia,atnahs pharma uk ltd t a pharmanovia,Basildon,Essex,East of England,Healthcare,Worker,Skilled Worker,A rating,,,,,,,,none,,,none,,,,,,SponsorList public directory lead,https://sponsorlist.co.uk/sponsors/atnahs-pharma-uk-ltd-ta-pharmanovia/,no unambiguous CQC name/location match; candidate website could not be safely checked: robots.txt disallows this page
166580,Atnahs Pharma UK Ltd T/A Pharmanovia,atnahs pharma uk ltd t a pharmanovia,Basildon,Essex,East of England,Healthcare,Worker,Skilled Worker,A rating,,,,,,,,none,,,none,,,,,,SponsorList public directory lead,https://sponsorlist.co.uk/sponsors/atnahs-pharma-uk-ltd-ta-pharmanovia/,no unambiguous CQC name/location match; candidate website could not be safely checked: robots.txt disallows this page
166664,ATTENBOROUGH DENTAL LABORATORIES LTD,attenborough dental laboratories ltd,NOTTINGHAM,NOTTINGHAMSHIRE,East Midlands,Healthcare,Worker,Skilled Worker,A rating,,,,,,,,none,,,none,,,,,,SponsorList public directory lead,https://sponsorlist.co.uk/sponsors/attenborough-dental-laboratories-ltd/,no unambiguous CQC name/location match; employer identity was not corroborated on the candidate website
166722,Auckland Medical Group,auckland medical group,Bishop Auckland,Co Durham,,Healthcare,Worker,Skilled Worker,A rating,,,,,,,,none,,,none,,,,,,CQC provider_name/high lead,https://www.cqc.org.uk/location/1-4789029502,CQC match supplied no eligible employer website URL; SponsorList had no exact name/location match with an employer website
166767,Audlem Medical Practice,audlem medical practice,Cheshire,,,Healthcare,Worker,Skilled Worker,A rating,,,,,,,,none,,,none,,,,,,SponsorList public directory lead,https://sponsorlist.co.uk/sponsors/audlem-medical-practice/,CQC match supplied no eligible employer website URL; employer identity was not corroborated on the candidate website
166773,Audley Late Night Pharmacy Limited,audley late night pharmacy limited,Blackburn,,,Healthcare,Worker,Skilled Worker,A rating,,,,,,,https://audleypharmacy.co.uk/,medium,https://audleypharmacy.co.uk/,,none,,,,,,SponsorList public directory lead; first-party page identity checked,https://sponsorlist.co.uk/sponsors/audley-late-night-pharmacy-limited/,"no unambiguous CQC name/location match; no employer-linked, verifiable careers destination found"
166889,Aurora Healthcare Communications Limited,aurora healthcare communications limited,London,,,Healthcare,Worker,Global Business Mobility: Senior or Specialist Worker,A rating,,,,,,,https://www.auroracomms.com/,high,https://www.auroracomms.com/,https://www.auroracomms.com/careers,high,https://www.auroracomms.com/,,,,,SponsorList public directory lead; first-party page identity checked,https://sponsorlist.co.uk/sponsors/aurora-healthcare-communications-limited/,no unambiguous CQC name/location match
166890,Aurora Healthcare Communications Limited,aurora healthcare communications limited,London,,,Healthcare,Worker,Global Business Mobility: Senior or Specialist Worker,A rating,,,,,,,https://www.auroracomms.com/,high,https://www.auroracomms.com/,https://www.auroracomms.com/careers,high,https://www.auroracomms.com/,,,,,SponsorList public directory lead; first-party page identity checked,https://sponsorlist.co.uk/sponsors/aurora-healthcare-communications-limited/,no unambiguous CQC name/location match
166969,AUTO CLINIC (HIGH WYCOMBE) LIMITED,auto clinic high wycombe limited,High Wycombe,Buckinghamshire,South East,Healthcare,Worker,Skilled Worker,A rating,,,,,,,,none,,,none,,,,,,SponsorList public directory lead,https://sponsorlist.co.uk/sponsors/auto-clinic-high-wycombe-limited/,no unambiguous CQC name/location match; employer identity was not corroborated on the candidate website
167054,Automeds Pharmacy Ltd,automeds pharmacy ltd,POOLE,Dorset,South West,Healthcare,Worker,Skilled Worker,A rating,,,,,,,https://www.automeds.co.uk/,high,https://www.automeds.co.uk/,https://www.automeds.co.uk/careers,high,https://www.automeds.co.uk/,,,,,SponsorList public directory lead; first-party page identity checked,https://sponsorlist.co.uk/sponsors/automeds-pharmacy-ltd/,no unambiguous CQC name/location match
167163,Avalon Veterinary Clinic Ltd,avalon veterinary clinic ltd,Milngavie,Glasgow,Scotland,Healthcare,Worker,Skilled Worker,A rating,,,,,,,https://www.avalonvet.co.uk/,high,https://www.avalonvet.co.uk/,https://www.avalonvet.co.uk/vacancies.html,high,https://www.avalonvet.co.uk/,,,,,SponsorList public directory lead; first-party page identity checked,https://sponsorlist.co.uk/sponsors/avalon-veterinary-clinic-ltd/,no unambiguous CQC name/location match
167169,Avana Healthcare Limited,avana healthcare limited,Kent,,,Healthcare,Worker,Skilled Worker,A rating,,,,,,,https://avanahealthcare.co.uk/,high,https://avanahealthcare.co.uk/,,none,,,,,,SponsorList public directory lead; first-party page identity checked,https://sponsorlist.co.uk/sponsors/avana-healthcare-limited/,"no unambiguous CQC name/location match; no employer-linked, verifiable careers destination found"
167183,Avant Healthcare Services Ltd,avant healthcare services ltd,Hounslow,Middlesex,,Healthcare,Worker,Skilled Worker,A rating,,,,,,,https://avanthomecare.co.uk/,high,https://avanthomecare.co.uk/,https://avanthomecare.co.uk/work-for-us/,high,https://avanthomecare.co.uk/,,,,,SponsorList public directory lead; first-party page identity checked,https://sponsorlist.co.uk/sponsors/avant-healthcare-services-ltd/,CQC match supplied no eligible employer website URL
167245,Avena Healthcare Ltd,avena healthcare ltd,Largs,,,Healthcare,Worker,Skilled Worker,A rating,,,,,,,,none,,,none,,,,,,SponsorList public directory lead,https://sponsorlist.co.uk/sponsors/avena-healthcare-ltd/,no unambiguous CQC name/location match; candidate website could not be safely checked: robots.txt disallows this page
167257,aventis pharma Ltd  t/a Sanofi,aventis pharma ltd t a sanofi,Reading,Surrey,South East,Healthcare,Worker,Skilled Worker,A rating,,,,,,,https://www.sanofi.co.uk/en,medium,https://www.sanofi.co.uk/en,,none,,,,,,SponsorList public directory lead; first-party page identity checked,https://sponsorlist.co.uk/sponsors/aventis-pharma-ltd-ta-sanofi/,"no unambiguous CQC name/location match; no employer-linked, verifiable careers destination found"
167258,aventis pharma Ltd  t/a Sanofi,aventis pharma ltd t a sanofi,Reading,Surrey,South East,Healthcare,Worker,Skilled Worker,A rating,,,,,,,https://www.sanofi.co.uk/en,medium,https://www.sanofi.co.uk/en,,none,,,,,,SponsorList public directory lead; first-party page identity checked,https://sponsorlist.co.uk/sponsors/aventis-pharma-ltd-ta-sanofi/,"no unambiguous CQC name/location match; no employer-linked, verifiable careers destination found"
167270,AVENUES HEALTHCARE LTD,avenues healthcare ltd,Burnley,,,Healthcare,Worker,Skilled Worker,A rating,,,,,,,,none,,,none,,,,,,CQC provider_name/high lead,https://www.cqc.org.uk/location/1-12363025954,candidate website could not be safely checked: getaddrinfo ENOTFOUND www.avenues-hc.co.uk
167275,AVERLEY QWARA HEALTHCARE LTD,averley qwara healthcare ltd,"Sheerness,",Kent,South East,Healthcare,Worker,Skilled Worker,A rating,,,,,,,https://averleyqwarahealthcare.co.uk/,high,https://averleyqwarahealthcare.co.uk/,https://averleyqwarahealthcare.co.uk/apply-now/,high,https://averleyqwarahealthcare.co.uk/,,,,,SponsorList public directory lead; first-party page identity checked,https://sponsorlist.co.uk/sponsors/averley-qwara-healthcare-ltd/,CQC match supplied no eligible employer website URL
167360,AVISEENA INTERNATIONAL HEALTHCARE LTD,aviseena international healthcare ltd,Banstead,Surrey,South East,Healthcare,Worker,Skilled Worker,A rating,,,,,,,,none,,,none,,,,,,CQC provider_name/high lead,https://www.cqc.org.uk/location/1-11439231326,CQC match supplied no eligible employer website URL; SponsorList had no exact name/location match with an employer website
167367,Aviteus Healthcare Ltd,aviteus healthcare ltd,Kenton,,,Healthcare,Worker,Skilled Worker,A rating,,,,,,,https://aviteushealthcare.co.uk/,high,https://aviteushealthcare.co.uk/,,none,,,,,,SponsorList public directory lead; first-party page identity checked,https://sponsorlist.co.uk/sponsors/aviteus-healthcare-ltd/,"no unambiguous CQC name/location match; no employer-linked, verifiable careers destination found"
167368,AVITICAL LTD T/A BRETTS PHARMACY,avitical ltd t a bretts pharmacy,GROVE,OXFORDSHIRE,South East,Healthcare,Worker,Skilled Worker,A rating,,,,,,,,none,,,none,,,,,,SponsorList public directory lead,https://sponsorlist.co.uk/sponsors/avitical-ltd-ta-bretts-pharmacy/,no unambiguous CQC name/location match; employer identity was not corroborated on the candidate website
167390,AVM HEALTH CARE LTD,avm health care ltd,WATERLOOVILLE,,,Healthcare,Worker,Skilled Worker,A rating,,,,,,,,none,,,none,,,,,,CQC provider_name/high lead,https://www.cqc.org.uk/location/1-26047643215,CQC match supplied no eligible employer website URL; SponsorList had no exact name/location match with an employer website
167411,Avon and Wiltshire Mental Health NHS Partnership,avon and wiltshire mental health nhs partnership,Bath,,,Healthcare,Worker,Skilled Worker,A rating,,,,,,,,none,,,none,,,,,,CQC and cached public-source lookup,,no unambiguous CQC name/location match; SponsorList had no exact name/location match with an employer website
167422,Avon Healthcare Solutions Ltd,avon healthcare solutions ltd,BRISTOL,,,Healthcare,Worker,Skilled Worker,A rating,,,,,,,https://avonhealthcare.co.uk/,high,https://avonhealthcare.co.uk/,https://avonhealthcare.co.uk/,high,https://avonhealthcare.co.uk/,,,,,SponsorList public directory lead; first-party page identity checked,https://sponsorlist.co.uk/sponsors/avon-healthcare-solutions-ltd/,CQC match supplied no eligible employer website URL
167439,Avondale Dental,avondale dental,Grange Over Sands,Cumbria,North West,Healthcare,Worker,Skilled Worker,A rating,,,,,,,,none,,,none,,,,,,SponsorList public directory lead,https://sponsorlist.co.uk/sponsors/avondale-dental/,no unambiguous CQC name/location match; employer identity was not corroborated on the candidate website
167459,Avrin Pharma Ltd,avrin pharma ltd,Liverpool,Merseyside,North West,Healthcare,Worker,Skilled Worker,A rating,,,,,,,https://www.avrin.co.uk/,high,https://www.avrin.co.uk/,https://www.avrin.co.uk/careers/,high,https://www.avrin.co.uk/,,,,,SponsorList public directory lead; first-party page identity checked,https://sponsorlist.co.uk/sponsors/avrin-pharma-ltd/,no unambiguous CQC name/location match
167460,Avrin Pharma Ltd,avrin pharma ltd,Liverpool,Merseyside,North West,Healthcare,Worker,Skilled Worker,A rating,,,,,,,https://www.avrin.co.uk/,high,https://www.avrin.co.uk/,https://www.avrin.co.uk/careers/,high,https://www.avrin.co.uk/,,,,,SponsorList public directory lead; first-party page identity checked,https://sponsorlist.co.uk/sponsors/avrin-pharma-ltd/,no unambiguous CQC name/location match
167485,Avtar Pardesi Ltd T/A Cambridge Street Dental Practice,avtar pardesi ltd t a cambridge street dental practice,St Neots,cambridgeshire,East of England,Healthcare,Worker,Skilled Worker,A rating,,,,,,,https://www.cambridgestreetdental.com/,high,https://www.cambridgestreetdental.com/,,none,,,,,,SponsorList public directory lead; first-party page identity checked,https://sponsorlist.co.uk/sponsors/avtar-pardesi-ltd-ta-cambridge-street-dental-practice/,"CQC match supplied no eligible employer website URL; no employer-linked, verifiable careers destination found"
167497,AW Brown Dental Practice,aw brown dental practice,Felixstowe,Suffolk,East of England,Healthcare,Worker,Skilled Worker,A rating,,,,,,,https://awbrowndental.co.uk/,high,https://awbrowndental.co.uk/,,none,,,,,,SponsorList public directory lead; first-party page identity checked,https://sponsorlist.co.uk/sponsors/aw-brown-dental-practice/,"no unambiguous CQC name/location match; no employer-linked, verifiable careers destination found"
167539,Awelon Healthcare,awelon healthcare,Swansea,Clydach,,Healthcare,Worker,Skilled Worker,A rating,,,,,,,,none,,,none,,,,,,SponsorList public directory lead,https://sponsorlist.co.uk/sponsors/awelon-healthcare/,no unambiguous CQC name/location match; candidate website could not be safely checked: robots.txt disallows this page
167565,AXA Global Healthcare (UK) Limited,axa global healthcare uk limited,Tunbridge Wells,Kent,South East,Healthcare,Worker,Skilled Worker,A rating,,,,,,,,none,,,none,,,,,,SponsorList public directory lead,https://sponsorlist.co.uk/sponsors/axa-global-healthcare-uk-limited/,no unambiguous CQC name/location match; candidate website could not be safely checked: HTTP 403
167566,AXA Global Healthcare (UK) Limited,axa global healthcare uk limited,Tunbridge Wells,Kent,South East,Healthcare,Worker,Skilled Worker,A rating,,,,,,,,none,,,none,,,,,,SponsorList public directory lead,https://sponsorlist.co.uk/sponsors/axa-global-healthcare-uk-limited/,no unambiguous CQC name/location match; candidate website could not be safely checked: HTTP 403
167578,Axbridge & Wedmore Medical Practice,axbridge and wedmore medical practice,Axbridge,Somerset,South West,Healthcare,Worker,Skilled Worker,A rating,,,,,,,,none,,,none,,,,,,CQC provider_name/high lead,https://www.cqc.org.uk/location/1-558482425,candidate website could not be safely checked: redirect left the confirmed HTTPS employer domain
167642,AXIS Healthcare Consulting Limited,axis healthcare consulting limited,London,,,Healthcare,Worker,Skilled Worker,A rating,,,,,,,https://www.axishealthcare.co.uk/,high,https://www.axishealthcare.co.uk/,https://www.axishealthcare.co.uk/jobs-2,high,https://www.axishealthcare.co.uk/,,,,,SponsorList public directory lead; first-party page identity checked,https://sponsorlist.co.uk/sponsors/axis-healthcare-consulting-limited/,no unambiguous CQC name/location match
167643,Axis Healthcare Ltd,axis healthcare ltd,Milton Keynes,Buckinghamshire,South East,Healthcare,Worker,Skilled Worker,A rating,,,,,,,https://www.axishealthcare.co.uk/,high,https://www.axishealthcare.co.uk/,https://www.axishealthcare.co.uk/jobs-2,high,https://www.axishealthcare.co.uk/,,,,,CQC provider_name/high lead; first-party page identity checked,https://www.cqc.org.uk/location/1-5447913580,First-party employer identity verified; manual review remains required before import.
167756,AYP HEALTHCARE LTD,ayp healthcare ltd,Romford,Essex,East of England,Healthcare,Worker,Skilled Worker,A rating,,,,,,,,none,,,none,,,,,,SponsorList public directory lead,https://sponsorlist.co.uk/sponsors/ayp-healthcare-ltd/,no unambiguous CQC name/location match; employer identity was not corroborated on the candidate website
167779,Ayton and Snainton Medical Practice,ayton and snainton medical practice,Scarborough,North Yorkshire,Yorkshire and the Humber,Healthcare,Worker,Skilled Worker,A rating,,,,,,,https://www.ayton-snainton.co.uk/,medium,https://www.ayton-snainton.co.uk/,,none,,,,,,CQC provider_name/high lead; first-party page identity checked,https://www.cqc.org.uk/location/1-541695766,"no employer-linked, verifiable careers destination found"
167782,Ayu Healthcare limited T/A CareFirst Pharmacy,ayu healthcare limited t a carefirst pharmacy,Portchester,,,Healthcare,Worker,Skilled Worker,A rating,,,,,,,,none,,,none,,,,,,SponsorList public directory lead,https://sponsorlist.co.uk/sponsors/ayu-healthcare-limited-ta-carefirst-pharmacy/,no unambiguous CQC name/location match; candidate website could not be safely checked: robots.txt disallows this page
167795,Ayurvedic Healing & Laser Clinic LTD,ayurvedic healing and laser clinic ltd,Bury,,,Healthcare,Worker,Skilled Worker,A rating,,,,,,,,none,,,none,,,,,,SponsorList public directory lead,https://sponsorlist.co.uk/sponsors/ayurvedic-healing-laser-clinic-ltd/,no unambiguous CQC name/location match; candidate website could not be safely checked: getaddrinfo ENOTFOUND www.ahlc.co.uk
167796,AYURVEDIC HEALTHCARE & LASER CLINIC LTD,ayurvedic healthcare and laser clinic ltd,Manchester,England,,Healthcare,Worker,Skilled Worker,A rating,,,,,,,,none,,,none,,,,,,SponsorList public directory lead,https://sponsorlist.co.uk/sponsors/ayurvedic-healthcare-laser-clinic-ltd/,no unambiguous CQC name/location match; employer identity was not corroborated on the candidate website
167846,B&S PHARMA LTD T/A ARDLEIGH GREEN PHARMACY,b and s pharma ltd t a ardleigh green pharmacy,HORNCHURCH,,,Healthcare,Worker,Skilled Worker,A rating,,,,,,,,none,,,none,,,,,,SponsorList public directory lead,https://sponsorlist.co.uk/sponsors/bs-pharma-ltd-ta-ardleigh-green-pharmacy/,no unambiguous CQC name/location match; employer identity was not corroborated on the candidate website
167855,B&W United healthcare Ltd,b and w united healthcare ltd,Solihull,,,Healthcare,Worker,Skilled Worker,A rating,,,,,,,,none,,,none,,,,,,CQC and cached public-source lookup,,no unambiguous CQC name/location match; SponsorList had no exact name/location match with an employer website
167908,B24 Healthcare Solution Ltd,b24 healthcare solution ltd,Nuneaton,Midlands,,Healthcare,Worker,Skilled Worker,A rating,,,,,,,,none,,,none,,,,,,CQC provider_name/high lead,https://www.cqc.org.uk/location/1-11288535435,candidate website could not be safely checked: getaddrinfo ENOTFOUND www.infob24healthcaresolution.co.uk
167933,BA MEDI PHARMA LTD,ba medi pharma ltd,EDGWARE,,,Healthcare,Worker,Skilled Worker,A rating,,,,,,,,none,,,none,,,,,,SponsorList public directory lead,https://sponsorlist.co.uk/sponsors/ba-medi-pharma-ltd/,no unambiguous CQC name/location match; candidate website could not be safely checked: robots.txt disallows this page
167935,BA Pharma Ltd,ba pharma ltd,London,,,Healthcare,Worker,Skilled Worker,A rating,,,,,,,,none,,,none,,,,,,SponsorList public directory lead,https://sponsorlist.co.uk/sponsors/ba-pharma-ltd/,no unambiguous CQC name/location match; employer identity was not corroborated on the candidate website
167940,BAA Pharma Ltd,baa pharma ltd,Manchester,,,Healthcare,Worker,Skilled Worker,A rating,,,,,,,,none,,,none,,,,,,SponsorList public directory lead,https://sponsorlist.co.uk/sponsors/baa-pharma-ltd/,no unambiguous CQC name/location match; employer identity was not corroborated on the candidate website
168025,BABY SCAN CLINIC LIMITED,baby scan clinic limited,Watford,,,Healthcare,Worker,Skilled Worker,A rating,,,,,,,,none,,,none,,,,,,CQC provider_name/high lead,https://www.cqc.org.uk/location/1-5922964555,candidate website could not be safely checked: HTTP 403
168031,Baby Ultrasound Clinic Limited,baby ultrasound clinic limited,Bolton,,,Healthcare,Worker,Skilled Worker,A rating,,,,,,,https://www.babyultrasoundclinic.co.uk/,high,https://www.babyultrasoundclinic.co.uk/,,none,,,,,,SponsorList public directory lead; first-party page identity checked,https://sponsorlist.co.uk/sponsors/baby-ultrasound-clinic-limited/,"CQC match supplied no eligible employer website URL; no employer-linked, verifiable careers destination found"
168038,Babylon Healthcare Services Limited,babylon healthcare services limited,London,,,Healthcare,Worker,Skilled Worker,A rating,,,,,,,,none,,,none,,,,,,CQC provider_name/high lead,https://www.cqc.org.uk/location/1-14192259089,candidate website could not be safely checked: robots.txt disallows this page
168066,BACK & NECK CHIROPRACTIC CLINIC,back and neck chiropractic clinic,CARDIFF,,,Healthcare,Worker,Skilled Worker,A rating,,,,,,,,none,,,none,,,,,,SponsorList public directory lead,https://sponsorlist.co.uk/sponsors/back-neck-chiropractic-clinic/,no unambiguous CQC name/location match; employer identity was not corroborated on the candidate website
168078,Back2Balance Physiotherapy and Pilates Clinic,back2balance physiotherapy and pilates clinic,London,,,Healthcare,Worker,Skilled Worker,A rating,,,,,,,,none,,,none,,,,,,SponsorList public directory lead,https://sponsorlist.co.uk/sponsors/back2balance-physiotherapy-and-pilates-clinic/,no unambiguous CQC name/location match; employer identity was not corroborated on the candidate website
168114,Badham Pharmacy,badham pharmacy,Bishops Cleeve,Gloucestershire,South West,Healthcare,Worker,Skilled Worker,A rating,,,,,,,,none,,,none,,,,,,SponsorList public directory lead,https://sponsorlist.co.uk/sponsors/badham-pharmacy/,no unambiguous CQC name/location match; employer identity was not corroborated on the candidate website
168126,BAE Healthcare Limited,bae healthcare limited,London,,,Healthcare,Worker,Skilled Worker,A rating,,,,,,,https://www.baehealthcare.com/,medium,https://www.baehealthcare.com/,https://www.baehealthcare.com/bae-training-and-recruitment,high,https://www.baehealthcare.com/,,,,,SponsorList public directory lead; first-party page identity checked,https://sponsorlist.co.uk/sponsors/bae-healthcare-limited/,no unambiguous CQC name/location match
168151,Baghyarani Gnaniar T/A  Wishaw Dental Clinic,baghyarani gnaniar t a wishaw dental clinic,Wishaw,North Lanarkshire,Scotland,Healthcare,Worker,Skilled Worker,A rating,,,,,,,,none,,,none,,,,,,SponsorList public directory lead,https://sponsorlist.co.uk/sponsors/baghyarani-gnaniar-ta-wishaw-dental-clinic/,no unambiguous CQC name/location match; employer identity was not corroborated on the candidate website
168168,BAH PHARMA LTD T/A Moatfield Pharmacy,bah pharma ltd t a moatfield pharmacy,East Grinstead,,,Healthcare,Worker,Skilled Worker,A rating,,,,,,,,none,,,none,,,,,,CQC and cached public-source lookup,,no unambiguous CQC name/location match; SponsorList had no exact name/location match with an employer website
168201,Bains Healthcare Limited,bains healthcare limited,Johnstone,,,Healthcare,Worker,Skilled Worker,A rating,,,,,,,,none,,,none,,,,,,SponsorList public directory lead,https://sponsorlist.co.uk/sponsors/bains-healthcare-limited/,no unambiguous CQC name/location match; employer identity was not corroborated on the candidate website
168293,BALAJI DENTAL LIMITED,balaji dental limited,ASTON ROWANT,SOUTH OXFORDSHIRE,,Healthcare,Worker,Skilled Worker,A rating,,,,,,,,none,,,none,,,,,,SponsorList public directory lead,https://sponsorlist.co.uk/sponsors/balaji-dental-limited/,CQC match supplied no eligible employer website URL; employer identity was not corroborated on the candidate website
168331,Baldevs Dental Care Ltd,baldevs dental care ltd,Newbury,Berkshire,South East,Healthcare,Worker,Skilled Worker,A rating,,,,,,,https://baldevsdentalcare.co.uk/,high,https://baldevsdentalcare.co.uk/,,none,,,,,,SponsorList public directory lead; first-party page identity checked,https://sponsorlist.co.uk/sponsors/baldevs-dental-care-ltd/,"no unambiguous CQC name/location match; no employer-linked, verifiable careers destination found"
168349,BALI DENTAL LIMITED,bali dental limited,INVERNESS,,,Healthcare,Worker,Skilled Worker,A rating,,,,,,,,none,,,none,,,,,,SponsorList public directory lead,https://sponsorlist.co.uk/sponsors/bali-dental-limited/,no unambiguous CQC name/location match; employer identity was not corroborated on the candidate website
168376,Ballochmyle Medical Group,ballochmyle medical group,Mauchline,East Ayrshire,Scotland,Healthcare,Worker,Skilled Worker,A rating,,,,,,,,none,,,none,,,,,,SponsorList public directory lead,https://sponsorlist.co.uk/sponsors/ballochmyle-medical-group/,no unambiguous CQC name/location match; candidate website could not be safely checked: robots.txt disallows this page
168385,Ballyholme Dental Practice,ballyholme dental practice,Bangor,Down,Northern Ireland,Healthcare,Worker,Skilled Worker,A rating,,,,,,,,none,,,none,,,,,,SponsorList public directory lead,https://sponsorlist.co.uk/sponsors/ballyholme-dental-practice/,no unambiguous CQC name/location match; employer identity was not corroborated on the candidate website
168388,Ballymena Dental Care Limited,ballymena dental care limited,Ballymena,,,Healthcare,Worker,Skilled Worker,A rating,,,,,,,,none,,,none,,,,,,SponsorList public directory lead,https://sponsorlist.co.uk/sponsors/ballymena-dental-care-limited/,no unambiguous CQC name/location match; employer identity was not corroborated on the candidate website
168406,Balmoral Pharmacy,balmoral pharmacy,Northampton,,,Healthcare,Worker,Skilled Worker,A rating,,,,,,,,none,,,none,,,,,,SponsorList public directory lead,https://sponsorlist.co.uk/sponsors/balmoral-pharmacy/,no unambiguous CQC name/location match; employer identity was not corroborated on the candidate website
168421,Balsall Common Pharmacy,balsall common pharmacy,Coventry,,,Healthcare,Worker,Skilled Worker,A rating,,,,,,,,none,,,none,,,,,,CQC and cached public-source lookup,,no unambiguous CQC name/location match; SponsorList had no exact name/location match with an employer website
168477,Bampton Healthcare Ltd,bampton healthcare ltd,Bampton,Oxfordshire,South East,Healthcare,Worker,Skilled Worker,A rating,,,,,,,,none,,,none,,,,,,CQC and cached public-source lookup,,no unambiguous CQC name/location match; SponsorList had no exact name/location match with an employer website
168478,Bampton Medical Practice,bampton medical practice,Bampton,,,Healthcare,Worker,Skilled Worker,A rating,,,,,,,,none,,,none,,,,,,CQC and cached public-source lookup,,no unambiguous CQC name/location match; SponsorList had no exact name/location match with an employer website
168519,Bancroft medical Centre COURTENAY HOUSE,bancroft medical centre courtenay house,HITCHIN,HERTFORDSHIRE,East of England,Healthcare,Worker,Skilled Worker,A rating,,,,,,,,none,,,none,,,,,,CQC and cached public-source lookup,,no unambiguous CQC name/location match; SponsorList had no exact name/location match with an employer website
168555,Bangholm Medical Centre,bangholm medical centre,Edinburgh,,,Healthcare,Worker,Skilled Worker,A rating,,,,,,,,none,,,none,,,,,,CQC and cached public-source lookup,,no unambiguous CQC name/location match; SponsorList had no exact name/location match with an employer website
168655,Bank Street Dental Ltd,bank street dental ltd,Galashiels,,,Healthcare,Worker,Skilled Worker,A rating,,,,,,,,none,,,none,,,,,,CQC and cached public-source lookup,,no unambiguous CQC name/location match; SponsorList had no exact name/location match with an employer website
168660,BANKFOOT AUTO CLINIC,bankfoot auto clinic,Bradford,West Yorkshire,Yorkshire and the Humber,Healthcare,Worker,Skilled Worker,A rating,,,,,,,,none,,,none,,,,,,CQC and cached public-source lookup,,no unambiguous CQC name/location match; SponsorList had no exact name/location match with an employer website
168668,Banks & Bearwood Medical Centre,banks and bearwood medical centre,Bournemouth,Dorset,South West,Healthcare,Worker,Skilled Worker,A rating,,,,,,,,none,,,none,,,,,,CQC provider_name/high lead,https://www.cqc.org.uk/location/1-2018457316,candidate website could not be safely checked: robots.txt disallows this page
168679,Banning Dental Group Ltd,banning dental group ltd,london,Kent,South East,Healthcare,Worker,Skilled Worker,A rating,,,,,,,,none,,,none,,,,,,CQC fuzzy_name_town/medium lead,https://www.cqc.org.uk/location/1-28133094312,CQC match supplied no eligible employer website URL; SponsorList had no exact name/location match with an employer website
168680,Banning Dental Group Ltd,banning dental group ltd,london,Kent,South East,Healthcare,Worker,Skilled Worker,A rating,,,,,,,,none,,,none,,,,,,CQC fuzzy_name_town/medium lead,https://www.cqc.org.uk/location/1-28133094312,CQC match supplied no eligible employer website URL; SponsorList had no exact name/location match with an employer website
168681,banns pharmacy ltd.,banns pharmacy ltd,ST DENNIS,,,Healthcare,Worker,Skilled Worker,A rating,,,,,,,,none,,,none,,,,,,CQC and cached public-source lookup,,no unambiguous CQC name/location match; SponsorList had no exact name/location match with an employer website
168694,BANSAL AND LONG LIMITED t/a Whinchat Pharmacy,bansal and long limited t a whinchat pharmacy,London,,,Healthcare,Worker,Skilled Worker,A rating,,,,,,,,none,,,none,,,,,,CQC and cached public-source lookup,,no unambiguous CQC name/location match; SponsorList had no exact name/location match with an employer website
168739,BAQRX PHARMA LTD,baqrx pharma ltd,SALFORD,,,Healthcare,Worker,Skilled Worker,A rating,,,,,,,,none,,,none,,,,,,CQC and cached public-source lookup,,no unambiguous CQC name/location match; SponsorList had no exact name/location match with an employer website
168740,BAQRX PHARMA LTD,baqrx pharma ltd,SALFORD,,,Healthcare,Worker,Skilled Worker,A rating,,,,,,,,none,,,none,,,,,,CQC and cached public-source lookup,,no unambiguous CQC name/location match; SponsorList had no exact name/location match with an employer website
168768,BARAKAH HEALTHCARE LIMITED,barakah healthcare limited,NORTHAMPTON,,,Healthcare,Worker,Skilled Worker,A rating,,,,,,,,none,,,none,,,,,,CQC and cached public-source lookup,,no unambiguous CQC name/location match; SponsorList had no exact name/location match with an employer website
168777,Barbauchlaw Medical Practice,barbauchlaw medical practice,Armadale,,,Healthcare,Worker,Skilled Worker,A rating,,,,,,,,none,,,none,,,,,,CQC and cached public-source lookup,,no unambiguous CQC name/location match; SponsorList had no exact name/location match with an employer website
168800,Barchester Healthcare,barchester healthcare,Inverness,Highland,Scotland,Healthcare,Worker,Skilled Worker,A rating,,,,,,,,none,,,none,,,,,,CQC and cached public-source lookup,,no unambiguous CQC name/location match; SponsorList had no exact name/location match with an employer website
168801,BARCHESTER HEALTHCARE LIMITED,barchester healthcare limited,LONDON,Highland,Scotland,Healthcare,Worker,Skilled Worker,A rating,,,,,,,,none,,,none,,,,,,SponsorList public directory lead,https://sponsorlist.co.uk/sponsors/barchester-healthcare-limited/,no unambiguous CQC name/location match; employer identity was not corroborated on the candidate website
168803,Barclay Medical Practice Livingston North,barclay medical practice livingston north,Livingston,,,Healthcare,Worker,Skilled Worker,A rating,,,,,,,,none,,,none,,,,,,CQC and cached public-source lookup,,no unambiguous CQC name/location match; SponsorList had no exact name/location match with an employer website
168896,BARKHILL DENTAL PRACTICE LTD,barkhill dental practice ltd,BRADFORD,,,Healthcare,Worker,Skilled Worker,A rating,,,,,,,,none,,,none,,,,,,CQC and cached public-source lookup,,no unambiguous CQC name/location match; SponsorList had no exact name/location match with an employer website
168919,Barn Lodge Veterinary Hospital,barn lodge veterinary hospital,Ormskirk,Lancs,,Healthcare,Worker,Skilled Worker,A rating,,,,,,,,none,,,none,,,,,,CQC and cached public-source lookup,,no unambiguous CQC name/location match; SponsorList had no exact name/location match with an employer website
168949,Barnfield Healthcare Ltd,barnfield healthcare ltd,Slough,,,Healthcare,Worker,Skilled Worker,A rating,,,,,,,,none,,,none,,,,,,CQC provider_name/high lead,https://www.cqc.org.uk/location/1-14279113726,CQC match supplied no eligible employer website URL; SponsorList had no exact name/location match with an employer website
168961,Barnsley Healthcare Federation (BHF) CIC,barnsley healthcare federation bhf cic,Barnsley,South Yorkshire,Yorkshire and the Humber,Healthcare,Worker,Skilled Worker,A rating,,,,,,,,none,,,none,,,,,,CQC and cached public-source lookup,,no unambiguous CQC name/location match; SponsorList had no exact name/location match with an employer website
168975,BARONS PHARMACY LIMITED,barons pharmacy limited,Sutton,,,Healthcare,Worker,Skilled Worker,A rating,,,,,,,,none,,,none,,,,,,CQC and cached public-source lookup,,no unambiguous CQC name/location match; SponsorList had no exact name/location match with an employer website
168978,Barony medical Centre,barony medical centre,Glasgow,,,Healthcare,Worker,Skilled Worker,A rating,,,,,,,,none,,,none,,,,,,CQC and cached public-source lookup,,no unambiguous CQC name/location match; SponsorList had no exact name/location match with an employer website
168982,Barrack Lane Medical Centre,barrack lane medical centre,Ipswich,Suffolk,East of England,Healthcare,Worker,Skilled Worker,A rating,,,,,,,https://www.barracklane.co.uk/,high,https://www.barracklane.co.uk/,https://www.barracklane.co.uk/jobs,high,https://www.barracklane.co.uk/,,,,,CQC provider_name/high lead; first-party page identity checked,https://www.cqc.org.uk/location/1-545546275,First-party employer identity verified; manual review remains required before import.
169036,Bartholomew Medical Group,bartholomew medical group,Goole,,,Healthcare,Worker,Skilled Worker,A rating,,,,,,,,none,,,none,,,,,,CQC provider_name/high lead,https://www.cqc.org.uk/location/1-540550530,candidate website could not be safely checked: robots.txt disallows this page
169054,Barton House Medical Practice,barton house medical practice,Beaminster,Dorset,South West,Healthcare,Worker,Skilled Worker,A rating,,,,,,,,none,,,none,,,,,,CQC provider_name/high lead,https://www.cqc.org.uk/location/1-562120346,candidate website could not be safely checked: robots.txt disallows this page
169061,Bartongate Ltd T/a AllCare Pharmacy,bartongate ltd t a allcare pharmacy,Gloucester,,,Healthcare,Worker,Skilled Worker,A rating,,,,,,,,none,,,none,,,,,,CQC and cached public-source lookup,,no unambiguous CQC name/location match; SponsorList had no exact name/location match with an employer website
169065,Barwell and Hollycroft Medical Centre,barwell and hollycroft medical centre,Barwell,Leicestershire,East Midlands,Healthcare,Worker,Skilled Worker,A rating,,,,,,,,none,,,none,,,,,,CQC and cached public-source lookup,,no unambiguous CQC name/location match; SponsorList had no exact name/location match with an employer website
169083,BASE life science Limited,base life science limited,London,,,Healthcare,Worker,Skilled Worker,A rating,,,,,,,,none,,,none,,,,,,CQC and cached public-source lookup,,no unambiguous CQC name/location match; SponsorList had no exact name/location match with an employer website
169115,Basic Healthcare Ltd,basic healthcare ltd,Redhill,Surrey,South East,Healthcare,Worker,Skilled Worker,A rating,,,,,,,,none,,,none,,,,,,SponsorList public directory lead,https://sponsorlist.co.uk/sponsors/basic-healthcare-ltd/,no unambiguous CQC name/location match; candidate website could not be safely checked: getaddrinfo ENOTFOUND www.uksponsorshiptracker.com
169170,"Basudev Enterprises Ltd, Bedford Dental Practice",basudev enterprises ltd bedford dental practice,Bedford,,,Healthcare,Worker,Skilled Worker,A rating,,,,,,,https://bedforddentalpractice.com/,high,https://bedforddentalpractice.com/,,none,,,,,,SponsorList public directory lead; first-party page identity checked,https://sponsorlist.co.uk/sponsors/basudev-enterprises-ltd-bedford-dental-practice/,"no unambiguous CQC name/location match; no employer-linked, verifiable careers destination found"
169188,BATH AND DISTRICT PHARMACY LIMITED,bath and district pharmacy limited,Walsall,,,Healthcare,Worker,Skilled Worker,A rating,,,,,,,,none,,,none,,,,,,SponsorList public directory lead,https://sponsorlist.co.uk/sponsors/bath-and-district-pharmacy-limited/,no unambiguous CQC name/location match; employer identity was not corroborated on the candidate website
169237,Battersea Primary Care Ltd,battersea primary care ltd,Battersea,,,Healthcare,Worker,Skilled Worker,A rating,,,,,,,,none,,,none,,,,,,CQC and cached public-source lookup,,no unambiguous CQC name/location match; SponsorList had no exact name/location match with an employer website
169242,Battlefield Healthcare,battlefield healthcare,Shrewsbury,Shropshire,West Midlands,Healthcare,Worker,Skilled Worker,A rating,,,,,,,,none,,,none,,,,,,SponsorList public directory lead,https://sponsorlist.co.uk/sponsors/battlefield-healthcare/,CQC match supplied no eligible employer website URL; candidate website could not be safely checked: HTTP 403
169284,Baxter Healthcare Limited,baxter healthcare limited,Reading,,,Healthcare,Worker,Global Business Mobility: Senior or Specialist Worker,A rating,,,,,,,,none,,,none,,,,,,SponsorList public directory lead,https://sponsorlist.co.uk/sponsors/baxter-healthcare-limited/,no unambiguous CQC name/location match; candidate website could not be safely checked: fetch failed
169285,Baxter Healthcare Limited,baxter healthcare limited,Reading,,,Healthcare,Worker,Global Business Mobility: Senior or Specialist Worker,A rating,,,,,,,,none,,,none,,,,,,SponsorList public directory lead,https://sponsorlist.co.uk/sponsors/baxter-healthcare-limited/,no unambiguous CQC name/location match; candidate website could not be safely checked: fetch failed
169298,BAY MEDICAL GROUP,bay medical group,MORECAMBE,LANCASHIRE,North West,Healthcare,Worker,Skilled Worker,A rating,,,,,,,https://www.baymedicalgroup.co.uk/,high,https://www.baymedicalgroup.co.uk/,https://www.baymedicalgroup.co.uk/jobs,high,https://www.baymedicalgroup.co.uk/,,,,,CQC provider_name/high lead; first-party page identity checked,https://www.cqc.org.uk/location/1-571111874,First-party employer identity verified; manual review remains required before import.
169310,Baycliff Dental & Implant Surgery,baycliff dental and implant surgery,Liverpool,,,Healthcare,Worker,Skilled Worker,A rating,,,,,,,,none,,,none,,,,,,SponsorList public directory lead,https://sponsorlist.co.uk/sponsors/baycliff-dental-implant-surgery/,no unambiguous CQC name/location match; employer identity was not corroborated on the candidate website
169344,Baywater Healthcare,baywater healthcare,Crewe,Cheshire,North West,Healthcare,Worker,Skilled Worker,A rating,,,,,,,https://www.baywater.co.uk/,high,https://www.baywater.co.uk/,https://www.baywater.co.uk/careers/,high,https://www.baywater.co.uk/,,,,,CQC provider_name/high lead; first-party page identity checked,https://www.cqc.org.uk/location/1-9183153318,First-party employer identity verified; manual review remains required before import.
169345,Baywater Healthcare Limited,baywater healthcare limited,Crewe,,,Healthcare,Worker,Global Business Mobility: Senior or Specialist Worker,A rating,,,,,,,https://www.baywater.co.uk/,high,https://www.baywater.co.uk/,https://www.baywater.co.uk/careers/,high,https://www.baywater.co.uk/,,,,,CQC provider_name/high lead; first-party page identity checked,https://www.cqc.org.uk/location/1-9183153318,First-party employer identity verified; manual review remains required before import.
169346,Baywater Healthcare Limited,baywater healthcare limited,Crewe,,,Healthcare,Worker,Global Business Mobility: Senior or Specialist Worker,A rating,,,,,,,https://www.baywater.co.uk/,high,https://www.baywater.co.uk/,https://www.baywater.co.uk/careers/,high,https://www.baywater.co.uk/,,,,,CQC provider_name/high lead; first-party page identity checked,https://www.cqc.org.uk/location/1-9183153318,First-party employer identity verified; manual review remains required before import.
169433,BC SMILE LTD T/A EB DENTAL,bc smile ltd t a eb dental,LONDON,,,Healthcare,Worker,Skilled Worker,A rating,,,,,,,,none,,,none,,,,,,SponsorList public directory lead,https://sponsorlist.co.uk/sponsors/bc-smile-ltd-ta-eb-dental/,no unambiguous CQC name/location match; employer identity was not corroborated on the candidate website
169492,BD CHEM LTD T/A JUNCTION PHARMACY,bd chem ltd t a junction pharmacy,LONDON,,,Healthcare,Worker,Skilled Worker,A rating,,,,,,,,none,,,none,,,,,,CQC and cached public-source lookup,,no unambiguous CQC name/location match; SponsorList had no exact name/location match with an employer website
169511,BDC Healthcare & Education Ltd,bdc healthcare and education ltd,Northampton,,,Healthcare,Worker,Skilled Worker,A rating,,,,,,,,none,,,none,,,,,,SponsorList public directory lead,https://sponsorlist.co.uk/sponsors/bdc-healthcare-education-ltd/,no unambiguous CQC name/location match; employer identity was not corroborated on the candidate website
169512,BDD Pharma Ltd,bdd pharma ltd,Glasgow,Scotland,Scotland,Healthcare,Worker,Skilled Worker,A rating,,,,,,,https://www.bddpharma.com/,high,https://www.bddpharma.com/,https://www.bddpharma.com/careers/,high,https://www.bddpharma.com/,,,,,SponsorList public directory lead; first-party page identity checked,https://sponsorlist.co.uk/sponsors/bdd-pharma-ltd/,no unambiguous CQC name/location match
169551,Be Dental Limited,be dental limited,Falkirk,,,Healthcare,Worker,Skilled Worker,A rating,,,,,,,,none,,,none,,,,,,SponsorList public directory lead,https://sponsorlist.co.uk/sponsors/be-dental-limited/,no unambiguous CQC name/location match; employer name has no distinctive identity token
169552,BE Design,be design,Newark,Nottinghamshire,East Midlands,Healthcare,Worker,Skilled Worker,A rating,,,,,,,https://www.bedesign-group.com/,medium,https://www.bedesign-group.com/,https://www.bedesign-group.com/careers/,medium,https://www.bedesign-group.com/careers/,,,,,SponsorList public directory lead; first-party page identity checked,https://sponsorlist.co.uk/sponsors/be-design/,no unambiguous CQC name/location match
169553,BE Education,be education,LONDON,,,Healthcare,Worker,Skilled Worker,A rating,,,,,,,https://beeducation.com/,high,https://beeducation.com/,https://beeducation.com/us-vs-uk-universities-in-2026-key-differences-admissions-and-how-to-choose/,high,https://beeducation.com/,,,,,SponsorList public directory lead; first-party page identity checked,https://sponsorlist.co.uk/sponsors/be-education/,no unambiguous CQC name/location match
169554,BE FAIRALL LIMITED,be fairall limited,Thornton Heath,,,Healthcare,Worker,Skilled Worker,A rating,,,,,,,https://befairall.co.uk/,medium,https://befairall.co.uk/,,none,,,,,,SponsorList public directory lead; first-party page identity checked,https://sponsorlist.co.uk/sponsors/be-fairall-limited/,"no unambiguous CQC name/location match; no employer-linked, verifiable careers destination found"
169555,Be First (Regeneration) Ltd,be first regeneration ltd,London,,,Healthcare,Worker,Skilled Worker,A rating,,,,,,,https://befirst.london/,high,https://befirst.london/,https://befirst.london/about-us/,high,https://befirst.london/,,,,,SponsorList public directory lead; first-party page identity checked,https://sponsorlist.co.uk/sponsors/be-first-regeneration-ltd/,no unambiguous CQC name/location match
169556,Be Fit London Ltd,be fit london ltd,London,,,Healthcare,Worker,Skilled Worker,A rating,,,,,,,,none,,,none,,,,,,SponsorList public directory lead,https://sponsorlist.co.uk/sponsors/be-fit-london-ltd/,no unambiguous CQC name/location match; employer identity was not corroborated on the candidate website
169557,BE HAPPY SUPPORT LIMITED,be happy support limited,Telford,,,Healthcare,Worker,Skilled Worker,A rating,,,,,,,https://behappysupportlimited.co.uk/,high,https://behappysupportlimited.co.uk/,,none,,,,,,SponsorList public directory lead; first-party page identity checked,https://sponsorlist.co.uk/sponsors/be-happy-support-limited/,"CQC match supplied no eligible employer website URL; no employer-linked, verifiable careers destination found"
169558,Be In The Know Limited,be in the know limited,London,,,Healthcare,Worker,Skilled Worker,A rating,,,,,,,,none,,,none,,,,,,SponsorList public directory lead,https://sponsorlist.co.uk/sponsors/be-in-the-know-limited/,no unambiguous CQC name/location match; candidate website could not be safely checked: robots.txt disallows this page
169559,Be Kind Studios ltd,be kind studios ltd,New Malden,,,Healthcare,Worker,Skilled Worker,A rating,,,,,,,,none,,,none,,,,,,SponsorList public directory lead,https://sponsorlist.co.uk/sponsors/be-kind-studios-ltd/,no unambiguous CQC name/location match; candidate website could not be safely checked: getaddrinfo ENOTFOUND www.uksponsorshiptracker.com
169560,Be Kind Studios ltd,be kind studios ltd,New Malden,,,Healthcare,Worker,Skilled Worker,A rating,,,,,,,,none,,,none,,,,,,SponsorList public directory lead,https://sponsorlist.co.uk/sponsors/be-kind-studios-ltd/,no unambiguous CQC name/location match; candidate website could not be safely checked: getaddrinfo ENOTFOUND www.uksponsorshiptracker.com
169561,BE ON TV UK LIMITED,be on tv uk limited,Birmingham,,,Healthcare,Worker,Skilled Worker,A rating,,,,,,,,none,,,none,,,,,,SponsorList public directory lead,https://sponsorlist.co.uk/sponsors/be-on-tv-uk-limited/,no unambiguous CQC name/location match; employer name has no distinctive identity token
169562,Be Positive Resources Ltd,be positive resources ltd,Glasgow,,,Healthcare,Worker,Skilled Worker,A rating,,,,,,,,none,,,none,,,,,,SponsorList public directory lead,https://sponsorlist.co.uk/sponsors/be-positive-resources-ltd/,no unambiguous CQC name/location match; candidate website could not be safely checked: robots.txt disallows this page
169563,Be Possible Limited,be possible limited,Guildford,Surry,,Healthcare,Worker,Skilled Worker,A rating,,,,,,,https://bepossible.co.uk/,high,https://bepossible.co.uk/,,none,,,,,,SponsorList public directory lead; first-party page identity checked,https://sponsorlist.co.uk/sponsors/be-possible-limited/,"no unambiguous CQC name/location match; no employer-linked, verifiable careers destination found"
169564,Be Ready Fishing Company Ltd,be ready fishing company ltd,Lerwick,Shetland Isles,,Healthcare,Worker,Skilled Worker,A rating,,,,,,,,none,,,none,,,,,,SponsorList public directory lead,https://sponsorlist.co.uk/sponsors/be-ready-fishing-company-ltd/,no unambiguous CQC name/location match; employer identity was not corroborated on the candidate website
169565,Be Rota ltd,be rota ltd,LONDON,,,Healthcare,Worker,Skilled Worker,A rating,,,,,,,,none,,,none,,,,,,SponsorList public directory lead,https://sponsorlist.co.uk/sponsors/be-rota-ltd/,no unambiguous CQC name/location match; candidate website could not be safely checked: getaddrinfo ENOTFOUND www.uksponsorshiptracker.com
169566,Be Safe Engineering Service Ltd,be safe engineering service ltd,HOUNSLOW,,,Healthcare,Worker,Skilled Worker,A rating,,,,,,,,none,,,none,,,,,,CQC and cached public-source lookup,,no unambiguous CQC name/location match; SponsorList had no exact name/location match with an employer website
169567,Be Shaping the Future Management Consulting Ltd,be shaping the future management consulting ltd,London,,,Healthcare,Worker,Global Business Mobility: Senior or Specialist Worker,A rating,,,,,,,https://www.beshapingthefuture.co.uk/,high,https://www.beshapingthefuture.co.uk/,https://www.beshapingthefuture.co.uk/,high,https://www.beshapingthefuture.co.uk/,,,,,SponsorList public directory lead; first-party page identity checked,https://sponsorlist.co.uk/sponsors/be-shaping-the-future-management-consulting-ltd/,no unambiguous CQC name/location match
169568,Be Shaping the Future Management Consulting Ltd,be shaping the future management consulting ltd,London,,,Healthcare,Worker,Global Business Mobility: Senior or Specialist Worker,A rating,,,,,,,https://www.beshapingthefuture.co.uk/,high,https://www.beshapingthefuture.co.uk/,https://www.beshapingthefuture.co.uk/,high,https://www.beshapingthefuture.co.uk/,,,,,SponsorList public directory lead; first-party page identity checked,https://sponsorlist.co.uk/sponsors/be-shaping-the-future-management-consulting-ltd/,no unambiguous CQC name/location match
169569,Be Smart Dry Cleaners,be smart dry cleaners,London,,,Healthcare,Worker,Skilled Worker,A rating,,,,,,,,none,,,none,,,,,,SponsorList public directory lead,https://sponsorlist.co.uk/sponsors/be-smart-dry-cleaners/,no unambiguous CQC name/location match; employer identity was not corroborated on the candidate website
169570,BE SMART INTERNATIONAL LTD,be smart international ltd,Bradford,,,Healthcare,Worker,Skilled Worker,A rating,,,,,,,https://besmartsports.co.uk/,medium,https://besmartsports.co.uk/,,none,,,,,,SponsorList public directory lead; first-party page identity checked,https://sponsorlist.co.uk/sponsors/be-smart-international-ltd/,"no unambiguous CQC name/location match; no employer-linked, verifiable careers destination found"
169571,Be The Fox Limited,be the fox limited,Brighton,,,Healthcare,Worker,Skilled Worker,A rating,,,,,,,https://www.bethefox.co.uk/,high,https://www.bethefox.co.uk/,https://www.bethefox.co.uk/news/careers-client-services-director,high,https://www.bethefox.co.uk/,,,,,SponsorList public directory lead; first-party page identity checked,https://sponsorlist.co.uk/sponsors/be-the-fox-limited/,no unambiguous CQC name/location match
169599,Beacon Health Group Ltd,beacon health group ltd,Doncaster,South Yorkshire,Yorkshire and the Humber,Healthcare,Worker,Skilled Worker,A rating,,,,,,,https://beaconsl.co.uk/,medium,https://beaconsl.co.uk/,https://beaconsl.co.uk/our-careers/,high,https://beaconsl.co.uk/,,,,,SponsorList public directory lead; first-party page identity checked,https://sponsorlist.co.uk/sponsors/beacon-health-group-ltd/,CQC match supplied no eligible employer website URL
169609,Beacon Medical Group,beacon medical group,Ivybridge,,,Healthcare,Worker,Skilled Worker,A rating,,,,,,,,none,,,none,,,,,,CQC and cached public-source lookup,,no unambiguous CQC name/location match; SponsorList had no exact name/location match with an employer website
169610,Beacon Medical Practice,beacon medical practice,Skegness,Lincolnshire,East Midlands,Healthcare,Worker,Skilled Worker,A rating,,,,,,,,none,,,none,,,,,,CQC provider_name/high lead,https://www.cqc.org.uk/location/1-591810663,CQC match supplied no eligible employer website URL; SponsorList had no exact name/location match with an employer website
169615,Beacon Primary Care - North Meols Medical Centre,beacon primary care north meols medical centre,Southport,Lancashire,North West,Healthcare,Worker,Skilled Worker,A rating,,,,,,,,none,,,none,,,,,,SponsorList public directory lead,https://sponsorlist.co.uk/sponsors/beacon-primary-care-north-meols-medical-centre/,no unambiguous CQC name/location match; candidate website could not be safely checked: robots.txt disallows this page
169622,Beaconsfield Dental Services,beaconsfield dental services,Orpington,Kent,South East,Healthcare,Worker,Skilled Worker,A rating,,,,,,,,none,,,none,,,,,,SponsorList public directory lead,https://sponsorlist.co.uk/sponsors/beaconsfield-dental-services/,no unambiguous CQC name/location match; employer identity was not corroborated on the candidate website
169623,Beaconsfield Medical Practice,beaconsfield medical practice,Brighton,,,Healthcare,Worker,Skilled Worker,A rating,,,,,,,,none,,,none,,,,,,CQC provider_name/high lead,https://www.cqc.org.uk/location/1-566346668,candidate website could not be safely checked: robots.txt disallows this page
169671,Bear cross dental partnership,bear cross dental partnership,Bournemouth,Bournemouth,South West,Healthcare,Worker,Skilled Worker,A rating,,,,,,,https://www.bearcrossdentalpractice.co.uk/,high,https://www.bearcrossdentalpractice.co.uk/,,none,,,,,,SponsorList public directory lead; first-party page identity checked,https://sponsorlist.co.uk/sponsors/bear-cross-dental-partnership/,"no unambiguous CQC name/location match; no employer-linked, verifiable careers destination found"
169689,Bearsted Medical Practice,bearsted medical practice,Maidstone,Kent,South East,Healthcare,Worker,Skilled Worker,A rating,,,,,,,,none,,,none,,,,,,SponsorList public directory lead,https://sponsorlist.co.uk/sponsors/bearsted-medical-practice/,CQC match supplied no eligible employer website URL; employer identity was not corroborated on the candidate website
169712,Beaufort Healthcare Limited,beaufort healthcare limited,Birkenhead,,,Healthcare,Worker,Skilled Worker,A rating,,,,,,,,none,,,none,,,,,,CQC provider_name/high lead,https://www.cqc.org.uk/location/1-18218161370,CQC match supplied no eligible employer website URL; SponsorList had no exact name/location match with an employer website
169716,Beaulieu Dental,beaulieu dental,Chelmsford,Essex,East of England,Healthcare,Worker,Skilled Worker,A rating,,,,,,,,none,,,none,,,,,,SponsorList public directory lead,https://sponsorlist.co.uk/sponsors/beaulieu-dental/,CQC match supplied no eligible employer website URL; employer identity was not corroborated on the candidate website
169800,Beccles Medical Centre,beccles medical centre,Beccles,Suffolk,East of England,Healthcare,Worker,Skilled Worker,A rating,,,,,,,,none,,,none,,,,,,CQC provider_name/high lead,https://www.cqc.org.uk/location/1-545593868,employer identity was not corroborated on the candidate website
169908,Beech Tree Medical Practice,beech tree medical practice,Rugby,Warwickshire,West Midlands,Healthcare,Worker,Skilled Worker,A rating,,,,,,,,none,,,none,,,,,,SponsorList public directory lead,https://sponsorlist.co.uk/sponsors/beech-tree-medical-practice/,CQC match supplied no eligible employer website URL; employer identity was not corroborated on the candidate website
169912,BEECHCROFT DENTAL CARE LIMITED,beechcroft dental care limited,Norwich,,,Healthcare,Worker,Skilled Worker,A rating,,,,,,,,none,,,none,,,,,,SponsorList public directory lead,https://sponsorlist.co.uk/sponsors/beechcroft-dental-care-limited/,no unambiguous CQC name/location match; employer identity was not corroborated on the candidate website
169916,Beeches Dental Centre,beeches dental centre,WORCESTER,,,Healthcare,Worker,Skilled Worker,A rating,,,,,,,,none,,,none,,,,,,CQC location_name/high lead,https://www.cqc.org.uk/location/1-195065200,CQC match supplied no eligible employer website URL; SponsorList had no exact name/location match with an employer website
169925,Beechfield Medical Centre,beechfield medical centre,Spalding,Lincs,,Healthcare,Worker,Skilled Worker,A rating,,,,,,,,none,,,none,,,,,,SponsorList public directory lead,https://sponsorlist.co.uk/sponsors/beechfield-medical-centre/,CQC match supplied no eligible employer website URL; employer identity was not corroborated on the candidate website
169932,Beechwood Dental Care Ltd,beechwood dental care ltd,Carshalton Beeches,,,Healthcare,Worker,Skilled Worker,A rating,,,,,,,,none,,,none,,,,,,CQC provider_name/high lead,https://www.cqc.org.uk/location/1-303141709,candidate website could not be safely checked: getaddrinfo ENOTFOUND www.beechwooddentalcare.co.uk
169934,Beechwood Medical Centre,beechwood medical centre,Halifax,West Yorkshire,Yorkshire and the Humber,Healthcare,Worker,Skilled Worker,A rating,,,,,,,,none,,,none,,,,,,CQC provider_name/high lead,https://www.cqc.org.uk/location/1-541818477,candidate website could not be safely checked: robots.txt disallows this page
169938,Beekay Healthcare Ltd,beekay healthcare ltd,Leeds,West Yorkshire,Yorkshire and the Humber,Healthcare,Worker,Skilled Worker,A rating,,,,,,,https://beekayhealthcare.co.uk/,high,https://beekayhealthcare.co.uk/,,none,,,,,,SponsorList public directory lead; first-party page identity checked,https://sponsorlist.co.uk/sponsors/beekay-healthcare-ltd/,"no unambiguous CQC name/location match; no employer-linked, verifiable careers destination found"
169964,Beeston Chiropractic Clinic Ltd,beeston chiropractic clinic ltd,Nottingham,Nottinghamshire,East Midlands,Healthcare,Worker,Skilled Worker,A rating,,,,,,,,none,,,none,,,,,,CQC and cached public-source lookup,,no unambiguous CQC name/location match; SponsorList had no exact name/location match with an employer website
169986,Beggarwood Dental Surgery,beggarwood dental surgery,Basingstoke,,,Healthcare,Worker,Skilled Worker,A rating,,,,,,,https://www.beggarwooddental.com/,high,https://www.beggarwooddental.com/,,none,,,,,,SponsorList public directory lead; first-party page identity checked,https://sponsorlist.co.uk/sponsors/beggarwood-dental-surgery/,"CQC match supplied no eligible employer website URL; no employer-linked, verifiable careers destination found"
170078,Belfast Skin Clinic,belfast skin clinic,Belfast,Co Antrim,,Healthcare,Worker,Skilled Worker,A rating,,,,,,,,none,,,none,,,,,,CQC and cached public-source lookup,,no unambiguous CQC name/location match; SponsorList had no exact name/location match with an employer website
170085,Belgaum medical centre Ltd,belgaum medical centre ltd,Luton,Bedfordshire,East of England,Healthcare,Worker,Skilled Worker,A rating,,,,,,,https://belgaummedicalcentre.co.uk/,high,https://belgaummedicalcentre.co.uk/,,none,,,,,,CQC provider_name/high lead; first-party page identity checked,https://www.cqc.org.uk/location/1-15519521189,"no employer-linked, verifiable careers destination found"
170092,Belgrave Medical Centre,belgrave medical centre,Stoke on Trent,Staffordshire,West Midlands,Healthcare,Worker,Skilled Worker,A rating,,,,,,,,none,,,none,,,,,,CQC fuzzy_name_town/medium lead,https://www.cqc.org.uk/location/1-595197828,employer identity was not corroborated on the candidate website
170130,Bell Walk Healthcare Ltd,bell walk healthcare ltd,Gloucester,,,Healthcare,Worker,Skilled Worker,A rating,,,,,,,,none,,,none,,,,,,SponsorList public directory lead,https://sponsorlist.co.uk/sponsors/bell-walk-healthcare-ltd/,no unambiguous CQC name/location match; employer identity was not corroborated on the candidate website
170151,Belle Vale Medical Practice,belle vale medical practice,Liverpool,Merseyside,North West,Healthcare,Worker,Skilled Worker,A rating,,,,,,,,none,,,none,,,,,,CQC provider_name/high lead,https://www.cqc.org.uk/location/1-2534425147,CQC match supplied no eligible employer website URL; SponsorList had no exact name/location match with an employer website
170153,Bellegrove Dental Surgery Limited,bellegrove dental surgery limited,Welling,Kent,South East,Healthcare,Worker,Skilled Worker,A rating,,,,,,,,none,,,none,,,,,,CQC provider_name/high lead,https://www.cqc.org.uk/location/1-26382097515,candidate website could not be safely checked: robots.txt disallows this page
170158,BELLEVUE DENTAL LTD,bellevue dental ltd,LONDON,,,Healthcare,Worker,Skilled Worker,A rating,,,,,,,,none,,,none,,,,,,CQC provider_name/high lead,https://www.cqc.org.uk/location/1-22083667378,CQC match supplied no eligible employer website URL; SponsorList had no exact name/location match with an employer website
170194,Belmont Dental Practice,belmont dental practice,Ilford,,,Healthcare,Worker,Skilled Worker,A rating,,,,,,,,none,,,none,,,,,,CQC provider_name/high lead,https://www.cqc.org.uk/location/1-221670720,candidate website could not be safely checked: robots.txt disallows this page
170199,Belmont Healthcare (Copper) Limited t/a Belmont Healthcare (Copper Beeches) Limited,belmont healthcare copper limited t a belmont healthcare copper beeches limited,Redditch,Worcestershir,,Healthcare,Worker,Skilled Worker,A rating,,,,,,,,none,,,none,,,,,,CQC provider_name/high lead,https://www.cqc.org.uk/location/1-22156778369,CQC match supplied no eligible employer website URL; SponsorList had no exact name/location match with an employer website
170200,BELMONT HEALTHCARE (MADEIRA) LIMITED,belmont healthcare madeira limited,SOLIHULL,,,Healthcare,Worker,Skilled Worker,A rating,,,,,,,https://www.belmonthealthcare.co.uk/,medium,https://www.belmonthealthcare.co.uk/,https://www.belmonthealthcare.co.uk/news-and-insights/jobs/,medium,https://www.belmonthealthcare.co.uk/news-and-insights/jobs/,,,,,CQC provider_name/high lead; first-party page identity checked,https://www.cqc.org.uk/location/1-13555944686,First-party employer identity verified; manual review remains required before import.
170201,Belmont Healthcare (Murdoch) Limited,belmont healthcare murdoch limited,Redditch,Worcestershir,,Healthcare,Worker,Skilled Worker,A rating,,,,,,,,none,,,none,,,,,,CQC provider_name/high lead,https://www.cqc.org.uk/location/1-22156938037,CQC match supplied no eligible employer website URL; SponsorList had no exact name/location match with an employer website
170202,Belmont Healthcare (Wombwell) Ltd,belmont healthcare wombwell ltd,Solihull,,,Healthcare,Worker,Skilled Worker,A rating,,,,,,,https://www.belmonthealthcare.co.uk/,medium,https://www.belmonthealthcare.co.uk/,https://www.belmonthealthcare.co.uk/news-and-insights/jobs/,medium,https://www.belmonthealthcare.co.uk/news-and-insights/jobs/,,,,,CQC provider_name/high lead; first-party page identity checked,https://www.cqc.org.uk/location/1-13826275233,First-party employer identity verified; manual review remains required before import.
170203,Belmont Healthcare (Woodbury) Limited,belmont healthcare woodbury limited,Redditch,Worcestershir,,Healthcare,Worker,Skilled Worker,A rating,,,,,,,,none,,,none,,,,,,CQC provider_name/high lead,https://www.cqc.org.uk/location/1-22158453656,candidate website could not be safely checked: getaddrinfo ENOTFOUND www.fshcgroup.com
170204,Belmont Healthcare Services Limited,belmont healthcare services limited,Solihull,West Midlands,West Midlands,Healthcare,Worker,Skilled Worker,A rating,,,,,,,,none,,,none,,,,,,CQC and cached public-source lookup,,no unambiguous CQC name/location match; SponsorList had no exact name/location match with an employer website
170208,Belmont medical centre,belmont medical centre,Hereford,Herefordshire,West Midlands,Healthcare,Worker,Skilled Worker,A rating,,,,,,,,none,,,none,,,,,,CQC fuzzy_name_town/medium lead,https://www.cqc.org.uk/location/1-557981379,employer identity was not corroborated on the candidate website
170238,Belvedere Dental Practice Company Ltd,belvedere dental practice company ltd,Workington,Cumbria,North West,Healthcare,Worker,Skilled Worker,A rating,,,,,,,,none,,,none,,,,,,CQC and cached public-source lookup,,no unambiguous CQC name/location match; SponsorList had no exact name/location match with an employer website
170239,Belvedere Medical Centre,belvedere medical centre,Belvedere,kent,South East,Healthcare,Worker,Skilled Worker,A rating,,,,,,,,none,,,none,,,,,,CQC provider_name/high lead,https://www.cqc.org.uk/location/1-484451693,candidate website could not be safely checked: robots.txt disallows this page
170242,Belvidere Medical Practice,belvidere medical practice,Shrewsbury,Shropshire,West Midlands,Healthcare,Worker,Skilled Worker,A rating,,,,,,,,none,,,none,,,,,,CQC provider_name/high lead,https://www.cqc.org.uk/location/1-560378275,candidate website could not be safely checked: getaddrinfo ENOTFOUND www.belvidere.gpsurgery.net
170243,Belvoir Healthcare Ltd,belvoir healthcare ltd,Norwich,Norfolk,East of England,Healthcare,Worker,Skilled Worker,A rating,,,,,,,,none,,,none,,,,,,CQC provider_name/high lead,https://www.cqc.org.uk/location/1-5459847620,employer identity was not corroborated on the candidate website
170301,Benenden Healthcare Society Ltd,benenden healthcare society ltd,York,North Yorkshire,Yorkshire and the Humber,Healthcare,Worker,Skilled Worker,A rating,,,,,,,,none,,,none,,,,,,CQC and cached public-source lookup,,no unambiguous CQC name/location match; SponsorList had no exact name/location match with an employer website
170308,Benfield Park Medical Group,benfield park medical group,Newcastle upon Tyne,,,Healthcare,Worker,Skilled Worker,A rating,,,,,,,,none,,,none,,,,,,CQC provider_name/high lead,https://www.cqc.org.uk/location/1-544279973,candidate website could not be safely checked: robots.txt disallows this page
170366,Benllech Dental Surgery,benllech dental surgery,Benllech,,,Healthcare,Worker,Skilled Worker,A rating,,,,,,,,none,,,none,,,,,,CQC and cached public-source lookup,,no unambiguous CQC name/location match; SponsorList had no exact name/location match with an employer website
170406,Bentham Medical Practice,bentham medical practice,Lancaster,N Yorks,,Healthcare,Worker,Skilled Worker,A rating,,,,,,,https://www.benthamsurgery.org.uk/,medium,https://www.benthamsurgery.org.uk/,,none,,,,,,CQC provider_name/high lead; first-party page identity checked,https://www.cqc.org.uk/location/1-541103203,"no employer-linked, verifiable careers destination found"
170412,Bentley Medical Practice,bentley medical practice,Redcar,Cleveland,,Healthcare,Worker,Skilled Worker,A rating,,,,,,,,none,,,none,,,,,,CQC provider_name/high lead,https://www.cqc.org.uk/location/1-2383340331,CQC match supplied no eligible employer website URL; SponsorList had no exact name/location match with an employer website
170444,Bere Peninsula Pharmacy Limited,bere peninsula pharmacy limited,Yelverton,,,Healthcare,Worker,Skilled Worker,A rating,,,,,,,https://pharmacyberepeninsula.com/,medium,https://pharmacyberepeninsula.com/,,none,,,,,,SponsorList public directory lead; first-party page identity checked,https://sponsorlist.co.uk/sponsors/bere-peninsula-pharmacy-limited/,"no unambiguous CQC name/location match; no employer-linked, verifiable careers destination found"
170473,Berkeley Pharma Limited,berkeley pharma limited,Whitstable,Kent,South East,Healthcare,Worker,Skilled Worker,A rating,,,,,,,,none,,,none,,,,,,CQC and cached public-source lookup,,no unambiguous CQC name/location match; SponsorList had no exact name/location match with an employer website
170570,Berwick Pharmacy,berwick pharmacy,Berwick-upon-Tweed,Northumberland,North East,Healthcare,Worker,Skilled Worker,A rating,,,,,,,,none,,,none,,,,,,SponsorList public directory lead,https://sponsorlist.co.uk/sponsors/berwick-pharmacy/,no unambiguous CQC name/location match; employer identity was not corroborated on the candidate website
170584,Besins Healthcare (UK) Limited,besins healthcare uk limited,London,,,Healthcare,Worker,Skilled Worker,A rating,,,,,,,https://www.besinshealthcare.co.uk/,medium,https://www.besinshealthcare.co.uk/,https://www.besinshealthcare.co.uk/careers,high,https://www.besinshealthcare.co.uk/,,,,,SponsorList public directory lead; first-party page identity checked,https://sponsorlist.co.uk/sponsors/besins-healthcare-uk-limited/,no unambiguous CQC name/location match
170585,Besins Healthcare (UK) Limited,besins healthcare uk limited,London,,,Healthcare,Worker,Skilled Worker,A rating,,,,,,,https://www.besinshealthcare.co.uk/,medium,https://www.besinshealthcare.co.uk/,https://www.besinshealthcare.co.uk/careers,high,https://www.besinshealthcare.co.uk/,,,,,SponsorList public directory lead; first-party page identity checked,https://sponsorlist.co.uk/sponsors/besins-healthcare-uk-limited/,no unambiguous CQC name/location match
170604,Bespoke Healthcare Ltd,bespoke healthcare ltd,Preston,Lancashire,North West,Healthcare,Worker,Skilled Worker,A rating,,,,,,,https://bespokehealthcare.co.uk/,high,https://bespokehealthcare.co.uk/,,none,,,,,,SponsorList public directory lead; first-party page identity checked,https://sponsorlist.co.uk/sponsors/bespoke-healthcare-ltd/,"CQC match supplied no eligible employer website URL; no employer-linked, verifiable careers destination found"
170718,BEST SKINCARE CLINIC LIMITED,best skincare clinic limited,Leeds,West Yorkshire,Yorkshire and the Humber,Healthcare,Worker,Skilled Worker,A rating,,,,,,,,none,,,none,,,,,,SponsorList public directory lead,https://sponsorlist.co.uk/sponsors/best-skincare-clinic-limited/,no unambiguous CQC name/location match; employer identity was not corroborated on the candidate website
170777,Bestway Panacea Healthcare Limited,bestway panacea healthcare limited,Manchester,,,Healthcare,Worker,Skilled Worker,A rating,,,,,,,https://www.bestwaygroup.co.uk/,medium,https://www.bestwaygroup.co.uk/,https://www.bestwaygroup.co.uk/careers,high,https://www.bestwaygroup.co.uk/,,,,,SponsorList public directory lead; first-party page identity checked,https://sponsorlist.co.uk/sponsors/bestway-panacea-healthcare-limited/,no unambiguous CQC name/location match
170814,Bethel Healthcare (Hull) Limited,bethel healthcare hull limited,HULL,UNITED KINGDOM,,Healthcare,Worker,Skilled Worker,A rating,,,,,,,,none,,,none,,,,,,CQC provider_name/high lead,https://www.cqc.org.uk/location/1-6810633708,candidate website could not be safely checked: robots.txt disallows this page
170822,Bethesda Medical Centre,bethesda medical centre,Margate,Kent,South East,Healthcare,Worker,Skilled Worker,A rating,,,,,,,,none,,,none,,,,,,CQC provider_name/high lead,https://www.cqc.org.uk/location/1-537631783,candidate website could not be safely checked: redirect left the confirmed HTTPS employer domain
170905,Bexipharma Ltd T/A Smiths Pharmacy,bexipharma ltd t a smiths pharmacy,Gillingham,,,Healthcare,Worker,Skilled Worker,A rating,,,,,,,,none,,,none,,,,,,SponsorList public directory lead,https://sponsorlist.co.uk/sponsors/bexipharma-ltd-ta-smiths-pharmacy/,no unambiguous CQC name/location match; employer identity was not corroborated on the candidate website
170911,BEXLEY MEDICAL GROUP,bexley medical group,BEXLEYHEATH,KENT,South East,Healthcare,Worker,Skilled Worker,A rating,,,,,,,,none,,,none,,,,,,SponsorList public directory lead,https://sponsorlist.co.uk/sponsors/bexley-medical-group/,CQC match supplied no eligible employer website URL; candidate website could not be safely checked: robots.txt disallows this page
170913,Bexleyheath Chiropractic Clinic Limited,bexleyheath chiropractic clinic limited,Bexleyheath,Kent,South East,Healthcare,Worker,Skilled Worker,A rating,,,,,,,,none,,,none,,,,,,SponsorList public directory lead,https://sponsorlist.co.uk/sponsors/bexleyheath-chiropractic-clinic-limited/,no unambiguous CQC name/location match; employer identity was not corroborated on the candidate website
170976,BFS HEALTHCARE LTD,bfs healthcare ltd,Belfast,,,Healthcare,Worker,Skilled Worker,A rating,,,,,,,https://bfshealthcare.co.uk/,high,https://bfshealthcare.co.uk/,,none,,,,,,SponsorList public directory lead; first-party page identity checked,https://sponsorlist.co.uk/sponsors/bfs-healthcare-ltd/,"no unambiguous CQC name/location match; no employer-linked, verifiable careers destination found"
171013,BGS Healthcare Ltd,bgs healthcare ltd,Chippenham,Wiltshire,South West,Healthcare,Worker,Skilled Worker,A rating,,,,,,,https://www.bgs-healthcare.co.uk/,high,https://www.bgs-healthcare.co.uk/,https://www.bgs-healthcare.co.uk/job-opportunities,high,https://www.bgs-healthcare.co.uk/,,,,,SponsorList public directory lead; first-party page identity checked,https://sponsorlist.co.uk/sponsors/bgs-healthcare-ltd/,CQC match supplied no eligible employer website URL
171046,BHAM PHARMA LIMITED,bham pharma limited,Preston,,,Healthcare,Worker,Skilled Worker,A rating,,,,,,,,none,,,none,,,,,,SponsorList public directory lead,https://sponsorlist.co.uk/sponsors/bham-pharma-limited/,no unambiguous CQC name/location match; employer identity was not corroborated on the candidate website
171051,Bhandal Dental Practice Blackheath,bhandal dental practice blackheath,Rowley Regis,,,Healthcare,Worker,Skilled Worker,A rating,,,,,,,https://www.bhandaldental.co.uk/,high,https://www.bhandaldental.co.uk/,https://www.bhandaldental.co.uk/careers,high,https://www.bhandaldental.co.uk/,,,,,SponsorList public directory lead; first-party page identity checked,https://sponsorlist.co.uk/sponsors/bhandal-dental-practice-blackheath/,no unambiguous CQC name/location match
171052,Bhandal Dental Practices,bhandal dental practices,Cradley Heath,West Midlands,West Midlands,Healthcare,Worker,Skilled Worker,A rating,,,,,,,https://bhandaldentalpractices.co.uk/,high,https://bhandaldentalpractices.co.uk/,,none,,,,,,SponsorList public directory lead; first-party page identity checked,https://sponsorlist.co.uk/sponsors/bhandal-dental-practices/,"no unambiguous CQC name/location match; no employer-linked, verifiable careers destination found"
171171,Bicester Health Centre,bicester health centre,Bicester,Oxfordshire,South East,Healthcare,Worker,Skilled Worker,A rating,,,,,,,https://www.bicesterhc.co.uk/,high,https://www.bicesterhc.co.uk/,https://www.bicesterhc.co.uk/vacancies,medium,https://www.bicesterhc.co.uk/vacancies,,,,,SponsorList public directory lead; first-party page identity checked,https://sponsorlist.co.uk/sponsors/bicester-health-centre/,CQC match supplied no eligible employer website URL
171178,Bickiepegs Healthcare Limited,bickiepegs healthcare limited,London,,,Healthcare,Worker,Skilled Worker,A rating,,,,,,,https://bickiepegs.com/,medium,https://bickiepegs.com/,,none,,,,,,SponsorList public directory lead; first-party page identity checked,https://sponsorlist.co.uk/sponsors/bickiepegs-healthcare-limited/,"no unambiguous CQC name/location match; no employer-linked, verifiable careers destination found"
171191,Biddlestone Health Group,biddlestone health group,Newcastle upon Tyne,Tyne and Wear,North East,Healthcare,Worker,Skilled Worker,A rating,,,,,,,,none,,,none,,,,,,CQC provider_name/high lead,https://www.cqc.org.uk/location/1-554765030,candidate website could not be safely checked: robots.txt disallows this page
