sponsor_licence_id,organisation_name,normalized_organisation_name,town_city,county,region,industry,route,sub_route,rating,existing_website,existing_careers_url,existing_ats_provider,existing_ats_board_id,existing_ats_mapping_status,existing_ats_mapping_evidence_url,website_url,website_confidence,website_evidence_url,careers_url,careers_confidence,careers_evidence_url,ats_provider,ats_board_id,ats_mapping_status,ats_mapping_evidence_url,source,source_evidence_url,notes
171193,Bideford Medical Centre,bideford medical centre,Bideford,Devon,South West,Healthcare,Worker,Skilled Worker,A rating,,,,,,,,none,,,none,,,,,,CQC provider_name/high lead,https://www.cqc.org.uk/location/1-553978509,candidate website could not be safely checked: page exceeds size limit
172143,Blairgowrie Physiotherapy and Sports Injury Clinic Ltd,blairgowrie physiotherapy and sports injury clinic ltd,Blairgowrie,,,Healthcare,Worker,Skilled Worker,A rating,,,,,,,,none,,,none,,,,,,SponsorList public directory lead,https://sponsorlist.co.uk/sponsors/blairgowrie-physiotherapy-and-sports-injury-clinic-ltd/,no unambiguous CQC name/location match; employer identity was not corroborated on the candidate website
173513,Bourne Dental Practice,bourne dental practice,Bourne,Lincolnshire,East Midlands,Healthcare,Worker,Skilled Worker,A rating,,,,,,,https://www.bournedentalpractice.co.uk/,high,https://www.bournedentalpractice.co.uk/,,none,,,,,,SponsorList public directory lead; first-party page identity checked,https://sponsorlist.co.uk/sponsors/bourne-dental-practice/,"CQC match supplied no eligible employer website URL; no employer-linked, verifiable careers destination found"
174313,Bridport Medical Centre,bridport medical centre,Bridport,Dorset,South West,Healthcare,Worker,Skilled Worker,A rating,,,,,,,,none,,,none,,,,,,SponsorList public directory lead,https://sponsorlist.co.uk/sponsors/bridport-medical-centre/,CQC match supplied no eligible employer website URL; employer identity was not corroborated on the candidate website
174330,Brigg and Bargate chiropractic clinic Ltd,brigg and bargate chiropractic clinic ltd,Brigg,North Lincolnshire,Yorkshire and the Humber,Healthcare,Worker,Skilled Worker,A rating,,,,,,,,none,,,none,,,,,,SponsorList public directory lead,https://sponsorlist.co.uk/sponsors/brigg-and-bargate-chiropractic-clinic-ltd/,no unambiguous CQC name/location match; employer identity was not corroborated on the candidate website
174436,Brighton Implant Clinic Limited,brighton implant clinic limited,Brighton,East Sussex,South East,Healthcare,Worker,Skilled Worker,A rating,,,,,,,https://www.brightonimplantclinic.co.uk/,high,https://www.brightonimplantclinic.co.uk/,,none,,,,,,CQC location_name/high lead; first-party page identity checked,https://www.cqc.org.uk/location/1-218965896,"no employer-linked, verifiable careers destination found"
174437,BRIGHTON IMPLANT CLINIC LIMITED (WORTHING),brighton implant clinic limited worthing,Worthing,West Sussex,South East,Healthcare,Worker,Skilled Worker,A rating,,,,,,,,none,,,none,,,,,,SponsorList public directory lead,https://sponsorlist.co.uk/sponsors/brighton-implant-clinic-limited-worthing/,no unambiguous CQC name/location match; employer identity was not corroborated on the candidate website
174444,Brighton Physiotherapy Clinic,brighton physiotherapy clinic,Brighton,East Sussex,South East,Healthcare,Worker,Skilled Worker,A rating,,,,,,,,none,,,none,,,,,,SponsorList public directory lead,https://sponsorlist.co.uk/sponsors/brighton-physiotherapy-clinic/,no unambiguous CQC name/location match; employer identity was not corroborated on the candidate website
174571,Bristol Fertility Clinic,bristol fertility clinic,BRISTOL,,,Healthcare,Worker,Skilled Worker,A rating,,,,,,,,none,,,none,,,,,,SponsorList public directory lead,https://sponsorlist.co.uk/sponsors/bristol-fertility-clinic/,no unambiguous CQC name/location match; employer identity was not corroborated on the candidate website
174818,Brixham Dental Practice Ltd,brixham dental practice ltd,Brixham,Devon,South West,Healthcare,Worker,Skilled Worker,A rating,,,,,,,https://www.brixhamdental.co.uk/,high,https://www.brixhamdental.co.uk/,,none,,,,,,CQC provider_name/high lead; first-party page identity checked,https://www.cqc.org.uk/location/1-225271593,"no employer-linked, verifiable careers destination found"
175198,Brundall Dental Practice,brundall dental practice,Brundall,Norwich,,Healthcare,Worker,Skilled Worker,A rating,,,,,,,,none,,,none,,,,,,CQC and cached public-source lookup,,no unambiguous CQC name/location match; SponsorList had no exact name/location match with an employer website
176268,C.B.Patel & Partners c/o Hayes Medical Centre,c b patel and partners c o hayes medical centre,Hayes,,,Healthcare,Worker,Skilled Worker,A rating,,,,,,,,none,,,none,,,,,,CQC and cached public-source lookup,,no unambiguous CQC name/location match; SponsorList had no exact name/location match with an employer website
176565,Caistor Health Centre,caistor health centre,Caistor,Lincolnshire,East Midlands,Healthcare,Worker,Skilled Worker,A rating,,,,,,,https://www.caistorhealthcentre.co.uk/,high,https://www.caistorhealthcentre.co.uk/,,none,,,,,,CQC location_name/high lead; first-party page identity checked,https://www.cqc.org.uk/location/1-8994929876,"no employer-linked, verifiable careers destination found"
177463,Car Clinic (Wembley) Ltd. T/As Car Clinic,car clinic wembley ltd t as car clinic,Wembley,,,Healthcare,Worker,Skilled Worker,A rating,,,,,,,,none,,,none,,,,,,SponsorList public directory lead,https://sponsorlist.co.uk/sponsors/car-clinic-wembley-ltd-tas-car-clinic/,no unambiguous CQC name/location match; employer identity was not corroborated on the candidate website
178145,CARRICKMORE HEALTH CENTRE,carrickmore health centre,CARRICKMORE,United Kingdom,,Healthcare,Worker,Skilled Worker,A rating,,,,,,,https://www.carrickmorehealthcentre.co.uk/,high,https://www.carrickmorehealthcentre.co.uk/,,none,,,,,,SponsorList public directory lead; first-party page identity checked,https://sponsorlist.co.uk/sponsors/carrickmore-health-centre/,"no unambiguous CQC name/location match; no employer-linked, verifiable careers destination found"
179072,Central Cheshire Chiropractic Clinic,central cheshire chiropractic clinic,Northwich,Cheshire,North West,Healthcare,Worker,Skilled Worker,A rating,,,,,,,,none,,,none,,,,,,CQC and cached public-source lookup,,no unambiguous CQC name/location match; SponsorList had no exact name/location match with an employer website
180228,CHESHUNT CHIROPRACTIC CLINIC LIMITED,cheshunt chiropractic clinic limited,Cheshunt,,,Healthcare,Worker,Skilled Worker,A rating,,,,,,,,none,,,none,,,,,,CQC and cached public-source lookup,,no unambiguous CQC name/location match; SponsorList had no exact name/location match with an employer website
180635,Chiropractic Clinic Eastcote,chiropractic clinic eastcote,Eastcote,Middlesex,,Healthcare,Worker,Skilled Worker,A rating,,,,,,,https://www.healthyspine.co.uk/,high,https://www.healthyspine.co.uk/,https://www.healthyspine.co.uk/Page.aspx?I=1053,high,https://www.healthyspine.co.uk/,,,,,SponsorList public directory lead; first-party page identity checked,https://sponsorlist.co.uk/sponsors/chiropractic-clinic-eastcote/,no unambiguous CQC name/location match
181038,Chulmleigh Dental Practice Ltd,chulmleigh dental practice ltd,Chulmleigh,Devon,South West,Healthcare,Worker,Skilled Worker,A rating,,,,,,,,none,,,none,,,,,,CQC provider_name/high lead,https://www.cqc.org.uk/location/1-190079861,CQC match supplied no eligible employer website URL; SponsorList had no exact name/location match with an employer website
181889,Clay Cross Dental Practice,clay cross dental practice,Clay Cross,,,Healthcare,Worker,Skilled Worker,A rating,,,,,,,,none,,,none,,,,,,SponsorList public directory lead,https://sponsorlist.co.uk/sponsors/clay-cross-dental-practice/,no unambiguous CQC name/location match; candidate website could not be safely checked: robots.txt disallows this page
182043,Cleethorpes Dental Practice Limited,cleethorpes dental practice limited,Cleethorpes,North East Lincolnshire,Yorkshire and the Humber,Healthcare,Worker,Skilled Worker,A rating,,,,,,,,none,,,none,,,,,,CQC provider_name/high lead,https://www.cqc.org.uk/location/1-447662058,CQC match supplied no eligible employer website URL; SponsorList had no exact name/location match with an employer website
182078,Clevedon Medical Centre,clevedon medical centre,Clevedon,South West,,Healthcare,Worker,Skilled Worker,A rating,,,,,,,,none,,,none,,,,,,CQC provider_name/high lead,https://www.cqc.org.uk/location/1-556569440,CQC match supplied no eligible employer website URL; SponsorList had no exact name/location match with an employer website
183762,Coningsby Dental Practice,coningsby dental practice,Coningsby,,,Healthcare,Worker,Skilled Worker,A rating,,,,,,,,none,,,none,,,,,,CQC and cached public-source lookup,,no unambiguous CQC name/location match; SponsorList had no exact name/location match with an employer website
183883,Consett Medical Centre,consett medical centre,Consett,1,,Healthcare,Worker,Skilled Worker,A rating,,,,,,,https://consettmedicalcentre.co.uk/,high,https://consettmedicalcentre.co.uk/,https://consettmedicalcentre.co.uk/about-us/vacancies/,medium,https://consettmedicalcentre.co.uk/about-us/vacancies/,,,,,CQC provider_name/high lead; first-party page identity checked,https://www.cqc.org.uk/location/1-549441837,First-party employer identity verified; manual review remains required before import.
185200,CRANFORD MEDICAL CENTRE,cranford medical centre,CRANFORD,MIDDLESEX,,Healthcare,Worker,Skilled Worker,A rating,,,,,,,,none,,,none,,,,,,CQC location_name/high lead,https://www.cqc.org.uk/location/1-8726512851,employer identity was not corroborated on the candidate website
185799,Crown Clinic London Ltd t/a Putney Dentists,crown clinic london ltd t a putney dentists,London,,,Healthcare,Worker,Skilled Worker,A rating,,,,,,,https://www.crowncliniclondon.com/,high,https://www.crowncliniclondon.com/,,none,,,,,,SponsorList public directory lead; first-party page identity checked,https://sponsorlist.co.uk/sponsors/crown-clinic-london-ltd-ta-putney-dentists/,"CQC match supplied no eligible employer website URL; no employer-linked, verifiable careers destination found"
188077,Deddington Health Centre,deddington health centre,Deddington,Oxfordshire,South East,Healthcare,Worker,Skilled Worker,A rating,,,,,,,,none,,,none,,,,,,CQC provider_name/high lead,https://www.cqc.org.uk/location/1-551623985,candidate website could not be safely checked: robots.txt disallows this page
188139,Deepcut Village Dental Practice,deepcut village dental practice,Deepcut,Surrey,South East,Healthcare,Worker,Skilled Worker,A rating,,,,,,,https://www.deepcutdentist.co.uk/,high,https://www.deepcutdentist.co.uk/,,none,,,,,,SponsorList public directory lead; first-party page identity checked,https://sponsorlist.co.uk/sponsors/deepcut-village-dental-practice/,"CQC match supplied no eligible employer website URL; no employer-linked, verifiable careers destination found"
189344,DIAMED LONDON CLINIC LIMITED,diamed london clinic limited,LONDON,,,Healthcare,Worker,Skilled Worker,A rating,,,,,,,https://medical.diamedclinic.com/,high,https://medical.diamedclinic.com/,,none,,,,,,SponsorList public directory lead; first-party page identity checked,https://sponsorlist.co.uk/sponsors/diamed-london-clinic-limited/,"CQC match supplied no eligible employer website URL; no employer-linked, verifiable careers destination found"
189445,Didcot Health Centre Practice,didcot health centre practice,Didcot,Oxfordshire,South East,Healthcare,Worker,Skilled Worker,A rating,,,,,,,https://www.didcothealthcentre.com/,high,https://www.didcothealthcentre.com/,https://www.didcothealthcentre.com/jobs,high,https://www.didcothealthcentre.com/,,,,,CQC provider_name/high lead; first-party page identity checked,https://www.cqc.org.uk/location/1-571992450,First-party employer identity verified; manual review remains required before import.
190970,Dr Eline Pedersen Ltd  t/a Aberdeen Chiropractic Clinic,dr eline pedersen ltd t a aberdeen chiropractic clinic,Aberdeen,,,Healthcare,Worker,Skilled Worker,A rating,,,,,,,https://www.aberdeenchiropracticclinic.com/,high,https://www.aberdeenchiropracticclinic.com/,,none,,,,,,SponsorList public directory lead; first-party page identity checked,https://sponsorlist.co.uk/sponsors/dr-eline-pedersen-ltd-ta-aberdeen-chiropractic-clinic/,"no unambiguous CQC name/location match; no employer-linked, verifiable careers destination found"
191042,Dr Rasha Clinic London Ltd,dr rasha clinic london ltd,London,,,Healthcare,Worker,Skilled Worker,A rating,,,,,,,https://www.drrashaclinic.com/,high,https://www.drrashaclinic.com/,,none,,,,,,SponsorList public directory lead; first-party page identity checked,https://sponsorlist.co.uk/sponsors/dr-rasha-clinic-london-ltd/,"no unambiguous CQC name/location match; no employer-linked, verifiable careers destination found"
191321,Droitwich Spa Dental Practice,droitwich spa dental practice,Droitwich,Worcestershire,West Midlands,Healthcare,Worker,Skilled Worker,A rating,,,,,,,,none,,,none,,,,,,CQC provider_name/high lead,https://www.cqc.org.uk/location/1-525402240,candidate website could not be safely checked: getaddrinfo ENOTFOUND www.dentalpracticeuk.co.uk
191712,Dunfermline Chiropractic Clinic Ltd,dunfermline chiropractic clinic ltd,Dunfermline,,,Healthcare,Worker,Skilled Worker,A rating,,,,,,,,none,,,none,,,,,,CQC and cached public-source lookup,,no unambiguous CQC name/location match; SponsorList had no exact name/location match with an employer website
192398,East Croydon Medical Centre,east croydon medical centre,Croydon,Surrey,South East,Healthcare,Worker,Skilled Worker,A rating,,,,,,,,none,,,none,,,,,,SponsorList public directory lead,https://sponsorlist.co.uk/sponsors/east-croydon-medical-centre/,no unambiguous CQC name/location match; employer identity was not corroborated on the candidate website
192471,East Preston Dental Clinic,east preston dental clinic,East Preston,West Sussex,South East,Healthcare,Worker,Skilled Worker,A rating,,,,,,,,none,,,none,,,,,,SponsorList public directory lead,https://sponsorlist.co.uk/sponsors/east-preston-dental-clinic/,CQC match supplied no eligible employer website URL; employer identity was not corroborated on the candidate website
196186,Essex Private Clinic Limited,essex private clinic limited,Brentwood,Essex,East of England,Healthcare,Worker,Skilled Worker,A rating,,,,,,,,none,,,none,,,,,,SponsorList public directory lead,https://sponsorlist.co.uk/sponsors/essex-private-clinic-limited/,CQC match supplied no eligible employer website URL; employer identity was not corroborated on the candidate website
198367,FARNHAM PHYSIOTHERAPY AND SPORTS CLINIC LIMITED,farnham physiotherapy and sports clinic limited,Farnham,,,Healthcare,Worker,Skilled Worker,A rating,,,,,,,,none,,,none,,,,,,SponsorList public directory lead,https://sponsorlist.co.uk/sponsors/farnham-physiotherapy-and-sports-clinic-limited/,no unambiguous CQC name/location match; employer identity was not corroborated on the candidate website
199257,Fine Clinic London LTD,fine clinic london ltd,London,,,Healthcare,Worker,Skilled Worker,A rating,,,,,,,,none,,,none,,,,,,CQC and cached public-source lookup,,no unambiguous CQC name/location match; SponsorList had no exact name/location match with an employer website
199283,FINEDON DENTAL PRACTICE LTD,finedon dental practice ltd,Finedon,Northamptonshire,East Midlands,Healthcare,Worker,Skilled Worker,A rating,,,,,,,,none,,,none,,,,,,CQC provider_name/high lead,https://www.cqc.org.uk/location/1-2287144648,CQC match supplied no eligible employer website URL; SponsorList had no exact name/location match with an employer website
202604,GADGETS CLINIC HORNCHURCH LTD,gadgets clinic hornchurch ltd,Hornchurch,,,Healthcare,Worker,Skilled Worker,A rating,,,,,,,,none,,,none,,,,,,SponsorList public directory lead,https://sponsorlist.co.uk/sponsors/gadgets-clinic-hornchurch-ltd/,no unambiguous CQC name/location match; candidate website could not be safely checked: getaddrinfo ENOTFOUND gadgetsclinichornchurch.co.uk
202854,Ganpati Bappa Limited T/A The Aveley Dental Practice,ganpati bappa limited t a the aveley dental practice,Aveley,,,Healthcare,Worker,Skilled Worker,A rating,,,,,,,,none,,,none,,,,,,SponsorList public directory lead,https://sponsorlist.co.uk/sponsors/ganpati-bappa-limited-ta-the-aveley-dental-practice/,CQC match supplied no eligible employer website URL; employer identity was not corroborated on the candidate website
204381,Glastonbury Health Centre,glastonbury health centre,Glastonbury,Somerset,South West,Healthcare,Worker,Skilled Worker,A rating,,,,,,,,none,,,none,,,,,,CQC provider_name/high lead,https://www.cqc.org.uk/location/1-537753042,candidate website could not be safely checked: redirect left the confirmed HTTPS employer domain
205831,Gosport Medical Centre,gosport medical centre,Gosport,Hampshire,South East,Healthcare,Worker,Skilled Worker,A rating,,,,,,,,none,,,none,,,,,,CQC and cached public-source lookup,,no unambiguous CQC name/location match; SponsorList had no exact name/location match with an employer website
206657,Greenacres Dental Practice T/A Smileshines Aylesford Ltd,greenacres dental practice t a smileshines aylesford ltd,Aylesford,,,Healthcare,Worker,Skilled Worker,A rating,,,,,,,https://www.smileshines.co.uk/,high,https://www.smileshines.co.uk/,,none,,,,,,SponsorList public directory lead; first-party page identity checked,https://sponsorlist.co.uk/sponsors/greenacres-dental-practice-ta-smileshines-aylesford-ltd/,"CQC match supplied no eligible employer website URL; no employer-linked, verifiable careers destination found"
206724,Greenisland Dental Practice,greenisland dental practice,Greenisland,Antrim,Northern Ireland,Healthcare,Worker,Skilled Worker,A rating,,,,,,,,none,,,none,,,,,,SponsorList public directory lead,https://sponsorlist.co.uk/sponsors/greenisland-dental-practice/,no unambiguous CQC name/location match; employer identity was not corroborated on the candidate website
208551,Hampshire Equine Clinic,hampshire equine clinic,Alton,Hampshire,South East,Healthcare,Worker,Skilled Worker,A rating,,,,,,,,none,,,none,,,,,,CQC and cached public-source lookup,,no unambiguous CQC name/location match; SponsorList had no exact name/location match with an employer website
209071,HARLOW DENTAL PRACTICE LIMITED,harlow dental practice limited,HARLOW,,,Healthcare,Worker,Skilled Worker,A rating,,,,,,,,none,,,none,,,,,,CQC provider_name/high lead,https://www.cqc.org.uk/location/1-17576695098,CQC match supplied no eligible employer website URL; SponsorList had no exact name/location match with an employer website
209550,Haverhill Dental Practice and Cosmetic Centre,haverhill dental practice and cosmetic centre,Haverhill,,,Healthcare,Worker,Skilled Worker,A rating,,,,,,,,none,,,none,,,,,,CQC location_name/high lead,https://www.cqc.org.uk/location/1-4526123385,CQC match supplied no eligible employer website URL; SponsorList had no exact name/location match with an employer website
209655,Hayes Dental Practice,hayes dental practice,Hayes,Middlesex,,Healthcare,Worker,Skilled Worker,A rating,,,,,,,,none,,,none,,,,,,CQC provider_name/high lead,https://www.cqc.org.uk/location/1-485201813,CQC match supplied no eligible employer website URL; SponsorList had no exact name/location match with an employer website
212438,Horncastle Dental Practice Partnership,horncastle dental practice partnership,Horncastle,Lincolnshire,East Midlands,Healthcare,Worker,Skilled Worker,A rating,,,,,,,,none,,,none,,,,,,CQC provider_name/high lead,https://www.cqc.org.uk/location/1-4476784195,CQC match supplied no eligible employer website URL; SponsorList had no exact name/location match with an employer website
217019,Ipswich Dental Surgery,ipswich dental surgery,Ipswich,Suffolk,East of England,Healthcare,Worker,Skilled Worker,A rating,,,,,,,,none,,,none,,,,,,SponsorList public directory lead,https://sponsorlist.co.uk/sponsors/ipswich-dental-surgery/,CQC match supplied no eligible employer website URL; employer identity was not corroborated on the candidate website
217181,Irvinestown Health Centre,irvinestown health centre,Irvinestown,Co Fermanagh,,Healthcare,Worker,Skilled Worker,A rating,,,,,,,,none,,,none,,,,,,CQC and cached public-source lookup,,no unambiguous CQC name/location match; SponsorList had no exact name/location match with an employer website
218960,Jedburgh family dental practice,jedburgh family dental practice,Jedburgh,Borders,,Healthcare,Worker,Skilled Worker,A rating,,,,,,,https://jfdp.co.uk/,high,https://jfdp.co.uk/,,none,,,,,,SponsorList public directory lead; first-party page identity checked,https://sponsorlist.co.uk/sponsors/jedburgh-family-dental-practice/,"no unambiguous CQC name/location match; no employer-linked, verifiable careers destination found"
221961,Kenilworth Chiropractic Clinic Ltd,kenilworth chiropractic clinic ltd,Kenilworth,Warwickshire,West Midlands,Healthcare,Worker,Skilled Worker,A rating,,,,,,,,none,,,none,,,,,,CQC and cached public-source lookup,,no unambiguous CQC name/location match; SponsorList had no exact name/location match with an employer website
226268,Leiston Veterinary Clinic ltd,leiston veterinary clinic ltd,Leiston,Suffolk,East of England,Healthcare,Worker,Skilled Worker,A rating,,,,,,,,none,,,none,,,,,,CQC and cached public-source lookup,,no unambiguous CQC name/location match; SponsorList had no exact name/location match with an employer website
227413,Lisa Franklin Ltd/Lisa Franklin London/Clinic Prive,lisa franklin ltd lisa franklin london clinic prive,London,,,Healthcare,Worker,Skilled Worker,A rating,,,,,,,https://www.lisafranklin.london/,high,https://www.lisafranklin.london/,https://www.lisafranklin.london/careers/,high,https://www.lisafranklin.london/,,,,,SponsorList public directory lead; first-party page identity checked,https://sponsorlist.co.uk/sponsors/lisa-franklin-ltdlisa-franklin-londonclinic-prive/,no unambiguous CQC name/location match
227600,Littlehampton Natural Health Centre,littlehampton natural health centre,Littlehampton,West Sussex,South East,Healthcare,Worker,Skilled Worker,A rating,,,,,,,https://lnhc.co.uk/,high,https://lnhc.co.uk/,,none,,,,,,SponsorList public directory lead; first-party page identity checked,https://sponsorlist.co.uk/sponsors/littlehampton-natural-health-centre/,"no unambiguous CQC name/location match; no employer-linked, verifiable careers destination found"
227700,Liverpool Skin Clinic Ltd,liverpool skin clinic ltd,Liverpool,,,Healthcare,Worker,Skilled Worker,A rating,,,,,,,,none,,,none,,,,,,CQC provider_name/high lead,https://www.cqc.org.uk/location/1-972939065,candidate website could not be safely checked: robots.txt disallows this page
228010,Lochgilphead Medical Centre,lochgilphead medical centre,Lochgilphead,Argyll & Bute,,Healthcare,Worker,Skilled Worker,A rating,,,,,,,https://lochgilpheadmedicalcentre.co.uk/,high,https://lochgilpheadmedicalcentre.co.uk/,,none,,,,,,SponsorList public directory lead; first-party page identity checked,https://sponsorlist.co.uk/sponsors/lochgilphead-medical-centre/,"no unambiguous CQC name/location match; no employer-linked, verifiable careers destination found"
231194,MALPAS DENTAL SURGERY,malpas dental surgery,MALPAS,,,Healthcare,Worker,Skilled Worker,A rating,,,,,,,,none,,,none,,,,,,SponsorList public directory lead,https://sponsorlist.co.uk/sponsors/malpas-dental-surgery/,no unambiguous CQC name/location match; employer identity was not corroborated on the candidate website
231530,Manningtree Dental Practice,manningtree dental practice,Manningtree,Essex,East of England,Healthcare,Worker,Skilled Worker,A rating,,,,,,,,none,,,none,,,,,,SponsorList public directory lead,https://sponsorlist.co.uk/sponsors/manningtree-dental-practice/,no unambiguous CQC name/location match; employer identity was not corroborated on the candidate website
231775,March Physiotherapy Clinic Ltd.,march physiotherapy clinic ltd,March,Cambs,,Healthcare,Worker,Skilled Worker,A rating,,,,,,,,none,,,none,,,,,,CQC and cached public-source lookup,,no unambiguous CQC name/location match; SponsorList had no exact name/location match with an employer website
231780,Marcham Road Health Centre Abingdon,marcham road health centre abingdon,Abingdon,Oxfordshire,South East,Healthcare,Worker,Skilled Worker,A rating,,,,,,,,none,,,none,,,,,,CQC and cached public-source lookup,,no unambiguous CQC name/location match; SponsorList had no exact name/location match with an employer website
232122,Marlborough Clinic Belfast Ltd,marlborough clinic belfast ltd,Belfast,Antrim,Northern Ireland,Healthcare,Worker,Skilled Worker,A rating,,,,,,,https://www.marlboroughclinicbelfast.com/,high,https://www.marlboroughclinicbelfast.com/,,none,,,,,,SponsorList public directory lead; first-party page identity checked,https://sponsorlist.co.uk/sponsors/marlborough-clinic-belfast-ltd/,"no unambiguous CQC name/location match; no employer-linked, verifiable careers destination found"
233400,MCR Health Limited T/A Manchester Pharmacy and Health Clinic,mcr health limited t a manchester pharmacy and health clinic,Manchester,,,Healthcare,Worker,Skilled Worker,A rating,,,,,,,,none,,,none,,,,,,CQC and cached public-source lookup,,no unambiguous CQC name/location match; SponsorList had no exact name/location match with an employer website
234307,Mere Dental Practice,mere dental practice,Mere,Wiltshire,South West,Healthcare,Worker,Skilled Worker,A rating,,,,,,,,none,,,none,,,,,,CQC provider_name/high lead,https://www.cqc.org.uk/location/1-2444356621,candidate website could not be safely checked: getaddrinfo ENOTFOUND www.meredental.co.uk
234945,Michael Boles t/a Largs Chiropractic Clinic,michael boles t a largs chiropractic clinic,Largs,Ayrshire,,Healthcare,Worker,Skilled Worker,A rating,,,,,,,https://www.largschiropractic.co.uk/,high,https://www.largschiropractic.co.uk/,,none,,,,,,SponsorList public directory lead; first-party page identity checked,https://sponsorlist.co.uk/sponsors/michael-boles-ta-largs-chiropractic-clinic/,"no unambiguous CQC name/location match; no employer-linked, verifiable careers destination found"
235513,Milton Keynes Chiropractic Clinic Ltd,milton keynes chiropractic clinic ltd,Milton Keynes,Buckinghamshire,South East,Healthcare,Worker,Skilled Worker,A rating,,,,,,,https://www.mkbackpain.com/,high,https://www.mkbackpain.com/,,none,,,,,,SponsorList public directory lead; first-party page identity checked,https://sponsorlist.co.uk/sponsors/milton-keynes-chiropractic-clinic-ltd/,"no unambiguous CQC name/location match; no employer-linked, verifiable careers destination found"
238592,Muhammad Tahir Khokhar Trading as Polegate Dental Practice,muhammad tahir khokhar trading as polegate dental practice,Polegate,,,Healthcare,Worker,Skilled Worker,A rating,,,,,,,https://polegatedental.co.uk/,high,https://polegatedental.co.uk/,https://polegatedental.co.uk/careers/,high,https://polegatedental.co.uk/,,,,,SponsorList public directory lead; first-party page identity checked,https://sponsorlist.co.uk/sponsors/muhammad-tahir-khokhar-trading-as-polegate-dental-practice/,CQC match supplied no eligible employer website URL
239717,Nantwich Health Centre,nantwich health centre,Nantwich,,,Healthcare,Worker,Skilled Worker,A rating,,,,,,,,none,,,none,,,,,,CQC and cached public-source lookup,,no unambiguous CQC name/location match; SponsorList had no exact name/location match with an employer website
241105,New Malden Chiropractic Clinic Ltd.,new malden chiropractic clinic ltd,New Malden,,,Healthcare,Worker,Skilled Worker,A rating,,,,,,,,none,,,none,,,,,,SponsorList public directory lead,https://sponsorlist.co.uk/sponsors/new-malden-chiropractic-clinic-ltd/,no unambiguous CQC name/location match; candidate website could not be safely checked: robots.txt disallows this page
241447,Newmarket Dental Surgery,newmarket dental surgery,Newmarket,Suffolk,East of England,Healthcare,Worker,Skilled Worker,A rating,,,,,,,,none,,,none,,,,,,SponsorList public directory lead,https://sponsorlist.co.uk/sponsors/newmarket-dental-surgery/,CQC match supplied no eligible employer website URL; employer identity was not corroborated on the candidate website
241449,Newmarket Equine Clinic Limited,newmarket equine clinic limited,Newmarket,Suffolk,East of England,Healthcare,Worker,Skilled Worker,A rating,,,,,,,,none,,,none,,,,,,SponsorList public directory lead,https://sponsorlist.co.uk/sponsors/newmarket-equine-clinic-limited/,no unambiguous CQC name/location match; candidate website could not be safely checked: robots.txt disallows this page
241472,Newport Pagnell Medical Centre,newport pagnell medical centre,Newport Pagnell,Bucks,,Healthcare,Worker,Skilled Worker,A rating,,,,,,,,none,,,none,,,,,,CQC provider_name/high lead,https://www.cqc.org.uk/location/1-544048773,CQC match supplied no eligible employer website URL; SponsorList had no exact name/location match with an employer website
242816,North Croydon Medical Centre,north croydon medical centre,Croydon,Surrey,South East,Healthcare,Worker,Skilled Worker,A rating,,,,,,,https://www.northcroydonmedicalcentre.co.uk/,high,https://www.northcroydonmedicalcentre.co.uk/,https://www.northcroydonmedicalcentre.co.uk/jobs,high,https://www.northcroydonmedicalcentre.co.uk/,,,,,SponsorList public directory lead; first-party page identity checked,https://sponsorlist.co.uk/sponsors/north-croydon-medical-centre/,no unambiguous CQC name/location match
248930,Penrhyn Bay & Deganwy Medical Centre,penrhyn bay and deganwy medical centre,Penrhyn Bay,Conwy,Wales,Healthcare,Worker,Skilled Worker,A rating,,,,,,,https://penrhynbayanddeganwysurgeries.co.uk/,high,https://penrhynbayanddeganwysurgeries.co.uk/,,none,,,,,,SponsorList public directory lead; first-party page identity checked,https://sponsorlist.co.uk/sponsors/penrhyn-bay-deganwy-medical-centre/,"no unambiguous CQC name/location match; no employer-linked, verifiable careers destination found"
249328,Perth City Medical Centre,perth city medical centre,Perth,,,Healthcare,Worker,Skilled Worker,A rating,,,,,,,,none,,,none,,,,,,SponsorList public directory lead,https://sponsorlist.co.uk/sponsors/perth-city-medical-centre/,no unambiguous CQC name/location match; candidate website could not be safely checked: robots.txt disallows this page
249333,Perth Physio Clinic Ltd,perth physio clinic ltd,Perth,Perthshire,,Healthcare,Worker,Skilled Worker,A rating,,,,,,,https://www.perthphysio.co.uk/,high,https://www.perthphysio.co.uk/,,none,,,,,,SponsorList public directory lead; first-party page identity checked,https://sponsorlist.co.uk/sponsors/perth-physio-clinic-ltd/,"no unambiguous CQC name/location match; no employer-linked, verifiable careers destination found"
249991,Physiokinesis Limited Trading as Wye Physiotherapy Clinic,physiokinesis limited trading as wye physiotherapy clinic,Wye,Kent,South East,Healthcare,Worker,Skilled Worker,A rating,,,,,,,,none,,,none,,,,,,CQC and cached public-source lookup,,no unambiguous CQC name/location match; SponsorList had no exact name/location match with an employer website
251007,Plymouth Chiropractic Clinic Ltd,plymouth chiropractic clinic ltd,Plymouth,Devon,South West,Healthcare,Worker,Skilled Worker,A rating,,,,,,,,none,,,none,,,,,,SponsorList public directory lead,https://sponsorlist.co.uk/sponsors/plymouth-chiropractic-clinic-ltd/,no unambiguous CQC name/location match; employer identity was not corroborated on the candidate website
251742,Poynton Dental Clinic,poynton dental clinic,Poynton,Chesire,,Healthcare,Worker,Skilled Worker,A rating,,,,,,,,none,,,none,,,,,,SponsorList public directory lead,https://sponsorlist.co.uk/sponsors/poynton-dental-clinic/,no unambiguous CQC name/location match; employer identity was not corroborated on the candidate website
298638,Okehampton Medical Centre,okehampton medical centre,Okehampton,Devon,South West,Healthcare,Worker,Skilled Worker,A rating,,,,,,,,none,,,none,,,,,,CQC provider_name/high lead,https://www.cqc.org.uk/location/1-547796480,employer identity was not corroborated on the candidate website
298729,Old Windsor Dental Practice,old windsor dental practice,Old Windsor,Berkshire,South East,Healthcare,Worker,Skilled Worker,A rating,,,,,,,,none,,,none,,,,,,SponsorList public directory lead,https://sponsorlist.co.uk/sponsors/old-windsor-dental-practice/,CQC match supplied no eligible employer website URL; employer identity was not corroborated on the candidate website
299354,Ongar Health Centre,ongar health centre,Ongar,,,Healthcare,Worker,Skilled Worker,A rating,,,,,,,,none,,,none,,,,,,SponsorList public directory lead,https://sponsorlist.co.uk/sponsors/ongar-health-centre/,CQC match supplied no eligible employer website URL; candidate website could not be safely checked: robots.txt disallows this page
304292,Ramsey Health Centre Partnership,ramsey health centre partnership,Ramsey,Cambridgeshire,East of England,Healthcare,Worker,Skilled Worker,A rating,,,,,,,,none,,,none,,,,,,SponsorList public directory lead,https://sponsorlist.co.uk/sponsors/ramsey-health-centre-partnership/,no unambiguous CQC name/location match; employer identity was not corroborated on the candidate website
307145,Ringwood Medical Practice at Ringwood Medical Centre (ODS code J82039),ringwood medical practice at ringwood medical centre ods code j82039,Ringwood,Hampshire,South East,Healthcare,Worker,Skilled Worker,A rating,,,,,,,,none,,,none,,,,,,CQC and cached public-source lookup,,no unambiguous CQC name/location match; SponsorList had no exact name/location match with an employer website
308498,Roslin Dental Practice Limited,roslin dental practice limited,Roslin,MIDLOTHIAN,Scotland,Healthcare,Worker,Skilled Worker,A rating,,,,,,,,none,,,none,,,,,,SponsorList public directory lead,https://sponsorlist.co.uk/sponsors/roslin-dental-practice-limited/,no unambiguous CQC name/location match; candidate website could not be safely checked: robots.txt disallows this page
309469,Rye Dental Surgery,rye dental surgery,Rye,East Sussex,South East,Healthcare,Worker,Skilled Worker,A rating,,,,,,,https://ryedentalsurgery.co.uk/,high,https://ryedentalsurgery.co.uk/,,none,,,,,,SponsorList public directory lead; first-party page identity checked,https://sponsorlist.co.uk/sponsors/rye-dental-surgery/,"CQC match supplied no eligible employer website URL; no employer-linked, verifiable careers destination found"
310791,Saltash Health Centre,saltash health centre,Saltash,Cornwall,South West,Healthcare,Worker,Skilled Worker,A rating,,,,,,,,none,,,none,,,,,,CQC and cached public-source lookup,,no unambiguous CQC name/location match; SponsorList had no exact name/location match with an employer website
311756,Saundersfoot Medical Centre,saundersfoot medical centre,Saundersfoot,Pembrokeshire,Wales,Healthcare,Worker,Skilled Worker,A rating,,,,,,,https://saundersfootmedicalcentre.gpwales.com/,high,https://saundersfootmedicalcentre.gpwales.com/,,none,,,,,,SponsorList public directory lead; first-party page identity checked,https://sponsorlist.co.uk/sponsors/saundersfoot-medical-centre/,"no unambiguous CQC name/location match; no employer-linked, verifiable careers destination found"
312176,Schoen Clinic London Ltd,schoen clinic london ltd,London,,,Healthcare,Worker,Skilled Worker,A rating,,,,,,,,none,,,none,,,,,,CQC and cached public-source lookup,,no unambiguous CQC name/location match; SponsorList had no exact name/location match with an employer website
313555,Sevenoaks Clinic Ltd,sevenoaks clinic ltd,Sevenoaks,Kent,South East,Healthcare,Worker,Skilled Worker,A rating,,,,,,,https://thesevenoaksclinics.co.uk/,high,https://thesevenoaksclinics.co.uk/,,none,,,,,,SponsorList public directory lead; first-party page identity checked,https://sponsorlist.co.uk/sponsors/sevenoaks-clinic-ltd/,"CQC match supplied no eligible employer website URL; no employer-linked, verifiable careers destination found"
314276,Sheffield Medical Centre,sheffield medical centre,Sheffield,,,Healthcare,Worker,Skilled Worker,A rating,,,,,,,,none,,,none,,,,,,CQC location_name/high lead,https://www.cqc.org.uk/location/1-4299001177,CQC match supplied no eligible employer website URL; SponsorList had no exact name/location match with an employer website
314283,SHEFFORD OSTEOPATHIC CLINIC,shefford osteopathic clinic,SHEFFORD,BEDS,,Healthcare,Worker,Skilled Worker,A rating,,,,,,,,none,,,none,,,,,,SponsorList public directory lead,https://sponsorlist.co.uk/sponsors/shefford-osteopathic-clinic/,no unambiguous CQC name/location match; employer identity was not corroborated on the candidate website
314379,Shepperton Chiropractic Clinic,shepperton chiropractic clinic,Shepperton,Middx,,Healthcare,Worker,Skilled Worker,A rating,,,,,,,,none,,,none,,,,,,CQC and cached public-source lookup,,no unambiguous CQC name/location match; SponsorList had no exact name/location match with an employer website
315458,SIKKA PHARMA LTD T/A WINNERSH PHARMACY AND CLINIC,sikka pharma ltd t a winnersh pharmacy and clinic,WINNERSH,,,Healthcare,Worker,Skilled Worker,A rating,,,,,,,,none,,,none,,,,,,SponsorList public directory lead,https://sponsorlist.co.uk/sponsors/sikka-pharma-ltd-ta-winnersh-pharmacy-and-clinic/,no unambiguous CQC name/location match; candidate website could not be safely checked: robots.txt disallows this page
317242,Smiles Unlimited Dorset Limited t/a Alaska House Dental Practice,smiles unlimited dorset limited t a alaska house dental practice,Blandford Forum,Dorset,South West,Healthcare,Worker,Skilled Worker,A rating,,,,,,,https://alaskahousedental.co.uk/,high,https://alaskahousedental.co.uk/,,none,,,,,,SponsorList public directory lead; first-party page identity checked,https://sponsorlist.co.uk/sponsors/smiles-unlimited-dorset-limited-ta-alaska-house-dental-practice/,"CQC match supplied no eligible employer website URL; no employer-linked, verifiable careers destination found"
318478,South Wigston Health Centre,south wigston health centre,South Wigston,Leicestershire,East Midlands,Healthcare,Worker,Skilled Worker,A rating,,,,,,,,none,,,none,,,,,,SponsorList public directory lead,https://sponsorlist.co.uk/sponsors/south-wigston-health-centre/,CQC match supplied no eligible employer website URL; candidate website could not be safely checked: robots.txt disallows this page
318491,Southall Medical Centre,southall medical centre,Southall,Middlesex,,Healthcare,Worker,Skilled Worker,A rating,,,,,,,,none,,,none,,,,,,CQC provider_name/high lead,https://www.cqc.org.uk/location/1-597938950,CQC match supplied no eligible employer website URL; SponsorList had no exact name/location match with an employer website
318617,Southwell Medical Centre,southwell medical centre,Southwell,Nottinghamshire,East Midlands,Healthcare,Worker,Skilled Worker,A rating,,,,,,,,none,,,none,,,,,,CQC provider_name/high lead,https://www.cqc.org.uk/location/1-562012875,employer identity was not corroborated on the candidate website
319353,Spixworth Dental Practice,spixworth dental practice,Spixworth,,,Healthcare,Worker,Skilled Worker,A rating,,,,,,,,none,,,none,,,,,,SponsorList public directory lead,https://sponsorlist.co.uk/sponsors/spixworth-dental-practice/,CQC match supplied no eligible employer website URL; employer identity was not corroborated on the candidate website
320302,St Helens Medical Centre,st helens medical centre,St Helens,Isle of Wight,South East,Healthcare,Worker,Skilled Worker,A rating,,,,,,,,none,,,none,,,,,,CQC and cached public-source lookup,,no unambiguous CQC name/location match; SponsorList had no exact name/location match with an employer website
323318,Surrey Dental Surgery,surrey dental surgery,Epsom,Surrey,South East,Healthcare,Worker,Skilled Worker,A rating,,,,,,,https://surreydentalsurgery.com/,high,https://surreydentalsurgery.com/,,none,,,,,,CQC location_name/high lead; first-party page identity checked,https://www.cqc.org.uk/location/1-3646413784,"no employer-linked, verifiable careers destination found"
324903,Tamworth Chiropractic Clinic,tamworth chiropractic clinic,Tamworth,Staffordshire,West Midlands,Healthcare,Worker,Skilled Worker,A rating,,,,,,,,none,,,none,,,,,,CQC and cached public-source lookup,,no unambiguous CQC name/location match; SponsorList had no exact name/location match with an employer website
326471,Tetbury Dental Practice,tetbury dental practice,Tetbury,Gloucestershire,South West,Healthcare,Worker,Skilled Worker,A rating,,,,,,,https://www.tetburydentalpractice.co.uk/,high,https://www.tetburydentalpractice.co.uk/,,none,,,,,,SponsorList public directory lead; first-party page identity checked,https://sponsorlist.co.uk/sponsors/tetbury-dental-practice/,"CQC match supplied no eligible employer website URL; no employer-linked, verifiable careers destination found"
327130,The Bexleyheath Dental Practice,the bexleyheath dental practice,Bexleyheath,Kent,South East,Healthcare,Worker,Skilled Worker,A rating,,,,,,,,none,,,none,,,,,,SponsorList public directory lead,https://sponsorlist.co.uk/sponsors/the-bexleyheath-dental-practice/,no unambiguous CQC name/location match; employer identity was not corroborated on the candidate website
327427,THE CENTRAL LONDON CLINIC LTD,the central london clinic ltd,London,,,Healthcare,Worker,Skilled Worker,A rating,,,,,,,,none,,,none,,,,,,CQC provider_name/high lead,https://www.cqc.org.uk/location/1-18810507652,candidate website could not be safely checked: robots.txt disallows this page
327500,The Chiro & Physio Clinic Liverpool (UK) Limited,the chiro and physio clinic liverpool uk limited,Liverpool,,,Healthcare,Worker,Skilled Worker,A rating,,,,,,,,none,,,none,,,,,,SponsorList public directory lead,https://sponsorlist.co.uk/sponsors/the-chiro-physio-clinic-liverpool-uk-limited/,no unambiguous CQC name/location match; candidate website could not be safely checked: page exceeds size limit
328811,The Lancashire Eye Clinic Limited,the lancashire eye clinic limited,Lytham St. Annes,Lancashire,North West,Healthcare,Worker,Skilled Worker,A rating,,,,,,,,none,,,none,,,,,,SponsorList public directory lead,https://sponsorlist.co.uk/sponsors/the-lancashire-eye-clinic-limited/,CQC match supplied no eligible employer website URL; employer identity was not corroborated on the candidate website
328820,The Lansdown Clinic (Stroud) Ltd,the lansdown clinic stroud ltd,Stroud,Gloucestershire,South West,Healthcare,Worker,Skilled Worker,A rating,,,,,,,https://lansdownclinic.co.uk/,high,https://lansdownclinic.co.uk/,,none,,,,,,SponsorList public directory lead; first-party page identity checked,https://sponsorlist.co.uk/sponsors/the-lansdown-clinic-stroud-ltd/,"no unambiguous CQC name/location match; no employer-linked, verifiable careers destination found"
328954,The London Cat Clinic,the london cat clinic,London,London,London,Healthcare,Worker,Skilled Worker,A rating,,,,,,,https://thelondoncatclinic.co.uk/,high,https://thelondoncatclinic.co.uk/,https://thelondoncatclinic.co.uk/our-career-opportunities/,high,https://thelondoncatclinic.co.uk/,,,,,SponsorList public directory lead; first-party page identity checked,https://sponsorlist.co.uk/sponsors/the-london-cat-clinic/,no unambiguous CQC name/location match
328963,The London Fields Medical Centre,the london fields medical centre,London,Default,,Healthcare,Worker,Skilled Worker,A rating,,,,,,,,none,,,none,,,,,,CQC provider_name/high lead,https://www.cqc.org.uk/location/1-550118475,CQC match supplied no eligible employer website URL; SponsorList had no exact name/location match with an employer website
328979,The London Women's Clinic,the london women s clinic,London,,,Healthcare,Worker,Skilled Worker,A rating,,,,,,,,none,,,none,,,,,,SponsorList public directory lead,https://sponsorlist.co.uk/sponsors/the-london-womens-clinic/,no unambiguous CQC name/location match; employer identity was not corroborated on the candidate website
329441,THE ONGAR DENTAL PRACTICE,the ongar dental practice,ONGAR,ESSEX,East of England,Healthcare,Worker,Skilled Worker,A rating,,,,,,,,none,,,none,,,,,,CQC location_name/high lead,https://www.cqc.org.uk/location/1-1718562785,CQC match supplied no eligible employer website URL; SponsorList had no exact name/location match with an employer website
329506,The Oxford Cat Clinic Limited,the oxford cat clinic limited,Oxford,Oxfordshire,South East,Healthcare,Worker,Skilled Worker,A rating,,,,,,,,none,,,none,,,,,,CQC and cached public-source lookup,,no unambiguous CQC name/location match; SponsorList had no exact name/location match with an employer website
329850,The Real Good Dental Company T/A Bathgate Dental Practice,the real good dental company t a bathgate dental practice,Bathgate,,,Healthcare,Worker,Skilled Worker,A rating,,,,,,,https://realgooddental.com/,medium,https://realgooddental.com/,https://jobs.realgooddental.com/,high,https://realgooddental.com/,,,,,SponsorList public directory lead; first-party page identity checked,https://sponsorlist.co.uk/sponsors/the-real-good-dental-company-ta-bathgate-dental-practice/,no unambiguous CQC name/location match
329853,"The Real Good Dental Company T/A Largs Dental Surgery,",the real good dental company t a largs dental surgery,Largs,,,Healthcare,Worker,Skilled Worker,A rating,,,,,,,,none,,,none,,,,,,CQC and cached public-source lookup,,no unambiguous CQC name/location match; SponsorList had no exact name/location match with an employer website
331217,Thornhill Dental Practice,thornhill dental practice,Thornhill,Dumfriesshire,,Healthcare,Worker,Skilled Worker,A rating,,,,,,,https://thornhilldental.co.uk/,high,https://thornhilldental.co.uk/,,none,,,,,,CQC location_name/high lead; first-party page identity checked,https://www.cqc.org.uk/location/1-2326163758,"no employer-linked, verifiable careers destination found"
332049,Toddington Dental Surgery Ltd,toddington dental surgery ltd,Toddington,,,Healthcare,Worker,Skilled Worker,A rating,,,,,,,https://www.toddingtondental.co.uk/,high,https://www.toddingtondental.co.uk/,https://www.toddingtondental.co.uk/careers,medium,https://www.toddingtondental.co.uk/careers,,,,,CQC provider_name/high lead; first-party page identity checked,https://www.cqc.org.uk/location/1-13267027315,First-party employer identity verified; manual review remains required before import.
333901,Trustees of the London Clinic Ltd,trustees of the london clinic ltd,London,,,Healthcare,Worker,Skilled Worker,A rating,,,,,,,https://www.thelondonclinic.co.uk/,high,https://www.thelondonclinic.co.uk/,https://www.thelondonclinic.co.uk/about-us/careers,high,https://www.thelondonclinic.co.uk/,,,,,CQC provider_name/high lead; first-party page identity checked,https://www.cqc.org.uk/location/1-114617347,First-party employer identity verified; manual review remains required before import.
339416,WAKEFIELD EYE CLINIC LIMITED,wakefield eye clinic limited,Wakefield,,,Healthcare,Worker,Skilled Worker,A rating,,,,,,,https://wakefieldeyeclinic.co.uk/,high,https://wakefieldeyeclinic.co.uk/,,none,,,,,,SponsorList public directory lead; first-party page identity checked,https://sponsorlist.co.uk/sponsors/wakefield-eye-clinic-limited/,"no unambiguous CQC name/location match; no employer-linked, verifiable careers destination found"
339456,Walkden Medical Centre,walkden medical centre,Walkden,,,Healthcare,Worker,Skilled Worker,A rating,,,,,,,,none,,,none,,,,,,SponsorList public directory lead,https://sponsorlist.co.uk/sponsors/walkden-medical-centre/,no unambiguous CQC name/location match; employer identity was not corroborated on the candidate website
340477,Wellington Dental Practice,wellington dental practice,Wellington,Somerset,South West,Healthcare,Worker,Skilled Worker,A rating,,,,,,,https://wellingtondentalpractice.com/,high,https://wellingtondentalpractice.com/,,none,,,,,,SponsorList public directory lead; first-party page identity checked,https://sponsorlist.co.uk/sponsors/wellington-dental-practice/,"CQC match supplied no eligible employer website URL; no employer-linked, verifiable careers destination found"
340486,Wellington Medical Centre,wellington medical centre,Wellington,Somerset,South West,Healthcare,Worker,Skilled Worker,A rating,,,,,,,,none,,,none,,,,,,CQC provider_name/high lead,https://www.cqc.org.uk/location/1-543570549,candidate website could not be safely checked: robots.txt disallows this page
340507,Wells Health Centre,wells health centre,Wells,Somerset,South West,Healthcare,Worker,Skilled Worker,A rating,,,,,,,,none,,,none,,,,,,CQC provider_name/high lead,https://www.cqc.org.uk/location/1-19032803285,CQC match supplied no eligible employer website URL; SponsorList had no exact name/location match with an employer website
340569,Wembley Park Medical Centre,wembley park medical centre,Wembley,Middlesex,,Healthcare,Worker,Skilled Worker,A rating,,,,,,,,none,,,none,,,,,,CQC location_name/high lead,https://www.cqc.org.uk/location/1-19894135215,CQC match supplied no eligible employer website URL; SponsorList had no exact name/location match with an employer website
340811,West Wickham Chiropractic Clinic,west wickham chiropractic clinic,West Wickham,,,Healthcare,Worker,Skilled Worker,A rating,,,,,,,https://westwickhamchiropractic.co.uk/,high,https://westwickhamchiropractic.co.uk/,,none,,,,,,SponsorList public directory lead; first-party page identity checked,https://sponsorlist.co.uk/sponsors/west-wickham-chiropractic-clinic/,"no unambiguous CQC name/location match; no employer-linked, verifiable careers destination found"
341108,Weybridge dental practice,weybridge dental practice,weybridge,,,Healthcare,Worker,Skilled Worker,A rating,,,,,,,https://www.weybridgedental.co.uk/,high,https://www.weybridgedental.co.uk/,https://www.weybridgedental.co.uk/careers,medium,https://www.weybridgedental.co.uk/careers,,,,,CQC location_name/high lead; first-party page identity checked,https://www.cqc.org.uk/location/1-13586876271,First-party employer identity verified; manual review remains required before import.
341816,wimbledon clinic,wimbledon clinic,wimbledon,Select,,Healthcare,Worker,Skilled Worker,A rating,,,,,,,,none,,,none,,,,,,SponsorList public directory lead,https://sponsorlist.co.uk/sponsors/wimbledon-clinic/,no unambiguous CQC name/location match; employer identity was not corroborated on the candidate website
345527,Northwich Foot Clinic Ltd,northwich foot clinic ltd,Northwich,Cheshire,North West,Healthcare,Worker,Skilled Worker,A rating,,,,,,,,none,,,none,,,,,,CQC and cached public-source lookup,,no unambiguous CQC name/location match; SponsorList had no exact name/location match with an employer website
171333,Bilbrook Medical Centre,bilbrook medical centre,Wolverhampton,West Midlands,West Midlands,Healthcare,Worker,Skilled Worker,A rating,,,,,,,,none,,,none,,,,,,CQC provider_name/high lead,https://www.cqc.org.uk/location/1-552217720,candidate website could not be safely checked: getaddrinfo ENOTFOUND www.bilbrookmedicalcentre.com
171398,Bilton Medical Centre,bilton medical centre,BRADFORD,,,Healthcare,Worker,Skilled Worker,A rating,,,,,,,,none,,,none,,,,,,CQC provider_name/high lead,https://www.cqc.org.uk/location/1-559465242,CQC match supplied no eligible employer website URL; SponsorList had no exact name/location match with an employer website
171567,Birches Head Medical Centre,birches head medical centre,Stoke-on-Trent,Staffordshire,West Midlands,Healthcare,Worker,Skilled Worker,A rating,,,,,,,,none,,,none,,,,,,SponsorList public directory lead,https://sponsorlist.co.uk/sponsors/birches-head-medical-centre/,CQC match supplied no eligible employer website URL; employer identity was not corroborated on the candidate website
171569,Birchfield Dental Practice,birchfield dental practice,Birmingham,,,Healthcare,Worker,Skilled Worker,A rating,,,,,,,https://www.birchfieldpractice.co.uk/,medium,https://www.birchfieldpractice.co.uk/,,none,,,,,,SponsorList public directory lead; first-party page identity checked,https://sponsorlist.co.uk/sponsors/birchfield-dental-practice/,"CQC match supplied no eligible employer website URL; no employer-linked, verifiable careers destination found"
171575,Birchills Health Centre,birchills health centre,Walsall,,,Healthcare,Worker,Skilled Worker,A rating,,,,,,,,none,,,none,,,,,,CQC provider_name/high lead,https://www.cqc.org.uk/location/1-6810431723,candidate website could not be safely checked: robots.txt disallows this page
171581,Birchwood Dental Practice,birchwood dental practice,Warrington,Cheshire,North West,Healthcare,Worker,Skilled Worker,A rating,,,,,,,,none,,,none,,,,,,CQC fuzzy_name_town/medium lead,https://www.cqc.org.uk/location/1-1317331219,candidate website could not be safely checked: robots.txt disallows this page
171584,Birchwood Medical Centre,birchwood medical centre,Warrington,GB,,Healthcare,Worker,Skilled Worker,A rating,,,,,,,https://www.birchwoodmedicalcentre.co.uk/,high,https://www.birchwoodmedicalcentre.co.uk/,https://www.birchwoodmedicalcentre.co.uk/job-vacancies,high,https://www.birchwoodmedicalcentre.co.uk/,,,,,CQC location_name/high lead; first-party page identity checked,https://www.cqc.org.uk/location/1-572306288,First-party employer identity verified; manual review remains required before import.
171665,Birmingham Clinic Group T/A Central Clinic,birmingham clinic group t a central clinic,Oldbury,West Midlands,West Midlands,Healthcare,Worker,Skilled Worker,A rating,,,,,,,,none,,,none,,,,,,CQC location_name/high lead,https://www.cqc.org.uk/location/1-13645864997,candidate website could not be safely checked: robots.txt disallows this page
171710,Birstall Medical Centre,birstall medical centre,Leicester,Leicestershire,East Midlands,Healthcare,Worker,Skilled Worker,A rating,,,,,,,https://birstallmedicalcentre.com/,high,https://birstallmedicalcentre.com/,,none,,,,,,SponsorList public directory lead; first-party page identity checked,https://sponsorlist.co.uk/sponsors/birstall-medical-centre/,"CQC match supplied no eligible employer website URL; no employer-linked, verifiable careers destination found"
171751,Bishopgate Medical Centre,bishopgate medical centre,Bishop Auckland,County Durham,North East,Healthcare,Worker,Skilled Worker,A rating,,,,,,,,none,,,none,,,,,,CQC provider_name/high lead,https://www.cqc.org.uk/location/1-542587083,candidate website could not be safely checked: robots.txt disallows this page
171763,Bishopsford Road Medical Centre,bishopsford road medical centre,Morden,England,,Healthcare,Worker,Skilled Worker,A rating,,,,,,,,none,,,none,,,,,,CQC provider_name/high lead,https://www.cqc.org.uk/location/1-2210776964,CQC match supplied no eligible employer website URL; SponsorList had no exact name/location match with an employer website
171768,Bishopsworth Dental Surgery,bishopsworth dental surgery,Bristol,,,Healthcare,Worker,Skilled Worker,A rating,,,,,,,,none,,,none,,,,,,SponsorList public directory lead,https://sponsorlist.co.uk/sponsors/bishopsworth-dental-surgery/,CQC match supplied no eligible employer website URL; employer identity was not corroborated on the candidate website
172021,Blackburn Road Medical Centre,blackburn road medical centre,Batley,Kirklees,Yorkshire and the Humber,Healthcare,Worker,Skilled Worker,A rating,,,,,,,,none,,,none,,,,,,SponsorList public directory lead,https://sponsorlist.co.uk/sponsors/blackburn-road-medical-centre/,no unambiguous CQC name/location match; employer identity was not corroborated on the candidate website
172111,Blackthorn Health Centre,blackthorn health centre,SOUTHAMPTON,Hampshire,South East,Healthcare,Worker,Skilled Worker,A rating,,,,,,,,none,,,none,,,,,,CQC and cached public-source lookup,,no unambiguous CQC name/location match; SponsorList had no exact name/location match with an employer website
172113,Blackthorn Medical Centre,blackthorn medical centre,Maidstone,Kent,South East,Healthcare,Worker,Skilled Worker,A rating,,,,,,,,none,,,none,,,,,,CQC provider_name/high lead,https://www.cqc.org.uk/location/1-583846872,CQC match supplied no eligible employer website URL; SponsorList had no exact name/location match with an employer website
172142,Blaircourt Equine Veterinary Clinic Ltd,blaircourt equine veterinary clinic ltd,Chelmsford,Essex,East of England,Healthcare,Worker,Skilled Worker,A rating,,,,,,,,none,,,none,,,,,,SponsorList public directory lead,https://sponsorlist.co.uk/sponsors/blaircourt-equine-veterinary-clinic-ltd/,no unambiguous CQC name/location match; candidate website could not be safely checked: robots.txt disallows this page
172177,Blandford Medical Centre,blandford medical centre,Braintree,Essex,East of England,Healthcare,Worker,Skilled Worker,A rating,,,,,,,,none,,,none,,,,,,CQC provider_name/high lead,https://www.cqc.org.uk/location/1-543806355,employer identity was not corroborated on the candidate website
172230,Blenheim Medical Centre,blenheim medical centre,Luton,Bedfordshire,East of England,Healthcare,Worker,Skilled Worker,A rating,,,,,,,,none,,,none,,,,,,CQC and cached public-source lookup,,no unambiguous CQC name/location match; SponsorList had no exact name/location match with an employer website
172242,Bletchley's Car Clinic Limited,bletchley s car clinic limited,Milton Keynes,,,Healthcare,Worker,Skilled Worker,A rating,,,,,,,,none,,,none,,,,,,SponsorList public directory lead,https://sponsorlist.co.uk/sponsors/bletchleys-car-clinic-limited/,no unambiguous CQC name/location match; candidate website could not be safely checked: robots.txt disallows this page
172274,Bliss The Chelsea Clinic for Women and Children,bliss the chelsea clinic for women and children,London,,,Healthcare,Worker,Skilled Worker,A rating,,,,,,,https://blisschelsea.com/,high,https://blisschelsea.com/,,none,,,,,,SponsorList public directory lead; first-party page identity checked,https://sponsorlist.co.uk/sponsors/bliss-the-chelsea-clinic-for-women-and-children/,"CQC match supplied no eligible employer website URL; no employer-linked, verifiable careers destination found"
172336,Bloomfield Medical Centre,bloomfield medical centre,Blackpool,Lancashire,North West,Healthcare,Worker,Skilled Worker,A rating,,,,,,,,none,,,none,,,,,,CQC provider_name/high lead,https://www.cqc.org.uk/location/1-582352929,candidate website could not be safely checked: robots.txt disallows this page
172596,Bluebell Dental Practice Ltd,bluebell dental practice ltd,Ilford,Essex,East of England,Healthcare,Worker,Skilled Worker,A rating,,,,,,,,none,,,none,,,,,,CQC provider_name/high lead,https://www.cqc.org.uk/location/1-203671924,candidate website could not be safely checked: robots.txt disallows this page
172836,BMZ Lambert Sports Clinic Ltd,bmz lambert sports clinic ltd,Tolworth,,,Healthcare,Worker,Skilled Worker,A rating,,,,,,,,none,,,none,,,,,,CQC provider_name/high lead,https://www.cqc.org.uk/location/1-13774886305,candidate website could not be safely checked: robots.txt disallows this page
172947,Bodey Medical Centre,bodey medical centre,Manchester,Greater Manchester,North West,Healthcare,Worker,Skilled Worker,A rating,,,,,,,,none,,,none,,,,,,CQC provider_name/high lead,https://www.cqc.org.uk/location/1-543984879,employer identity was not corroborated on the candidate website
172949,Bodhi Zen Clinic Limited,bodhi zen clinic limited,Lichfield,Staffordshire,West Midlands,Healthcare,Worker,Skilled Worker,A rating,,,,,,,https://www.bodhizenclinic.co.uk/,high,https://www.bodhizenclinic.co.uk/,https://www.bodhizenclinic.co.uk/non-surgical-rhinoplasty,high,https://www.bodhizenclinic.co.uk/,,,,,SponsorList public directory lead; first-party page identity checked,https://sponsorlist.co.uk/sponsors/bodhi-zen-clinic-limited/,no unambiguous CQC name/location match
172954,BODILIGHT BEAUTY CLINIC LTD,bodilight beauty clinic ltd,Milton Keynes,Buckinghamshire,South East,Healthcare,Worker,Skilled Worker,A rating,,,,,,,,none,,,none,,,,,,CQC and cached public-source lookup,,no unambiguous CQC name/location match; SponsorList had no exact name/location match with an employer website
172962,Body and Mind Healthcare Clinic,body and mind healthcare clinic,London,Edgware,,Healthcare,Worker,Skilled Worker,A rating,,,,,,,,none,,,none,,,,,,CQC provider_name/high lead,https://www.cqc.org.uk/location/1-23050420962,candidate website could not be safely checked: robots.txt disallows this page
172977,Bodytonic Clinic Limited,bodytonic clinic limited,London,,,Healthcare,Worker,Skilled Worker,A rating,,,,,,,,none,,,none,,,,,,CQC and cached public-source lookup,,no unambiguous CQC name/location match; SponsorList had no exact name/location match with an employer website
173276,Boothstown Medical Centre,boothstown medical centre,Manchester,,,Healthcare,Worker,Skilled Worker,A rating,,,,,,,https://www.boothstownmedicalcentre.co.uk/,high,https://www.boothstownmedicalcentre.co.uk/,https://www.boothstownmedicalcentre.co.uk/jobs/,medium,https://www.boothstownmedicalcentre.co.uk/jobs/,,,,,CQC provider_name/high lead; first-party page identity checked,https://www.cqc.org.uk/location/1-530725036,First-party employer identity verified; manual review remains required before import.
173353,Boroughbury Medical Centre,boroughbury medical centre,Peterborough,Cambs.,,Healthcare,Worker,Skilled Worker,A rating,,,,,,,,none,,,none,,,,,,CQC provider_name/high lead,https://www.cqc.org.uk/location/1-2227294143,CQC match supplied no eligible employer website URL; SponsorList had no exact name/location match with an employer website
173515,Bourne Hall Dental Practice,bourne hall dental practice,Ewell,Surrey,South East,Healthcare,Worker,Skilled Worker,A rating,,,,,,,,none,,,none,,,,,,SponsorList public directory lead,https://sponsorlist.co.uk/sponsors/bourne-hall-dental-practice/,CQC match supplied no eligible employer website URL; employer identity was not corroborated on the candidate website
173590,Bowers Way Dental Practice,bowers way dental practice,harpenden,,,Healthcare,Worker,Skilled Worker,A rating,,,,,,,,none,,,none,,,,,,CQC and cached public-source lookup,,no unambiguous CQC name/location match; SponsorList had no exact name/location match with an employer website
173633,Boxmoor House Dental Practice,boxmoor house dental practice,Hertfordshire,,,Healthcare,Worker,Skilled Worker,A rating,,,,,,,,none,,,none,,,,,,CQC location_name/high lead,https://www.cqc.org.uk/location/1-2141232999,CQC match supplied no eligible employer website URL; SponsorList had no exact name/location match with an employer website
173948,Brannam Medical Centre,brannam medical centre,Barnstaple,,,Healthcare,Worker,Skilled Worker,A rating,,,,,,,https://www.brannammedicalcentre.co.uk/,medium,https://www.brannammedicalcentre.co.uk/,https://www.brannammedicalcentre.co.uk/job-vacancies,high,https://www.brannammedicalcentre.co.uk/,,,,,CQC provider_name/high lead; first-party page identity checked,https://www.cqc.org.uk/location/1-542166045,First-party employer identity verified; manual review remains required before import.
174051,Brecknock Dental Surgery Ltd,brecknock dental surgery ltd,London,,,Healthcare,Worker,Skilled Worker,A rating,,,,,,,,none,,,none,,,,,,CQC provider_name/high lead,https://www.cqc.org.uk/location/1-10964361296,candidate website could not be safely checked: robots.txt disallows this page
174091,Brentfield Medical Centre,brentfield medical centre,London,London,London,Healthcare,Worker,Skilled Worker,A rating,,,,,,,,none,,,none,,,,,,SponsorList public directory lead,https://sponsorlist.co.uk/sponsors/brentfield-medical-centre/,no unambiguous CQC name/location match; candidate website could not be safely checked: robots.txt disallows this page
174119,Bretton Health Centre,bretton health centre,Peterborough,Cambridgeshire,East of England,Healthcare,Worker,Skilled Worker,A rating,,,,,,,,none,,,none,,,,,,SponsorList public directory lead,https://sponsorlist.co.uk/sponsors/bretton-health-centre/,no unambiguous CQC name/location match; employer identity was not corroborated on the candidate website
174164,Briarmeads Dental Practice,briarmeads dental practice,Leicester,Leicestershire,East Midlands,Healthcare,Worker,Skilled Worker,A rating,,,,,,,,none,,,none,,,,,,CQC provider_name/high lead,https://www.cqc.org.uk/location/1-199668674,CQC match supplied no eligible employer website URL; SponsorList had no exact name/location match with an employer website
174215,BRIDGE DENTAL PRACTICE LIMITED,bridge dental practice limited,Telford,Shropshire,West Midlands,Healthcare,Worker,Skilled Worker,A rating,,,,,,,,none,,,none,,,,,,CQC provider_name/high lead,https://www.cqc.org.uk/location/1-217299998,candidate website could not be safely checked: robots.txt disallows this page
174232,Bridge Medical Centre,bridge medical centre,Crawley,,,Healthcare,Worker,Skilled Worker,A rating,,,,,,,,none,,,none,,,,,,CQC provider_name/high lead,https://www.cqc.org.uk/location/1-568793607,candidate website could not be safely checked: robots.txt disallows this page
174235,Bridge of Earn Dental Practice  (Bridge of Earn Associates),bridge of earn dental practice bridge of earn associates,Perth,,,Healthcare,Worker,Skilled Worker,A rating,,,,,,,,none,,,none,,,,,,CQC and cached public-source lookup,,no unambiguous CQC name/location match; SponsorList had no exact name/location match with an employer website
174267,Bridgemary Medical Centre,bridgemary medical centre,Gosport,Hampshire,South East,Healthcare,Worker,Skilled Worker,A rating,,,,,,,,none,,,none,,,,,,CQC provider_name/high lead,https://www.cqc.org.uk/location/1-541431947,candidate website could not be safely checked: robots.txt disallows this page
174321,Brierley Park Medical Centre,brierley park medical centre,Sutton in Ashfield,Nottinghamshire,East Midlands,Healthcare,Worker,Skilled Worker,A rating,,,,,,,,none,,,none,,,,,,CQC and cached public-source lookup,,no unambiguous CQC name/location match; SponsorList had no exact name/location match with an employer website
174355,Bright Dental Clinic Ltd t/a/ City Dental,bright dental clinic ltd t a city dental,Brighton And Hove,,,Healthcare,Worker,Skilled Worker,A rating,,,,,,,,none,,,none,,,,,,CQC provider_name/high lead,https://www.cqc.org.uk/location/1-486942891,CQC match supplied no eligible employer website URL; SponsorList had no exact name/location match with an employer website
174382,Bright Smiles Dental Practice,bright smiles dental practice,Nottingham,,,Healthcare,Worker,Skilled Worker,A rating,,,,,,,,none,,,none,,,,,,SponsorList public directory lead,https://sponsorlist.co.uk/sponsors/bright-smiles-dental-practice/,CQC match supplied no eligible employer website URL; employer identity was not corroborated on the candidate website
174506,Brimington Dental Practice,brimington dental practice,Chesterfield,,,Healthcare,Worker,Skilled Worker,A rating,,,,,,,,none,,,none,,,,,,SponsorList public directory lead,https://sponsorlist.co.uk/sponsors/brimington-dental-practice/,CQC match supplied no eligible employer website URL; candidate website could not be safely checked: robots.txt disallows this page
174535,Brinsworth & Whiston Medical Centre,brinsworth and whiston medical centre,Rotherham,,,Healthcare,Worker,Skilled Worker,A rating,,,,,,,https://brinsworthmedicalcentre.co.uk/,high,https://brinsworthmedicalcentre.co.uk/,,none,,,,,,SponsorList public directory lead; first-party page identity checked,https://sponsorlist.co.uk/sponsors/brinsworth-whiston-medical-centre/,"no unambiguous CQC name/location match; no employer-linked, verifiable careers destination found"
174649,Britannia House Dental Surgery,britannia house dental surgery,Newport,Shropshire,West Midlands,Healthcare,Worker,Skilled Worker,A rating,,,,,,,,none,,,none,,,,,,CQC and cached public-source lookup,,no unambiguous CQC name/location match; SponsorList had no exact name/location match with an employer website
174842,Broadgate Chiropractic Clinic,broadgate chiropractic clinic,Leeds,West Yorkshire,Yorkshire and the Humber,Healthcare,Worker,Skilled Worker,A rating,,,,,,,,none,,,none,,,,,,CQC and cached public-source lookup,,no unambiguous CQC name/location match; SponsorList had no exact name/location match with an employer website
174862,Broadwater Dental Practice,broadwater dental practice,Stevenage,,,Healthcare,Worker,Skilled Worker,A rating,,,,,,,,none,,,none,,,,,,CQC location_name/high lead,https://www.cqc.org.uk/location/1-5237712291,CQC match supplied no eligible employer website URL; SponsorList had no exact name/location match with an employer website
174864,Broadway Animal Clinic Limited,broadway animal clinic limited,Herne Bay,United Kingdom,,Healthcare,Worker,Skilled Worker,A rating,,,,,,,,none,,,none,,,,,,CQC and cached public-source lookup,,no unambiguous CQC name/location match; SponsorList had no exact name/location match with an employer website
174869,Broadway Dental Surgery,broadway dental surgery,London,Barnet,,Healthcare,Worker,Skilled Worker,A rating,,,,,,,,none,,,none,,,,,,CQC provider_name/high lead,https://www.cqc.org.uk/location/1-26658755285,CQC match supplied no eligible employer website URL; SponsorList had no exact name/location match with an employer website
174878,Broadway Medical Centre,broadway medical centre,Fleetwood,Lancashire,North West,Healthcare,Worker,Skilled Worker,A rating,,,,,,,,none,,,none,,,,,,CQC provider_name/high lead,https://www.cqc.org.uk/location/1-545238364,CQC match supplied no eligible employer website URL; SponsorList had no exact name/location match with an employer website
174894,Brock Street Dental Practice Limited,brock street dental practice limited,Lancaster,Lancashire,North West,Healthcare,Worker,Skilled Worker,A rating,,,,,,,,none,,,none,,,,,,CQC provider_name/high lead,https://www.cqc.org.uk/location/1-204224575,CQC match supplied no eligible employer website URL; SponsorList had no exact name/location match with an employer website
174902,Brockley House Dental Practice,brockley house dental practice,Gloucestershire,Gloucestershire,South West,Healthcare,Worker,Skilled Worker,A rating,,,,,,,,none,,,none,,,,,,CQC and cached public-source lookup,,no unambiguous CQC name/location match; SponsorList had no exact name/location match with an employer website
174946,Brompton Medical Centre Partnership,brompton medical centre partnership,Earls Court,London,London,Healthcare,Worker,Skilled Worker,A rating,,,,,,,,none,,,none,,,,,,CQC and cached public-source lookup,,no unambiguous CQC name/location match; SponsorList had no exact name/location match with an employer website
174955,Brondesbury Medical Centre,brondesbury medical centre,London,,,Healthcare,Worker,Skilled Worker,A rating,,,,,,,,none,,,none,,,,,,CQC provider_name/high lead,https://www.cqc.org.uk/location/1-569728647,candidate website could not be safely checked: robots.txt disallows this page
174976,Brook Lane Dental Surgery,brook lane dental surgery,Felixstowe,Ipswich,,Healthcare,Worker,Skilled Worker,A rating,,,,,,,,none,,,none,,,,,,CQC location_name/high lead,https://www.cqc.org.uk/location/1-4024987189,CQC match supplied no eligible employer website URL; SponsorList had no exact name/location match with an employer website
175050,Broomfield Park Medical Centre,broomfield park medical centre,Coventry,,,Healthcare,Worker,Skilled Worker,A rating,,,,,,,,none,,,none,,,,,,CQC provider_name/high lead,https://www.cqc.org.uk/location/1-544704021,employer identity was not corroborated on the candidate website
175098,Broughton dental practice limited,broughton dental practice limited,Broughton Astley,,,Healthcare,Worker,Skilled Worker,A rating,,,,,,,,none,,,none,,,,,,CQC provider_name/high lead,https://www.cqc.org.uk/location/1-3827121265,candidate website could not be safely checked: robots.txt disallows this page
175203,Brunel Medical Centre,brunel medical centre,Uxbridge,Middlesex,,Healthcare,Worker,Skilled Worker,A rating,,,,,,,,none,,,none,,,,,,CQC provider_name/high lead,https://www.cqc.org.uk/location/1-571435912,CQC match supplied no eligible employer website URL; SponsorList had no exact name/location match with an employer website
175217,Brunswick Health Centre,brunswick health centre,Swansea,Swansea,Wales,Healthcare,Worker,Skilled Worker,A rating,,,,,,,https://brunswickhealthcentre.co.uk/,high,https://brunswickhealthcentre.co.uk/,,none,,,,,,SponsorList public directory lead; first-party page identity checked,https://sponsorlist.co.uk/sponsors/brunswick-health-centre/,"no unambiguous CQC name/location match; no employer-linked, verifiable careers destination found"
175262,Brynhyfryd Medical Centre,brynhyfryd medical centre,Swansea,West Glamorgan,,Healthcare,Worker,Skilled Worker,A rating,,,,,,,,none,,,none,,,,,,CQC and cached public-source lookup,,no unambiguous CQC name/location match; SponsorList had no exact name/location match with an employer website
175432,Buckden Dental Clinic,buckden dental clinic,Saint Neots,Cambridgeshire,East of England,Healthcare,Worker,Skilled Worker,A rating,,,,,,,,none,,,none,,,,,,CQC location_name/high lead,https://www.cqc.org.uk/location/1-229347714,candidate website could not be safely checked: robots.txt disallows this page
175728,Burgess Road Dental Practice,burgess road dental practice,Southampton,,,Healthcare,Worker,Skilled Worker,A rating,,,,,,,https://burgessroaddental.co.uk/,high,https://burgessroaddental.co.uk/,,none,,,,,,SponsorList public directory lead; first-party page identity checked,https://sponsorlist.co.uk/sponsors/burgess-road-dental-practice/,"no unambiguous CQC name/location match; no employer-linked, verifiable careers destination found"
175799,Burridge Dental Practice Ltd,burridge dental practice ltd,Southampton,,,Healthcare,Worker,Skilled Worker,A rating,,,,,,,https://burridgedental.co.uk/,medium,https://burridgedental.co.uk/,,none,,,,,,SponsorList public directory lead; first-party page identity checked,https://sponsorlist.co.uk/sponsors/burridge-dental-practice-ltd/,"CQC match supplied no eligible employer website URL; no employer-linked, verifiable careers destination found"
175838,Bury House Dental Practice,bury house dental practice,Stowmarket,,,Healthcare,Worker,Skilled Worker,A rating,,,,,,,,none,,,none,,,,,,CQC location_name/high lead,https://www.cqc.org.uk/location/1-13305572319,candidate website could not be safely checked: robots.txt disallows this page
175945,Bute House Medical Centre,bute house medical centre,Luton,Bedfordshire,East of England,Healthcare,Worker,Skilled Worker,A rating,,,,,,,,none,,,none,,,,,,CQC provider_name/high lead,https://www.cqc.org.uk/location/1-575930984,employer identity was not corroborated on the candidate website
175966,Butt Lane Dental Surgery,butt lane dental surgery,Stoke -on- Trent,,,Healthcare,Worker,Skilled Worker,A rating,,,,,,,,none,,,none,,,,,,CQC provider_name/high lead,https://www.cqc.org.uk/location/1-197327398,candidate website could not be safely checked: robots.txt disallows this page
175974,Buttercross View Dental Practice,buttercross view dental practice,Nottingham,,,Healthcare,Worker,Skilled Worker,A rating,,,,,,,https://buttercrossviewdental.co.uk/,high,https://buttercrossviewdental.co.uk/,,none,,,,,,SponsorList public directory lead; first-party page identity checked,https://sponsorlist.co.uk/sponsors/buttercross-view-dental-practice/,"CQC match supplied no eligible employer website URL; no employer-linked, verifiable careers destination found"
176061,BW Partnership- Brant Road Dental Practice,bw partnership brant road dental practice,Lincoln,Lincolnshire,East Midlands,Healthcare,Worker,Skilled Worker,A rating,,,,,,,,none,,,none,,,,,,CQC and cached public-source lookup,,no unambiguous CQC name/location match; SponsorList had no exact name/location match with an employer website
176150,Bywood Dental Practice,bywood dental practice,Croydon,Surrey,South East,Healthcare,Worker,Skilled Worker,A rating,,,,,,,,none,,,none,,,,,,CQC location_name/high lead,https://www.cqc.org.uk/location/1-196179672,CQC match supplied no eligible employer website URL; SponsorList had no exact name/location match with an employer website
176205,C Kaur T/A West End Manse Dental Surgery,c kaur t a west end manse dental surgery,Haverhill,Suffolk,East of England,Healthcare,Worker,Skilled Worker,A rating,,,,,,,,none,,,none,,,,,,CQC and cached public-source lookup,,no unambiguous CQC name/location match; SponsorList had no exact name/location match with an employer website
176412,Cadmus Dental Care Limited T/A Churchview Dental Practice,cadmus dental care limited t a churchview dental practice,Nottingham,,,Healthcare,Worker,Skilled Worker,A rating,,,,,,,,none,,,none,,,,,,CQC provider_name/high lead,https://www.cqc.org.uk/location/1-902043880,CQC match supplied no eligible employer website URL; SponsorList had no exact name/location match with an employer website
176784,Calverton Dental Practice,calverton dental practice,Nottingham,,,Healthcare,Worker,Skilled Worker,A rating,,,,,,,,none,,,none,,,,,,CQC location_name/high lead,https://www.cqc.org.uk/location/1-23205339035,CQC match supplied no eligible employer website URL; SponsorList had no exact name/location match with an employer website
176793,Cam Dental Practice,cam dental practice,Dursley,Gloucestershire,South West,Healthcare,Worker,Skilled Worker,A rating,,,,,,,,none,,,none,,,,,,CQC location_name/high lead,https://www.cqc.org.uk/location/1-14676663861,CQC match supplied no eligible employer website URL; SponsorList had no exact name/location match with an employer website
176830,Cambridge Avenue Medical Centre,cambridge avenue medical centre,Scunthorpe,,,Healthcare,Worker,Skilled Worker,A rating,,,,,,,,none,,,none,,,,,,CQC and cached public-source lookup,,no unambiguous CQC name/location match; SponsorList had no exact name/location match with an employer website
177012,Campbell Dental Practice Ltd,campbell dental practice ltd,Stoke on Trent,Staffordshire,West Midlands,Healthcare,Worker,Skilled Worker,A rating,,,,,,,,none,,,none,,,,,,SponsorList public directory lead,https://sponsorlist.co.uk/sponsors/campbell-dental-practice-ltd/,CQC match supplied no eligible employer website URL; employer identity was not corroborated on the candidate website
177051,Campus Health Centre,campus health centre,Hull,East Yorkshire,Yorkshire and the Humber,Healthcare,Worker,Skilled Worker,A rating,,,,,,,,none,,,none,,,,,,CQC provider_name/high lead,https://www.cqc.org.uk/location/1-2636818514,CQC match supplied no eligible employer website URL; SponsorList had no exact name/location match with an employer website
177157,Canmore Dental Practice,canmore dental practice,Lochgelly,fife,Scotland,Healthcare,Worker,Skilled Worker,A rating,,,,,,,,none,,,none,,,,,,SponsorList public directory lead,https://sponsorlist.co.uk/sponsors/canmore-dental-practice/,no unambiguous CQC name/location match; employer identity was not corroborated on the candidate website
177162,Cannington Health Centre,cannington health centre,Bridgwater,Somerset,South West,Healthcare,Worker,Skilled Worker,A rating,,,,,,,,none,,,none,,,,,,CQC provider_name/high lead,https://www.cqc.org.uk/location/1-545199959,candidate website could not be safely checked: getaddrinfo ENOTFOUND www.cannington.gpsurgery.net
177256,Cape Hill Medical Centre,cape hill medical centre,Birmingham,Northamptonshire,East Midlands,Healthcare,Worker,Skilled Worker,A rating,,,,,,,https://www.capehillmedicalcentre.co.uk/,high,https://www.capehillmedicalcentre.co.uk/,,none,,,,,,SponsorList public directory lead; first-party page identity checked,https://sponsorlist.co.uk/sponsors/cape-hill-medical-centre/,"CQC match supplied no eligible employer website URL; no employer-linked, verifiable careers destination found"
177607,Cardinal Hospital Limited t/a Cardinal Clinic,cardinal hospital limited t a cardinal clinic,London,,,Healthcare,Worker,Skilled Worker,A rating,,,,,,,https://cardinalclinic.co.uk/,high,https://cardinalclinic.co.uk/,https://cardinalclinic.co.uk/careers,medium,https://cardinalclinic.co.uk/careers,,,,,SponsorList public directory lead; first-party page identity checked,https://sponsorlist.co.uk/sponsors/cardinal-hospital-limited-ta-cardinal-clinic/,CQC match supplied no eligible employer website URL
177822,Care+ Medicines Limited T/ A Wilmslow Road Pharmacy - Chemists & Health Clinic,care medicines limited t a wilmslow road pharmacy chemists and health clinic,Manchester,,,Healthcare,Worker,Skilled Worker,A rating,,,,,,,https://www.wilmslowroadpharmacy.com/,high,https://www.wilmslowroadpharmacy.com/,https://www.wilmslowroadpharmacy.com/join-service,high,https://www.wilmslowroadpharmacy.com/,,,,,SponsorList public directory lead; first-party page identity checked,https://sponsorlist.co.uk/sponsors/care-medicines-limited-t-a-wilmslow-road-pharmacy-chemists-health-clinic/,no unambiguous CQC name/location match
178042,Carleton Dental Practice,carleton dental practice,Portadown,Armagh,Northern Ireland,Healthcare,Worker,Skilled Worker,A rating,,,,,,,,none,,,none,,,,,,CQC and cached public-source lookup,,no unambiguous CQC name/location match; SponsorList had no exact name/location match with an employer website
178090,Carnaby Dental Investments Limited T/A Carnaby Street Dental Practice,carnaby dental investments limited t a carnaby street dental practice,London,,,Healthcare,Worker,Skilled Worker,A rating,,,,,,,https://www.carnabystreetdentist.co.uk/,high,https://www.carnabystreetdentist.co.uk/,,none,,,,,,CQC location_name/high lead; first-party page identity checked,https://www.cqc.org.uk/location/1-224241582,"no employer-linked, verifiable careers destination found"
178093,Carnarvon Medical Centre,carnarvon medical centre,Southend-on-Sea,Essex,East of England,Healthcare,Worker,Skilled Worker,A rating,,,,,,,https://www.carnarvon-medical-centre.co.uk/,high,https://www.carnarvon-medical-centre.co.uk/,,none,,,,,,CQC location_name/high lead; first-party page identity checked,https://www.cqc.org.uk/location/1-5584372381,"no employer-linked, verifiable careers destination found"
178138,Carrfield Medical Centre,carrfield medical centre,Sheffield,,,Healthcare,Worker,Skilled Worker,A rating,,,,,,,,none,,,none,,,,,,SponsorList public directory lead,https://sponsorlist.co.uk/sponsors/carrfield-medical-centre/,CQC match supplied no eligible employer website URL; employer identity was not corroborated on the candidate website
178195,Carters Green Clinic & Business Centre Ltd,carters green clinic and business centre ltd,West Bromwich,,,Healthcare,Worker,Skilled Worker,A rating,,,,,,,,none,,,none,,,,,,SponsorList public directory lead,https://sponsorlist.co.uk/sponsors/carters-green-clinic-business-centre-ltd/,no unambiguous CQC name/location match; candidate website could not be safely checked: robots.txt disallows this page
178329,Cassiobury Dental practice,cassiobury dental practice,Watford,Hertfordshire,East of England,Healthcare,Worker,Skilled Worker,A rating,,,,,,,https://www.cassioburydental.com/,high,https://www.cassioburydental.com/,,none,,,,,,CQC location_name/high lead; first-party page identity checked,https://www.cqc.org.uk/location/1-1256706449,"no employer-linked, verifiable careers destination found"
178367,Castle Dental Practice Ltd,castle dental practice ltd,Barnard Castle,Durham,North East,Healthcare,Worker,Skilled Worker,A rating,,,,,,,,none,,,none,,,,,,CQC provider_name/high lead,https://www.cqc.org.uk/location/1-202282426,candidate website could not be safely checked: redirect left the confirmed HTTPS employer domain
178408,Castlefields Health Centre,castlefields health centre,Runcorn,Cheshire,North West,Healthcare,Worker,Skilled Worker,A rating,,,,,,,,none,,,none,,,,,,CQC provider_name/high lead,https://www.cqc.org.uk/location/1-551202480,employer identity was not corroborated on the candidate website
178431,Castleton Health Centre,castleton health centre,Rochdale,,,Healthcare,Worker,Skilled Worker,A rating,,,,,,,https://www.castletonhealthcentre.co.uk/,medium,https://www.castletonhealthcentre.co.uk/,,none,,,,,,CQC provider_name/high lead; first-party page identity checked,https://www.cqc.org.uk/location/1-542833856,"no employer-linked, verifiable careers destination found"
179076,Central Dental Surgery,central dental surgery,Lydney,Gloucestershire,South West,Healthcare,Worker,Skilled Worker,A rating,,,,,,,,none,,,none,,,,,,CQC location_name/high lead,https://www.cqc.org.uk/location/1-14238377966,CQC match supplied no eligible employer website URL; SponsorList had no exact name/location match with an employer website
179112,Central Park Dental practice limited,central park dental practice limited,PLYMOUTH,Devon,South West,Healthcare,Worker,Skilled Worker,A rating,,,,,,,,none,,,none,,,,,,CQC provider_name/high lead,https://www.cqc.org.uk/location/1-211361330,candidate website could not be safely checked: robots.txt disallows this page
179327,CESTRIA HEALTH CENTRE,cestria health centre,CHESTER LE STREET,DURHAM,North East,Healthcare,Worker,Skilled Worker,A rating,,,,,,,,none,,,none,,,,,,CQC and cached public-source lookup,,no unambiguous CQC name/location match; SponsorList had no exact name/location match with an employer website
179640,Chapel Street Dental Practice,chapel street dental practice,Spondon,Derby,East Midlands,Healthcare,Worker,Skilled Worker,A rating,,,,,,,https://www.chapelstreetdental.co.uk/,medium,https://www.chapelstreetdental.co.uk/,,none,,,,,,SponsorList public directory lead; first-party page identity checked,https://sponsorlist.co.uk/sponsors/chapel-street-dental-practice/,"CQC match supplied no eligible employer website URL; no employer-linked, verifiable careers destination found"
179641,Chapel Street Medical Centre,chapel street medical centre,Derby,Derbyshire,East Midlands,Healthcare,Worker,Skilled Worker,A rating,,,,,,,,none,,,none,,,,,,CQC location_name/high lead,https://www.cqc.org.uk/location/RNA002,CQC match supplied no eligible employer website URL; SponsorList had no exact name/location match with an employer website
179643,Chapelfield Medical Centre,chapelfield medical centre,Barnsley,South Yorkshire,Yorkshire and the Humber,Healthcare,Worker,Skilled Worker,A rating,,,,,,,,none,,,none,,,,,,CQC provider_name/high lead,https://www.cqc.org.uk/location/1-545147669,CQC match supplied no eligible employer website URL; SponsorList had no exact name/location match with an employer website
179645,Chapelthorpe Medical Centre,chapelthorpe medical centre,Wakefield,,,Healthcare,Worker,Skilled Worker,A rating,,,,,,,,none,,,none,,,,,,SponsorList public directory lead,https://sponsorlist.co.uk/sponsors/chapelthorpe-medical-centre/,CQC match supplied no eligible employer website URL; candidate website could not be safely checked: robots.txt disallows this page
179815,Charro Dental Practice Limited,charro dental practice limited,Rhayader,Powys,Wales,Healthcare,Worker,Skilled Worker,A rating,,,,,,,,none,,,none,,,,,,CQC and cached public-source lookup,,no unambiguous CQC name/location match; SponsorList had no exact name/location match with an employer website
179891,CHATHAM CLINIC LTD,chatham clinic ltd,Manchester,,,Healthcare,Worker,Skilled Worker,A rating,,,,,,,,none,,,none,,,,,,CQC provider_name/high lead,https://www.cqc.org.uk/location/1-25653284614,candidate website could not be safely checked: robots.txt disallows this page
180009,Cheetham Hill Medical Centre,cheetham hill medical centre,Manchester,,,Healthcare,Worker,Skilled Worker,A rating,,,,,,,,none,,,none,,,,,,CQC and cached public-source lookup,,no unambiguous CQC name/location match; SponsorList had no exact name/location match with an employer website
180147,Chepstow Gardens Medical Centre,chepstow gardens medical centre,Southall,,,Healthcare,Worker,Skilled Worker,A rating,,,,,,,,none,,,none,,,,,,CQC provider_name/high lead,https://www.cqc.org.uk/location/1-548248687,CQC match supplied no eligible employer website URL; SponsorList had no exact name/location match with an employer website
180167,Cheriton Dental Practice,cheriton dental practice,Folkestone,Kent,South East,Healthcare,Worker,Skilled Worker,A rating,,,,,,,https://www.cheritondental.co.uk/,high,https://www.cheritondental.co.uk/,,none,,,,,,CQC fuzzy_name_town/medium lead; first-party page identity checked,https://www.cqc.org.uk/location/1-2562925227,"no employer-linked, verifiable careers destination found"
180330,Chichester Smiles Dental Practice Ltd,chichester smiles dental practice ltd,West Sussex,,,Healthcare,Worker,Skilled Worker,A rating,,,,,,,,none,,,none,,,,,,CQC provider_name/high lead,https://www.cqc.org.uk/location/1-189439568,CQC match supplied no eligible employer website URL; SponsorList had no exact name/location match with an employer website
180771,Chrilian Boutique t/a Louis Aesthetics Clinic,chrilian boutique t a louis aesthetics clinic,London,,,Healthcare,Worker,Skilled Worker,A rating,,,,,,,https://www.shilouis.co.uk/,medium,https://www.shilouis.co.uk/,,none,,,,,,SponsorList public directory lead; first-party page identity checked,https://sponsorlist.co.uk/sponsors/chrilian-boutique-ta-louis-aesthetics-clinic/,"no unambiguous CQC name/location match; no employer-linked, verifiable careers destination found"
180786,Chrisp Street Practice (Chrisp Street Health Centre),chrisp street practice chrisp street health centre,London,,,Healthcare,Worker,Skilled Worker,A rating,,,,,,,,none,,,none,,,,,,SponsorList public directory lead,https://sponsorlist.co.uk/sponsors/chrisp-street-practice-chrisp-street-health-centre/,no unambiguous CQC name/location match; employer identity was not corroborated on the candidate website
181051,Church End Dental Clinic,church end dental clinic,London,,,Healthcare,Worker,Skilled Worker,A rating,,,,,,,,none,,,none,,,,,,CQC and cached public-source lookup,,no unambiguous CQC name/location match; SponsorList had no exact name/location match with an employer website
181052,Church End Medical Centre,church end medical centre,London,,,Healthcare,Worker,Skilled Worker,A rating,,,,,,,,none,,,none,,,,,,CQC location_name/high lead,https://www.cqc.org.uk/location/1-14471393215,CQC match supplied no eligible employer website URL; SponsorList had no exact name/location match with an employer website
181054,CHURCH GREEN DENTAL PRACTICE,church green dental practice,WITNEY,OXFORDSHIRE,South East,Healthcare,Worker,Skilled Worker,A rating,,,,,,,,none,,,none,,,,,,CQC location_name/high lead,https://www.cqc.org.uk/location/1-196078620,CQC match supplied no eligible employer website URL; SponsorList had no exact name/location match with an employer website
181080,Church Road Dental Practice,church road dental practice,London,,,Healthcare,Worker,Skilled Worker,A rating,,,,,,,,none,,,none,,,,,,CQC and cached public-source lookup,,no unambiguous CQC name/location match; SponsorList had no exact name/location match with an employer website
181481,City Health Clinic Limited,city health clinic limited,Edinburgh,,,Healthcare,Worker,Skilled Worker,A rating,,,,,,,,none,,,none,,,,,,CQC and cached public-source lookup,,no unambiguous CQC name/location match; SponsorList had no exact name/location match with an employer website
181548,City Road Medical Centre,city road medical centre,Birmingham,West Midlands,West Midlands,Healthcare,Worker,Skilled Worker,A rating,,,,,,,,none,,,none,,,,,,CQC fuzzy_name_town/medium lead,https://www.cqc.org.uk/location/1-20629796360,CQC match supplied no eligible employer website URL; SponsorList had no exact name/location match with an employer website
181569,City Walls Medical Centre,city walls medical centre,Chester,Cheshire,North West,Healthcare,Worker,Skilled Worker,A rating,,,,,,,,none,,,none,,,,,,CQC and cached public-source lookup,,no unambiguous CQC name/location match; SponsorList had no exact name/location match with an employer website
181589,CitySmile Dental Practice,citysmile dental practice,London,,,Healthcare,Worker,Skilled Worker,A rating,,,,,,,,none,,,none,,,,,,CQC location_name/high lead,https://www.cqc.org.uk/location/1-2605441578,candidate website could not be safely checked: robots.txt disallows this page
181592,Cityway Dental Practice,cityway dental practice,Rochester,Kent,South East,Healthcare,Worker,Skilled Worker,A rating,,,,,,,,none,,,none,,,,,,CQC and cached public-source lookup,,no unambiguous CQC name/location match; SponsorList had no exact name/location match with an employer website
181729,Claremont dental Practice,claremont dental practice,Seaford,East Sussex,South East,Healthcare,Worker,Skilled Worker,A rating,,,,,,,,none,,,none,,,,,,CQC fuzzy_name_town/medium lead,https://www.cqc.org.uk/location/1-15940608525,candidate website could not be safely checked: robots.txt disallows this page
181736,Clarence Medical Centre,clarence medical centre,Rhyl,,,Healthcare,Worker,Skilled Worker,A rating,,,,,,,,none,,,none,,,,,,CQC provider_name/high lead,https://www.cqc.org.uk/location/1-549202008,candidate website could not be safely checked: robots.txt disallows this page
181801,CLARK AND WATSON LTD t/a Clark & Watson Dental Practice,clark and watson ltd t a clark and watson dental practice,Falkirk,,,Healthcare,Worker,Skilled Worker,A rating,,,,,,,https://www.clarkandwatsondentist.co.uk/,high,https://www.clarkandwatsondentist.co.uk/,,none,,,,,,SponsorList public directory lead; first-party page identity checked,https://sponsorlist.co.uk/sponsors/clark-and-watson-ltd-ta-clark-watson-dental-practice/,"no unambiguous CQC name/location match; no employer-linked, verifiable careers destination found"
181803,Clark House Dental Surgeries Limited,clark house dental surgeries limited,Plymouth,,,Healthcare,Worker,Skilled Worker,A rating,,,,,,,,none,,,none,,,,,,CQC provider_name/high lead,https://www.cqc.org.uk/location/1-175314825,candidate website could not be safely checked: getaddrinfo EAI_AGAIN www.plymouthdentalcare.co.uk
181883,Claudiu-Silviu Patrugan trading as Thorpe Hesley Dental Practice,claudiu silviu patrugan trading as thorpe hesley dental practice,Rotherham,South Yorkshire,Yorkshire and the Humber,Healthcare,Worker,Skilled Worker,A rating,,,,,,,https://www.thorpehesleydental.com/,high,https://www.thorpehesleydental.com/,,none,,,,,,SponsorList public directory lead; first-party page identity checked,https://sponsorlist.co.uk/sponsors/claudiu-silviu-patrugan-trading-as-thorpe-hesley-dental-practice/,"no unambiguous CQC name/location match; no employer-linked, verifiable careers destination found"
181901,Clayton Health Centre - Drs Hanif & Bannuru Practice,clayton health centre drs hanif and bannuru practice,Manchester,,,Healthcare,Worker,Skilled Worker,A rating,,,,,,,,none,,,none,,,,,,CQC and cached public-source lookup,,no unambiguous CQC name/location match; SponsorList had no exact name/location match with an employer website
181902,Clayton Medical Centre,clayton medical centre,Accrington,Lancashire,North West,Healthcare,Worker,Skilled Worker,A rating,,,,,,,,none,,,none,,,,,,CQC provider_name/high lead,https://www.cqc.org.uk/location/1-544711783,employer identity was not corroborated on the candidate website
182040,Clee Medical Centre,clee medical centre,Cleethorpes,N E Lincs,,Healthcare,Worker,Skilled Worker,A rating,,,,,,,,none,,,none,,,,,,CQC provider_name/high lead,https://www.cqc.org.uk/location/1-560518129,CQC match supplied no eligible employer website URL; SponsorList had no exact name/location match with an employer website
182060,Cleobury Dental Practice,cleobury dental practice,Cleobury Mortimer,,,Healthcare,Worker,Skilled Worker,A rating,,,,,,,,none,,,none,,,,,,CQC location_name/high lead,https://www.cqc.org.uk/location/1-15124672869,CQC match supplied no eligible employer website URL; SponsorList had no exact name/location match with an employer website
182142,Clifford Road Surgery (NHS),clifford road surgery nhs,Hounslow,Middlesex,,Healthcare,Worker,Skilled Worker,A rating,,,,,,,,none,,,none,,,,,,CQC and cached public-source lookup,,no unambiguous CQC name/location match; SponsorList had no exact name/location match with an employer website
182152,Clifton Garden Dental Practice,clifton garden dental practice,Goole,West Yorkshire,Yorkshire and the Humber,Healthcare,Worker,Skilled Worker,A rating,,,,,,,,none,,,none,,,,,,CQC and cached public-source lookup,,no unambiguous CQC name/location match; SponsorList had no exact name/location match with an employer website
182156,Clifton Medical Centre,clifton medical centre,Rotherham,South Yorkshire,Yorkshire and the Humber,Healthcare,Worker,Skilled Worker,A rating,,,,,,,,none,,,none,,,,,,CQC fuzzy_name_town/medium lead,https://www.cqc.org.uk/location/1-586279693,candidate website could not be safely checked: redirect left the confirmed HTTPS employer domain
182258,Clock Clinic Limited (The),clock clinic limited the,Putney,London,London,Healthcare,Worker,Skilled Worker,A rating,,,,,,,,none,,,none,,,,,,CQC and cached public-source lookup,,no unambiguous CQC name/location match; SponsorList had no exact name/location match with an employer website
182473,Clyde Injury Clinic Ltd,clyde injury clinic ltd,Greenock,Inverclyde,Scotland,Healthcare,Worker,Skilled Worker,A rating,,,,,,,,none,,,none,,,,,,CQC and cached public-source lookup,,no unambiguous CQC name/location match; SponsorList had no exact name/location match with an employer website
182623,Coal and Diamond ltd trading as: Eirlys Dental Practice,coal and diamond ltd trading as eirlys dental practice,Dolgellau,Gwynedd,Wales,Healthcare,Worker,Skilled Worker,A rating,,,,,,,https://eirlysdental.co.uk/,high,https://eirlysdental.co.uk/,https://eirlysdental.co.uk/,high,https://eirlysdental.co.uk/,,,,,SponsorList public directory lead; first-party page identity checked,https://sponsorlist.co.uk/sponsors/coal-and-diamond-ltd-trading-as-eirlys-dental-practice/,no unambiguous CQC name/location match
182989,Colindale Medical Centre LP,colindale medical centre lp,London,,,Healthcare,Worker,Skilled Worker,A rating,,,,,,,,none,,,none,,,,,,CQC provider_name/high lead,https://www.cqc.org.uk/location/1-541089133,candidate website could not be safely checked: getaddrinfo ENOTFOUND www.cmc-nhs.co.uk
183025,College Road Dental Practice,college road dental practice,Birmingham,West Midlands,West Midlands,Healthcare,Worker,Skilled Worker,A rating,,,,,,,https://collegeroaddental.co.uk/,medium,https://collegeroaddental.co.uk/,,none,,,,,,SponsorList public directory lead; first-party page identity checked,https://sponsorlist.co.uk/sponsors/college-road-dental-practice/,"CQC match supplied no eligible employer website URL; no employer-linked, verifiable careers destination found"
183029,Collegiate Medical Centre,collegiate medical centre,Manchester,,,Healthcare,Worker,Skilled Worker,A rating,,,,,,,https://collegiatemedical.co.uk/,high,https://collegiatemedical.co.uk/,,none,,,,,,SponsorList public directory lead; first-party page identity checked,https://sponsorlist.co.uk/sponsors/collegiate-medical-centre/,"no unambiguous CQC name/location match; no employer-linked, verifiable careers destination found"
183068,Colne Medical Centre,colne medical centre,Colchester,Essex,East of England,Healthcare,Worker,Skilled Worker,A rating,,,,,,,,none,,,none,,,,,,CQC provider_name/high lead,https://www.cqc.org.uk/location/1-26818025860,CQC match supplied no eligible employer website URL; SponsorList had no exact name/location match with an employer website
183495,Complete Dental Practice,complete dental practice,Birmingham,,,Healthcare,Worker,Skilled Worker,A rating,,,,,,,,none,,,none,,,,,,SponsorList public directory lead,https://sponsorlist.co.uk/sponsors/complete-dental-practice/,no unambiguous CQC name/location match; employer identity was not corroborated on the candidate website
183623,Concept Eye Clinic Limited,concept eye clinic limited,Newcastle Upon Tyne,,,Healthcare,Worker,Skilled Worker,A rating,,,,,,,https://concepteyeclinic.com/,medium,https://concepteyeclinic.com/,https://concepteyeclinic.com/join-us/,high,https://concepteyeclinic.com/,,,,,SponsorList public directory lead; first-party page identity checked,https://sponsorlist.co.uk/sponsors/concept-eye-clinic-limited/,no unambiguous CQC name/location match
183771,CONNAHS QUAY DENTAL PRACTICE LTD,connahs quay dental practice ltd,Connah's Quay,,,Healthcare,Worker,Skilled Worker,A rating,,,,,,,,none,,,none,,,,,,CQC and cached public-source lookup,,no unambiguous CQC name/location match; SponsorList had no exact name/location match with an employer website
184465,Corner Dental Surgery Ltd,corner dental surgery ltd,St Helens,,,Healthcare,Worker,Skilled Worker,A rating,,,,,,,,none,,,none,,,,,,SponsorList public directory lead,https://sponsorlist.co.uk/sponsors/corner-dental-surgery-ltd/,CQC match supplied no eligible employer website URL; employer identity was not corroborated on the candidate website
184467,Corner House Dental Practice,corner house dental practice,Battle,,,Healthcare,Worker,Skilled Worker,A rating,,,,,,,,none,,,none,,,,,,SponsorList public directory lead,https://sponsorlist.co.uk/sponsors/corner-house-dental-practice/,no unambiguous CQC name/location match; employer identity was not corroborated on the candidate website
184473,Cornerhouse Dental Practice,cornerhouse dental practice,Ashford,,,Healthcare,Worker,Skilled Worker,A rating,,,,,,,https://www.cornerhouse-dental.co.uk/,high,https://www.cornerhouse-dental.co.uk/,,none,,,,,,CQC location_name/high lead; first-party page identity checked,https://www.cqc.org.uk/location/1-15927716705,"no employer-linked, verifiable careers destination found"
184591,Corriewood Private Clinic Ltd,corriewood private clinic ltd,Castlewellan,Down,Northern Ireland,Healthcare,Worker,Skilled Worker,B rating,,,,,,,,none,,,none,,,,,,SponsorList public directory lead,https://sponsorlist.co.uk/sponsors/corriewood-private-clinic-ltd/,no unambiguous CQC name/location match; employer identity was not corroborated on the candidate website
184654,coseley medical centre,coseley medical centre,bilston,west midlands,West Midlands,Healthcare,Worker,Skilled Worker,A rating,,,,,,,,none,,,none,,,,,,CQC provider_name/high lead,https://www.cqc.org.uk/location/1-542542072,CQC match supplied no eligible employer website URL; SponsorList had no exact name/location match with an employer website
184680,Cosmo Clinic,cosmo clinic,London,,,Healthcare,Worker,Skilled Worker,A rating,,,,,,,,none,,,none,,,,,,CQC provider_name/high lead,https://www.cqc.org.uk/location/1-9775218666,candidate website could not be safely checked: getaddrinfo ENOTFOUND www.cosmoclinic.co
184756,COTTAGE CLINIC LIMITED,cottage clinic limited,TOLWORTH,SURREY,South East,Healthcare,Worker,Skilled Worker,A rating,,,,,,,,none,,,none,,,,,,SponsorList public directory lead,https://sponsorlist.co.uk/sponsors/cottage-clinic-limited/,CQC match supplied no eligible employer website URL; candidate website could not be safely checked: page exceeds size limit
184797,Coulsdon Dental Clinic Limited,coulsdon dental clinic limited,Birmingham,,,Healthcare,Worker,Skilled Worker,A rating,,,,,,,,none,,,none,,,,,,CQC provider_name/high lead,https://www.cqc.org.uk/location/1-11040039337,candidate website could not be safely checked: robots.txt disallows this page
184861,County Road Dental Practice,county road dental practice,Liverpool,,,Healthcare,Worker,Skilled Worker,A rating,,,,,,,,none,,,none,,,,,,SponsorList public directory lead,https://sponsorlist.co.uk/sponsors/county-road-dental-practice/,CQC match supplied no eligible employer website URL; employer identity was not corroborated on the candidate website
184880,Court Drive Dental Practice,court drive dental practice,Hillingdon,Uxbridge,,Healthcare,Worker,Skilled Worker,A rating,,,,,,,,none,,,none,,,,,,CQC location_name/high lead,https://www.cqc.org.uk/location/1-188879588,candidate website could not be safely checked: robots.txt disallows this page
184897,Courtyard Dental Practice,courtyard dental practice,Shrewsbury,,,Healthcare,Worker,Skilled Worker,A rating,,,,,,,,none,,,none,,,,,,SponsorList public directory lead,https://sponsorlist.co.uk/sponsors/courtyard-dental-practice/,no unambiguous CQC name/location match; employer identity was not corroborated on the candidate website
185202,Crankhall Lane Dental Practice,crankhall lane dental practice,wednesbury,,,Healthcare,Worker,Skilled Worker,A rating,,,,,,,https://www.crankhalldental.co.uk/,high,https://www.crankhalldental.co.uk/,,none,,,,,,SponsorList public directory lead; first-party page identity checked,https://sponsorlist.co.uk/sponsors/crankhall-lane-dental-practice/,"CQC match supplied no eligible employer website URL; no employer-linked, verifiable careers destination found"
185511,CRESWELL DENTAL SURGERY LTD,creswell dental surgery ltd,Worksop,,,Healthcare,Worker,Skilled Worker,A rating,,,,,,,,none,,,none,,,,,,SponsorList public directory lead,https://sponsorlist.co.uk/sponsors/creswell-dental-surgery-ltd/,CQC match supplied no eligible employer website URL; employer identity was not corroborated on the candidate website
185628,Croft Dental Practice,croft dental practice,Sudbury,Suffolk,East of England,Healthcare,Worker,Skilled Worker,A rating,,,,,,,,none,,,none,,,,,,CQC provider_name/high lead,https://www.cqc.org.uk/location/1-212574369,candidate website could not be safely checked: getaddrinfo ENOTFOUND www.croft-dental-practice.co.uk
185637,CROFTON PARK DENTAL PRACTICE LTD,crofton park dental practice ltd,Harrow,,,Healthcare,Worker,Skilled Worker,A rating,,,,,,,https://croftonparkdental.com/,medium,https://croftonparkdental.com/,,none,,,,,,SponsorList public directory lead; first-party page identity checked,https://sponsorlist.co.uk/sponsors/crofton-park-dental-practice-ltd/,"CQC match supplied no eligible employer website URL; no employer-linked, verifiable careers destination found"
185648,Crompton Medical Centre,crompton medical centre,London,,,Healthcare,Worker,Skilled Worker,A rating,,,,,,,https://cromptonmedicalcentre.com/,high,https://cromptonmedicalcentre.com/,,none,,,,,,SponsorList public directory lead; first-party page identity checked,https://sponsorlist.co.uk/sponsors/crompton-medical-centre/,"no unambiguous CQC name/location match; no employer-linked, verifiable careers destination found"
185715,Crossfell Health Centre,crossfell health centre,Middlesbrough,,,Healthcare,Worker,Skilled Worker,A rating,,,,,,,,none,,,none,,,,,,CQC provider_name/high lead,https://www.cqc.org.uk/location/1-538607871,candidate website could not be safely checked: robots.txt disallows this page
185810,Crown Heights Medical Centre,crown heights medical centre,Basingstoke,Hampshire,South East,Healthcare,Worker,Skilled Worker,A rating,,,,,,,,none,,,none,,,,,,CQC provider_name/high lead,https://www.cqc.org.uk/location/1-565486595,candidate website could not be safely checked: redirect left the confirmed HTTPS employer domain
185829,Crown Pearls Ltd T/A Poole Lane Dental Practice,crown pearls ltd t a poole lane dental practice,Bournemouth,,,Healthcare,Worker,Skilled Worker,A rating,,,,,,,,none,,,none,,,,,,CQC location_name/high lead,https://www.cqc.org.uk/location/1-201516113,CQC match supplied no eligible employer website URL; SponsorList had no exact name/location match with an employer website
186362,Curzon Street Dental Practice,curzon street dental practice,Maryport,Cumbria,North West,Healthcare,Worker,Skilled Worker,A rating,,,,,,,,none,,,none,,,,,,CQC location_name/high lead,https://www.cqc.org.uk/location/1-15119407121,candidate website could not be safely checked: robots.txt disallows this page
186455,cwmbwrla dental practice,cwmbwrla dental practice,swansea,Swansea,Wales,Healthcare,Worker,Skilled Worker,A rating,,,,,,,,none,,,none,,,,,,CQC and cached public-source lookup,,no unambiguous CQC name/location match; SponsorList had no exact name/location match with an employer website
186700,D S LASER CLINIC LTD,d s laser clinic ltd,London,North Kennsington,,Healthcare,Worker,Skilled Worker,A rating,,,,,,,,none,,,none,,,,,,SponsorList public directory lead,https://sponsorlist.co.uk/sponsors/d-s-laser-clinic-ltd/,no unambiguous CQC name/location match; employer identity was not corroborated on the candidate website
186859,Dacre House Limited trading as Dacre House Veterinary Clinic,dacre house limited trading as dacre house veterinary clinic,Tunbridge Wells,Kent,South East,Healthcare,Worker,Skilled Worker,A rating,,,,,,,,none,,,none,,,,,,CQC and cached public-source lookup,,no unambiguous CQC name/location match; SponsorList had no exact name/location match with an employer website
187141,Danes Camp Medical Centre,danes camp medical centre,Northampton,Northamptonshire,East Midlands,Healthcare,Worker,Skilled Worker,A rating,,,,,,,,none,,,none,,,,,,CQC location_name/high lead,https://www.cqc.org.uk/location/1-4555951879,CQC match supplied no eligible employer website URL; SponsorList had no exact name/location match with an employer website
187145,Danescroft Dental Practice Limited,danescroft dental practice limited,Widnes,,,Healthcare,Worker,Skilled Worker,A rating,,,,,,,,none,,,none,,,,,,CQC and cached public-source lookup,,no unambiguous CQC name/location match; SponsorList had no exact name/location match with an employer website
187227,Dant Y Coed Dental Practice Limited,dant y coed dental practice limited,Wrexham,,,Healthcare,Worker,Skilled Worker,A rating,,,,,,,,none,,,none,,,,,,CQC and cached public-source lookup,,no unambiguous CQC name/location match; SponsorList had no exact name/location match with an employer website
187285,Darius Sair Limited t/as Leeming Dental Clinic,darius sair limited t as leeming dental clinic,Borehamwood,,,Healthcare,Worker,Skilled Worker,A rating,,,,,,,,none,,,none,,,,,,CQC and cached public-source lookup,,no unambiguous CQC name/location match; SponsorList had no exact name/location match with an employer website
187337,Dartford Clinic Ltd,dartford clinic ltd,Manchester,,,Healthcare,Worker,Skilled Worker,A rating,,,,,,,https://dartfordclinic.co.uk/,medium,https://dartfordclinic.co.uk/,,none,,,,,,SponsorList public directory lead; first-party page identity checked,https://sponsorlist.co.uk/sponsors/dartford-clinic-ltd/,"no unambiguous CQC name/location match; no employer-linked, verifiable careers destination found"
187372,Daryoush Ghamari Sair T/A Market Street Dental Practice,daryoush ghamari sair t a market street dental practice,Watford,Hertfordshire,East of England,Healthcare,Worker,Skilled Worker,A rating,,,,,,,https://marketstreetdentalpractice.co.uk/,high,https://marketstreetdentalpractice.co.uk/,,none,,,,,,CQC fuzzy_name_town/medium lead; first-party page identity checked,https://www.cqc.org.uk/location/1-14398946282,"no employer-linked, verifiable careers destination found"
187999,Dears Pharmacy & Travel Clinic,dears pharmacy and travel clinic,Lochgelly,Fifw,,Healthcare,Worker,Skilled Worker,A rating,,,,,,,https://dearspharmacy.co.uk/,medium,https://dearspharmacy.co.uk/,https://dearspharmacy.co.uk/careers/,high,https://dearspharmacy.co.uk/,,,,,SponsorList public directory lead; first-party page identity checked,https://sponsorlist.co.uk/sponsors/dears-pharmacy-travel-clinic/,no unambiguous CQC name/location match
188210,Deintyddfa Glandwr Dental Practice,deintyddfa glandwr dental practice,Criccieth,,,Healthcare,Worker,Skilled Worker,A rating,,,,,,,https://glandwrdental.com/,medium,https://glandwrdental.com/,,none,,,,,,SponsorList public directory lead; first-party page identity checked,https://sponsorlist.co.uk/sponsors/deintyddfa-glandwr-dental-practice/,"no unambiguous CQC name/location match; no employer-linked, verifiable careers destination found"
188476,DeMontfort Medical Centre,demontfort medical centre,Evesham,,,Healthcare,Worker,Skilled Worker,A rating,,,,,,,,none,,,none,,,,,,CQC provider_name/high lead,https://www.cqc.org.uk/location/1-584061325,employer identity was not corroborated on the candidate website
188490,Dencare Clinic Limited,dencare clinic limited,Orpington,Kent,South East,Healthcare,Worker,Skilled Worker,A rating,,,,,,,,none,,,none,,,,,,CQC provider_name/high lead,https://www.cqc.org.uk/location/1-5880087599,CQC match supplied no eligible employer website URL; SponsorList had no exact name/location match with an employer website
188492,Denclean Dental Practice Ltd,denclean dental practice ltd,Edgware,,,Healthcare,Worker,Skilled Worker,A rating,,,,,,,,none,,,none,,,,,,SponsorList public directory lead,https://sponsorlist.co.uk/sponsors/denclean-dental-practice-ltd/,CQC match supplied no eligible employer website URL; employer identity was not corroborated on the candidate website
188521,Denmark Street Dental Practice Limited,denmark street dental practice limited,Gateshead,Tyne and Wear,North East,Healthcare,Worker,Skilled Worker,A rating,,,,,,,,none,,,none,,,,,,CQC fuzzy_name_town/medium lead,https://www.cqc.org.uk/location/1-191914720,candidate website could not be safely checked: getaddrinfo ENOTFOUND www.denmarkstreetpractice.co.uk
188557,DENTA CLINIC,denta clinic,LONDON,ESSEX,East of England,Healthcare,Worker,Skilled Worker,A rating,,,,,,,,none,,,none,,,,,,CQC provider_name/high lead,https://www.cqc.org.uk/location/1-279291944,candidate website could not be safely checked: getaddrinfo ENOTFOUND www.mndclinic.co.uk
188561,Dental Art Implant Clinics,dental art implant clinics,London,London,London,Healthcare,Worker,Skilled Worker,A rating,,,,,,,,none,,,none,,,,,,CQC and cached public-source lookup,,no unambiguous CQC name/location match; SponsorList had no exact name/location match with an employer website
188593,Dentaz Limited t/a Ponsford 59 Dental Practice,dentaz limited t a ponsford 59 dental practice,Minehead,Somerset,South West,Healthcare,Worker,Skilled Worker,A rating,,,,,,,,none,,,none,,,,,,CQC provider_name/high lead,https://www.cqc.org.uk/location/1-721882722,candidate website could not be safely checked: getaddrinfo ENOTFOUND www.ponsford59.co.uk
188610,Denton turret Medical Centre,denton turret medical centre,Newcastle upon Tyne,-- Please Select --,,Healthcare,Worker,Skilled Worker,A rating,,,,,,,,none,,,none,,,,,,CQC provider_name/high lead,https://www.cqc.org.uk/location/1-553144400,candidate website could not be safely checked: robots.txt disallows this page
188703,Derby Medical Centre,derby medical centre,Epsom,Surrey,South East,Healthcare,Worker,Skilled Worker,A rating,,,,,,,,none,,,none,,,,,,CQC provider_name/high lead,https://www.cqc.org.uk/location/1-549386295,candidate website could not be safely checked: robots.txt disallows this page
188704,Derby Road Health Centre,derby road health centre,Nottingham,,,Healthcare,Worker,Skilled Worker,A rating,,,,,,,,none,,,none,,,,,,CQC provider_name/high lead,https://www.cqc.org.uk/location/1-549568730,employer identity was not corroborated on the candidate website
188728,Derma Clinic Limited,derma clinic limited,London,,,Healthcare,Worker,Skilled Worker,A rating,,,,,,,,none,,,none,,,,,,CQC and cached public-source lookup,,no unambiguous CQC name/location match; SponsorList had no exact name/location match with an employer website
188730,DERMA REVIVE SKIN CLINIC LTD,derma revive skin clinic ltd,London,,,Healthcare,Worker,Skilled Worker,A rating,,,,,,,,none,,,none,,,,,,CQC provider_name/high lead,https://www.cqc.org.uk/location/1-15976668685,candidate website could not be safely checked: robots.txt disallows this page
188976,DEVANEY MEDICAL CENTRE,devaney medical centre,Wirral,Merseyside.,,Healthcare,Worker,Skilled Worker,A rating,,,,,,,,none,,,none,,,,,,CQC provider_name/high lead,https://www.cqc.org.uk/location/1-537850126,CQC match supplied no eligible employer website URL; SponsorList had no exact name/location match with an employer website
189059,DEVS DENTAL PRACTICE,devs dental practice,DARLINGTON,DURHAM,North East,Healthcare,Worker,Skilled Worker,A rating,,,,,,,,none,,,none,,,,,,CQC and cached public-source lookup,,no unambiguous CQC name/location match; SponsorList had no exact name/location match with an employer website
190376,"Doctor Clare Orrom Swan, Doctor Thanh Mai Nguyen, T/A Fitzrovia Medical Centre",doctor clare orrom swan doctor thanh mai nguyen t a fitzrovia medical centre,London,,,Healthcare,Worker,Skilled Worker,A rating,,,,,,,,none,,,none,,,,,,CQC provider_name/high lead,https://www.cqc.org.uk/location/1-10015733020,candidate website could not be safely checked: robots.txt disallows this page
190381,DOCTORS SEEPAUL SINGH T/A WASH COMMON DENTAL PRACTICE,doctors seepaul singh t a wash common dental practice,NEWBURY,,,Healthcare,Worker,Skilled Worker,A rating,,,,,,,,none,,,none,,,,,,CQC and cached public-source lookup,,no unambiguous CQC name/location match; SponsorList had no exact name/location match with an employer website
190551,DONCASTER ROAD DENTAL PRACTICE LIMITED,doncaster road dental practice limited,LEICESTER,LEICESTER,East Midlands,Healthcare,Worker,Skilled Worker,A rating,,,,,,,https://doncasterroad.co.uk/,high,https://doncasterroad.co.uk/,,none,,,,,,SponsorList public directory lead; first-party page identity checked,https://sponsorlist.co.uk/sponsors/doncaster-road-dental-practice-limited/,"CQC match supplied no eligible employer website URL; no employer-linked, verifiable careers destination found"
190792,Dovecot Dental Practice,dovecot dental practice,Liverpool,,,Healthcare,Worker,Skilled Worker,A rating,,,,,,,,none,,,none,,,,,,SponsorList public directory lead,https://sponsorlist.co.uk/sponsors/dovecot-dental-practice/,CQC match supplied no eligible employer website URL; employer identity was not corroborated on the candidate website
190795,Dovedale Dental Practice,dovedale dental practice,Wolverhampton,,,Healthcare,Worker,Skilled Worker,A rating,,,,,,,,none,,,none,,,,,,SponsorList public directory lead,https://sponsorlist.co.uk/sponsors/dovedale-dental-practice/,CQC match supplied no eligible employer website URL; employer identity was not corroborated on the candidate website
190934,Dr A.M.Tabrizi Dental Practice Limited,dr a m tabrizi dental practice limited,IPSWICH,,,Healthcare,Worker,Skilled Worker,A rating,,,,,,,https://www.tabrizidentalsurgery.co.uk/,medium,https://www.tabrizidentalsurgery.co.uk/,,none,,,,,,SponsorList public directory lead; first-party page identity checked,https://sponsorlist.co.uk/sponsors/dr-amtabrizi-dental-practice-limited/,"CQC match supplied no eligible employer website URL; no employer-linked, verifiable careers destination found"
190936,Dr Abid Hussain - Pearl Medical Centre,dr abid hussain pearl medical centre,Birmingham,West Midlands,West Midlands,Healthcare,Worker,Skilled Worker,A rating,,,,,,,,none,,,none,,,,,,CQC and cached public-source lookup,,no unambiguous CQC name/location match; SponsorList had no exact name/location match with an employer website
190943,Dr Andre Buthe Equine Clinic Ltd,dr andre buthe equine clinic ltd,Marlborough,Wiltshire,South West,Healthcare,Worker,Skilled Worker,A rating,,,,,,,,none,,,none,,,,,,SponsorList public directory lead,https://sponsorlist.co.uk/sponsors/dr-andre-buthe-equine-clinic-ltd/,no unambiguous CQC name/location match; candidate website could not be safely checked: robots.txt disallows this page
190957,"Dr Carmel Morris and Partners, Heald Green Health Centre 2",dr carmel morris and partners heald green health centre 2,Cheadle,Cheshire,North West,Healthcare,Worker,Skilled Worker,A rating,,,,,,,,none,,,none,,,,,,CQC and cached public-source lookup,,no unambiguous CQC name/location match; SponsorList had no exact name/location match with an employer website
190997,Dr Kunal Sahni T/A Park Lane Dental Practice,dr kunal sahni t a park lane dental practice,Telford,,,Healthcare,Worker,Skilled Worker,A rating,,,,,,,https://www.parklane-dental.co.uk/,high,https://www.parklane-dental.co.uk/,,none,,,,,,SponsorList public directory lead; first-party page identity checked,https://sponsorlist.co.uk/sponsors/dr-kunal-sahni-ta-park-lane-dental-practice/,"CQC match supplied no eligible employer website URL; no employer-linked, verifiable careers destination found"
191009,Dr Mani Aesthetics limited T/A The Mittal Hair Clinic,dr mani aesthetics limited t a the mittal hair clinic,London,,,Healthcare,Worker,Skilled Worker,A rating,,,,,,,https://mittalhairclinic.com/,high,https://mittalhairclinic.com/,,none,,,,,,CQC provider_name/high lead; first-party page identity checked,https://www.cqc.org.uk/location/1-22809535615,"no employer-linked, verifiable careers destination found"
191035,Dr R T Lakshmish t/a Allt Goch Medical Centre,dr r t lakshmish t a allt goch medical centre,Flint,,,Healthcare,Worker,Skilled Worker,A rating,,,,,,,,none,,,none,,,,,,CQC and cached public-source lookup,,no unambiguous CQC name/location match; SponsorList had no exact name/location match with an employer website
191037,Dr Raajvy Shah T/A High Street Dental Practice,dr raajvy shah t a high street dental practice,Bedford,Bedfordshire,East of England,Healthcare,Worker,Skilled Worker,A rating,,,,,,,,none,,,none,,,,,,CQC fuzzy_name_town/medium lead,https://www.cqc.org.uk/location/1-5653133446,CQC match supplied no eligible employer website URL; SponsorList had no exact name/location match with an employer website
191057,Dr Shahrzad Yeganeh t/a Newport Road Dental Clinic,dr shahrzad yeganeh t a newport road dental clinic,Cardiff,,,Healthcare,Worker,Skilled Worker,A rating,,,,,,,,none,,,none,,,,,,SponsorList public directory lead,https://sponsorlist.co.uk/sponsors/dr-shahrzad-yeganeh-ta-newport-road-dental-clinic/,no unambiguous CQC name/location match; employer identity was not corroborated on the candidate website
191062,Dr Spencer and partners - Burton Latimer Medical Centre,dr spencer and partners burton latimer medical centre,Kettering,Northants,,Healthcare,Worker,Skilled Worker,A rating,,,,,,,https://www.burtonlatimermedicalcentre.co.uk/,high,https://www.burtonlatimermedicalcentre.co.uk/,https://www.burtonlatimermedicalcentre.co.uk/jobs,high,https://www.burtonlatimermedicalcentre.co.uk/,,,,,SponsorList public directory lead; first-party page identity checked,https://sponsorlist.co.uk/sponsors/dr-spencer-and-partners-burton-latimer-medical-centre/,no unambiguous CQC name/location match
191074,Dr Vikram Bhat T/A Sai Medical Centre,dr vikram bhat t a sai medical centre,Essex,,,Healthcare,Worker,Skilled Worker,A rating,,,,,,,,none,,,none,,,,,,CQC provider_name/high lead,https://www.cqc.org.uk/location/1-9639813017,CQC match supplied no eligible employer website URL; SponsorList had no exact name/location match with an employer website
191078,DR-IME LIMITED T/A ADONIA MEDICAL CLINIC,dr ime limited t a adonia medical clinic,London,,,Healthcare,Worker,Skilled Worker,A rating,,,,,,,https://www.adoniamedicalclinic.co.uk/,high,https://www.adoniamedicalclinic.co.uk/,https://www.adoniamedicalclinic.co.uk/treatments/non-surgical-nose-job/,high,https://www.adoniamedicalclinic.co.uk/,,,,,SponsorList public directory lead; first-party page identity checked,https://sponsorlist.co.uk/sponsors/dr-ime-limited-ta-adonia-medical-clinic/,CQC match supplied no eligible employer website URL
191198,Dream Smile Clinic Limited t/a Dream Smile Dental Clinic,dream smile clinic limited t a dream smile dental clinic,London,,,Healthcare,Worker,Skilled Worker,A rating,,,,,,,,none,,,none,,,,,,SponsorList public directory lead,https://sponsorlist.co.uk/sponsors/dream-smile-clinic-limited-ta-dream-smile-dental-clinic/,CQC match supplied no eligible employer website URL; employer identity was not corroborated on the candidate website
191591,Dudley Road Dental Practice,dudley road dental practice,Wolverhampton,,,Healthcare,Worker,Skilled Worker,A rating,,,,,,,,none,,,none,,,,,,CQC provider_name/high lead,https://www.cqc.org.uk/location/1-2804623643,CQC match supplied no eligible employer website URL; SponsorList had no exact name/location match with an employer website
191621,Duke Medical Centre,duke medical centre,Sheffield,South Yorkshire,Yorkshire and the Humber,Healthcare,Worker,Skilled Worker,A rating,,,,,,,,none,,,none,,,,,,CQC provider_name/high lead,https://www.cqc.org.uk/location/1-585244819,employer identity was not corroborated on the candidate website
191647,Dulwich Dental Clinic Ltd,dulwich dental clinic ltd,London,London,London,Healthcare,Worker,Skilled Worker,A rating,,,,,,,,none,,,none,,,,,,CQC provider_name/high lead,https://www.cqc.org.uk/location/1-198922257,CQC match supplied no eligible employer website URL; SponsorList had no exact name/location match with an employer website
191705,Dunedin Clinic,dunedin clinic,Exeter,Devon,South West,Healthcare,Worker,Skilled Worker,A rating,,,,,,,,none,,,none,,,,,,CQC location_name/high lead,https://www.cqc.org.uk/location/1-187513315,candidate website could not be safely checked: robots.txt disallows this page
191759,Dunville Health Centre,dunville health centre,Belfast,,,Healthcare,Worker,Skilled Worker,A rating,,,,,,,,none,,,none,,,,,,CQC and cached public-source lookup,,no unambiguous CQC name/location match; SponsorList had no exact name/location match with an employer website
191912,Dyffryn Tywi Equine Clinic,dyffryn tywi equine clinic,Carmarthen,Carmarthenshire,Wales,Healthcare,Worker,Skilled Worker,A rating,,,,,,,,none,,,none,,,,,,CQC and cached public-source lookup,,no unambiguous CQC name/location match; SponsorList had no exact name/location match with an employer website
191962,Dynamic Seating Ltd TA Heathcote Chiropractic Clinic,dynamic seating ltd ta heathcote chiropractic clinic,Warwick,,,Healthcare,Worker,Skilled Worker,A rating,,,,,,,,none,,,none,,,,,,CQC and cached public-source lookup,,no unambiguous CQC name/location match; SponsorList had no exact name/location match with an employer website
192060,E Leondaki Limited T/A Church Green Dental Practice,e leondaki limited t a church green dental practice,Witney,,,Healthcare,Worker,Skilled Worker,A rating,,,,,,,,none,,,none,,,,,,CQC provider_name/high lead,https://www.cqc.org.uk/location/1-196078620,CQC match supplied no eligible employer website URL; SponsorList had no exact name/location match with an employer website
192174,E12 Medical Centre,e12 medical centre,London,,,Healthcare,Worker,Skilled Worker,A rating,,,,,,,,none,,,none,,,,,,CQC and cached public-source lookup,,no unambiguous CQC name/location match; SponsorList had no exact name/location match with an employer website
192325,Earnswood Medical Centre,earnswood medical centre,Crewe,,,Healthcare,Worker,Skilled Worker,A rating,,,,,,,,none,,,none,,,,,,CQC provider_name/high lead,https://www.cqc.org.uk/location/1-541883227,CQC match supplied no eligible employer website URL; SponsorList had no exact name/location match with an employer website
192385,East Bridgford Medical Centre,east bridgford medical centre,Nottingham,,,Healthcare,Worker,Skilled Worker,A rating,,,,,,,,none,,,none,,,,,,CQC provider_name/high lead,https://www.cqc.org.uk/location/1-547311859,employer identity was not corroborated on the candidate website
192437,East London Street Dental Practice Ltd,east london street dental practice ltd,Edinburgh,,,Healthcare,Worker,Skilled Worker,A rating,,,,,,,,none,,,none,,,,,,SponsorList public directory lead,https://sponsorlist.co.uk/sponsors/east-london-street-dental-practice-ltd/,no unambiguous CQC name/location match; employer identity was not corroborated on the candidate website
192473,East Quay Medical Centre,east quay medical centre,Bridgwater,Somerset,South West,Healthcare,Worker,Skilled Worker,A rating,,,,,,,,none,,,none,,,,,,CQC provider_name/high lead,https://www.cqc.org.uk/location/1-548296995,candidate website could not be safely checked: robots.txt disallows this page
192500,East Wing Dental Surgery,east wing dental surgery,Dunfermline,,,Healthcare,Worker,Skilled Worker,A rating,,,,,,,,none,,,none,,,,,,CQC and cached public-source lookup,,no unambiguous CQC name/location match; SponsorList had no exact name/location match with an employer website
192570,Eastfield Medical Centre,eastfield medical centre,Scarborough,North Yorkshire,Yorkshire and the Humber,Healthcare,Worker,Skilled Worker,A rating,,,,,,,,none,,,none,,,,,,SponsorList public directory lead,https://sponsorlist.co.uk/sponsors/eastfield-medical-centre/,CQC match supplied no eligible employer website URL; employer identity was not corroborated on the candidate website
192827,Eccleshall Dental Clinic,eccleshall dental clinic,Stafford,Staffordshire,West Midlands,Healthcare,Worker,Skilled Worker,A rating,,,,,,,,none,,,none,,,,,,SponsorList public directory lead,https://sponsorlist.co.uk/sponsors/eccleshall-dental-clinic/,CQC match supplied no eligible employer website URL; employer identity was not corroborated on the candidate website
192835,Eccleston Medical Centre Partnership,eccleston medical centre partnership,St Helens,Merseyside,North West,Healthcare,Worker,Skilled Worker,A rating,,,,,,,https://ecclestonmedicalcentre.co.uk/,high,https://ecclestonmedicalcentre.co.uk/,,none,,,,,,SponsorList public directory lead; first-party page identity checked,https://sponsorlist.co.uk/sponsors/eccleston-medical-centre-partnership/,"no unambiguous CQC name/location match; no employer-linked, verifiable careers destination found"
193130,Eden Dental Practice,eden dental practice,Carlisle,,,Healthcare,Worker,Skilled Worker,A rating,,,,,,,https://edendental.co.uk/,high,https://edendental.co.uk/,,none,,,,,,SponsorList public directory lead; first-party page identity checked,https://sponsorlist.co.uk/sponsors/eden-dental-practice/,"CQC match supplied no eligible employer website URL; no employer-linked, verifiable careers destination found"
194187,ELIT CLINIC LTD,elit clinic ltd,CHEADLE,,,Healthcare,Worker,Skilled Worker,A rating,,,,,,,,none,,,none,,,,,,SponsorList public directory lead,https://sponsorlist.co.uk/sponsors/elit-clinic-ltd/,no unambiguous CQC name/location match; candidate website could not be safely checked: robots.txt disallows this page
194387,Ellis Dental Practice Limited,ellis dental practice limited,Pontefract,West Yorkshire,Yorkshire and the Humber,Healthcare,Worker,Skilled Worker,A rating,,,,,,,,none,,,none,,,,,,CQC provider_name/high lead,https://www.cqc.org.uk/location/1-7201779948,candidate website could not be safely checked: robots.txt disallows this page
194408,Elm Park Dental Surgery,elm park dental surgery,Essex,,,Healthcare,Worker,Skilled Worker,A rating,,,,,,,https://www.elmparkdentalsurgery.com/,medium,https://www.elmparkdentalsurgery.com/,https://www.elmparkdentalsurgery.com/careers,high,https://www.elmparkdentalsurgery.com/,,,,,SponsorList public directory lead; first-party page identity checked,https://sponsorlist.co.uk/sponsors/elm-park-dental-surgery/,CQC match supplied no eligible employer website URL
194410,Elm Tree Dental Surgery,elm tree dental surgery,"Frinton On Sea,",Essex,East of England,Healthcare,Worker,Skilled Worker,A rating,,,,,,,,none,,,none,,,,,,SponsorList public directory lead,https://sponsorlist.co.uk/sponsors/elm-tree-dental-surgery/,CQC match supplied no eligible employer website URL; employer identity was not corroborated on the candidate website
194413,Elm Tree Surgery /Medical Centre,elm tree surgery medical centre,Stockton-on-tees,,,Healthcare,Worker,Skilled Worker,A rating,,,,,,,,none,,,none,,,,,,CQC and cached public-source lookup,,no unambiguous CQC name/location match; SponsorList had no exact name/location match with an employer website
195160,Enfield Chiropractic Clinic Ltd,enfield chiropractic clinic ltd,London,,,Healthcare,Worker,Skilled Worker,A rating,,,,,,,https://enfield-chiro.co.uk/,high,https://enfield-chiro.co.uk/,,none,,,,,,SponsorList public directory lead; first-party page identity checked,https://sponsorlist.co.uk/sponsors/enfield-chiropractic-clinic-ltd/,"no unambiguous CQC name/location match; no employer-linked, verifiable careers destination found"
195782,Equine Dental Clinic Ltd,equine dental clinic ltd,Wimborne St Giles,Dorset,South West,Healthcare,Worker,Skilled Worker,A rating,,,,,,,https://equinedentalclinic.co.uk/,high,https://equinedentalclinic.co.uk/,https://equinedentalclinic.co.uk/,medium,https://equinedentalclinic.co.uk/,,,,,SponsorList public directory lead; first-party page identity checked,https://sponsorlist.co.uk/sponsors/equine-dental-clinic-ltd/,no unambiguous CQC name/location match
196975,EVERYOUNG CLINIC LTD,everyoung clinic ltd,London,,,Healthcare,Worker,Skilled Worker,A rating,,,,,,,,none,,,none,,,,,,SponsorList public directory lead,https://sponsorlist.co.uk/sponsors/everyoung-clinic-ltd/,no unambiguous CQC name/location match; candidate website could not be safely checked: page exceeds size limit
197577,Eye Veterinary Clinic Ltd,eye veterinary clinic ltd,Leominster,Herefordshire,West Midlands,Healthcare,Worker,Skilled Worker,A rating,,,,,,,https://www.eyevetclinic.co.uk/,high,https://www.eyevetclinic.co.uk/,https://www.eyevetclinic.co.uk/careers/,high,https://www.eyevetclinic.co.uk/,,,,,SponsorList public directory lead; first-party page identity checked,https://sponsorlist.co.uk/sponsors/eye-veterinary-clinic-ltd/,no unambiguous CQC name/location match
197676,F R Chaudry Trading As The Dental Practice,f r chaudry trading as the dental practice,London,,,Healthcare,Worker,Skilled Worker,A rating,,,,,,,,none,,,none,,,,,,CQC and cached public-source lookup,,no unambiguous CQC name/location match; SponsorList had no exact name/location match with an employer website
197832,Facial Clinic Ltd t/a Eastfield Dental Care,facial clinic ltd t a eastfield dental care,Leicester,Leicestershire,East Midlands,Healthcare,Worker,Skilled Worker,A rating,,,,,,,,none,,,none,,,,,,SponsorList public directory lead,https://sponsorlist.co.uk/sponsors/facial-clinic-ltd-ta-eastfield-dental-care/,CQC match supplied no eligible employer website URL; employer identity was not corroborated on the candidate website
197938,Fairfield Medical Centre,fairfield medical centre,Liverpool,,,Healthcare,Worker,Skilled Worker,A rating,,,,,,,,none,,,none,,,,,,CQC provider_name/high lead,https://www.cqc.org.uk/location/1-562750037,candidate website could not be safely checked: robots.txt disallows this page
197990,Fairview Medical Centre,fairview medical centre,London,London,London,Healthcare,Worker,Skilled Worker,A rating,,,,,,,https://www.fairviewmedicalcentre.co.uk/,high,https://www.fairviewmedicalcentre.co.uk/,https://www.fairviewmedicalcentre.co.uk/jobs,high,https://www.fairviewmedicalcentre.co.uk/,,,,,SponsorList public directory lead; first-party page identity checked,https://sponsorlist.co.uk/sponsors/fairview-medical-centre/,CQC match supplied no eligible employer website URL
198211,Family medical centre,family medical centre,Kirkby In Ashfield,,,Healthcare,Worker,Skilled Worker,A rating,,,,,,,,none,,,none,,,,,,CQC location_name/high lead,https://www.cqc.org.uk/location/1-3859308953,employer identity was not corroborated on the candidate website
198417,Fartown Dental Practice,fartown dental practice,huddersfield,west yorkshire,Yorkshire and the Humber,Healthcare,Worker,Skilled Worker,A rating,,,,,,,,none,,,none,,,,,,SponsorList public directory lead,https://sponsorlist.co.uk/sponsors/fartown-dental-practice/,no unambiguous CQC name/location match; candidate website could not be safely checked: robots.txt disallows this page
198799,Fencepiece Road Medical Centre,fencepiece road medical centre,Hainault,Essex,East of England,Healthcare,Worker,Skilled Worker,A rating,,,,,,,,none,,,none,,,,,,SponsorList public directory lead,https://sponsorlist.co.uk/sponsors/fencepiece-road-medical-centre/,CQC match supplied no eligible employer website URL; employer identity was not corroborated on the candidate website
198860,Fern Cottage Dental Practice,fern cottage dental practice,Hoyland,Barnsley,Yorkshire and the Humber,Healthcare,Worker,Skilled Worker,A rating,,,,,,,https://fcdental.co.uk/,high,https://fcdental.co.uk/,,none,,,,,,SponsorList public directory lead; first-party page identity checked,https://sponsorlist.co.uk/sponsors/fern-cottage-dental-practice/,"CQC match supplied no eligible employer website URL; no employer-linked, verifiable careers destination found"
198870,Fernbank Medical Centre,fernbank medical centre,Glasgow,,,Healthcare,Worker,Skilled Worker,A rating,,,,,,,,none,,,none,,,,,,CQC and cached public-source lookup,,no unambiguous CQC name/location match; SponsorList had no exact name/location match with an employer website
198880,Fernley Medical Centre,fernley medical centre,Birmingham,,,Healthcare,Worker,Skilled Worker,A rating,,,,,,,,none,,,none,,,,,,CQC and cached public-source lookup,,no unambiguous CQC name/location match; SponsorList had no exact name/location match with an employer website
199051,Field End Dental Clinic,field end dental clinic,Pinner,Middlesex,,Healthcare,Worker,Skilled Worker,A rating,,,,,,,,none,,,none,,,,,,CQC location_name/high lead,https://www.cqc.org.uk/location/1-9279434193,candidate website could not be safely checked: robots.txt disallows this page
199383,Fintona Medical Centre,fintona medical centre,Omagh,Co. Tyrone,,Healthcare,Worker,Skilled Worker,A rating,,,,,,,,none,,,none,,,,,,CQC and cached public-source lookup,,no unambiguous CQC name/location match; SponsorList had no exact name/location match with an employer website
199398,Firbeck Dental Surgery,firbeck dental surgery,Skelmersdale,Lancashire,North West,Healthcare,Worker,Skilled Worker,A rating,,,,,,,,none,,,none,,,,,,SponsorList public directory lead,https://sponsorlist.co.uk/sponsors/firbeck-dental-surgery/,CQC match supplied no eligible employer website URL; employer identity was not corroborated on the candidate website
199502,First British Clinic Limited,first british clinic limited,London,,,Healthcare,Worker,Skilled Worker,A rating,,,,,,,,none,,,none,,,,,,CQC provider_name/high lead,https://www.cqc.org.uk/location/1-5324510330,CQC match supplied no eligible employer website URL; SponsorList had no exact name/location match with an employer website
199510,FIRST CARE PHYSIOTHERAPY AND SPORTS CLINIC LTD,first care physiotherapy and sports clinic ltd,LONDON,,,Healthcare,Worker,Skilled Worker,A rating,,,,,,,,none,,,none,,,,,,CQC and cached public-source lookup,,no unambiguous CQC name/location match; SponsorList had no exact name/location match with an employer website
199523,First Choice Dental Clinic,first choice dental clinic,Eastbourne,East Sussex,South East,Healthcare,Worker,Skilled Worker,A rating,,,,,,,,none,,,none,,,,,,CQC provider_name/high lead,https://www.cqc.org.uk/location/1-443197304,CQC match supplied no eligible employer website URL; SponsorList had no exact name/location match with an employer website
199683,Firsway Health Centre,firsway health centre,Sale,Cheshire,North West,Healthcare,Worker,Skilled Worker,A rating,,,,,,,https://www.firswayhealthcentre.co.uk/,high,https://www.firswayhealthcentre.co.uk/,https://www.firswayhealthcentre.co.uk/jobs/,medium,https://www.firswayhealthcentre.co.uk/jobs/,,,,,CQC provider_name/high lead; first-party page identity checked,https://www.cqc.org.uk/location/1-552206466,First-party employer identity verified; manual review remains required before import.
199766,Fitzalan Medical Centre,fitzalan medical centre,Littlehampton,West Sussex,South East,Healthcare,Worker,Skilled Worker,A rating,,,,,,,https://www.fitzalanmedicalgroup.co.uk/,high,https://www.fitzalanmedicalgroup.co.uk/,https://www.fitzalanmedicalgroup.co.uk/jobs,high,https://www.fitzalanmedicalgroup.co.uk/,,,,,SponsorList public directory lead; first-party page identity checked,https://sponsorlist.co.uk/sponsors/fitzalan-medical-centre/,no unambiguous CQC name/location match
199884,FKS CLINIC LTD,fks clinic ltd,LONDON,,,Healthcare,Worker,Skilled Worker,A rating,,,,,,,https://www.fksclinic.co.uk/,high,https://www.fksclinic.co.uk/,,none,,,,,,CQC provider_name/high lead; first-party page identity checked,https://www.cqc.org.uk/location/1-19900185428,"no employer-linked, verifiable careers destination found"
199984,FLAWLESS BEAUTY AND LASER CLINIC LTD,flawless beauty and laser clinic ltd,Bristol,,,Healthcare,Worker,Skilled Worker,A rating,,,,,,,https://www.flawlessclinics.co.uk/,medium,https://www.flawlessclinics.co.uk/,,none,,,,,,SponsorList public directory lead; first-party page identity checked,https://sponsorlist.co.uk/sponsors/flawless-beauty-and-laser-clinic-ltd/,"no unambiguous CQC name/location match; no employer-linked, verifiable careers destination found"
200011,Fleet Street Clinic,fleet street clinic,London,,,Healthcare,Worker,Skilled Worker,A rating,,,,,,,,none,,,none,,,,,,CQC location_name/high lead,https://www.cqc.org.uk/location/1-118072619,candidate website could not be safely checked: robots.txt disallows this page
200132,Flinthouse Dental Practice Partnership,flinthouse dental practice partnership,St Leonard's On Sea,East Sussex,South East,Healthcare,Worker,Skilled Worker,A rating,,,,,,,,none,,,none,,,,,,CQC and cached public-source lookup,,no unambiguous CQC name/location match; SponsorList had no exact name/location match with an employer website
200174,Flordius Chiropractic Ltd T/A Saltaire Chiropractic Clinic,flordius chiropractic ltd t a saltaire chiropractic clinic,Shipley,West Yorkshire,Yorkshire and the Humber,Healthcare,Worker,Skilled Worker,A rating,,,,,,,https://saltairechiropractic.com/,high,https://saltairechiropractic.com/,,none,,,,,,SponsorList public directory lead; first-party page identity checked,https://sponsorlist.co.uk/sponsors/flordius-chiropractic-ltd-ta-saltaire-chiropractic-clinic/,"no unambiguous CQC name/location match; no employer-linked, verifiable careers destination found"
200488,FONES CLINIC SERVICES UK LIMITED,fones clinic services uk limited,Manchester,Greater Manchester,North West,Healthcare,Worker,Skilled Worker,A rating,,,,,,,https://www.fones-clinic.co.uk/,medium,https://www.fones-clinic.co.uk/,,none,,,,,,SponsorList public directory lead; first-party page identity checked,https://sponsorlist.co.uk/sponsors/fones-clinic-services-uk-limited/,"no unambiguous CQC name/location match; no employer-linked, verifiable careers destination found"
200723,Forest House Medical Centre,forest house medical centre,Leicester,Leicestershire,East Midlands,Healthcare,Worker,Skilled Worker,A rating,,,,,,,,none,,,none,,,,,,SponsorList public directory lead,https://sponsorlist.co.uk/sponsors/forest-house-medical-centre/,no unambiguous CQC name/location match; employer identity was not corroborated on the candidate website
200740,Forest View Medical Centre,forest view medical centre,TREORCHY,MID GLAMORGAN,,Healthcare,Worker,Skilled Worker,A rating,,,,,,,,none,,,none,,,,,,SponsorList public directory lead,https://sponsorlist.co.uk/sponsors/forest-view-medical-centre/,no unambiguous CQC name/location match; candidate website could not be safely checked: robots.txt disallows this page
200856,Forrest Medical Centre,forrest medical centre,Coventry,,,Healthcare,Worker,Skilled Worker,A rating,,,,,,,,none,,,none,,,,,,CQC provider_name/high lead,https://www.cqc.org.uk/location/1-2285383365,employer identity was not corroborated on the candidate website
200994,Forum Health Centre,forum health centre,Coventry,West Midlands,West Midlands,Healthcare,Worker,Skilled Worker,A rating,,,,,,,,none,,,none,,,,,,CQC provider_name/high lead,https://www.cqc.org.uk/location/1-552291046,CQC match supplied no eligible employer website URL; SponsorList had no exact name/location match with an employer website
201097,Four Acre Health Centre,four acre health centre,St Helens,Merseyside,North West,Healthcare,Worker,Skilled Worker,A rating,,,,,,,https://fouracrehealthcentre.co.uk/,high,https://fouracrehealthcentre.co.uk/,,none,,,,,,SponsorList public directory lead; first-party page identity checked,https://sponsorlist.co.uk/sponsors/four-acre-health-centre/,"CQC match supplied no eligible employer website URL; no employer-linked, verifiable careers destination found"
201265,Frampton Dental Practice,frampton dental practice,Bristol,,,Healthcare,Worker,Skilled Worker,A rating,,,,,,,https://www.framptondental.co.uk/,high,https://www.framptondental.co.uk/,,none,,,,,,SponsorList public directory lead; first-party page identity checked,https://sponsorlist.co.uk/sponsors/frampton-dental-practice/,"CQC match supplied no eligible employer website URL; no employer-linked, verifiable careers destination found"
201519,Fremington Medical Centre,fremington medical centre,Barnstaple,Devon,South West,Healthcare,Worker,Skilled Worker,A rating,,,,,,,,none,,,none,,,,,,CQC provider_name/high lead,https://www.cqc.org.uk/location/1-552545712,candidate website could not be safely checked: robots.txt disallows this page
201524,French Dental Practice,french dental practice,London,,,Healthcare,Worker,Skilled Worker,A rating,,,,,,,,none,,,none,,,,,,SponsorList public directory lead,https://sponsorlist.co.uk/sponsors/french-dental-practice/,no unambiguous CQC name/location match; employer identity was not corroborated on the candidate website
201532,French Weir Health Centre,french weir health centre,Taunton,Somerset,South West,Healthcare,Worker,Skilled Worker,A rating,,,,,,,https://www.frenchweirhealth.co.uk/,high,https://www.frenchweirhealth.co.uk/,,none,,,,,,CQC provider_name/high lead; first-party page identity checked,https://www.cqc.org.uk/location/1-557547042,"no employer-linked, verifiable careers destination found"
201640,Freuchen Medical Centre,freuchen medical centre,London,,,Healthcare,Worker,Skilled Worker,A rating,,,,,,,,none,,,none,,,,,,SponsorList public directory lead,https://sponsorlist.co.uk/sponsors/freuchen-medical-centre/,CQC match supplied no eligible employer website URL; employer identity was not corroborated on the candidate website
201665,Friar Street Dental Practice,friar street dental practice,Reading,,,Healthcare,Worker,Skilled Worker,A rating,,,,,,,https://www.friardental.com/,high,https://www.friardental.com/,https://www.friardental.com/careers,medium,https://www.friardental.com/careers,,,,,CQC provider_name/high lead; first-party page identity checked,https://www.cqc.org.uk/location/1-11048043955,First-party employer identity verified; manual review remains required before import.
201668,Friars Moor Veterinary Clinic Ltd,friars moor veterinary clinic ltd,Sturminster Newton,Dorset,South West,Healthcare,Worker,Skilled Worker,A rating,,,,,,,,none,,,none,,,,,,SponsorList public directory lead,https://sponsorlist.co.uk/sponsors/friars-moor-veterinary-clinic-ltd/,no unambiguous CQC name/location match; employer identity was not corroborated on the candidate website
201756,Frome Valley Medical Centre,frome valley medical centre,Bristol,,,Healthcare,Worker,Skilled Worker,A rating,,,,,,,,none,,,none,,,,,,CQC provider_name/high lead,https://www.cqc.org.uk/location/1-583065605,CQC match supplied no eligible employer website URL; SponsorList had no exact name/location match with an employer website
201862,FRYERNS MEDICAL CENTRE,fryerns medical centre,BASILDON,,,Healthcare,Worker,Skilled Worker,A rating,,,,,,,,none,,,none,,,,,,CQC provider_name/high lead,https://www.cqc.org.uk/location/1-3802829009,CQC match supplied no eligible employer website URL; SponsorList had no exact name/location match with an employer website
202589,Gadget Clinic Repair Limited,gadget clinic repair limited,Watford,,,Healthcare,Worker,Skilled Worker,A rating,,,,,,,https://www.thegadgetclinic.co.uk/,medium,https://www.thegadgetclinic.co.uk/,,none,,,,,,SponsorList public directory lead; first-party page identity checked,https://sponsorlist.co.uk/sponsors/gadget-clinic-repair-limited/,"no unambiguous CQC name/location match; no employer-linked, verifiable careers destination found"
202605,GADGETS CLINIC LTD,gadgets clinic ltd,Essex,,,Healthcare,Worker,Skilled Worker,A rating,,,,,,,,none,,,none,,,,,,SponsorList public directory lead,https://sponsorlist.co.uk/sponsors/gadgets-clinic-ltd/,no unambiguous CQC name/location match; candidate website could not be safely checked: robots.txt disallows this page
202750,Gallery Dental Practice Ltd,gallery dental practice ltd,Haywards Heath,,,Healthcare,Worker,Skilled Worker,A rating,,,,,,,,none,,,none,,,,,,CQC location_name/high lead,https://www.cqc.org.uk/location/1-23303059635,CQC match supplied no eligible employer website URL; SponsorList had no exact name/location match with an employer website
202758,Gallions Reach Dental Clinic Ltd,gallions reach dental clinic ltd,London,,,Healthcare,Worker,Skilled Worker,A rating,,,,,,,,none,,,none,,,,,,CQC provider_name/high lead,https://www.cqc.org.uk/location/1-190045141,candidate website could not be safely checked: robots.txt disallows this page
202966,Garston dental practice,garston dental practice,Liverpool,,,Healthcare,Worker,Skilled Worker,A rating,,,,,,,,none,,,none,,,,,,CQC location_name/high lead,https://www.cqc.org.uk/location/1-428865807,CQC match supplied no eligible employer website URL; SponsorList had no exact name/location match with an employer website
202979,Gary Baxter Family Dental Practice,gary baxter family dental practice,Newmarket,Suffolk,East of England,Healthcare,Worker,Skilled Worker,A rating,,,,,,,,none,,,none,,,,,,CQC and cached public-source lookup,,no unambiguous CQC name/location match; SponsorList had no exact name/location match with an employer website
203593,Gentle Dental Practice,gentle dental practice,Aberdare,Mid Glamorgan,,Healthcare,Worker,Skilled Worker,A rating,,,,,,,,none,,,none,,,,,,CQC location_name/high lead,https://www.cqc.org.uk/location/1-11082544881,employer identity was not corroborated on the candidate website
203699,Georgios Billis T/A Gateway Dental Practice,georgios billis t a gateway dental practice,Burgess Hill,West Sussex,South East,Healthcare,Worker,Skilled Worker,A rating,,,,,,,,none,,,none,,,,,,SponsorList public directory lead,https://sponsorlist.co.uk/sponsors/georgios-billis-ta-gateway-dental-practice/,CQC match supplied no eligible employer website URL; employer identity was not corroborated on the candidate website
204103,Gillingham Clinic Ltd,gillingham clinic ltd,Manchester,,,Healthcare,Worker,Skilled Worker,A rating,,,,,,,,none,,,none,,,,,,CQC provider_name/high lead,https://www.cqc.org.uk/location/1-22870175022,employer identity was not corroborated on the candidate website
204298,GLADSTONES CLINIC LIMITED,gladstones clinic limited,Cambridge,Gloucestershire,South West,Healthcare,Worker,Skilled Worker,A rating,,,,,,,https://gladstonesclinic.com/,high,https://gladstonesclinic.com/,,none,,,,,,SponsorList public directory lead; first-party page identity checked,https://sponsorlist.co.uk/sponsors/gladstones-clinic-limited/,"no unambiguous CQC name/location match; no employer-linked, verifiable careers destination found"
204438,Glenbervie Clinic Limited T/A Glenbervie Dental Clinic,glenbervie clinic limited t a glenbervie dental clinic,Larbert,,,Healthcare,Worker,Skilled Worker,A rating,,,,,,,,none,,,none,,,,,,SponsorList public directory lead,https://sponsorlist.co.uk/sponsors/glenbervie-clinic-limited-ta-glenbervie-dental-clinic/,no unambiguous CQC name/location match; employer identity was not corroborated on the candidate website
204441,Glencairn Dental Practice,glencairn dental practice,Bebington,Wirral,North West,Healthcare,Worker,Skilled Worker,A rating,,,,,,,,none,,,none,,,,,,CQC location_name/high lead,https://www.cqc.org.uk/location/1-3303241658,candidate website could not be safely checked: robots.txt disallows this page
204505,Glenroyd Medical Centre,glenroyd medical centre,Blackpool,Lancashire,North West,Healthcare,Worker,Skilled Worker,A rating,,,,,,,,none,,,none,,,,,,CQC provider_name/high lead,https://www.cqc.org.uk/location/1-542583510,candidate website could not be safely checked: getaddrinfo ENOTFOUND www.glenroydmedical.co.uk
204908,Globe dental Practice,globe dental practice,Nantwich,,,Healthcare,Worker,Skilled Worker,A rating,,,,,,,https://globedentalpractice.com/,high,https://globedentalpractice.com/,,none,,,,,,CQC location_name/high lead; first-party page identity checked,https://www.cqc.org.uk/location/1-1880979830,"no employer-linked, verifiable careers destination found"
205338,Golborne Medical Centre,golborne medical centre,London,,,Healthcare,Worker,Skilled Worker,A rating,,,,,,,,none,,,none,,,,,,CQC provider_name/high lead,https://www.cqc.org.uk/location/1-3515071511,CQC match supplied no eligible employer website URL; SponsorList had no exact name/location match with an employer website
205628,Good Health Centre Limited,good health centre limited,Leeds,West Yorkshire,Yorkshire and the Humber,Healthcare,Worker,Skilled Worker,A rating,,,,,,,,none,,,none,,,,,,CQC and cached public-source lookup,,no unambiguous CQC name/location match; SponsorList had no exact name/location match with an employer website
205795,Gorton Dental Practice,gorton dental practice,MANCHESTER,,,Healthcare,Worker,Skilled Worker,A rating,,,,,,,,none,,,none,,,,,,CQC location_name/high lead,https://www.cqc.org.uk/location/1-18179781595,CQC match supplied no eligible employer website URL; SponsorList had no exact name/location match with an employer website
205808,Gosford Hill Medical Centre,gosford hill medical centre,Oxford,Oxfordshire,South East,Healthcare,Worker,Skilled Worker,A rating,,,,,,,,none,,,none,,,,,,CQC provider_name/high lead,https://www.cqc.org.uk/location/1-553757049,candidate website could not be safely checked: robots.txt disallows this page
206206,Grangetown Family dental health centre,grangetown family dental health centre,Sunderland,,,Healthcare,Worker,Skilled Worker,A rating,,,,,,,,none,,,none,,,,,,SponsorList public directory lead,https://sponsorlist.co.uk/sponsors/grangetown-family-dental-health-centre/,CQC match supplied no eligible employer website URL; employer identity was not corroborated on the candidate website
206293,Gratton House Dental Surgery,gratton house dental surgery,Cheltenham,Gloucestershire,South West,Healthcare,Worker,Skilled Worker,A rating,,,,,,,https://www.grattonhousedental.uk/,high,https://www.grattonhousedental.uk/,,none,,,,,,SponsorList public directory lead; first-party page identity checked,https://sponsorlist.co.uk/sponsors/gratton-house-dental-surgery/,"CQC match supplied no eligible employer website URL; no employer-linked, verifiable careers destination found"
206365,Great bridge dental practice,great bridge dental practice,Tipton,West Midlands,West Midlands,Healthcare,Worker,Skilled Worker,A rating,,,,,,,https://www.greatbridgedentalpractice.com/,high,https://www.greatbridgedentalpractice.com/,,none,,,,,,SponsorList public directory lead; first-party page identity checked,https://sponsorlist.co.uk/sponsors/great-bridge-dental-practice/,"CQC match supplied no eligible employer website URL; no employer-linked, verifiable careers destination found"
206398,Great Homer Street Medical Centre,great homer street medical centre,Liverpool,,,Healthcare,Worker,Skilled Worker,A rating,,,,,,,,none,,,none,,,,,,CQC location_name/high lead,https://www.cqc.org.uk/location/1-2796556066,CQC match supplied no eligible employer website URL; SponsorList had no exact name/location match with an employer website
206416,Great Oakley Medical Centre,great oakley medical centre,Corby,Northamptonshire,East Midlands,Healthcare,Worker,Skilled Worker,A rating,,,,,,,https://www.greatoakleymedicalcentre.co.uk/,medium,https://www.greatoakleymedicalcentre.co.uk/,https://www.greatoakleymedicalcentre.co.uk/vacancies,high,https://www.greatoakleymedicalcentre.co.uk/,,,,,CQC provider_name/high lead; first-party page identity checked,https://www.cqc.org.uk/location/1-585418343,First-party employer identity verified; manual review remains required before import.
206528,Green Dental Practice,green dental practice,Bristol,,,Healthcare,Worker,Skilled Worker,A rating,,,,,,,,none,,,none,,,,,,CQC and cached public-source lookup,,no unambiguous CQC name/location match; SponsorList had no exact name/location match with an employer website
206579,Green Lane Dental Surgery,green lane dental surgery,Liverpool,,,Healthcare,Worker,Skilled Worker,A rating,,,,,,,,none,,,none,,,,,,SponsorList public directory lead,https://sponsorlist.co.uk/sponsors/green-lane-dental-surgery/,CQC match supplied no eligible employer website URL; employer identity was not corroborated on the candidate website
206583,Green Lane Medical Centre,green lane medical centre,Liverpool,,,Healthcare,Worker,Skilled Worker,A rating,,,,,,,,none,,,none,,,,,,CQC provider_name/high lead,https://www.cqc.org.uk/location/1-571606489,CQC match supplied no eligible employer website URL; SponsorList had no exact name/location match with an employer website
206681,Greencroft Lodge Dental Practice,greencroft lodge dental practice,Rowlands Gill,Tyne & Wear,,Healthcare,Worker,Skilled Worker,A rating,,,,,,,,none,,,none,,,,,,SponsorList public directory lead,https://sponsorlist.co.uk/sponsors/greencroft-lodge-dental-practice/,CQC match supplied no eligible employer website URL; employer identity was not corroborated on the candidate website
206703,Greenfields Dental Surgery,greenfields dental surgery,Shrewsbury,Shropshire,West Midlands,Healthcare,Worker,Skilled Worker,A rating,,,,,,,https://www.greenfieldsdental.co.uk/,high,https://www.greenfieldsdental.co.uk/,,none,,,,,,CQC provider_name/high lead; first-party page identity checked,https://www.cqc.org.uk/location/1-12874234945,"no employer-linked, verifiable careers destination found"
206752,Greenmount Veterinary Clinic Limited,greenmount veterinary clinic limited,Portadown,Armagh,Northern Ireland,Healthcare,Worker,Skilled Worker,A rating,,,,,,,,none,,,none,,,,,,SponsorList public directory lead,https://sponsorlist.co.uk/sponsors/greenmount-veterinary-clinic-limited/,no unambiguous CQC name/location match; employer identity was not corroborated on the candidate website
206774,Greensand Health Centre,greensand health centre,Maidstone,Kent,South East,Healthcare,Worker,Skilled Worker,A rating,,,,,,,,none,,,none,,,,,,SponsorList public directory lead,https://sponsorlist.co.uk/sponsors/greensand-health-centre/,no unambiguous CQC name/location match; candidate website could not be safely checked: page exceeds size limit
206847,Greenwood veterinary clinic limited,greenwood veterinary clinic limited,Ruislip,London,London,Healthcare,Worker,Skilled Worker,A rating,,,,,,,https://www.greenwoodvet.co.uk/,high,https://www.greenwoodvet.co.uk/,https://www.greenwoodvet.co.uk/meet-the-team,high,https://www.greenwoodvet.co.uk/,,,,,SponsorList public directory lead; first-party page identity checked,https://sponsorlist.co.uk/sponsors/greenwood-veterinary-clinic-limited/,no unambiguous CQC name/location match
206868,Grekin Clinic Ltd,grekin clinic ltd,Forfar,Angus,Scotland,Healthcare,Worker,Skilled Worker,A rating,,,,,,,https://www.grekinclinic.co.uk/,high,https://www.grekinclinic.co.uk/,,none,,,,,,SponsorList public directory lead; first-party page identity checked,https://sponsorlist.co.uk/sponsors/grekin-clinic-ltd/,"no unambiguous CQC name/location match; no employer-linked, verifiable careers destination found"
206888,GRETNA DENTAL PRACTICE,gretna dental practice,Gretna Green,,,Healthcare,Worker,Skilled Worker,A rating,,,,,,,https://gretnadentalpractice.co.uk/,medium,https://gretnadentalpractice.co.uk/,https://gretnadentalpractice.co.uk/careers/,high,https://gretnadentalpractice.co.uk/,,,,,SponsorList public directory lead; first-party page identity checked,https://sponsorlist.co.uk/sponsors/gretna-dental-practice/,no unambiguous CQC name/location match
206908,Greyfriars Medical Centre,greyfriars medical centre,Dumfries,Dumfries & Galloway,,Healthcare,Worker,Skilled Worker,A rating,,,,,,,https://www.greyfriarsmedicalcentre.co.uk/,high,https://www.greyfriarsmedicalcentre.co.uk/,,none,,,,,,SponsorList public directory lead; first-party page identity checked,https://sponsorlist.co.uk/sponsors/greyfriars-medical-centre/,"no unambiguous CQC name/location match; no employer-linked, verifiable careers destination found"
206929,Greystone Physiotherapy Clinic Ltd,greystone physiotherapy clinic ltd,Swadlincote,,,Healthcare,Worker,Skilled Worker,A rating,,,,,,,,none,,,none,,,,,,SponsorList public directory lead,https://sponsorlist.co.uk/sponsors/greystone-physiotherapy-clinic-ltd/,no unambiguous CQC name/location match; employer identity was not corroborated on the candidate website
206932,Greytown Dental Practice Ltd,greytown dental practice ltd,Oxon,,,Healthcare,Worker,Skilled Worker,A rating,,,,,,,https://www.greytowndental.co.uk/,medium,https://www.greytowndental.co.uk/,,none,,,,,,SponsorList public directory lead; first-party page identity checked,https://sponsorlist.co.uk/sponsors/greytown-dental-practice-ltd/,"CQC match supplied no eligible employer website URL; no employer-linked, verifiable careers destination found"
207063,Grosvenor Medical Centre,grosvenor medical centre,Crewe,Cheshire,North West,Healthcare,Worker,Skilled Worker,A rating,,,,,,,,none,,,none,,,,,,CQC fuzzy_name_town/medium lead,https://www.cqc.org.uk/location/1-556239774,candidate website could not be safely checked: robots.txt disallows this page
207104,Grove Dental Surgery,grove dental surgery,London,,,Healthcare,Worker,Skilled Worker,A rating,,,,,,,,none,,,none,,,,,,SponsorList public directory lead,https://sponsorlist.co.uk/sponsors/grove-dental-surgery/,CQC match supplied no eligible employer website URL; employer identity was not corroborated on the candidate website
207213,GS CLINIC LTD,gs clinic ltd,PRESTON,LANCASHIRE,North West,Healthcare,Worker,Skilled Worker,A rating,,,,,,,,none,,,none,,,,,,SponsorList public directory lead,https://sponsorlist.co.uk/sponsors/gs-clinic-ltd/,CQC match supplied no eligible employer website URL; candidate website could not be safely checked: getaddrinfo ENOTFOUND www.uksponsorshiptracker.com
207743,Guttridge Medical Centre,guttridge medical centre,Preston,Lancashire,North West,Healthcare,Worker,Skilled Worker,A rating,,,,,,,,none,,,none,,,,,,SponsorList public directory lead,https://sponsorlist.co.uk/sponsors/guttridge-medical-centre/,CQC match supplied no eligible employer website URL; employer identity was not corroborated on the candidate website
208071,Haaris Abdullamia Kadri T/A Cedars Dental Practice,haaris abdullamia kadri t a cedars dental practice,Preston,Lancashire,North West,Healthcare,Worker,Skilled Worker,A rating,,,,,,,,none,,,none,,,,,,CQC location_name/high lead,https://www.cqc.org.uk/location/1-6452310110,CQC match supplied no eligible employer website URL; SponsorList had no exact name/location match with an employer website
208125,Hackney Dental Practice Ltd,hackney dental practice ltd,LONDON,,,Healthcare,Worker,Skilled Worker,A rating,,,,,,,,none,,,none,,,,,,SponsorList public directory lead,https://sponsorlist.co.uk/sponsors/hackney-dental-practice-ltd/,CQC match supplied no eligible employer website URL; employer identity was not corroborated on the candidate website
208163,Hadley Dental Practice,hadley dental practice,Telford,,,Healthcare,Worker,Skilled Worker,A rating,,,,,,,,none,,,none,,,,,,CQC location_name/high lead,https://www.cqc.org.uk/location/1-20401183061,CQC match supplied no eligible employer website URL; SponsorList had no exact name/location match with an employer website
208167,Hadrian Health Centre,hadrian health centre,Wallsend,Tyne and Wear,North East,Healthcare,Worker,Skilled Worker,A rating,,,,,,,,none,,,none,,,,,,CQC provider_name/high lead,https://www.cqc.org.uk/location/1-14928933541,CQC match supplied no eligible employer website URL; SponsorList had no exact name/location match with an employer website
208240,Hair & skin clinic ltd,hair and skin clinic ltd,Birmingham,Westmidlands,,Healthcare,Worker,Skilled Worker,A rating,,,,,,,,none,,,none,,,,,,CQC and cached public-source lookup,,no unambiguous CQC name/location match; SponsorList had no exact name/location match with an employer website
208317,Halcyon Medical Centre,halcyon medical centre,Birmingham,,,Healthcare,Worker,Skilled Worker,A rating,,,,,,,https://halcyonmedical.co.uk/,high,https://halcyonmedical.co.uk/,,none,,,,,,CQC provider_name/high lead; first-party page identity checked,https://www.cqc.org.uk/location/1-15644000518,"no employer-linked, verifiable careers destination found"
208318,Halcyon Medispa & Wellness Clinic Ltd,halcyon medispa and wellness clinic ltd,London,,,Healthcare,Worker,Skilled Worker,A rating,,,,,,,,none,,,none,,,,,,SponsorList public directory lead,https://sponsorlist.co.uk/sponsors/halcyon-medispa-wellness-clinic-ltd/,no unambiguous CQC name/location match; candidate website could not be safely checked: robots.txt disallows this page
208382,Hall Street Medical Centre,hall street medical centre,St Helens,,,Healthcare,Worker,Skilled Worker,A rating,,,,,,,,none,,,none,,,,,,CQC location_name/high lead,https://www.cqc.org.uk/location/1-13445739126,CQC match supplied no eligible employer website URL; SponsorList had no exact name/location match with an employer website
208453,hamblecottage dental practice ltd,hamblecottage dental practice ltd,Southampton,Hampshire,South East,Healthcare,Worker,Skilled Worker,A rating,,,,,,,,none,,,none,,,,,,CQC and cached public-source lookup,,no unambiguous CQC name/location match; SponsorList had no exact name/location match with an employer website
208456,Hambleton Equine Clinic Ltd,hambleton equine clinic ltd,Great Ayton,North Yorkshire,Yorkshire and the Humber,Healthcare,Worker,Skilled Worker,A rating,,,,,,,,none,,,none,,,,,,CQC and cached public-source lookup,,no unambiguous CQC name/location match; SponsorList had no exact name/location match with an employer website
208577,Hampton Medical Centre,hampton medical centre,Peterborough,Cambridgeshire,East of England,Healthcare,Worker,Skilled Worker,A rating,,,,,,,https://www.hamptonhealth.co.uk/,medium,https://www.hamptonhealth.co.uk/,,none,,,,,,CQC fuzzy_name_town/medium lead; first-party page identity checked,https://www.cqc.org.uk/location/1-542964536,"no employer-linked, verifiable careers destination found"
208660,Hands On Health Clinic Ltd,hands on health clinic ltd,Birmingham,West Midlands,West Midlands,Healthcare,Worker,Skilled Worker,A rating,,,,,,,,none,,,none,,,,,,CQC and cached public-source lookup,,no unambiguous CQC name/location match; SponsorList had no exact name/location match with an employer website
208667,Handsworth Cosmetic Clinic Limited,handsworth cosmetic clinic limited,Sheffield,South Yorkshire,Yorkshire and the Humber,Healthcare,Worker,Skilled Worker,A rating,,,,,,,,none,,,none,,,,,,CQC and cached public-source lookup,,no unambiguous CQC name/location match; SponsorList had no exact name/location match with an employer website
208689,HANGLETON DENTAL PRACTICE LIMITED,hangleton dental practice limited,HOVE,,,Healthcare,Worker,Skilled Worker,A rating,,,,,,,,none,,,none,,,,,,CQC provider_name/high lead,https://www.cqc.org.uk/location/1-200830419,candidate website could not be safely checked: getaddrinfo ENOTFOUND www.hangletondp.com
208857,Happy Kids Dental Practice Ltd,happy kids dental practice ltd,London,,,Healthcare,Worker,Skilled Worker,A rating,,,,,,,,none,,,none,,,,,,CQC provider_name/high lead,https://www.cqc.org.uk/location/1-4502333862,CQC match supplied no eligible employer website URL; SponsorList had no exact name/location match with an employer website
208930,Harbourside Health Centre,harbourside health centre,Swansea,Mid Glam,,Healthcare,Worker,Skilled Worker,A rating,,,,,,,,none,,,none,,,,,,CQC and cached public-source lookup,,no unambiguous CQC name/location match; SponsorList had no exact name/location match with an employer website
209012,Haringey Healthcare Ltd t/a Medi-Park Clinic,haringey healthcare ltd t a medi park clinic,London,,,Healthcare,Worker,Skilled Worker,A rating,,,,,,,,none,,,none,,,,,,CQC provider_name/high lead,https://www.cqc.org.uk/location/1-6525422966,CQC match supplied no eligible employer website URL; SponsorList had no exact name/location match with an employer website
209041,Harleston dental and aesthetic clinic,harleston dental and aesthetic clinic,norfolk,,,Healthcare,Worker,Skilled Worker,A rating,,,,,,,,none,,,none,,,,,,SponsorList public directory lead,https://sponsorlist.co.uk/sponsors/harleston-dental-and-aesthetic-clinic/,CQC match supplied no eligible employer website URL; employer identity was not corroborated on the candidate website
209051,Harley Street Dental Clinic Limited,harley street dental clinic limited,London,,,Healthcare,Worker,Skilled Worker,A rating,,,,,,,,none,,,none,,,,,,SponsorList public directory lead,https://sponsorlist.co.uk/sponsors/harley-street-dental-clinic-limited/,CQC match supplied no eligible employer website URL; candidate website could not be safely checked: robots.txt disallows this page
209053,Harley Street ENT Clinic Ltd,harley street ent clinic ltd,London,,,Healthcare,Worker,Skilled Worker,A rating,,,,,,,https://www.harleystreetent.com/,high,https://www.harleystreetent.com/,,none,,,,,,CQC provider_name/high lead; first-party page identity checked,https://www.cqc.org.uk/location/1-377082542,"no employer-linked, verifiable careers destination found"
209054,Harley Street Fertility Clinic,harley street fertility clinic,London,England,,Healthcare,Worker,Skilled Worker,A rating,,,,,,,,none,,,none,,,,,,SponsorList public directory lead,https://sponsorlist.co.uk/sponsors/harley-street-fertility-clinic/,no unambiguous CQC name/location match; employer identity was not corroborated on the candidate website
209224,Harrow Lane Dental Surgery,harrow lane dental surgery,East Sussex,,,Healthcare,Worker,Skilled Worker,A rating,,,,,,,,none,,,none,,,,,,SponsorList public directory lead,https://sponsorlist.co.uk/sponsors/harrow-lane-dental-surgery/,no unambiguous CQC name/location match; employer identity was not corroborated on the candidate website
209230,Harrow Smile Clinic,harrow smile clinic,London,,,Healthcare,Worker,Skilled Worker,A rating,,,,,,,https://www.smileclinicgroup.com/,high,https://www.smileclinicgroup.com/,https://www.smileclinicgroup.com/join-us,high,https://www.smileclinicgroup.com/,,,,,SponsorList public directory lead; first-party page identity checked,https://sponsorlist.co.uk/sponsors/harrow-smile-clinic/,CQC match supplied no eligible employer website URL
209232,HARROW WEALD DENTAL PRACTICE LTD,harrow weald dental practice ltd,MIDDLESEX,,,Healthcare,Worker,Skilled Worker,A rating,,,,,,,,none,,,none,,,,,,CQC provider_name/high lead,https://www.cqc.org.uk/location/1-14540528927,candidate website could not be safely checked: robots.txt disallows this page
209459,Hathaway Medical Centre,hathaway medical centre,Chippenham,Wiltshire,South West,Healthcare,Worker,Skilled Worker,A rating,,,,,,,,none,,,none,,,,,,CQC and cached public-source lookup,,no unambiguous CQC name/location match; SponsorList had no exact name/location match with an employer website
209467,Hatim Kapadia T/A Smilecare Archway Dental Practice,hatim kapadia t a smilecare archway dental practice,London,,,Healthcare,Worker,Skilled Worker,A rating,,,,,,,,none,,,none,,,,,,CQC and cached public-source lookup,,no unambiguous CQC name/location match; SponsorList had no exact name/location match with an employer website
209643,Haydock Medical Centre,haydock medical centre,St Helens,Merseyside,North West,Healthcare,Worker,Skilled Worker,A rating,,,,,,,,none,,,none,,,,,,CQC location_name/high lead,https://www.cqc.org.uk/location/1-14498114225,CQC match supplied no eligible employer website URL; SponsorList had no exact name/location match with an employer website
209648,Hayers Dental Surgery,hayers dental surgery,Willenhall,West Midlands,West Midlands,Healthcare,Worker,Skilled Worker,A rating,,,,,,,,none,,,none,,,,,,CQC provider_name/high lead,https://www.cqc.org.uk/location/1-5409267864,candidate website could not be safely checked: robots.txt disallows this page
209665,HAYESCROFT DENTAL SURGERY,hayescroft dental surgery,BARNSLEY,,,Healthcare,Worker,Skilled Worker,A rating,,,,,,,,none,,,none,,,,,,CQC and cached public-source lookup,,no unambiguous CQC name/location match; SponsorList had no exact name/location match with an employer website
209742,HAZELWOOD DENTAL PRACTICE LIMITED,hazelwood dental practice limited,LONDON,,,Healthcare,Worker,Skilled Worker,A rating,,,,,,,,none,,,none,,,,,,CQC and cached public-source lookup,,no unambiguous CQC name/location match; SponsorList had no exact name/location match with an employer website
209761,HB DENTAL PRACTICE LIMITED,hb dental practice limited,"London,",,,Healthcare,Worker,Skilled Worker,A rating,,,,,,,,none,,,none,,,,,,CQC location_name/high lead,https://www.cqc.org.uk/location/1-763245315,CQC match supplied no eligible employer website URL; SponsorList had no exact name/location match with an employer website
209856,HD23 Hanover Dental Practice,hd23 hanover dental practice,Newcastle under Lyme,Staffordshire,West Midlands,Healthcare,Worker,Skilled Worker,A rating,,,,,,,,none,,,none,,,,,,CQC fuzzy_name_town/medium lead,https://www.cqc.org.uk/location/1-19681813140,CQC match supplied no eligible employer website URL; SponsorList had no exact name/location match with an employer website
209907,HeadStart Speech and Behaviour Clinic Ltd,headstart speech and behaviour clinic ltd,London,,,Healthcare,Worker,Skilled Worker,A rating,,,,,,,,none,,,none,,,,,,CQC provider_name/high lead,https://www.cqc.org.uk/location/1-9753095440,CQC match supplied no eligible employer website URL; SponsorList had no exact name/location match with an employer website
210118,Heath Hayes Health centre,heath hayes health centre,Cannock,Staffordshire,West Midlands,Healthcare,Worker,Skilled Worker,A rating,,,,,,,,none,,,none,,,,,,CQC location_name/high lead,https://www.cqc.org.uk/location/1-2726439997,CQC match supplied no eligible employer website URL; SponsorList had no exact name/location match with an employer website
210143,Heathfield Dental Practice,heathfield dental practice,Birmingham,West Midlands,West Midlands,Healthcare,Worker,Skilled Worker,A rating,,,,,,,,none,,,none,,,,,,SponsorList public directory lead,https://sponsorlist.co.uk/sponsors/heathfield-dental-practice/,CQC match supplied no eligible employer website URL; employer identity was not corroborated on the candidate website
210149,Heathfield Residential Home t/as HEATHFIELD HEALTHCARE LIMITED,heathfield residential home t as heathfield healthcare limited,Kent,,,Healthcare,Worker,Skilled Worker,A rating,,,,,,,,none,,,none,,,,,,SponsorList public directory lead,https://sponsorlist.co.uk/sponsors/heathfield-residential-home-tas-heathfield-healthcare-limited/,no unambiguous CQC name/location match; employer identity was not corroborated on the candidate website
210167,Heathrow Medical Centre,heathrow medical centre,Hayes,Middlesex,,Healthcare,Worker,Skilled Worker,A rating,,,,,,,,none,,,none,,,,,,CQC provider_name/high lead,https://www.cqc.org.uk/location/1-1837545360,candidate website could not be safely checked: getaddrinfo ENOTFOUND www.heathrowmedicalcentre.co.uk
210247,Hedingham Medical Centre,hedingham medical centre,Castle Hedingham,Essex,East of England,Healthcare,Worker,Skilled Worker,A rating,,,,,,,,none,,,none,,,,,,CQC provider_name/high lead,https://www.cqc.org.uk/location/1-547586522,candidate website could not be safely checked: getaddrinfo ENOTFOUND www.hiltonhousesurgery.co.uk
210464,Henley Green Medical Centre,henley green medical centre,Coventry,West Midlands,West Midlands,Healthcare,Worker,Skilled Worker,A rating,,,,,,,,none,,,none,,,,,,CQC location_name/high lead,https://www.cqc.org.uk/location/1-5597699145,CQC match supplied no eligible employer website URL; SponsorList had no exact name/location match with an employer website
210630,Herrington Medical Centre,herrington medical centre,Houghton-le-Spring,Tyne and Wear,North East,Healthcare,Worker,Skilled Worker,A rating,,,,,,,,none,,,none,,,,,,CQC provider_name/high lead,https://www.cqc.org.uk/location/1-540856332,CQC match supplied no eligible employer website URL; SponsorList had no exact name/location match with an employer website
210635,Herschel Medical Centre,herschel medical centre,Slough,,,Healthcare,Worker,Skilled Worker,A rating,,,,,,,,none,,,none,,,,,,CQC provider_name/high lead,https://www.cqc.org.uk/location/1-542043531,candidate website could not be safely checked: robots.txt disallows this page
210755,HEYBRIDGE DENTAL PRACTICE,heybridge dental practice,ESSEX,,,Healthcare,Worker,Skilled Worker,A rating,,,,,,,,none,,,none,,,,,,CQC location_name/high lead,https://www.cqc.org.uk/location/1-12878771716,candidate website could not be safely checked: robots.txt disallows this page
210890,Hickings Lane Medical Centre,hickings lane medical centre,Nottingham,Nottinghamshire,East Midlands,Healthcare,Worker,Skilled Worker,A rating,,,,,,,,none,,,none,,,,,,SponsorList public directory lead,https://sponsorlist.co.uk/sponsors/hickings-lane-medical-centre/,CQC match supplied no eligible employer website URL; employer identity was not corroborated on the candidate website
211032,Highfield Clinic Ltd,highfield clinic ltd,Birmingham,West Midlands,West Midlands,Healthcare,Worker,Skilled Worker,A rating,,,,,,,,none,,,none,,,,,,CQC location_name/high lead,https://www.cqc.org.uk/location/1-230037086,candidate website could not be safely checked: robots.txt disallows this page
211034,Highfield Dental Practice,highfield dental practice,Cumbria,,,Healthcare,Worker,Skilled Worker,A rating,,,,,,,,none,,,none,,,,,,SponsorList public directory lead,https://sponsorlist.co.uk/sponsors/highfield-dental-practice/,CQC match supplied no eligible employer website URL; employer identity was not corroborated on the candidate website
211176,Hillcrest Dental Practice,hillcrest dental practice,Cardiff,,,Healthcare,Worker,Skilled Worker,A rating,,,,,,,,none,,,none,,,,,,CQC location_name/high lead,https://www.cqc.org.uk/location/1-9140053295,CQC match supplied no eligible employer website URL; SponsorList had no exact name/location match with an employer website
211180,Hillcrest Smiles Ltd t/a Hillcrest Dental Practice,hillcrest smiles ltd t a hillcrest dental practice,Barnstaple,Devon,South West,Healthcare,Worker,Skilled Worker,A rating,,,,,,,,none,,,none,,,,,,SponsorList public directory lead,https://sponsorlist.co.uk/sponsors/hillcrest-smiles-ltd-ta-hillcrest-dental-practice/,CQC match supplied no eligible employer website URL; employer identity was not corroborated on the candidate website
211188,Hillfileds Dental Surgery,hillfileds dental surgery,Coventry,,,Healthcare,Worker,Skilled Worker,A rating,,,,,,,,none,,,none,,,,,,CQC and cached public-source lookup,,no unambiguous CQC name/location match; SponsorList had no exact name/location match with an employer website
211192,Hillingdon Health Centre,hillingdon health centre,Uxbridge,Middx,,Healthcare,Worker,Skilled Worker,A rating,,,,,,,,none,,,none,,,,,,CQC provider_name/high lead,https://www.cqc.org.uk/location/1-27029642865,CQC match supplied no eligible employer website URL; SponsorList had no exact name/location match with an employer website
211203,Hillside Dental Practice,hillside dental practice,Liverpool,,,Healthcare,Worker,Skilled Worker,A rating,,,,,,,,none,,,none,,,,,,CQC provider_name/high lead,https://www.cqc.org.uk/location/1-22068600194,CQC match supplied no eligible employer website URL; SponsorList had no exact name/location match with an employer website
211230,Hillview Centre Limited T/a Hillview Dental Practice,hillview centre limited t a hillview dental practice,London,,,Healthcare,Worker,Skilled Worker,A rating,,,,,,,,none,,,none,,,,,,SponsorList public directory lead,https://sponsorlist.co.uk/sponsors/hillview-centre-limited-ta-hillview-dental-practice/,no unambiguous CQC name/location match; employer identity was not corroborated on the candidate website
211232,Hillview Medical Centre,hillview medical centre,Redditch,Worcs,,Healthcare,Worker,Skilled Worker,A rating,,,,,,,,none,,,none,,,,,,CQC and cached public-source lookup,,no unambiguous CQC name/location match; SponsorList had no exact name/location match with an employer website
211539,HJKB Limited T/A Conway House Dental Practice,hjkb limited t a conway house dental practice,High Wycombe,Buckinghamshire,South East,Healthcare,Worker,Skilled Worker,A rating,,,,,,,,none,,,none,,,,,,CQC provider_name/high lead,https://www.cqc.org.uk/location/1-222128200,candidate website could not be safely checked: robots.txt disallows this page
211745,HODDESDON DENTAL SURGERY LTD,hoddesdon dental surgery ltd,HERTFORDSHIRE,,,Healthcare,Worker,Skilled Worker,A rating,,,,,,,,none,,,none,,,,,,CQC provider_name/high lead,https://www.cqc.org.uk/location/1-199653356,candidate website could not be safely checked: robots.txt disallows this page
211781,Holbeach Medical Centre,holbeach medical centre,Spalding,Lincolnshire,East Midlands,Healthcare,Worker,Skilled Worker,A rating,,,,,,,https://www.holbeachmedicalcentre.co.uk/,high,https://www.holbeachmedicalcentre.co.uk/,,none,,,,,,CQC location_name/high lead; first-party page identity checked,https://www.cqc.org.uk/location/1-542794578,"no employer-linked, verifiable careers destination found"
211825,Holistic Healthcare Clinics,holistic healthcare clinics,London,London,London,Healthcare,Worker,Skilled Worker,A rating,,,,,,,,none,,,none,,,,,,SponsorList public directory lead,https://sponsorlist.co.uk/sponsors/holistic-healthcare-clinics/,no unambiguous CQC name/location match; employer identity was not corroborated on the candidate website
211865,Holloway House Dental Surgery,holloway house dental surgery,Minehead,Somerset,South West,Healthcare,Worker,Skilled Worker,A rating,,,,,,,,none,,,none,,,,,,SponsorList public directory lead,https://sponsorlist.co.uk/sponsors/holloway-house-dental-surgery/,CQC match supplied no eligible employer website URL; employer identity was not corroborated on the candidate website
211876,Holly House Dental Practice,holly house dental practice,Stockport,,,Healthcare,Worker,Skilled Worker,A rating,,,,,,,,none,,,none,,,,,,SponsorList public directory lead,https://sponsorlist.co.uk/sponsors/holly-house-dental-practice/,CQC match supplied no eligible employer website URL; employer identity was not corroborated on the candidate website
211922,Holmes Chapel Health Centre,holmes chapel health centre,Crewe,Cheshire,North West,Healthcare,Worker,Skilled Worker,A rating,,,,,,,https://www.holmeschapelhealthcentre.co.uk/,high,https://www.holmeschapelhealthcentre.co.uk/,,none,,,,,,CQC fuzzy_name_town/medium lead; first-party page identity checked,https://www.cqc.org.uk/location/1-555997328,"no employer-linked, verifiable careers destination found"
212175,Homestead Medical Centre,homestead medical centre,Wakefield,West Yorkshire,Yorkshire and the Humber,Healthcare,Worker,Skilled Worker,A rating,,,,,,,https://homesteadmedicalcentre.co.uk/,high,https://homesteadmedicalcentre.co.uk/,https://homesteadmedicalcentre.co.uk/jobs/,medium,https://homesteadmedicalcentre.co.uk/jobs/,,,,,CQC provider_name/high lead; first-party page identity checked,https://www.cqc.org.uk/location/1-550093529,First-party employer identity verified; manual review remains required before import.
212235,Honeypot Medical Centre,honeypot medical centre,Stanmore,Middlesex,,Healthcare,Worker,Skilled Worker,A rating,,,,,,,,none,,,none,,,,,,CQC provider_name/high lead,https://www.cqc.org.uk/location/1-545916699,employer identity was not corroborated on the candidate website
212327,Hope Physiotherapy Clinic Ltd,hope physiotherapy clinic ltd,Lee on the Solent,Hampshire,South East,Healthcare,Worker,Skilled Worker,A rating,,,,,,,,none,,,none,,,,,,SponsorList public directory lead,https://sponsorlist.co.uk/sponsors/hope-physiotherapy-clinic-ltd/,no unambiguous CQC name/location match; employer identity was not corroborated on the candidate website
